strategy,n_families,precision_macro,precision_median,precision_weighted,recall_macro,recall_median,recall_weighted,specificity_macro,specificity_median,specificity_weighted,npv_macro,npv_median,npv_weighted,fpr_macro,fpr_median,fpr_weighted,fnr_macro,fnr_median,fnr_weighted,f1_macro,f1_median,f1_weighted,f2_macro,f2_median,f2_weighted,mcc_macro,mcc_median,mcc_weighted,accuracy_macro,accuracy_median,accuracy_weighted,balanced_accuracy_macro,balanced_accuracy_median,balanced_accuracy_weighted,roc_auc_macro,roc_auc_median,roc_auc_weighted,pr_auc_macro,pr_auc_median,pr_auc_weighted
tool:bandit,23,0.4009677527239097,0.3799131877967416,0.3940862323563345,0.11758207181297928,0.023762376237623763,0.1531362398689643,0.9882651656375576,0.9997058548349216,0.968139127934659,0.9685381806387947,0.9768006580237231,0.9284570300598679,0.011734834362442383,0.0002941451650783528,0.03186087206534095,0.8824179281870207,0.9762376237623762,0.8468637601310357,0.21154779775587704,0.17424242424242425,0.2135663784317984,0.20791422286397745,0.11653116531165313,0.20056153057360304,0.2203757169846316,0.19286153924832178,0.1927923864945032,0.9591307139926515,0.9768006580237231,0.905295355456209,0.5529236187252683,0.5108032875499727,0.5606376839018116,0.5529236187252684,0.5108032875499728,0.5606376839018116,0.08103730241133737,0.04353436859444493,0.137839367587962
tool:codeql,23,0.35187695816915915,0.2333333333333333,0.3730045023327151,0.06387275686352693,0.03333333333333333,0.09257801544699439,0.9819201561997117,0.9968053872375371,0.9624285355654897,0.9661072923114276,0.9768006580237231,0.921141679123146,0.018079843800288365,0.0031946127624629048,0.03757146443451022,0.9361272431364732,0.9666666666666666,0.9074219845530056,0.11829969553758796,0.11673520913224514,0.12918433650541897,0.09861336662086295,0.08795228699487849,0.1066662153979887,0.11238915580706126,0.10539070494466878,0.1092312791432587,0.9508249875982658,0.9706187986349724,0.8925352035542616,0.5228964565316193,0.5153657347755605,0.5275032755062421,0.5228964565316193,0.5153657347755605,0.5275032755062421,0.05328988312238932,0.0325427324574041,0.09940086019423022
tool:pylint,23,0.14346176054188622,0.1416285632176043,0.2639965138982207,0.009068023309711733,0.0,0.03685993724678044,0.9914902818817007,1.0,0.9841005740550443,0.9649311548519689,0.9767044663167088,0.9191951934728403,0.0085097181182992,0.0,0.015899425944955782,0.9909319766902883,1.0,0.9631400627532195,0.14743470218626795,0.14743470218626795,0.1446924065859129,0.11782367775759614,0.11782367775759614,0.11519667837202344,0.03947580642508222,0.027037212663809377,0.0826563986996307,0.9576273811995586,0.9679145347460121,0.9081093796607842,0.5002791525957062,0.5,0.5104802556509124,0.5002791525957062,0.5,0.5104802556509124,0.0320416177731949,0.017079166332417912,0.07981251795561763
tool:semgrep,23,0.18699355425044176,0.1799122807017544,0.30399626016068676,0.07619573200983965,0.0,0.1039678754378727,0.9906062078244523,0.9973685594350442,0.9822002819745428,0.9672088416869613,0.9768006580237231,0.9250383067558734,0.009393792175547644,0.0026314405649558053,0.017799718025457403,0.9238042679901604,1.0,0.8960321245621272,0.18797836174049729,0.15115906346196664,0.17627544459460506,0.1807523555950842,0.14095214288163618,0.15614775950253104,0.10818527986814858,0.0774499271693169,0.13320144448178495,0.9592122361455853,0.967729341780944,0.9123488140791204,0.533400969917146,0.5,0.5430840787062077,0.533400969917146,0.5,0.5430840787062077,0.059669263945341895,0.03919513409412095,0.12024313977149358
or_1_of_4,23,0.21897864149216326,0.19666666666666668,0.30769262753763427,0.1845079332705198,0.14277831872768582,0.2524244414360259,0.9609688300486673,0.9787226621005857,0.9230128773284996,0.9706715342742881,0.9767044663167088,0.9342589648084381,0.039031169951332656,0.02127733789941435,0.07698712267150042,0.8154920667294803,0.8572216812723141,0.7475755585639742,0.20314983919942267,0.18772282316146166,0.23973807266538114,0.2188303666261879,0.16761889788649725,0.24944629548494227,0.13923753989267365,0.11845410008182712,0.17677518259242042,0.9369977225242149,0.966599158392906,0.8752830465983502,0.5727383816595937,0.5491077383590323,0.5877186593822626,0.5727383816595938,0.5491077383590323,0.5877186593822628,0.08813702617903178,0.04586443941076083,0.14877118155772534
traditional_2_of_4,23,0.42214708582788396,0.42410491446811704,0.42331244342649305,0.06467449247743927,0.006521739130434782,0.09976745934400627,0.9936375409330013,0.9989600881005026,0.9824729844560006,0.9670301336860616,0.9768006580237231,0.9248824540947015,0.0063624590669986774,0.001039911899497438,0.017527015543999273,0.9353255075225606,0.9934782608695653,0.9002325406559937,0.1676431523234032,0.10780527252049793,0.17212638669721866,0.14104845602325256,0.07374126265138434,0.1412665035916817,0.17493294470411103,0.13681248639372626,0.16909586481572775,0.9620831151884847,0.9768006580237231,0.9129873337505601,0.5291560167052204,0.5,0.5411202219000035,0.5732689223054266,0.549372818868372,0.5893980402418089,0.09460865377835702,0.053573538697147836,0.1545480220041146
weighted_fire_ppv_silence_npv_tau_0_1,23,0.3465512183738894,0.3272175536881419,0.3806822349594282,0.14601152995425568,0.038181818181818185,0.20455359352406757,0.9834362578099195,0.9980466309424916,0.9524599985090145,0.969908024187043,0.9768006580237231,0.9320848693154528,0.016563742190080357,0.001953369057508386,0.04754000149098541,0.8539884700457444,0.9618181818181817,0.7954464064759325,0.23173874074012457,0.18929422257660866,0.24087844443447748,0.23477423507186782,0.16732480204861555,0.2347686648301819,0.20652745064766506,0.17296177509750457,0.1999214945840632,0.956704159529444,0.9679145347460121,0.8971514845114059,0.5647238938820875,0.5188550600343053,0.578506796016541,0.5770125533683887,0.5499133130465876,0.5908199141860105,0.09946119812304074,0.057350966150562434,0.16351615870298478
weighted_fire_ppv_silence_npv_tau_0_2,23,0.4626512511189832,0.4378352211631108,0.4577322143899406,0.10314192231265187,0.006521739130434782,0.11455628764344561,0.993428273727411,0.9999032882011605,0.9819227768823455,0.967540479616491,0.9768006580237231,0.9251744028760472,0.006571726272588963,9.671179883945841e-05,0.018077223117654518,0.896858077687348,0.9934782608695653,0.8854437123565544,0.20160371520509276,0.12759198661033747,0.1785707750738723,0.18789967132717716,0.08934985223941143,0.15088838219013445,0.21007892861692365,0.16297701282496935,0.17151814070916757,0.9624223865390289,0.9768006580237231,0.9127733027980799,0.5482850980200316,0.5023255813953489,0.5482395322628956,0.5770125533683887,0.5499133130465876,0.5908199141860105,0.09946119812304074,0.057350966150562434,0.16351615870298478
weighted_fire_ppv_silence_npv_tau_0_3,23,0.4713711193989072,0.4605311438109327,0.4953218081971225,0.07228600183652088,0.006521739130434782,0.0929437672628496,0.9953688727925133,0.9999032882011605,0.9870446585402045,0.9669461316053498,0.9768006580237231,0.924345581254708,0.004631127207486571,9.671179883945841e-05,0.012955341459795489,0.927713998163479,0.9934782608695653,0.9070562327371503,0.16345275513095656,0.10260364616415407,0.15473007225559027,0.1417203172584523,0.07104299729485189,0.1263331208287676,0.17917856804108231,0.13132324380538318,0.1616201816591306,0.9634063710615081,0.9768006580237231,0.9156708444536519,0.5338274373145172,0.5023255813953489,0.5399942129015269,0.5770125533683887,0.5499133130465876,0.5908199141860105,0.09946119812304074,0.057350966150562434,0.16351615870298478
weighted_fire_ppv_silence_npv_tau_0_4,23,0.4864177859340903,0.4345673408716887,0.4717095533491539,0.06137665919986444,0.004651162790697674,0.05642130866639916,0.9961673607103513,1.0,0.9901774076922261,0.9658258374569957,0.9768006580237231,0.919769043224132,0.0038326392896486294,0.0,0.009822592307773825,0.9386233408001357,0.9953488372093023,0.9435786913336007,0.14157187800677223,0.10148132868721102,0.10168208118152339,0.12199254644245064,0.06994536011548635,0.07954863580320441,0.17022782259483712,0.12713765422937867,0.11626285678217586,0.9627871511733067,0.9768006580237231,0.9129756736487383,0.5287720099551079,0.5011146809313216,0.5232993581793126,0.5770125533683887,0.5499133130465876,0.5908199141860105,0.09946119812304074,0.057350966150562434,0.16351615870298478
weighted_fire_ppv_silence_npv_tau_0_5,23,0.4798703326957088,0.3881004033670358,0.4615411169810979,0.03640238402170037,0.002662236987818383,0.0403739965628764,0.9967884564834611,1.0,0.9911611567408198,0.965300271845261,0.9768006580237231,0.9191840306283231,0.003211543516538854,0.0,0.008838843259180298,0.9635976159782996,0.9973377630121816,0.9596260034371237,0.11182659728967619,0.10395715314212459,0.08792967287081643,0.08752935863869656,0.07150539155188103,0.06584212479330187,0.1416089464959708,0.1273158993978944,0.09835546332882174,0.962799947921338,0.9768006580237231,0.9131816778137843,0.5165954202525808,0.5,0.515767576651848,0.5770125533683887,0.5499133130465876,0.5908199141860105,0.09946119812304074,0.057350966150562434,0.16351615870298478
weighted_fire_ppv_silence_npv_tau_0_6,23,0.42444109524880835,0.37255602240896357,0.3971027989515449,0.02573607858882469,0.0,0.01455241812457631,0.9984452719707564,1.0,0.9983840264597841,0.9646936726921603,0.9768006580237231,0.9169526585984535,0.0015547280292435297,0.0,0.0016159735402158668,0.9742639214111753,1.0,0.9854475818754237,0.09497225317140343,0.08774086170486467,0.053655215534758084,0.07547749890743802,0.06011101163574852,0.03816439389012317,0.12654767597039057,0.1273158993978944,0.07659598534908396,0.9632748584088595,0.9768006580237231,0.9156589700878445,0.5120906752797907,0.5,0.5064682222921802,0.5770125533683887,0.5499133130465876,0.5908199141860105,0.09946119812304074,0.057350966150562434,0.16351615870298478
weighted_fire_ppv_silence_npv_tau_0_7,23,0.42444109524880835,0.37255602240896357,0.3971027989515449,0.02573607858882469,0.0,0.01455241812457631,0.9984452719707564,1.0,0.9983840264597841,0.9646936726921603,0.9768006580237231,0.9169526585984535,0.0015547280292435297,0.0,0.0016159735402158668,0.9742639214111753,1.0,0.9854475818754237,0.09497225317140343,0.08774086170486467,0.053655215534758084,0.07547749890743802,0.06011101163574852,0.03816439389012317,0.12654767597039057,0.1273158993978944,0.07659598534908396,0.9632748584088595,0.9768006580237231,0.9156589700878445,0.5120906752797907,0.5,0.5064682222921802,0.5770125533683887,0.5499133130465876,0.5908199141860105,0.09946119812304074,0.057350966150562434,0.16351615870298478
weighted_fire_ppv_silence_npv_tau_0_8,23,0.42444109524880835,0.37255602240896357,0.3971027989515449,0.02573607858882469,0.0,0.01455241812457631,0.9984452719707564,1.0,0.9983840264597841,0.9646936726921603,0.9768006580237231,0.9169526585984535,0.0015547280292435297,0.0,0.0016159735402158668,0.9742639214111753,1.0,0.9854475818754237,0.09497225317140343,0.08774086170486467,0.053655215534758084,0.07547749890743802,0.06011101163574852,0.03816439389012317,0.12654767597039057,0.1273158993978944,0.07659598534908396,0.9632748584088595,0.9768006580237231,0.9156589700878445,0.5120906752797907,0.5,0.5064682222921802,0.5770125533683887,0.5499133130465876,0.5908199141860105,0.09946119812304074,0.057350966150562434,0.16351615870298478
weighted_fire_ppv_silence_npv_tau_0_9,23,0.42444109524880835,0.37255602240896357,0.3971027989515449,0.02573607858882469,0.0,0.01455241812457631,0.9984452719707564,1.0,0.9983840264597841,0.9646936726921603,0.9768006580237231,0.9169526585984535,0.0015547280292435297,0.0,0.0016159735402158668,0.9742639214111753,1.0,0.9854475818754237,0.09497225317140343,0.08774086170486467,0.053655215534758084,0.07547749890743802,0.06011101163574852,0.03816439389012317,0.12654767597039057,0.1273158993978944,0.07659598534908396,0.9632748584088595,0.9768006580237231,0.9156589700878445,0.5120906752797907,0.5,0.5064682222921802,0.5770125533683887,0.5499133130465876,0.5908199141860105,0.09946119812304074,0.057350966150562434,0.16351615870298478
weighted_fire_specificity_silence_sensitivity_tau_0_1,23,0.192214702586655,0.19666666666666668,0.2798218289305736,0.18438190932597037,0.14277831872768582,0.2523103460377637,0.9609728354158594,0.9787226621005857,0.9230130345357443,0.9706676002436044,0.9767044663167088,0.9342553983629412,0.03902716458414063,0.02127733789941435,0.07698696546425567,0.8156180906740297,0.8572216812723141,0.7476896539622363,0.21341915747165763,0.1889451489313563,0.2487150549551597,0.23064094457383158,0.1740591089007945,0.2592832448488898,0.14689556012654167,0.13643067423557254,0.1794851937403226,0.9369976532710187,0.966599158392906,0.8752795196473941,0.5726773723709149,0.5491077383590323,0.587661690286754,0.57305903526964,0.5499145529414445,0.5891858738535344,0.09751909114906676,0.05777831657791286,0.15813446426655528
weighted_fire_specificity_silence_sensitivity_tau_0_2,23,0.192214702586655,0.19666666666666668,0.2798218289305736,0.18438190932597037,0.14277831872768582,0.2523103460377637,0.9609728354158594,0.9787226621005857,0.9230130345357443,0.9706676002436044,0.9767044663167088,0.9342553983629412,0.03902716458414063,0.02127733789941435,0.07698696546425567,0.8156180906740297,0.8572216812723141,0.7476896539622363,0.21341915747165763,0.1889451489313563,0.2487150549551597,0.23064094457383158,0.1740591089007945,0.2592832448488898,0.14689556012654167,0.13643067423557254,0.1794851937403226,0.9369976532710187,0.966599158392906,0.8752795196473941,0.5726773723709149,0.5491077383590323,0.587661690286754,0.57305903526964,0.5499145529414445,0.5891858738535344,0.09751909114906676,0.05777831657791286,0.15813446426655528
weighted_fire_specificity_silence_sensitivity_tau_0_3,23,0.192214702586655,0.19666666666666668,0.2798218289305736,0.18438190932597037,0.14277831872768582,0.2523103460377637,0.9609728354158594,0.9787226621005857,0.9230130345357443,0.9706676002436044,0.9767044663167088,0.9342553983629412,0.03902716458414063,0.02127733789941435,0.07698696546425567,0.8156180906740297,0.8572216812723141,0.7476896539622363,0.21341915747165763,0.1889451489313563,0.2487150549551597,0.23064094457383158,0.1740591089007945,0.2592832448488898,0.14689556012654167,0.13643067423557254,0.1794851937403226,0.9369976532710187,0.966599158392906,0.8752795196473941,0.5726773723709149,0.5491077383590323,0.587661690286754,0.57305903526964,0.5499145529414445,0.5891858738535344,0.09751909114906676,0.05777831657791286,0.15813446426655528
weighted_fire_specificity_silence_sensitivity_tau_0_4,23,0.192214702586655,0.19666666666666668,0.2798218289305736,0.18438190932597037,0.14277831872768582,0.2523103460377637,0.9609728354158594,0.9787226621005857,0.9230130345357443,0.9706676002436044,0.9767044663167088,0.9342553983629412,0.03902716458414063,0.02127733789941435,0.07698696546425567,0.8156180906740297,0.8572216812723141,0.7476896539622363,0.21341915747165763,0.1889451489313563,0.2487150549551597,0.23064094457383158,0.1740591089007945,0.2592832448488898,0.14689556012654167,0.13643067423557254,0.1794851937403226,0.9369976532710187,0.966599158392906,0.8752795196473941,0.5726773723709149,0.5491077383590323,0.587661690286754,0.57305903526964,0.5499145529414445,0.5891858738535344,0.09751909114906676,0.05777831657791286,0.15813446426655528
weighted_fire_specificity_silence_sensitivity_tau_0_5,23,0.1966709119001669,0.19666666666666668,0.2816314865981678,0.1827926471388821,0.14277831872768582,0.2516325139627473,0.9613528533543108,0.9806759231851465,0.9231751149966378,0.9706443326634645,0.9767044663167088,0.9342454745679534,0.038647146645689225,0.01932407681485353,0.07682488500336211,0.817207352861118,0.8572216812723141,0.7483674860372527,0.21772999036844967,0.1889451489313563,0.2501827190363749,0.23240149247027553,0.1740591089007945,0.25988264013345136,0.1494892684721778,0.13643067423557254,0.18053849349914483,0.9373475683325677,0.966599158392906,0.8754287610086849,0.5720727502465965,0.5491077383590323,0.5874038144796926,0.57305903526964,0.5499145529414445,0.5891858738535344,0.09751909114906676,0.05777831657791286,0.15813446426655528
weighted_fire_specificity_silence_sensitivity_tau_0_6,23,0.19796524758302472,0.19666666666666668,0.2860257511669029,0.17674091118286323,0.14277831872768582,0.24627744006800406,0.9622901492404574,0.9806759231851465,0.9267851197232475,0.9705311923948645,0.9767044663167088,0.934073864452185,0.03770985075954267,0.01932407681485353,0.07321488027675248,0.8232590888171368,0.8572216812723141,0.753722559931996,0.21609235948466315,0.1889451489313563,0.2508555267392179,0.22745428653075647,0.1740591089007945,0.25711684838679266,0.1478681404494249,0.13643067423557254,0.18211727153597035,0.9379651710281999,0.966599158392906,0.877964399065446,0.5695155302116603,0.5491077383590323,0.5865312798956257,0.57305903526964,0.5499145529414445,0.5891858738535344,0.09751909114906676,0.05777831657791286,0.15813446426655528
weighted_fire_specificity_silence_sensitivity_tau_0_7,23,0.20084464542799893,0.19666666666666668,0.29873131561343674,0.1693759709996707,0.14277831872768582,0.21555714345259253,0.9652965681753163,0.9806759231851465,0.9399614589789146,0.969738542568483,0.9767044663167088,0.9306229950870558,0.03470343182468375,0.01932407681485353,0.06003854102108538,0.8306240290003294,0.8572216812723141,0.7844428565474074,0.21210804541587733,0.1889451489313563,0.23795496300848762,0.21978092051319753,0.1740591089007945,0.23164185955038166,0.14631443897357568,0.13643067423557254,0.17673332252387253,0.9394026233202066,0.9665972579994382,0.8842798593999616,0.5673362695874935,0.5491077383590323,0.5777593012157536,0.57305903526964,0.5499145529414445,0.5891858738535344,0.09751909114906676,0.05777831657791286,0.15813446426655528
weighted_fire_specificity_silence_sensitivity_tau_0_8,23,0.22365840252181104,0.19666666666666668,0.3255451512114598,0.15472281149377726,0.13272727272727275,0.17688349970528763,0.9706905368661336,0.9830442573102884,0.9581086687711895,0.9689269261070674,0.9767044663167088,0.9278068964056487,0.02930946313386656,0.01695574268971159,0.04189133122881066,0.8452771885062229,0.8672727272727274,0.8231165002947124,0.2074976886386702,0.186500497391567,0.2143452101933189,0.2056242545678436,0.16117868687219997,0.19642205459780585,0.1490605487898312,0.11391859688395536,0.17165889601510698,0.9427601542702747,0.9676343299044596,0.8949097628177999,0.5627066741799555,0.5332718061837133,0.5674960842382386,0.57305903526964,0.5499145529414445,0.5891858738535344,0.09751909114906676,0.05777831657791286,0.15813446426655528
weighted_fire_specificity_silence_sensitivity_tau_0_9,23,0.24802345355247943,0.19666666666666668,0.3692107500337785,0.14695916296377287,0.12826086956521737,0.1602715443391011,0.9744646342788588,0.9845308090535095,0.9686321914552535,0.9686499155025929,0.9767044663167088,0.9271939311214473,0.02553536572114135,0.015469190946490543,0.031367808544746585,0.8530408370362272,0.8717391304347826,0.8397284556608989,0.204815586472207,0.16879294270376435,0.20798192287288747,0.1988213996421055,0.15581101262163982,0.18284397911385156,0.152791486711325,0.13681248639372626,0.18062445367313035,0.9455680917483882,0.9676343299044596,0.9023117465779876,0.5607118986213158,0.5319540269749561,0.5644518678971773,0.57305903526964,0.5499145529414445,0.5891858738535344,0.09751909114906676,0.05777831657791286,0.15813446426655528
weighted_fire_fpr_silence_fnr_tau_0_1,23,0.311696049805737,0.2333333333333333,0.38388388758765857,0.0361680097393948,0.0,0.04344707043045777,0.9838928625274344,0.999072546205596,0.9829038951452275,0.9651073811197337,0.9767044663167088,0.9190300202199804,0.016107137472565605,0.0009274537944038809,0.017096104854772646,0.9638319902606051,1.0,0.9565529295695422,0.1047677397219986,0.0949074074074074,0.09014699914596556,0.08695096340630598,0.06977308655886666,0.07112809623270533,0.08960092397453205,0.08186377034645638,0.08515641122884783,0.9503090270153519,0.9679145347460121,0.9054564729074797,0.5100304361334147,0.5,0.5131754827878425,0.5728199399426948,0.5499145529414445,0.5887033591793318,0.09434502810314789,0.05777831657791286,0.15519623252450532
weighted_fire_fpr_silence_fnr_tau_0_2,23,0.3045568480802145,0.2126971841368126,0.3802499776643323,0.027756257198880002,0.0,0.023427644220652084,0.9916087690475067,0.999072546205596,0.9961169114002759,0.9648971311904286,0.9767044663167088,0.9179208774060555,0.008391230952493311,0.0009274537944038809,0.0038830885997241504,0.9722437428011201,1.0,0.9765723557793478,0.10255732191927555,0.09866567128616417,0.08126868133631336,0.08098066523107386,0.06817217082735597,0.05819868759650771,0.09221000734743613,0.09883110618570148,0.09184127251487051,0.9568377010271243,0.9679145347460121,0.9150771950224622,0.5096825131231933,0.5,0.509772277810464,0.5728199399426948,0.5499145529414445,0.5887033591793318,0.09434502810314789,0.05777831657791286,0.15519623252450532
weighted_fire_fpr_silence_fnr_tau_0_3,23,0.30317221089200597,0.2126971841368126,0.37361038530488067,0.02573607858882469,0.0,0.01455241812457631,0.992019791734491,0.999072546205596,0.9979226523676556,0.9646759302886893,0.9767044663167088,0.9169490781771051,0.007980208265509124,0.0009274537944038809,0.0020773476323443633,0.9742639214111753,1.0,0.9854475818754237,0.09497225317140343,0.08774086170486467,0.053655215534758084,0.07547749890743802,0.06011101163574852,0.03816439389012317,0.08796172279078465,0.06909311428914115,0.07146995942049075,0.9568659136441171,0.9679145347460121,0.9152011411692668,0.5088779351616578,0.5,0.506237535246116,0.5728199399426948,0.5499145529414445,0.5887033591793318,0.09434502810314789,0.05777831657791286,0.15519623252450532
weighted_fire_fpr_silence_fnr_tau_0_4,23,0.30317221089200597,0.2126971841368126,0.37361038530488067,0.02573607858882469,0.0,0.01455241812457631,0.992019791734491,0.999072546205596,0.9979226523676556,0.9646759302886893,0.9767044663167088,0.9169490781771051,0.007980208265509124,0.0009274537944038809,0.0020773476323443633,0.9742639214111753,1.0,0.9854475818754237,0.09497225317140343,0.08774086170486467,0.053655215534758084,0.07547749890743802,0.06011101163574852,0.03816439389012317,0.08796172279078465,0.06909311428914115,0.07146995942049075,0.9568659136441171,0.9679145347460121,0.9152011411692668,0.5088779351616578,0.5,0.506237535246116,0.5728199399426948,0.5499145529414445,0.5887033591793318,0.09434502810314789,0.05777831657791286,0.15519623252450532
weighted_fire_fpr_silence_fnr_tau_0_5,23,0.30317221089200597,0.2126971841368126,0.37361038530488067,0.02573607858882469,0.0,0.01455241812457631,0.992019791734491,0.999072546205596,0.9979226523676556,0.9646759302886893,0.9767044663167088,0.9169490781771051,0.007980208265509124,0.0009274537944038809,0.0020773476323443633,0.9742639214111753,1.0,0.9854475818754237,0.09497225317140343,0.08774086170486467,0.053655215534758084,0.07547749890743802,0.06011101163574852,0.03816439389012317,0.08796172279078465,0.06909311428914115,0.07146995942049075,0.9568659136441171,0.9679145347460121,0.9152011411692668,0.5088779351616578,0.5,0.506237535246116,0.5728199399426948,0.5499145529414445,0.5887033591793318,0.09434502810314789,0.05777831657791286,0.15519623252450532
weighted_fire_fpr_silence_fnr_tau_0_6,23,0.30317221089200597,0.2126971841368126,0.37361038530488067,0.02573607858882469,0.0,0.01455241812457631,0.992019791734491,0.999072546205596,0.9979226523676556,0.9646759302886893,0.9767044663167088,0.9169490781771051,0.007980208265509124,0.0009274537944038809,0.0020773476323443633,0.9742639214111753,1.0,0.9854475818754237,0.09497225317140343,0.08774086170486467,0.053655215534758084,0.07547749890743802,0.06011101163574852,0.03816439389012317,0.08796172279078465,0.06909311428914115,0.07146995942049075,0.9568659136441171,0.9679145347460121,0.9152011411692668,0.5088779351616578,0.5,0.506237535246116,0.5728199399426948,0.5499145529414445,0.5887033591793318,0.09434502810314789,0.05777831657791286,0.15519623252450532
weighted_fire_fpr_silence_fnr_tau_0_7,23,0.30317221089200597,0.2126971841368126,0.37361038530488067,0.02573607858882469,0.0,0.01455241812457631,0.992019791734491,0.999072546205596,0.9979226523676556,0.9646759302886893,0.9767044663167088,0.9169490781771051,0.007980208265509124,0.0009274537944038809,0.0020773476323443633,0.9742639214111753,1.0,0.9854475818754237,0.09497225317140343,0.08774086170486467,0.053655215534758084,0.07547749890743802,0.06011101163574852,0.03816439389012317,0.08796172279078465,0.06909311428914115,0.07146995942049075,0.9568659136441171,0.9679145347460121,0.9152011411692668,0.5088779351616578,0.5,0.506237535246116,0.5728199399426948,0.5499145529414445,0.5887033591793318,0.09434502810314789,0.05777831657791286,0.15519623252450532
weighted_fire_fpr_silence_fnr_tau_0_8,23,0.30317221089200597,0.2126971841368126,0.37361038530488067,0.02573607858882469,0.0,0.01455241812457631,0.992019791734491,0.999072546205596,0.9979226523676556,0.9646759302886893,0.9767044663167088,0.9169490781771051,0.007980208265509124,0.0009274537944038809,0.0020773476323443633,0.9742639214111753,1.0,0.9854475818754237,0.09497225317140343,0.08774086170486467,0.053655215534758084,0.07547749890743802,0.06011101163574852,0.03816439389012317,0.08796172279078465,0.06909311428914115,0.07146995942049075,0.9568659136441171,0.9679145347460121,0.9152011411692668,0.5088779351616578,0.5,0.506237535246116,0.5728199399426948,0.5499145529414445,0.5887033591793318,0.09434502810314789,0.05777831657791286,0.15519623252450532
weighted_fire_fpr_silence_fnr_tau_0_9,23,0.30317221089200597,0.2126971841368126,0.37361038530488067,0.02573607858882469,0.0,0.01455241812457631,0.992019791734491,0.999072546205596,0.9979226523676556,0.9646759302886893,0.9767044663167088,0.9169490781771051,0.007980208265509124,0.0009274537944038809,0.0020773476323443633,0.9742639214111753,1.0,0.9854475818754237,0.09497225317140343,0.08774086170486467,0.053655215534758084,0.07547749890743802,0.06011101163574852,0.03816439389012317,0.08796172279078465,0.06909311428914115,0.07146995942049075,0.9568659136441171,0.9679145347460121,0.9152011411692668,0.5088779351616578,0.5,0.506237535246116,0.5728199399426948,0.5499145529414445,0.5887033591793318,0.09434502810314789,0.05777831657791286,0.15519623252450532
dst_dempster_fire_ppv_silence_npv_tau_0_1,23,0.3609130063445384,0.3036396190533103,0.44972781508335047,0.03564353334543984,0.002662236987818383,0.044472482512236136,0.9900265547395182,0.9989600881005026,0.9898335833811428,0.9653847315777542,0.9767044663167088,0.9195584524395711,0.009973445260481712,0.001039911899497438,0.010166416618857354,0.96435646665456,0.9973377630121816,0.9555275174877639,0.10763525513377893,0.10780527252049793,0.0936725978158803,0.08457843381230017,0.07374126265138434,0.0700486266670388,0.1016200433334596,0.11121614744867582,0.10198839101777435,0.9562312219899635,0.9679145347460121,0.9124291137809989,0.5128350440424791,0.5,0.5171530329466894,0.5737342888640145,0.5499133130465876,0.5905509122508089,0.09950786343780443,0.057350966150562434,0.1634423729702133
dst_dempster_fire_ppv_silence_npv_tau_0_2,23,0.35873404973975054,0.3036396190533103,0.44989072368872524,0.03213659733023905,0.002662236987818383,0.04014615312025844,0.9901814515647327,0.9989600881005026,0.9902073632867902,0.9652526434241192,0.9767044663167088,0.9193119552725398,0.009818548435267303,0.001039911899497438,0.009792636713210155,0.9678634026697609,0.9973377630121816,0.9598538468797416,0.09825939826572035,0.08774086170486467,0.08648037726880153,0.07753056136130519,0.06011101163574852,0.06480436352011565,0.09367278515707961,0.0932383551160976,0.09324293902897733,0.9562196781069418,0.9679145347460121,0.9124703543631992,0.511159024447486,0.5,0.5151767582035242,0.5737342888640145,0.5499133130465876,0.5905509122508089,0.09950786343780443,0.057350966150562434,0.1634423729702133
dst_dempster_fire_ppv_silence_npv_tau_0_3,23,0.3540220950965409,0.28809523809523807,0.4389652179512987,0.030973708868741016,0.002662236987818383,0.03696375794785963,0.9903752606462363,0.999072546205596,0.9907063720618287,0.9651637434153085,0.9767044663167088,0.9190560208835975,0.009624739353763668,0.0009274537944038809,0.009293627938171449,0.9690262911312589,0.9973377630121816,0.9630362420521404,0.09529658816580903,0.08774086170486467,0.08098126681834747,0.07531429952502493,0.06011101163574852,0.060662335483072025,0.09088180452743032,0.09247364141629028,0.08668726858550752,0.9562808214858345,0.9679145347460121,0.9125979099958346,0.5106744847574887,0.5,0.5138350650048441,0.5737342888640145,0.5499133130465876,0.5905509122508089,0.09950786343780443,0.057350966150562434,0.1634423729702133
dst_dempster_fire_ppv_silence_npv_tau_0_4,23,0.3520057752109172,0.2333333333333333,0.45744054212001883,0.026611180904776346,0.0,0.017850919391368708,0.991837231081116,0.999072546205596,0.9971206108714805,0.9647544650643126,0.9767044663167088,0.9172632706934127,0.008162768918884095,0.0009274537944038809,0.0028793891285197014,0.9733888190952237,1.0,0.9821490806086314,0.09069881358375174,0.08057431600232194,0.05786193661293977,0.07159382773563809,0.053650768175651786,0.0410841725866814,0.09039881733377787,0.08186377034645638,0.08164164981520583,0.9568294273340483,0.9679145347460121,0.9150080694934041,0.5092242059929462,0.5,0.5074857651314246,0.5737342888640145,0.5499133130465876,0.5905509122508089,0.09950786343780443,0.057350966150562434,0.1634423729702133
dst_dempster_fire_ppv_silence_npv_tau_0_5,23,0.34962739683253885,0.2333333333333333,0.4466459017416696,0.025938303057985456,0.0,0.014894773337953032,0.992019791734491,0.999072546205596,0.9979226523676556,0.9646873486073575,0.9767044663167088,0.9169684087800748,0.007980208265509124,0.0009274537944038809,0.0020773476323443633,0.9740616969420145,1.0,0.9851052266620468,0.088425637725351,0.08057431600232194,0.049878805803127445,0.0699330080608057,0.053650768175651786,0.03525156589824649,0.08896984210380729,0.08186377034645638,0.07515602336597009,0.9568780516705288,0.9679145347460121,0.9152216901989632,0.5089790473962382,0.5,0.5064087128528044,0.5737342888640145,0.5499133130465876,0.5905509122508089,0.09950786343780443,0.057350966150562434,0.1634423729702133
dst_dempster_fire_ppv_silence_npv_tau_0_6,23,0.5623169703819859,0.44987012987012986,0.5195142633781263,0.015364894110285392,0.0,0.012507211714896526,0.9992636043959745,1.0,0.998961220172438,0.9646398423466058,0.9768006580237231,0.9169643527703397,0.0007363956040254731,0.0,0.0010387798275620546,0.9846351058897145,1.0,0.9874927882851035,0.08441212072328887,0.08057431600232194,0.04996004311267176,0.05964359103444382,0.053650768175651786,0.03394514140597156,0.13234131377949038,0.11934878241122748,0.08659424595726754,0.9639992342327252,0.9768006580237231,0.9162054483048344,0.50731424925313,0.5,0.5057342159436673,0.5737342888640145,0.5499133130465876,0.5905509122508089,0.09950786343780443,0.057350966150562434,0.1634423729702133
dst_dempster_fire_ppv_silence_npv_tau_0_7,23,0.5623169703819859,0.44987012987012986,0.5195142633781263,0.015364894110285392,0.0,0.012507211714896526,0.9992636043959745,1.0,0.998961220172438,0.9646398423466058,0.9768006580237231,0.9169643527703397,0.0007363956040254731,0.0,0.0010387798275620546,0.9846351058897145,1.0,0.9874927882851035,0.08441212072328887,0.08057431600232194,0.04996004311267176,0.05964359103444382,0.053650768175651786,0.03394514140597156,0.13234131377949038,0.11934878241122748,0.08659424595726754,0.9639992342327252,0.9768006580237231,0.9162054483048344,0.50731424925313,0.5,0.5057342159436673,0.5737342888640145,0.5499133130465876,0.5905509122508089,0.09950786343780443,0.057350966150562434,0.1634423729702133
dst_dempster_fire_ppv_silence_npv_tau_0_8,23,0.6321806425919652,0.6738095238095239,0.5436499701415031,0.012003910128592027,0.0,0.00955233625833704,0.9994452271589339,1.0,0.9991492215537001,0.9645440647480222,0.9768006580237231,0.9168613739696322,0.0005547728410660037,0.0,0.0008507784463000889,0.987996089871408,1.0,0.990447663741663,0.0837683593221058,0.08057431600232194,0.04499934652216873,0.059555838030321155,0.053650768175651786,0.03049284915750001,0.1414084673225328,0.1352830163845613,0.08295304904639908,0.9640682576895917,0.9768006580237231,0.9162707508950065,0.505724568643763,0.5,0.5043507789060185,0.5737342888640145,0.5499133130465876,0.5905509122508089,0.09950786343780443,0.057350966150562434,0.1634423729702133
dst_dempster_fire_ppv_silence_npv_tau_0_9,23,0.7780692640692641,0.7666666666666666,0.630082367050831,0.00686653159819871,0.0,0.0066026147094163275,0.999803903943182,1.0,0.9993888255160834,0.9644500553409401,0.9768006580237231,0.9167649708217607,0.00019609605681799127,0.0,0.0006111744839165412,0.9931334684018013,1.0,0.9933973852905836,0.08142105756430645,0.08057431600232194,0.0415931631955179,0.05428673661584884,0.053650768175651786,0.027296010242042302,0.16250704595696067,0.1688307931747135,0.09371183063289798,0.9643127654015488,0.9768006580237231,0.9163838676646353,0.5033352177706903,0.5,0.50299572011275,0.5737342888640145,0.5499133130465876,0.5905509122508089,0.09950786343780443,0.057350966150562434,0.1634423729702133
dst_dempster_fire_specificity_silence_sensitivity_tau_0_1,23,0.04921096440924597,0.03208546525398788,0.08936905726311198,0.9714097496706193,1.0,0.9870096873168546,0.059828578255321424,0.0,0.026313690543708763,0.9874202560889932,0.995928967631658,0.977374019987237,0.9401714217446786,1.0,0.973686309456291,0.028590250329380763,0.0,0.012990312683145449,0.0844741636058628,0.062175465692835795,0.15767650876630174,0.15993926327745275,0.14217574028887417,0.2987294779529491,0.47992235782080395,0.47992235782080395,0.479922357820804,0.0941738953127491,0.034236432890848004,0.10908254240586526,0.5156191639629704,0.5,0.5066616889302816,0.5735182314228302,0.5488310847952995,0.5899106612856972,0.09729173576706435,0.05197191419361811,0.15834321040395227
dst_dempster_fire_specificity_silence_sensitivity_tau_0_2,23,0.07374272359599555,0.03238502397880784,0.13398895790859772,0.9329799267356048,1.0,0.8784782721919266,0.1393966743817271,0.0,0.20462240056311612,0.9702927571646324,0.9950155129225214,0.9191403033113509,0.8606033256182731,1.0,0.7953775994368839,0.06702007326439513,0.0,0.12152172780807338,0.10979331163776691,0.06273771022471847,0.19061668858813036,0.17984545984591255,0.1433506581945013,0.29869286578308146,0.41527856256587853,0.47992235782080395,0.3110471485410736,0.16348866784943422,0.036668783098597516,0.24559412953750512,0.5361883005586658,0.5,0.5415503363775214,0.5735182314228302,0.5488310847952995,0.5899106612856972,0.09729173576706435,0.05197191419361811,0.15834321040395227
dst_dempster_fire_specificity_silence_sensitivity_tau_0_3,23,0.08354529787781702,0.034236432890848004,0.13924710782199798,0.904984168517153,1.0,0.8634612073455102,0.18194186193473505,0.0,0.2274438521344964,0.9731264495635837,0.991155212240431,0.9246022637064379,0.8180581380652652,1.0,0.7725561478655035,0.0950158314828469,0.0,0.13653879265448976,0.12075554962649512,0.06620572062208614,0.1964968879188304,0.19015293712267942,0.15055956245821436,0.3042218481903574,0.38107522634473606,0.37942866618558274,0.3080069592710455,0.20468100870773873,0.043027544292074484,0.26768990736991755,0.543463015225944,0.5,0.5454525297400032,0.5735182314228302,0.5488310847952995,0.5899106612856972,0.09729173576706435,0.05197191419361811,0.15834321040395227
dst_dempster_fire_specificity_silence_sensitivity_tau_0_4,23,0.12025529400517351,0.047236760581516546,0.20311541813248066,0.7134877461091298,0.8,0.596359423796705,0.41238181582583006,0.2,0.5565823628590887,0.9657403258225443,0.9775033284979349,0.9252333427490574,0.58761818417417,0.8,0.4434176371409113,0.28651225389087015,0.2,0.40364057620329497,0.14542129467064602,0.07770407020133534,0.22547697991929191,0.1930416178026916,0.15344117179717798,0.2729087442087998,0.21346536827617626,0.16728564374280608,0.20935797558929908,0.4138272723182697,0.2198850069478857,0.5375746758853612,0.56293478096748,0.5009835688996339,0.5764708933278968,0.5735182314228302,0.5488310847952995,0.5899106612856972,0.09729173576706435,0.05197191419361811,0.15834321040395227
dst_dempster_fire_specificity_silence_sensitivity_tau_0_5,23,0.18477493179816662,0.17602153376752921,0.2800177295776727,0.3930775614998835,0.23666666666666666,0.28666757015607996,0.758710867390952,0.9727757309178771,0.8891172918417483,0.965942999630396,0.9678812953935528,0.9327020177152924,0.24128913260904797,0.027224269082122953,0.11088270815825171,0.6069224385001165,0.7633333333333333,0.71333242984392,0.16746064919211687,0.12054754508701876,0.2410863892688586,0.18425262356007213,0.140946016293347,0.25309289211394165,0.18346077086072185,0.15692649305738263,0.18623856860727592,0.7371763610762803,0.9367690235867142,0.8427106722153128,0.5758942144454177,0.5491077383590323,0.5878924309989141,0.5735182314228302,0.5488310847952995,0.5899106612856972,0.09729173576706435,0.05197191419361811,0.15834321040395227
dst_dempster_fire_specificity_silence_sensitivity_tau_0_6,23,0.192214702586655,0.19666666666666668,0.2798218289305736,0.18438190932597037,0.14277831872768582,0.2523103460377637,0.9609728354158594,0.9787226621005857,0.9230130345357443,0.9706676002436044,0.9767044663167088,0.9342553983629412,0.03902716458414063,0.02127733789941435,0.07698696546425567,0.8156180906740297,0.8572216812723141,0.7476896539622363,0.21341915747165763,0.1889451489313563,0.2487150549551597,0.23064094457383158,0.1740591089007945,0.2592832448488898,0.14689556012654167,0.13643067423557254,0.1794851937403226,0.9369976532710187,0.966599158392906,0.8752795196473941,0.5726773723709149,0.5491077383590323,0.587661690286754,0.5735182314228302,0.5488310847952995,0.5899106612856972,0.09729173576706435,0.05197191419361811,0.15834321040395227
dst_dempster_fire_specificity_silence_sensitivity_tau_0_7,23,0.192214702586655,0.19666666666666668,0.2798218289305736,0.18438190932597037,0.14277831872768582,0.2523103460377637,0.9609728354158594,0.9787226621005857,0.9230130345357443,0.9706676002436044,0.9767044663167088,0.9342553983629412,0.03902716458414063,0.02127733789941435,0.07698696546425567,0.8156180906740297,0.8572216812723141,0.7476896539622363,0.21341915747165763,0.1889451489313563,0.2487150549551597,0.23064094457383158,0.1740591089007945,0.2592832448488898,0.14689556012654167,0.13643067423557254,0.1794851937403226,0.9369976532710187,0.966599158392906,0.8752795196473941,0.5726773723709149,0.5491077383590323,0.587661690286754,0.5735182314228302,0.5488310847952995,0.5899106612856972,0.09729173576706435,0.05197191419361811,0.15834321040395227
dst_dempster_fire_specificity_silence_sensitivity_tau_0_8,23,0.192214702586655,0.19666666666666668,0.2798218289305736,0.18438190932597037,0.14277831872768582,0.2523103460377637,0.9609728354158594,0.9787226621005857,0.9230130345357443,0.9706676002436044,0.9767044663167088,0.9342553983629412,0.03902716458414063,0.02127733789941435,0.07698696546425567,0.8156180906740297,0.8572216812723141,0.7476896539622363,0.21341915747165763,0.1889451489313563,0.2487150549551597,0.23064094457383158,0.1740591089007945,0.2592832448488898,0.14689556012654167,0.13643067423557254,0.1794851937403226,0.9369976532710187,0.966599158392906,0.8752795196473941,0.5726773723709149,0.5491077383590323,0.587661690286754,0.5735182314228302,0.5488310847952995,0.5899106612856972,0.09729173576706435,0.05197191419361811,0.15834321040395227
dst_dempster_fire_specificity_silence_sensitivity_tau_0_9,23,0.1987254617025661,0.19666666666666668,0.2902257885892456,0.17758692111063823,0.14277831872768582,0.22876226117176962,0.9638854808149202,0.9806759231851465,0.9343016763898521,0.9700603484902642,0.9767044663167088,0.9316798640086276,0.03611451918507982,0.01932407681485353,0.06569832361014785,0.8224130788893619,0.8572216812723141,0.7712377388282303,0.2156989772096468,0.1889451489313563,0.24306007392128584,0.22744655788783566,0.1740591089007945,0.24250597251008468,0.14876291719327772,0.13643067423557254,0.17750012361627157,0.9386648456070048,0.966599158392906,0.8812159392233537,0.5707362009627793,0.5491077383590323,0.5815319687808109,0.5735182314228302,0.5488310847952995,0.5899106612856972,0.09729173576706435,0.05197191419361811,0.15834321040395227
dst_dempster_fire_fpr_silence_fnr_tau_0_1,23,0.2718672426824233,0.13099172349478347,0.37827633765317265,0.06142424911395174,0.0,0.02262915021879987,0.9484404280438937,0.9989600881005026,0.9891618958582565,0.9633659663431824,0.9723095005313604,0.9163474783124357,0.051559571956106144,0.001039911899497438,0.010838104141743573,0.9385757508860485,1.0,0.9773708497812001,0.07881646248245938,0.07949873992488687,0.052693222011535215,0.061573285433394645,0.053490483088776436,0.03758739732676703,0.07503816328273985,0.05432071966700465,0.0720028926057747,0.9138885362794484,0.9676343299044596,0.906638755746074,0.5049323385789228,0.5,0.5058955230385282,0.5668539492215975,0.5318507397182304,0.5870599243052717,0.0898826288634315,0.04617638770014833,0.15296407988421318
dst_dempster_fire_fpr_silence_fnr_tau_0_2,23,0.30363294297038507,0.1944548872180451,0.3871029623126495,0.02797233870551959,0.0,0.01591683939727403,0.9916895621321679,0.999072546205596,0.9977818070002943,0.9647178743767487,0.9767044663167088,0.917022169455416,0.008310437867832154,0.0009274537944038809,0.002218192999706029,0.9720276612944805,1.0,0.984083160602726,0.09681507661997793,0.08774086170486467,0.055802578094207814,0.07935960519957382,0.06011101163574852,0.04050356552455075,0.08915165077801367,0.0742320922960504,0.07520247614505327,0.9565895787306503,0.9679145347460121,0.9151484439286062,0.5098309504188439,0.5,0.5068493231987841,0.5668539492215975,0.5318507397182304,0.5870599243052717,0.0898826288634315,0.04617638770014833,0.15296407988421318
dst_dempster_fire_fpr_silence_fnr_tau_0_3,23,0.3023713450911401,0.20709112353075199,0.373237562832915,0.02573607858882469,0.0,0.01455241812457631,0.9920032952833988,0.999072546205596,0.9979156165092777,0.9646757177752691,0.9767044663167088,0.9169489875385601,0.007996704716601038,0.0009274537944038809,0.002084383490722474,0.9742639214111753,1.0,0.9854475818754237,0.09465745143595797,0.08774086170486467,0.05354395646520558,0.07538214689103337,0.06011101163574852,0.03813069402309378,0.08763337686849372,0.06909311428914115,0.07131710642280248,0.9568496714016319,0.9679145347460121,0.9151942137327392,0.5088696869361119,0.5,0.5062340173169271,0.5668539492215975,0.5318507397182304,0.5870599243052717,0.0898826288634315,0.04617638770014833,0.15296407988421318
dst_dempster_fire_fpr_silence_fnr_tau_0_4,23,0.30317221089200597,0.2126971841368126,0.37361038530488067,0.02573607858882469,0.0,0.01455241812457631,0.992019791734491,0.999072546205596,0.9979226523676556,0.9646759302886893,0.9767044663167088,0.9169490781771051,0.007980208265509124,0.0009274537944038809,0.0020773476323443633,0.9742639214111753,1.0,0.9854475818754237,0.09497225317140343,0.08774086170486467,0.053655215534758084,0.07547749890743802,0.06011101163574852,0.03816439389012317,0.08796172279078465,0.06909311428914115,0.07146995942049075,0.9568659136441171,0.9679145347460121,0.9152011411692668,0.5088779351616578,0.5,0.506237535246116,0.5668539492215975,0.5318507397182304,0.5870599243052717,0.0898826288634315,0.04617638770014833,0.15296407988421318
dst_dempster_fire_fpr_silence_fnr_tau_0_5,23,0.30317221089200597,0.2126971841368126,0.37361038530488067,0.02573607858882469,0.0,0.01455241812457631,0.992019791734491,0.999072546205596,0.9979226523676556,0.9646759302886893,0.9767044663167088,0.9169490781771051,0.007980208265509124,0.0009274537944038809,0.0020773476323443633,0.9742639214111753,1.0,0.9854475818754237,0.09497225317140343,0.08774086170486467,0.053655215534758084,0.07547749890743802,0.06011101163574852,0.03816439389012317,0.08796172279078465,0.06909311428914115,0.07146995942049075,0.9568659136441171,0.9679145347460121,0.9152011411692668,0.5088779351616578,0.5,0.506237535246116,0.5668539492215975,0.5318507397182304,0.5870599243052717,0.0898826288634315,0.04617638770014833,0.15296407988421318
dst_dempster_fire_fpr_silence_fnr_tau_0_6,23,0.44987012987012986,0.44987012987012986,0.44987012987012986,0.0005955471091746236,0.0,0.0026164098651873086,0.9998747444910743,1.0,0.9994497164973625,0.9643138365149772,0.9768006580237231,0.9166478367787597,0.00012525550892569467,0.0,0.0005502835026374915,0.9994044528908254,1.0,0.9973835901348128,0.02657324768619972,0.02657324768619972,0.02657324768619972,0.016990563438590078,0.016990563438590078,0.016990563438590078,0.056322458231825925,0.056322458231825925,0.05632245823182592,0.9642391649109543,0.9768006580237231,0.9163197829297779,0.5002351458001245,0.5,0.5010330631812749,0.5668539492215975,0.5318507397182304,0.5870599243052717,0.0898826288634315,0.04617638770014833,0.15296407988421318
dst_dempster_fire_fpr_silence_fnr_tau_0_7,23,,,,0.0,0.0,0.0,1.0,1.0,1.0,0.9642512767492208,0.9768006580237231,0.916372993721398,0.0,0.0,0.0,1.0,1.0,1.0,,,,,,,,,,0.9642512767492208,0.9768006580237231,0.916372993721398,0.5,0.5,0.5,0.5668539492215975,0.5318507397182304,0.5870599243052717,0.0898826288634315,0.04617638770014833,0.15296407988421318
dst_dempster_fire_fpr_silence_fnr_tau_0_8,23,,,,0.0,0.0,0.0,1.0,1.0,1.0,0.9642512767492208,0.9768006580237231,0.916372993721398,0.0,0.0,0.0,1.0,1.0,1.0,,,,,,,,,,0.9642512767492208,0.9768006580237231,0.916372993721398,0.5,0.5,0.5,0.5668539492215975,0.5318507397182304,0.5870599243052717,0.0898826288634315,0.04617638770014833,0.15296407988421318
dst_dempster_fire_fpr_silence_fnr_tau_0_9,23,,,,0.0,0.0,0.0,1.0,1.0,1.0,0.9642512767492208,0.9768006580237231,0.916372993721398,0.0,0.0,0.0,1.0,1.0,1.0,,,,,,,,,,0.9642512767492208,0.9768006580237231,0.916372993721398,0.5,0.5,0.5,0.5668539492215975,0.5318507397182304,0.5870599243052717,0.0898826288634315,0.04617638770014833,0.15296407988421318
dst_pcr6_fire_ppv_silence_npv_tau_0_1,23,0.3684464149504788,0.4026028137402974,0.46269489456906215,0.09604294084060733,0.006521739130434782,0.11103182157297048,0.987376029891988,0.9957847427862152,0.9824524466709736,0.9674288109651433,0.9767044663167088,0.9251526274711358,0.012623970108012146,0.004215257213784795,0.017547553329026275,0.9039570591593925,0.9934782608695653,0.8889681784270295,0.19260114436147086,0.12336636636390945,0.1754530951132808,0.17686608240552212,0.08537625656999362,0.1470165121656063,0.1575358702900298,0.14155926389040668,0.16743752036944512,0.9562253092252296,0.9679145347460121,0.9130384849988934,0.5417094853662977,0.5023255813953489,0.546742134121972,0.5737415297566796,0.5499133130465876,0.5905775309613142,0.09954800693891268,0.057350966150562434,0.16370564593626225
dst_pcr6_fire_ppv_silence_npv_tau_0_2,23,0.3509781148541538,0.38862745098039214,0.43495912520932967,0.06299750697620396,0.004651162790697674,0.0659715957892119,0.9895748424633437,0.9987501953904928,0.9889043177409301,0.9661017379844449,0.9767044663167088,0.921121662691922,0.01042515753665639,0.0012498046095072552,0.011095682259069648,0.9370024930237959,0.9953488372093023,0.934028404210788,0.14535873549456976,0.1011483283542107,0.11506188393636888,0.12549151889651095,0.06987900311482279,0.09214524788303938,0.12342636627494648,0.09247364141629028,0.11634894304425267,0.9565812435524764,0.9679145347460121,0.9134021309191699,0.5262861747197738,0.5011146809313216,0.5274379567650712,0.5737415297566796,0.5499133130465876,0.5905775309613142,0.09954800693891268,0.057350966150562434,0.16370564593626225
dst_pcr6_fire_ppv_silence_npv_tau_0_3,23,0.3642390467001613,0.3027009622579639,0.4520584863141989,0.03740999298009281,0.002662236987818383,0.04287420418448697,0.9901691671656919,0.9989600881005026,0.9902007738736528,0.965349121477517,0.9767044663167088,0.9193383792493239,0.00983083283430808,0.001039911899497438,0.009799226126347501,0.9625900070199072,0.9973377630121816,0.9571257958155129,0.11439615496494153,0.10395715314212459,0.09225722486322421,0.08941506385220455,0.07150539155188103,0.06899937464971317,0.10656633269622756,0.0932383551160976,0.09928986620137494,0.9563052680121623,0.9679145347460121,0.9124882545583763,0.5137895800728924,0.5,0.5165374890290697,0.5737415297566796,0.5499133130465876,0.5905775309613142,0.09954800693891268,0.057350966150562434,0.16370564593626225
dst_pcr6_fire_ppv_silence_npv_tau_0_4,23,0.3550399632451053,0.2333333333333333,0.459121949257364,0.028732071678901475,0.0,0.018988575819127527,0.9918249466820753,0.999072546205596,0.9971140214583432,0.9647940468591828,0.9767044663167088,0.9172845025663152,0.008175053317924874,0.0009274537944038809,0.0028859785416570473,0.9712679283210985,1.0,0.9810114241808723,0.09720295193209734,0.0949074074074074,0.06065083792032127,0.07668595813862494,0.06657125509584526,0.04326762078191535,0.09494260446318452,0.08186377034645638,0.08415960718102407,0.9568576871542613,0.9679145347460121,0.9150232282024261,0.5102785091804883,0.5,0.5080512986387353,0.5737415297566796,0.5499133130465876,0.5905775309613142,0.09954800693891268,0.057350966150562434,0.16370564593626225
dst_pcr6_fire_ppv_silence_npv_tau_0_5,23,0.34962739683253885,0.2333333333333333,0.4466459017416696,0.025938303057985456,0.0,0.014894773337953032,0.992019791734491,0.999072546205596,0.9979226523676556,0.9646873486073575,0.9767044663167088,0.9169684087800748,0.007980208265509124,0.0009274537944038809,0.0020773476323443633,0.9740616969420145,1.0,0.9851052266620468,0.088425637725351,0.08057431600232194,0.049878805803127445,0.0699330080608057,0.053650768175651786,0.03525156589824649,0.08896984210380729,0.08186377034645638,0.07515602336597009,0.9568780516705288,0.9679145347460121,0.9152216901989632,0.5089790473962382,0.5,0.5064087128528044,0.5737415297566796,0.5499133130465876,0.5905775309613142,0.09954800693891268,0.057350966150562434,0.16370564593626225
dst_pcr6_fire_ppv_silence_npv_tau_0_6,23,0.5076065916797341,0.4260625159154571,0.4432448149987466,0.015162669641124626,0.0,0.012164856501519805,0.9992636043959745,1.0,0.998961220172438,0.9646284240279376,0.9768006580237231,0.9169450221673701,0.0007363956040254731,0.0,0.0010387798275620546,0.9848373303588754,1.0,0.9878351434984803,0.09209370040559663,0.08774086170486467,0.05424595141040379,0.06528802746443899,0.06011101163574852,0.037033636511966,0.13599853894116115,0.1273158993978944,0.08397683785025817,0.9639870962063136,0.9768006580237231,0.916184899275138,0.5072131370185496,0.5,0.5055630383369789,0.5737415297566796,0.5499133130465876,0.5905775309613142,0.09954800693891268,0.057350966150562434,0.16370564593626225
dst_pcr6_fire_ppv_silence_npv_tau_0_7,23,0.5076065916797341,0.4260625159154571,0.4432448149987466,0.015162669641124626,0.0,0.012164856501519805,0.9992636043959745,1.0,0.998961220172438,0.9646284240279376,0.9768006580237231,0.9169450221673701,0.0007363956040254731,0.0,0.0010387798275620546,0.9848373303588754,1.0,0.9878351434984803,0.09209370040559663,0.08774086170486467,0.05424595141040379,0.06528802746443899,0.06011101163574852,0.037033636511966,0.13599853894116115,0.1273158993978944,0.08397683785025817,0.9639870962063136,0.9768006580237231,0.916184899275138,0.5072131370185496,0.5,0.5055630383369789,0.5737415297566796,0.5499133130465876,0.5905775309613142,0.09954800693891268,0.057350966150562434,0.16370564593626225
dst_pcr6_fire_ppv_silence_npv_tau_0_8,23,0.5708774163572926,0.5618398268398268,0.4580429915046671,0.01180168565943126,0.0,0.00920998104496032,0.9994452271589339,1.0,0.9991492215537001,0.964532646429354,0.9768006580237231,0.9168420433666625,0.0005547728410660037,0.0,0.0008507784463000889,0.9881983143405687,1.0,0.9907900189550395,0.09390317199831898,0.09166506631404074,0.049133817826169955,0.06706712776962759,0.06171192736725922,0.033495189826468486,0.14779595979526755,0.1520569047796374,0.07917676321122885,0.9640561196631801,0.9768006580237231,0.9162502018653103,0.5056234564091827,0.5,0.5041796012993301,0.5737415297566796,0.5499133130465876,0.5905775309613142,0.09954800693891268,0.057350966150562434,0.16370564593626225
dst_pcr6_fire_ppv_silence_npv_tau_0_9,23,0.72258658008658,0.7202380952380952,0.52611333641742,0.006664307129037942,0.0,0.006260259496039603,0.999803903943182,1.0,0.9993888255160834,0.9644386370222718,0.9768006580237231,0.916745640218791,0.00019609605681799127,0.0,0.0006111744839165412,0.9933356928709621,1.0,0.9937397405039604,0.09603645113917637,0.09166506631404074,0.0468303443054906,0.06423639587119041,0.06171192736725922,0.0308958009409872,0.17736292932466977,0.17247577200049455,0.09107782621976272,0.9643006273751371,0.9768006580237231,0.916363318634939,0.5032341055361101,0.5,0.5028245425060617,0.5737415297566796,0.5499133130465876,0.5905775309613142,0.09954800693891268,0.057350966150562434,0.16370564593626225
dst_pcr6_fire_specificity_silence_sensitivity_tau_0_1,23,0.04921096440924597,0.03208546525398788,0.08936905726311198,0.9714097496706193,1.0,0.9870096873168546,0.059828578255321424,0.0,0.026313690543708763,0.9874202560889932,0.995928967631658,0.977374019987237,0.9401714217446786,1.0,0.973686309456291,0.028590250329380763,0.0,0.012990312683145449,0.0844741636058628,0.062175465692835795,0.15767650876630174,0.15993926327745275,0.14217574028887417,0.2987294779529491,0.47992235782080395,0.47992235782080395,0.479922357820804,0.0941738953127491,0.034236432890848004,0.10908254240586526,0.5156191639629704,0.5,0.5066616889302816,0.5736972634041455,0.5499270487241178,0.5904431482874244,0.09861324613135711,0.05888602743245915,0.16064482149843615
dst_pcr6_fire_specificity_silence_sensitivity_tau_0_2,23,0.07374272359599555,0.03238502397880784,0.13398895790859772,0.9329799267356048,1.0,0.8784782721919266,0.1393966743817271,0.0,0.20462240056311612,0.9702927571646324,0.9950155129225214,0.9191403033113509,0.8606033256182731,1.0,0.7953775994368839,0.06702007326439513,0.0,0.12152172780807338,0.10979331163776691,0.06273771022471847,0.19061668858813036,0.17984545984591255,0.1433506581945013,0.29869286578308146,0.41527856256587853,0.47992235782080395,0.3110471485410736,0.16348866784943422,0.036668783098597516,0.24559412953750512,0.5361883005586658,0.5,0.5415503363775214,0.5736972634041455,0.5499270487241178,0.5904431482874244,0.09861324613135711,0.05888602743245915,0.16064482149843615
dst_pcr6_fire_specificity_silence_sensitivity_tau_0_3,23,0.08354529787781702,0.034236432890848004,0.13924710782199798,0.904984168517153,1.0,0.8634612073455102,0.18194186193473505,0.0,0.2274438521344964,0.9731264495635837,0.991155212240431,0.9246022637064379,0.8180581380652652,1.0,0.7725561478655035,0.0950158314828469,0.0,0.13653879265448976,0.12075554962649512,0.06620572062208614,0.1964968879188304,0.19015293712267942,0.15055956245821436,0.3042218481903574,0.38107522634473606,0.37942866618558274,0.3080069592710455,0.20468100870773873,0.043027544292074484,0.26768990736991755,0.543463015225944,0.5,0.5454525297400032,0.5736972634041455,0.5499270487241178,0.5904431482874244,0.09861324613135711,0.05888602743245915,0.16064482149843615
dst_pcr6_fire_specificity_silence_sensitivity_tau_0_4,23,0.12025529400517351,0.047236760581516546,0.20311541813248066,0.7134877461091298,0.8,0.596359423796705,0.41238181582583006,0.2,0.5565823628590887,0.9657403258225443,0.9775033284979349,0.9252333427490574,0.58761818417417,0.8,0.4434176371409113,0.28651225389087015,0.2,0.40364057620329497,0.14542129467064602,0.07770407020133534,0.22547697991929191,0.1930416178026916,0.15344117179717798,0.2729087442087998,0.21346536827617626,0.16728564374280608,0.20935797558929908,0.4138272723182697,0.2198850069478857,0.5375746758853612,0.56293478096748,0.5009835688996339,0.5764708933278968,0.5736972634041455,0.5499270487241178,0.5904431482874244,0.09861324613135711,0.05888602743245915,0.16064482149843615
dst_pcr6_fire_specificity_silence_sensitivity_tau_0_5,23,0.18477493179816662,0.17602153376752921,0.2800177295776727,0.3930775614998835,0.23666666666666666,0.28666757015607996,0.758710867390952,0.9727757309178771,0.8891172918417483,0.965942999630396,0.9678812953935528,0.9327020177152924,0.24128913260904797,0.027224269082122953,0.11088270815825171,0.6069224385001165,0.7633333333333333,0.71333242984392,0.16746064919211687,0.12054754508701876,0.2410863892688586,0.18425262356007213,0.140946016293347,0.25309289211394165,0.18346077086072185,0.15692649305738263,0.18623856860727592,0.7371763610762803,0.9367690235867142,0.8427106722153128,0.5758942144454177,0.5491077383590323,0.5878924309989141,0.5736972634041455,0.5499270487241178,0.5904431482874244,0.09861324613135711,0.05888602743245915,0.16064482149843615
dst_pcr6_fire_specificity_silence_sensitivity_tau_0_6,23,0.1966709119001669,0.19666666666666668,0.2816314865981678,0.1827926471388821,0.14277831872768582,0.2516325139627473,0.9613528533543108,0.9806759231851465,0.9231751149966378,0.9706443326634645,0.9767044663167088,0.9342454745679534,0.038647146645689225,0.01932407681485353,0.07682488500336211,0.817207352861118,0.8572216812723141,0.7483674860372527,0.21772999036844967,0.1889451489313563,0.2501827190363749,0.23240149247027553,0.1740591089007945,0.25988264013345136,0.1494892684721778,0.13643067423557254,0.18053849349914483,0.9373475683325677,0.966599158392906,0.8754287610086849,0.5720727502465965,0.5491077383590323,0.5874038144796926,0.5736972634041455,0.5499270487241178,0.5904431482874244,0.09861324613135711,0.05888602743245915,0.16064482149843615
dst_pcr6_fire_specificity_silence_sensitivity_tau_0_7,23,0.19800359481752988,0.19666666666666668,0.2821726864589026,0.1827926471388821,0.14277831872768582,0.2516325139627473,0.9614231563294796,0.9806759231851465,0.9232050997354214,0.9706446632050422,0.9767044663167088,0.9342456155463804,0.03857684367052051,0.01932407681485353,0.07679490026457855,0.817207352861118,0.8572216812723141,0.7483674860372527,0.21898349020634922,0.1889451489313563,0.25060948498438074,0.233082650478763,0.1740591089007945,0.26011454685927987,0.1503620166357592,0.13643067423557254,0.18089291477853017,0.9374167982567648,0.966599158392906,0.8754582880832943,0.5721079017341808,0.5491077383590323,0.5874188068490843,0.5736972634041455,0.5499270487241178,0.5904431482874244,0.09861324613135711,0.05888602743245915,0.16064482149843615
dst_pcr6_fire_specificity_silence_sensitivity_tau_0_8,23,0.19796524758302472,0.19666666666666668,0.2860257511669029,0.17674091118286323,0.14277831872768582,0.24627744006800406,0.9622901492404574,0.9806759231851465,0.9267851197232475,0.9705311923948645,0.9767044663167088,0.934073864452185,0.03770985075954267,0.01932407681485353,0.07321488027675248,0.8232590888171368,0.8572216812723141,0.753722559931996,0.21609235948466315,0.1889451489313563,0.2508555267392179,0.22745428653075647,0.1740591089007945,0.25711684838679266,0.1478681404494249,0.13643067423557254,0.18211727153597035,0.9379651710281999,0.966599158392906,0.877964399065446,0.5695155302116603,0.5491077383590323,0.5865312798956257,0.5736972634041455,0.5499270487241178,0.5904431482874244,0.09861324613135711,0.05888602743245915,0.16064482149843615
dst_pcr6_fire_specificity_silence_sensitivity_tau_0_9,23,0.2013428562091214,0.19666666666666668,0.2989336380127465,0.16856898812747043,0.14277831872768582,0.21521295929014897,0.9653335710443459,0.9806759231851465,0.9399772409761833,0.969726398582023,0.9767044663167088,0.9306178155870285,0.03466642895565424,0.01932407681485353,0.060022759023816714,0.8314310118725295,0.8572216812723141,0.7847870407098511,0.2121024807065857,0.1889451489313563,0.237953068450256,0.2192013530530594,0.1740591089007945,0.2314445402934652,0.14622513335421145,0.13643067423557254,0.17669705569090496,0.9394268518700979,0.9665972579994382,0.8842901930556547,0.5669512795859081,0.5491077383590323,0.5775951001331662,0.5736972634041455,0.5499270487241178,0.5904431482874244,0.09861324613135711,0.05888602743245915,0.16064482149843615
dst_pcr6_fire_fpr_silence_fnr_tau_0_1,23,0.2718672426824233,0.13099172349478347,0.37827633765317265,0.06142424911395174,0.0,0.02262915021879987,0.9484404280438937,0.9989600881005026,0.9891618958582565,0.9633659663431824,0.9723095005313604,0.9163474783124357,0.051559571956106144,0.001039911899497438,0.010838104141743573,0.9385757508860485,1.0,0.9773708497812001,0.07881646248245938,0.07949873992488687,0.052693222011535215,0.061573285433394645,0.053490483088776436,0.03758739732676703,0.07503816328273985,0.05432071966700465,0.0720028926057747,0.9138885362794484,0.9676343299044596,0.906638755746074,0.5049323385789228,0.5,0.5058955230385282,0.5726311256213391,0.549925808829261,0.5883360883222457,0.09132293520430737,0.058458677005108726,0.15189356047789013
dst_pcr6_fire_fpr_silence_fnr_tau_0_2,23,0.30367668804518605,0.20035550833605753,0.38366305788557037,0.02792057887115106,0.0,0.015689443547011288,0.9917692617902982,0.999072546205596,0.9978157994938472,0.9647120503046619,0.9767044663167088,0.9169921576437339,0.00823073820970174,0.0009274537944038809,0.002184200506153023,0.972079421128849,1.0,0.9843105564529886,0.09715067098204562,0.08774086170486467,0.05518290105312731,0.07943503174198012,0.06011101163574852,0.04004826360032256,0.08933880920691491,0.07220036193842302,0.0740329308758624,0.9566599018709101,0.9679145347460121,0.9151460487769741,0.5098449203307247,0.5,0.5067526215204292,0.5726311256213391,0.549925808829261,0.5883360883222457,0.09132293520430737,0.058458677005108726,0.15189356047789013
dst_pcr6_fire_fpr_silence_fnr_tau_0_3,23,0.3025259523886046,0.2081733746130031,0.3733095362831014,0.02573607858882469,0.0,0.01455241812457631,0.9920074105944134,0.999072546205596,0.9979173717198573,0.9646757717197159,0.9767044663167088,0.9169490105462657,0.007992589405586408,0.0009274537944038809,0.002082628280142969,0.9742639214111753,1.0,0.9854475818754237,0.09472479150329803,0.08774086170486467,0.053567756185449365,0.07540336750048929,0.06011101163574852,0.0381381939349353,0.08770014344724633,0.06909311428914115,0.07134818788602432,0.956853723429672,0.9679145347460121,0.9151959419526621,0.5088717445916192,0.5,0.5062348949222167,0.5726311256213391,0.549925808829261,0.5883360883222457,0.09132293520430737,0.058458677005108726,0.15189356047789013
dst_pcr6_fire_fpr_silence_fnr_tau_0_4,23,0.30317221089200597,0.2126971841368126,0.37361038530488067,0.02573607858882469,0.0,0.01455241812457631,0.992019791734491,0.999072546205596,0.9979226523676556,0.9646759302886893,0.9767044663167088,0.9169490781771051,0.007980208265509124,0.0009274537944038809,0.0020773476323443633,0.9742639214111753,1.0,0.9854475818754237,0.09497225317140343,0.08774086170486467,0.053655215534758084,0.07547749890743802,0.06011101163574852,0.03816439389012317,0.08796172279078465,0.06909311428914115,0.07146995942049075,0.9568659136441171,0.9679145347460121,0.9152011411692668,0.5088779351616578,0.5,0.506237535246116,0.5726311256213391,0.549925808829261,0.5883360883222457,0.09132293520430737,0.058458677005108726,0.15189356047789013
dst_pcr6_fire_fpr_silence_fnr_tau_0_5,23,0.30317221089200597,0.2126971841368126,0.37361038530488067,0.02573607858882469,0.0,0.01455241812457631,0.992019791734491,0.999072546205596,0.9979226523676556,0.9646759302886893,0.9767044663167088,0.9169490781771051,0.007980208265509124,0.0009274537944038809,0.0020773476323443633,0.9742639214111753,1.0,0.9854475818754237,0.09497225317140343,0.08774086170486467,0.053655215534758084,0.07547749890743802,0.06011101163574852,0.03816439389012317,0.08796172279078465,0.06909311428914115,0.07146995942049075,0.9568659136441171,0.9679145347460121,0.9152011411692668,0.5088779351616578,0.5,0.506237535246116,0.5726311256213391,0.549925808829261,0.5883360883222457,0.09132293520430737,0.058458677005108726,0.15189356047789013
dst_pcr6_fire_fpr_silence_fnr_tau_0_6,23,0.44987012987012986,0.44987012987012986,0.44987012987012986,0.0005955471091746236,0.0,0.0026164098651873086,0.9998747444910743,1.0,0.9994497164973625,0.9643138365149772,0.9768006580237231,0.9166478367787597,0.00012525550892569467,0.0,0.0005502835026374915,0.9994044528908254,1.0,0.9973835901348128,0.02657324768619972,0.02657324768619972,0.02657324768619972,0.016990563438590078,0.016990563438590078,0.016990563438590078,0.056322458231825925,0.056322458231825925,0.05632245823182592,0.9642391649109543,0.9768006580237231,0.9163197829297779,0.5002351458001245,0.5,0.5010330631812749,0.5726311256213391,0.549925808829261,0.5883360883222457,0.09132293520430737,0.058458677005108726,0.15189356047789013
dst_pcr6_fire_fpr_silence_fnr_tau_0_7,23,,,,0.0,0.0,0.0,1.0,1.0,1.0,0.9642512767492208,0.9768006580237231,0.916372993721398,0.0,0.0,0.0,1.0,1.0,1.0,,,,,,,,,,0.9642512767492208,0.9768006580237231,0.916372993721398,0.5,0.5,0.5,0.5726311256213391,0.549925808829261,0.5883360883222457,0.09132293520430737,0.058458677005108726,0.15189356047789013
dst_pcr6_fire_fpr_silence_fnr_tau_0_8,23,,,,0.0,0.0,0.0,1.0,1.0,1.0,0.9642512767492208,0.9768006580237231,0.916372993721398,0.0,0.0,0.0,1.0,1.0,1.0,,,,,,,,,,0.9642512767492208,0.9768006580237231,0.916372993721398,0.5,0.5,0.5,0.5726311256213391,0.549925808829261,0.5883360883222457,0.09132293520430737,0.058458677005108726,0.15189356047789013
dst_pcr6_fire_fpr_silence_fnr_tau_0_9,23,,,,0.0,0.0,0.0,1.0,1.0,1.0,0.9642512767492208,0.9768006580237231,0.916372993721398,0.0,0.0,0.0,1.0,1.0,1.0,,,,,,,,,,0.9642512767492208,0.9768006580237231,0.916372993721398,0.5,0.5,0.5,0.5726311256213391,0.549925808829261,0.5883360883222457,0.09132293520430737,0.058458677005108726,0.15189356047789013
dst_yager_fire_ppv_silence_npv_tau_0_1,23,0.24822246503012918,0.24463452713379655,0.3296138795170318,0.15177776022429101,0.012755598831548198,0.22970799223208893,0.9731278607087136,0.990512792565245,0.9354867427003585,0.970284968298761,0.9767044663167088,0.9339305845695106,0.026872139291286328,0.009487207434754815,0.06451325729964179,0.8482222397757091,0.9872444011684518,0.7702920077679112,0.2172320686489533,0.1889451489313563,0.24264633799754115,0.22602600323967076,0.1740591089007945,0.24735640259675207,0.15529807539945303,0.15052547288144372,0.182455209720394,0.9478976982325358,0.9668816708962469,0.8864441183749534,0.5624528104665023,0.5054998315701393,0.5825973674662235,0.5737415297566796,0.5499133130465876,0.5905775309613142,0.09954800693891268,0.057350966150562434,0.16370564593626225
dst_yager_fire_ppv_silence_npv_tau_0_2,23,0.34366994221106684,0.39251400560224087,0.42505529918707124,0.09771235499605227,0.006521739130434782,0.1409570621736251,0.9853913487039149,0.9958418867514058,0.9750628607989201,0.9682409813175107,0.9767044663167088,0.9280036560487259,0.014608651296085184,0.004158113248594048,0.024937139201079872,0.9022876450039476,0.9934782608695653,0.8590429378263749,0.2000152547234196,0.17424242424242425,0.21008977785672955,0.183722336281316,0.11653116531165313,0.18395369460118663,0.15369853744088247,0.14026601753810394,0.17971414021925747,0.9555745382953929,0.9679145347460121,0.9103288306031327,0.5415518518499837,0.5023255813953489,0.5580099614862726,0.5737415297566796,0.5499133130465876,0.5905775309613142,0.09954800693891268,0.057350966150562434,0.16370564593626225
dst_yager_fire_ppv_silence_npv_tau_0_3,23,0.3572852168448406,0.4043417806947218,0.46275761166512,0.07073439738204051,0.006521739130434782,0.09601231474215503,0.988760229176417,0.9972386459587244,0.9855563880892357,0.966986517811392,0.9767044663167088,0.9248194572768776,0.011239770823583042,0.0027613540412756814,0.014443611910764247,0.9292656026179595,0.9934782608695653,0.903987685257845,0.16270406755260705,0.11300689887684179,0.16191016369310451,0.14007746433796384,0.0764395280079168,0.1313683348003495,0.1351323028490229,0.11121614744867582,0.1581428314371414,0.9569606643816642,0.9679145347460121,0.9150437845637897,0.5297473132792286,0.5023255813953489,0.5407843514156954,0.5737415297566796,0.5499133130465876,0.5905775309613142,0.09954800693891268,0.057350966150562434,0.16370564593626225
dst_yager_fire_ppv_silence_npv_tau_0_4,23,0.35992430631125216,0.28809523809523807,0.4421815000964055,0.03656271326474434,0.002662236987818383,0.040260366355389536,0.9903629762471955,0.999072546205596,0.9906997826486914,0.9652791282059546,0.9767044663167088,0.9191499338715695,0.009637023752804447,0.0009274537944038809,0.009300217351308796,0.9634372867352556,0.9973377630121816,0.9597396336446103,0.1122468275803875,0.10395715314212459,0.087745692547546,0.08787655542001276,0.07150539155188103,0.06568181001444577,0.10433130499942667,0.09247364141629028,0.09368314092902842,0.9563869206907863,0.9679145347460121,0.912690167855613,0.5134628447559699,0.5,0.5154800745020404,0.5737415297566796,0.5499133130465876,0.5905775309613142,0.09954800693891268,0.057350966150562434,0.16370564593626225
dst_yager_fire_ppv_silence_npv_tau_0_5,23,0.34962739683253885,0.2333333333333333,0.4466459017416696,0.025938303057985456,0.0,0.014894773337953032,0.992019791734491,0.999072546205596,0.9979226523676556,0.9646873486073575,0.9767044663167088,0.9169684087800748,0.007980208265509124,0.0009274537944038809,0.0020773476323443633,0.9740616969420145,1.0,0.9851052266620468,0.088425637725351,0.08057431600232194,0.049878805803127445,0.0699330080608057,0.053650768175651786,0.03525156589824649,0.08896984210380729,0.08186377034645638,0.07515602336597009,0.9568780516705288,0.9679145347460121,0.9152216901989632,0.5089790473962382,0.5,0.5064087128528044,0.5737415297566796,0.5499133130465876,0.5905775309613142,0.09954800693891268,0.057350966150562434,0.16370564593626225
dst_yager_fire_ppv_silence_npv_tau_0_6,23,0.5076065916797341,0.4260625159154571,0.4432448149987466,0.015162669641124626,0.0,0.012164856501519805,0.9992636043959745,1.0,0.998961220172438,0.9646284240279376,0.9768006580237231,0.9169450221673701,0.0007363956040254731,0.0,0.0010387798275620546,0.9848373303588754,1.0,0.9878351434984803,0.09209370040559663,0.08774086170486467,0.05424595141040379,0.06528802746443899,0.06011101163574852,0.037033636511966,0.13599853894116115,0.1273158993978944,0.08397683785025817,0.9639870962063136,0.9768006580237231,0.916184899275138,0.5072131370185496,0.5,0.5055630383369789,0.5737415297566796,0.5499133130465876,0.5905775309613142,0.09954800693891268,0.057350966150562434,0.16370564593626225
dst_yager_fire_ppv_silence_npv_tau_0_7,23,0.5076065916797341,0.4260625159154571,0.4432448149987466,0.015162669641124626,0.0,0.012164856501519805,0.9992636043959745,1.0,0.998961220172438,0.9646284240279376,0.9768006580237231,0.9169450221673701,0.0007363956040254731,0.0,0.0010387798275620546,0.9848373303588754,1.0,0.9878351434984803,0.09209370040559663,0.08774086170486467,0.05424595141040379,0.06528802746443899,0.06011101163574852,0.037033636511966,0.13599853894116115,0.1273158993978944,0.08397683785025817,0.9639870962063136,0.9768006580237231,0.916184899275138,0.5072131370185496,0.5,0.5055630383369789,0.5737415297566796,0.5499133130465876,0.5905775309613142,0.09954800693891268,0.057350966150562434,0.16370564593626225
dst_yager_fire_ppv_silence_npv_tau_0_8,23,0.5708774163572926,0.5618398268398268,0.4580429915046671,0.01180168565943126,0.0,0.00920998104496032,0.9994452271589339,1.0,0.9991492215537001,0.964532646429354,0.9768006580237231,0.9168420433666625,0.0005547728410660037,0.0,0.0008507784463000889,0.9881983143405687,1.0,0.9907900189550395,0.09390317199831898,0.09166506631404074,0.049133817826169955,0.06706712776962759,0.06171192736725922,0.033495189826468486,0.14779595979526755,0.1520569047796374,0.07917676321122885,0.9640561196631801,0.9768006580237231,0.9162502018653103,0.5056234564091827,0.5,0.5041796012993301,0.5737415297566796,0.5499133130465876,0.5905775309613142,0.09954800693891268,0.057350966150562434,0.16370564593626225
dst_yager_fire_ppv_silence_npv_tau_0_9,23,0.72258658008658,0.7202380952380952,0.52611333641742,0.006664307129037942,0.0,0.006260259496039603,0.999803903943182,1.0,0.9993888255160834,0.9644386370222718,0.9768006580237231,0.916745640218791,0.00019609605681799127,0.0,0.0006111744839165412,0.9933356928709621,1.0,0.9937397405039604,0.09603645113917637,0.09166506631404074,0.0468303443054906,0.06423639587119041,0.06171192736725922,0.0308958009409872,0.17736292932466977,0.17247577200049455,0.09107782621976272,0.9643006273751371,0.9768006580237231,0.916363318634939,0.5032341055361101,0.5,0.5028245425060617,0.5737415297566796,0.5499133130465876,0.5905775309613142,0.09954800693891268,0.057350966150562434,0.16370564593626225
dst_yager_fire_specificity_silence_sensitivity_tau_0_1,23,0.04921096440924597,0.03208546525398788,0.08936905726311198,0.9714097496706193,1.0,0.9870096873168546,0.059828578255321424,0.0,0.026313690543708763,0.9874202560889932,0.995928967631658,0.977374019987237,0.9401714217446786,1.0,0.973686309456291,0.028590250329380763,0.0,0.012990312683145449,0.0844741636058628,0.062175465692835795,0.15767650876630174,0.15993926327745275,0.14217574028887417,0.2987294779529491,0.47992235782080395,0.47992235782080395,0.479922357820804,0.0941738953127491,0.034236432890848004,0.10908254240586526,0.5156191639629704,0.5,0.5066616889302816,0.5736040143361677,0.5499145529414445,0.5901362465128084,0.09813972315273921,0.05777831657791286,0.1594457354744999
dst_yager_fire_specificity_silence_sensitivity_tau_0_2,23,0.07374272359599555,0.03238502397880784,0.13398895790859772,0.9329799267356048,1.0,0.8784782721919266,0.1393966743817271,0.0,0.20462240056311612,0.9702927571646324,0.9950155129225214,0.9191403033113509,0.8606033256182731,1.0,0.7953775994368839,0.06702007326439513,0.0,0.12152172780807338,0.10979331163776691,0.06273771022471847,0.19061668858813036,0.17984545984591255,0.1433506581945013,0.29869286578308146,0.41527856256587853,0.47992235782080395,0.3110471485410736,0.16348866784943422,0.036668783098597516,0.24559412953750512,0.5361883005586658,0.5,0.5415503363775214,0.5736040143361677,0.5499145529414445,0.5901362465128084,0.09813972315273921,0.05777831657791286,0.1594457354744999
dst_yager_fire_specificity_silence_sensitivity_tau_0_3,23,0.08354529787781702,0.034236432890848004,0.13924710782199798,0.904984168517153,1.0,0.8634612073455102,0.18194186193473505,0.0,0.2274438521344964,0.9731264495635837,0.991155212240431,0.9246022637064379,0.8180581380652652,1.0,0.7725561478655035,0.0950158314828469,0.0,0.13653879265448976,0.12075554962649512,0.06620572062208614,0.1964968879188304,0.19015293712267942,0.15055956245821436,0.3042218481903574,0.38107522634473606,0.37942866618558274,0.3080069592710455,0.20468100870773873,0.043027544292074484,0.26768990736991755,0.543463015225944,0.5,0.5454525297400032,0.5736040143361677,0.5499145529414445,0.5901362465128084,0.09813972315273921,0.05777831657791286,0.1594457354744999
dst_yager_fire_specificity_silence_sensitivity_tau_0_4,23,0.12025529400517351,0.047236760581516546,0.20311541813248066,0.7134877461091298,0.8,0.596359423796705,0.41238181582583006,0.2,0.5565823628590887,0.9657403258225443,0.9775033284979349,0.9252333427490574,0.58761818417417,0.8,0.4434176371409113,0.28651225389087015,0.2,0.40364057620329497,0.14542129467064602,0.07770407020133534,0.22547697991929191,0.1930416178026916,0.15344117179717798,0.2729087442087998,0.21346536827617626,0.16728564374280608,0.20935797558929908,0.4138272723182697,0.2198850069478857,0.5375746758853612,0.56293478096748,0.5009835688996339,0.5764708933278968,0.5736040143361677,0.5499145529414445,0.5901362465128084,0.09813972315273921,0.05777831657791286,0.1594457354744999
dst_yager_fire_specificity_silence_sensitivity_tau_0_5,23,0.18477493179816662,0.17602153376752921,0.2800177295776727,0.3930775614998835,0.23666666666666666,0.28666757015607996,0.758710867390952,0.9727757309178771,0.8891172918417483,0.965942999630396,0.9678812953935528,0.9327020177152924,0.24128913260904797,0.027224269082122953,0.11088270815825171,0.6069224385001165,0.7633333333333333,0.71333242984392,0.16746064919211687,0.12054754508701876,0.2410863892688586,0.18425262356007213,0.140946016293347,0.25309289211394165,0.18346077086072185,0.15692649305738263,0.18623856860727592,0.7371763610762803,0.9367690235867142,0.8427106722153128,0.5758942144454177,0.5491077383590323,0.5878924309989141,0.5736040143361677,0.5499145529414445,0.5901362465128084,0.09813972315273921,0.05777831657791286,0.1594457354744999
dst_yager_fire_specificity_silence_sensitivity_tau_0_6,23,0.1966709119001669,0.19666666666666668,0.2816314865981678,0.1827926471388821,0.14277831872768582,0.2516325139627473,0.9613528533543108,0.9806759231851465,0.9231751149966378,0.9706443326634645,0.9767044663167088,0.9342454745679534,0.038647146645689225,0.01932407681485353,0.07682488500336211,0.817207352861118,0.8572216812723141,0.7483674860372527,0.21772999036844967,0.1889451489313563,0.2501827190363749,0.23240149247027553,0.1740591089007945,0.25988264013345136,0.1494892684721778,0.13643067423557254,0.18053849349914483,0.9373475683325677,0.966599158392906,0.8754287610086849,0.5720727502465965,0.5491077383590323,0.5874038144796926,0.5736040143361677,0.5499145529414445,0.5901362465128084,0.09813972315273921,0.05777831657791286,0.1594457354744999
dst_yager_fire_specificity_silence_sensitivity_tau_0_7,23,0.19826084461429955,0.19666666666666668,0.2861457925286366,0.17674091118286323,0.14277831872768582,0.24627744006800406,0.9623025303805347,0.9806759231851465,0.9267904003710461,0.9705312753894999,0.9767044663167088,0.9340738998500108,0.037697469619465386,0.01932407681485353,0.07320959962895386,0.8232590888171368,0.8572216812723141,0.753722559931996,0.21632517409467783,0.1889451489313563,0.2509347906886405,0.2275638557867445,0.1740591089007945,0.2571541522826451,0.1480420902902802,0.13643067423557254,0.18218791221757527,0.9379773612426452,0.966599158392906,0.8779695982820507,0.5695217207816989,0.5491077383590323,0.5865339202195251,0.5736040143361677,0.5499145529414445,0.5901362465128084,0.09813972315273921,0.05777831657791286,0.1594457354744999
dst_yager_fire_specificity_silence_sensitivity_tau_0_8,23,0.2019278100222522,0.19666666666666668,0.30138053402617393,0.16802504634569607,0.14277831872768582,0.21282326648164152,0.9655936124530345,0.9806759231851465,0.9411196777315107,0.969674123119854,0.9767044663167088,0.9303881544354264,0.03440638754696566,0.01932407681485353,0.05888032226848937,0.831974953654304,0.8572216812723141,0.7871767335183585,0.21174846547714526,0.1889451489313563,0.23671155761429113,0.21857517237907723,0.1740591089007945,0.2292485610604547,0.14624773814296024,0.13643067423557254,0.1767916128443625,0.9395607108908206,0.9665972579994382,0.8848782742619404,0.5668093293993652,0.5491077383590323,0.5769714721065762,0.5736040143361677,0.5499145529414445,0.5901362465128084,0.09813972315273921,0.05777831657791286,0.1594457354744999
dst_yager_fire_specificity_silence_sensitivity_tau_0_9,23,0.2355505222404902,0.19666666666666668,0.35858837928951487,0.14683954500775095,0.08452685421994885,0.15992767856963908,0.9793833987528784,0.9845308090535095,0.9746927321514556,0.9688650219645676,0.9767044663167088,0.9274317697561305,0.020616601247121658,0.015469190946490543,0.025307267848544382,0.8531604549922492,0.9154731457800512,0.8400723214303608,0.20762986789347238,0.186500497391567,0.21081251657985592,0.20070334501248696,0.16117868687219997,0.1846468135727088,0.15421821746383343,0.13643067423557254,0.18292570144580111,0.9502587007794744,0.9676343299044596,0.9080656692621647,0.5631114718803146,0.5317539950325297,0.5673102053605473,0.5736040143361677,0.5499145529414445,0.5901362465128084,0.09813972315273921,0.05777831657791286,0.1594457354744999
dst_yager_fire_fpr_silence_fnr_tau_0_1,23,0.30716707639917645,0.22722656443695144,0.4900631057439174,0.08245342208162111,0.0,0.05551464783215494,0.9402033652038068,0.9987501953904928,0.9741558279843175,0.9639737181430857,0.9723095005313604,0.9184300281377339,0.05979663479619318,0.0012498046095072552,0.025844172015682444,0.9175465779183789,1.0,0.9444853521678451,0.10622564732098137,0.0949074074074074,0.09293219804823002,0.09327968848348635,0.06977308655886666,0.07552665456514948,0.08949128338594821,0.05342392281066149,0.09146414391235964,0.9073645753021395,0.9676343299044596,0.8968547817805856,0.5113283936427139,0.5,0.5148352379082362,0.5725752467466456,0.549925808829261,0.5883847444656987,0.09158033194139151,0.058458677005108726,0.15171581359377803
dst_yager_fire_fpr_silence_fnr_tau_0_2,23,0.3018768917126726,0.19435486710086253,0.38628547782262507,0.02823584331685029,0.0,0.01602922606256172,0.99160277092701,0.999072546205596,0.9977447899094934,0.9647208613028045,0.9767044663167088,0.9170234434014665,0.008397229072990032,0.0009274537944038809,0.002255210090506584,0.9717641566831499,1.0,0.9839707739374381,0.09605484270184926,0.08774086170486467,0.0555338917788241,0.07943803657212282,0.06011101163574852,0.040531285198717036,0.08847853711794698,0.0742320922960504,0.07488912539591575,0.9565081968665987,0.9679145347460121,0.9151137339617882,0.5099193071219302,0.5,0.5068870079860276,0.5725752467466456,0.549925808829261,0.5883847444656987,0.09158033194139151,0.058458677005108726,0.15171581359377803
dst_yager_fire_fpr_silence_fnr_tau_0_3,23,0.30257142512315294,0.20849168375484162,0.37333070494492093,0.026007817719259467,0.0,0.014668316873154237,0.9919911164988418,0.999072546205596,0.9979104221676048,0.9646795394259652,0.9767044663167088,0.9169506175008422,0.008008883501158338,0.0009274537944038809,0.0020895778323954343,0.9739921822807406,1.0,0.9853316831268459,0.09522733976864953,0.08774086170486467,0.05374536973109614,0.07599774513218127,0.06011101163574852,0.03834826235203373,0.08798904504964698,0.06909311428914115,0.07148267859526101,0.9568416717216192,0.9679145347460121,0.915190801810058,0.5089994671090506,0.5,0.5062893695203795,0.5725752467466456,0.549925808829261,0.5883847444656987,0.09158033194139151,0.058458677005108726,0.15171581359377803
dst_yager_fire_fpr_silence_fnr_tau_0_4,23,0.30317221089200597,0.2126971841368126,0.37361038530488067,0.02573607858882469,0.0,0.01455241812457631,0.992019791734491,0.999072546205596,0.9979226523676556,0.9646759302886893,0.9767044663167088,0.9169490781771051,0.007980208265509124,0.0009274537944038809,0.0020773476323443633,0.9742639214111753,1.0,0.9854475818754237,0.09497225317140343,0.08774086170486467,0.053655215534758084,0.07547749890743802,0.06011101163574852,0.03816439389012317,0.08796172279078465,0.06909311428914115,0.07146995942049075,0.9568659136441171,0.9679145347460121,0.9152011411692668,0.5088779351616578,0.5,0.506237535246116,0.5725752467466456,0.549925808829261,0.5883847444656987,0.09158033194139151,0.058458677005108726,0.15171581359377803
dst_yager_fire_fpr_silence_fnr_tau_0_5,23,0.30317221089200597,0.2126971841368126,0.37361038530488067,0.02573607858882469,0.0,0.01455241812457631,0.992019791734491,0.999072546205596,0.9979226523676556,0.9646759302886893,0.9767044663167088,0.9169490781771051,0.007980208265509124,0.0009274537944038809,0.0020773476323443633,0.9742639214111753,1.0,0.9854475818754237,0.09497225317140343,0.08774086170486467,0.053655215534758084,0.07547749890743802,0.06011101163574852,0.03816439389012317,0.08796172279078465,0.06909311428914115,0.07146995942049075,0.9568659136441171,0.9679145347460121,0.9152011411692668,0.5088779351616578,0.5,0.506237535246116,0.5725752467466456,0.549925808829261,0.5883847444656987,0.09158033194139151,0.058458677005108726,0.15171581359377803
dst_yager_fire_fpr_silence_fnr_tau_0_6,23,0.44987012987012986,0.44987012987012986,0.44987012987012986,0.0005955471091746236,0.0,0.0026164098651873086,0.9998747444910743,1.0,0.9994497164973625,0.9643138365149772,0.9768006580237231,0.9166478367787597,0.00012525550892569467,0.0,0.0005502835026374915,0.9994044528908254,1.0,0.9973835901348128,0.02657324768619972,0.02657324768619972,0.02657324768619972,0.016990563438590078,0.016990563438590078,0.016990563438590078,0.056322458231825925,0.056322458231825925,0.05632245823182592,0.9642391649109543,0.9768006580237231,0.9163197829297779,0.5002351458001245,0.5,0.5010330631812749,0.5725752467466456,0.549925808829261,0.5883847444656987,0.09158033194139151,0.058458677005108726,0.15171581359377803
dst_yager_fire_fpr_silence_fnr_tau_0_7,23,,,,0.0,0.0,0.0,1.0,1.0,1.0,0.9642512767492208,0.9768006580237231,0.916372993721398,0.0,0.0,0.0,1.0,1.0,1.0,,,,,,,,,,0.9642512767492208,0.9768006580237231,0.916372993721398,0.5,0.5,0.5,0.5725752467466456,0.549925808829261,0.5883847444656987,0.09158033194139151,0.058458677005108726,0.15171581359377803
dst_yager_fire_fpr_silence_fnr_tau_0_8,23,,,,0.0,0.0,0.0,1.0,1.0,1.0,0.9642512767492208,0.9768006580237231,0.916372993721398,0.0,0.0,0.0,1.0,1.0,1.0,,,,,,,,,,0.9642512767492208,0.9768006580237231,0.916372993721398,0.5,0.5,0.5,0.5725752467466456,0.549925808829261,0.5883847444656987,0.09158033194139151,0.058458677005108726,0.15171581359377803
dst_yager_fire_fpr_silence_fnr_tau_0_9,23,,,,0.0,0.0,0.0,1.0,1.0,1.0,0.9642512767492208,0.9768006580237231,0.916372993721398,0.0,0.0,0.0,1.0,1.0,1.0,,,,,,,,,,0.9642512767492208,0.9768006580237231,0.916372993721398,0.5,0.5,0.5,0.5725752467466456,0.549925808829261,0.5883847444656987,0.09158033194139151,0.058458677005108726,0.15171581359377803
naive_bayes_tau_0_1,23,0.28575908627828556,0.23406235962631916,0.3227314105084914,0.19350489614301977,0.08260869565217391,0.35790214992630776,0.9404600980194625,0.9951629326789064,0.7881589613642581,0.9745736258838528,0.9820477847910318,0.9447863484298454,0.0595399019805374,0.004837067321093699,0.2118410386357418,0.8064951038569802,0.917391304347826,0.6420978500736922,0.22999963169164864,0.18990799586544266,0.2466040777148371,0.2514941051186164,0.17585470085470087,0.28614700227964374,0.20024870807266595,0.15945237233247514,0.20742658123605034,0.9250797691875093,0.9676343299044596,0.7766264954149642,0.5669824970812413,0.5302957674445384,0.5730305556452828,0.5810593126637965,0.5521549067512135,0.5919926489860526,0.09964211506997635,0.05600454014064578,0.16366391330926494
naive_bayes_tau_0_2,23,0.38226441066187106,0.3771007130124777,0.34369819355572256,0.12688659246357661,0.0,0.20057611642336662,0.985348857140198,1.0,0.9522352885328815,0.9697195134441136,0.9768006580237231,0.9324672897075745,0.014651142859801935,0.0,0.0477647114671184,0.8731134075364235,1.0,0.7994238835766334,0.27351669056070976,0.24390480443028104,0.28406126307678475,0.2667359662622845,0.22297394793180653,0.2748038037404198,0.25666497138070815,0.2043413157028214,0.22520420430725596,0.9584748892780084,0.9768006580237231,0.8978271419738625,0.5561177248018874,0.5,0.5764057024781242,0.5810593126637965,0.5521549067512135,0.5919926489860526,0.09964211506997635,0.05600454014064578,0.16366391330926494
naive_bayes_tau_0_3,23,0.43547340693390224,0.41846029411764707,0.3992633856036391,0.10609080252284897,0.0,0.1483460159742648,0.9916972132613718,1.0,0.9752500860177847,0.9685133287895246,0.9768006580237231,0.9282134616236952,0.008302786738628247,0.0,0.024749913982215363,0.8939091974771509,1.0,0.8516539840257351,0.2691054049753461,0.2539096137507353,0.25673946466707764,0.25147719324837897,0.20136199335941826,0.22737619117407146,0.2535526746783423,0.2782082681817064,0.2161673270582452,0.9621384424612536,0.9768006580237231,0.9107450591096821,0.5488940078921104,0.5,0.5617980509960246,0.5810593126637965,0.5521549067512135,0.5919926489860526,0.09964211506997635,0.05600454014064578,0.16366391330926494
naive_bayes_tau_0_4,23,0.45888015488292844,0.44396881062458987,0.4292579696587461,0.06760177222853515,0.0,0.10886113742615418,0.9943385363785009,1.0,0.9811241685813169,0.9672981748950313,0.9768006580237231,0.9256507393066745,0.005661463621499267,0.0,0.01887583141868299,0.9323982277714647,1.0,0.8911388625738459,0.20461297229527758,0.15801108924182777,0.20837421269734097,0.17427183238184257,0.10863307928609471,0.17349150727453463,0.20607998589105272,0.16138473297111494,0.18732177737417294,0.9631583446055945,0.9768006580237231,0.9127749701658328,0.5309701543035181,0.5,0.5449926530037354,0.5810593126637965,0.5521549067512135,0.5919926489860526,0.09964211506997635,0.05600454014064578,0.16366391330926494
naive_bayes_tau_0_5,23,0.48861904304941634,0.4663435954444114,0.47081124010701636,0.06326528575071984,0.0,0.09647033676886987,0.9956699255883813,1.0,0.9854295324102637,0.9670074554244025,0.9768006580237231,0.9248404332186373,0.004330074411618699,0.0,0.014570467589736274,0.9367347142492801,1.0,0.9035296632311302,0.19435219603795711,0.11429150177913701,0.19009444022756952,0.16398324458246494,0.07739420649460232,0.15510895191651572,0.20570185251831996,0.15555558080692053,0.1857137440065794,0.9638913040844663,0.9768006580237231,0.9151947211215703,0.5294676056695506,0.5,0.5409499345895667,0.5810593126637965,0.5521549067512135,0.5919926489860526,0.09964211506997635,0.05600454014064578,0.16366391330926494
naive_bayes_tau_0_6,23,0.540348476880658,0.5286173772437408,0.5089231571123887,0.062446167177023684,0.0,0.0930578128045992,0.9961403328975841,1.0,0.9874548945291114,0.9669469926381653,0.9768006580237231,0.9245916151653117,0.003859667102415886,0.0,0.012545105470888619,0.9375538328229763,1.0,0.9069421871954008,0.19316142348261672,0.10973069096832619,0.18723735862650617,0.16229293849080645,0.07420096053726362,0.15076160150751705,0.2268622638805736,0.16976135450508412,0.19872630963444152,0.9641672409005374,0.9768006580237231,0.9163915848360903,0.529293250037304,0.5,0.5402563536668552,0.5810593126637965,0.5521549067512135,0.5919926489860526,0.09964211506997635,0.05600454014064578,0.16366391330926494
naive_bayes_tau_0_7,23,0.5494800776810844,0.5515231262984127,0.5275896623484546,0.060032084124393925,0.0,0.08554572687437294,0.9964101156569242,1.0,0.9884197498894699,0.9667369105354292,0.9768006580237231,0.9238240772388809,0.0035898843430759247,0.0,0.011580250110530092,0.9399679158756062,1.0,0.914454273125627,0.18457086204519185,0.10730526090199706,0.1696448834961144,0.15594300991520318,0.0732038893759899,0.1380122429727156,0.21989357669515294,0.16050127290505684,0.18480698810109894,0.9641349462532126,0.9768006580237231,0.9162360214401936,0.5282210998906589,0.5,0.5369827383819213,0.5810593126637965,0.5521549067512135,0.5919926489860526,0.09964211506997635,0.05600454014064578,0.16366391330926494
naive_bayes_tau_0_8,23,0.5143465778244338,0.43547313797313797,0.42887673209608396,0.04988909280250926,0.0,0.051421589798231054,0.9971372345596822,1.0,0.9910045033388672,0.9656813194488713,0.9768006580237231,0.919588022691168,0.002862765440317799,0.0,0.008995496661132498,0.9501109071974908,1.0,0.9485784102017691,0.17219992316868046,0.11300689887684179,0.11808643693493245,0.14586901560250928,0.0764395280079168,0.09285345292505746,0.2024873114253759,0.13943346045825772,0.12439259673530531,0.9635480656693566,0.9768006580237231,0.913531957700596,0.5235131636810957,0.5,0.5212130465685492,0.5810593126637965,0.5521549067512135,0.5919926489860526,0.09964211506997635,0.05600454014064578,0.16366391330926494
naive_bayes_tau_0_9,23,0.5349039400902755,0.44987012987012986,0.45073065057716594,0.041928007633579324,0.0,0.02309024783051721,0.9991064642596135,1.0,0.9989935319694715,0.9650232796585337,0.9768006580237231,0.9170727595422429,0.0008935357403865877,0.0,0.0010064680305282324,0.9580719923664208,1.0,0.976909752169483,0.1834350570903265,0.11300689887684179,0.08304906222664724,0.15855604172308305,0.0764395280079168,0.06687388708353391,0.22056374662277076,0.19286153924832178,0.10871405241850125,0.9642190509540611,0.9768006580237231,0.9163307084114252,0.5205172359465964,0.5,0.5110418898999944,0.5810593126637965,0.5521549067512135,0.5919926489860526,0.09964211506997635,0.05600454014064578,0.16366391330926494
bks_tau_0_1,23,0.3030905265706925,0.21945156330709584,0.3017548568642805,0.21252674874573746,0.07608695652173914,0.4560867853312791,0.9054997404333828,0.9961364985775567,0.6307322727012281,0.9736486986283271,0.9768006580237231,0.9468043319184929,0.09450025956661727,0.0038635014224432896,0.3692677272987717,0.7874732512542625,0.923913043478261,0.543913214668721,0.22232802108271027,0.19464885565152673,0.21941346182295327,0.25122031511442106,0.17585470085470087,0.2937285204968756,0.1776914483949672,0.15682305188844747,0.12097587390474021,0.8992555321248392,0.9721245542472557,0.6598452141978481,0.5590132445895601,0.5097050779332796,0.5434095290162536,0.5813137038547458,0.5521549067512135,0.5934441557306329,0.10949106863481303,0.05432496699997341,0.1802917526213095
bks_tau_0_2,23,0.4823201918672086,0.4021857303741026,0.4249136283904202,0.12331608332596651,0.00762739370334307,0.19763642240450058,0.9868055778557137,1.0,0.9566383459815007,0.9697235813456652,0.9768006580237231,0.9325467502937248,0.013194422144286394,0.0,0.043361654018499216,0.8766839166740334,0.9923726062966569,0.8023635775954995,0.24084711526712124,0.19464885565152673,0.2518139676027999,0.22586401468341746,0.15956685301511825,0.23629591590548432,0.24622704833910297,0.18483608545622385,0.21520593849774544,0.9596685640356611,0.9768006580237231,0.9012649428634182,0.5550608305908401,0.5031278606522045,0.5771373841930008,0.5813137038547458,0.5521549067512135,0.5934441557306329,0.10949106863481303,0.05432496699997341,0.1802917526213095
bks_tau_0_3,23,0.5677835218402436,0.5882905982905983,0.5480081307518957,0.09791136285414292,0.0,0.13163941088294587,0.9947076141197262,1.0,0.9847004475444648,0.9681902468170874,0.9768006580237231,0.9273121039604384,0.005292385880273921,0.0,0.01529955245553513,0.9020886371458571,1.0,0.868360589117054,0.2447248766446248,0.17424242424242425,0.22523937926332166,0.2186430780251762,0.11653116531165313,0.188817766728839,0.25437780373681135,0.23092416559422158,0.22167104322450354,0.964212596675508,0.9768006580237231,0.916891801745139,0.5463094884869344,0.5,0.5581699292137052,0.5813137038547458,0.5521549067512135,0.5934441557306329,0.10949106863481303,0.05432496699997341,0.1802917526213095
bks_tau_0_4,23,0.5835121047401981,0.5856380441264163,0.5692257964173372,0.059255559370538016,0.0,0.09956176118257595,0.9963924660632703,1.0,0.9885012773900493,0.9671756291251815,0.9768006580237231,0.9253060465062352,0.0036075339367298708,0.0,0.011498722609950666,0.9407444406294622,1.0,0.9004382388174241,0.20010570252846482,0.13311323052442287,0.19180078786807947,0.16725682312017623,0.09098865202803022,0.15247037151430987,0.22763019412389626,0.1761207508262756,0.2063128734827826,0.9646117445292117,0.9768006580237231,0.9177054879886908,0.527824012716904,0.5,0.5440315192863127,0.5813137038547458,0.5521549067512135,0.5934441557306329,0.10949106863481303,0.05432496699997341,0.1802917526213095
bks_tau_0_5,23,0.658892627441311,0.6500945942893286,0.633383111164374,0.0444616590762989,0.0,0.05655844510674445,0.9988291880938288,1.0,0.9964541136799547,0.9659769907125081,0.9768006580237231,0.9214136895342983,0.0011708119061709656,0.0,0.0035458863200453702,0.9555383409237009,1.0,0.9434415548932555,0.17355500802812546,0.1070596254022253,0.13366022397838598,0.14214429626955227,0.07220046267861381,0.09783217417231314,0.22155517424079446,0.1703311173622275,0.17799939693155276,0.9652287908334227,0.9768006580237231,0.9195647360690671,0.521645423585064,0.5,0.5265062793933496,0.5813137038547458,0.5521549067512135,0.5934441557306329,0.10949106863481303,0.05432496699997341,0.1802917526213095
bks_tau_0_6,23,0.6043440678572098,0.6220574822195498,0.6243962170943583,0.034979043471281265,0.0,0.04664273831551317,0.9990985573933039,1.0,0.9971817466802978,0.9656690971512593,0.9768006580237231,0.9207754208257564,0.0009014426066961837,0.0,0.0028182533197022943,0.9650209565287188,1.0,0.9533572616844868,0.193847947695419,0.14476879164523745,0.15429912626359044,0.15542971089226384,0.09880734962326142,0.11223290028843319,0.2419798984511957,0.20355055349150336,0.20150716964915077,0.965118883455165,0.9768006580237231,0.9194073406436019,0.5170388004322926,0.5,0.5219122424979055,0.5813137038547458,0.5521549067512135,0.5934441557306329,0.10949106863481303,0.05432496699997341,0.1802917526213095
bks_tau_0_7,23,0.8112128165901751,0.8112128165901751,0.7380220756320384,0.011201274720172806,0.0,0.029578358613239666,0.9995438791684377,1.0,0.9980435093906526,0.9651218443072973,0.9768006580237231,0.9198285449274763,0.0004561208315623691,0.0,0.001956490609347386,0.9887987252798272,1.0,0.9704216413867603,0.22027508431486723,0.22027508431486723,0.23155518476483375,0.15443410587686046,0.15443410587686046,0.1645838840574062,0.2965370244518991,0.2965370244518991,0.27905407521569603,0.9649230561242238,0.9768006580237231,0.9189945776415145,0.5053725769443053,0.5,0.5138109340019461,0.5813137038547458,0.5521549067512135,0.5934441557306329,0.10949106863481303,0.05432496699997341,0.1802917526213095
bks_tau_0_8,23,0.8412698412698413,0.8412698412698413,0.8412698412698413,0.0027571580063626725,0.0,0.0014789533560864618,0.9999877156009592,1.0,0.9999934105868626,0.9643028833976806,0.9768006580237231,0.9164006757859585,1.228439904077881e-05,0.0,6.5894131373460855e-06,0.9972428419936373,1.0,0.9985210466439135,0.18552546744036105,0.18552546744036105,0.18552546744036108,0.12763533819873152,0.12763533819873152,0.12763533819873152,0.2895931220507474,0.2895931220507474,0.2895931220507474,0.9642919294228883,0.9768006580237231,0.9163948000190479,0.501372436803661,0.5,0.5007361819714745,0.5813137038547458,0.5521549067512135,0.5934441557306329,0.10949106863481303,0.05432496699997341,0.1802917526213095
bks_tau_0_9,23,,,,0.0,0.0,0.0,1.0,1.0,1.0,0.9642512767492208,0.9768006580237231,0.916372993721398,0.0,0.0,0.0,1.0,1.0,1.0,,,,,,,,,,0.9642512767492208,0.9768006580237231,0.916372993721398,0.5,0.5,0.5,0.5813137038547458,0.5521549067512135,0.5934441557306329,0.10949106863481303,0.05432496699997341,0.1802917526213095
logistic_regression_tau_0_1,23,0.03576228340611918,0.02319934197627685,0.0836278727587286,1.0,1.0,1.0,0.006242208183492341,0.0,0.0003424453334233055,1.0,1.0,1.0,0.9937577918165077,1.0,0.9996575546665767,0.0,0.0,0.0,0.06616657673746384,0.04534630084845802,0.14985784130087168,0.1374638643360751,0.1061435463564738,0.2891183575848258,0.008091307125286074,0.004197513717311529,0.011898594642335742,0.04197865704388687,0.03208546525398788,0.08396867153595068,0.5031211040917462,0.5,0.5001712226667117,0.5811355978114833,0.5521549067512135,0.5920477729882991,0.1034931758670161,0.0559854713843964,0.1773190249848111
logistic_regression_tau_0_2,23,0.03576787602467974,0.023295533683291247,0.08363100335811781,1.0,1.0,1.0,0.006589272775080538,0.0,0.0005011974139531476,1.0,1.0,1.0,0.9934107272249196,1.0,0.9994988025860468,0.0,0.0,0.0,0.06617732660833715,0.04553001807487171,0.14986383803322484,0.1374878564999897,0.10654595420974673,0.289131606080863,0.007171822069348324,0.004509039346900475,0.0076098327001807966,0.04232003874640482,0.03208546525398788,0.08412423763588082,0.5032946363875402,0.5,0.5002505987069766,0.5811355978114833,0.5521549067512135,0.5920477729882991,0.1034931758670161,0.0559854713843964,0.1773190249848111
logistic_regression_tau_0_3,23,0.06569022842684634,0.03236567009554042,0.09582182547341918,0.9735885496832308,1.0,0.9888530571613418,0.0919106019910648,0.0,0.03554108605019043,0.8678217540389596,1.0,0.4436895809569011,0.9080893980089353,1.0,0.9644589139498095,0.02641145031676923,0.0,0.011146942838658159,0.10470771683679417,0.06270150090869589,0.16556882518919222,0.18228400917958304,0.14327563637739962,0.3073679581316778,0.1036065057048074,0.004197513717311529,0.0071254637524625014,0.12599022233437507,0.034236432890848004,0.118427946284644,0.5327495758371478,0.5,0.5121970716057661,0.5811355978114833,0.5521549067512135,0.5920477729882991,0.1034931758670161,0.0559854713843964,0.1773190249848111
logistic_regression_tau_0_4,23,0.08315996711720185,0.03426518423972915,0.14355023544690818,0.9262588257834147,1.0,0.870082253694522,0.16377121825284846,0.0,0.21981257500835663,0.9800641150534714,1.0,0.930367691279233,0.8362287817471514,1.0,0.7801874249916433,0.07374117421658541,0.0,0.12991774630547814,0.11912621016739036,0.06625948853955492,0.1968643559048509,0.1876550100189346,0.15067084334116174,0.3014517567980431,0.14355499908891123,0.009738719257062371,0.1799475374753879,0.187017381559369,0.036668783098597516,0.25934242628026183,0.5450150220181316,0.5,0.5449474143514392,0.5811355978114833,0.5521549067512135,0.5920477729882991,0.1034931758670161,0.0559854713843964,0.1773190249848111
logistic_regression_tau_0_5,23,0.21229435899327895,0.15537640086839172,0.32337554918048544,0.4029715179276471,0.23666666666666666,0.28350860537458145,0.7560209377631807,0.9727757309178771,0.8943290569863644,0.9706266231652593,0.9782957586659096,0.9346462746317851,0.24397906223681912,0.027224269082122953,0.10567094301363565,0.5970284820723528,0.7633333333333333,0.7164913946254184,0.16638419565496085,0.1213235294117647,0.23786388710100245,0.1811411691233175,0.14297554910899296,0.24527194181038037,0.15928574795291656,0.15052547288144372,0.19284377881557102,0.7341858907932237,0.9367690235867142,0.8464178103764436,0.579496227845414,0.5521549067512135,0.5889188311804728,0.5811355978114833,0.5521549067512135,0.5920477729882991,0.1034931758670161,0.0559854713843964,0.1773190249848111
logistic_regression_tau_0_6,23,0.2889250124805688,0.24463452713379655,0.3608191789489797,0.1706246208028867,0.13258682246024017,0.21967344007281495,0.979847334888168,0.9845308090535095,0.9513754238517008,0.9703426701137983,0.9768006580237231,0.9328958315855862,0.02015266511183187,0.015469190946490543,0.04862457614829921,0.8293753791971135,0.8674131775397598,0.780326559927185,0.21530618350220926,0.1889451489313563,0.24570023463270665,0.22249684576486703,0.1740591089007945,0.23863930066859976,0.19535014814657692,0.15692649305738263,0.20139447924488718,0.953690199520263,0.9676343299044596,0.8966815497344534,0.5752359778455274,0.5501771033056737,0.5855244319622578,0.5811355978114833,0.5521549067512135,0.5920477729882991,0.1034931758670161,0.0559854713843964,0.1773190249848111
logistic_regression_tau_0_7,23,0.3132515720539771,0.24463452713379655,0.40572274443473216,0.1567393475585537,0.08843632336655592,0.1713144982310619,0.9866354879187567,0.9906655616547395,0.973828265600977,0.9692542860439098,0.9768006580237231,0.9284450071818133,0.013364512081243295,0.009334438345260496,0.026171734399023077,0.8432606524414463,0.9115636766334442,0.8286855017689382,0.20975465668996213,0.186500497391567,0.21813942808502573,0.20946582009920947,0.15913890284797189,0.19515551976206594,0.19869934726702998,0.15732479936904845,0.1985326088209208,0.957948046455645,0.9676343299044596,0.90898678724473,0.5716874177386552,0.5345788238275434,0.5725713819160193,0.5811355978114833,0.5521549067512135,0.5920477729882991,0.1034931758670161,0.0559854713843964,0.1773190249848111
logistic_regression_tau_0_8,23,0.3378730222459899,0.24281303350902425,0.4637985527893932,0.14264266643024778,0.06290262865605331,0.1397959614967194,0.9906347100095853,0.9937304179033569,0.9847982979115643,0.9684928728459651,0.9768006580237231,0.92607613852425,0.009365289990414803,0.006269582096643,0.01520170208843558,0.8573573335697522,0.9370973713439467,0.8602040385032806,0.19887688301648088,0.13536830034241482,0.1958950733234082,0.1963657052789201,0.15581101262163982,0.16734319433378766,0.1962445052351306,0.15692649305738263,0.1985914868788529,0.9604292728263029,0.9676343299044596,0.9148489205265302,0.5666386882199166,0.528172946489269,0.5622971297041418,0.5811355978114833,0.5521549067512135,0.5920477729882991,0.1034931758670161,0.0559854713843964,0.1773190249848111
logistic_regression_tau_0_9,23,0.37912431868627544,0.4098517232980149,0.5101818734655111,0.10296497178701014,0.02142857142857143,0.052779776414480756,0.996698615975287,0.9989277600244396,0.9975296494867038,0.9660075568090827,0.9768006580237231,0.9182320947849238,0.0033013840247131353,0.0010722399755604337,0.002470350513296144,0.8970350282129899,0.9785714285714284,0.9472202235855193,0.19467262403726499,0.1213235294117647,0.1315381890197021,0.19011796467026149,0.12333519434847838,0.10611697360818415,0.19790021043704506,0.1443819244875452,0.1604234587553263,0.9629243946048315,0.9768006580237231,0.9162734444594343,0.5498317938811486,0.5097750591949487,0.5251547129505922,0.5811355978114833,0.5521549067512135,0.5920477729882991,0.1034931758670161,0.0559854713843964,0.1773190249848111
logistic_interactions_tau_0_1,23,0.03576228340611918,0.02319934197627685,0.0836278727587286,1.0,1.0,1.0,0.006242208183492341,0.0,0.0003424453334233055,1.0,1.0,1.0,0.9937577918165077,1.0,0.9996575546665767,0.0,0.0,0.0,0.06616657673746384,0.04534630084845802,0.14985784130087168,0.1374638643360751,0.1061435463564738,0.2891183575848258,0.008091307125286074,0.004197513717311529,0.011898594642335742,0.04197865704388687,0.03208546525398788,0.08396867153595068,0.5031211040917462,0.5,0.5001712226667117,0.5813600800557464,0.5521549067512135,0.5932158302472186,0.10943729973710153,0.05501387064590827,0.18051884376146324
logistic_interactions_tau_0_2,23,0.03576837333657751,0.023295533683291247,0.08363121714563176,1.0,1.0,1.0,0.006614308981794847,0.0,0.000515267238511671,1.0,1.0,1.0,0.9933856910182053,1.0,0.9994847327614883,0.0,0.0,0.0,0.06617829123871517,0.04553001807487171,0.14986425281259083,0.13749006226687932,0.10654595420974673,0.28913255522590775,0.007208886859489832,0.00462708438831326,0.007682724876254205,0.04234457061881688,0.03208546525398788,0.08413809075884505,0.5033071544908974,0.5,0.5002576336192558,0.5813600800557464,0.5521549067512135,0.5932158302472186,0.10943729973710153,0.05501387064590827,0.18051884376146324
logistic_interactions_tau_0_3,23,0.06581728399213173,0.03236567009554042,0.09590576996762346,0.9734534587674268,1.0,0.9889664563725997,0.09205726010558889,0.0,0.03562593385546301,0.9757186232198392,1.0,0.9425443283482082,0.9079427398944111,1.0,0.9643740661445371,0.026546541232573162,0.0,0.011033543627400283,0.10483248648855313,0.06270150090869589,0.16567573035417488,0.1823764102894693,0.14327563637739962,0.30751049859881,0.09773263623617678,0.005808420339010944,0.06753472678123809,0.1261377315985877,0.035822797558928844,0.118557337668857,0.5327553594365078,0.5,0.5122961951140313,0.5813600800557464,0.5521549067512135,0.5932158302472186,0.10943729973710153,0.05501387064590827,0.18051884376146324
logistic_interactions_tau_0_4,23,0.08272803357000134,0.03429069996526215,0.1411989590415902,0.9264948370998662,1.0,0.8724722389279196,0.16349595987848392,0.0008861198283049031,0.21785800102578884,0.9539543404328865,0.9979684765210511,0.9123841849567463,0.8365040401215161,0.999113880171695,0.7821419989742112,0.07350516290013367,0.0,0.12752776107208033,0.11918071807339439,0.06630719782824286,0.19670322253919406,0.1880367666705475,0.15076954451501384,0.30296114859698714,0.1090130111537004,0.008579023108886365,0.10631435826279126,0.18689674286739913,0.036668783098597516,0.25815162968749844,0.5449953984891751,0.5,0.5451651199768541,0.5813600800557464,0.5521549067512135,0.5932158302472186,0.10943729973710153,0.05501387064590827,0.18051884376146324
logistic_interactions_tau_0_5,23,0.21558652475996806,0.19666666666666668,0.33028725456918945,0.4032046710222666,0.23666666666666666,0.2829367074240275,0.7569626336801953,0.9727757309178771,0.8969889857053174,0.9706816088424557,0.9782957586659096,0.9348261343270607,0.2430373663198045,0.027224269082122953,0.10301101429468265,0.5967953289777335,0.7633333333333333,0.7170632925759725,0.1667556899212879,0.1213235294117647,0.239847857453271,0.18120681601676245,0.14297554910899296,0.24563378355573687,0.16104696010882483,0.15265259466733536,0.19700654441227994,0.7350121105653267,0.9367690235867142,0.8486581274237354,0.580083652351231,0.5521549067512135,0.5899628465646723,0.5813600800557464,0.5521549067512135,0.5932158302472186,0.10943729973710153,0.05501387064590827,0.18051884376146324
logistic_interactions_tau_0_6,23,0.29214733144151034,0.24281303350902425,0.36446324069288377,0.17115619686594713,0.13258682246024017,0.2207010713143512,0.9800045844648394,0.9874700466716577,0.9510994612342452,0.9703668236603192,0.9768006580237231,0.9329630760723188,0.019995415535160533,0.012529953328342303,0.04890053876575498,0.8288438031340529,0.8674131775397598,0.7792989286856487,0.21516353696459478,0.1889451489313563,0.24654897306213955,0.22252900853380372,0.1740591089007945,0.2395197468563579,0.19645806105373803,0.15692649305738263,0.2029048806508705,0.9538902273694505,0.9676343299044596,0.8966153819604993,0.5755803906653932,0.5501771033056737,0.585900266274298,0.5813600800557464,0.5521549067512135,0.5932158302472186,0.10943729973710153,0.05501387064590827,0.18051884376146324
logistic_interactions_tau_0_7,23,0.325255518793932,0.24281303350902425,0.4497183187059652,0.155977077099626,0.07608695652173914,0.16596718348847078,0.9879278437765265,0.9912916123753803,0.9791560790272396,0.9692280093056717,0.9768006580237231,0.9282215521265246,0.012072156223473665,0.008708387624619732,0.02084392097276037,0.844022922900374,0.923913043478261,0.8340328165115292,0.20555178971933305,0.186500497391567,0.2154321465622387,0.20588028952087728,0.15956685301511825,0.18955974432200637,0.20025762286944265,0.15945237233247514,0.2095098969305997,0.9588588371005757,0.9676343299044596,0.9126743173471576,0.5719524604380761,0.5335472458333157,0.5725616312578551,0.5813600800557464,0.5521549067512135,0.5932158302472186,0.10943729973710153,0.05501387064590827,0.18051884376146324
logistic_interactions_tau_0_8,23,0.3474997645004874,0.24102448021462103,0.474339825656441,0.14442308603129558,0.06982281284606866,0.14662240592625123,0.9905707705044824,0.9969101929682724,0.9840521484642911,0.9687019583193488,0.9768006580237231,0.9268349382149068,0.009429229495517734,0.0030898070317276227,0.01594785153570883,0.8555769139687045,0.9301771871539314,0.8533775940737488,0.19587766169882978,0.14170652733281575,0.19912341458981747,0.1932862904183649,0.15581101262163982,0.17028262374057898,0.1968498103128216,0.1682744672197925,0.20340562155738143,0.9606352472553548,0.9676343299044596,0.915155626437658,0.567496928267889,0.5309979816207464,0.5653372771952712,0.5813600800557464,0.5521549067512135,0.5932158302472186,0.10943729973710153,0.05501387064590827,0.18051884376146324
logistic_interactions_tau_0_9,23,0.3672248754801319,0.389677807486631,0.5010234583278617,0.10739119456379856,0.029926910299003323,0.07496298352491422,0.9964091745254843,0.9987306185754499,0.9960337650073512,0.9666457977996715,0.9768006580237231,0.9212096974344587,0.00359082547451592,0.0012693814245500839,0.003966234992648581,0.8926088054362016,0.9700730897009967,0.9250370164750857,0.198829060300226,0.1213235294117647,0.14787553030408343,0.1931390275693632,0.12333519434847838,0.11820808305387022,0.19831196534828563,0.14696062373157204,0.17020966940786028,0.9634829870594718,0.9768006580237231,0.9187294330118096,0.5519001845446414,0.5136049750014476,0.5354983742661327,0.5813600800557464,0.5521549067512135,0.5932158302472186,0.10943729973710153,0.05501387064590827,0.18051884376146324
