strategy,family,precision,recall,specificity,npv,fpr,fnr,f1,f2,mcc,accuracy,balanced_accuracy,roc_auc,pr_auc,positive_support
tool:codeql,CWE-190,0.41111111111111115,0.02857142857142857,0.9993015670347101,0.9844186702470662,0.0006984329652900278,0.9714285714285715,0.08413163897034864,0.057602665154152556,0.1330237238465335,0.9837488652933695,0.5139364978030694,0.5139364978030693,0.02269542447174419,140
tool:codeql,CWE-20,0.008094373910570872,0.03823529411764706,0.8160448296958703,0.954458872197546,0.18395517030412958,0.9617647058823529,0.013354475109235172,0.021898242624968374,-0.07384684807580907,0.7857756693158986,0.42714006190675874,0.42714006190675874,0.025557042779287286,340
tool:codeql,CWE-285,0.02857142857142857,0.003389830508474576,0.9965673322919641,0.9666965507553391,0.0034326677080357033,0.9966101694915255,0.030303030303030297,0.0205761316872428,-0.0008479581088675595,0.9634924674023784,0.49997858140021945,0.49997858140021945,0.03762503427140404,291
tool:codeql,CWE-287,0.36899896800825593,0.06907096774193548,0.9914903788433966,0.9327675520608688,0.00850962115660344,0.9309290322580646,0.11553816035898903,0.08229080806284761,0.1343057870978635,0.9257225758861406,0.530280673292666,0.530280673292666,0.07003499246477658,623
tool:codeql,CWE-311,0.3452352472089314,0.20213120213120211,0.9822771277108482,0.9638075273360236,0.017722872289151842,0.7978687978687978,0.25447620872759213,0.22020114275180194,0.2384800945121705,0.9478023409848998,0.5922041649210252,0.5922041649210252,0.1440383263249384,386
tool:codeql,CWE-327,0.7462012884343638,0.6857142857142857,0.9901041062172634,0.986933712597504,0.009895893782736632,0.3142857142857143,0.7129111993301107,0.6959499443764249,0.7030899633557367,0.977911287806258,0.8379091959657746,0.8379091959657746,0.5159652834906705,350
tool:codeql,CWE-330,0.9955555555555555,0.876,0.9998816568047337,0.9963592159717433,0.00011834319526627219,0.124,0.9316643490887613,0.8973911256904639,0.9319536349557691,0.996335243440415,0.9379408284023668,0.9379408284023668,0.8711213220459977,250
tool:codeql,CWE-345,0.596025641025641,0.06037735849056604,0.9970779976048016,0.9426380620473548,0.00292200239519838,0.939622641509434,0.10916234562400502,0.07351296275580255,0.1747966758307676,0.9402603944685808,0.5287276780476838,0.5287276780476838,0.08720299011041789,530
tool:codeql,CWE-400,0.2,0.004,0.999527806690329,0.9712571194999992,0.0004721933096709749,0.9960000000000001,0.0392156862745098,0.02487562189054727,0.024579787418949152,0.9708150414741737,0.5017639033451645,0.5017639033451645,0.025188206828006238,252
tool:codeql,CWE-610,0.5666666666666667,0.026205450733752623,0.9991701937992659,0.9701938273465078,0.0008298062007342053,0.9737945492662474,0.0625,0.040457648815873694,0.11611251994548173,0.9694371696171891,0.5126878222665092,0.5126878222665092,0.05483296365092908,267
tool:codeql,CWE-668,0.029647941693313744,0.016409298464092982,0.9237036769207811,0.8673923841522481,0.07629632307921884,0.9835907015359069,0.021118581891956267,0.018015527689777464,-0.07851080085076577,0.8097940728480404,0.470056487692437,0.470056487692437,0.08023430316200358,1097
tool:codeql,CWE-706,0.40341880341880343,0.053672316384180796,0.9971511350514127,0.9675798174207543,0.002848864948587215,0.9463276836158192,0.09235729801513605,0.06445094453931374,0.13172538009956242,0.9649751523876942,0.5254117257177968,0.5254117257177968,0.06626932877662024,298
tool:codeql,CWE-74,0.39234796258494814,0.479332597227334,0.8551783859626813,0.8938297683525483,0.1448216140373188,0.520667402772666,0.4311493526538608,0.4587143004106987,0.30932894137964656,0.7937795893841301,0.6672554915950076,0.6672554915950076,0.3044987241898562,1427
tool:codeql,CWE-913,0.3333333333333333,0.00909090909090909,0.999767441546027,0.9878653667673138,0.00023255845397303132,0.990909090909091,0.08695652173913045,0.056179775280898875,0.06887054652150768,0.9876397743759519,0.504429175318468,0.504429175318468,0.054054409735776285,107
tool:codeql,CWE-923,0.0,0.0,0.9998818665091553,0.9621149053338234,0.00011813349084465446,1.0,,,-0.004709058149656511,0.9620054730043313,0.49994093325457767,0.49994093325457767,0.0217081353565692,331
tool:joern,CWE-190,,0.0,1.0,0.98397763821482,0.0,1.0,,,,0.98397763821482,0.5,0.5,0.012019388512822183,140
tool:joern,CWE-20,,0.0,1.0,0.9610885499502771,0.0,1.0,,,,0.9610885499502771,0.5,0.5,0.0255323438101945,340
tool:joern,CWE-285,,0.0,1.0,0.9666969916236979,0.0,1.0,,,,0.9666969916236979,0.5,0.5,0.03764300635990953,291
tool:joern,CWE-287,,0.0,1.0,0.9287000448328196,0.0,1.0,,,,0.9287000448328196,0.5,0.5,0.04269088482499978,623
tool:joern,CWE-311,,0.0,1.0,0.9558235625620194,0.0,1.0,,,,0.9558235625620194,0.5,0.5,0.026229357261573417,386
tool:joern,CWE-327,0.8099999999999999,0.06285714285714286,0.9994048867327523,0.9623463084641319,0.0005951132672476722,0.9371428571428572,0.11649691797060217,0.07704602044854084,0.218674593040075,0.9618911147464384,0.5311310147949475,0.5311310147949475,0.10772646780377867,350
tool:joern,CWE-330,,0.0,1.0,0.9713886396693214,0.0,1.0,,,,0.9713886396693214,0.5,0.5,0.03565418421908503,250
tool:joern,CWE-345,,0.0,1.0,0.9393439160989614,0.0,1.0,,,,0.9393439160989614,0.5,0.5,0.04025500328030896,530
tool:joern,CWE-400,,0.0,1.0,0.9711598667478709,0.0,1.0,,,,0.9711598667478709,0.5,0.5,0.021049834982468547,252
tool:joern,CWE-610,,0.0,1.0,0.9694431851280303,0.0,1.0,,,,0.9694431851280303,0.5,0.5,0.030817750690717904,267
tool:joern,CWE-668,,0.0,1.0,0.8744522905972453,0.0,1.0,,,,0.8744522905972453,0.5,0.5,0.07419490689769297,1097
tool:joern,CWE-706,,0.0,1.0,0.9658948132627019,0.0,1.0,,,,0.9658948132627019,0.5,0.5,0.03942215941822754,298
tool:joern,CWE-74,,0.0,1.0,0.8366852949607496,0.0,1.0,,,,0.8366852949607496,0.5,0.5,0.1908531096177317,1427
tool:joern,CWE-913,,0.0,1.0,0.9877545851659212,0.0,1.0,,,,0.9877545851659212,0.5,0.5,0.04569921257720512,107
tool:joern,CWE-923,,0.0,1.0,0.9621191739707895,0.0,1.0,,,,0.9621191739707895,0.5,0.5,0.0217081353565692,331
tool:semgrep,CWE-190,,0.0,1.0,0.98397763821482,0.0,1.0,,,,0.98397763821482,0.5,0.5,0.012019388512822183,140
tool:semgrep,CWE-20,,0.0,1.0,0.9610885499502771,0.0,1.0,,,,0.9610885499502771,0.5,0.5,0.0255323438101945,340
tool:semgrep,CWE-285,0.0125,0.0034482758620689655,0.9908880569497514,0.9665128801465013,0.009111943050248662,0.9965517241379309,0.027027027027027025,0.020161290322580648,-0.010824301835850893,0.9580036201725857,0.4971681664059101,0.4971681664059101,0.03583336350972975,291
tool:semgrep,CWE-287,0.75,0.011264516129032258,0.999877450980392,0.9294375790923335,0.00012254901960784314,0.9887354838709678,0.03682872974211557,0.023353586750240376,0.09696865629604086,0.929387867703489,0.5055709835547122,0.5055709835547122,0.05449059168814032,623
tool:semgrep,CWE-311,0.3915016997977188,0.45864135864135863,0.9670758596411086,0.9747722191605612,0.032924140358891275,0.5413586413586413,0.4220109345808403,0.4431299820246548,0.3947055324358782,0.9446031643677791,0.7128586091412337,0.7128586091412337,0.22912023631142722,386
tool:semgrep,CWE-327,0.7759469696969697,0.35428571428571426,0.9957101336334702,0.9736524140937748,0.0042898663665298644,0.6457142857142857,0.48633162002665137,0.39744085228729154,0.5121313375103969,0.9700166640570727,0.6749979239595922,0.6749979239595922,0.37524293803412095,350
tool:semgrep,CWE-330,0.9209456264775413,0.8720000000000001,0.9977556401276603,0.9962328874817802,0.0022443598723397035,0.128,0.8955387732955364,0.8812060459550152,0.8930268891014146,0.9941551955349437,0.9348778200638301,0.9348778200638301,0.7526723549793851,250
tool:semgrep,CWE-345,0.0,0.0,0.9986608812147967,0.9392675306673969,0.0013391187852032239,1.0,,,-0.008513297751461323,0.9380859636350294,0.49933044060739834,0.49933044060739834,0.04009771790570148,530
tool:semgrep,CWE-400,,0.0,1.0,0.9711598667478709,0.0,1.0,,,,0.9711598667478709,0.5,0.5,0.021049834982468547,252
tool:semgrep,CWE-610,0.6207147375079064,0.33717679944095036,0.9934988075305785,0.9794023715829419,0.006501192469421368,0.6628232005590495,0.43545778583625516,0.3704784181047536,0.4446430590783311,0.9734395318417318,0.6653378034857644,0.6653378034857645,0.2544970325272518,267
tool:semgrep,CWE-668,0.0,0.0,0.9998701298701299,0.8744381264836762,0.00012987012987012987,1.0,,,-0.008993987127036179,0.874338589630787,0.49993506493506495,0.49993506493506495,0.07418852306018928,1097
tool:semgrep,CWE-706,0.48320294099127814,0.43271186440677967,0.9836607551357138,0.9800627019428836,0.016339244864286177,0.5672881355932203,0.4548555772853036,0.4409471758358291,0.43842161020403986,0.9648816602850048,0.7081863097712467,0.7081863097712467,0.28161378024153794,298
tool:semgrep,CWE-74,0.5497951679965319,0.5711495522021838,0.9086362502179155,0.9156303435601831,0.09136374978208447,0.4288504477978162,0.5601939913435185,0.5666970268097776,0.4725313646049667,0.853505095837009,0.7398929012100497,0.7398929012100497,0.4081233034660179,1427
tool:semgrep,CWE-913,0.3414005602240896,0.24415584415584415,0.994208060283422,0.9906486456058413,0.005791939716577986,0.7558441558441558,0.2842976811397864,0.2587063739066595,0.2811312069723386,0.9850088488048361,0.6191819522196331,0.6191819522196331,0.13144595300004708,107
tool:semgrep,CWE-923,,0.0,1.0,0.9621191739707895,0.0,1.0,,,,0.9621191739707895,0.5,0.5,0.0217081353565692,331
or_1_of_3,CWE-190,0.41111111111111115,0.02857142857142857,0.9993015670347101,0.9844186702470662,0.0006984329652900278,0.9714285714285715,0.08413163897034864,0.057602665154152556,0.1330237238465335,0.9837488652933695,0.5139364978030694,0.5139364978030693,0.02269542447174419,140
or_1_of_3,CWE-20,0.008094373910570872,0.03823529411764706,0.8160448296958703,0.954458872197546,0.18395517030412958,0.9617647058823529,0.013354475109235172,0.021898242624968374,-0.07384684807580907,0.7857756693158986,0.42714006190675874,0.42714006190675874,0.025557042779287286,340
or_1_of_3,CWE-285,0.018526315789473686,0.006838106370543542,0.9884043266557156,0.9665430793790396,0.011595673344284308,0.9931618936294564,0.02489177489177489,0.019538703423852482,-0.00838714392237178,0.9557163462672544,0.4976212165131296,0.4976212165131296,0.03582993327968633,291
or_1_of_3,CWE-287,0.38766031457955236,0.07710967741935484,0.9913678298237887,0.9333039406063126,0.008632170176211283,0.9228903225806452,0.12758453758210925,0.09157653844517429,0.14718622220373923,0.9261819530972936,0.5342387536215718,0.5342387536215718,0.07325676817684604,623
or_1_of_3,CWE-311,0.35376947353884347,0.4741924741924741,0.9600108060025395,0.9753015437585285,0.03998919399746059,0.5258075258075258,0.4048535761115171,0.4436591030502376,0.37784351808646577,0.9385352239045902,0.7171016400975068,0.7171016400975068,0.2143568156007794,386
or_1_of_3,CWE-327,0.6978842228315287,0.7514285714285714,0.986290655960798,0.9895934855641947,0.013709344039201954,0.24857142857142858,0.7231267416210152,0.7396980348652973,0.7119131620172416,0.9768834750961959,0.8688596136946847,0.8688596136946847,0.5512607736510376,350
or_1_of_3,CWE-330,0.9177251893665268,0.876,0.997637296932394,0.9963501119224725,0.002362703067605976,0.124,0.8960785705952748,0.8838560609293697,0.8934866281683593,0.994155261631855,0.9368186484661971,0.9368186484661971,0.749226973572066,250
or_1_of_3,CWE-345,0.5136553504974557,0.06037735849056604,0.9957388788195984,0.9425649388615371,0.004261121180401605,0.939622641509434,0.10734611668524711,0.07317374543113223,0.15869069392052035,0.9390024420046487,0.5280581186550822,0.5280581186550822,0.07564012597148306,530
or_1_of_3,CWE-400,0.2,0.004,0.999527806690329,0.9712571194999992,0.0004721933096709749,0.9960000000000001,0.0392156862745098,0.02487562189054727,0.024579787418949152,0.9708150414741737,0.5017639033451645,0.5017639033451645,0.025188206828006238,252
or_1_of_3,CWE-610,0.6044126984126985,0.3446540880503145,0.9926690013298444,0.9796123231798033,0.0073309986701555726,0.6553459119496855,0.4369268531778808,0.3762244348833884,0.44276491934781925,0.9728637089194864,0.6686615446900794,0.6686615446900794,0.24325234034790189,267
or_1_of_3,CWE-668,0.029606619379264155,0.016409298464092982,0.9235738067909111,0.8673762928609889,0.07642619320908897,0.9835907015359069,0.02110817064781259,0.01801250657825011,-0.0786176335080245,0.8096803718815823,0.469991552627502,0.469991552627502,0.08023150380127489,1097
or_1_of_3,CWE-706,0.4596924414927261,0.43271186440677967,0.9821166476111832,0.9800322570878807,0.01788335238881682,0.5672881355932203,0.44436779421311917,0.43698940055984153,0.42645567205175644,0.9633903541617166,0.7074142560089814,0.7074142560089814,0.24659093872141372,298
or_1_of_3,CWE-74,0.3873669964974987,0.615311004784689,0.8100223315977424,0.9151575938427058,0.18997766840225766,0.384688995215311,0.4753139185584409,0.55040628936131,0.3586906036254499,0.7781965863894268,0.7126666681912157,0.7126666681912157,0.31019397464941284,1427
or_1_of_3,CWE-913,0.34068627450980393,0.2532467532467532,0.9939755018294489,0.9907613632845385,0.0060244981705510165,0.7467532467532467,0.2902797534376481,0.26682486583236364,0.28613028088021447,0.9848940380148669,0.6236111275381011,0.6236111275381011,0.1394159238711124,107
or_1_of_3,CWE-923,0.0,0.0,0.9998818665091553,0.9621149053338234,0.00011813349084465446,1.0,,,-0.004709058149656511,0.9620054730043313,0.49994093325457767,0.49994093325457767,0.0217081353565692,331
traditional_2_of_3,CWE-190,,0.0,1.0,0.98397763821482,0.0,1.0,,,,0.98397763821482,0.5,0.5139364978030693,0.02269542447174419,140
traditional_2_of_3,CWE-20,,0.0,1.0,0.9610885499502771,0.0,1.0,,,,0.9610885499502771,0.5,0.42714006190675874,0.025557042779287286,340
traditional_2_of_3,CWE-285,0.0,0.0,0.9990510625859998,0.966666323049725,0.0009489374140000565,1.0,,,-0.006189510346110868,0.9657797413077096,0.4995255312929999,0.49761614498968393,0.0357401003019472,291
traditional_2_of_3,CWE-287,1.0,0.0032258064516129032,1.0,0.9289124333550642,0.0,0.9967741935483871,0.016,0.01006036217303823,0.08658916666081654,0.9289284904923358,0.5016129032258064,0.5342516461721343,0.07632282451140333,623
traditional_2_of_3,CWE-311,0.44737949660150794,0.18658008658008657,0.9893421813494175,0.9633837084581337,0.010657818650582527,0.8134199134199134,0.2628265628265628,0.2110390359219509,0.2685056195391121,0.9538702814480887,0.587961133964752,0.7182984975391753,0.25248789219510315,386
traditional_2_of_3,CWE-327,0.94608547008547,0.32571428571428573,0.999166644364015,0.9726115877280254,0.0008333556359849242,0.6742857142857143,0.48358093785066814,0.3745806471374272,0.5455780587671629,0.9721895815481159,0.6624404650391503,0.8707502829318532,0.6746251570120603,350
traditional_2_of_3,CWE-330,1.0,0.8720000000000001,1.0,0.9962425410379993,0.0,0.128,0.9311932313052134,0.8946693431470949,0.9318473245647475,0.9963351773435036,0.9359999999999999,0.9378285955388803,0.8840696976929345,250
traditional_2_of_3,CWE-345,,0.0,1.0,0.9393439160989614,0.0,1.0,,,,0.9393439160989614,0.5,0.5280581186550822,0.07564012597148306,530
traditional_2_of_3,CWE-400,,0.0,1.0,0.9711598667478709,0.0,1.0,,,,0.9711598667478709,0.5,0.5017639033451645,0.025188206828006238,252
traditional_2_of_3,CWE-610,1.0,0.01872816212438854,1.0,0.969996221080874,0.0,0.9812718378756115,0.060397627064293725,0.038691569999800064,0.17209649896454468,0.9700129925394343,0.5093640810621942,0.668708919669968,0.2584513299836641,267
traditional_2_of_3,CWE-668,,0.0,1.0,0.8744522905972453,0.0,1.0,,,,0.8744522905972453,0.5,0.469991552627502,0.08023150380127489,1097
traditional_2_of_3,CWE-706,0.645,0.053672316384180796,0.9986952425759433,0.9676285724197475,0.0013047574240565721,0.9463276836158192,0.09579304395275767,0.0651029295059293,0.16602884694832878,0.9664664585109823,0.5261837794800621,0.7075936422610346,0.2733474795572687,298
traditional_2_of_3,CWE-74,0.6482131403229204,0.43517114464482887,0.9537923045828544,0.8964085115044196,0.0462076954171456,0.5648288553551712,0.5202337635428924,0.46555565184123104,0.46007796676910323,0.8690880988317122,0.6944817246138417,0.7397334876649,0.4545630853083281,1427
traditional_2_of_3,CWE-913,,0.0,1.0,0.9877545851659212,0.0,1.0,,,,0.9877545851659212,0.5,0.6236111275381011,0.1394159238711124,107
traditional_2_of_3,CWE-923,,0.0,1.0,0.9621191739707895,0.0,1.0,,,,0.9621191739707895,0.5,0.49994093325457767,0.0217081353565692,331
weighted_fire_specificity_silence_sensitivity_tau_0_1,CWE-190,0.41111111111111115,0.02857142857142857,0.9993015670347101,0.9844186702470662,0.0006984329652900278,0.9714285714285715,0.08413163897034864,0.057602665154152556,0.1330237238465335,0.9837488652933695,0.5139364978030694,0.5139364978030693,0.02269542447174419,140
weighted_fire_specificity_silence_sensitivity_tau_0_1,CWE-20,0.008094373910570872,0.03823529411764706,0.8160448296958703,0.954458872197546,0.18395517030412958,0.9617647058823529,0.013354475109235172,0.021898242624968374,-0.07384684807580907,0.7857756693158986,0.42714006190675874,0.42714006190675874,0.025557042779287286,340
weighted_fire_specificity_silence_sensitivity_tau_0_1,CWE-285,0.018526315789473686,0.006838106370543542,0.9884043266557156,0.9665430793790396,0.011595673344284308,0.9931618936294564,0.02489177489177489,0.019538703423852482,-0.00838714392237178,0.9557163462672544,0.4976212165131296,0.49759510253333594,0.035567527112424856,291
weighted_fire_specificity_silence_sensitivity_tau_0_1,CWE-287,0.38766031457955236,0.07710967741935484,0.9913678298237887,0.9333039406063126,0.008632170176211283,0.9228903225806452,0.12758453758210925,0.09157653844517429,0.14718622220373923,0.9261819530972936,0.5342387536215718,0.534217857684386,0.0768253017240738,623
weighted_fire_specificity_silence_sensitivity_tau_0_1,CWE-311,0.35376947353884347,0.4741924741924741,0.9600108060025395,0.9753015437585285,0.03998919399746059,0.5258075258075258,0.4048535761115171,0.4436591030502376,0.37784351808646577,0.9385352239045902,0.7171016400975068,0.7190844384925251,0.263213217910605,386
weighted_fire_specificity_silence_sensitivity_tau_0_1,CWE-327,0.6978842228315287,0.7514285714285714,0.986290655960798,0.9895934855641947,0.013709344039201954,0.24857142857142858,0.7231267416210152,0.7396980348652973,0.7119131620172416,0.9768834750961959,0.8688596136946847,0.8713529716687471,0.6832035918432253,350
weighted_fire_specificity_silence_sensitivity_tau_0_1,CWE-330,0.9177251893665268,0.876,0.997637296932394,0.9963501119224725,0.002362703067605976,0.124,0.8960785705952748,0.8838560609293697,0.8934866281683593,0.994155261631855,0.9368186484661971,0.9378380685998631,0.8846530310262679,250
weighted_fire_specificity_silence_sensitivity_tau_0_1,CWE-345,0.5136553504974557,0.06037735849056604,0.9957388788195984,0.9425649388615371,0.004261121180401605,0.939622641509434,0.10734611668524711,0.07317374543113223,0.15869069392052035,0.9390024420046487,0.5280581186550822,0.5280954192917727,0.0869288240165629,530
weighted_fire_specificity_silence_sensitivity_tau_0_1,CWE-400,0.2,0.004,0.999527806690329,0.9712571194999992,0.0004721933096709749,0.9960000000000001,0.0392156862745098,0.02487562189054727,0.024579787418949152,0.9708150414741737,0.5017639033451645,0.5017639033451645,0.025188206828006238,252
weighted_fire_specificity_silence_sensitivity_tau_0_1,CWE-610,0.6044126984126985,0.3446540880503145,0.9926690013298444,0.9796123231798033,0.0073309986701555726,0.6553459119496855,0.4369268531778808,0.3762244348833884,0.44276491934781925,0.9728637089194864,0.6686615446900794,0.6688185272486191,0.27229310881658386,267
weighted_fire_specificity_silence_sensitivity_tau_0_1,CWE-668,0.029647941693313744,0.016409298464092982,0.9237036769207811,0.8673923841522481,0.07629632307921884,0.9835907015359069,0.021118581891956267,0.018015527689777464,-0.07851080085076577,0.8097940728480404,0.470056487692437,0.470056487692437,0.08023430316200358,1097
weighted_fire_specificity_silence_sensitivity_tau_0_1,CWE-706,0.4596924414927261,0.43271186440677967,0.9821166476111832,0.9800322570878807,0.01788335238881682,0.5672881355932203,0.44436779421311917,0.43698940055984153,0.42645567205175644,0.9633903541617166,0.7074142560089814,0.7078924289386426,0.2956324216660524,298
weighted_fire_specificity_silence_sensitivity_tau_0_1,CWE-74,0.3873669964974987,0.615311004784689,0.8100223315977424,0.9151575938427058,0.18997766840225766,0.384688995215311,0.4753139185584409,0.55040628936131,0.3586906036254499,0.7781965863894268,0.7126666681912157,0.7454415397041567,0.4730977327864731,1427
weighted_fire_specificity_silence_sensitivity_tau_0_1,CWE-913,0.34068627450980393,0.2532467532467532,0.9939755018294489,0.9907613632845385,0.0060244981705510165,0.7467532467532467,0.2902797534376481,0.26682486583236364,0.28613028088021447,0.9848940380148669,0.6236111275381011,0.6236124812317596,0.1327203172891422,107
weighted_fire_specificity_silence_sensitivity_tau_0_1,CWE-923,,0.0,1.0,0.9621191739707895,0.0,1.0,,,,0.9621191739707895,0.5,0.5,0.0217081353565692,331
weighted_fire_specificity_silence_sensitivity_tau_0_2,CWE-190,0.41111111111111115,0.02857142857142857,0.9993015670347101,0.9844186702470662,0.0006984329652900278,0.9714285714285715,0.08413163897034864,0.057602665154152556,0.1330237238465335,0.9837488652933695,0.5139364978030694,0.5139364978030693,0.02269542447174419,140
weighted_fire_specificity_silence_sensitivity_tau_0_2,CWE-20,0.008094373910570872,0.03823529411764706,0.8160448296958703,0.954458872197546,0.18395517030412958,0.9617647058823529,0.013354475109235172,0.021898242624968374,-0.07384684807580907,0.7857756693158986,0.42714006190675874,0.42714006190675874,0.025557042779287286,340
weighted_fire_specificity_silence_sensitivity_tau_0_2,CWE-285,0.018526315789473686,0.006838106370543542,0.9884043266557156,0.9665430793790396,0.011595673344284308,0.9931618936294564,0.02489177489177489,0.019538703423852482,-0.00838714392237178,0.9557163462672544,0.4976212165131296,0.49759510253333594,0.035567527112424856,291
weighted_fire_specificity_silence_sensitivity_tau_0_2,CWE-287,0.38766031457955236,0.07710967741935484,0.9913678298237887,0.9333039406063126,0.008632170176211283,0.9228903225806452,0.12758453758210925,0.09157653844517429,0.14718622220373923,0.9261819530972936,0.5342387536215718,0.534217857684386,0.0768253017240738,623
weighted_fire_specificity_silence_sensitivity_tau_0_2,CWE-311,0.35376947353884347,0.4741924741924741,0.9600108060025395,0.9753015437585285,0.03998919399746059,0.5258075258075258,0.4048535761115171,0.4436591030502376,0.37784351808646577,0.9385352239045902,0.7171016400975068,0.7190844384925251,0.263213217910605,386
weighted_fire_specificity_silence_sensitivity_tau_0_2,CWE-327,0.6978842228315287,0.7514285714285714,0.986290655960798,0.9895934855641947,0.013709344039201954,0.24857142857142858,0.7231267416210152,0.7396980348652973,0.7119131620172416,0.9768834750961959,0.8688596136946847,0.8713529716687471,0.6832035918432253,350
weighted_fire_specificity_silence_sensitivity_tau_0_2,CWE-330,0.9177251893665268,0.876,0.997637296932394,0.9963501119224725,0.002362703067605976,0.124,0.8960785705952748,0.8838560609293697,0.8934866281683593,0.994155261631855,0.9368186484661971,0.9378380685998631,0.8846530310262679,250
weighted_fire_specificity_silence_sensitivity_tau_0_2,CWE-345,0.5136553504974557,0.06037735849056604,0.9957388788195984,0.9425649388615371,0.004261121180401605,0.939622641509434,0.10734611668524711,0.07317374543113223,0.15869069392052035,0.9390024420046487,0.5280581186550822,0.5280954192917727,0.0869288240165629,530
weighted_fire_specificity_silence_sensitivity_tau_0_2,CWE-400,0.2,0.004,0.999527806690329,0.9712571194999992,0.0004721933096709749,0.9960000000000001,0.0392156862745098,0.02487562189054727,0.024579787418949152,0.9708150414741737,0.5017639033451645,0.5017639033451645,0.025188206828006238,252
weighted_fire_specificity_silence_sensitivity_tau_0_2,CWE-610,0.6044126984126985,0.3446540880503145,0.9926690013298444,0.9796123231798033,0.0073309986701555726,0.6553459119496855,0.4369268531778808,0.3762244348833884,0.44276491934781925,0.9728637089194864,0.6686615446900794,0.6688185272486191,0.27229310881658386,267
weighted_fire_specificity_silence_sensitivity_tau_0_2,CWE-668,0.029647941693313744,0.016409298464092982,0.9237036769207811,0.8673923841522481,0.07629632307921884,0.9835907015359069,0.021118581891956267,0.018015527689777464,-0.07851080085076577,0.8097940728480404,0.470056487692437,0.470056487692437,0.08023430316200358,1097
weighted_fire_specificity_silence_sensitivity_tau_0_2,CWE-706,0.4596924414927261,0.43271186440677967,0.9821166476111832,0.9800322570878807,0.01788335238881682,0.5672881355932203,0.44436779421311917,0.43698940055984153,0.42645567205175644,0.9633903541617166,0.7074142560089814,0.7078924289386426,0.2956324216660524,298
weighted_fire_specificity_silence_sensitivity_tau_0_2,CWE-74,0.3873669964974987,0.615311004784689,0.8100223315977424,0.9151575938427058,0.18997766840225766,0.384688995215311,0.4753139185584409,0.55040628936131,0.3586906036254499,0.7781965863894268,0.7126666681912157,0.7454415397041567,0.4730977327864731,1427
weighted_fire_specificity_silence_sensitivity_tau_0_2,CWE-913,0.34068627450980393,0.2532467532467532,0.9939755018294489,0.9907613632845385,0.0060244981705510165,0.7467532467532467,0.2902797534376481,0.26682486583236364,0.28613028088021447,0.9848940380148669,0.6236111275381011,0.6236124812317596,0.1327203172891422,107
weighted_fire_specificity_silence_sensitivity_tau_0_2,CWE-923,,0.0,1.0,0.9621191739707895,0.0,1.0,,,,0.9621191739707895,0.5,0.5,0.0217081353565692,331
weighted_fire_specificity_silence_sensitivity_tau_0_3,CWE-190,0.41111111111111115,0.02857142857142857,0.9993015670347101,0.9844186702470662,0.0006984329652900278,0.9714285714285715,0.08413163897034864,0.057602665154152556,0.1330237238465335,0.9837488652933695,0.5139364978030694,0.5139364978030693,0.02269542447174419,140
weighted_fire_specificity_silence_sensitivity_tau_0_3,CWE-20,0.008094373910570872,0.03823529411764706,0.8160448296958703,0.954458872197546,0.18395517030412958,0.9617647058823529,0.013354475109235172,0.021898242624968374,-0.07384684807580907,0.7857756693158986,0.42714006190675874,0.42714006190675874,0.025557042779287286,340
weighted_fire_specificity_silence_sensitivity_tau_0_3,CWE-285,0.018526315789473686,0.006838106370543542,0.9884043266557156,0.9665430793790396,0.011595673344284308,0.9931618936294564,0.02489177489177489,0.019538703423852482,-0.00838714392237178,0.9557163462672544,0.4976212165131296,0.49759510253333594,0.035567527112424856,291
weighted_fire_specificity_silence_sensitivity_tau_0_3,CWE-287,0.38766031457955236,0.07710967741935484,0.9913678298237887,0.9333039406063126,0.008632170176211283,0.9228903225806452,0.12758453758210925,0.09157653844517429,0.14718622220373923,0.9261819530972936,0.5342387536215718,0.534217857684386,0.0768253017240738,623
weighted_fire_specificity_silence_sensitivity_tau_0_3,CWE-311,0.35376947353884347,0.4741924741924741,0.9600108060025395,0.9753015437585285,0.03998919399746059,0.5258075258075258,0.4048535761115171,0.4436591030502376,0.37784351808646577,0.9385352239045902,0.7171016400975068,0.7190844384925251,0.263213217910605,386
weighted_fire_specificity_silence_sensitivity_tau_0_3,CWE-327,0.6978842228315287,0.7514285714285714,0.986290655960798,0.9895934855641947,0.013709344039201954,0.24857142857142858,0.7231267416210152,0.7396980348652973,0.7119131620172416,0.9768834750961959,0.8688596136946847,0.8713529716687471,0.6832035918432253,350
weighted_fire_specificity_silence_sensitivity_tau_0_3,CWE-330,0.9177251893665268,0.876,0.997637296932394,0.9963501119224725,0.002362703067605976,0.124,0.8960785705952748,0.8838560609293697,0.8934866281683593,0.994155261631855,0.9368186484661971,0.9378380685998631,0.8846530310262679,250
weighted_fire_specificity_silence_sensitivity_tau_0_3,CWE-345,0.5136553504974557,0.06037735849056604,0.9957388788195984,0.9425649388615371,0.004261121180401605,0.939622641509434,0.10734611668524711,0.07317374543113223,0.15869069392052035,0.9390024420046487,0.5280581186550822,0.5280954192917727,0.0869288240165629,530
weighted_fire_specificity_silence_sensitivity_tau_0_3,CWE-400,0.2,0.004,0.999527806690329,0.9712571194999992,0.0004721933096709749,0.9960000000000001,0.0392156862745098,0.02487562189054727,0.024579787418949152,0.9708150414741737,0.5017639033451645,0.5017639033451645,0.025188206828006238,252
weighted_fire_specificity_silence_sensitivity_tau_0_3,CWE-610,0.6044126984126985,0.3446540880503145,0.9926690013298444,0.9796123231798033,0.0073309986701555726,0.6553459119496855,0.4369268531778808,0.3762244348833884,0.44276491934781925,0.9728637089194864,0.6686615446900794,0.6688185272486191,0.27229310881658386,267
weighted_fire_specificity_silence_sensitivity_tau_0_3,CWE-668,0.029647941693313744,0.016409298464092982,0.9237036769207811,0.8673923841522481,0.07629632307921884,0.9835907015359069,0.021118581891956267,0.018015527689777464,-0.07851080085076577,0.8097940728480404,0.470056487692437,0.470056487692437,0.08023430316200358,1097
weighted_fire_specificity_silence_sensitivity_tau_0_3,CWE-706,0.4596924414927261,0.43271186440677967,0.9821166476111832,0.9800322570878807,0.01788335238881682,0.5672881355932203,0.44436779421311917,0.43698940055984153,0.42645567205175644,0.9633903541617166,0.7074142560089814,0.7078924289386426,0.2956324216660524,298
weighted_fire_specificity_silence_sensitivity_tau_0_3,CWE-74,0.3873669964974987,0.615311004784689,0.8100223315977424,0.9151575938427058,0.18997766840225766,0.384688995215311,0.4753139185584409,0.55040628936131,0.3586906036254499,0.7781965863894268,0.7126666681912157,0.7454415397041567,0.4730977327864731,1427
weighted_fire_specificity_silence_sensitivity_tau_0_3,CWE-913,0.34068627450980393,0.2532467532467532,0.9939755018294489,0.9907613632845385,0.0060244981705510165,0.7467532467532467,0.2902797534376481,0.26682486583236364,0.28613028088021447,0.9848940380148669,0.6236111275381011,0.6236124812317596,0.1327203172891422,107
weighted_fire_specificity_silence_sensitivity_tau_0_3,CWE-923,,0.0,1.0,0.9621191739707895,0.0,1.0,,,,0.9621191739707895,0.5,0.5,0.0217081353565692,331
weighted_fire_specificity_silence_sensitivity_tau_0_4,CWE-190,0.41111111111111115,0.02857142857142857,0.9993015670347101,0.9844186702470662,0.0006984329652900278,0.9714285714285715,0.08413163897034864,0.057602665154152556,0.1330237238465335,0.9837488652933695,0.5139364978030694,0.5139364978030693,0.02269542447174419,140
weighted_fire_specificity_silence_sensitivity_tau_0_4,CWE-20,0.008094373910570872,0.03823529411764706,0.8160448296958703,0.954458872197546,0.18395517030412958,0.9617647058823529,0.013354475109235172,0.021898242624968374,-0.07384684807580907,0.7857756693158986,0.42714006190675874,0.42714006190675874,0.025557042779287286,340
weighted_fire_specificity_silence_sensitivity_tau_0_4,CWE-285,0.018526315789473686,0.006838106370543542,0.9884043266557156,0.9665430793790396,0.011595673344284308,0.9931618936294564,0.02489177489177489,0.019538703423852482,-0.00838714392237178,0.9557163462672544,0.4976212165131296,0.49759510253333594,0.035567527112424856,291
weighted_fire_specificity_silence_sensitivity_tau_0_4,CWE-287,0.38766031457955236,0.07710967741935484,0.9913678298237887,0.9333039406063126,0.008632170176211283,0.9228903225806452,0.12758453758210925,0.09157653844517429,0.14718622220373923,0.9261819530972936,0.5342387536215718,0.534217857684386,0.0768253017240738,623
weighted_fire_specificity_silence_sensitivity_tau_0_4,CWE-311,0.35376947353884347,0.4741924741924741,0.9600108060025395,0.9753015437585285,0.03998919399746059,0.5258075258075258,0.4048535761115171,0.4436591030502376,0.37784351808646577,0.9385352239045902,0.7171016400975068,0.7190844384925251,0.263213217910605,386
weighted_fire_specificity_silence_sensitivity_tau_0_4,CWE-327,0.6978842228315287,0.7514285714285714,0.986290655960798,0.9895934855641947,0.013709344039201954,0.24857142857142858,0.7231267416210152,0.7396980348652973,0.7119131620172416,0.9768834750961959,0.8688596136946847,0.8713529716687471,0.6832035918432253,350
weighted_fire_specificity_silence_sensitivity_tau_0_4,CWE-330,0.9177251893665268,0.876,0.997637296932394,0.9963501119224725,0.002362703067605976,0.124,0.8960785705952748,0.8838560609293697,0.8934866281683593,0.994155261631855,0.9368186484661971,0.9378380685998631,0.8846530310262679,250
weighted_fire_specificity_silence_sensitivity_tau_0_4,CWE-345,0.5136553504974557,0.06037735849056604,0.9957388788195984,0.9425649388615371,0.004261121180401605,0.939622641509434,0.10734611668524711,0.07317374543113223,0.15869069392052035,0.9390024420046487,0.5280581186550822,0.5280954192917727,0.0869288240165629,530
weighted_fire_specificity_silence_sensitivity_tau_0_4,CWE-400,0.2,0.004,0.999527806690329,0.9712571194999992,0.0004721933096709749,0.9960000000000001,0.0392156862745098,0.02487562189054727,0.024579787418949152,0.9708150414741737,0.5017639033451645,0.5017639033451645,0.025188206828006238,252
weighted_fire_specificity_silence_sensitivity_tau_0_4,CWE-610,0.6044126984126985,0.3446540880503145,0.9926690013298444,0.9796123231798033,0.0073309986701555726,0.6553459119496855,0.4369268531778808,0.3762244348833884,0.44276491934781925,0.9728637089194864,0.6686615446900794,0.6688185272486191,0.27229310881658386,267
weighted_fire_specificity_silence_sensitivity_tau_0_4,CWE-668,0.029647941693313744,0.016409298464092982,0.9237036769207811,0.8673923841522481,0.07629632307921884,0.9835907015359069,0.021118581891956267,0.018015527689777464,-0.07851080085076577,0.8097940728480404,0.470056487692437,0.470056487692437,0.08023430316200358,1097
weighted_fire_specificity_silence_sensitivity_tau_0_4,CWE-706,0.4596924414927261,0.43271186440677967,0.9821166476111832,0.9800322570878807,0.01788335238881682,0.5672881355932203,0.44436779421311917,0.43698940055984153,0.42645567205175644,0.9633903541617166,0.7074142560089814,0.7078924289386426,0.2956324216660524,298
weighted_fire_specificity_silence_sensitivity_tau_0_4,CWE-74,0.3873669964974987,0.615311004784689,0.8100223315977424,0.9151575938427058,0.18997766840225766,0.384688995215311,0.4753139185584409,0.55040628936131,0.3586906036254499,0.7781965863894268,0.7126666681912157,0.7454415397041567,0.4730977327864731,1427
weighted_fire_specificity_silence_sensitivity_tau_0_4,CWE-913,0.34068627450980393,0.2532467532467532,0.9939755018294489,0.9907613632845385,0.0060244981705510165,0.7467532467532467,0.2902797534376481,0.26682486583236364,0.28613028088021447,0.9848940380148669,0.6236111275381011,0.6236124812317596,0.1327203172891422,107
weighted_fire_specificity_silence_sensitivity_tau_0_4,CWE-923,,0.0,1.0,0.9621191739707895,0.0,1.0,,,,0.9621191739707895,0.5,0.5,0.0217081353565692,331
weighted_fire_specificity_silence_sensitivity_tau_0_5,CWE-190,0.41111111111111115,0.02857142857142857,0.9993015670347101,0.9844186702470662,0.0006984329652900278,0.9714285714285715,0.08413163897034864,0.057602665154152556,0.1330237238465335,0.9837488652933695,0.5139364978030694,0.5139364978030693,0.02269542447174419,140
weighted_fire_specificity_silence_sensitivity_tau_0_5,CWE-20,0.008094373910570872,0.03823529411764706,0.8160448296958703,0.954458872197546,0.18395517030412958,0.9617647058823529,0.013354475109235172,0.021898242624968374,-0.07384684807580907,0.7857756693158986,0.42714006190675874,0.42714006190675874,0.025557042779287286,340
weighted_fire_specificity_silence_sensitivity_tau_0_5,CWE-285,0.018526315789473686,0.006838106370543542,0.9884043266557156,0.9665430793790396,0.011595673344284308,0.9931618936294564,0.02489177489177489,0.019538703423852482,-0.00838714392237178,0.9557163462672544,0.4976212165131296,0.49759510253333594,0.035567527112424856,291
weighted_fire_specificity_silence_sensitivity_tau_0_5,CWE-287,0.38766031457955236,0.07710967741935484,0.9913678298237887,0.9333039406063126,0.008632170176211283,0.9228903225806452,0.12758453758210925,0.09157653844517429,0.14718622220373923,0.9261819530972936,0.5342387536215718,0.534217857684386,0.0768253017240738,623
weighted_fire_specificity_silence_sensitivity_tau_0_5,CWE-311,0.35376947353884347,0.4741924741924741,0.9600108060025395,0.9753015437585285,0.03998919399746059,0.5258075258075258,0.4048535761115171,0.4436591030502376,0.37784351808646577,0.9385352239045902,0.7171016400975068,0.7190844384925251,0.263213217910605,386
weighted_fire_specificity_silence_sensitivity_tau_0_5,CWE-327,0.7001377439582893,0.7514285714285714,0.9864104881956692,0.9895944913503388,0.013589511804330772,0.24857142857142858,0.7242614933940648,0.7401538753211379,0.7131039666341078,0.9769984837218428,0.8689195298121204,0.8713529716687471,0.6832035918432253,350
weighted_fire_specificity_silence_sensitivity_tau_0_5,CWE-330,0.9177251893665268,0.876,0.997637296932394,0.9963501119224725,0.002362703067605976,0.124,0.8960785705952748,0.8838560609293697,0.8934866281683593,0.994155261631855,0.9368186484661971,0.9378380685998631,0.8846530310262679,250
weighted_fire_specificity_silence_sensitivity_tau_0_5,CWE-345,0.5136553504974557,0.06037735849056604,0.9957388788195984,0.9425649388615371,0.004261121180401605,0.939622641509434,0.10734611668524711,0.07317374543113223,0.15869069392052035,0.9390024420046487,0.5280581186550822,0.5280954192917727,0.0869288240165629,530
weighted_fire_specificity_silence_sensitivity_tau_0_5,CWE-400,0.2,0.004,0.999527806690329,0.9712571194999992,0.0004721933096709749,0.9960000000000001,0.0392156862745098,0.02487562189054727,0.024579787418949152,0.9708150414741737,0.5017639033451645,0.5017639033451645,0.025188206828006238,252
weighted_fire_specificity_silence_sensitivity_tau_0_5,CWE-610,0.6044126984126985,0.3446540880503145,0.9926690013298444,0.9796123231798033,0.0073309986701555726,0.6553459119496855,0.4369268531778808,0.3762244348833884,0.44276491934781925,0.9728637089194864,0.6686615446900794,0.6688185272486191,0.27229310881658386,267
weighted_fire_specificity_silence_sensitivity_tau_0_5,CWE-668,0.029647941693313744,0.016409298464092982,0.9237036769207811,0.8673923841522481,0.07629632307921884,0.9835907015359069,0.021118581891956267,0.018015527689777464,-0.07851080085076577,0.8097940728480404,0.470056487692437,0.470056487692437,0.08023430316200358,1097
weighted_fire_specificity_silence_sensitivity_tau_0_5,CWE-706,0.4596924414927261,0.43271186440677967,0.9821166476111832,0.9800322570878807,0.01788335238881682,0.5672881355932203,0.44436779421311917,0.43698940055984153,0.42645567205175644,0.9633903541617166,0.7074142560089814,0.7078924289386426,0.2956324216660524,298
weighted_fire_specificity_silence_sensitivity_tau_0_5,CWE-74,0.3873669964974987,0.615311004784689,0.8100223315977424,0.9151575938427058,0.18997766840225766,0.384688995215311,0.4753139185584409,0.55040628936131,0.3586906036254499,0.7781965863894268,0.7126666681912157,0.7454415397041567,0.4730977327864731,1427
weighted_fire_specificity_silence_sensitivity_tau_0_5,CWE-913,0.34068627450980393,0.2532467532467532,0.9939755018294489,0.9907613632845385,0.0060244981705510165,0.7467532467532467,0.2902797534376481,0.26682486583236364,0.28613028088021447,0.9848940380148669,0.6236111275381011,0.6236124812317596,0.1327203172891422,107
weighted_fire_specificity_silence_sensitivity_tau_0_5,CWE-923,,0.0,1.0,0.9621191739707895,0.0,1.0,,,,0.9621191739707895,0.5,0.5,0.0217081353565692,331
weighted_fire_specificity_silence_sensitivity_tau_0_6,CWE-190,0.41111111111111115,0.02857142857142857,0.9993015670347101,0.9844186702470662,0.0006984329652900278,0.9714285714285715,0.08413163897034864,0.057602665154152556,0.1330237238465335,0.9837488652933695,0.5139364978030694,0.5139364978030693,0.02269542447174419,140
weighted_fire_specificity_silence_sensitivity_tau_0_6,CWE-20,0.008094373910570872,0.03823529411764706,0.8160448296958703,0.954458872197546,0.18395517030412958,0.9617647058823529,0.013354475109235172,0.021898242624968374,-0.07384684807580907,0.7857756693158986,0.42714006190675874,0.42714006190675874,0.025557042779287286,340
weighted_fire_specificity_silence_sensitivity_tau_0_6,CWE-285,0.018526315789473686,0.006838106370543542,0.9884043266557156,0.9665430793790396,0.011595673344284308,0.9931618936294564,0.02489177489177489,0.019538703423852482,-0.00838714392237178,0.9557163462672544,0.4976212165131296,0.49759510253333594,0.035567527112424856,291
weighted_fire_specificity_silence_sensitivity_tau_0_6,CWE-287,0.38766031457955236,0.07710967741935484,0.9913678298237887,0.9333039406063126,0.008632170176211283,0.9228903225806452,0.12758453758210925,0.09157653844517429,0.14718622220373923,0.9261819530972936,0.5342387536215718,0.534217857684386,0.0768253017240738,623
weighted_fire_specificity_silence_sensitivity_tau_0_6,CWE-311,0.35376947353884347,0.4741924741924741,0.9600108060025395,0.9753015437585285,0.03998919399746059,0.5258075258075258,0.4048535761115171,0.4436591030502376,0.37784351808646577,0.9385352239045902,0.7171016400975068,0.7190844384925251,0.263213217910605,386
weighted_fire_specificity_silence_sensitivity_tau_0_6,CWE-327,0.7523748629886737,0.7228571428571429,0.9898669989262142,0.9884550187897523,0.010133001073785832,0.27714285714285714,0.735892506509697,0.7276811009249169,0.7259947045149735,0.9791714012128863,0.8563620708916785,0.8713529716687471,0.6832035918432253,350
weighted_fire_specificity_silence_sensitivity_tau_0_6,CWE-330,1.0,0.8720000000000001,1.0,0.9962425410379993,0.0,0.128,0.9311932313052134,0.8946693431470949,0.9318473245647475,0.9963351773435036,0.9359999999999999,0.9378380685998631,0.8846530310262679,250
weighted_fire_specificity_silence_sensitivity_tau_0_6,CWE-345,0.5136553504974557,0.06037735849056604,0.9957388788195984,0.9425649388615371,0.004261121180401605,0.939622641509434,0.10734611668524711,0.07317374543113223,0.15869069392052035,0.9390024420046487,0.5280581186550822,0.5280954192917727,0.0869288240165629,530
weighted_fire_specificity_silence_sensitivity_tau_0_6,CWE-400,0.2,0.004,0.999527806690329,0.9712571194999992,0.0004721933096709749,0.9960000000000001,0.0392156862745098,0.02487562189054727,0.024579787418949152,0.9708150414741737,0.5017639033451645,0.5017639033451645,0.025188206828006238,252
weighted_fire_specificity_silence_sensitivity_tau_0_6,CWE-610,0.6044126984126985,0.3446540880503145,0.9926690013298444,0.9796123231798033,0.0073309986701555726,0.6553459119496855,0.4369268531778808,0.3762244348833884,0.44276491934781925,0.9728637089194864,0.6686615446900794,0.6688185272486191,0.27229310881658386,267
weighted_fire_specificity_silence_sensitivity_tau_0_6,CWE-668,0.029647941693313744,0.016409298464092982,0.9237036769207811,0.8673923841522481,0.07629632307921884,0.9835907015359069,0.021118581891956267,0.018015527689777464,-0.07851080085076577,0.8097940728480404,0.470056487692437,0.470056487692437,0.08023430316200358,1097
weighted_fire_specificity_silence_sensitivity_tau_0_6,CWE-706,0.4596924414927261,0.43271186440677967,0.9821166476111832,0.9800322570878807,0.01788335238881682,0.5672881355932203,0.44436779421311917,0.43698940055984153,0.42645567205175644,0.9633903541617166,0.7074142560089814,0.7078924289386426,0.2956324216660524,298
weighted_fire_specificity_silence_sensitivity_tau_0_6,CWE-74,0.5154998337011977,0.5837811311495522,0.888663424130959,0.9164903425023738,0.111336575869041,0.4162188688504478,0.5432657974683615,0.565389944587399,0.4508496991403539,0.8388209751767928,0.7362222776402556,0.7454415397041567,0.4730977327864731,1427
weighted_fire_specificity_silence_sensitivity_tau_0_6,CWE-913,0.34068627450980393,0.2532467532467532,0.9939755018294489,0.9907613632845385,0.0060244981705510165,0.7467532467532467,0.2902797534376481,0.26682486583236364,0.28613028088021447,0.9848940380148669,0.6236111275381011,0.6236124812317596,0.1327203172891422,107
weighted_fire_specificity_silence_sensitivity_tau_0_6,CWE-923,,0.0,1.0,0.9621191739707895,0.0,1.0,,,,0.9621191739707895,0.5,0.5,0.0217081353565692,331
weighted_fire_specificity_silence_sensitivity_tau_0_7,CWE-190,0.41111111111111115,0.02857142857142857,0.9993015670347101,0.9844186702470662,0.0006984329652900278,0.9714285714285715,0.08413163897034864,0.057602665154152556,0.1330237238465335,0.9837488652933695,0.5139364978030694,0.5139364978030693,0.02269542447174419,140
weighted_fire_specificity_silence_sensitivity_tau_0_7,CWE-20,0.008094373910570872,0.03823529411764706,0.8160448296958703,0.954458872197546,0.18395517030412958,0.9617647058823529,0.013354475109235172,0.021898242624968374,-0.07384684807580907,0.7857756693158986,0.42714006190675874,0.42714006190675874,0.025557042779287286,340
weighted_fire_specificity_silence_sensitivity_tau_0_7,CWE-285,0.018526315789473686,0.006838106370543542,0.9884043266557156,0.9665430793790396,0.011595673344284308,0.9931618936294564,0.02489177489177489,0.019538703423852482,-0.00838714392237178,0.9557163462672544,0.4976212165131296,0.49759510253333594,0.035567527112424856,291
weighted_fire_specificity_silence_sensitivity_tau_0_7,CWE-287,0.38766031457955236,0.07710967741935484,0.9913678298237887,0.9333039406063126,0.008632170176211283,0.9228903225806452,0.12758453758210925,0.09157653844517429,0.14718622220373923,0.9261819530972936,0.5342387536215718,0.534217857684386,0.0768253017240738,623
weighted_fire_specificity_silence_sensitivity_tau_0_7,CWE-311,0.3915016997977188,0.45864135864135863,0.9670758596411086,0.9747722191605612,0.032924140358891275,0.5413586413586413,0.4220109345808403,0.4431299820246548,0.3947055324358782,0.9446031643677791,0.7128586091412337,0.7190844384925251,0.263213217910605,386
weighted_fire_specificity_silence_sensitivity_tau_0_7,CWE-327,0.7930807453416149,0.6542857142857142,0.9921195181911816,0.985754211911391,0.007880481808818434,0.34571428571428575,0.6951907521237322,0.6676283404199235,0.6985884337762056,0.9786022492493119,0.8232026162384478,0.8713529716687471,0.6832035918432253,350
weighted_fire_specificity_silence_sensitivity_tau_0_7,CWE-330,1.0,0.8720000000000001,1.0,0.9962425410379993,0.0,0.128,0.9311932313052134,0.8946693431470949,0.9318473245647475,0.9963351773435036,0.9359999999999999,0.9378380685998631,0.8846530310262679,250
weighted_fire_specificity_silence_sensitivity_tau_0_7,CWE-345,0.5136553504974557,0.06037735849056604,0.9957388788195984,0.9425649388615371,0.004261121180401605,0.939622641509434,0.10734611668524711,0.07317374543113223,0.15869069392052035,0.9390024420046487,0.5280581186550822,0.5280954192917727,0.0869288240165629,530
weighted_fire_specificity_silence_sensitivity_tau_0_7,CWE-400,0.2,0.004,0.999527806690329,0.9712571194999992,0.0004721933096709749,0.9960000000000001,0.0392156862745098,0.02487562189054727,0.024579787418949152,0.9708150414741737,0.5017639033451645,0.5017639033451645,0.025188206828006238,252
weighted_fire_specificity_silence_sensitivity_tau_0_7,CWE-610,0.6044126984126985,0.3446540880503145,0.9926690013298444,0.9796123231798033,0.0073309986701555726,0.6553459119496855,0.4369268531778808,0.3762244348833884,0.44276491934781925,0.9728637089194864,0.6686615446900794,0.6688185272486191,0.27229310881658386,267
weighted_fire_specificity_silence_sensitivity_tau_0_7,CWE-668,0.029647941693313744,0.016409298464092982,0.9237036769207811,0.8673923841522481,0.07629632307921884,0.9835907015359069,0.021118581891956267,0.018015527689777464,-0.07851080085076577,0.8097940728480404,0.470056487692437,0.470056487692437,0.08023430316200358,1097
weighted_fire_specificity_silence_sensitivity_tau_0_7,CWE-706,0.4774620990011195,0.43271186440677967,0.9833033995669229,0.9800573778096524,0.016696600433077125,0.5672881355932203,0.4519626168224299,0.43978435938363736,0.4353596812905349,0.9645366344080639,0.7080076319868513,0.7078924289386426,0.2956324216660524,298
weighted_fire_specificity_silence_sensitivity_tau_0_7,CWE-74,0.6482131403229204,0.43517114464482887,0.9537923045828544,0.8964085115044196,0.0462076954171456,0.5648288553551712,0.5202337635428924,0.46555565184123104,0.46007796676910323,0.8690880988317122,0.6944817246138417,0.7454415397041567,0.4730977327864731,1427
weighted_fire_specificity_silence_sensitivity_tau_0_7,CWE-913,0.34068627450980393,0.2532467532467532,0.9939755018294489,0.9907613632845385,0.0060244981705510165,0.7467532467532467,0.2902797534376481,0.26682486583236364,0.28613028088021447,0.9848940380148669,0.6236111275381011,0.6236124812317596,0.1327203172891422,107
weighted_fire_specificity_silence_sensitivity_tau_0_7,CWE-923,,0.0,1.0,0.9621191739707895,0.0,1.0,,,,0.9621191739707895,0.5,0.5,0.0217081353565692,331
weighted_fire_specificity_silence_sensitivity_tau_0_8,CWE-190,0.41111111111111115,0.02857142857142857,0.9993015670347101,0.9844186702470662,0.0006984329652900278,0.9714285714285715,0.08413163897034864,0.057602665154152556,0.1330237238465335,0.9837488652933695,0.5139364978030694,0.5139364978030693,0.02269542447174419,140
weighted_fire_specificity_silence_sensitivity_tau_0_8,CWE-20,0.008094373910570872,0.03823529411764706,0.8160448296958703,0.954458872197546,0.18395517030412958,0.9617647058823529,0.013354475109235172,0.021898242624968374,-0.07384684807580907,0.7857756693158986,0.42714006190675874,0.42714006190675874,0.025557042779287286,340
weighted_fire_specificity_silence_sensitivity_tau_0_8,CWE-285,0.018526315789473686,0.006838106370543542,0.9884043266557156,0.9665430793790396,0.011595673344284308,0.9931618936294564,0.02489177489177489,0.019538703423852482,-0.00838714392237178,0.9557163462672544,0.4976212165131296,0.49759510253333594,0.035567527112424856,291
weighted_fire_specificity_silence_sensitivity_tau_0_8,CWE-287,0.38766031457955236,0.07710967741935484,0.9913678298237887,0.9333039406063126,0.008632170176211283,0.9228903225806452,0.12758453758210925,0.09157653844517429,0.14718622220373923,0.9261819530972936,0.5342387536215718,0.534217857684386,0.0768253017240738,623
weighted_fire_specificity_silence_sensitivity_tau_0_8,CWE-311,0.3915016997977188,0.45864135864135863,0.9670758596411086,0.9747722191605612,0.032924140358891275,0.5413586413586413,0.4220109345808403,0.4431299820246548,0.3947055324358782,0.9446031643677791,0.7128586091412337,0.7190844384925251,0.263213217910605,386
weighted_fire_specificity_silence_sensitivity_tau_0_8,CWE-327,0.9576666666666667,0.2885714285714286,0.9994037516550642,0.9711543451628153,0.0005962483449357244,0.7114285714285714,0.4416746607761999,0.33494387152567817,0.5156798597659009,0.9709294681414876,0.6439875901132465,0.8713529716687471,0.6832035918432253,350
weighted_fire_specificity_silence_sensitivity_tau_0_8,CWE-330,1.0,0.8720000000000001,1.0,0.9962425410379993,0.0,0.128,0.9311932313052134,0.8946693431470949,0.9318473245647475,0.9963351773435036,0.9359999999999999,0.9378380685998631,0.8846530310262679,250
weighted_fire_specificity_silence_sensitivity_tau_0_8,CWE-345,0.5136553504974557,0.06037735849056604,0.9957388788195984,0.9425649388615371,0.004261121180401605,0.939622641509434,0.10734611668524711,0.07317374543113223,0.15869069392052035,0.9390024420046487,0.5280581186550822,0.5280954192917727,0.0869288240165629,530
weighted_fire_specificity_silence_sensitivity_tau_0_8,CWE-400,0.2,0.004,0.999527806690329,0.9712571194999992,0.0004721933096709749,0.9960000000000001,0.0392156862745098,0.02487562189054727,0.024579787418949152,0.9708150414741737,0.5017639033451645,0.5017639033451645,0.025188206828006238,252
weighted_fire_specificity_silence_sensitivity_tau_0_8,CWE-610,0.6207147375079064,0.33717679944095036,0.9934988075305785,0.9794023715829419,0.006501192469421368,0.6628232005590495,0.43545778583625516,0.3704784181047536,0.4446430590783311,0.9734395318417318,0.6653378034857644,0.6688185272486191,0.27229310881658386,267
weighted_fire_specificity_silence_sensitivity_tau_0_8,CWE-668,0.029647941693313744,0.016409298464092982,0.9237036769207811,0.8673923841522481,0.07629632307921884,0.9835907015359069,0.021118581891956267,0.018015527689777464,-0.07851080085076577,0.8097940728480404,0.470056487692437,0.470056487692437,0.08023430316200358,1097
weighted_fire_specificity_silence_sensitivity_tau_0_8,CWE-706,0.48320294099127814,0.43271186440677967,0.9836607551357138,0.9800627019428836,0.016339244864286177,0.5672881355932203,0.4548555772853036,0.4409471758358291,0.43842161020403986,0.9648816602850048,0.7081863097712467,0.7078924289386426,0.2956324216660524,298
weighted_fire_specificity_silence_sensitivity_tau_0_8,CWE-74,0.6482131403229204,0.43517114464482887,0.9537923045828544,0.8964085115044196,0.0462076954171456,0.5648288553551712,0.5202337635428924,0.46555565184123104,0.46007796676910323,0.8690880988317122,0.6944817246138417,0.7454415397041567,0.4730977327864731,1427
weighted_fire_specificity_silence_sensitivity_tau_0_8,CWE-913,0.3315196078431373,0.24415584415584415,0.9939755018294489,0.9906465645354212,0.0060244981705510165,0.7558441558441558,0.280891417733523,0.25758289421175123,0.2768233276942106,0.9847790954861312,0.6190656729926466,0.6236124812317596,0.1327203172891422,107
weighted_fire_specificity_silence_sensitivity_tau_0_8,CWE-923,,0.0,1.0,0.9621191739707895,0.0,1.0,,,,0.9621191739707895,0.5,0.5,0.0217081353565692,331
weighted_fire_specificity_silence_sensitivity_tau_0_9,CWE-190,0.41111111111111115,0.02857142857142857,0.9993015670347101,0.9844186702470662,0.0006984329652900278,0.9714285714285715,0.08413163897034864,0.057602665154152556,0.1330237238465335,0.9837488652933695,0.5139364978030694,0.5139364978030693,0.02269542447174419,140
weighted_fire_specificity_silence_sensitivity_tau_0_9,CWE-20,0.008094373910570872,0.03823529411764706,0.8160448296958703,0.954458872197546,0.18395517030412958,0.9617647058823529,0.013354475109235172,0.021898242624968374,-0.07384684807580907,0.7857756693158986,0.42714006190675874,0.42714006190675874,0.025557042779287286,340
weighted_fire_specificity_silence_sensitivity_tau_0_9,CWE-285,0.018526315789473686,0.006838106370543542,0.9884043266557156,0.9665430793790396,0.011595673344284308,0.9931618936294564,0.02489177489177489,0.019538703423852482,-0.00838714392237178,0.9557163462672544,0.4976212165131296,0.49759510253333594,0.035567527112424856,291
weighted_fire_specificity_silence_sensitivity_tau_0_9,CWE-287,0.38766031457955236,0.07710967741935484,0.9913678298237887,0.9333039406063126,0.008632170176211283,0.9228903225806452,0.12758453758210925,0.09157653844517429,0.14718622220373923,0.9261819530972936,0.5342387536215718,0.534217857684386,0.0768253017240738,623
weighted_fire_specificity_silence_sensitivity_tau_0_9,CWE-311,0.44737949660150794,0.18658008658008657,0.9893421813494175,0.9633837084581337,0.010657818650582527,0.8134199134199134,0.2628265628265628,0.2110390359219509,0.2685056195391121,0.9538702814480887,0.587961133964752,0.7190844384925251,0.263213217910605,386
weighted_fire_specificity_silence_sensitivity_tau_0_9,CWE-327,0.9576666666666667,0.2885714285714286,0.9994037516550642,0.9711543451628153,0.0005962483449357244,0.7114285714285714,0.4416746607761999,0.33494387152567817,0.5156798597659009,0.9709294681414876,0.6439875901132465,0.8713529716687471,0.6832035918432253,350
weighted_fire_specificity_silence_sensitivity_tau_0_9,CWE-330,1.0,0.8720000000000001,1.0,0.9962425410379993,0.0,0.128,0.9311932313052134,0.8946693431470949,0.9318473245647475,0.9963351773435036,0.9359999999999999,0.9378380685998631,0.8846530310262679,250
weighted_fire_specificity_silence_sensitivity_tau_0_9,CWE-345,0.5136553504974557,0.06037735849056604,0.9957388788195984,0.9425649388615371,0.004261121180401605,0.939622641509434,0.10734611668524711,0.07317374543113223,0.15869069392052035,0.9390024420046487,0.5280581186550822,0.5280954192917727,0.0869288240165629,530
weighted_fire_specificity_silence_sensitivity_tau_0_9,CWE-400,0.2,0.004,0.999527806690329,0.9712571194999992,0.0004721933096709749,0.9960000000000001,0.0392156862745098,0.02487562189054727,0.024579787418949152,0.9708150414741737,0.5017639033451645,0.5017639033451645,0.025188206828006238,252
weighted_fire_specificity_silence_sensitivity_tau_0_9,CWE-610,0.6207147375079064,0.33717679944095036,0.9934988075305785,0.9794023715829419,0.006501192469421368,0.6628232005590495,0.43545778583625516,0.3704784181047536,0.4446430590783311,0.9734395318417318,0.6653378034857644,0.6688185272486191,0.27229310881658386,267
weighted_fire_specificity_silence_sensitivity_tau_0_9,CWE-668,0.029647941693313744,0.016409298464092982,0.9237036769207811,0.8673923841522481,0.07629632307921884,0.9835907015359069,0.021118581891956267,0.018015527689777464,-0.07851080085076577,0.8097940728480404,0.470056487692437,0.470056487692437,0.08023430316200358,1097
weighted_fire_specificity_silence_sensitivity_tau_0_9,CWE-706,0.48320294099127814,0.43271186440677967,0.9836607551357138,0.9800627019428836,0.016339244864286177,0.5672881355932203,0.4548555772853036,0.4409471758358291,0.43842161020403986,0.9648816602850048,0.7081863097712467,0.7078924289386426,0.2956324216660524,298
weighted_fire_specificity_silence_sensitivity_tau_0_9,CWE-74,0.6482131403229204,0.43517114464482887,0.9537923045828544,0.8964085115044196,0.0462076954171456,0.5648288553551712,0.5202337635428924,0.46555565184123104,0.46007796676910323,0.8690880988317122,0.6944817246138417,0.7454415397041567,0.4730977327864731,1427
weighted_fire_specificity_silence_sensitivity_tau_0_9,CWE-913,0.3414005602240896,0.24415584415584415,0.994208060283422,0.9906486456058413,0.005791939716577986,0.7558441558441558,0.2842976811397864,0.2587063739066595,0.2811312069723386,0.9850088488048361,0.6191819522196331,0.6236124812317596,0.1327203172891422,107
weighted_fire_specificity_silence_sensitivity_tau_0_9,CWE-923,,0.0,1.0,0.9621191739707895,0.0,1.0,,,,0.9621191739707895,0.5,0.5,0.0217081353565692,331
dst_dempster_fire_specificity_silence_sensitivity_tau_0_1,CWE-190,0.016022361785180003,1.0,0.0,,1.0,0.0,0.03153937622582422,0.0752866211481745,,0.016022361785180003,0.5,0.5139364978030693,0.02269542447174419,140
dst_dempster_fire_specificity_silence_sensitivity_tau_0_1,CWE-20,0.038911450049722865,1.0,0.0,,1.0,0.0,0.07490805123978457,0.16835322798603888,,0.038911450049722865,0.5,0.42714006190675874,0.025557042779287286,340
dst_dempster_fire_specificity_silence_sensitivity_tau_0_1,CWE-285,0.033303008376302,1.0,0.0,,1.0,0.0,0.06445925851822945,0.1469402428232363,,0.033303008376302,0.5,0.4976310371323658,0.03591619539329653,291
dst_dempster_fire_specificity_silence_sensitivity_tau_0_1,CWE-287,0.07129995516718028,1.0,0.0,,1.0,0.0,0.1331087970327322,0.2773860988272806,,0.07129995516718028,0.5,0.5342854346598825,0.08338667974443029,623
dst_dempster_fire_specificity_silence_sensitivity_tau_0_1,CWE-311,0.044176437437980644,1.0,0.0,,1.0,0.0,0.08461463777591287,0.18771057318462436,,0.044176437437980644,0.5,0.7175125565858255,0.2485853042170539,386
dst_dempster_fire_specificity_silence_sensitivity_tau_0_1,CWE-327,0.5532117115362354,0.7857142857142857,0.7884220946819348,0.9887743881495393,0.21157790531806517,0.21428571428571427,0.5795315440057301,0.6111072407439225,0.6933008444232421,0.7882535717420175,0.7870681901981103,0.8710129044071152,0.6649323416912624,350
dst_dempster_fire_specificity_silence_sensitivity_tau_0_1,CWE-330,0.9177251893665268,0.876,0.997637296932394,0.9963501119224725,0.002362703067605976,0.124,0.8960785705952748,0.8838560609293697,0.8934866281683593,0.994155261631855,0.9368186484661971,0.937785997593946,0.8710732385640625,250
dst_dempster_fire_specificity_silence_sensitivity_tau_0_1,CWE-345,0.060656083901038584,1.0,0.0,,1.0,0.0,0.11437450007459755,0.24406351629096842,,0.060656083901038584,0.5,0.5280208180183916,0.07564012597148306,530
dst_dempster_fire_specificity_silence_sensitivity_tau_0_1,CWE-400,0.028840133252129065,1.0,0.0,,1.0,0.0,0.05606322208035598,0.12928482308779377,,0.028840133252129065,0.5,0.5017639033451645,0.025188206828006238,252
dst_dempster_fire_specificity_silence_sensitivity_tau_0_1,CWE-610,0.03055681487196978,1.0,0.0,,1.0,0.0,0.05930139117302187,0.13614228420424332,,0.03055681487196978,0.5,0.6685993120913172,0.2580491261325147,267
dst_dempster_fire_specificity_silence_sensitivity_tau_0_1,CWE-668,0.12554770940275473,1.0,0.0,,1.0,0.0,0.22308629777734232,0.4178777350388125,,0.12554770940275473,0.5,0.470056487692437,0.08023430316200358,1097
dst_dempster_fire_specificity_silence_sensitivity_tau_0_1,CWE-706,0.034105186737298135,1.0,0.0,,1.0,0.0,0.06596052128049668,0.1500534122261133,,0.034105186737298135,0.5,0.7072948555834266,0.27252429811754514,298
dst_dempster_fire_specificity_silence_sensitivity_tau_0_1,CWE-74,0.16331470503925044,1.0,0.0,,1.0,0.0,0.2807734017658668,0.4939127953996799,,0.16331470503925044,0.5,0.7454415397041567,0.4730977327864731,1427
dst_dempster_fire_specificity_silence_sensitivity_tau_0_1,CWE-913,0.012245414834078849,1.0,0.0,,1.0,0.0,0.024194410471654708,0.05836678867973988,,0.012245414834078849,0.5,0.6236097738444426,0.13845220505025072,107
dst_dempster_fire_specificity_silence_sensitivity_tau_0_1,CWE-923,0.03797070280371049,0.8,0.2,0.9624786810687891,0.8,0.2,0.07316332451553383,0.16482003558558123,,0.22287229845672624,0.5,0.5,0.0217081353565692,331
dst_dempster_fire_specificity_silence_sensitivity_tau_0_2,CWE-190,0.016022361785180003,1.0,0.0,,1.0,0.0,0.03153937622582422,0.0752866211481745,,0.016022361785180003,0.5,0.5139364978030693,0.02269542447174419,140
dst_dempster_fire_specificity_silence_sensitivity_tau_0_2,CWE-20,0.038911450049722865,1.0,0.0,,1.0,0.0,0.07490805123978457,0.16835322798603888,,0.038911450049722865,0.5,0.42714006190675874,0.025557042779287286,340
dst_dempster_fire_specificity_silence_sensitivity_tau_0_2,CWE-285,0.033303008376302,1.0,0.0,,1.0,0.0,0.06445925851822945,0.1469402428232363,,0.033303008376302,0.5,0.4976310371323658,0.03591619539329653,291
dst_dempster_fire_specificity_silence_sensitivity_tau_0_2,CWE-287,0.07129995516718028,1.0,0.0,,1.0,0.0,0.1331087970327322,0.2773860988272806,,0.07129995516718028,0.5,0.5342854346598825,0.08338667974443029,623
dst_dempster_fire_specificity_silence_sensitivity_tau_0_2,CWE-311,0.044176437437980644,1.0,0.0,,1.0,0.0,0.08461463777591287,0.18771057318462436,,0.044176437437980644,0.5,0.7175125565858255,0.2485853042170539,386
dst_dempster_fire_specificity_silence_sensitivity_tau_0_2,CWE-327,0.6978842228315287,0.7514285714285714,0.986290655960798,0.9895934855641947,0.013709344039201954,0.24857142857142858,0.7231267416210152,0.7396980348652973,0.7119131620172416,0.9768834750961959,0.8688596136946847,0.8710129044071152,0.6649323416912624,350
dst_dempster_fire_specificity_silence_sensitivity_tau_0_2,CWE-330,0.9177251893665268,0.876,0.997637296932394,0.9963501119224725,0.002362703067605976,0.124,0.8960785705952748,0.8838560609293697,0.8934866281683593,0.994155261631855,0.9368186484661971,0.937785997593946,0.8710732385640625,250
dst_dempster_fire_specificity_silence_sensitivity_tau_0_2,CWE-345,0.060656083901038584,1.0,0.0,,1.0,0.0,0.11437450007459755,0.24406351629096842,,0.060656083901038584,0.5,0.5280208180183916,0.07564012597148306,530
dst_dempster_fire_specificity_silence_sensitivity_tau_0_2,CWE-400,0.028840133252129065,1.0,0.0,,1.0,0.0,0.05606322208035598,0.12928482308779377,,0.028840133252129065,0.5,0.5017639033451645,0.025188206828006238,252
dst_dempster_fire_specificity_silence_sensitivity_tau_0_2,CWE-610,0.03055681487196978,1.0,0.0,,1.0,0.0,0.05930139117302187,0.13614228420424332,,0.03055681487196978,0.5,0.6685993120913172,0.2580491261325147,267
dst_dempster_fire_specificity_silence_sensitivity_tau_0_2,CWE-668,0.12554770940275473,1.0,0.0,,1.0,0.0,0.22308629777734232,0.4178777350388125,,0.12554770940275473,0.5,0.470056487692437,0.08023430316200358,1097
dst_dempster_fire_specificity_silence_sensitivity_tau_0_2,CWE-706,0.034105186737298135,1.0,0.0,,1.0,0.0,0.06596052128049668,0.1500534122261133,,0.034105186737298135,0.5,0.7072948555834266,0.27252429811754514,298
dst_dempster_fire_specificity_silence_sensitivity_tau_0_2,CWE-74,0.3873669964974987,0.615311004784689,0.8100223315977424,0.9151575938427058,0.18997766840225766,0.384688995215311,0.4753139185584409,0.55040628936131,0.3586906036254499,0.7781965863894268,0.7126666681912157,0.7454415397041567,0.4730977327864731,1427
dst_dempster_fire_specificity_silence_sensitivity_tau_0_2,CWE-913,0.012245414834078849,1.0,0.0,,1.0,0.0,0.024194410471654708,0.05836678867973988,,0.012245414834078849,0.5,0.6236097738444426,0.13845220505025072,107
dst_dempster_fire_specificity_silence_sensitivity_tau_0_2,CWE-923,0.03797070280371049,0.8,0.2,0.9624786810687891,0.8,0.2,0.07316332451553383,0.16482003558558123,,0.22287229845672624,0.5,0.5,0.0217081353565692,331
dst_dempster_fire_specificity_silence_sensitivity_tau_0_3,CWE-190,0.016022361785180003,1.0,0.0,,1.0,0.0,0.03153937622582422,0.0752866211481745,,0.016022361785180003,0.5,0.5139364978030693,0.02269542447174419,140
dst_dempster_fire_specificity_silence_sensitivity_tau_0_3,CWE-20,0.038911450049722865,1.0,0.0,,1.0,0.0,0.07490805123978457,0.16835322798603888,,0.038911450049722865,0.5,0.42714006190675874,0.025557042779287286,340
dst_dempster_fire_specificity_silence_sensitivity_tau_0_3,CWE-285,0.033303008376302,1.0,0.0,,1.0,0.0,0.06445925851822945,0.1469402428232363,,0.033303008376302,0.5,0.4976310371323658,0.03591619539329653,291
dst_dempster_fire_specificity_silence_sensitivity_tau_0_3,CWE-287,0.07129995516718028,1.0,0.0,,1.0,0.0,0.1331087970327322,0.2773860988272806,,0.07129995516718028,0.5,0.5342854346598825,0.08338667974443029,623
dst_dempster_fire_specificity_silence_sensitivity_tau_0_3,CWE-311,0.35376947353884347,0.4741924741924741,0.9600108060025395,0.9753015437585285,0.03998919399746059,0.5258075258075258,0.4048535761115171,0.4436591030502376,0.37784351808646577,0.9385352239045902,0.7171016400975068,0.7175125565858255,0.2485853042170539,386
dst_dempster_fire_specificity_silence_sensitivity_tau_0_3,CWE-327,0.6978842228315287,0.7514285714285714,0.986290655960798,0.9895934855641947,0.013709344039201954,0.24857142857142858,0.7231267416210152,0.7396980348652973,0.7119131620172416,0.9768834750961959,0.8688596136946847,0.8710129044071152,0.6649323416912624,350
dst_dempster_fire_specificity_silence_sensitivity_tau_0_3,CWE-330,0.9177251893665268,0.876,0.997637296932394,0.9963501119224725,0.002362703067605976,0.124,0.8960785705952748,0.8838560609293697,0.8934866281683593,0.994155261631855,0.9368186484661971,0.937785997593946,0.8710732385640625,250
dst_dempster_fire_specificity_silence_sensitivity_tau_0_3,CWE-345,0.060656083901038584,1.0,0.0,,1.0,0.0,0.11437450007459755,0.24406351629096842,,0.060656083901038584,0.5,0.5280208180183916,0.07564012597148306,530
dst_dempster_fire_specificity_silence_sensitivity_tau_0_3,CWE-400,0.028840133252129065,1.0,0.0,,1.0,0.0,0.05606322208035598,0.12928482308779377,,0.028840133252129065,0.5,0.5017639033451645,0.025188206828006238,252
dst_dempster_fire_specificity_silence_sensitivity_tau_0_3,CWE-610,0.03055681487196978,1.0,0.0,,1.0,0.0,0.05930139117302187,0.13614228420424332,,0.03055681487196978,0.5,0.6685993120913172,0.2580491261325147,267
dst_dempster_fire_specificity_silence_sensitivity_tau_0_3,CWE-668,0.12554770940275473,1.0,0.0,,1.0,0.0,0.22308629777734232,0.4178777350388125,,0.12554770940275473,0.5,0.470056487692437,0.08023430316200358,1097
dst_dempster_fire_specificity_silence_sensitivity_tau_0_3,CWE-706,0.4596924414927261,0.43271186440677967,0.9821166476111832,0.9800322570878807,0.01788335238881682,0.5672881355932203,0.44436779421311917,0.43698940055984153,0.42645567205175644,0.9633903541617166,0.7074142560089814,0.7072948555834266,0.27252429811754514,298
dst_dempster_fire_specificity_silence_sensitivity_tau_0_3,CWE-74,0.3873669964974987,0.615311004784689,0.8100223315977424,0.9151575938427058,0.18997766840225766,0.384688995215311,0.4753139185584409,0.55040628936131,0.3586906036254499,0.7781965863894268,0.7126666681912157,0.7454415397041567,0.4730977327864731,1427
dst_dempster_fire_specificity_silence_sensitivity_tau_0_3,CWE-913,0.012245414834078849,1.0,0.0,,1.0,0.0,0.024194410471654708,0.05836678867973988,,0.012245414834078849,0.5,0.6236097738444426,0.13845220505025072,107
dst_dempster_fire_specificity_silence_sensitivity_tau_0_3,CWE-923,0.03797070280371049,0.8,0.2,0.9624786810687891,0.8,0.2,0.07316332451553383,0.16482003558558123,,0.22287229845672624,0.5,0.5,0.0217081353565692,331
dst_dempster_fire_specificity_silence_sensitivity_tau_0_4,CWE-190,0.016022361785180003,1.0,0.0,,1.0,0.0,0.03153937622582422,0.0752866211481745,,0.016022361785180003,0.5,0.5139364978030693,0.02269542447174419,140
dst_dempster_fire_specificity_silence_sensitivity_tau_0_4,CWE-20,0.038911450049722865,1.0,0.0,,1.0,0.0,0.07490805123978457,0.16835322798603888,,0.038911450049722865,0.5,0.42714006190675874,0.025557042779287286,340
dst_dempster_fire_specificity_silence_sensitivity_tau_0_4,CWE-285,0.033303008376302,1.0,0.0,,1.0,0.0,0.06445925851822945,0.1469402428232363,,0.033303008376302,0.5,0.4976310371323658,0.03591619539329653,291
dst_dempster_fire_specificity_silence_sensitivity_tau_0_4,CWE-287,0.07129995516718028,1.0,0.0,,1.0,0.0,0.1331087970327322,0.2773860988272806,,0.07129995516718028,0.5,0.5342854346598825,0.08338667974443029,623
dst_dempster_fire_specificity_silence_sensitivity_tau_0_4,CWE-311,0.35376947353884347,0.4741924741924741,0.9600108060025395,0.9753015437585285,0.03998919399746059,0.5258075258075258,0.4048535761115171,0.4436591030502376,0.37784351808646577,0.9385352239045902,0.7171016400975068,0.7175125565858255,0.2485853042170539,386
dst_dempster_fire_specificity_silence_sensitivity_tau_0_4,CWE-327,0.6978842228315287,0.7514285714285714,0.986290655960798,0.9895934855641947,0.013709344039201954,0.24857142857142858,0.7231267416210152,0.7396980348652973,0.7119131620172416,0.9768834750961959,0.8688596136946847,0.8710129044071152,0.6649323416912624,350
dst_dempster_fire_specificity_silence_sensitivity_tau_0_4,CWE-330,0.9177251893665268,0.876,0.997637296932394,0.9963501119224725,0.002362703067605976,0.124,0.8960785705952748,0.8838560609293697,0.8934866281683593,0.994155261631855,0.9368186484661971,0.937785997593946,0.8710732385640625,250
dst_dempster_fire_specificity_silence_sensitivity_tau_0_4,CWE-345,0.060656083901038584,1.0,0.0,,1.0,0.0,0.11437450007459755,0.24406351629096842,,0.060656083901038584,0.5,0.5280208180183916,0.07564012597148306,530
dst_dempster_fire_specificity_silence_sensitivity_tau_0_4,CWE-400,0.028840133252129065,1.0,0.0,,1.0,0.0,0.05606322208035598,0.12928482308779377,,0.028840133252129065,0.5,0.5017639033451645,0.025188206828006238,252
dst_dempster_fire_specificity_silence_sensitivity_tau_0_4,CWE-610,0.6044126984126985,0.3446540880503145,0.9926690013298444,0.9796123231798033,0.0073309986701555726,0.6553459119496855,0.4369268531778808,0.3762244348833884,0.44276491934781925,0.9728637089194864,0.6686615446900794,0.6685993120913172,0.2580491261325147,267
dst_dempster_fire_specificity_silence_sensitivity_tau_0_4,CWE-668,0.12554770940275473,1.0,0.0,,1.0,0.0,0.22308629777734232,0.4178777350388125,,0.12554770940275473,0.5,0.470056487692437,0.08023430316200358,1097
dst_dempster_fire_specificity_silence_sensitivity_tau_0_4,CWE-706,0.4596924414927261,0.43271186440677967,0.9821166476111832,0.9800322570878807,0.01788335238881682,0.5672881355932203,0.44436779421311917,0.43698940055984153,0.42645567205175644,0.9633903541617166,0.7074142560089814,0.7072948555834266,0.27252429811754514,298
dst_dempster_fire_specificity_silence_sensitivity_tau_0_4,CWE-74,0.3873669964974987,0.615311004784689,0.8100223315977424,0.9151575938427058,0.18997766840225766,0.384688995215311,0.4753139185584409,0.55040628936131,0.3586906036254499,0.7781965863894268,0.7126666681912157,0.7454415397041567,0.4730977327864731,1427
dst_dempster_fire_specificity_silence_sensitivity_tau_0_4,CWE-913,0.34068627450980393,0.2532467532467532,0.9939755018294489,0.9907613632845385,0.0060244981705510165,0.7467532467532467,0.2902797534376481,0.26682486583236364,0.28613028088021447,0.9848940380148669,0.6236111275381011,0.6236097738444426,0.13845220505025072,107
dst_dempster_fire_specificity_silence_sensitivity_tau_0_4,CWE-923,0.03797070280371049,0.8,0.2,0.9624786810687891,0.8,0.2,0.07316332451553383,0.16482003558558123,,0.22287229845672624,0.5,0.5,0.0217081353565692,331
dst_dempster_fire_specificity_silence_sensitivity_tau_0_5,CWE-190,0.41111111111111115,0.02857142857142857,0.9993015670347101,0.9844186702470662,0.0006984329652900278,0.9714285714285715,0.08413163897034864,0.057602665154152556,0.1330237238465335,0.9837488652933695,0.5139364978030694,0.5139364978030693,0.02269542447174419,140
dst_dempster_fire_specificity_silence_sensitivity_tau_0_5,CWE-20,0.008094373910570872,0.03823529411764706,0.8160448296958703,0.954458872197546,0.18395517030412958,0.9617647058823529,0.013354475109235172,0.021898242624968374,-0.07384684807580907,0.7857756693158986,0.42714006190675874,0.42714006190675874,0.025557042779287286,340
dst_dempster_fire_specificity_silence_sensitivity_tau_0_5,CWE-285,0.018526315789473686,0.006838106370543542,0.9884043266557156,0.9665430793790396,0.011595673344284308,0.9931618936294564,0.02489177489177489,0.019538703423852482,-0.00838714392237178,0.9557163462672544,0.4976212165131296,0.4976310371323658,0.03591619539329653,291
dst_dempster_fire_specificity_silence_sensitivity_tau_0_5,CWE-287,0.38766031457955236,0.07710967741935484,0.9913678298237887,0.9333039406063126,0.008632170176211283,0.9228903225806452,0.12758453758210925,0.09157653844517429,0.14718622220373923,0.9261819530972936,0.5342387536215718,0.5342854346598825,0.08338667974443029,623
dst_dempster_fire_specificity_silence_sensitivity_tau_0_5,CWE-311,0.35376947353884347,0.4741924741924741,0.9600108060025395,0.9753015437585285,0.03998919399746059,0.5258075258075258,0.4048535761115171,0.4436591030502376,0.37784351808646577,0.9385352239045902,0.7171016400975068,0.7175125565858255,0.2485853042170539,386
dst_dempster_fire_specificity_silence_sensitivity_tau_0_5,CWE-327,0.6978842228315287,0.7514285714285714,0.986290655960798,0.9895934855641947,0.013709344039201954,0.24857142857142858,0.7231267416210152,0.7396980348652973,0.7119131620172416,0.9768834750961959,0.8688596136946847,0.8710129044071152,0.6649323416912624,350
dst_dempster_fire_specificity_silence_sensitivity_tau_0_5,CWE-330,0.9177251893665268,0.876,0.997637296932394,0.9963501119224725,0.002362703067605976,0.124,0.8960785705952748,0.8838560609293697,0.8934866281683593,0.994155261631855,0.9368186484661971,0.937785997593946,0.8710732385640625,250
dst_dempster_fire_specificity_silence_sensitivity_tau_0_5,CWE-345,0.5136553504974557,0.06037735849056604,0.9957388788195984,0.9425649388615371,0.004261121180401605,0.939622641509434,0.10734611668524711,0.07317374543113223,0.15869069392052035,0.9390024420046487,0.5280581186550822,0.5280208180183916,0.07564012597148306,530
dst_dempster_fire_specificity_silence_sensitivity_tau_0_5,CWE-400,0.005685048322910745,0.2,0.7995278066903291,0.9710395449950219,0.20047219330967098,0.8,0.0552791597567717,0.12761613067891783,-0.004134400424407924,0.782071437153537,0.4997639033451645,0.5017639033451645,0.025188206828006238,252
dst_dempster_fire_specificity_silence_sensitivity_tau_0_5,CWE-610,0.6044126984126985,0.3446540880503145,0.9926690013298444,0.9796123231798033,0.0073309986701555726,0.6553459119496855,0.4369268531778808,0.3762244348833884,0.44276491934781925,0.9728637089194864,0.6686615446900794,0.6685993120913172,0.2580491261325147,267
dst_dempster_fire_specificity_silence_sensitivity_tau_0_5,CWE-668,0.029647941693313744,0.016409298464092982,0.9237036769207811,0.8673923841522481,0.07629632307921884,0.9835907015359069,0.021118581891956267,0.018015527689777464,-0.07851080085076577,0.8097940728480404,0.470056487692437,0.470056487692437,0.08023430316200358,1097
dst_dempster_fire_specificity_silence_sensitivity_tau_0_5,CWE-706,0.4596924414927261,0.43271186440677967,0.9821166476111832,0.9800322570878807,0.01788335238881682,0.5672881355932203,0.44436779421311917,0.43698940055984153,0.42645567205175644,0.9633903541617166,0.7074142560089814,0.7072948555834266,0.27252429811754514,298
dst_dempster_fire_specificity_silence_sensitivity_tau_0_5,CWE-74,0.3873669964974987,0.615311004784689,0.8100223315977424,0.9151575938427058,0.18997766840225766,0.384688995215311,0.4753139185584409,0.55040628936131,0.3586906036254499,0.7781965863894268,0.7126666681912157,0.7454415397041567,0.4730977327864731,1427
dst_dempster_fire_specificity_silence_sensitivity_tau_0_5,CWE-913,0.34068627450980393,0.2532467532467532,0.9939755018294489,0.9907613632845385,0.0060244981705510165,0.7467532467532467,0.2902797534376481,0.26682486583236364,0.28613028088021447,0.9848940380148669,0.6236111275381011,0.6236097738444426,0.13845220505025072,107
dst_dempster_fire_specificity_silence_sensitivity_tau_0_5,CWE-923,0.03797070280371049,0.8,0.2,0.9624786810687891,0.8,0.2,0.07316332451553383,0.16482003558558123,,0.22287229845672624,0.5,0.5,0.0217081353565692,331
dst_dempster_fire_specificity_silence_sensitivity_tau_0_6,CWE-190,0.41111111111111115,0.02857142857142857,0.9993015670347101,0.9844186702470662,0.0006984329652900278,0.9714285714285715,0.08413163897034864,0.057602665154152556,0.1330237238465335,0.9837488652933695,0.5139364978030694,0.5139364978030693,0.02269542447174419,140
dst_dempster_fire_specificity_silence_sensitivity_tau_0_6,CWE-20,0.008094373910570872,0.03823529411764706,0.8160448296958703,0.954458872197546,0.18395517030412958,0.9617647058823529,0.013354475109235172,0.021898242624968374,-0.07384684807580907,0.7857756693158986,0.42714006190675874,0.42714006190675874,0.025557042779287286,340
dst_dempster_fire_specificity_silence_sensitivity_tau_0_6,CWE-285,0.018526315789473686,0.006838106370543542,0.9884043266557156,0.9665430793790396,0.011595673344284308,0.9931618936294564,0.02489177489177489,0.019538703423852482,-0.00838714392237178,0.9557163462672544,0.4976212165131296,0.4976310371323658,0.03591619539329653,291
dst_dempster_fire_specificity_silence_sensitivity_tau_0_6,CWE-287,0.38766031457955236,0.07710967741935484,0.9913678298237887,0.9333039406063126,0.008632170176211283,0.9228903225806452,0.12758453758210925,0.09157653844517429,0.14718622220373923,0.9261819530972936,0.5342387536215718,0.5342854346598825,0.08338667974443029,623
dst_dempster_fire_specificity_silence_sensitivity_tau_0_6,CWE-311,0.35376947353884347,0.4741924741924741,0.9600108060025395,0.9753015437585285,0.03998919399746059,0.5258075258075258,0.4048535761115171,0.4436591030502376,0.37784351808646577,0.9385352239045902,0.7171016400975068,0.7175125565858255,0.2485853042170539,386
dst_dempster_fire_specificity_silence_sensitivity_tau_0_6,CWE-327,0.6978842228315287,0.7514285714285714,0.986290655960798,0.9895934855641947,0.013709344039201954,0.24857142857142858,0.7231267416210152,0.7396980348652973,0.7119131620172416,0.9768834750961959,0.8688596136946847,0.8710129044071152,0.6649323416912624,350
dst_dempster_fire_specificity_silence_sensitivity_tau_0_6,CWE-330,0.9177251893665268,0.876,0.997637296932394,0.9963501119224725,0.002362703067605976,0.124,0.8960785705952748,0.8838560609293697,0.8934866281683593,0.994155261631855,0.9368186484661971,0.937785997593946,0.8710732385640625,250
dst_dempster_fire_specificity_silence_sensitivity_tau_0_6,CWE-345,0.5136553504974557,0.06037735849056604,0.9957388788195984,0.9425649388615371,0.004261121180401605,0.939622641509434,0.10734611668524711,0.07317374543113223,0.15869069392052035,0.9390024420046487,0.5280581186550822,0.5280208180183916,0.07564012597148306,530
dst_dempster_fire_specificity_silence_sensitivity_tau_0_6,CWE-400,0.2,0.004,0.999527806690329,0.9712571194999992,0.0004721933096709749,0.9960000000000001,0.0392156862745098,0.02487562189054727,0.024579787418949152,0.9708150414741737,0.5017639033451645,0.5017639033451645,0.025188206828006238,252
dst_dempster_fire_specificity_silence_sensitivity_tau_0_6,CWE-610,0.6044126984126985,0.3446540880503145,0.9926690013298444,0.9796123231798033,0.0073309986701555726,0.6553459119496855,0.4369268531778808,0.3762244348833884,0.44276491934781925,0.9728637089194864,0.6686615446900794,0.6685993120913172,0.2580491261325147,267
dst_dempster_fire_specificity_silence_sensitivity_tau_0_6,CWE-668,0.029647941693313744,0.016409298464092982,0.9237036769207811,0.8673923841522481,0.07629632307921884,0.9835907015359069,0.021118581891956267,0.018015527689777464,-0.07851080085076577,0.8097940728480404,0.470056487692437,0.470056487692437,0.08023430316200358,1097
dst_dempster_fire_specificity_silence_sensitivity_tau_0_6,CWE-706,0.4596924414927261,0.43271186440677967,0.9821166476111832,0.9800322570878807,0.01788335238881682,0.5672881355932203,0.44436779421311917,0.43698940055984153,0.42645567205175644,0.9633903541617166,0.7074142560089814,0.7072948555834266,0.27252429811754514,298
dst_dempster_fire_specificity_silence_sensitivity_tau_0_6,CWE-74,0.3873669964974987,0.615311004784689,0.8100223315977424,0.9151575938427058,0.18997766840225766,0.384688995215311,0.4753139185584409,0.55040628936131,0.3586906036254499,0.7781965863894268,0.7126666681912157,0.7454415397041567,0.4730977327864731,1427
dst_dempster_fire_specificity_silence_sensitivity_tau_0_6,CWE-913,0.34068627450980393,0.2532467532467532,0.9939755018294489,0.9907613632845385,0.0060244981705510165,0.7467532467532467,0.2902797534376481,0.26682486583236364,0.28613028088021447,0.9848940380148669,0.6236111275381011,0.6236097738444426,0.13845220505025072,107
dst_dempster_fire_specificity_silence_sensitivity_tau_0_6,CWE-923,,0.0,1.0,0.9621191739707895,0.0,1.0,,,,0.9621191739707895,0.5,0.5,0.0217081353565692,331
dst_dempster_fire_specificity_silence_sensitivity_tau_0_7,CWE-190,0.41111111111111115,0.02857142857142857,0.9993015670347101,0.9844186702470662,0.0006984329652900278,0.9714285714285715,0.08413163897034864,0.057602665154152556,0.1330237238465335,0.9837488652933695,0.5139364978030694,0.5139364978030693,0.02269542447174419,140
dst_dempster_fire_specificity_silence_sensitivity_tau_0_7,CWE-20,0.008094373910570872,0.03823529411764706,0.8160448296958703,0.954458872197546,0.18395517030412958,0.9617647058823529,0.013354475109235172,0.021898242624968374,-0.07384684807580907,0.7857756693158986,0.42714006190675874,0.42714006190675874,0.025557042779287286,340
dst_dempster_fire_specificity_silence_sensitivity_tau_0_7,CWE-285,0.018526315789473686,0.006838106370543542,0.9884043266557156,0.9665430793790396,0.011595673344284308,0.9931618936294564,0.02489177489177489,0.019538703423852482,-0.00838714392237178,0.9557163462672544,0.4976212165131296,0.4976310371323658,0.03591619539329653,291
dst_dempster_fire_specificity_silence_sensitivity_tau_0_7,CWE-287,0.38766031457955236,0.07710967741935484,0.9913678298237887,0.9333039406063126,0.008632170176211283,0.9228903225806452,0.12758453758210925,0.09157653844517429,0.14718622220373923,0.9261819530972936,0.5342387536215718,0.5342854346598825,0.08338667974443029,623
dst_dempster_fire_specificity_silence_sensitivity_tau_0_7,CWE-311,0.35376947353884347,0.4741924741924741,0.9600108060025395,0.9753015437585285,0.03998919399746059,0.5258075258075258,0.4048535761115171,0.4436591030502376,0.37784351808646577,0.9385352239045902,0.7171016400975068,0.7175125565858255,0.2485853042170539,386
dst_dempster_fire_specificity_silence_sensitivity_tau_0_7,CWE-327,0.6978842228315287,0.7514285714285714,0.986290655960798,0.9895934855641947,0.013709344039201954,0.24857142857142858,0.7231267416210152,0.7396980348652973,0.7119131620172416,0.9768834750961959,0.8688596136946847,0.8710129044071152,0.6649323416912624,350
dst_dempster_fire_specificity_silence_sensitivity_tau_0_7,CWE-330,0.9177251893665268,0.876,0.997637296932394,0.9963501119224725,0.002362703067605976,0.124,0.8960785705952748,0.8838560609293697,0.8934866281683593,0.994155261631855,0.9368186484661971,0.937785997593946,0.8710732385640625,250
dst_dempster_fire_specificity_silence_sensitivity_tau_0_7,CWE-345,0.5136553504974557,0.06037735849056604,0.9957388788195984,0.9425649388615371,0.004261121180401605,0.939622641509434,0.10734611668524711,0.07317374543113223,0.15869069392052035,0.9390024420046487,0.5280581186550822,0.5280208180183916,0.07564012597148306,530
dst_dempster_fire_specificity_silence_sensitivity_tau_0_7,CWE-400,0.2,0.004,0.999527806690329,0.9712571194999992,0.0004721933096709749,0.9960000000000001,0.0392156862745098,0.02487562189054727,0.024579787418949152,0.9708150414741737,0.5017639033451645,0.5017639033451645,0.025188206828006238,252
dst_dempster_fire_specificity_silence_sensitivity_tau_0_7,CWE-610,0.6044126984126985,0.3446540880503145,0.9926690013298444,0.9796123231798033,0.0073309986701555726,0.6553459119496855,0.4369268531778808,0.3762244348833884,0.44276491934781925,0.9728637089194864,0.6686615446900794,0.6685993120913172,0.2580491261325147,267
dst_dempster_fire_specificity_silence_sensitivity_tau_0_7,CWE-668,0.029647941693313744,0.016409298464092982,0.9237036769207811,0.8673923841522481,0.07629632307921884,0.9835907015359069,0.021118581891956267,0.018015527689777464,-0.07851080085076577,0.8097940728480404,0.470056487692437,0.470056487692437,0.08023430316200358,1097
dst_dempster_fire_specificity_silence_sensitivity_tau_0_7,CWE-706,0.4596924414927261,0.43271186440677967,0.9821166476111832,0.9800322570878807,0.01788335238881682,0.5672881355932203,0.44436779421311917,0.43698940055984153,0.42645567205175644,0.9633903541617166,0.7074142560089814,0.7072948555834266,0.27252429811754514,298
dst_dempster_fire_specificity_silence_sensitivity_tau_0_7,CWE-74,0.3873669964974987,0.615311004784689,0.8100223315977424,0.9151575938427058,0.18997766840225766,0.384688995215311,0.4753139185584409,0.55040628936131,0.3586906036254499,0.7781965863894268,0.7126666681912157,0.7454415397041567,0.4730977327864731,1427
dst_dempster_fire_specificity_silence_sensitivity_tau_0_7,CWE-913,0.34068627450980393,0.2532467532467532,0.9939755018294489,0.9907613632845385,0.0060244981705510165,0.7467532467532467,0.2902797534376481,0.26682486583236364,0.28613028088021447,0.9848940380148669,0.6236111275381011,0.6236097738444426,0.13845220505025072,107
dst_dempster_fire_specificity_silence_sensitivity_tau_0_7,CWE-923,,0.0,1.0,0.9621191739707895,0.0,1.0,,,,0.9621191739707895,0.5,0.5,0.0217081353565692,331
dst_dempster_fire_specificity_silence_sensitivity_tau_0_8,CWE-190,0.41111111111111115,0.02857142857142857,0.9993015670347101,0.9844186702470662,0.0006984329652900278,0.9714285714285715,0.08413163897034864,0.057602665154152556,0.1330237238465335,0.9837488652933695,0.5139364978030694,0.5139364978030693,0.02269542447174419,140
dst_dempster_fire_specificity_silence_sensitivity_tau_0_8,CWE-20,0.008094373910570872,0.03823529411764706,0.8160448296958703,0.954458872197546,0.18395517030412958,0.9617647058823529,0.013354475109235172,0.021898242624968374,-0.07384684807580907,0.7857756693158986,0.42714006190675874,0.42714006190675874,0.025557042779287286,340
dst_dempster_fire_specificity_silence_sensitivity_tau_0_8,CWE-285,0.018526315789473686,0.006838106370543542,0.9884043266557156,0.9665430793790396,0.011595673344284308,0.9931618936294564,0.02489177489177489,0.019538703423852482,-0.00838714392237178,0.9557163462672544,0.4976212165131296,0.4976310371323658,0.03591619539329653,291
dst_dempster_fire_specificity_silence_sensitivity_tau_0_8,CWE-287,0.38766031457955236,0.07710967741935484,0.9913678298237887,0.9333039406063126,0.008632170176211283,0.9228903225806452,0.12758453758210925,0.09157653844517429,0.14718622220373923,0.9261819530972936,0.5342387536215718,0.5342854346598825,0.08338667974443029,623
dst_dempster_fire_specificity_silence_sensitivity_tau_0_8,CWE-311,0.35376947353884347,0.4741924741924741,0.9600108060025395,0.9753015437585285,0.03998919399746059,0.5258075258075258,0.4048535761115171,0.4436591030502376,0.37784351808646577,0.9385352239045902,0.7171016400975068,0.7175125565858255,0.2485853042170539,386
dst_dempster_fire_specificity_silence_sensitivity_tau_0_8,CWE-327,0.6978842228315287,0.7514285714285714,0.986290655960798,0.9895934855641947,0.013709344039201954,0.24857142857142858,0.7231267416210152,0.7396980348652973,0.7119131620172416,0.9768834750961959,0.8688596136946847,0.8710129044071152,0.6649323416912624,350
dst_dempster_fire_specificity_silence_sensitivity_tau_0_8,CWE-330,0.9177251893665268,0.876,0.997637296932394,0.9963501119224725,0.002362703067605976,0.124,0.8960785705952748,0.8838560609293697,0.8934866281683593,0.994155261631855,0.9368186484661971,0.937785997593946,0.8710732385640625,250
dst_dempster_fire_specificity_silence_sensitivity_tau_0_8,CWE-345,0.5136553504974557,0.06037735849056604,0.9957388788195984,0.9425649388615371,0.004261121180401605,0.939622641509434,0.10734611668524711,0.07317374543113223,0.15869069392052035,0.9390024420046487,0.5280581186550822,0.5280208180183916,0.07564012597148306,530
dst_dempster_fire_specificity_silence_sensitivity_tau_0_8,CWE-400,0.2,0.004,0.999527806690329,0.9712571194999992,0.0004721933096709749,0.9960000000000001,0.0392156862745098,0.02487562189054727,0.024579787418949152,0.9708150414741737,0.5017639033451645,0.5017639033451645,0.025188206828006238,252
dst_dempster_fire_specificity_silence_sensitivity_tau_0_8,CWE-610,0.6044126984126985,0.3446540880503145,0.9926690013298444,0.9796123231798033,0.0073309986701555726,0.6553459119496855,0.4369268531778808,0.3762244348833884,0.44276491934781925,0.9728637089194864,0.6686615446900794,0.6685993120913172,0.2580491261325147,267
dst_dempster_fire_specificity_silence_sensitivity_tau_0_8,CWE-668,0.029647941693313744,0.016409298464092982,0.9237036769207811,0.8673923841522481,0.07629632307921884,0.9835907015359069,0.021118581891956267,0.018015527689777464,-0.07851080085076577,0.8097940728480404,0.470056487692437,0.470056487692437,0.08023430316200358,1097
dst_dempster_fire_specificity_silence_sensitivity_tau_0_8,CWE-706,0.4596924414927261,0.43271186440677967,0.9821166476111832,0.9800322570878807,0.01788335238881682,0.5672881355932203,0.44436779421311917,0.43698940055984153,0.42645567205175644,0.9633903541617166,0.7074142560089814,0.7072948555834266,0.27252429811754514,298
dst_dempster_fire_specificity_silence_sensitivity_tau_0_8,CWE-74,0.5497951679965319,0.5711495522021838,0.9086362502179155,0.9156303435601831,0.09136374978208447,0.4288504477978162,0.5601939913435185,0.5666970268097776,0.4725313646049667,0.853505095837009,0.7398929012100497,0.7454415397041567,0.4730977327864731,1427
dst_dempster_fire_specificity_silence_sensitivity_tau_0_8,CWE-913,0.34068627450980393,0.2532467532467532,0.9939755018294489,0.9907613632845385,0.0060244981705510165,0.7467532467532467,0.2902797534376481,0.26682486583236364,0.28613028088021447,0.9848940380148669,0.6236111275381011,0.6236097738444426,0.13845220505025072,107
dst_dempster_fire_specificity_silence_sensitivity_tau_0_8,CWE-923,,0.0,1.0,0.9621191739707895,0.0,1.0,,,,0.9621191739707895,0.5,0.5,0.0217081353565692,331
dst_dempster_fire_specificity_silence_sensitivity_tau_0_9,CWE-190,0.41111111111111115,0.02857142857142857,0.9993015670347101,0.9844186702470662,0.0006984329652900278,0.9714285714285715,0.08413163897034864,0.057602665154152556,0.1330237238465335,0.9837488652933695,0.5139364978030694,0.5139364978030693,0.02269542447174419,140
dst_dempster_fire_specificity_silence_sensitivity_tau_0_9,CWE-20,0.008094373910570872,0.03823529411764706,0.8160448296958703,0.954458872197546,0.18395517030412958,0.9617647058823529,0.013354475109235172,0.021898242624968374,-0.07384684807580907,0.7857756693158986,0.42714006190675874,0.42714006190675874,0.025557042779287286,340
dst_dempster_fire_specificity_silence_sensitivity_tau_0_9,CWE-285,0.018526315789473686,0.006838106370543542,0.9884043266557156,0.9665430793790396,0.011595673344284308,0.9931618936294564,0.02489177489177489,0.019538703423852482,-0.00838714392237178,0.9557163462672544,0.4976212165131296,0.4976310371323658,0.03591619539329653,291
dst_dempster_fire_specificity_silence_sensitivity_tau_0_9,CWE-287,0.38766031457955236,0.07710967741935484,0.9913678298237887,0.9333039406063126,0.008632170176211283,0.9228903225806452,0.12758453758210925,0.09157653844517429,0.14718622220373923,0.9261819530972936,0.5342387536215718,0.5342854346598825,0.08338667974443029,623
dst_dempster_fire_specificity_silence_sensitivity_tau_0_9,CWE-311,0.35376947353884347,0.4741924741924741,0.9600108060025395,0.9753015437585285,0.03998919399746059,0.5258075258075258,0.4048535761115171,0.4436591030502376,0.37784351808646577,0.9385352239045902,0.7171016400975068,0.7175125565858255,0.2485853042170539,386
dst_dempster_fire_specificity_silence_sensitivity_tau_0_9,CWE-327,0.6978842228315287,0.7514285714285714,0.986290655960798,0.9895934855641947,0.013709344039201954,0.24857142857142858,0.7231267416210152,0.7396980348652973,0.7119131620172416,0.9768834750961959,0.8688596136946847,0.8710129044071152,0.6649323416912624,350
dst_dempster_fire_specificity_silence_sensitivity_tau_0_9,CWE-330,0.9177251893665268,0.876,0.997637296932394,0.9963501119224725,0.002362703067605976,0.124,0.8960785705952748,0.8838560609293697,0.8934866281683593,0.994155261631855,0.9368186484661971,0.937785997593946,0.8710732385640625,250
dst_dempster_fire_specificity_silence_sensitivity_tau_0_9,CWE-345,0.5136553504974557,0.06037735849056604,0.9957388788195984,0.9425649388615371,0.004261121180401605,0.939622641509434,0.10734611668524711,0.07317374543113223,0.15869069392052035,0.9390024420046487,0.5280581186550822,0.5280208180183916,0.07564012597148306,530
dst_dempster_fire_specificity_silence_sensitivity_tau_0_9,CWE-400,0.2,0.004,0.999527806690329,0.9712571194999992,0.0004721933096709749,0.9960000000000001,0.0392156862745098,0.02487562189054727,0.024579787418949152,0.9708150414741737,0.5017639033451645,0.5017639033451645,0.025188206828006238,252
dst_dempster_fire_specificity_silence_sensitivity_tau_0_9,CWE-610,0.6044126984126985,0.3446540880503145,0.9926690013298444,0.9796123231798033,0.0073309986701555726,0.6553459119496855,0.4369268531778808,0.3762244348833884,0.44276491934781925,0.9728637089194864,0.6686615446900794,0.6685993120913172,0.2580491261325147,267
dst_dempster_fire_specificity_silence_sensitivity_tau_0_9,CWE-668,0.029647941693313744,0.016409298464092982,0.9237036769207811,0.8673923841522481,0.07629632307921884,0.9835907015359069,0.021118581891956267,0.018015527689777464,-0.07851080085076577,0.8097940728480404,0.470056487692437,0.470056487692437,0.08023430316200358,1097
dst_dempster_fire_specificity_silence_sensitivity_tau_0_9,CWE-706,0.4596924414927261,0.43271186440677967,0.9821166476111832,0.9800322570878807,0.01788335238881682,0.5672881355932203,0.44436779421311917,0.43698940055984153,0.42645567205175644,0.9633903541617166,0.7074142560089814,0.7072948555834266,0.27252429811754514,298
dst_dempster_fire_specificity_silence_sensitivity_tau_0_9,CWE-74,0.6482131403229204,0.43517114464482887,0.9537923045828544,0.8964085115044196,0.0462076954171456,0.5648288553551712,0.5202337635428924,0.46555565184123104,0.46007796676910323,0.8690880988317122,0.6944817246138417,0.7454415397041567,0.4730977327864731,1427
dst_dempster_fire_specificity_silence_sensitivity_tau_0_9,CWE-913,0.34068627450980393,0.2532467532467532,0.9939755018294489,0.9907613632845385,0.0060244981705510165,0.7467532467532467,0.2902797534376481,0.26682486583236364,0.28613028088021447,0.9848940380148669,0.6236111275381011,0.6236097738444426,0.13845220505025072,107
dst_dempster_fire_specificity_silence_sensitivity_tau_0_9,CWE-923,,0.0,1.0,0.9621191739707895,0.0,1.0,,,,0.9621191739707895,0.5,0.5,0.0217081353565692,331
dst_pcr6_fire_specificity_silence_sensitivity_tau_0_1,CWE-190,0.016022361785180003,1.0,0.0,,1.0,0.0,0.03153937622582422,0.0752866211481745,,0.016022361785180003,0.5,0.5139364978030693,0.02269542447174419,140
dst_pcr6_fire_specificity_silence_sensitivity_tau_0_1,CWE-20,0.038911450049722865,1.0,0.0,,1.0,0.0,0.07490805123978457,0.16835322798603888,,0.038911450049722865,0.5,0.42714006190675874,0.025557042779287286,340
dst_pcr6_fire_specificity_silence_sensitivity_tau_0_1,CWE-285,0.033303008376302,1.0,0.0,,1.0,0.0,0.06445925851822945,0.1469402428232363,,0.033303008376302,0.5,0.4976310371323658,0.03591619539329653,291
dst_pcr6_fire_specificity_silence_sensitivity_tau_0_1,CWE-287,0.07129995516718028,1.0,0.0,,1.0,0.0,0.1331087970327322,0.2773860988272806,,0.07129995516718028,0.5,0.5342379091056998,0.07863010326681077,623
dst_pcr6_fire_specificity_silence_sensitivity_tau_0_1,CWE-311,0.044176437437980644,1.0,0.0,,1.0,0.0,0.08461463777591287,0.18771057318462436,,0.044176437437980644,0.5,0.7190844384925251,0.263213217910605,386
dst_pcr6_fire_specificity_silence_sensitivity_tau_0_1,CWE-327,0.5532117115362354,0.7857142857142857,0.7884220946819348,0.9887743881495393,0.21157790531806517,0.21428571428571427,0.5795315440057301,0.6111072407439225,0.6933008444232421,0.7882535717420175,0.7870681901981103,0.8710851487124245,0.6730955162538235,350
dst_pcr6_fire_specificity_silence_sensitivity_tau_0_1,CWE-330,0.9177251893665268,0.876,0.997637296932394,0.9963501119224725,0.002362703067605976,0.124,0.8960785705952748,0.8838560609293697,0.8934866281683593,0.994155261631855,0.9368186484661971,0.9378380685998631,0.8846530310262679,250
dst_pcr6_fire_specificity_silence_sensitivity_tau_0_1,CWE-345,0.060656083901038584,1.0,0.0,,1.0,0.0,0.11437450007459755,0.24406351629096842,,0.060656083901038584,0.5,0.5280954192917727,0.0869288240165629,530
dst_pcr6_fire_specificity_silence_sensitivity_tau_0_1,CWE-400,0.028840133252129065,1.0,0.0,,1.0,0.0,0.05606322208035598,0.12928482308779377,,0.028840133252129065,0.5,0.5017639033451645,0.025188206828006238,252
dst_pcr6_fire_specificity_silence_sensitivity_tau_0_1,CWE-610,0.03055681487196978,1.0,0.0,,1.0,0.0,0.05930139117302187,0.13614228420424332,,0.03055681487196978,0.5,0.6688185272486191,0.27229310881658386,267
dst_pcr6_fire_specificity_silence_sensitivity_tau_0_1,CWE-668,0.12554770940275473,1.0,0.0,,1.0,0.0,0.22308629777734232,0.4178777350388125,,0.12554770940275473,0.5,0.470056487692437,0.08023430316200358,1097
dst_pcr6_fire_specificity_silence_sensitivity_tau_0_1,CWE-706,0.034105186737298135,1.0,0.0,,1.0,0.0,0.06596052128049668,0.1500534122261133,,0.034105186737298135,0.5,0.7078924289386426,0.2956324216660524,298
dst_pcr6_fire_specificity_silence_sensitivity_tau_0_1,CWE-74,0.16331470503925044,1.0,0.0,,1.0,0.0,0.2807734017658668,0.4939127953996799,,0.16331470503925044,0.5,0.7454415397041567,0.4730977327864731,1427
dst_pcr6_fire_specificity_silence_sensitivity_tau_0_1,CWE-913,0.012245414834078849,1.0,0.0,,1.0,0.0,0.024194410471654708,0.05836678867973988,,0.012245414834078849,0.5,0.6236124812317596,0.1327203172891422,107
dst_pcr6_fire_specificity_silence_sensitivity_tau_0_1,CWE-923,0.03797070280371049,0.8,0.2,0.9624786810687891,0.8,0.2,0.07316332451553383,0.16482003558558123,,0.22287229845672624,0.5,0.5,0.0217081353565692,331
dst_pcr6_fire_specificity_silence_sensitivity_tau_0_2,CWE-190,0.016022361785180003,1.0,0.0,,1.0,0.0,0.03153937622582422,0.0752866211481745,,0.016022361785180003,0.5,0.5139364978030693,0.02269542447174419,140
dst_pcr6_fire_specificity_silence_sensitivity_tau_0_2,CWE-20,0.038911450049722865,1.0,0.0,,1.0,0.0,0.07490805123978457,0.16835322798603888,,0.038911450049722865,0.5,0.42714006190675874,0.025557042779287286,340
dst_pcr6_fire_specificity_silence_sensitivity_tau_0_2,CWE-285,0.033303008376302,1.0,0.0,,1.0,0.0,0.06445925851822945,0.1469402428232363,,0.033303008376302,0.5,0.4976310371323658,0.03591619539329653,291
dst_pcr6_fire_specificity_silence_sensitivity_tau_0_2,CWE-287,0.07129995516718028,1.0,0.0,,1.0,0.0,0.1331087970327322,0.2773860988272806,,0.07129995516718028,0.5,0.5342379091056998,0.07863010326681077,623
dst_pcr6_fire_specificity_silence_sensitivity_tau_0_2,CWE-311,0.044176437437980644,1.0,0.0,,1.0,0.0,0.08461463777591287,0.18771057318462436,,0.044176437437980644,0.5,0.7190844384925251,0.263213217910605,386
dst_pcr6_fire_specificity_silence_sensitivity_tau_0_2,CWE-327,0.6978842228315287,0.7514285714285714,0.986290655960798,0.9895934855641947,0.013709344039201954,0.24857142857142858,0.7231267416210152,0.7396980348652973,0.7119131620172416,0.9768834750961959,0.8688596136946847,0.8710851487124245,0.6730955162538235,350
dst_pcr6_fire_specificity_silence_sensitivity_tau_0_2,CWE-330,0.9177251893665268,0.876,0.997637296932394,0.9963501119224725,0.002362703067605976,0.124,0.8960785705952748,0.8838560609293697,0.8934866281683593,0.994155261631855,0.9368186484661971,0.9378380685998631,0.8846530310262679,250
dst_pcr6_fire_specificity_silence_sensitivity_tau_0_2,CWE-345,0.060656083901038584,1.0,0.0,,1.0,0.0,0.11437450007459755,0.24406351629096842,,0.060656083901038584,0.5,0.5280954192917727,0.0869288240165629,530
dst_pcr6_fire_specificity_silence_sensitivity_tau_0_2,CWE-400,0.028840133252129065,1.0,0.0,,1.0,0.0,0.05606322208035598,0.12928482308779377,,0.028840133252129065,0.5,0.5017639033451645,0.025188206828006238,252
dst_pcr6_fire_specificity_silence_sensitivity_tau_0_2,CWE-610,0.03055681487196978,1.0,0.0,,1.0,0.0,0.05930139117302187,0.13614228420424332,,0.03055681487196978,0.5,0.6688185272486191,0.27229310881658386,267
dst_pcr6_fire_specificity_silence_sensitivity_tau_0_2,CWE-668,0.12554770940275473,1.0,0.0,,1.0,0.0,0.22308629777734232,0.4178777350388125,,0.12554770940275473,0.5,0.470056487692437,0.08023430316200358,1097
dst_pcr6_fire_specificity_silence_sensitivity_tau_0_2,CWE-706,0.034105186737298135,1.0,0.0,,1.0,0.0,0.06596052128049668,0.1500534122261133,,0.034105186737298135,0.5,0.7078924289386426,0.2956324216660524,298
dst_pcr6_fire_specificity_silence_sensitivity_tau_0_2,CWE-74,0.3873669964974987,0.615311004784689,0.8100223315977424,0.9151575938427058,0.18997766840225766,0.384688995215311,0.4753139185584409,0.55040628936131,0.3586906036254499,0.7781965863894268,0.7126666681912157,0.7454415397041567,0.4730977327864731,1427
dst_pcr6_fire_specificity_silence_sensitivity_tau_0_2,CWE-913,0.012245414834078849,1.0,0.0,,1.0,0.0,0.024194410471654708,0.05836678867973988,,0.012245414834078849,0.5,0.6236124812317596,0.1327203172891422,107
dst_pcr6_fire_specificity_silence_sensitivity_tau_0_2,CWE-923,0.03797070280371049,0.8,0.2,0.9624786810687891,0.8,0.2,0.07316332451553383,0.16482003558558123,,0.22287229845672624,0.5,0.5,0.0217081353565692,331
dst_pcr6_fire_specificity_silence_sensitivity_tau_0_3,CWE-190,0.016022361785180003,1.0,0.0,,1.0,0.0,0.03153937622582422,0.0752866211481745,,0.016022361785180003,0.5,0.5139364978030693,0.02269542447174419,140
dst_pcr6_fire_specificity_silence_sensitivity_tau_0_3,CWE-20,0.038911450049722865,1.0,0.0,,1.0,0.0,0.07490805123978457,0.16835322798603888,,0.038911450049722865,0.5,0.42714006190675874,0.025557042779287286,340
dst_pcr6_fire_specificity_silence_sensitivity_tau_0_3,CWE-285,0.033303008376302,1.0,0.0,,1.0,0.0,0.06445925851822945,0.1469402428232363,,0.033303008376302,0.5,0.4976310371323658,0.03591619539329653,291
dst_pcr6_fire_specificity_silence_sensitivity_tau_0_3,CWE-287,0.07129995516718028,1.0,0.0,,1.0,0.0,0.1331087970327322,0.2773860988272806,,0.07129995516718028,0.5,0.5342379091056998,0.07863010326681077,623
dst_pcr6_fire_specificity_silence_sensitivity_tau_0_3,CWE-311,0.35376947353884347,0.4741924741924741,0.9600108060025395,0.9753015437585285,0.03998919399746059,0.5258075258075258,0.4048535761115171,0.4436591030502376,0.37784351808646577,0.9385352239045902,0.7171016400975068,0.7190844384925251,0.263213217910605,386
dst_pcr6_fire_specificity_silence_sensitivity_tau_0_3,CWE-327,0.6978842228315287,0.7514285714285714,0.986290655960798,0.9895934855641947,0.013709344039201954,0.24857142857142858,0.7231267416210152,0.7396980348652973,0.7119131620172416,0.9768834750961959,0.8688596136946847,0.8710851487124245,0.6730955162538235,350
dst_pcr6_fire_specificity_silence_sensitivity_tau_0_3,CWE-330,0.9177251893665268,0.876,0.997637296932394,0.9963501119224725,0.002362703067605976,0.124,0.8960785705952748,0.8838560609293697,0.8934866281683593,0.994155261631855,0.9368186484661971,0.9378380685998631,0.8846530310262679,250
dst_pcr6_fire_specificity_silence_sensitivity_tau_0_3,CWE-345,0.060656083901038584,1.0,0.0,,1.0,0.0,0.11437450007459755,0.24406351629096842,,0.060656083901038584,0.5,0.5280954192917727,0.0869288240165629,530
dst_pcr6_fire_specificity_silence_sensitivity_tau_0_3,CWE-400,0.028840133252129065,1.0,0.0,,1.0,0.0,0.05606322208035598,0.12928482308779377,,0.028840133252129065,0.5,0.5017639033451645,0.025188206828006238,252
dst_pcr6_fire_specificity_silence_sensitivity_tau_0_3,CWE-610,0.03055681487196978,1.0,0.0,,1.0,0.0,0.05930139117302187,0.13614228420424332,,0.03055681487196978,0.5,0.6688185272486191,0.27229310881658386,267
dst_pcr6_fire_specificity_silence_sensitivity_tau_0_3,CWE-668,0.12554770940275473,1.0,0.0,,1.0,0.0,0.22308629777734232,0.4178777350388125,,0.12554770940275473,0.5,0.470056487692437,0.08023430316200358,1097
dst_pcr6_fire_specificity_silence_sensitivity_tau_0_3,CWE-706,0.4596924414927261,0.43271186440677967,0.9821166476111832,0.9800322570878807,0.01788335238881682,0.5672881355932203,0.44436779421311917,0.43698940055984153,0.42645567205175644,0.9633903541617166,0.7074142560089814,0.7078924289386426,0.2956324216660524,298
dst_pcr6_fire_specificity_silence_sensitivity_tau_0_3,CWE-74,0.3873669964974987,0.615311004784689,0.8100223315977424,0.9151575938427058,0.18997766840225766,0.384688995215311,0.4753139185584409,0.55040628936131,0.3586906036254499,0.7781965863894268,0.7126666681912157,0.7454415397041567,0.4730977327864731,1427
dst_pcr6_fire_specificity_silence_sensitivity_tau_0_3,CWE-913,0.012245414834078849,1.0,0.0,,1.0,0.0,0.024194410471654708,0.05836678867973988,,0.012245414834078849,0.5,0.6236124812317596,0.1327203172891422,107
dst_pcr6_fire_specificity_silence_sensitivity_tau_0_3,CWE-923,0.03797070280371049,0.8,0.2,0.9624786810687891,0.8,0.2,0.07316332451553383,0.16482003558558123,,0.22287229845672624,0.5,0.5,0.0217081353565692,331
dst_pcr6_fire_specificity_silence_sensitivity_tau_0_4,CWE-190,0.016022361785180003,1.0,0.0,,1.0,0.0,0.03153937622582422,0.0752866211481745,,0.016022361785180003,0.5,0.5139364978030693,0.02269542447174419,140
dst_pcr6_fire_specificity_silence_sensitivity_tau_0_4,CWE-20,0.038911450049722865,1.0,0.0,,1.0,0.0,0.07490805123978457,0.16835322798603888,,0.038911450049722865,0.5,0.42714006190675874,0.025557042779287286,340
dst_pcr6_fire_specificity_silence_sensitivity_tau_0_4,CWE-285,0.033303008376302,1.0,0.0,,1.0,0.0,0.06445925851822945,0.1469402428232363,,0.033303008376302,0.5,0.4976310371323658,0.03591619539329653,291
dst_pcr6_fire_specificity_silence_sensitivity_tau_0_4,CWE-287,0.07129995516718028,1.0,0.0,,1.0,0.0,0.1331087970327322,0.2773860988272806,,0.07129995516718028,0.5,0.5342379091056998,0.07863010326681077,623
dst_pcr6_fire_specificity_silence_sensitivity_tau_0_4,CWE-311,0.35376947353884347,0.4741924741924741,0.9600108060025395,0.9753015437585285,0.03998919399746059,0.5258075258075258,0.4048535761115171,0.4436591030502376,0.37784351808646577,0.9385352239045902,0.7171016400975068,0.7190844384925251,0.263213217910605,386
dst_pcr6_fire_specificity_silence_sensitivity_tau_0_4,CWE-327,0.6978842228315287,0.7514285714285714,0.986290655960798,0.9895934855641947,0.013709344039201954,0.24857142857142858,0.7231267416210152,0.7396980348652973,0.7119131620172416,0.9768834750961959,0.8688596136946847,0.8710851487124245,0.6730955162538235,350
dst_pcr6_fire_specificity_silence_sensitivity_tau_0_4,CWE-330,0.9177251893665268,0.876,0.997637296932394,0.9963501119224725,0.002362703067605976,0.124,0.8960785705952748,0.8838560609293697,0.8934866281683593,0.994155261631855,0.9368186484661971,0.9378380685998631,0.8846530310262679,250
dst_pcr6_fire_specificity_silence_sensitivity_tau_0_4,CWE-345,0.060656083901038584,1.0,0.0,,1.0,0.0,0.11437450007459755,0.24406351629096842,,0.060656083901038584,0.5,0.5280954192917727,0.0869288240165629,530
dst_pcr6_fire_specificity_silence_sensitivity_tau_0_4,CWE-400,0.028840133252129065,1.0,0.0,,1.0,0.0,0.05606322208035598,0.12928482308779377,,0.028840133252129065,0.5,0.5017639033451645,0.025188206828006238,252
dst_pcr6_fire_specificity_silence_sensitivity_tau_0_4,CWE-610,0.6044126984126985,0.3446540880503145,0.9926690013298444,0.9796123231798033,0.0073309986701555726,0.6553459119496855,0.4369268531778808,0.3762244348833884,0.44276491934781925,0.9728637089194864,0.6686615446900794,0.6688185272486191,0.27229310881658386,267
dst_pcr6_fire_specificity_silence_sensitivity_tau_0_4,CWE-668,0.12554770940275473,1.0,0.0,,1.0,0.0,0.22308629777734232,0.4178777350388125,,0.12554770940275473,0.5,0.470056487692437,0.08023430316200358,1097
dst_pcr6_fire_specificity_silence_sensitivity_tau_0_4,CWE-706,0.4596924414927261,0.43271186440677967,0.9821166476111832,0.9800322570878807,0.01788335238881682,0.5672881355932203,0.44436779421311917,0.43698940055984153,0.42645567205175644,0.9633903541617166,0.7074142560089814,0.7078924289386426,0.2956324216660524,298
dst_pcr6_fire_specificity_silence_sensitivity_tau_0_4,CWE-74,0.3873669964974987,0.615311004784689,0.8100223315977424,0.9151575938427058,0.18997766840225766,0.384688995215311,0.4753139185584409,0.55040628936131,0.3586906036254499,0.7781965863894268,0.7126666681912157,0.7454415397041567,0.4730977327864731,1427
dst_pcr6_fire_specificity_silence_sensitivity_tau_0_4,CWE-913,0.34068627450980393,0.2532467532467532,0.9939755018294489,0.9907613632845385,0.0060244981705510165,0.7467532467532467,0.2902797534376481,0.26682486583236364,0.28613028088021447,0.9848940380148669,0.6236111275381011,0.6236124812317596,0.1327203172891422,107
dst_pcr6_fire_specificity_silence_sensitivity_tau_0_4,CWE-923,0.03797070280371049,0.8,0.2,0.9624786810687891,0.8,0.2,0.07316332451553383,0.16482003558558123,,0.22287229845672624,0.5,0.5,0.0217081353565692,331
dst_pcr6_fire_specificity_silence_sensitivity_tau_0_5,CWE-190,0.41111111111111115,0.02857142857142857,0.9993015670347101,0.9844186702470662,0.0006984329652900278,0.9714285714285715,0.08413163897034864,0.057602665154152556,0.1330237238465335,0.9837488652933695,0.5139364978030694,0.5139364978030693,0.02269542447174419,140
dst_pcr6_fire_specificity_silence_sensitivity_tau_0_5,CWE-20,0.008094373910570872,0.03823529411764706,0.8160448296958703,0.954458872197546,0.18395517030412958,0.9617647058823529,0.013354475109235172,0.021898242624968374,-0.07384684807580907,0.7857756693158986,0.42714006190675874,0.42714006190675874,0.025557042779287286,340
dst_pcr6_fire_specificity_silence_sensitivity_tau_0_5,CWE-285,0.018526315789473686,0.006838106370543542,0.9884043266557156,0.9665430793790396,0.011595673344284308,0.9931618936294564,0.02489177489177489,0.019538703423852482,-0.00838714392237178,0.9557163462672544,0.4976212165131296,0.4976310371323658,0.03591619539329653,291
dst_pcr6_fire_specificity_silence_sensitivity_tau_0_5,CWE-287,0.38766031457955236,0.07710967741935484,0.9913678298237887,0.9333039406063126,0.008632170176211283,0.9228903225806452,0.12758453758210925,0.09157653844517429,0.14718622220373923,0.9261819530972936,0.5342387536215718,0.5342379091056998,0.07863010326681077,623
dst_pcr6_fire_specificity_silence_sensitivity_tau_0_5,CWE-311,0.35376947353884347,0.4741924741924741,0.9600108060025395,0.9753015437585285,0.03998919399746059,0.5258075258075258,0.4048535761115171,0.4436591030502376,0.37784351808646577,0.9385352239045902,0.7171016400975068,0.7190844384925251,0.263213217910605,386
dst_pcr6_fire_specificity_silence_sensitivity_tau_0_5,CWE-327,0.6978842228315287,0.7514285714285714,0.986290655960798,0.9895934855641947,0.013709344039201954,0.24857142857142858,0.7231267416210152,0.7396980348652973,0.7119131620172416,0.9768834750961959,0.8688596136946847,0.8710851487124245,0.6730955162538235,350
dst_pcr6_fire_specificity_silence_sensitivity_tau_0_5,CWE-330,0.9177251893665268,0.876,0.997637296932394,0.9963501119224725,0.002362703067605976,0.124,0.8960785705952748,0.8838560609293697,0.8934866281683593,0.994155261631855,0.9368186484661971,0.9378380685998631,0.8846530310262679,250
dst_pcr6_fire_specificity_silence_sensitivity_tau_0_5,CWE-345,0.5136553504974557,0.06037735849056604,0.9957388788195984,0.9425649388615371,0.004261121180401605,0.939622641509434,0.10734611668524711,0.07317374543113223,0.15869069392052035,0.9390024420046487,0.5280581186550822,0.5280954192917727,0.0869288240165629,530
dst_pcr6_fire_specificity_silence_sensitivity_tau_0_5,CWE-400,0.005685048322910745,0.2,0.7995278066903291,0.9710395449950219,0.20047219330967098,0.8,0.0552791597567717,0.12761613067891783,-0.004134400424407924,0.782071437153537,0.4997639033451645,0.5017639033451645,0.025188206828006238,252
dst_pcr6_fire_specificity_silence_sensitivity_tau_0_5,CWE-610,0.6044126984126985,0.3446540880503145,0.9926690013298444,0.9796123231798033,0.0073309986701555726,0.6553459119496855,0.4369268531778808,0.3762244348833884,0.44276491934781925,0.9728637089194864,0.6686615446900794,0.6688185272486191,0.27229310881658386,267
dst_pcr6_fire_specificity_silence_sensitivity_tau_0_5,CWE-668,0.029647941693313744,0.016409298464092982,0.9237036769207811,0.8673923841522481,0.07629632307921884,0.9835907015359069,0.021118581891956267,0.018015527689777464,-0.07851080085076577,0.8097940728480404,0.470056487692437,0.470056487692437,0.08023430316200358,1097
dst_pcr6_fire_specificity_silence_sensitivity_tau_0_5,CWE-706,0.4596924414927261,0.43271186440677967,0.9821166476111832,0.9800322570878807,0.01788335238881682,0.5672881355932203,0.44436779421311917,0.43698940055984153,0.42645567205175644,0.9633903541617166,0.7074142560089814,0.7078924289386426,0.2956324216660524,298
dst_pcr6_fire_specificity_silence_sensitivity_tau_0_5,CWE-74,0.3873669964974987,0.615311004784689,0.8100223315977424,0.9151575938427058,0.18997766840225766,0.384688995215311,0.4753139185584409,0.55040628936131,0.3586906036254499,0.7781965863894268,0.7126666681912157,0.7454415397041567,0.4730977327864731,1427
dst_pcr6_fire_specificity_silence_sensitivity_tau_0_5,CWE-913,0.34068627450980393,0.2532467532467532,0.9939755018294489,0.9907613632845385,0.0060244981705510165,0.7467532467532467,0.2902797534376481,0.26682486583236364,0.28613028088021447,0.9848940380148669,0.6236111275381011,0.6236124812317596,0.1327203172891422,107
dst_pcr6_fire_specificity_silence_sensitivity_tau_0_5,CWE-923,0.03797070280371049,0.8,0.2,0.9624786810687891,0.8,0.2,0.07316332451553383,0.16482003558558123,,0.22287229845672624,0.5,0.5,0.0217081353565692,331
dst_pcr6_fire_specificity_silence_sensitivity_tau_0_6,CWE-190,0.41111111111111115,0.02857142857142857,0.9993015670347101,0.9844186702470662,0.0006984329652900278,0.9714285714285715,0.08413163897034864,0.057602665154152556,0.1330237238465335,0.9837488652933695,0.5139364978030694,0.5139364978030693,0.02269542447174419,140
dst_pcr6_fire_specificity_silence_sensitivity_tau_0_6,CWE-20,0.008094373910570872,0.03823529411764706,0.8160448296958703,0.954458872197546,0.18395517030412958,0.9617647058823529,0.013354475109235172,0.021898242624968374,-0.07384684807580907,0.7857756693158986,0.42714006190675874,0.42714006190675874,0.025557042779287286,340
dst_pcr6_fire_specificity_silence_sensitivity_tau_0_6,CWE-285,0.018526315789473686,0.006838106370543542,0.9884043266557156,0.9665430793790396,0.011595673344284308,0.9931618936294564,0.02489177489177489,0.019538703423852482,-0.00838714392237178,0.9557163462672544,0.4976212165131296,0.4976310371323658,0.03591619539329653,291
dst_pcr6_fire_specificity_silence_sensitivity_tau_0_6,CWE-287,0.38766031457955236,0.07710967741935484,0.9913678298237887,0.9333039406063126,0.008632170176211283,0.9228903225806452,0.12758453758210925,0.09157653844517429,0.14718622220373923,0.9261819530972936,0.5342387536215718,0.5342379091056998,0.07863010326681077,623
dst_pcr6_fire_specificity_silence_sensitivity_tau_0_6,CWE-311,0.35376947353884347,0.4741924741924741,0.9600108060025395,0.9753015437585285,0.03998919399746059,0.5258075258075258,0.4048535761115171,0.4436591030502376,0.37784351808646577,0.9385352239045902,0.7171016400975068,0.7190844384925251,0.263213217910605,386
dst_pcr6_fire_specificity_silence_sensitivity_tau_0_6,CWE-327,0.6978842228315287,0.7514285714285714,0.986290655960798,0.9895934855641947,0.013709344039201954,0.24857142857142858,0.7231267416210152,0.7396980348652973,0.7119131620172416,0.9768834750961959,0.8688596136946847,0.8710851487124245,0.6730955162538235,350
dst_pcr6_fire_specificity_silence_sensitivity_tau_0_6,CWE-330,1.0,0.8720000000000001,1.0,0.9962425410379993,0.0,0.128,0.9311932313052134,0.8946693431470949,0.9318473245647475,0.9963351773435036,0.9359999999999999,0.9378380685998631,0.8846530310262679,250
dst_pcr6_fire_specificity_silence_sensitivity_tau_0_6,CWE-345,0.5136553504974557,0.06037735849056604,0.9957388788195984,0.9425649388615371,0.004261121180401605,0.939622641509434,0.10734611668524711,0.07317374543113223,0.15869069392052035,0.9390024420046487,0.5280581186550822,0.5280954192917727,0.0869288240165629,530
dst_pcr6_fire_specificity_silence_sensitivity_tau_0_6,CWE-400,0.2,0.004,0.999527806690329,0.9712571194999992,0.0004721933096709749,0.9960000000000001,0.0392156862745098,0.02487562189054727,0.024579787418949152,0.9708150414741737,0.5017639033451645,0.5017639033451645,0.025188206828006238,252
dst_pcr6_fire_specificity_silence_sensitivity_tau_0_6,CWE-610,0.6044126984126985,0.3446540880503145,0.9926690013298444,0.9796123231798033,0.0073309986701555726,0.6553459119496855,0.4369268531778808,0.3762244348833884,0.44276491934781925,0.9728637089194864,0.6686615446900794,0.6688185272486191,0.27229310881658386,267
dst_pcr6_fire_specificity_silence_sensitivity_tau_0_6,CWE-668,0.029647941693313744,0.016409298464092982,0.9237036769207811,0.8673923841522481,0.07629632307921884,0.9835907015359069,0.021118581891956267,0.018015527689777464,-0.07851080085076577,0.8097940728480404,0.470056487692437,0.470056487692437,0.08023430316200358,1097
dst_pcr6_fire_specificity_silence_sensitivity_tau_0_6,CWE-706,0.4596924414927261,0.43271186440677967,0.9821166476111832,0.9800322570878807,0.01788335238881682,0.5672881355932203,0.44436779421311917,0.43698940055984153,0.42645567205175644,0.9633903541617166,0.7074142560089814,0.7078924289386426,0.2956324216660524,298
dst_pcr6_fire_specificity_silence_sensitivity_tau_0_6,CWE-74,0.3873669964974987,0.615311004784689,0.8100223315977424,0.9151575938427058,0.18997766840225766,0.384688995215311,0.4753139185584409,0.55040628936131,0.3586906036254499,0.7781965863894268,0.7126666681912157,0.7454415397041567,0.4730977327864731,1427
dst_pcr6_fire_specificity_silence_sensitivity_tau_0_6,CWE-913,0.34068627450980393,0.2532467532467532,0.9939755018294489,0.9907613632845385,0.0060244981705510165,0.7467532467532467,0.2902797534376481,0.26682486583236364,0.28613028088021447,0.9848940380148669,0.6236111275381011,0.6236124812317596,0.1327203172891422,107
dst_pcr6_fire_specificity_silence_sensitivity_tau_0_6,CWE-923,,0.0,1.0,0.9621191739707895,0.0,1.0,,,,0.9621191739707895,0.5,0.5,0.0217081353565692,331
dst_pcr6_fire_specificity_silence_sensitivity_tau_0_7,CWE-190,0.41111111111111115,0.02857142857142857,0.9993015670347101,0.9844186702470662,0.0006984329652900278,0.9714285714285715,0.08413163897034864,0.057602665154152556,0.1330237238465335,0.9837488652933695,0.5139364978030694,0.5139364978030693,0.02269542447174419,140
dst_pcr6_fire_specificity_silence_sensitivity_tau_0_7,CWE-20,0.008094373910570872,0.03823529411764706,0.8160448296958703,0.954458872197546,0.18395517030412958,0.9617647058823529,0.013354475109235172,0.021898242624968374,-0.07384684807580907,0.7857756693158986,0.42714006190675874,0.42714006190675874,0.025557042779287286,340
dst_pcr6_fire_specificity_silence_sensitivity_tau_0_7,CWE-285,0.018526315789473686,0.006838106370543542,0.9884043266557156,0.9665430793790396,0.011595673344284308,0.9931618936294564,0.02489177489177489,0.019538703423852482,-0.00838714392237178,0.9557163462672544,0.4976212165131296,0.4976310371323658,0.03591619539329653,291
dst_pcr6_fire_specificity_silence_sensitivity_tau_0_7,CWE-287,0.38766031457955236,0.07710967741935484,0.9913678298237887,0.9333039406063126,0.008632170176211283,0.9228903225806452,0.12758453758210925,0.09157653844517429,0.14718622220373923,0.9261819530972936,0.5342387536215718,0.5342379091056998,0.07863010326681077,623
dst_pcr6_fire_specificity_silence_sensitivity_tau_0_7,CWE-311,0.35376947353884347,0.4741924741924741,0.9600108060025395,0.9753015437585285,0.03998919399746059,0.5258075258075258,0.4048535761115171,0.4436591030502376,0.37784351808646577,0.9385352239045902,0.7171016400975068,0.7190844384925251,0.263213217910605,386
dst_pcr6_fire_specificity_silence_sensitivity_tau_0_7,CWE-327,0.7140266328471782,0.74,0.9873668540055915,0.9891370710175356,0.012633145994408476,0.26,0.7246948628415188,0.733302271043063,0.7142209610100835,0.9774574624940747,0.8636834270027958,0.8710851487124245,0.6730955162538235,350
dst_pcr6_fire_specificity_silence_sensitivity_tau_0_7,CWE-330,1.0,0.8720000000000001,1.0,0.9962425410379993,0.0,0.128,0.9311932313052134,0.8946693431470949,0.9318473245647475,0.9963351773435036,0.9359999999999999,0.9378380685998631,0.8846530310262679,250
dst_pcr6_fire_specificity_silence_sensitivity_tau_0_7,CWE-345,0.5136553504974557,0.06037735849056604,0.9957388788195984,0.9425649388615371,0.004261121180401605,0.939622641509434,0.10734611668524711,0.07317374543113223,0.15869069392052035,0.9390024420046487,0.5280581186550822,0.5280954192917727,0.0869288240165629,530
dst_pcr6_fire_specificity_silence_sensitivity_tau_0_7,CWE-400,0.2,0.004,0.999527806690329,0.9712571194999992,0.0004721933096709749,0.9960000000000001,0.0392156862745098,0.02487562189054727,0.024579787418949152,0.9708150414741737,0.5017639033451645,0.5017639033451645,0.025188206828006238,252
dst_pcr6_fire_specificity_silence_sensitivity_tau_0_7,CWE-610,0.6044126984126985,0.3446540880503145,0.9926690013298444,0.9796123231798033,0.0073309986701555726,0.6553459119496855,0.4369268531778808,0.3762244348833884,0.44276491934781925,0.9728637089194864,0.6686615446900794,0.6688185272486191,0.27229310881658386,267
dst_pcr6_fire_specificity_silence_sensitivity_tau_0_7,CWE-668,0.029647941693313744,0.016409298464092982,0.9237036769207811,0.8673923841522481,0.07629632307921884,0.9835907015359069,0.021118581891956267,0.018015527689777464,-0.07851080085076577,0.8097940728480404,0.470056487692437,0.470056487692437,0.08023430316200358,1097
dst_pcr6_fire_specificity_silence_sensitivity_tau_0_7,CWE-706,0.4596924414927261,0.43271186440677967,0.9821166476111832,0.9800322570878807,0.01788335238881682,0.5672881355932203,0.44436779421311917,0.43698940055984153,0.42645567205175644,0.9633903541617166,0.7074142560089814,0.7078924289386426,0.2956324216660524,298
dst_pcr6_fire_specificity_silence_sensitivity_tau_0_7,CWE-74,0.5497951679965319,0.5711495522021838,0.9086362502179155,0.9156303435601831,0.09136374978208447,0.4288504477978162,0.5601939913435185,0.5666970268097776,0.4725313646049667,0.853505095837009,0.7398929012100497,0.7454415397041567,0.4730977327864731,1427
dst_pcr6_fire_specificity_silence_sensitivity_tau_0_7,CWE-913,0.34068627450980393,0.2532467532467532,0.9939755018294489,0.9907613632845385,0.0060244981705510165,0.7467532467532467,0.2902797534376481,0.26682486583236364,0.28613028088021447,0.9848940380148669,0.6236111275381011,0.6236124812317596,0.1327203172891422,107
dst_pcr6_fire_specificity_silence_sensitivity_tau_0_7,CWE-923,,0.0,1.0,0.9621191739707895,0.0,1.0,,,,0.9621191739707895,0.5,0.5,0.0217081353565692,331
dst_pcr6_fire_specificity_silence_sensitivity_tau_0_8,CWE-190,0.41111111111111115,0.02857142857142857,0.9993015670347101,0.9844186702470662,0.0006984329652900278,0.9714285714285715,0.08413163897034864,0.057602665154152556,0.1330237238465335,0.9837488652933695,0.5139364978030694,0.5139364978030693,0.02269542447174419,140
dst_pcr6_fire_specificity_silence_sensitivity_tau_0_8,CWE-20,0.008094373910570872,0.03823529411764706,0.8160448296958703,0.954458872197546,0.18395517030412958,0.9617647058823529,0.013354475109235172,0.021898242624968374,-0.07384684807580907,0.7857756693158986,0.42714006190675874,0.42714006190675874,0.025557042779287286,340
dst_pcr6_fire_specificity_silence_sensitivity_tau_0_8,CWE-285,0.018526315789473686,0.006838106370543542,0.9884043266557156,0.9665430793790396,0.011595673344284308,0.9931618936294564,0.02489177489177489,0.019538703423852482,-0.00838714392237178,0.9557163462672544,0.4976212165131296,0.4976310371323658,0.03591619539329653,291
dst_pcr6_fire_specificity_silence_sensitivity_tau_0_8,CWE-287,0.38766031457955236,0.07710967741935484,0.9913678298237887,0.9333039406063126,0.008632170176211283,0.9228903225806452,0.12758453758210925,0.09157653844517429,0.14718622220373923,0.9261819530972936,0.5342387536215718,0.5342379091056998,0.07863010326681077,623
dst_pcr6_fire_specificity_silence_sensitivity_tau_0_8,CWE-311,0.35376947353884347,0.4741924741924741,0.9600108060025395,0.9753015437585285,0.03998919399746059,0.5258075258075258,0.4048535761115171,0.4436591030502376,0.37784351808646577,0.9385352239045902,0.7171016400975068,0.7190844384925251,0.263213217910605,386
dst_pcr6_fire_specificity_silence_sensitivity_tau_0_8,CWE-327,0.7523748629886737,0.7228571428571429,0.9898669989262142,0.9884550187897523,0.010133001073785832,0.27714285714285714,0.735892506509697,0.7276811009249169,0.7259947045149735,0.9791714012128863,0.8563620708916785,0.8710851487124245,0.6730955162538235,350
dst_pcr6_fire_specificity_silence_sensitivity_tau_0_8,CWE-330,1.0,0.8720000000000001,1.0,0.9962425410379993,0.0,0.128,0.9311932313052134,0.8946693431470949,0.9318473245647475,0.9963351773435036,0.9359999999999999,0.9378380685998631,0.8846530310262679,250
dst_pcr6_fire_specificity_silence_sensitivity_tau_0_8,CWE-345,0.5136553504974557,0.06037735849056604,0.9957388788195984,0.9425649388615371,0.004261121180401605,0.939622641509434,0.10734611668524711,0.07317374543113223,0.15869069392052035,0.9390024420046487,0.5280581186550822,0.5280954192917727,0.0869288240165629,530
dst_pcr6_fire_specificity_silence_sensitivity_tau_0_8,CWE-400,0.2,0.004,0.999527806690329,0.9712571194999992,0.0004721933096709749,0.9960000000000001,0.0392156862745098,0.02487562189054727,0.024579787418949152,0.9708150414741737,0.5017639033451645,0.5017639033451645,0.025188206828006238,252
dst_pcr6_fire_specificity_silence_sensitivity_tau_0_8,CWE-610,0.6044126984126985,0.3446540880503145,0.9926690013298444,0.9796123231798033,0.0073309986701555726,0.6553459119496855,0.4369268531778808,0.3762244348833884,0.44276491934781925,0.9728637089194864,0.6686615446900794,0.6688185272486191,0.27229310881658386,267
dst_pcr6_fire_specificity_silence_sensitivity_tau_0_8,CWE-668,0.029647941693313744,0.016409298464092982,0.9237036769207811,0.8673923841522481,0.07629632307921884,0.9835907015359069,0.021118581891956267,0.018015527689777464,-0.07851080085076577,0.8097940728480404,0.470056487692437,0.470056487692437,0.08023430316200358,1097
dst_pcr6_fire_specificity_silence_sensitivity_tau_0_8,CWE-706,0.4596924414927261,0.43271186440677967,0.9821166476111832,0.9800322570878807,0.01788335238881682,0.5672881355932203,0.44436779421311917,0.43698940055984153,0.42645567205175644,0.9633903541617166,0.7074142560089814,0.7078924289386426,0.2956324216660524,298
dst_pcr6_fire_specificity_silence_sensitivity_tau_0_8,CWE-74,0.6482131403229204,0.43517114464482887,0.9537923045828544,0.8964085115044196,0.0462076954171456,0.5648288553551712,0.5202337635428924,0.46555565184123104,0.46007796676910323,0.8690880988317122,0.6944817246138417,0.7454415397041567,0.4730977327864731,1427
dst_pcr6_fire_specificity_silence_sensitivity_tau_0_8,CWE-913,0.34068627450980393,0.2532467532467532,0.9939755018294489,0.9907613632845385,0.0060244981705510165,0.7467532467532467,0.2902797534376481,0.26682486583236364,0.28613028088021447,0.9848940380148669,0.6236111275381011,0.6236124812317596,0.1327203172891422,107
dst_pcr6_fire_specificity_silence_sensitivity_tau_0_8,CWE-923,,0.0,1.0,0.9621191739707895,0.0,1.0,,,,0.9621191739707895,0.5,0.5,0.0217081353565692,331
dst_pcr6_fire_specificity_silence_sensitivity_tau_0_9,CWE-190,0.41111111111111115,0.02857142857142857,0.9993015670347101,0.9844186702470662,0.0006984329652900278,0.9714285714285715,0.08413163897034864,0.057602665154152556,0.1330237238465335,0.9837488652933695,0.5139364978030694,0.5139364978030693,0.02269542447174419,140
dst_pcr6_fire_specificity_silence_sensitivity_tau_0_9,CWE-20,0.008094373910570872,0.03823529411764706,0.8160448296958703,0.954458872197546,0.18395517030412958,0.9617647058823529,0.013354475109235172,0.021898242624968374,-0.07384684807580907,0.7857756693158986,0.42714006190675874,0.42714006190675874,0.025557042779287286,340
dst_pcr6_fire_specificity_silence_sensitivity_tau_0_9,CWE-285,0.018526315789473686,0.006838106370543542,0.9884043266557156,0.9665430793790396,0.011595673344284308,0.9931618936294564,0.02489177489177489,0.019538703423852482,-0.00838714392237178,0.9557163462672544,0.4976212165131296,0.4976310371323658,0.03591619539329653,291
dst_pcr6_fire_specificity_silence_sensitivity_tau_0_9,CWE-287,0.38766031457955236,0.07710967741935484,0.9913678298237887,0.9333039406063126,0.008632170176211283,0.9228903225806452,0.12758453758210925,0.09157653844517429,0.14718622220373923,0.9261819530972936,0.5342387536215718,0.5342379091056998,0.07863010326681077,623
dst_pcr6_fire_specificity_silence_sensitivity_tau_0_9,CWE-311,0.3915016997977188,0.45864135864135863,0.9670758596411086,0.9747722191605612,0.032924140358891275,0.5413586413586413,0.4220109345808403,0.4431299820246548,0.3947055324358782,0.9446031643677791,0.7128586091412337,0.7190844384925251,0.263213217910605,386
dst_pcr6_fire_specificity_silence_sensitivity_tau_0_9,CWE-327,0.9271940298507463,0.3771428571428571,0.9979827925076398,0.974680959642891,0.002017207492360236,0.6228571428571429,0.5014665539273102,0.4149055733306229,0.5611387476657317,0.9730897865041938,0.6875628248252484,0.8710851487124245,0.6730955162538235,350
dst_pcr6_fire_specificity_silence_sensitivity_tau_0_9,CWE-330,1.0,0.8720000000000001,1.0,0.9962425410379993,0.0,0.128,0.9311932313052134,0.8946693431470949,0.9318473245647475,0.9963351773435036,0.9359999999999999,0.9378380685998631,0.8846530310262679,250
dst_pcr6_fire_specificity_silence_sensitivity_tau_0_9,CWE-345,0.5136553504974557,0.06037735849056604,0.9957388788195984,0.9425649388615371,0.004261121180401605,0.939622641509434,0.10734611668524711,0.07317374543113223,0.15869069392052035,0.9390024420046487,0.5280581186550822,0.5280954192917727,0.0869288240165629,530
dst_pcr6_fire_specificity_silence_sensitivity_tau_0_9,CWE-400,0.2,0.004,0.999527806690329,0.9712571194999992,0.0004721933096709749,0.9960000000000001,0.0392156862745098,0.02487562189054727,0.024579787418949152,0.9708150414741737,0.5017639033451645,0.5017639033451645,0.025188206828006238,252
dst_pcr6_fire_specificity_silence_sensitivity_tau_0_9,CWE-610,0.6044126984126985,0.3446540880503145,0.9926690013298444,0.9796123231798033,0.0073309986701555726,0.6553459119496855,0.4369268531778808,0.3762244348833884,0.44276491934781925,0.9728637089194864,0.6686615446900794,0.6688185272486191,0.27229310881658386,267
dst_pcr6_fire_specificity_silence_sensitivity_tau_0_9,CWE-668,0.029647941693313744,0.016409298464092982,0.9237036769207811,0.8673923841522481,0.07629632307921884,0.9835907015359069,0.021118581891956267,0.018015527689777464,-0.07851080085076577,0.8097940728480404,0.470056487692437,0.470056487692437,0.08023430316200358,1097
dst_pcr6_fire_specificity_silence_sensitivity_tau_0_9,CWE-706,0.48320294099127814,0.43271186440677967,0.9836607551357138,0.9800627019428836,0.016339244864286177,0.5672881355932203,0.4548555772853036,0.4409471758358291,0.43842161020403986,0.9648816602850048,0.7081863097712467,0.7078924289386426,0.2956324216660524,298
dst_pcr6_fire_specificity_silence_sensitivity_tau_0_9,CWE-74,0.6482131403229204,0.43517114464482887,0.9537923045828544,0.8964085115044196,0.0462076954171456,0.5648288553551712,0.5202337635428924,0.46555565184123104,0.46007796676910323,0.8690880988317122,0.6944817246138417,0.7454415397041567,0.4730977327864731,1427
dst_pcr6_fire_specificity_silence_sensitivity_tau_0_9,CWE-913,0.34068627450980393,0.2532467532467532,0.9939755018294489,0.9907613632845385,0.0060244981705510165,0.7467532467532467,0.2902797534376481,0.26682486583236364,0.28613028088021447,0.9848940380148669,0.6236111275381011,0.6236124812317596,0.1327203172891422,107
dst_pcr6_fire_specificity_silence_sensitivity_tau_0_9,CWE-923,,0.0,1.0,0.9621191739707895,0.0,1.0,,,,0.9621191739707895,0.5,0.5,0.0217081353565692,331
dst_yager_fire_specificity_silence_sensitivity_tau_0_1,CWE-190,0.016022361785180003,1.0,0.0,,1.0,0.0,0.03153937622582422,0.0752866211481745,,0.016022361785180003,0.5,0.5139364978030693,0.02269542447174419,140
dst_yager_fire_specificity_silence_sensitivity_tau_0_1,CWE-20,0.038911450049722865,1.0,0.0,,1.0,0.0,0.07490805123978457,0.16835322798603888,,0.038911450049722865,0.5,0.42714006190675874,0.025557042779287286,340
dst_yager_fire_specificity_silence_sensitivity_tau_0_1,CWE-285,0.033303008376302,1.0,0.0,,1.0,0.0,0.06445925851822945,0.1469402428232363,,0.033303008376302,0.5,0.4976310371323658,0.03591619539329653,291
dst_yager_fire_specificity_silence_sensitivity_tau_0_1,CWE-287,0.07129995516718028,1.0,0.0,,1.0,0.0,0.1331087970327322,0.2773860988272806,,0.07129995516718028,0.5,0.534217857684386,0.0768253017240738,623
dst_yager_fire_specificity_silence_sensitivity_tau_0_1,CWE-311,0.044176437437980644,1.0,0.0,,1.0,0.0,0.08461463777591287,0.18771057318462436,,0.044176437437980644,0.5,0.7190844384925251,0.263213217910605,386
dst_yager_fire_specificity_silence_sensitivity_tau_0_1,CWE-327,0.5532117115362354,0.7857142857142857,0.7884220946819348,0.9887743881495393,0.21157790531806517,0.21428571428571427,0.5795315440057301,0.6111072407439225,0.6933008444232421,0.7882535717420175,0.7870681901981103,0.8710851487124245,0.6730955162538235,350
dst_yager_fire_specificity_silence_sensitivity_tau_0_1,CWE-330,0.9177251893665268,0.876,0.997637296932394,0.9963501119224725,0.002362703067605976,0.124,0.8960785705952748,0.8838560609293697,0.8934866281683593,0.994155261631855,0.9368186484661971,0.9378380685998631,0.8846530310262679,250
dst_yager_fire_specificity_silence_sensitivity_tau_0_1,CWE-345,0.060656083901038584,1.0,0.0,,1.0,0.0,0.11437450007459755,0.24406351629096842,,0.060656083901038584,0.5,0.5280954192917727,0.0869288240165629,530
dst_yager_fire_specificity_silence_sensitivity_tau_0_1,CWE-400,0.028840133252129065,1.0,0.0,,1.0,0.0,0.05606322208035598,0.12928482308779377,,0.028840133252129065,0.5,0.5017639033451645,0.025188206828006238,252
dst_yager_fire_specificity_silence_sensitivity_tau_0_1,CWE-610,0.03055681487196978,1.0,0.0,,1.0,0.0,0.05930139117302187,0.13614228420424332,,0.03055681487196978,0.5,0.6688185272486191,0.27229310881658386,267
dst_yager_fire_specificity_silence_sensitivity_tau_0_1,CWE-668,0.12554770940275473,1.0,0.0,,1.0,0.0,0.22308629777734232,0.4178777350388125,,0.12554770940275473,0.5,0.470056487692437,0.08023430316200358,1097
dst_yager_fire_specificity_silence_sensitivity_tau_0_1,CWE-706,0.034105186737298135,1.0,0.0,,1.0,0.0,0.06596052128049668,0.1500534122261133,,0.034105186737298135,0.5,0.7078924289386426,0.2956324216660524,298
dst_yager_fire_specificity_silence_sensitivity_tau_0_1,CWE-74,0.16331470503925044,1.0,0.0,,1.0,0.0,0.2807734017658668,0.4939127953996799,,0.16331470503925044,0.5,0.7454415397041567,0.4730977327864731,1427
dst_yager_fire_specificity_silence_sensitivity_tau_0_1,CWE-913,0.012245414834078849,1.0,0.0,,1.0,0.0,0.024194410471654708,0.05836678867973988,,0.012245414834078849,0.5,0.6236124812317596,0.1327203172891422,107
dst_yager_fire_specificity_silence_sensitivity_tau_0_1,CWE-923,0.03797070280371049,0.8,0.2,0.9624786810687891,0.8,0.2,0.07316332451553383,0.16482003558558123,,0.22287229845672624,0.5,0.5,0.0217081353565692,331
dst_yager_fire_specificity_silence_sensitivity_tau_0_2,CWE-190,0.016022361785180003,1.0,0.0,,1.0,0.0,0.03153937622582422,0.0752866211481745,,0.016022361785180003,0.5,0.5139364978030693,0.02269542447174419,140
dst_yager_fire_specificity_silence_sensitivity_tau_0_2,CWE-20,0.038911450049722865,1.0,0.0,,1.0,0.0,0.07490805123978457,0.16835322798603888,,0.038911450049722865,0.5,0.42714006190675874,0.025557042779287286,340
dst_yager_fire_specificity_silence_sensitivity_tau_0_2,CWE-285,0.033303008376302,1.0,0.0,,1.0,0.0,0.06445925851822945,0.1469402428232363,,0.033303008376302,0.5,0.4976310371323658,0.03591619539329653,291
dst_yager_fire_specificity_silence_sensitivity_tau_0_2,CWE-287,0.07129995516718028,1.0,0.0,,1.0,0.0,0.1331087970327322,0.2773860988272806,,0.07129995516718028,0.5,0.534217857684386,0.0768253017240738,623
dst_yager_fire_specificity_silence_sensitivity_tau_0_2,CWE-311,0.044176437437980644,1.0,0.0,,1.0,0.0,0.08461463777591287,0.18771057318462436,,0.044176437437980644,0.5,0.7190844384925251,0.263213217910605,386
dst_yager_fire_specificity_silence_sensitivity_tau_0_2,CWE-327,0.6978842228315287,0.7514285714285714,0.986290655960798,0.9895934855641947,0.013709344039201954,0.24857142857142858,0.7231267416210152,0.7396980348652973,0.7119131620172416,0.9768834750961959,0.8688596136946847,0.8710851487124245,0.6730955162538235,350
dst_yager_fire_specificity_silence_sensitivity_tau_0_2,CWE-330,0.9177251893665268,0.876,0.997637296932394,0.9963501119224725,0.002362703067605976,0.124,0.8960785705952748,0.8838560609293697,0.8934866281683593,0.994155261631855,0.9368186484661971,0.9378380685998631,0.8846530310262679,250
dst_yager_fire_specificity_silence_sensitivity_tau_0_2,CWE-345,0.060656083901038584,1.0,0.0,,1.0,0.0,0.11437450007459755,0.24406351629096842,,0.060656083901038584,0.5,0.5280954192917727,0.0869288240165629,530
dst_yager_fire_specificity_silence_sensitivity_tau_0_2,CWE-400,0.028840133252129065,1.0,0.0,,1.0,0.0,0.05606322208035598,0.12928482308779377,,0.028840133252129065,0.5,0.5017639033451645,0.025188206828006238,252
dst_yager_fire_specificity_silence_sensitivity_tau_0_2,CWE-610,0.03055681487196978,1.0,0.0,,1.0,0.0,0.05930139117302187,0.13614228420424332,,0.03055681487196978,0.5,0.6688185272486191,0.27229310881658386,267
dst_yager_fire_specificity_silence_sensitivity_tau_0_2,CWE-668,0.12554770940275473,1.0,0.0,,1.0,0.0,0.22308629777734232,0.4178777350388125,,0.12554770940275473,0.5,0.470056487692437,0.08023430316200358,1097
dst_yager_fire_specificity_silence_sensitivity_tau_0_2,CWE-706,0.034105186737298135,1.0,0.0,,1.0,0.0,0.06596052128049668,0.1500534122261133,,0.034105186737298135,0.5,0.7078924289386426,0.2956324216660524,298
dst_yager_fire_specificity_silence_sensitivity_tau_0_2,CWE-74,0.3873669964974987,0.615311004784689,0.8100223315977424,0.9151575938427058,0.18997766840225766,0.384688995215311,0.4753139185584409,0.55040628936131,0.3586906036254499,0.7781965863894268,0.7126666681912157,0.7454415397041567,0.4730977327864731,1427
dst_yager_fire_specificity_silence_sensitivity_tau_0_2,CWE-913,0.012245414834078849,1.0,0.0,,1.0,0.0,0.024194410471654708,0.05836678867973988,,0.012245414834078849,0.5,0.6236124812317596,0.1327203172891422,107
dst_yager_fire_specificity_silence_sensitivity_tau_0_2,CWE-923,0.03797070280371049,0.8,0.2,0.9624786810687891,0.8,0.2,0.07316332451553383,0.16482003558558123,,0.22287229845672624,0.5,0.5,0.0217081353565692,331
dst_yager_fire_specificity_silence_sensitivity_tau_0_3,CWE-190,0.016022361785180003,1.0,0.0,,1.0,0.0,0.03153937622582422,0.0752866211481745,,0.016022361785180003,0.5,0.5139364978030693,0.02269542447174419,140
dst_yager_fire_specificity_silence_sensitivity_tau_0_3,CWE-20,0.038911450049722865,1.0,0.0,,1.0,0.0,0.07490805123978457,0.16835322798603888,,0.038911450049722865,0.5,0.42714006190675874,0.025557042779287286,340
dst_yager_fire_specificity_silence_sensitivity_tau_0_3,CWE-285,0.033303008376302,1.0,0.0,,1.0,0.0,0.06445925851822945,0.1469402428232363,,0.033303008376302,0.5,0.4976310371323658,0.03591619539329653,291
dst_yager_fire_specificity_silence_sensitivity_tau_0_3,CWE-287,0.07129995516718028,1.0,0.0,,1.0,0.0,0.1331087970327322,0.2773860988272806,,0.07129995516718028,0.5,0.534217857684386,0.0768253017240738,623
dst_yager_fire_specificity_silence_sensitivity_tau_0_3,CWE-311,0.35376947353884347,0.4741924741924741,0.9600108060025395,0.9753015437585285,0.03998919399746059,0.5258075258075258,0.4048535761115171,0.4436591030502376,0.37784351808646577,0.9385352239045902,0.7171016400975068,0.7190844384925251,0.263213217910605,386
dst_yager_fire_specificity_silence_sensitivity_tau_0_3,CWE-327,0.6978842228315287,0.7514285714285714,0.986290655960798,0.9895934855641947,0.013709344039201954,0.24857142857142858,0.7231267416210152,0.7396980348652973,0.7119131620172416,0.9768834750961959,0.8688596136946847,0.8710851487124245,0.6730955162538235,350
dst_yager_fire_specificity_silence_sensitivity_tau_0_3,CWE-330,0.9177251893665268,0.876,0.997637296932394,0.9963501119224725,0.002362703067605976,0.124,0.8960785705952748,0.8838560609293697,0.8934866281683593,0.994155261631855,0.9368186484661971,0.9378380685998631,0.8846530310262679,250
dst_yager_fire_specificity_silence_sensitivity_tau_0_3,CWE-345,0.060656083901038584,1.0,0.0,,1.0,0.0,0.11437450007459755,0.24406351629096842,,0.060656083901038584,0.5,0.5280954192917727,0.0869288240165629,530
dst_yager_fire_specificity_silence_sensitivity_tau_0_3,CWE-400,0.028840133252129065,1.0,0.0,,1.0,0.0,0.05606322208035598,0.12928482308779377,,0.028840133252129065,0.5,0.5017639033451645,0.025188206828006238,252
dst_yager_fire_specificity_silence_sensitivity_tau_0_3,CWE-610,0.03055681487196978,1.0,0.0,,1.0,0.0,0.05930139117302187,0.13614228420424332,,0.03055681487196978,0.5,0.6688185272486191,0.27229310881658386,267
dst_yager_fire_specificity_silence_sensitivity_tau_0_3,CWE-668,0.12554770940275473,1.0,0.0,,1.0,0.0,0.22308629777734232,0.4178777350388125,,0.12554770940275473,0.5,0.470056487692437,0.08023430316200358,1097
dst_yager_fire_specificity_silence_sensitivity_tau_0_3,CWE-706,0.4596924414927261,0.43271186440677967,0.9821166476111832,0.9800322570878807,0.01788335238881682,0.5672881355932203,0.44436779421311917,0.43698940055984153,0.42645567205175644,0.9633903541617166,0.7074142560089814,0.7078924289386426,0.2956324216660524,298
dst_yager_fire_specificity_silence_sensitivity_tau_0_3,CWE-74,0.3873669964974987,0.615311004784689,0.8100223315977424,0.9151575938427058,0.18997766840225766,0.384688995215311,0.4753139185584409,0.55040628936131,0.3586906036254499,0.7781965863894268,0.7126666681912157,0.7454415397041567,0.4730977327864731,1427
dst_yager_fire_specificity_silence_sensitivity_tau_0_3,CWE-913,0.012245414834078849,1.0,0.0,,1.0,0.0,0.024194410471654708,0.05836678867973988,,0.012245414834078849,0.5,0.6236124812317596,0.1327203172891422,107
dst_yager_fire_specificity_silence_sensitivity_tau_0_3,CWE-923,0.03797070280371049,0.8,0.2,0.9624786810687891,0.8,0.2,0.07316332451553383,0.16482003558558123,,0.22287229845672624,0.5,0.5,0.0217081353565692,331
dst_yager_fire_specificity_silence_sensitivity_tau_0_4,CWE-190,0.016022361785180003,1.0,0.0,,1.0,0.0,0.03153937622582422,0.0752866211481745,,0.016022361785180003,0.5,0.5139364978030693,0.02269542447174419,140
dst_yager_fire_specificity_silence_sensitivity_tau_0_4,CWE-20,0.038911450049722865,1.0,0.0,,1.0,0.0,0.07490805123978457,0.16835322798603888,,0.038911450049722865,0.5,0.42714006190675874,0.025557042779287286,340
dst_yager_fire_specificity_silence_sensitivity_tau_0_4,CWE-285,0.033303008376302,1.0,0.0,,1.0,0.0,0.06445925851822945,0.1469402428232363,,0.033303008376302,0.5,0.4976310371323658,0.03591619539329653,291
dst_yager_fire_specificity_silence_sensitivity_tau_0_4,CWE-287,0.07129995516718028,1.0,0.0,,1.0,0.0,0.1331087970327322,0.2773860988272806,,0.07129995516718028,0.5,0.534217857684386,0.0768253017240738,623
dst_yager_fire_specificity_silence_sensitivity_tau_0_4,CWE-311,0.35376947353884347,0.4741924741924741,0.9600108060025395,0.9753015437585285,0.03998919399746059,0.5258075258075258,0.4048535761115171,0.4436591030502376,0.37784351808646577,0.9385352239045902,0.7171016400975068,0.7190844384925251,0.263213217910605,386
dst_yager_fire_specificity_silence_sensitivity_tau_0_4,CWE-327,0.6978842228315287,0.7514285714285714,0.986290655960798,0.9895934855641947,0.013709344039201954,0.24857142857142858,0.7231267416210152,0.7396980348652973,0.7119131620172416,0.9768834750961959,0.8688596136946847,0.8710851487124245,0.6730955162538235,350
dst_yager_fire_specificity_silence_sensitivity_tau_0_4,CWE-330,0.9177251893665268,0.876,0.997637296932394,0.9963501119224725,0.002362703067605976,0.124,0.8960785705952748,0.8838560609293697,0.8934866281683593,0.994155261631855,0.9368186484661971,0.9378380685998631,0.8846530310262679,250
dst_yager_fire_specificity_silence_sensitivity_tau_0_4,CWE-345,0.060656083901038584,1.0,0.0,,1.0,0.0,0.11437450007459755,0.24406351629096842,,0.060656083901038584,0.5,0.5280954192917727,0.0869288240165629,530
dst_yager_fire_specificity_silence_sensitivity_tau_0_4,CWE-400,0.028840133252129065,1.0,0.0,,1.0,0.0,0.05606322208035598,0.12928482308779377,,0.028840133252129065,0.5,0.5017639033451645,0.025188206828006238,252
dst_yager_fire_specificity_silence_sensitivity_tau_0_4,CWE-610,0.6044126984126985,0.3446540880503145,0.9926690013298444,0.9796123231798033,0.0073309986701555726,0.6553459119496855,0.4369268531778808,0.3762244348833884,0.44276491934781925,0.9728637089194864,0.6686615446900794,0.6688185272486191,0.27229310881658386,267
dst_yager_fire_specificity_silence_sensitivity_tau_0_4,CWE-668,0.12554770940275473,1.0,0.0,,1.0,0.0,0.22308629777734232,0.4178777350388125,,0.12554770940275473,0.5,0.470056487692437,0.08023430316200358,1097
dst_yager_fire_specificity_silence_sensitivity_tau_0_4,CWE-706,0.4596924414927261,0.43271186440677967,0.9821166476111832,0.9800322570878807,0.01788335238881682,0.5672881355932203,0.44436779421311917,0.43698940055984153,0.42645567205175644,0.9633903541617166,0.7074142560089814,0.7078924289386426,0.2956324216660524,298
dst_yager_fire_specificity_silence_sensitivity_tau_0_4,CWE-74,0.3873669964974987,0.615311004784689,0.8100223315977424,0.9151575938427058,0.18997766840225766,0.384688995215311,0.4753139185584409,0.55040628936131,0.3586906036254499,0.7781965863894268,0.7126666681912157,0.7454415397041567,0.4730977327864731,1427
dst_yager_fire_specificity_silence_sensitivity_tau_0_4,CWE-913,0.34068627450980393,0.2532467532467532,0.9939755018294489,0.9907613632845385,0.0060244981705510165,0.7467532467532467,0.2902797534376481,0.26682486583236364,0.28613028088021447,0.9848940380148669,0.6236111275381011,0.6236124812317596,0.1327203172891422,107
dst_yager_fire_specificity_silence_sensitivity_tau_0_4,CWE-923,0.03797070280371049,0.8,0.2,0.9624786810687891,0.8,0.2,0.07316332451553383,0.16482003558558123,,0.22287229845672624,0.5,0.5,0.0217081353565692,331
dst_yager_fire_specificity_silence_sensitivity_tau_0_5,CWE-190,0.41111111111111115,0.02857142857142857,0.9993015670347101,0.9844186702470662,0.0006984329652900278,0.9714285714285715,0.08413163897034864,0.057602665154152556,0.1330237238465335,0.9837488652933695,0.5139364978030694,0.5139364978030693,0.02269542447174419,140
dst_yager_fire_specificity_silence_sensitivity_tau_0_5,CWE-20,0.008094373910570872,0.03823529411764706,0.8160448296958703,0.954458872197546,0.18395517030412958,0.9617647058823529,0.013354475109235172,0.021898242624968374,-0.07384684807580907,0.7857756693158986,0.42714006190675874,0.42714006190675874,0.025557042779287286,340
dst_yager_fire_specificity_silence_sensitivity_tau_0_5,CWE-285,0.018526315789473686,0.006838106370543542,0.9884043266557156,0.9665430793790396,0.011595673344284308,0.9931618936294564,0.02489177489177489,0.019538703423852482,-0.00838714392237178,0.9557163462672544,0.4976212165131296,0.4976310371323658,0.03591619539329653,291
dst_yager_fire_specificity_silence_sensitivity_tau_0_5,CWE-287,0.38766031457955236,0.07710967741935484,0.9913678298237887,0.9333039406063126,0.008632170176211283,0.9228903225806452,0.12758453758210925,0.09157653844517429,0.14718622220373923,0.9261819530972936,0.5342387536215718,0.534217857684386,0.0768253017240738,623
dst_yager_fire_specificity_silence_sensitivity_tau_0_5,CWE-311,0.35376947353884347,0.4741924741924741,0.9600108060025395,0.9753015437585285,0.03998919399746059,0.5258075258075258,0.4048535761115171,0.4436591030502376,0.37784351808646577,0.9385352239045902,0.7171016400975068,0.7190844384925251,0.263213217910605,386
dst_yager_fire_specificity_silence_sensitivity_tau_0_5,CWE-327,0.6978842228315287,0.7514285714285714,0.986290655960798,0.9895934855641947,0.013709344039201954,0.24857142857142858,0.7231267416210152,0.7396980348652973,0.7119131620172416,0.9768834750961959,0.8688596136946847,0.8710851487124245,0.6730955162538235,350
dst_yager_fire_specificity_silence_sensitivity_tau_0_5,CWE-330,0.9177251893665268,0.876,0.997637296932394,0.9963501119224725,0.002362703067605976,0.124,0.8960785705952748,0.8838560609293697,0.8934866281683593,0.994155261631855,0.9368186484661971,0.9378380685998631,0.8846530310262679,250
dst_yager_fire_specificity_silence_sensitivity_tau_0_5,CWE-345,0.5136553504974557,0.06037735849056604,0.9957388788195984,0.9425649388615371,0.004261121180401605,0.939622641509434,0.10734611668524711,0.07317374543113223,0.15869069392052035,0.9390024420046487,0.5280581186550822,0.5280954192917727,0.0869288240165629,530
dst_yager_fire_specificity_silence_sensitivity_tau_0_5,CWE-400,0.005685048322910745,0.2,0.7995278066903291,0.9710395449950219,0.20047219330967098,0.8,0.0552791597567717,0.12761613067891783,-0.004134400424407924,0.782071437153537,0.4997639033451645,0.5017639033451645,0.025188206828006238,252
dst_yager_fire_specificity_silence_sensitivity_tau_0_5,CWE-610,0.6044126984126985,0.3446540880503145,0.9926690013298444,0.9796123231798033,0.0073309986701555726,0.6553459119496855,0.4369268531778808,0.3762244348833884,0.44276491934781925,0.9728637089194864,0.6686615446900794,0.6688185272486191,0.27229310881658386,267
dst_yager_fire_specificity_silence_sensitivity_tau_0_5,CWE-668,0.029647941693313744,0.016409298464092982,0.9237036769207811,0.8673923841522481,0.07629632307921884,0.9835907015359069,0.021118581891956267,0.018015527689777464,-0.07851080085076577,0.8097940728480404,0.470056487692437,0.470056487692437,0.08023430316200358,1097
dst_yager_fire_specificity_silence_sensitivity_tau_0_5,CWE-706,0.4596924414927261,0.43271186440677967,0.9821166476111832,0.9800322570878807,0.01788335238881682,0.5672881355932203,0.44436779421311917,0.43698940055984153,0.42645567205175644,0.9633903541617166,0.7074142560089814,0.7078924289386426,0.2956324216660524,298
dst_yager_fire_specificity_silence_sensitivity_tau_0_5,CWE-74,0.3873669964974987,0.615311004784689,0.8100223315977424,0.9151575938427058,0.18997766840225766,0.384688995215311,0.4753139185584409,0.55040628936131,0.3586906036254499,0.7781965863894268,0.7126666681912157,0.7454415397041567,0.4730977327864731,1427
dst_yager_fire_specificity_silence_sensitivity_tau_0_5,CWE-913,0.34068627450980393,0.2532467532467532,0.9939755018294489,0.9907613632845385,0.0060244981705510165,0.7467532467532467,0.2902797534376481,0.26682486583236364,0.28613028088021447,0.9848940380148669,0.6236111275381011,0.6236124812317596,0.1327203172891422,107
dst_yager_fire_specificity_silence_sensitivity_tau_0_5,CWE-923,0.03797070280371049,0.8,0.2,0.9624786810687891,0.8,0.2,0.07316332451553383,0.16482003558558123,,0.22287229845672624,0.5,0.5,0.0217081353565692,331
dst_yager_fire_specificity_silence_sensitivity_tau_0_6,CWE-190,0.41111111111111115,0.02857142857142857,0.9993015670347101,0.9844186702470662,0.0006984329652900278,0.9714285714285715,0.08413163897034864,0.057602665154152556,0.1330237238465335,0.9837488652933695,0.5139364978030694,0.5139364978030693,0.02269542447174419,140
dst_yager_fire_specificity_silence_sensitivity_tau_0_6,CWE-20,0.008094373910570872,0.03823529411764706,0.8160448296958703,0.954458872197546,0.18395517030412958,0.9617647058823529,0.013354475109235172,0.021898242624968374,-0.07384684807580907,0.7857756693158986,0.42714006190675874,0.42714006190675874,0.025557042779287286,340
dst_yager_fire_specificity_silence_sensitivity_tau_0_6,CWE-285,0.018526315789473686,0.006838106370543542,0.9884043266557156,0.9665430793790396,0.011595673344284308,0.9931618936294564,0.02489177489177489,0.019538703423852482,-0.00838714392237178,0.9557163462672544,0.4976212165131296,0.4976310371323658,0.03591619539329653,291
dst_yager_fire_specificity_silence_sensitivity_tau_0_6,CWE-287,0.38766031457955236,0.07710967741935484,0.9913678298237887,0.9333039406063126,0.008632170176211283,0.9228903225806452,0.12758453758210925,0.09157653844517429,0.14718622220373923,0.9261819530972936,0.5342387536215718,0.534217857684386,0.0768253017240738,623
dst_yager_fire_specificity_silence_sensitivity_tau_0_6,CWE-311,0.35376947353884347,0.4741924741924741,0.9600108060025395,0.9753015437585285,0.03998919399746059,0.5258075258075258,0.4048535761115171,0.4436591030502376,0.37784351808646577,0.9385352239045902,0.7171016400975068,0.7190844384925251,0.263213217910605,386
dst_yager_fire_specificity_silence_sensitivity_tau_0_6,CWE-327,0.6978842228315287,0.7514285714285714,0.986290655960798,0.9895934855641947,0.013709344039201954,0.24857142857142858,0.7231267416210152,0.7396980348652973,0.7119131620172416,0.9768834750961959,0.8688596136946847,0.8710851487124245,0.6730955162538235,350
dst_yager_fire_specificity_silence_sensitivity_tau_0_6,CWE-330,1.0,0.8720000000000001,1.0,0.9962425410379993,0.0,0.128,0.9311932313052134,0.8946693431470949,0.9318473245647475,0.9963351773435036,0.9359999999999999,0.9378380685998631,0.8846530310262679,250
dst_yager_fire_specificity_silence_sensitivity_tau_0_6,CWE-345,0.5136553504974557,0.06037735849056604,0.9957388788195984,0.9425649388615371,0.004261121180401605,0.939622641509434,0.10734611668524711,0.07317374543113223,0.15869069392052035,0.9390024420046487,0.5280581186550822,0.5280954192917727,0.0869288240165629,530
dst_yager_fire_specificity_silence_sensitivity_tau_0_6,CWE-400,0.2,0.004,0.999527806690329,0.9712571194999992,0.0004721933096709749,0.9960000000000001,0.0392156862745098,0.02487562189054727,0.024579787418949152,0.9708150414741737,0.5017639033451645,0.5017639033451645,0.025188206828006238,252
dst_yager_fire_specificity_silence_sensitivity_tau_0_6,CWE-610,0.6044126984126985,0.3446540880503145,0.9926690013298444,0.9796123231798033,0.0073309986701555726,0.6553459119496855,0.4369268531778808,0.3762244348833884,0.44276491934781925,0.9728637089194864,0.6686615446900794,0.6688185272486191,0.27229310881658386,267
dst_yager_fire_specificity_silence_sensitivity_tau_0_6,CWE-668,0.029647941693313744,0.016409298464092982,0.9237036769207811,0.8673923841522481,0.07629632307921884,0.9835907015359069,0.021118581891956267,0.018015527689777464,-0.07851080085076577,0.8097940728480404,0.470056487692437,0.470056487692437,0.08023430316200358,1097
dst_yager_fire_specificity_silence_sensitivity_tau_0_6,CWE-706,0.4596924414927261,0.43271186440677967,0.9821166476111832,0.9800322570878807,0.01788335238881682,0.5672881355932203,0.44436779421311917,0.43698940055984153,0.42645567205175644,0.9633903541617166,0.7074142560089814,0.7078924289386426,0.2956324216660524,298
dst_yager_fire_specificity_silence_sensitivity_tau_0_6,CWE-74,0.3873669964974987,0.615311004784689,0.8100223315977424,0.9151575938427058,0.18997766840225766,0.384688995215311,0.4753139185584409,0.55040628936131,0.3586906036254499,0.7781965863894268,0.7126666681912157,0.7454415397041567,0.4730977327864731,1427
dst_yager_fire_specificity_silence_sensitivity_tau_0_6,CWE-913,0.34068627450980393,0.2532467532467532,0.9939755018294489,0.9907613632845385,0.0060244981705510165,0.7467532467532467,0.2902797534376481,0.26682486583236364,0.28613028088021447,0.9848940380148669,0.6236111275381011,0.6236124812317596,0.1327203172891422,107
dst_yager_fire_specificity_silence_sensitivity_tau_0_6,CWE-923,,0.0,1.0,0.9621191739707895,0.0,1.0,,,,0.9621191739707895,0.5,0.5,0.0217081353565692,331
dst_yager_fire_specificity_silence_sensitivity_tau_0_7,CWE-190,0.41111111111111115,0.02857142857142857,0.9993015670347101,0.9844186702470662,0.0006984329652900278,0.9714285714285715,0.08413163897034864,0.057602665154152556,0.1330237238465335,0.9837488652933695,0.5139364978030694,0.5139364978030693,0.02269542447174419,140
dst_yager_fire_specificity_silence_sensitivity_tau_0_7,CWE-20,0.008094373910570872,0.03823529411764706,0.8160448296958703,0.954458872197546,0.18395517030412958,0.9617647058823529,0.013354475109235172,0.021898242624968374,-0.07384684807580907,0.7857756693158986,0.42714006190675874,0.42714006190675874,0.025557042779287286,340
dst_yager_fire_specificity_silence_sensitivity_tau_0_7,CWE-285,0.018526315789473686,0.006838106370543542,0.9884043266557156,0.9665430793790396,0.011595673344284308,0.9931618936294564,0.02489177489177489,0.019538703423852482,-0.00838714392237178,0.9557163462672544,0.4976212165131296,0.4976310371323658,0.03591619539329653,291
dst_yager_fire_specificity_silence_sensitivity_tau_0_7,CWE-287,0.38766031457955236,0.07710967741935484,0.9913678298237887,0.9333039406063126,0.008632170176211283,0.9228903225806452,0.12758453758210925,0.09157653844517429,0.14718622220373923,0.9261819530972936,0.5342387536215718,0.534217857684386,0.0768253017240738,623
dst_yager_fire_specificity_silence_sensitivity_tau_0_7,CWE-311,0.35376947353884347,0.4741924741924741,0.9600108060025395,0.9753015437585285,0.03998919399746059,0.5258075258075258,0.4048535761115171,0.4436591030502376,0.37784351808646577,0.9385352239045902,0.7171016400975068,0.7190844384925251,0.263213217910605,386
dst_yager_fire_specificity_silence_sensitivity_tau_0_7,CWE-327,0.7462012884343638,0.6857142857142857,0.9901041062172634,0.986933712597504,0.009895893782736632,0.3142857142857143,0.7129111993301107,0.6959499443764249,0.7030899633557367,0.977911287806258,0.8379091959657746,0.8710851487124245,0.6730955162538235,350
dst_yager_fire_specificity_silence_sensitivity_tau_0_7,CWE-330,1.0,0.8720000000000001,1.0,0.9962425410379993,0.0,0.128,0.9311932313052134,0.8946693431470949,0.9318473245647475,0.9963351773435036,0.9359999999999999,0.9378380685998631,0.8846530310262679,250
dst_yager_fire_specificity_silence_sensitivity_tau_0_7,CWE-345,0.5136553504974557,0.06037735849056604,0.9957388788195984,0.9425649388615371,0.004261121180401605,0.939622641509434,0.10734611668524711,0.07317374543113223,0.15869069392052035,0.9390024420046487,0.5280581186550822,0.5280954192917727,0.0869288240165629,530
dst_yager_fire_specificity_silence_sensitivity_tau_0_7,CWE-400,0.2,0.004,0.999527806690329,0.9712571194999992,0.0004721933096709749,0.9960000000000001,0.0392156862745098,0.02487562189054727,0.024579787418949152,0.9708150414741737,0.5017639033451645,0.5017639033451645,0.025188206828006238,252
dst_yager_fire_specificity_silence_sensitivity_tau_0_7,CWE-610,0.6044126984126985,0.3446540880503145,0.9926690013298444,0.9796123231798033,0.0073309986701555726,0.6553459119496855,0.4369268531778808,0.3762244348833884,0.44276491934781925,0.9728637089194864,0.6686615446900794,0.6688185272486191,0.27229310881658386,267
dst_yager_fire_specificity_silence_sensitivity_tau_0_7,CWE-668,0.029647941693313744,0.016409298464092982,0.9237036769207811,0.8673923841522481,0.07629632307921884,0.9835907015359069,0.021118581891956267,0.018015527689777464,-0.07851080085076577,0.8097940728480404,0.470056487692437,0.470056487692437,0.08023430316200358,1097
dst_yager_fire_specificity_silence_sensitivity_tau_0_7,CWE-706,0.4596924414927261,0.43271186440677967,0.9821166476111832,0.9800322570878807,0.01788335238881682,0.5672881355932203,0.44436779421311917,0.43698940055984153,0.42645567205175644,0.9633903541617166,0.7074142560089814,0.7078924289386426,0.2956324216660524,298
dst_yager_fire_specificity_silence_sensitivity_tau_0_7,CWE-74,0.5497951679965319,0.5711495522021838,0.9086362502179155,0.9156303435601831,0.09136374978208447,0.4288504477978162,0.5601939913435185,0.5666970268097776,0.4725313646049667,0.853505095837009,0.7398929012100497,0.7454415397041567,0.4730977327864731,1427
dst_yager_fire_specificity_silence_sensitivity_tau_0_7,CWE-913,0.34068627450980393,0.2532467532467532,0.9939755018294489,0.9907613632845385,0.0060244981705510165,0.7467532467532467,0.2902797534376481,0.26682486583236364,0.28613028088021447,0.9848940380148669,0.6236111275381011,0.6236124812317596,0.1327203172891422,107
dst_yager_fire_specificity_silence_sensitivity_tau_0_7,CWE-923,,0.0,1.0,0.9621191739707895,0.0,1.0,,,,0.9621191739707895,0.5,0.5,0.0217081353565692,331
dst_yager_fire_specificity_silence_sensitivity_tau_0_8,CWE-190,0.41111111111111115,0.02857142857142857,0.9993015670347101,0.9844186702470662,0.0006984329652900278,0.9714285714285715,0.08413163897034864,0.057602665154152556,0.1330237238465335,0.9837488652933695,0.5139364978030694,0.5139364978030693,0.02269542447174419,140
dst_yager_fire_specificity_silence_sensitivity_tau_0_8,CWE-20,0.008094373910570872,0.03823529411764706,0.8160448296958703,0.954458872197546,0.18395517030412958,0.9617647058823529,0.013354475109235172,0.021898242624968374,-0.07384684807580907,0.7857756693158986,0.42714006190675874,0.42714006190675874,0.025557042779287286,340
dst_yager_fire_specificity_silence_sensitivity_tau_0_8,CWE-285,0.018526315789473686,0.006838106370543542,0.9884043266557156,0.9665430793790396,0.011595673344284308,0.9931618936294564,0.02489177489177489,0.019538703423852482,-0.00838714392237178,0.9557163462672544,0.4976212165131296,0.4976310371323658,0.03591619539329653,291
dst_yager_fire_specificity_silence_sensitivity_tau_0_8,CWE-287,0.38766031457955236,0.07710967741935484,0.9913678298237887,0.9333039406063126,0.008632170176211283,0.9228903225806452,0.12758453758210925,0.09157653844517429,0.14718622220373923,0.9261819530972936,0.5342387536215718,0.534217857684386,0.0768253017240738,623
dst_yager_fire_specificity_silence_sensitivity_tau_0_8,CWE-311,0.3915016997977188,0.45864135864135863,0.9670758596411086,0.9747722191605612,0.032924140358891275,0.5413586413586413,0.4220109345808403,0.4431299820246548,0.3947055324358782,0.9446031643677791,0.7128586091412337,0.7190844384925251,0.263213217910605,386
dst_yager_fire_specificity_silence_sensitivity_tau_0_8,CWE-327,0.9271940298507463,0.3771428571428571,0.9979827925076398,0.974680959642891,0.002017207492360236,0.6228571428571429,0.5014665539273102,0.4149055733306229,0.5611387476657317,0.9730897865041938,0.6875628248252484,0.8710851487124245,0.6730955162538235,350
dst_yager_fire_specificity_silence_sensitivity_tau_0_8,CWE-330,1.0,0.8720000000000001,1.0,0.9962425410379993,0.0,0.128,0.9311932313052134,0.8946693431470949,0.9318473245647475,0.9963351773435036,0.9359999999999999,0.9378380685998631,0.8846530310262679,250
dst_yager_fire_specificity_silence_sensitivity_tau_0_8,CWE-345,0.5136553504974557,0.06037735849056604,0.9957388788195984,0.9425649388615371,0.004261121180401605,0.939622641509434,0.10734611668524711,0.07317374543113223,0.15869069392052035,0.9390024420046487,0.5280581186550822,0.5280954192917727,0.0869288240165629,530
dst_yager_fire_specificity_silence_sensitivity_tau_0_8,CWE-400,0.2,0.004,0.999527806690329,0.9712571194999992,0.0004721933096709749,0.9960000000000001,0.0392156862745098,0.02487562189054727,0.024579787418949152,0.9708150414741737,0.5017639033451645,0.5017639033451645,0.025188206828006238,252
dst_yager_fire_specificity_silence_sensitivity_tau_0_8,CWE-610,0.6044126984126985,0.3446540880503145,0.9926690013298444,0.9796123231798033,0.0073309986701555726,0.6553459119496855,0.4369268531778808,0.3762244348833884,0.44276491934781925,0.9728637089194864,0.6686615446900794,0.6688185272486191,0.27229310881658386,267
dst_yager_fire_specificity_silence_sensitivity_tau_0_8,CWE-668,0.029647941693313744,0.016409298464092982,0.9237036769207811,0.8673923841522481,0.07629632307921884,0.9835907015359069,0.021118581891956267,0.018015527689777464,-0.07851080085076577,0.8097940728480404,0.470056487692437,0.470056487692437,0.08023430316200358,1097
dst_yager_fire_specificity_silence_sensitivity_tau_0_8,CWE-706,0.4774620990011195,0.43271186440677967,0.9833033995669229,0.9800573778096524,0.016696600433077125,0.5672881355932203,0.4519626168224299,0.43978435938363736,0.4353596812905349,0.9645366344080639,0.7080076319868513,0.7078924289386426,0.2956324216660524,298
dst_yager_fire_specificity_silence_sensitivity_tau_0_8,CWE-74,0.6482131403229204,0.43517114464482887,0.9537923045828544,0.8964085115044196,0.0462076954171456,0.5648288553551712,0.5202337635428924,0.46555565184123104,0.46007796676910323,0.8690880988317122,0.6944817246138417,0.7454415397041567,0.4730977327864731,1427
dst_yager_fire_specificity_silence_sensitivity_tau_0_8,CWE-913,0.34068627450980393,0.2532467532467532,0.9939755018294489,0.9907613632845385,0.0060244981705510165,0.7467532467532467,0.2902797534376481,0.26682486583236364,0.28613028088021447,0.9848940380148669,0.6236111275381011,0.6236124812317596,0.1327203172891422,107
dst_yager_fire_specificity_silence_sensitivity_tau_0_8,CWE-923,,0.0,1.0,0.9621191739707895,0.0,1.0,,,,0.9621191739707895,0.5,0.5,0.0217081353565692,331
dst_yager_fire_specificity_silence_sensitivity_tau_0_9,CWE-190,0.41111111111111115,0.02857142857142857,0.9993015670347101,0.9844186702470662,0.0006984329652900278,0.9714285714285715,0.08413163897034864,0.057602665154152556,0.1330237238465335,0.9837488652933695,0.5139364978030694,0.5139364978030693,0.02269542447174419,140
dst_yager_fire_specificity_silence_sensitivity_tau_0_9,CWE-20,0.008094373910570872,0.03823529411764706,0.8160448296958703,0.954458872197546,0.18395517030412958,0.9617647058823529,0.013354475109235172,0.021898242624968374,-0.07384684807580907,0.7857756693158986,0.42714006190675874,0.42714006190675874,0.025557042779287286,340
dst_yager_fire_specificity_silence_sensitivity_tau_0_9,CWE-285,0.018526315789473686,0.006838106370543542,0.9884043266557156,0.9665430793790396,0.011595673344284308,0.9931618936294564,0.02489177489177489,0.019538703423852482,-0.00838714392237178,0.9557163462672544,0.4976212165131296,0.4976310371323658,0.03591619539329653,291
dst_yager_fire_specificity_silence_sensitivity_tau_0_9,CWE-287,0.38766031457955236,0.07710967741935484,0.9913678298237887,0.9333039406063126,0.008632170176211283,0.9228903225806452,0.12758453758210925,0.09157653844517429,0.14718622220373923,0.9261819530972936,0.5342387536215718,0.534217857684386,0.0768253017240738,623
dst_yager_fire_specificity_silence_sensitivity_tau_0_9,CWE-311,0.44737949660150794,0.18658008658008657,0.9893421813494175,0.9633837084581337,0.010657818650582527,0.8134199134199134,0.2628265628265628,0.2110390359219509,0.2685056195391121,0.9538702814480887,0.587961133964752,0.7190844384925251,0.263213217910605,386
dst_yager_fire_specificity_silence_sensitivity_tau_0_9,CWE-327,0.9576666666666667,0.2885714285714286,0.9994037516550642,0.9711543451628153,0.0005962483449357244,0.7114285714285714,0.4416746607761999,0.33494387152567817,0.5156798597659009,0.9709294681414876,0.6439875901132465,0.8710851487124245,0.6730955162538235,350
dst_yager_fire_specificity_silence_sensitivity_tau_0_9,CWE-330,1.0,0.8720000000000001,1.0,0.9962425410379993,0.0,0.128,0.9311932313052134,0.8946693431470949,0.9318473245647475,0.9963351773435036,0.9359999999999999,0.9378380685998631,0.8846530310262679,250
dst_yager_fire_specificity_silence_sensitivity_tau_0_9,CWE-345,0.5136553504974557,0.06037735849056604,0.9957388788195984,0.9425649388615371,0.004261121180401605,0.939622641509434,0.10734611668524711,0.07317374543113223,0.15869069392052035,0.9390024420046487,0.5280581186550822,0.5280954192917727,0.0869288240165629,530
dst_yager_fire_specificity_silence_sensitivity_tau_0_9,CWE-400,0.2,0.004,0.999527806690329,0.9712571194999992,0.0004721933096709749,0.9960000000000001,0.0392156862745098,0.02487562189054727,0.024579787418949152,0.9708150414741737,0.5017639033451645,0.5017639033451645,0.025188206828006238,252
dst_yager_fire_specificity_silence_sensitivity_tau_0_9,CWE-610,0.6207147375079064,0.33717679944095036,0.9934988075305785,0.9794023715829419,0.006501192469421368,0.6628232005590495,0.43545778583625516,0.3704784181047536,0.4446430590783311,0.9734395318417318,0.6653378034857644,0.6688185272486191,0.27229310881658386,267
dst_yager_fire_specificity_silence_sensitivity_tau_0_9,CWE-668,0.029647941693313744,0.016409298464092982,0.9237036769207811,0.8673923841522481,0.07629632307921884,0.9835907015359069,0.021118581891956267,0.018015527689777464,-0.07851080085076577,0.8097940728480404,0.470056487692437,0.470056487692437,0.08023430316200358,1097
dst_yager_fire_specificity_silence_sensitivity_tau_0_9,CWE-706,0.48320294099127814,0.43271186440677967,0.9836607551357138,0.9800627019428836,0.016339244864286177,0.5672881355932203,0.4548555772853036,0.4409471758358291,0.43842161020403986,0.9648816602850048,0.7081863097712467,0.7078924289386426,0.2956324216660524,298
dst_yager_fire_specificity_silence_sensitivity_tau_0_9,CWE-74,0.6482131403229204,0.43517114464482887,0.9537923045828544,0.8964085115044196,0.0462076954171456,0.5648288553551712,0.5202337635428924,0.46555565184123104,0.46007796676910323,0.8690880988317122,0.6944817246138417,0.7454415397041567,0.4730977327864731,1427
dst_yager_fire_specificity_silence_sensitivity_tau_0_9,CWE-913,0.3414005602240896,0.24415584415584415,0.994208060283422,0.9906486456058413,0.005791939716577986,0.7558441558441558,0.2842976811397864,0.2587063739066595,0.2811312069723386,0.9850088488048361,0.6191819522196331,0.6236124812317596,0.1327203172891422,107
dst_yager_fire_specificity_silence_sensitivity_tau_0_9,CWE-923,,0.0,1.0,0.9621191739707895,0.0,1.0,,,,0.9621191739707895,0.5,0.5,0.0217081353565692,331
naive_bayes_tau_0_1,CWE-190,0.41111111111111115,0.02857142857142857,0.9993015670347101,0.9844186702470662,0.0006984329652900278,0.9714285714285715,0.08413163897034864,0.057602665154152556,0.1330237238465335,0.9837488652933695,0.5139364978030694,0.5139364978030693,0.02269542447174419,140
naive_bayes_tau_0_1,CWE-20,,0.0,1.0,0.9610885499502771,0.0,1.0,,,,0.9610885499502771,0.5,0.5728599380932413,0.031412963978030777,340
naive_bayes_tau_0_1,CWE-285,,0.0,1.0,0.9666969916236979,0.0,1.0,,,,0.9666969916236979,0.5,0.5003502247805451,0.037354652347007467,291
naive_bayes_tau_0_1,CWE-287,0.38766031457955236,0.07710967741935484,0.9913678298237887,0.9333039406063126,0.008632170176211283,0.9228903225806452,0.12758453758210925,0.09157653844517429,0.14718622220373923,0.9261819530972936,0.5342387536215718,0.5342854346598825,0.08338667974443029,623
naive_bayes_tau_0_1,CWE-311,0.35376947353884347,0.4741924741924741,0.9600108060025395,0.9753015437585285,0.03998919399746059,0.5258075258075258,0.4048535761115171,0.4436591030502376,0.37784351808646577,0.9385352239045902,0.7171016400975068,0.7190844384925251,0.263213217910605,386
naive_bayes_tau_0_1,CWE-327,0.6978842228315287,0.7514285714285714,0.986290655960798,0.9895934855641947,0.013709344039201954,0.24857142857142858,0.7231267416210152,0.7396980348652973,0.7119131620172416,0.9768834750961959,0.8688596136946847,0.8713529716687471,0.6832035918432253,350
naive_bayes_tau_0_1,CWE-330,0.9177251893665268,0.876,0.997637296932394,0.9963501119224725,0.002362703067605976,0.124,0.8960785705952748,0.8838560609293697,0.8934866281683593,0.994155261631855,0.9368186484661971,0.9378380685998631,0.8846530310262679,250
naive_bayes_tau_0_1,CWE-345,0.596025641025641,0.06037735849056604,0.9970779976048016,0.9426380620473548,0.00292200239519838,0.939622641509434,0.10916234562400502,0.07351296275580255,0.1747966758307676,0.9402603944685808,0.5287276780476838,0.5293599368035948,0.0874657441269975,530
naive_bayes_tau_0_1,CWE-400,0.0,0.0,0.999527806690329,0.9711465876731067,0.0004721933096709749,1.0,,,-0.004134400424407924,0.9707013405077156,0.4997639033451645,0.4997639033451645,0.021024145267327418,252
naive_bayes_tau_0_1,CWE-610,0.6044126984126985,0.3446540880503145,0.9926690013298444,0.9796123231798033,0.0073309986701555726,0.6553459119496855,0.4369268531778808,0.3762244348833884,0.44276491934781925,0.9728637089194864,0.6686615446900794,0.6688185272486191,0.27229310881658386,267
naive_bayes_tau_0_1,CWE-668,0.132607615847752,0.9835907015359069,0.07629632307921884,0.9703520583066861,0.9237036769207811,0.016409298464092982,0.2337056741751618,0.43074082541636527,0.07851080085076577,0.19020592715195955,0.529943512307563,0.529943512307563,0.07897937897664989,1097
naive_bayes_tau_0_1,CWE-706,0.4596924414927261,0.43271186440677967,0.9821166476111832,0.9800322570878807,0.01788335238881682,0.5672881355932203,0.44436779421311917,0.43698940055984153,0.42645567205175644,0.9633903541617166,0.7074142560089814,0.7078924289386426,0.2956324216660524,298
naive_bayes_tau_0_1,CWE-74,0.3873669964974987,0.615311004784689,0.8100223315977424,0.9151575938427058,0.18997766840225766,0.384688995215311,0.4753139185584409,0.55040628936131,0.3586906036254499,0.7781965863894268,0.7126666681912157,0.7454415397041567,0.4730977327864731,1427
naive_bayes_tau_0_1,CWE-913,0.33568627450980393,0.24415584415584415,0.994091645848032,0.990647636829487,0.005908354151967974,0.7558441558441558,0.28239291923502446,0.25808794471680174,0.2786832880095069,0.9848938401791891,0.6191237450019381,0.6190961302951526,0.1311875426313675,107
naive_bayes_tau_0_1,CWE-923,,0.0,1.0,0.9621191739707895,0.0,1.0,,,,0.9621191739707895,0.5,0.5,0.0217081353565692,331
naive_bayes_tau_0_2,CWE-190,0.41111111111111115,0.02857142857142857,0.9993015670347101,0.9844186702470662,0.0006984329652900278,0.9714285714285715,0.08413163897034864,0.057602665154152556,0.1330237238465335,0.9837488652933695,0.5139364978030694,0.5139364978030693,0.02269542447174419,140
naive_bayes_tau_0_2,CWE-20,,0.0,1.0,0.9610885499502771,0.0,1.0,,,,0.9610885499502771,0.5,0.5728599380932413,0.031412963978030777,340
naive_bayes_tau_0_2,CWE-285,,0.0,1.0,0.9666969916236979,0.0,1.0,,,,0.9666969916236979,0.5,0.5003502247805451,0.037354652347007467,291
naive_bayes_tau_0_2,CWE-287,0.38766031457955236,0.07710967741935484,0.9913678298237887,0.9333039406063126,0.008632170176211283,0.9228903225806452,0.12758453758210925,0.09157653844517429,0.14718622220373923,0.9261819530972936,0.5342387536215718,0.5342854346598825,0.08338667974443029,623
naive_bayes_tau_0_2,CWE-311,0.35376947353884347,0.4741924741924741,0.9600108060025395,0.9753015437585285,0.03998919399746059,0.5258075258075258,0.4048535761115171,0.4436591030502376,0.37784351808646577,0.9385352239045902,0.7171016400975068,0.7190844384925251,0.263213217910605,386
naive_bayes_tau_0_2,CWE-327,0.6978842228315287,0.7514285714285714,0.986290655960798,0.9895934855641947,0.013709344039201954,0.24857142857142858,0.7231267416210152,0.7396980348652973,0.7119131620172416,0.9768834750961959,0.8688596136946847,0.8713529716687471,0.6832035918432253,350
naive_bayes_tau_0_2,CWE-330,0.9177251893665268,0.876,0.997637296932394,0.9963501119224725,0.002362703067605976,0.124,0.8960785705952748,0.8838560609293697,0.8934866281683593,0.994155261631855,0.9368186484661971,0.9378380685998631,0.8846530310262679,250
naive_bayes_tau_0_2,CWE-345,0.596025641025641,0.06037735849056604,0.9970779976048016,0.9426380620473548,0.00292200239519838,0.939622641509434,0.10916234562400502,0.07351296275580255,0.1747966758307676,0.9402603944685808,0.5287276780476838,0.5293599368035948,0.0874657441269975,530
naive_bayes_tau_0_2,CWE-400,,0.0,1.0,0.9711598667478709,0.0,1.0,,,,0.9711598667478709,0.5,0.4997639033451645,0.021024145267327418,252
naive_bayes_tau_0_2,CWE-610,0.6044126984126985,0.3446540880503145,0.9926690013298444,0.9796123231798033,0.0073309986701555726,0.6553459119496855,0.4369268531778808,0.3762244348833884,0.44276491934781925,0.9728637089194864,0.6686615446900794,0.6688185272486191,0.27229310881658386,267
naive_bayes_tau_0_2,CWE-668,,0.0,1.0,0.8744522905972453,0.0,1.0,,,,0.8744522905972453,0.5,0.529943512307563,0.07897937897664989,1097
naive_bayes_tau_0_2,CWE-706,0.4596924414927261,0.43271186440677967,0.9821166476111832,0.9800322570878807,0.01788335238881682,0.5672881355932203,0.44436779421311917,0.43698940055984153,0.42645567205175644,0.9633903541617166,0.7074142560089814,0.7078924289386426,0.2956324216660524,298
naive_bayes_tau_0_2,CWE-74,0.3873669964974987,0.615311004784689,0.8100223315977424,0.9151575938427058,0.18997766840225766,0.384688995215311,0.4753139185584409,0.55040628936131,0.3586906036254499,0.7781965863894268,0.7126666681912157,0.7454415397041567,0.4730977327864731,1427
naive_bayes_tau_0_2,CWE-913,0.3414005602240896,0.24415584415584415,0.994208060283422,0.9906486456058413,0.005791939716577986,0.7558441558441558,0.2842976811397864,0.2587063739066595,0.2811312069723386,0.9850088488048361,0.6191819522196331,0.6190961302951526,0.1311875426313675,107
naive_bayes_tau_0_2,CWE-923,,0.0,1.0,0.9621191739707895,0.0,1.0,,,,0.9621191739707895,0.5,0.5,0.0217081353565692,331
naive_bayes_tau_0_3,CWE-190,0.41666666666666663,0.014285714285714285,0.9996520343244295,0.984197397598088,0.00034796567557040164,0.9857142857142858,0.06559139784946236,0.043668954996186116,0.11764182158775027,0.9838638078221053,0.506968874305072,0.5139364978030693,0.02269542447174419,140
naive_bayes_tau_0_3,CWE-20,,0.0,1.0,0.9610885499502771,0.0,1.0,,,,0.9610885499502771,0.5,0.5728599380932413,0.031412963978030777,340
naive_bayes_tau_0_3,CWE-285,,0.0,1.0,0.9666969916236979,0.0,1.0,,,,0.9666969916236979,0.5,0.5003502247805451,0.037354652347007467,291
naive_bayes_tau_0_3,CWE-287,0.38766031457955236,0.07710967741935484,0.9913678298237887,0.9333039406063126,0.008632170176211283,0.9228903225806452,0.12758453758210925,0.09157653844517429,0.14718622220373923,0.9261819530972936,0.5342387536215718,0.5342854346598825,0.08338667974443029,623
naive_bayes_tau_0_3,CWE-311,0.3915016997977188,0.45864135864135863,0.9670758596411086,0.9747722191605612,0.032924140358891275,0.5413586413586413,0.4220109345808403,0.4431299820246548,0.3947055324358782,0.9446031643677791,0.7128586091412337,0.7190844384925251,0.263213217910605,386
naive_bayes_tau_0_3,CWE-327,0.6978842228315287,0.7514285714285714,0.986290655960798,0.9895934855641947,0.013709344039201954,0.24857142857142858,0.7231267416210152,0.7396980348652973,0.7119131620172416,0.9768834750961959,0.8688596136946847,0.8713529716687471,0.6832035918432253,350
naive_bayes_tau_0_3,CWE-330,0.9177251893665268,0.876,0.997637296932394,0.9963501119224725,0.002362703067605976,0.124,0.8960785705952748,0.8838560609293697,0.8934866281683593,0.994155261631855,0.9368186484661971,0.9378380685998631,0.8846530310262679,250
naive_bayes_tau_0_3,CWE-345,0.596025641025641,0.06037735849056604,0.9970779976048016,0.9426380620473548,0.00292200239519838,0.939622641509434,0.10916234562400502,0.07351296275580255,0.1747966758307676,0.9402603944685808,0.5287276780476838,0.5293599368035948,0.0874657441269975,530
naive_bayes_tau_0_3,CWE-400,,0.0,1.0,0.9711598667478709,0.0,1.0,,,,0.9711598667478709,0.5,0.4997639033451645,0.021024145267327418,252
naive_bayes_tau_0_3,CWE-610,0.6017460317460317,0.34088050314465407,0.9926690013298444,0.9794994426317543,0.0073309986701555726,0.659119496855346,0.4328642491152769,0.37229108724697274,0.4390599433673638,0.9727500079530282,0.6667747522372492,0.6688185272486191,0.27229310881658386,267
naive_bayes_tau_0_3,CWE-668,,0.0,1.0,0.8744522905972453,0.0,1.0,,,,0.8744522905972453,0.5,0.529943512307563,0.07897937897664989,1097
naive_bayes_tau_0_3,CWE-706,0.4769284311873565,0.43271186440677967,0.983185695753291,0.9800523381455882,0.016814304246708982,0.5672881355932203,0.452048559741444,0.43989349814146744,0.43518928603101237,0.9644226815127729,0.7079487800800354,0.7078924289386426,0.2956324216660524,298
naive_bayes_tau_0_3,CWE-74,0.5497951679965319,0.5711495522021838,0.9086362502179155,0.9156303435601831,0.09136374978208447,0.4288504477978162,0.5601939913435185,0.5666970268097776,0.4725313646049667,0.853505095837009,0.7398929012100497,0.7454415397041567,0.4730977327864731,1427
naive_bayes_tau_0_3,CWE-913,0.3414005602240896,0.24415584415584415,0.994208060283422,0.9906486456058413,0.005791939716577986,0.7558441558441558,0.2842976811397864,0.2587063739066595,0.2811312069723386,0.9850088488048361,0.6191819522196331,0.6190961302951526,0.1311875426313675,107
naive_bayes_tau_0_3,CWE-923,,0.0,1.0,0.9621191739707895,0.0,1.0,,,,0.9621191739707895,0.5,0.5,0.0217081353565692,331
naive_bayes_tau_0_4,CWE-190,,0.0,1.0,0.98397763821482,0.0,1.0,,,,0.98397763821482,0.5,0.5139364978030693,0.02269542447174419,140
naive_bayes_tau_0_4,CWE-20,,0.0,1.0,0.9610885499502771,0.0,1.0,,,,0.9610885499502771,0.5,0.5728599380932413,0.031412963978030777,340
naive_bayes_tau_0_4,CWE-285,,0.0,1.0,0.9666969916236979,0.0,1.0,,,,0.9666969916236979,0.5,0.5003502247805451,0.037354652347007467,291
naive_bayes_tau_0_4,CWE-287,0.6526315789473685,0.016038709677419355,0.9981437048503612,0.9296463613722944,0.0018562951496388029,0.9839612903225806,0.03717163479565054,0.024557639755838863,0.08045211472973186,0.9281238955587524,0.5070912072638902,0.5342854346598825,0.08338667974443029,623
naive_bayes_tau_0_4,CWE-311,0.44737949660150794,0.18658008658008657,0.9893421813494175,0.9633837084581337,0.010657818650582527,0.8134199134199134,0.2628265628265628,0.2110390359219509,0.2685056195391121,0.9538702814480887,0.587961133964752,0.7190844384925251,0.263213217910605,386
naive_bayes_tau_0_4,CWE-327,0.7001377439582893,0.7514285714285714,0.9864104881956692,0.9895944913503388,0.013589511804330772,0.24857142857142858,0.7242614933940648,0.7401538753211379,0.7131039666341078,0.9769984837218428,0.8689195298121204,0.8713529716687471,0.6832035918432253,350
naive_bayes_tau_0_4,CWE-330,0.9177251893665268,0.876,0.997637296932394,0.9963501119224725,0.002362703067605976,0.124,0.8960785705952748,0.8838560609293697,0.8934866281683593,0.994155261631855,0.9368186484661971,0.9378380685998631,0.8846530310262679,250
naive_bayes_tau_0_4,CWE-345,0.596025641025641,0.06037735849056604,0.9970779976048016,0.9426380620473548,0.00292200239519838,0.939622641509434,0.10916234562400502,0.07351296275580255,0.1747966758307676,0.9402603944685808,0.5287276780476838,0.5293599368035948,0.0874657441269975,530
naive_bayes_tau_0_4,CWE-400,,0.0,1.0,0.9711598667478709,0.0,1.0,,,,0.9711598667478709,0.5,0.4997639033451645,0.021024145267327418,252
naive_bayes_tau_0_4,CWE-610,0.6103921568627451,0.33717679944095036,0.9930243116824172,0.9793916515248886,0.006975688317582697,0.6628232005590495,0.43242748280595206,0.3695454113237936,0.44024861272431337,0.9729794973391442,0.6651005555616838,0.6688185272486191,0.27229310881658386,267
naive_bayes_tau_0_4,CWE-668,,0.0,1.0,0.8744522905972453,0.0,1.0,,,,0.8744522905972453,0.5,0.529943512307563,0.07897937897664989,1097
naive_bayes_tau_0_4,CWE-706,0.48320294099127814,0.43271186440677967,0.9836607551357138,0.9800627019428836,0.016339244864286177,0.5672881355932203,0.4548555772853036,0.4409471758358291,0.43842161020403986,0.9648816602850048,0.7081863097712467,0.7078924289386426,0.2956324216660524,298
naive_bayes_tau_0_4,CWE-74,0.5497951679965319,0.5711495522021838,0.9086362502179155,0.9156303435601831,0.09136374978208447,0.4288504477978162,0.5601939913435185,0.5666970268097776,0.4725313646049667,0.853505095837009,0.7398929012100497,0.7454415397041567,0.4730977327864731,1427
naive_bayes_tau_0_4,CWE-913,,0.0,1.0,0.9877545851659212,0.0,1.0,,,,0.9877545851659212,0.5,0.6190961302951526,0.1311875426313675,107
naive_bayes_tau_0_4,CWE-923,,0.0,1.0,0.9621191739707895,0.0,1.0,,,,0.9621191739707895,0.5,0.5,0.0217081353565692,331
naive_bayes_tau_0_5,CWE-190,,0.0,1.0,0.98397763821482,0.0,1.0,,,,0.98397763821482,0.5,0.5139364978030693,0.02269542447174419,140
naive_bayes_tau_0_5,CWE-20,,0.0,1.0,0.9610885499502771,0.0,1.0,,,,0.9610885499502771,0.5,0.5728599380932413,0.031412963978030777,340
naive_bayes_tau_0_5,CWE-285,,0.0,1.0,0.9666969916236979,0.0,1.0,,,,0.9666969916236979,0.5,0.5003502247805451,0.037354652347007467,291
naive_bayes_tau_0_5,CWE-287,0.6666666666666666,0.0032258064516129032,0.999877450980392,0.9289043303943071,0.00012254901960784314,0.9967741935483871,0.016,0.01006036217303823,0.05552464796465336,0.928814660099621,0.5015516287160026,0.5342854346598825,0.08338667974443029,623
naive_bayes_tau_0_5,CWE-311,0.44737949660150794,0.18658008658008657,0.9893421813494175,0.9633837084581337,0.010657818650582527,0.8134199134199134,0.2628265628265628,0.2110390359219509,0.2685056195391121,0.9538702814480887,0.587961133964752,0.7190844384925251,0.263213217910605,386
naive_bayes_tau_0_5,CWE-327,0.7254552042757496,0.7342857142857143,0.9879660151799474,0.9889054144298373,0.012033984820052575,0.2657142857142857,0.7271008778791128,0.7307366733754245,0.7170556034980595,0.9778024883710155,0.8611258647328308,0.8713529716687471,0.6832035918432253,350
naive_bayes_tau_0_5,CWE-330,0.9177251893665268,0.876,0.997637296932394,0.9963501119224725,0.002362703067605976,0.124,0.8960785705952748,0.8838560609293697,0.8934866281683593,0.994155261631855,0.9368186484661971,0.9378380685998631,0.8846530310262679,250
naive_bayes_tau_0_5,CWE-345,0.596025641025641,0.06037735849056604,0.9970779976048016,0.9426380620473548,0.00292200239519838,0.939622641509434,0.10916234562400502,0.07351296275580255,0.1747966758307676,0.9402603944685808,0.5287276780476838,0.5293599368035948,0.0874657441269975,530
naive_bayes_tau_0_5,CWE-400,,0.0,1.0,0.9711598667478709,0.0,1.0,,,,0.9711598667478709,0.5,0.4997639033451645,0.021024145267327418,252
naive_bayes_tau_0_5,CWE-610,0.6207147375079064,0.33717679944095036,0.9934988075305785,0.9794023715829419,0.006501192469421368,0.6628232005590495,0.43545778583625516,0.3704784181047536,0.4446430590783311,0.9734395318417318,0.6653378034857644,0.6688185272486191,0.27229310881658386,267
naive_bayes_tau_0_5,CWE-668,,0.0,1.0,0.8744522905972453,0.0,1.0,,,,0.8744522905972453,0.5,0.529943512307563,0.07897937897664989,1097
naive_bayes_tau_0_5,CWE-706,0.645,0.053672316384180796,0.9986952425759433,0.9676285724197475,0.0013047574240565721,0.9463276836158192,0.09579304395275767,0.0651029295059293,0.16602884694832878,0.9664664585109823,0.5261837794800621,0.7078924289386426,0.2956324216660524,298
naive_bayes_tau_0_5,CWE-74,0.6482131403229204,0.43517114464482887,0.9537923045828544,0.8964085115044196,0.0462076954171456,0.5648288553551712,0.5202337635428924,0.46555565184123104,0.46007796676910323,0.8690880988317122,0.6944817246138417,0.7454415397041567,0.4730977327864731,1427
naive_bayes_tau_0_5,CWE-913,,0.0,1.0,0.9877545851659212,0.0,1.0,,,,0.9877545851659212,0.5,0.6190961302951526,0.1311875426313675,107
naive_bayes_tau_0_5,CWE-923,,0.0,1.0,0.9621191739707895,0.0,1.0,,,,0.9621191739707895,0.5,0.5,0.0217081353565692,331
naive_bayes_tau_0_6,CWE-190,,0.0,1.0,0.98397763821482,0.0,1.0,,,,0.98397763821482,0.5,0.5139364978030693,0.02269542447174419,140
naive_bayes_tau_0_6,CWE-20,,0.0,1.0,0.9610885499502771,0.0,1.0,,,,0.9610885499502771,0.5,0.5728599380932413,0.031412963978030777,340
naive_bayes_tau_0_6,CWE-285,,0.0,1.0,0.9666969916236979,0.0,1.0,,,,0.9666969916236979,0.5,0.5003502247805451,0.037354652347007467,291
naive_bayes_tau_0_6,CWE-287,1.0,0.0032258064516129032,1.0,0.9289124333550642,0.0,0.9967741935483871,0.016,0.01006036217303823,0.08658916666081654,0.9289284904923358,0.5016129032258064,0.5342854346598825,0.08338667974443029,623
naive_bayes_tau_0_6,CWE-311,0.44737949660150794,0.18658008658008657,0.9893421813494175,0.9633837084581337,0.010657818650582527,0.8134199134199134,0.2628265628265628,0.2110390359219509,0.2685056195391121,0.9538702814480887,0.587961133964752,0.7190844384925251,0.263213217910605,386
naive_bayes_tau_0_6,CWE-327,0.7523748629886737,0.7228571428571429,0.9898669989262142,0.9884550187897523,0.010133001073785832,0.27714285714285714,0.735892506509697,0.7276811009249169,0.7259947045149735,0.9791714012128863,0.8563620708916785,0.8713529716687471,0.6832035918432253,350
naive_bayes_tau_0_6,CWE-330,0.9429024943310658,0.876,0.9983436832522274,0.9963524585822672,0.0016563167477725523,0.124,0.9076274503150203,0.8882518095130605,0.905938125556324,0.9948414509699498,0.9371718416261137,0.9378380685998631,0.8846530310262679,250
naive_bayes_tau_0_6,CWE-345,0.43333333333333335,0.020754716981132078,0.9982978421104626,0.9404351349780977,0.0017021578895373383,0.9792452830188679,0.09233399829011114,0.06290480039469679,0.13308617630840242,0.9390005963201308,0.5095262795457973,0.5293599368035948,0.0874657441269975,530
naive_bayes_tau_0_6,CWE-400,,0.0,1.0,0.9711598667478709,0.0,1.0,,,,0.9711598667478709,0.5,0.4997639033451645,0.021024145267327418,252
naive_bayes_tau_0_6,CWE-610,0.7307987711213517,0.17994409503843467,0.9955034147847455,0.9747159756403112,0.004496585215254513,0.8200559049615652,0.24464740318398853,0.20075433633719358,0.2930131593968871,0.970580057518714,0.58772375491159,0.6688185272486191,0.27229310881658386,267
naive_bayes_tau_0_6,CWE-668,,0.0,1.0,0.8744522905972453,0.0,1.0,,,,0.8744522905972453,0.5,0.529943512307563,0.07897937897664989,1097
naive_bayes_tau_0_6,CWE-706,0.645,0.053672316384180796,0.9986952425759433,0.9676285724197475,0.0013047574240565721,0.9463276836158192,0.09579304395275767,0.0651029295059293,0.16602884694832878,0.9664664585109823,0.5261837794800621,0.7078924289386426,0.2956324216660524,298
naive_bayes_tau_0_6,CWE-74,0.6482131403229204,0.43517114464482887,0.9537923045828544,0.8964085115044196,0.0462076954171456,0.5648288553551712,0.5202337635428924,0.46555565184123104,0.46007796676910323,0.8690880988317122,0.6944817246138417,0.7454415397041567,0.4730977327864731,1427
naive_bayes_tau_0_6,CWE-913,,0.0,1.0,0.9877545851659212,0.0,1.0,,,,0.9877545851659212,0.5,0.6190961302951526,0.1311875426313675,107
naive_bayes_tau_0_6,CWE-923,,0.0,1.0,0.9621191739707895,0.0,1.0,,,,0.9621191739707895,0.5,0.5,0.0217081353565692,331
naive_bayes_tau_0_7,CWE-190,,0.0,1.0,0.98397763821482,0.0,1.0,,,,0.98397763821482,0.5,0.5139364978030693,0.02269542447174419,140
naive_bayes_tau_0_7,CWE-20,,0.0,1.0,0.9610885499502771,0.0,1.0,,,,0.9610885499502771,0.5,0.5728599380932413,0.031412963978030777,340
naive_bayes_tau_0_7,CWE-285,,0.0,1.0,0.9666969916236979,0.0,1.0,,,,0.9666969916236979,0.5,0.5003502247805451,0.037354652347007467,291
naive_bayes_tau_0_7,CWE-287,1.0,0.0032258064516129032,1.0,0.9289124333550642,0.0,0.9967741935483871,0.016,0.01006036217303823,0.08658916666081654,0.9289284904923358,0.5016129032258064,0.5342854346598825,0.08338667974443029,623
naive_bayes_tau_0_7,CWE-311,0.44737949660150794,0.18658008658008657,0.9893421813494175,0.9633837084581337,0.010657818650582527,0.8134199134199134,0.2628265628265628,0.2110390359219509,0.2685056195391121,0.9538702814480887,0.587961133964752,0.7190844384925251,0.263213217910605,386
naive_bayes_tau_0_7,CWE-327,0.94608547008547,0.32571428571428573,0.999166644364015,0.9726115877280254,0.0008333556359849242,0.6742857142857143,0.48358093785066814,0.3745806471374272,0.5455780587671629,0.9721895815481159,0.6624404650391503,0.8713529716687471,0.6832035918432253,350
naive_bayes_tau_0_7,CWE-330,0.9955555555555555,0.876,0.9998816568047337,0.9963592159717433,0.00011834319526627219,0.124,0.9316643490887613,0.8973911256904639,0.9319536349557691,0.996335243440415,0.9379408284023668,0.9378380685998631,0.8846530310262679,250
naive_bayes_tau_0_7,CWE-345,,0.0,1.0,0.9393439160989614,0.0,1.0,,,,0.9393439160989614,0.5,0.5293599368035948,0.0874657441269975,530
naive_bayes_tau_0_7,CWE-400,,0.0,1.0,0.9711598667478709,0.0,1.0,,,,0.9711598667478709,0.5,0.4997639033451645,0.021024145267327418,252
naive_bayes_tau_0_7,CWE-610,1.0,0.01872816212438854,1.0,0.969996221080874,0.0,0.9812718378756115,0.060397627064293725,0.038691569999800064,0.17209649896454468,0.9700129925394343,0.5093640810621942,0.6688185272486191,0.27229310881658386,267
naive_bayes_tau_0_7,CWE-668,,0.0,1.0,0.8744522905972453,0.0,1.0,,,,0.8744522905972453,0.5,0.529943512307563,0.07897937897664989,1097
naive_bayes_tau_0_7,CWE-706,0.645,0.053672316384180796,0.9986952425759433,0.9676285724197475,0.0013047574240565721,0.9463276836158192,0.09579304395275767,0.0651029295059293,0.16602884694832878,0.9664664585109823,0.5261837794800621,0.7078924289386426,0.2956324216660524,298
naive_bayes_tau_0_7,CWE-74,0.6482131403229204,0.43517114464482887,0.9537923045828544,0.8964085115044196,0.0462076954171456,0.5648288553551712,0.5202337635428924,0.46555565184123104,0.46007796676910323,0.8690880988317122,0.6944817246138417,0.7454415397041567,0.4730977327864731,1427
naive_bayes_tau_0_7,CWE-913,,0.0,1.0,0.9877545851659212,0.0,1.0,,,,0.9877545851659212,0.5,0.6190961302951526,0.1311875426313675,107
naive_bayes_tau_0_7,CWE-923,,0.0,1.0,0.9621191739707895,0.0,1.0,,,,0.9621191739707895,0.5,0.5,0.0217081353565692,331
naive_bayes_tau_0_8,CWE-190,,0.0,1.0,0.98397763821482,0.0,1.0,,,,0.98397763821482,0.5,0.5139364978030693,0.02269542447174419,140
naive_bayes_tau_0_8,CWE-20,,0.0,1.0,0.9610885499502771,0.0,1.0,,,,0.9610885499502771,0.5,0.5728599380932413,0.031412963978030777,340
naive_bayes_tau_0_8,CWE-285,,0.0,1.0,0.9666969916236979,0.0,1.0,,,,0.9666969916236979,0.5,0.5003502247805451,0.037354652347007467,291
naive_bayes_tau_0_8,CWE-287,1.0,0.0016129032258064516,1.0,0.9288057906122049,0.0,0.9983870967741936,0.016,0.01006036217303823,0.0866041294596183,0.9288137457992779,0.5008064516129032,0.5342854346598825,0.08338667974443029,623
naive_bayes_tau_0_8,CWE-311,0.44737949660150794,0.18658008658008657,0.9893421813494175,0.9633837084581337,0.010657818650582527,0.8134199134199134,0.2628265628265628,0.2110390359219509,0.2685056195391121,0.9538702814480887,0.587961133964752,0.7190844384925251,0.263213217910605,386
naive_bayes_tau_0_8,CWE-327,0.94608547008547,0.32571428571428573,0.999166644364015,0.9726115877280254,0.0008333556359849242,0.6742857142857143,0.48358093785066814,0.3745806471374272,0.5455780587671629,0.9721895815481159,0.6624404650391503,0.8713529716687471,0.6832035918432253,350
naive_bayes_tau_0_8,CWE-330,1.0,0.8720000000000001,1.0,0.9962425410379993,0.0,0.128,0.9311932313052134,0.8946693431470949,0.9318473245647475,0.9963351773435036,0.9359999999999999,0.9378380685998631,0.8846530310262679,250
naive_bayes_tau_0_8,CWE-345,,0.0,1.0,0.9393439160989614,0.0,1.0,,,,0.9393439160989614,0.5,0.5293599368035948,0.0874657441269975,530
naive_bayes_tau_0_8,CWE-400,,0.0,1.0,0.9711598667478709,0.0,1.0,,,,0.9711598667478709,0.5,0.4997639033451645,0.021024145267327418,252
naive_bayes_tau_0_8,CWE-610,1.0,0.01872816212438854,1.0,0.969996221080874,0.0,0.9812718378756115,0.060397627064293725,0.038691569999800064,0.17209649896454468,0.9700129925394343,0.5093640810621942,0.6688185272486191,0.27229310881658386,267
naive_bayes_tau_0_8,CWE-668,,0.0,1.0,0.8744522905972453,0.0,1.0,,,,0.8744522905972453,0.5,0.529943512307563,0.07897937897664989,1097
naive_bayes_tau_0_8,CWE-706,0.645,0.053672316384180796,0.9986952425759433,0.9676285724197475,0.0013047574240565721,0.9463276836158192,0.09579304395275767,0.0651029295059293,0.16602884694832878,0.9664664585109823,0.5261837794800621,0.7078924289386426,0.2956324216660524,298
naive_bayes_tau_0_8,CWE-74,0.6394743461957297,0.33832903938167097,0.9624879567567675,0.8828736019922614,0.03751204324323256,0.6616709606183291,0.5086084261945292,0.4534050715079471,0.4477617209293067,0.860664649770813,0.6504084980692192,0.7454415397041567,0.4730977327864731,1427
naive_bayes_tau_0_8,CWE-913,,0.0,1.0,0.9877545851659212,0.0,1.0,,,,0.9877545851659212,0.5,0.6190961302951526,0.1311875426313675,107
naive_bayes_tau_0_8,CWE-923,,0.0,1.0,0.9621191739707895,0.0,1.0,,,,0.9621191739707895,0.5,0.5,0.0217081353565692,331
naive_bayes_tau_0_9,CWE-190,,0.0,1.0,0.98397763821482,0.0,1.0,,,,0.98397763821482,0.5,0.5139364978030693,0.02269542447174419,140
naive_bayes_tau_0_9,CWE-20,,0.0,1.0,0.9610885499502771,0.0,1.0,,,,0.9610885499502771,0.5,0.5728599380932413,0.031412963978030777,340
naive_bayes_tau_0_9,CWE-285,,0.0,1.0,0.9666969916236979,0.0,1.0,,,,0.9666969916236979,0.5,0.5003502247805451,0.037354652347007467,291
naive_bayes_tau_0_9,CWE-287,,0.0,1.0,0.9287000448328196,0.0,1.0,,,,0.9287000448328196,0.5,0.5342854346598825,0.08338667974443029,623
naive_bayes_tau_0_9,CWE-311,,0.0,1.0,0.9558235625620194,0.0,1.0,,,,0.9558235625620194,0.5,0.7190844384925251,0.263213217910605,386
naive_bayes_tau_0_9,CWE-327,0.94608547008547,0.32571428571428573,0.999166644364015,0.9726115877280254,0.0008333556359849242,0.6742857142857143,0.48358093785066814,0.3745806471374272,0.5455780587671629,0.9721895815481159,0.6624404650391503,0.8713529716687471,0.6832035918432253,350
naive_bayes_tau_0_9,CWE-330,1.0,0.8720000000000001,1.0,0.9962425410379993,0.0,0.128,0.9311932313052134,0.8946693431470949,0.9318473245647475,0.9963351773435036,0.9359999999999999,0.9378380685998631,0.8846530310262679,250
naive_bayes_tau_0_9,CWE-345,,0.0,1.0,0.9393439160989614,0.0,1.0,,,,0.9393439160989614,0.5,0.5293599368035948,0.0874657441269975,530
naive_bayes_tau_0_9,CWE-400,,0.0,1.0,0.9711598667478709,0.0,1.0,,,,0.9711598667478709,0.5,0.4997639033451645,0.021024145267327418,252
naive_bayes_tau_0_9,CWE-610,1.0,0.01872816212438854,1.0,0.969996221080874,0.0,0.9812718378756115,0.060397627064293725,0.038691569999800064,0.17209649896454468,0.9700129925394343,0.5093640810621942,0.6688185272486191,0.27229310881658386,267
naive_bayes_tau_0_9,CWE-668,,0.0,1.0,0.8744522905972453,0.0,1.0,,,,0.8744522905972453,0.5,0.529943512307563,0.07897937897664989,1097
naive_bayes_tau_0_9,CWE-706,0.645,0.053672316384180796,0.9986952425759433,0.9676285724197475,0.0013047574240565721,0.9463276836158192,0.09579304395275767,0.0651029295059293,0.16602884694832878,0.9664664585109823,0.5261837794800621,0.7078924289386426,0.2956324216660524,298
naive_bayes_tau_0_9,CWE-74,,0.0,1.0,0.8366852949607496,0.0,1.0,,,,0.8366852949607496,0.5,0.7454415397041567,0.4730977327864731,1427
naive_bayes_tau_0_9,CWE-913,,0.0,1.0,0.9877545851659212,0.0,1.0,,,,0.9877545851659212,0.5,0.6190961302951526,0.1311875426313675,107
naive_bayes_tau_0_9,CWE-923,,0.0,1.0,0.9621191739707895,0.0,1.0,,,,0.9621191739707895,0.5,0.5,0.0217081353565692,331
bks_tau_0_1,CWE-190,0.41111111111111115,0.02857142857142857,0.9993015670347101,0.9844186702470662,0.0006984329652900278,0.9714285714285715,0.08413163897034864,0.057602665154152556,0.1330237238465335,0.9837488652933695,0.5139364978030694,0.5139364978030693,0.02269542447174419,140
bks_tau_0_1,CWE-20,,0.0,1.0,0.9610885499502771,0.0,1.0,,,,0.9610885499502771,0.5,0.5728599380932413,0.031412963978030777,340
bks_tau_0_1,CWE-285,,0.0,1.0,0.9666969916236979,0.0,1.0,,,,0.9666969916236979,0.5,0.5003462320473197,0.03735452262576221,291
bks_tau_0_1,CWE-287,0.38766031457955236,0.07710967741935484,0.9913678298237887,0.9333039406063126,0.008632170176211283,0.9228903225806452,0.12758453758210925,0.09157653844517429,0.14718622220373923,0.9261819530972936,0.5342387536215718,0.5342735968380418,0.08192075319785858,623
bks_tau_0_1,CWE-311,0.38271267613496274,0.45864135864135863,0.9655152353914088,0.9747307774332642,0.03448476460859116,0.5413586413586413,0.41639181431641115,0.44048057844016764,0.38901633355527643,0.943111483358026,0.7120782970163837,0.7190844384925251,0.263213217910605,386
bks_tau_0_1,CWE-327,0.7001377439582893,0.7514285714285714,0.9864104881956692,0.9895944913503388,0.013589511804330772,0.24857142857142858,0.7242614933940648,0.7401538753211379,0.7131039666341078,0.9769984837218428,0.8689195298121204,0.8714124609727703,0.695558536722715,350
bks_tau_0_1,CWE-330,0.9955555555555555,0.8720000000000001,0.9998816568047337,0.9962421236060406,0.00011834319526627219,0.128,0.9292223466467588,0.8939333110293297,0.9296847552540639,0.9962202348147681,0.9359408284023669,0.937977215119014,0.8847030858845922,250
bks_tau_0_1,CWE-345,0.596025641025641,0.06037735849056604,0.9970779976048016,0.9426380620473548,0.00292200239519838,0.939622641509434,0.10916234562400502,0.07351296275580255,0.1747966758307676,0.9402603944685808,0.5287276780476838,0.5293599368035948,0.0874657441269975,530
bks_tau_0_1,CWE-400,0.0,0.0,0.999527806690329,0.9711465876731067,0.0004721933096709749,1.0,,,-0.004134400424407924,0.9707013405077156,0.4997639033451645,0.4977639033451645,0.021001254781583906,252
bks_tau_0_1,CWE-610,0.6044126984126985,0.3446540880503145,0.9926690013298444,0.9796123231798033,0.0073309986701555726,0.6553459119496855,0.4369268531778808,0.3762244348833884,0.44276491934781925,0.9728637089194864,0.6686615446900794,0.6688185272486191,0.27229310881658386,267
bks_tau_0_1,CWE-668,0.132607615847752,0.9835907015359069,0.07629632307921884,0.9703520583066861,0.9237036769207811,0.016409298464092982,0.2337056741751618,0.43074082541636527,0.07851080085076577,0.19020592715195955,0.529943512307563,0.5300075578510606,0.0789879808131676,1097
bks_tau_0_1,CWE-706,0.48320294099127814,0.43271186440677967,0.9836607551357138,0.9800627019428836,0.016339244864286177,0.5672881355932203,0.4548555772853036,0.4409471758358291,0.43842161020403986,0.9648816602850048,0.7081863097712467,0.7087594318329601,0.295925571037864,298
bks_tau_0_1,CWE-74,0.5497951679965319,0.5711495522021838,0.9086362502179155,0.9156303435601831,0.09136374978208447,0.4288504477978162,0.5601939913435185,0.5666970268097776,0.4725313646049667,0.853505095837009,0.7398929012100497,0.7422919594201288,0.4745617585225187,1427
bks_tau_0_1,CWE-913,0.3315196078431373,0.24415584415584415,0.9939755018294489,0.9906465645354212,0.0060244981705510165,0.7558441558441558,0.280891417733523,0.25758289421175123,0.2768233276942106,0.9847790954861312,0.6190656729926466,0.6145797793585456,0.12887588426238555,107
bks_tau_0_1,CWE-923,,0.0,1.0,0.9621191739707895,0.0,1.0,,,,0.9621191739707895,0.5,0.5,0.0217081353565692,331
bks_tau_0_2,CWE-190,0.41111111111111115,0.02857142857142857,0.9993015670347101,0.9844186702470662,0.0006984329652900278,0.9714285714285715,0.08413163897034864,0.057602665154152556,0.1330237238465335,0.9837488652933695,0.5139364978030694,0.5139364978030693,0.02269542447174419,140
bks_tau_0_2,CWE-20,,0.0,1.0,0.9610885499502771,0.0,1.0,,,,0.9610885499502771,0.5,0.5728599380932413,0.031412963978030777,340
bks_tau_0_2,CWE-285,,0.0,1.0,0.9666969916236979,0.0,1.0,,,,0.9666969916236979,0.5,0.5003462320473197,0.03735452262576221,291
bks_tau_0_2,CWE-287,0.38766031457955236,0.07710967741935484,0.9913678298237887,0.9333039406063126,0.008632170176211283,0.9228903225806452,0.12758453758210925,0.09157653844517429,0.14718622220373923,0.9261819530972936,0.5342387536215718,0.5342735968380418,0.08192075319785858,623
bks_tau_0_2,CWE-311,0.3915016997977188,0.45864135864135863,0.9670758596411086,0.9747722191605612,0.032924140358891275,0.5413586413586413,0.4220109345808403,0.4431299820246548,0.3947055324358782,0.9446031643677791,0.7128586091412337,0.7190844384925251,0.263213217910605,386
bks_tau_0_2,CWE-327,0.7001377439582893,0.7514285714285714,0.9864104881956692,0.9895944913503388,0.013589511804330772,0.24857142857142858,0.7242614933940648,0.7401538753211379,0.7131039666341078,0.9769984837218428,0.8689195298121204,0.8714124609727703,0.695558536722715,350
bks_tau_0_2,CWE-330,0.9955555555555555,0.8720000000000001,0.9998816568047337,0.9962421236060406,0.00011834319526627219,0.128,0.9292223466467588,0.8939333110293297,0.9296847552540639,0.9962202348147681,0.9359408284023669,0.937977215119014,0.8847030858845922,250
bks_tau_0_2,CWE-345,0.596025641025641,0.06037735849056604,0.9970779976048016,0.9426380620473548,0.00292200239519838,0.939622641509434,0.10916234562400502,0.07351296275580255,0.1747966758307676,0.9402603944685808,0.5287276780476838,0.5293599368035948,0.0874657441269975,530
bks_tau_0_2,CWE-400,,0.0,1.0,0.9711598667478709,0.0,1.0,,,,0.9711598667478709,0.5,0.4977639033451645,0.021001254781583906,252
bks_tau_0_2,CWE-610,0.6022222222222222,0.33717679944095036,0.9927876252918848,0.9793878123098436,0.007212374708115241,0.6628232005590495,0.4298445046321177,0.3687258466765343,0.43676595535435003,0.9727500079530282,0.6649822123664176,0.6688185272486191,0.27229310881658386,267
bks_tau_0_2,CWE-668,,0.0,1.0,0.8744522905972453,0.0,1.0,,,,0.8744522905972453,0.5,0.5300075578510606,0.0789879808131676,1097
bks_tau_0_2,CWE-706,0.48320294099127814,0.43271186440677967,0.9836607551357138,0.9800627019428836,0.016339244864286177,0.5672881355932203,0.4548555772853036,0.4409471758358291,0.43842161020403986,0.9648816602850048,0.7081863097712467,0.7087594318329601,0.295925571037864,298
bks_tau_0_2,CWE-74,0.5497951679965319,0.5711495522021838,0.9086362502179155,0.9156303435601831,0.09136374978208447,0.4288504477978162,0.5601939913435185,0.5666970268097776,0.4725313646049667,0.853505095837009,0.7398929012100497,0.7422919594201288,0.4745617585225187,1427
bks_tau_0_2,CWE-913,0.3315196078431373,0.24415584415584415,0.9939755018294489,0.9906465645354212,0.0060244981705510165,0.7558441558441558,0.280891417733523,0.25758289421175123,0.2768233276942106,0.9847790954861312,0.6190656729926466,0.6145797793585456,0.12887588426238555,107
bks_tau_0_2,CWE-923,,0.0,1.0,0.9621191739707895,0.0,1.0,,,,0.9621191739707895,0.5,0.5,0.0217081353565692,331
bks_tau_0_3,CWE-190,0.41666666666666663,0.014285714285714285,0.9996520343244295,0.984197397598088,0.00034796567557040164,0.9857142857142858,0.06559139784946236,0.043668954996186116,0.11764182158775027,0.9838638078221053,0.506968874305072,0.5139364978030693,0.02269542447174419,140
bks_tau_0_3,CWE-20,,0.0,1.0,0.9610885499502771,0.0,1.0,,,,0.9610885499502771,0.5,0.5728599380932413,0.031412963978030777,340
bks_tau_0_3,CWE-285,,0.0,1.0,0.9666969916236979,0.0,1.0,,,,0.9666969916236979,0.5,0.5003462320473197,0.03735452262576221,291
bks_tau_0_3,CWE-287,0.38766031457955236,0.07710967741935484,0.9913678298237887,0.9333039406063126,0.008632170176211283,0.9228903225806452,0.12758453758210925,0.09157653844517429,0.14718622220373923,0.9261819530972936,0.5342387536215718,0.5342735968380418,0.08192075319785858,623
bks_tau_0_3,CWE-311,0.3915016997977188,0.45864135864135863,0.9670758596411086,0.9747722191605612,0.032924140358891275,0.5413586413586413,0.4220109345808403,0.4431299820246548,0.3947055324358782,0.9446031643677791,0.7128586091412337,0.7190844384925251,0.263213217910605,386
bks_tau_0_3,CWE-327,0.7523748629886737,0.7228571428571429,0.9898669989262142,0.9884550187897523,0.010133001073785832,0.27714285714285714,0.735892506509697,0.7276811009249169,0.7259947045149735,0.9791714012128863,0.8563620708916785,0.8714124609727703,0.695558536722715,350
bks_tau_0_3,CWE-330,0.9955555555555555,0.8720000000000001,0.9998816568047337,0.9962421236060406,0.00011834319526627219,0.128,0.9292223466467588,0.8939333110293297,0.9296847552540639,0.9962202348147681,0.9359408284023669,0.937977215119014,0.8847030858845922,250
bks_tau_0_3,CWE-345,0.596025641025641,0.06037735849056604,0.9970779976048016,0.9426380620473548,0.00292200239519838,0.939622641509434,0.10916234562400502,0.07351296275580255,0.1747966758307676,0.9402603944685808,0.5287276780476838,0.5293599368035948,0.0874657441269975,530
bks_tau_0_3,CWE-400,,0.0,1.0,0.9711598667478709,0.0,1.0,,,,0.9711598667478709,0.5,0.4977639033451645,0.021001254781583906,252
bks_tau_0_3,CWE-610,0.6207147375079064,0.33717679944095036,0.9934988075305785,0.9794023715829419,0.006501192469421368,0.6628232005590495,0.43545778583625516,0.3704784181047536,0.4446430590783311,0.9734395318417318,0.6653378034857644,0.6688185272486191,0.27229310881658386,267
bks_tau_0_3,CWE-668,,0.0,1.0,0.8744522905972453,0.0,1.0,,,,0.8744522905972453,0.5,0.5300075578510606,0.0789879808131676,1097
bks_tau_0_3,CWE-706,0.48320294099127814,0.43271186440677967,0.9836607551357138,0.9800627019428836,0.016339244864286177,0.5672881355932203,0.4548555772853036,0.4409471758358291,0.43842161020403986,0.9648816602850048,0.7081863097712467,0.7087594318329601,0.295925571037864,298
bks_tau_0_3,CWE-74,0.5497951679965319,0.5711495522021838,0.9086362502179155,0.9156303435601831,0.09136374978208447,0.4288504477978162,0.5601939913435185,0.5666970268097776,0.4725313646049667,0.853505095837009,0.7398929012100497,0.7422919594201288,0.4745617585225187,1427
bks_tau_0_3,CWE-913,0.3414005602240896,0.24415584415584415,0.994208060283422,0.9906486456058413,0.005791939716577986,0.7558441558441558,0.2842976811397864,0.2587063739066595,0.2811312069723386,0.9850088488048361,0.6191819522196331,0.6145797793585456,0.12887588426238555,107
bks_tau_0_3,CWE-923,,0.0,1.0,0.9621191739707895,0.0,1.0,,,,0.9621191739707895,0.5,0.5,0.0217081353565692,331
bks_tau_0_4,CWE-190,,0.0,1.0,0.98397763821482,0.0,1.0,,,,0.98397763821482,0.5,0.5139364978030693,0.02269542447174419,140
bks_tau_0_4,CWE-20,,0.0,1.0,0.9610885499502771,0.0,1.0,,,,0.9610885499502771,0.5,0.5728599380932413,0.031412963978030777,340
bks_tau_0_4,CWE-285,,0.0,1.0,0.9666969916236979,0.0,1.0,,,,0.9666969916236979,0.5,0.5003462320473197,0.03735452262576221,291
bks_tau_0_4,CWE-287,0.75,0.008038709677419355,0.999877450980392,0.9292248249731158,0.00012254901960784314,0.9919612903225806,0.02641403157938591,0.01668700072775946,0.0810999169680134,0.9291594220439728,0.5039580803289058,0.5342735968380418,0.08192075319785858,623
bks_tau_0_4,CWE-311,0.44737949660150794,0.18658008658008657,0.9893421813494175,0.9633837084581337,0.010657818650582527,0.8134199134199134,0.2628265628265628,0.2110390359219509,0.2685056195391121,0.9538702814480887,0.587961133964752,0.7190844384925251,0.263213217910605,386
bks_tau_0_4,CWE-327,0.7523748629886737,0.7228571428571429,0.9898669989262142,0.9884550187897523,0.010133001073785832,0.27714285714285714,0.735892506509697,0.7276811009249169,0.7259947045149735,0.9791714012128863,0.8563620708916785,0.8714124609727703,0.695558536722715,350
bks_tau_0_4,CWE-330,1.0,0.8720000000000001,1.0,0.9962425410379993,0.0,0.128,0.9311932313052134,0.8946693431470949,0.9318473245647475,0.9963351773435036,0.9359999999999999,0.937977215119014,0.8847030858845922,250
bks_tau_0_4,CWE-345,0.596025641025641,0.06037735849056604,0.9970779976048016,0.9426380620473548,0.00292200239519838,0.939622641509434,0.10916234562400502,0.07351296275580255,0.1747966758307676,0.9402603944685808,0.5287276780476838,0.5293599368035948,0.0874657441269975,530
bks_tau_0_4,CWE-400,,0.0,1.0,0.9711598667478709,0.0,1.0,,,,0.9711598667478709,0.5,0.4977639033451645,0.021001254781583906,252
bks_tau_0_4,CWE-610,0.6207147375079064,0.33717679944095036,0.9934988075305785,0.9794023715829419,0.006501192469421368,0.6628232005590495,0.43545778583625516,0.3704784181047536,0.4446430590783311,0.9734395318417318,0.6653378034857644,0.6688185272486191,0.27229310881658386,267
bks_tau_0_4,CWE-668,,0.0,1.0,0.8744522905972453,0.0,1.0,,,,0.8744522905972453,0.5,0.5300075578510606,0.0789879808131676,1097
bks_tau_0_4,CWE-706,0.48320294099127814,0.43271186440677967,0.9836607551357138,0.9800627019428836,0.016339244864286177,0.5672881355932203,0.4548555772853036,0.4409471758358291,0.43842161020403986,0.9648816602850048,0.7081863097712467,0.7087594318329601,0.295925571037864,298
bks_tau_0_4,CWE-74,0.6482131403229204,0.43517114464482887,0.9537923045828544,0.8964085115044196,0.0462076954171456,0.5648288553551712,0.5202337635428924,0.46555565184123104,0.46007796676910323,0.8690880988317122,0.6944817246138417,0.7422919594201288,0.4745617585225187,1427
bks_tau_0_4,CWE-913,,0.0,1.0,0.9877545851659212,0.0,1.0,,,,0.9877545851659212,0.5,0.6145797793585456,0.12887588426238555,107
bks_tau_0_4,CWE-923,,0.0,1.0,0.9621191739707895,0.0,1.0,,,,0.9621191739707895,0.5,0.5,0.0217081353565692,331
bks_tau_0_5,CWE-190,,0.0,1.0,0.98397763821482,0.0,1.0,,,,0.98397763821482,0.5,0.5139364978030693,0.02269542447174419,140
bks_tau_0_5,CWE-20,,0.0,1.0,0.9610885499502771,0.0,1.0,,,,0.9610885499502771,0.5,0.5728599380932413,0.031412963978030777,340
bks_tau_0_5,CWE-285,,0.0,1.0,0.9666969916236979,0.0,1.0,,,,0.9666969916236979,0.5,0.5003462320473197,0.03735452262576221,291
bks_tau_0_5,CWE-287,0.75,0.008038709677419355,0.999877450980392,0.9292248249731158,0.00012254901960784314,0.9919612903225806,0.02641403157938591,0.01668700072775946,0.0810999169680134,0.9291594220439728,0.5039580803289058,0.5342735968380418,0.08192075319785858,623
bks_tau_0_5,CWE-311,,0.0,1.0,0.9558235625620194,0.0,1.0,,,,0.9558235625620194,0.5,0.7190844384925251,0.263213217910605,386
bks_tau_0_5,CWE-327,0.7523748629886737,0.7228571428571429,0.9898669989262142,0.9884550187897523,0.010133001073785832,0.27714285714285714,0.735892506509697,0.7276811009249169,0.7259947045149735,0.9791714012128863,0.8563620708916785,0.8714124609727703,0.695558536722715,350
bks_tau_0_5,CWE-330,1.0,0.8720000000000001,1.0,0.9962425410379993,0.0,0.128,0.9311932313052134,0.8946693431470949,0.9318473245647475,0.9963351773435036,0.9359999999999999,0.937977215119014,0.8847030858845922,250
bks_tau_0_5,CWE-345,0.596025641025641,0.06037735849056604,0.9970779976048016,0.9426380620473548,0.00292200239519838,0.939622641509434,0.10916234562400502,0.07351296275580255,0.1747966758307676,0.9402603944685808,0.5287276780476838,0.5293599368035948,0.0874657441269975,530
bks_tau_0_5,CWE-400,,0.0,1.0,0.9711598667478709,0.0,1.0,,,,0.9711598667478709,0.5,0.4977639033451645,0.021001254781583906,252
bks_tau_0_5,CWE-610,0.6207147375079064,0.33717679944095036,0.9934988075305785,0.9794023715829419,0.006501192469421368,0.6628232005590495,0.43545778583625516,0.3704784181047536,0.4446430590783311,0.9734395318417318,0.6653378034857644,0.6688185272486191,0.27229310881658386,267
bks_tau_0_5,CWE-668,,0.0,1.0,0.8744522905972453,0.0,1.0,,,,0.8744522905972453,0.5,0.5300075578510606,0.0789879808131676,1097
bks_tau_0_5,CWE-706,0.645,0.053672316384180796,0.9986952425759433,0.9676285724197475,0.0013047574240565721,0.9463276836158192,0.09579304395275767,0.0651029295059293,0.16602884694832878,0.9664664585109823,0.5261837794800621,0.7087594318329601,0.295925571037864,298
bks_tau_0_5,CWE-74,0.6482131403229204,0.43517114464482887,0.9537923045828544,0.8964085115044196,0.0462076954171456,0.5648288553551712,0.5202337635428924,0.46555565184123104,0.46007796676910323,0.8690880988317122,0.6944817246138417,0.7422919594201288,0.4745617585225187,1427
bks_tau_0_5,CWE-913,,0.0,1.0,0.9877545851659212,0.0,1.0,,,,0.9877545851659212,0.5,0.6145797793585456,0.12887588426238555,107
bks_tau_0_5,CWE-923,,0.0,1.0,0.9621191739707895,0.0,1.0,,,,0.9621191739707895,0.5,0.5,0.0217081353565692,331
bks_tau_0_6,CWE-190,,0.0,1.0,0.98397763821482,0.0,1.0,,,,0.98397763821482,0.5,0.5139364978030693,0.02269542447174419,140
bks_tau_0_6,CWE-20,,0.0,1.0,0.9610885499502771,0.0,1.0,,,,0.9610885499502771,0.5,0.5728599380932413,0.031412963978030777,340
bks_tau_0_6,CWE-285,,0.0,1.0,0.9666969916236979,0.0,1.0,,,,0.9666969916236979,0.5,0.5003462320473197,0.03735452262576221,291
bks_tau_0_6,CWE-287,0.0,0.0,0.999877450980392,0.9286919418720627,0.00012254901960784314,1.0,,,-0.0066043894276729895,0.9285862144401047,0.499938725490196,0.5342735968380418,0.08192075319785858,623
bks_tau_0_6,CWE-311,,0.0,1.0,0.9558235625620194,0.0,1.0,,,,0.9558235625620194,0.5,0.7190844384925251,0.263213217910605,386
bks_tau_0_6,CWE-327,0.7523748629886737,0.7228571428571429,0.9898669989262142,0.9884550187897523,0.010133001073785832,0.27714285714285714,0.735892506509697,0.7276811009249169,0.7259947045149735,0.9791714012128863,0.8563620708916785,0.8714124609727703,0.695558536722715,350
bks_tau_0_6,CWE-330,1.0,0.8720000000000001,1.0,0.9962425410379993,0.0,0.128,0.9311932313052134,0.8946693431470949,0.9318473245647475,0.9963351773435036,0.9359999999999999,0.937977215119014,0.8847030858845922,250
bks_tau_0_6,CWE-345,,0.0,1.0,0.9393439160989614,0.0,1.0,,,,0.9393439160989614,0.5,0.5293599368035948,0.0874657441269975,530
bks_tau_0_6,CWE-400,,0.0,1.0,0.9711598667478709,0.0,1.0,,,,0.9711598667478709,0.5,0.4977639033451645,0.021001254781583906,252
bks_tau_0_6,CWE-610,0.7974654377880184,0.12711390635918937,0.99644128113879,0.9731757552948508,0.0035587188612099647,0.8728860936408106,0.17607597461255997,0.14230352056022544,0.24370805822365318,0.9698978517199649,0.5617775937489897,0.6688185272486191,0.27229310881658386,267
bks_tau_0_6,CWE-668,,0.0,1.0,0.8744522905972453,0.0,1.0,,,,0.8744522905972453,0.5,0.5300075578510606,0.0789879808131676,1097
bks_tau_0_6,CWE-706,0.25,0.003389830508474576,0.999643705463183,0.965994249865599,0.00035629453681710216,0.9966101694915255,0.031746031746031744,0.020833333333333332,0.05732399061730732,0.9656653238765859,0.5015167679858287,0.7087594318329601,0.295925571037864,298
bks_tau_0_6,CWE-74,0.6482131403229204,0.43517114464482887,0.9537923045828544,0.8964085115044196,0.0462076954171456,0.5648288553551712,0.5202337635428924,0.46555565184123104,0.46007796676910323,0.8690880988317122,0.6944817246138417,0.7422919594201288,0.4745617585225187,1427
bks_tau_0_6,CWE-913,,0.0,1.0,0.9877545851659212,0.0,1.0,,,,0.9877545851659212,0.5,0.6145797793585456,0.12887588426238555,107
bks_tau_0_6,CWE-923,,0.0,1.0,0.9621191739707895,0.0,1.0,,,,0.9621191739707895,0.5,0.5,0.0217081353565692,331
bks_tau_0_7,CWE-190,,0.0,1.0,0.98397763821482,0.0,1.0,,,,0.98397763821482,0.5,0.5139364978030693,0.02269542447174419,140
bks_tau_0_7,CWE-20,,0.0,1.0,0.9610885499502771,0.0,1.0,,,,0.9610885499502771,0.5,0.5728599380932413,0.031412963978030777,340
bks_tau_0_7,CWE-285,,0.0,1.0,0.9666969916236979,0.0,1.0,,,,0.9666969916236979,0.5,0.5003462320473197,0.03735452262576221,291
bks_tau_0_7,CWE-287,0.0,0.0,0.999877450980392,0.9286919418720627,0.00012254901960784314,1.0,,,-0.0066043894276729895,0.9285862144401047,0.499938725490196,0.5342735968380418,0.08192075319785858,623
bks_tau_0_7,CWE-311,,0.0,1.0,0.9558235625620194,0.0,1.0,,,,0.9558235625620194,0.5,0.7190844384925251,0.263213217910605,386
bks_tau_0_7,CWE-327,0.9499163879598662,0.2942857142857143,0.9992864048430569,0.9713752502237979,0.0007135951569430079,0.7057142857142857,0.4461697900191977,0.34055195420497203,0.5173588072393797,0.9710423893139352,0.6467860595643856,0.8714124609727703,0.695558536722715,350
bks_tau_0_7,CWE-330,1.0,0.8720000000000001,1.0,0.9962425410379993,0.0,0.128,0.9311932313052134,0.8946693431470949,0.9318473245647475,0.9963351773435036,0.9359999999999999,0.937977215119014,0.8847030858845922,250
bks_tau_0_7,CWE-345,,0.0,1.0,0.9393439160989614,0.0,1.0,,,,0.9393439160989614,0.5,0.5293599368035948,0.0874657441269975,530
bks_tau_0_7,CWE-400,,0.0,1.0,0.9711598667478709,0.0,1.0,,,,0.9711598667478709,0.5,0.4977639033451645,0.021001254781583906,252
bks_tau_0_7,CWE-610,,0.0,1.0,0.9694431851280303,0.0,1.0,,,,0.9694431851280303,0.5,0.6688185272486191,0.27229310881658386,267
bks_tau_0_7,CWE-668,,0.0,1.0,0.8744522905972453,0.0,1.0,,,,0.8744522905972453,0.5,0.5300075578510606,0.0789879808131676,1097
bks_tau_0_7,CWE-706,,0.0,1.0,0.9658948132627019,0.0,1.0,,,,0.9658948132627019,0.5,0.7087594318329601,0.295925571037864,298
bks_tau_0_7,CWE-74,,0.0,1.0,0.8366852949607496,0.0,1.0,,,,0.8366852949607496,0.5,0.7422919594201288,0.4745617585225187,1427
bks_tau_0_7,CWE-913,,0.0,1.0,0.9877545851659212,0.0,1.0,,,,0.9877545851659212,0.5,0.6145797793585456,0.12887588426238555,107
bks_tau_0_7,CWE-923,,0.0,1.0,0.9621191739707895,0.0,1.0,,,,0.9621191739707895,0.5,0.5,0.0217081353565692,331
bks_tau_0_8,CWE-190,,0.0,1.0,0.98397763821482,0.0,1.0,,,,0.98397763821482,0.5,0.5139364978030693,0.02269542447174419,140
bks_tau_0_8,CWE-20,,0.0,1.0,0.9610885499502771,0.0,1.0,,,,0.9610885499502771,0.5,0.5728599380932413,0.031412963978030777,340
bks_tau_0_8,CWE-285,,0.0,1.0,0.9666969916236979,0.0,1.0,,,,0.9666969916236979,0.5,0.5003462320473197,0.03735452262576221,291
bks_tau_0_8,CWE-287,,0.0,1.0,0.9287000448328196,0.0,1.0,,,,0.9287000448328196,0.5,0.5342735968380418,0.08192075319785858,623
bks_tau_0_8,CWE-311,,0.0,1.0,0.9558235625620194,0.0,1.0,,,,0.9558235625620194,0.5,0.7190844384925251,0.263213217910605,386
bks_tau_0_8,CWE-327,0.955952380952381,0.27142857142857146,0.9994048181053424,0.9704776503993162,0.000595181894657632,0.7285714285714285,0.420741433507391,0.3162550271026403,0.4990688592205469,0.9702413841057954,0.6354166947669568,0.8714124609727703,0.695558536722715,350
bks_tau_0_8,CWE-330,1.0,0.8720000000000001,1.0,0.9962425410379993,0.0,0.128,0.9311932313052134,0.8946693431470949,0.9318473245647475,0.9963351773435036,0.9359999999999999,0.937977215119014,0.8847030858845922,250
bks_tau_0_8,CWE-345,,0.0,1.0,0.9393439160989614,0.0,1.0,,,,0.9393439160989614,0.5,0.5293599368035948,0.0874657441269975,530
bks_tau_0_8,CWE-400,,0.0,1.0,0.9711598667478709,0.0,1.0,,,,0.9711598667478709,0.5,0.4977639033451645,0.021001254781583906,252
bks_tau_0_8,CWE-610,,0.0,1.0,0.9694431851280303,0.0,1.0,,,,0.9694431851280303,0.5,0.6688185272486191,0.27229310881658386,267
bks_tau_0_8,CWE-668,,0.0,1.0,0.8744522905972453,0.0,1.0,,,,0.8744522905972453,0.5,0.5300075578510606,0.0789879808131676,1097
bks_tau_0_8,CWE-706,,0.0,1.0,0.9658948132627019,0.0,1.0,,,,0.9658948132627019,0.5,0.7087594318329601,0.295925571037864,298
bks_tau_0_8,CWE-74,,0.0,1.0,0.8366852949607496,0.0,1.0,,,,0.8366852949607496,0.5,0.7422919594201288,0.4745617585225187,1427
bks_tau_0_8,CWE-913,,0.0,1.0,0.9877545851659212,0.0,1.0,,,,0.9877545851659212,0.5,0.6145797793585456,0.12887588426238555,107
bks_tau_0_8,CWE-923,,0.0,1.0,0.9621191739707895,0.0,1.0,,,,0.9621191739707895,0.5,0.5,0.0217081353565692,331
bks_tau_0_9,CWE-190,,0.0,1.0,0.98397763821482,0.0,1.0,,,,0.98397763821482,0.5,0.5139364978030693,0.02269542447174419,140
bks_tau_0_9,CWE-20,,0.0,1.0,0.9610885499502771,0.0,1.0,,,,0.9610885499502771,0.5,0.5728599380932413,0.031412963978030777,340
bks_tau_0_9,CWE-285,,0.0,1.0,0.9666969916236979,0.0,1.0,,,,0.9666969916236979,0.5,0.5003462320473197,0.03735452262576221,291
bks_tau_0_9,CWE-287,,0.0,1.0,0.9287000448328196,0.0,1.0,,,,0.9287000448328196,0.5,0.5342735968380418,0.08192075319785858,623
bks_tau_0_9,CWE-311,,0.0,1.0,0.9558235625620194,0.0,1.0,,,,0.9558235625620194,0.5,0.7190844384925251,0.263213217910605,386
bks_tau_0_9,CWE-327,0.9704260651629072,0.26285714285714284,0.9996419253963916,0.9701486945122078,0.0003580746036084322,0.7371428571428572,0.41227860778422576,0.3073767486305403,0.49559796736251904,0.9701275537130805,0.6312495341267672,0.8714124609727703,0.695558536722715,350
bks_tau_0_9,CWE-330,1.0,0.8720000000000001,1.0,0.9962425410379993,0.0,0.128,0.9311932313052134,0.8946693431470949,0.9318473245647475,0.9963351773435036,0.9359999999999999,0.937977215119014,0.8847030858845922,250
bks_tau_0_9,CWE-345,,0.0,1.0,0.9393439160989614,0.0,1.0,,,,0.9393439160989614,0.5,0.5293599368035948,0.0874657441269975,530
bks_tau_0_9,CWE-400,,0.0,1.0,0.9711598667478709,0.0,1.0,,,,0.9711598667478709,0.5,0.4977639033451645,0.021001254781583906,252
bks_tau_0_9,CWE-610,,0.0,1.0,0.9694431851280303,0.0,1.0,,,,0.9694431851280303,0.5,0.6688185272486191,0.27229310881658386,267
bks_tau_0_9,CWE-668,,0.0,1.0,0.8744522905972453,0.0,1.0,,,,0.8744522905972453,0.5,0.5300075578510606,0.0789879808131676,1097
bks_tau_0_9,CWE-706,,0.0,1.0,0.9658948132627019,0.0,1.0,,,,0.9658948132627019,0.5,0.7087594318329601,0.295925571037864,298
bks_tau_0_9,CWE-74,,0.0,1.0,0.8366852949607496,0.0,1.0,,,,0.8366852949607496,0.5,0.7422919594201288,0.4745617585225187,1427
bks_tau_0_9,CWE-913,,0.0,1.0,0.9877545851659212,0.0,1.0,,,,0.9877545851659212,0.5,0.6145797793585456,0.12887588426238555,107
bks_tau_0_9,CWE-923,,0.0,1.0,0.9621191739707895,0.0,1.0,,,,0.9621191739707895,0.5,0.5,0.0217081353565692,331
logistic_regression_tau_0_1,CWE-190,0.016022361785180003,1.0,0.0,,1.0,0.0,0.03153937622582422,0.0752866211481745,,0.016022361785180003,0.5,0.5139364978030693,0.02269542447174419,140
logistic_regression_tau_0_1,CWE-20,0.038911450049722865,1.0,0.0,,1.0,0.0,0.07490805123978457,0.16835322798603888,,0.038911450049722865,0.5,0.5728599380932413,0.031412963978030777,340
logistic_regression_tau_0_1,CWE-285,0.03323738397946742,0.9965517241379309,0.001426872770511296,0.9230769230769231,0.9985731272294887,0.0034482758620689655,0.06432914195547532,0.14662495591214722,-0.02106842533813681,0.03456737619239396,0.49898929845422113,0.5003502247805451,0.037354652347007467,291
logistic_regression_tau_0_1,CWE-287,0.07129995516718028,1.0,0.0,,1.0,0.0,0.1331087970327322,0.2773860988272806,,0.07129995516718028,0.5,0.5342497469275406,0.08009602981338247,623
logistic_regression_tau_0_1,CWE-311,0.044176437437980644,1.0,0.0,,1.0,0.0,0.08461463777591287,0.18771057318462436,,0.044176437437980644,0.5,0.7190844384925251,0.263213217910605,386
logistic_regression_tau_0_1,CWE-327,0.04005590446295001,1.0,0.0,,1.0,0.0,0.07702637590742048,0.1726209858569884,,0.04005590446295001,0.5,0.8711565615484606,0.6757990320543638,350
logistic_regression_tau_0_1,CWE-330,0.19020786782384264,0.9640000000000001,0.19905269390171698,0.9946745562130177,0.8009473060982831,0.036,0.2101081402695844,0.26723776867458876,0.8232967811247459,0.2209057824123347,0.5815263469508585,0.9378380685998631,0.8846530310262679,250
logistic_regression_tau_0_1,CWE-345,0.060656083901038584,1.0,0.0,,1.0,0.0,0.11437450007459755,0.24406351629096842,,0.060656083901038584,0.5,0.5293599368035948,0.0874657441269975,530
logistic_regression_tau_0_1,CWE-400,0.028840133252129065,1.0,0.0,,1.0,0.0,0.05606322208035598,0.12928482308779377,,0.028840133252129065,0.5,0.4977639033451645,0.021001254781583906,252
logistic_regression_tau_0_1,CWE-610,0.03055681487196978,1.0,0.0,,1.0,0.0,0.05930139117302187,0.13614228420424332,,0.03055681487196978,0.5,0.6688185272486191,0.27229310881658386,267
logistic_regression_tau_0_1,CWE-668,0.12554770940275473,1.0,0.0,,1.0,0.0,0.22308629777734232,0.4178777350388125,,0.12554770940275473,0.5,0.529943512307563,0.07897937897664989,1097
logistic_regression_tau_0_1,CWE-706,0.034105186737298135,1.0,0.0,,1.0,0.0,0.06596052128049668,0.1500534122261133,,0.034105186737298135,0.5,0.7077448716106266,0.2885788885435568,298
logistic_regression_tau_0_1,CWE-74,0.16331470503925044,1.0,0.0,,1.0,0.0,0.2807734017658668,0.4939127953996799,,0.16331470503925044,0.5,0.7454415397041567,0.4730977327864731,1427
logistic_regression_tau_0_1,CWE-913,0.012245414834078849,1.0,0.0,,1.0,0.0,0.024194410471654708,0.05836678867973988,,0.012245414834078849,0.5,0.6145797793585456,0.12887588426238555,107
logistic_regression_tau_0_1,CWE-923,0.03788082602921057,1.0,0.0,,1.0,0.0,0.0729964130370846,0.1644808431002,,0.03788082602921057,0.5,0.5,0.0217081353565692,331
logistic_regression_tau_0_2,CWE-190,0.016022361785180003,1.0,0.0,,1.0,0.0,0.03153937622582422,0.0752866211481745,,0.016022361785180003,0.5,0.5139364978030693,0.02269542447174419,140
logistic_regression_tau_0_2,CWE-20,0.04554112780245405,0.9617647058823529,0.18395517030412958,0.991905626089429,0.8160448296958703,0.03823529411764706,0.08696376802420572,0.19144076919507583,0.07384684807580907,0.21422433068410146,0.5728599380932413,0.5728599380932413,0.031412963978030777,340
logistic_regression_tau_0_2,CWE-285,0.03316144897035052,0.9931618936294564,0.002490304744057848,0.8973214285714286,0.9975096952559422,0.006838106370543542,0.06417981585630528,0.1462704007846974,-0.027009102802716442,0.03548135574217513,0.4978260991867572,0.5003502247805451,0.037354652347007467,291
logistic_regression_tau_0_2,CWE-287,0.07129995516718028,1.0,0.0,,1.0,0.0,0.1331087970327322,0.2773860988272806,,0.07129995516718028,0.5,0.5342497469275406,0.08009602981338247,623
logistic_regression_tau_0_2,CWE-311,0.044176437437980644,1.0,0.0,,1.0,0.0,0.08461463777591287,0.18771057318462436,,0.044176437437980644,0.5,0.7190844384925251,0.263213217910605,386
logistic_regression_tau_0_2,CWE-327,0.28385097009628085,0.8742857142857142,0.39381239257626,0.9868751715498063,0.60618760742374,0.12571428571428572,0.3130519822670764,0.3748816659286939,0.6530302124660095,0.41308770154313185,0.6340490534309872,0.8711565615484606,0.6757990320543638,350
logistic_regression_tau_0_2,CWE-330,0.9177251893665268,0.876,0.997637296932394,0.9963501119224725,0.002362703067605976,0.124,0.8960785705952748,0.8838560609293697,0.8934866281683593,0.994155261631855,0.9368186484661971,0.9378380685998631,0.8846530310262679,250
logistic_regression_tau_0_2,CWE-345,0.060656083901038584,1.0,0.0,,1.0,0.0,0.11437450007459755,0.24406351629096842,,0.060656083901038584,0.5,0.5293599368035948,0.0874657441269975,530
logistic_regression_tau_0_2,CWE-400,0.028840133252129065,1.0,0.0,,1.0,0.0,0.05606322208035598,0.12928482308779377,,0.028840133252129065,0.5,0.4977639033451645,0.021001254781583906,252
logistic_regression_tau_0_2,CWE-610,0.03055681487196978,1.0,0.0,,1.0,0.0,0.05930139117302187,0.13614228420424332,,0.03055681487196978,0.5,0.6688185272486191,0.27229310881658386,267
logistic_regression_tau_0_2,CWE-668,0.132607615847752,0.9835907015359069,0.07629632307921884,0.9703520583066861,0.9237036769207811,0.016409298464092982,0.2337056741751618,0.43074082541636527,0.07851080085076577,0.19020592715195955,0.529943512307563,0.529943512307563,0.07897937897664989,1097
logistic_regression_tau_0_2,CWE-706,0.034105186737298135,1.0,0.0,,1.0,0.0,0.06596052128049668,0.1500534122261133,,0.034105186737298135,0.5,0.7077448716106266,0.2885788885435568,298
logistic_regression_tau_0_2,CWE-74,0.16331470503925044,1.0,0.0,,1.0,0.0,0.2807734017658668,0.4939127953996799,,0.16331470503925044,0.5,0.7454415397041567,0.4730977327864731,1427
logistic_regression_tau_0_2,CWE-913,0.012245414834078849,1.0,0.0,,1.0,0.0,0.024194410471654708,0.05836678867973988,,0.012245414834078849,0.5,0.6145797793585456,0.12887588426238555,107
logistic_regression_tau_0_2,CWE-923,0.03788082602921057,1.0,0.0,,1.0,0.0,0.0729964130370846,0.1644808431002,,0.03788082602921057,0.5,0.5,0.0217081353565692,331
logistic_regression_tau_0_3,CWE-190,0.016022361785180003,1.0,0.0,,1.0,0.0,0.03153937622582422,0.0752866211481745,,0.016022361785180003,0.5,0.5139364978030693,0.02269542447174419,140
logistic_regression_tau_0_3,CWE-20,0.04554112780245405,0.9617647058823529,0.18395517030412958,0.991905626089429,0.8160448296958703,0.03823529411764706,0.08696376802420572,0.19144076919507583,0.07384684807580907,0.21422433068410146,0.5728599380932413,0.5728599380932413,0.031412963978030777,340
logistic_regression_tau_0_3,CWE-285,0.03316144897035052,0.9931618936294564,0.002490304744057848,0.8973214285714286,0.9975096952559422,0.006838106370543542,0.06417981585630528,0.1462704007846974,-0.027009102802716442,0.03548135574217513,0.4978260991867572,0.5003502247805451,0.037354652347007467,291
logistic_regression_tau_0_3,CWE-287,0.07129995516718028,1.0,0.0,,1.0,0.0,0.1331087970327322,0.2773860988272806,,0.07129995516718028,0.5,0.5342497469275406,0.08009602981338247,623
logistic_regression_tau_0_3,CWE-311,0.044176437437980644,1.0,0.0,,1.0,0.0,0.08461463777591287,0.18771057318462436,,0.044176437437980644,0.5,0.7190844384925251,0.263213217910605,386
logistic_regression_tau_0_3,CWE-327,0.6978842228315287,0.7514285714285714,0.986290655960798,0.9895934855641947,0.013709344039201954,0.24857142857142858,0.7231267416210152,0.7396980348652973,0.7119131620172416,0.9768834750961959,0.8688596136946847,0.8711565615484606,0.6757990320543638,350
logistic_regression_tau_0_3,CWE-330,0.9177251893665268,0.876,0.997637296932394,0.9963501119224725,0.002362703067605976,0.124,0.8960785705952748,0.8838560609293697,0.8934866281683593,0.994155261631855,0.9368186484661971,0.9378380685998631,0.8846530310262679,250
logistic_regression_tau_0_3,CWE-345,0.0607324693326031,1.0,0.0013391187852032239,1.0,0.9986608812147967,0.0,0.11451029441378488,0.24431084153273014,0.008513297751461323,0.06191403636497056,0.5006695593926016,0.5293599368035948,0.0874657441269975,530
logistic_regression_tau_0_3,CWE-400,0.028729601425236524,0.9960000000000001,0.0,0.0,1.0,0.004,0.0558480980936034,0.12878713321350152,-0.13943653879237744,0.02872643228567085,0.49800000000000005,0.4977639033451645,0.021001254781583906,252
logistic_regression_tau_0_3,CWE-610,0.03055681487196978,1.0,0.0,,1.0,0.0,0.05930139117302187,0.13614228420424332,,0.03055681487196978,0.5,0.6688185272486191,0.27229310881658386,267
logistic_regression_tau_0_3,CWE-668,0.132607615847752,0.9835907015359069,0.07629632307921884,0.9703520583066861,0.9237036769207811,0.016409298464092982,0.2337056741751618,0.43074082541636527,0.07851080085076577,0.19020592715195955,0.529943512307563,0.529943512307563,0.07897937897664989,1097
logistic_regression_tau_0_3,CWE-706,0.034105186737298135,1.0,0.0,,1.0,0.0,0.06596052128049668,0.1500534122261133,,0.034105186737298135,0.5,0.7077448716106266,0.2885788885435568,298
logistic_regression_tau_0_3,CWE-74,0.16331470503925044,1.0,0.0,,1.0,0.0,0.2807734017658668,0.4939127953996799,,0.16331470503925044,0.5,0.7454415397041567,0.4730977327864731,1427
logistic_regression_tau_0_3,CWE-913,0.012245414834078849,1.0,0.0,,1.0,0.0,0.024194410471654708,0.05836678867973988,,0.012245414834078849,0.5,0.6145797793585456,0.12887588426238555,107
logistic_regression_tau_0_3,CWE-923,0.03788082602921057,1.0,0.0,,1.0,0.0,0.0729964130370846,0.1644808431002,,0.03788082602921057,0.5,0.5,0.0217081353565692,331
logistic_regression_tau_0_4,CWE-190,0.016022361785180003,1.0,0.0,,1.0,0.0,0.03153937622582422,0.0752866211481745,,0.016022361785180003,0.5,0.5139364978030693,0.02269542447174419,140
logistic_regression_tau_0_4,CWE-20,0.04554112780245405,0.9617647058823529,0.18395517030412958,0.991905626089429,0.8160448296958703,0.03823529411764706,0.08696376802420572,0.19144076919507583,0.07384684807580907,0.21422433068410146,0.5728599380932413,0.5728599380932413,0.031412963978030777,340
logistic_regression_tau_0_4,CWE-285,0.0333912576185658,0.9931618936294564,0.009583085570861146,0.9795,0.9904169144291389,0.006838106370543542,0.06461011903715527,0.14716392894303568,0.005967584306442703,0.04233787100555877,0.5013724896001588,0.5003502247805451,0.037354652347007467,291
logistic_regression_tau_0_4,CWE-287,0.07129995516718028,1.0,0.0,,1.0,0.0,0.1331087970327322,0.2773860988272806,,0.07129995516718028,0.5,0.5342497469275406,0.08009602981338247,623
logistic_regression_tau_0_4,CWE-311,0.35376947353884347,0.4741924741924741,0.9600108060025395,0.9753015437585285,0.03998919399746059,0.5258075258075258,0.4048535761115171,0.4436591030502376,0.37784351808646577,0.9385352239045902,0.7171016400975068,0.7190844384925251,0.263213217910605,386
logistic_regression_tau_0_4,CWE-327,0.6978842228315287,0.7514285714285714,0.986290655960798,0.9895934855641947,0.013709344039201954,0.24857142857142858,0.7231267416210152,0.7396980348652973,0.7119131620172416,0.9768834750961959,0.8688596136946847,0.8711565615484606,0.6757990320543638,350
logistic_regression_tau_0_4,CWE-330,0.9177251893665268,0.876,0.997637296932394,0.9963501119224725,0.002362703067605976,0.124,0.8960785705952748,0.8838560609293697,0.8934866281683593,0.994155261631855,0.9368186484661971,0.9378380685998631,0.8846530310262679,250
logistic_regression_tau_0_4,CWE-345,0.0607324693326031,1.0,0.0013391187852032239,1.0,0.9986608812147967,0.0,0.11451029441378488,0.24431084153273014,0.008513297751461323,0.06191403636497056,0.5006695593926016,0.5293599368035948,0.0874657441269975,530
logistic_regression_tau_0_4,CWE-400,0.028729601425236524,0.9960000000000001,0.0,0.0,1.0,0.004,0.0558480980936034,0.12878713321350152,-0.13943653879237744,0.02872643228567085,0.49800000000000005,0.4977639033451645,0.021001254781583906,252
logistic_regression_tau_0_4,CWE-610,0.33489497660534,0.5762403913347309,0.5949102949745437,0.9780430693864585,0.4050897050254562,0.423759608665269,0.2507374480077794,0.24793023266948774,0.3827386573836998,0.5943479383814435,0.5855753431546373,0.6688185272486191,0.27229310881658386,267
logistic_regression_tau_0_4,CWE-668,0.132607615847752,0.9835907015359069,0.07629632307921884,0.9703520583066861,0.9237036769207811,0.016409298464092982,0.2337056741751618,0.43074082541636527,0.07851080085076577,0.19020592715195955,0.529943512307563,0.529943512307563,0.07897937897664989,1097
logistic_regression_tau_0_4,CWE-706,0.471187589197198,0.43271186440677967,0.9828283401845,0.9800470140123572,0.017171659815499927,0.5672881355932203,0.44915559927857024,0.43873068168927576,0.4321273571175074,0.9640776556358321,0.7077701022956399,0.7077448716106266,0.2885788885435568,298
logistic_regression_tau_0_4,CWE-74,0.421662330792833,0.6026794258373206,0.8299951576846988,0.9142975949005152,0.17000484231530114,0.3973205741626794,0.4922421124335978,0.5517133715836884,0.3803722690900627,0.792880707049643,0.7163372917610097,0.7454415397041567,0.4730977327864731,1427
logistic_regression_tau_0_4,CWE-913,0.012245414834078849,1.0,0.0,,1.0,0.0,0.024194410471654708,0.05836678867973988,,0.012245414834078849,0.5,0.6145797793585456,0.12887588426238555,107
logistic_regression_tau_0_4,CWE-923,0.03788082602921057,1.0,0.0,,1.0,0.0,0.0729964130370846,0.1644808431002,,0.03788082602921057,0.5,0.5,0.0217081353565692,331
logistic_regression_tau_0_5,CWE-190,0.41111111111111115,0.02857142857142857,0.9993015670347101,0.9844186702470662,0.0006984329652900278,0.9714285714285715,0.08413163897034864,0.057602665154152556,0.1330237238465335,0.9837488652933695,0.5139364978030694,0.5139364978030693,0.02269542447174419,140
logistic_regression_tau_0_5,CWE-20,0.04554112780245405,0.9617647058823529,0.18395517030412958,0.991905626089429,0.8160448296958703,0.03823529411764706,0.08696376802420572,0.19144076919507583,0.07384684807580907,0.21422433068410146,0.5728599380932413,0.5728599380932413,0.031412963978030777,340
logistic_regression_tau_0_5,CWE-285,0.0333912576185658,0.9931618936294564,0.009583085570861146,0.9795,0.9904169144291389,0.006838106370543542,0.06461011903715527,0.14716392894303568,0.005967584306442703,0.04233787100555877,0.5013724896001588,0.5003502247805451,0.037354652347007467,291
logistic_regression_tau_0_5,CWE-287,0.38766031457955236,0.07710967741935484,0.9913678298237887,0.9333039406063126,0.008632170176211283,0.9228903225806452,0.12758453758210925,0.09157653844517429,0.14718622220373923,0.9261819530972936,0.5342387536215718,0.5342497469275406,0.08009602981338247,623
logistic_regression_tau_0_5,CWE-311,0.3581636636473193,0.46640026640026644,0.9611998666446322,0.974971660017888,0.03880013335536785,0.5335997335997336,0.40495084054920716,0.4396323915508901,0.37732911586786205,0.9393311306697978,0.7138000665224492,0.7190844384925251,0.263213217910605,386
logistic_regression_tau_0_5,CWE-327,0.6978842228315287,0.7514285714285714,0.986290655960798,0.9895934855641947,0.013709344039201954,0.24857142857142858,0.7231267416210152,0.7396980348652973,0.7119131620172416,0.9768834750961959,0.8688596136946847,0.8711565615484606,0.6757990320543638,350
logistic_regression_tau_0_5,CWE-330,0.9429024943310658,0.876,0.9983436832522274,0.9963524585822672,0.0016563167477725523,0.124,0.9076274503150203,0.8882518095130605,0.905938125556324,0.9948414509699498,0.9371718416261137,0.9378380685998631,0.8846530310262679,250
logistic_regression_tau_0_5,CWE-345,0.596025641025641,0.06037735849056604,0.9970779976048016,0.9426380620473548,0.00292200239519838,0.939622641509434,0.10916234562400502,0.07351296275580255,0.1747966758307676,0.9402603944685808,0.5287276780476838,0.5293599368035948,0.0874657441269975,530
logistic_regression_tau_0_5,CWE-400,0.0,0.0,0.999527806690329,0.9711465876731067,0.0004721933096709749,1.0,,,-0.004134400424407924,0.9707013405077156,0.4997639033451645,0.4977639033451645,0.021001254781583906,252
logistic_regression_tau_0_5,CWE-610,0.6044126984126985,0.3446540880503145,0.9926690013298444,0.9796123231798033,0.0073309986701555726,0.6553459119496855,0.4369268531778808,0.3762244348833884,0.44276491934781925,0.9728637089194864,0.6686615446900794,0.6688185272486191,0.27229310881658386,267
logistic_regression_tau_0_5,CWE-668,0.132607615847752,0.9835907015359069,0.07629632307921884,0.9703520583066861,0.9237036769207811,0.016409298464092982,0.2337056741751618,0.43074082541636527,0.07851080085076577,0.19020592715195955,0.529943512307563,0.529943512307563,0.07897937897664989,1097
logistic_regression_tau_0_5,CWE-706,0.48320294099127814,0.43271186440677967,0.9836607551357138,0.9800627019428836,0.016339244864286177,0.5672881355932203,0.4548555772853036,0.4409471758358291,0.43842161020403986,0.9648816602850048,0.7081863097712467,0.7077448716106266,0.2885788885435568,298
logistic_regression_tau_0_5,CWE-74,0.5497951679965319,0.5711495522021838,0.9086362502179155,0.9156303435601831,0.09136374978208447,0.4288504477978162,0.5601939913435185,0.5666970268097776,0.4725313646049667,0.853505095837009,0.7398929012100497,0.7454415397041567,0.4730977327864731,1427
logistic_regression_tau_0_5,CWE-913,0.3315196078431373,0.24415584415584415,0.9939755018294489,0.9906465645354212,0.0060244981705510165,0.7558441558441558,0.280891417733523,0.25758289421175123,0.2768233276942106,0.9847790954861312,0.6190656729926466,0.6145797793585456,0.12887588426238555,107
logistic_regression_tau_0_5,CWE-923,0.03788082602921057,1.0,0.0,,1.0,0.0,0.0729964130370846,0.1644808431002,,0.03788082602921057,0.5,0.5,0.0217081353565692,331
logistic_regression_tau_0_6,CWE-190,0.41111111111111115,0.02857142857142857,0.9993015670347101,0.9844186702470662,0.0006984329652900278,0.9714285714285715,0.08413163897034864,0.057602665154152556,0.1330237238465335,0.9837488652933695,0.5139364978030694,0.5139364978030693,0.02269542447174419,140
logistic_regression_tau_0_6,CWE-20,,0.0,1.0,0.9610885499502771,0.0,1.0,,,,0.9610885499502771,0.5,0.5728599380932413,0.031412963978030777,340
logistic_regression_tau_0_6,CWE-285,,0.0,1.0,0.9666969916236979,0.0,1.0,,,,0.9666969916236979,0.5,0.5003502247805451,0.037354652347007467,291
logistic_regression_tau_0_6,CWE-287,0.38766031457955236,0.07710967741935484,0.9913678298237887,0.9333039406063126,0.008632170176211283,0.9228903225806452,0.12758453758210925,0.09157653844517429,0.14718622220373923,0.9261819530972936,0.5342387536215718,0.5342497469275406,0.08009602981338247,623
logistic_regression_tau_0_6,CWE-311,0.38271267613496274,0.45864135864135863,0.9655152353914088,0.9747307774332642,0.03448476460859116,0.5413586413586413,0.41639181431641115,0.44048057844016764,0.38901633355527643,0.943111483358026,0.7120782970163837,0.7190844384925251,0.263213217910605,386
logistic_regression_tau_0_6,CWE-327,0.7001377439582893,0.7514285714285714,0.9864104881956692,0.9895944913503388,0.013589511804330772,0.24857142857142858,0.7242614933940648,0.7401538753211379,0.7131039666341078,0.9769984837218428,0.8689195298121204,0.8711565615484606,0.6757990320543638,350
logistic_regression_tau_0_6,CWE-330,0.9629024943310658,0.876,0.9989343507064508,0.9963541978857249,0.0010656492935492798,0.124,0.9171011345255466,0.8919252789008156,0.9159858935184516,0.9954151744352396,0.9374671753532253,0.9378380685998631,0.8846530310262679,250
logistic_regression_tau_0_6,CWE-345,0.596025641025641,0.06037735849056604,0.9970779976048016,0.9426380620473548,0.00292200239519838,0.939622641509434,0.10916234562400502,0.07351296275580255,0.1747966758307676,0.9402603944685808,0.5287276780476838,0.5293599368035948,0.0874657441269975,530
logistic_regression_tau_0_6,CWE-400,0.0,0.0,0.999527806690329,0.9711465876731067,0.0004721933096709749,1.0,,,-0.004134400424407924,0.9707013405077156,0.4997639033451645,0.4977639033451645,0.021001254781583906,252
logistic_regression_tau_0_6,CWE-610,0.6044126984126985,0.3446540880503145,0.9926690013298444,0.9796123231798033,0.0073309986701555726,0.6553459119496855,0.4369268531778808,0.3762244348833884,0.44276491934781925,0.9728637089194864,0.6686615446900794,0.6688185272486191,0.27229310881658386,267
logistic_regression_tau_0_6,CWE-668,,0.0,1.0,0.8744522905972453,0.0,1.0,,,,0.8744522905972453,0.5,0.529943512307563,0.07897937897664989,1097
logistic_regression_tau_0_6,CWE-706,0.48320294099127814,0.43271186440677967,0.9836607551357138,0.9800627019428836,0.016339244864286177,0.5672881355932203,0.4548555772853036,0.4409471758358291,0.43842161020403986,0.9648816602850048,0.7081863097712467,0.7077448716106266,0.2885788885435568,298
logistic_regression_tau_0_6,CWE-74,0.5497951679965319,0.5711495522021838,0.9086362502179155,0.9156303435601831,0.09136374978208447,0.4288504477978162,0.5601939913435185,0.5666970268097776,0.4725313646049667,0.853505095837009,0.7398929012100497,0.7454415397041567,0.4730977327864731,1427
logistic_regression_tau_0_6,CWE-913,0.3315196078431373,0.24415584415584415,0.9939755018294489,0.9906465645354212,0.0060244981705510165,0.7558441558441558,0.280891417733523,0.25758289421175123,0.2768233276942106,0.9847790954861312,0.6190656729926466,0.6145797793585456,0.12887588426238555,107
logistic_regression_tau_0_6,CWE-923,,0.0,1.0,0.9621191739707895,0.0,1.0,,,,0.9621191739707895,0.5,0.5,0.0217081353565692,331
logistic_regression_tau_0_7,CWE-190,0.41111111111111115,0.02857142857142857,0.9993015670347101,0.9844186702470662,0.0006984329652900278,0.9714285714285715,0.08413163897034864,0.057602665154152556,0.1330237238465335,0.9837488652933695,0.5139364978030694,0.5139364978030693,0.02269542447174419,140
logistic_regression_tau_0_7,CWE-20,,0.0,1.0,0.9610885499502771,0.0,1.0,,,,0.9610885499502771,0.5,0.5728599380932413,0.031412963978030777,340
logistic_regression_tau_0_7,CWE-285,,0.0,1.0,0.9666969916236979,0.0,1.0,,,,0.9666969916236979,0.5,0.5003502247805451,0.037354652347007467,291
logistic_regression_tau_0_7,CWE-287,0.38766031457955236,0.07710967741935484,0.9913678298237887,0.9333039406063126,0.008632170176211283,0.9228903225806452,0.12758453758210925,0.09157653844517429,0.14718622220373923,0.9261819530972936,0.5342387536215718,0.5342497469275406,0.08009602981338247,623
logistic_regression_tau_0_7,CWE-311,0.3915016997977188,0.45864135864135863,0.9670758596411086,0.9747722191605612,0.032924140358891275,0.5413586413586413,0.4220109345808403,0.4431299820246548,0.3947055324358782,0.9446031643677791,0.7128586091412337,0.7190844384925251,0.263213217910605,386
logistic_regression_tau_0_7,CWE-327,0.7001377439582893,0.7514285714285714,0.9864104881956692,0.9895944913503388,0.013589511804330772,0.24857142857142858,0.7242614933940648,0.7401538753211379,0.7131039666341078,0.9769984837218428,0.8689195298121204,0.8711565615484606,0.6757990320543638,350
logistic_regression_tau_0_7,CWE-330,0.9955555555555555,0.876,0.9998816568047337,0.9963592159717433,0.00011834319526627219,0.124,0.9316643490887613,0.8973911256904639,0.9319536349557691,0.996335243440415,0.9379408284023668,0.9378380685998631,0.8846530310262679,250
logistic_regression_tau_0_7,CWE-345,0.596025641025641,0.06037735849056604,0.9970779976048016,0.9426380620473548,0.00292200239519838,0.939622641509434,0.10916234562400502,0.07351296275580255,0.1747966758307676,0.9402603944685808,0.5287276780476838,0.5293599368035948,0.0874657441269975,530
logistic_regression_tau_0_7,CWE-400,0.0,0.0,0.999527806690329,0.9711465876731067,0.0004721933096709749,1.0,,,-0.004134400424407924,0.9707013405077156,0.4997639033451645,0.4977639033451645,0.021001254781583906,252
logistic_regression_tau_0_7,CWE-610,0.6044126984126985,0.3446540880503145,0.9926690013298444,0.9796123231798033,0.0073309986701555726,0.6553459119496855,0.4369268531778808,0.3762244348833884,0.44276491934781925,0.9728637089194864,0.6686615446900794,0.6688185272486191,0.27229310881658386,267
logistic_regression_tau_0_7,CWE-668,,0.0,1.0,0.8744522905972453,0.0,1.0,,,,0.8744522905972453,0.5,0.529943512307563,0.07897937897664989,1097
logistic_regression_tau_0_7,CWE-706,0.48320294099127814,0.43271186440677967,0.9836607551357138,0.9800627019428836,0.016339244864286177,0.5672881355932203,0.4548555772853036,0.4409471758358291,0.43842161020403986,0.9648816602850048,0.7081863097712467,0.7077448716106266,0.2885788885435568,298
logistic_regression_tau_0_7,CWE-74,0.5497951679965319,0.5711495522021838,0.9086362502179155,0.9156303435601831,0.09136374978208447,0.4288504477978162,0.5601939913435185,0.5666970268097776,0.4725313646049667,0.853505095837009,0.7398929012100497,0.7454415397041567,0.4730977327864731,1427
logistic_regression_tau_0_7,CWE-913,0.3315196078431373,0.24415584415584415,0.9939755018294489,0.9906465645354212,0.0060244981705510165,0.7558441558441558,0.280891417733523,0.25758289421175123,0.2768233276942106,0.9847790954861312,0.6190656729926466,0.6145797793585456,0.12887588426238555,107
logistic_regression_tau_0_7,CWE-923,,0.0,1.0,0.9621191739707895,0.0,1.0,,,,0.9621191739707895,0.5,0.5,0.0217081353565692,331
logistic_regression_tau_0_8,CWE-190,0.41111111111111115,0.02857142857142857,0.9993015670347101,0.9844186702470662,0.0006984329652900278,0.9714285714285715,0.08413163897034864,0.057602665154152556,0.1330237238465335,0.9837488652933695,0.5139364978030694,0.5139364978030693,0.02269542447174419,140
logistic_regression_tau_0_8,CWE-20,,0.0,1.0,0.9610885499502771,0.0,1.0,,,,0.9610885499502771,0.5,0.5728599380932413,0.031412963978030777,340
logistic_regression_tau_0_8,CWE-285,,0.0,1.0,0.9666969916236979,0.0,1.0,,,,0.9666969916236979,0.5,0.5003502247805451,0.037354652347007467,291
logistic_regression_tau_0_8,CWE-287,0.38766031457955236,0.07710967741935484,0.9913678298237887,0.9333039406063126,0.008632170176211283,0.9228903225806452,0.12758453758210925,0.09157653844517429,0.14718622220373923,0.9261819530972936,0.5342387536215718,0.5342497469275406,0.08009602981338247,623
logistic_regression_tau_0_8,CWE-311,0.3915016997977188,0.45864135864135863,0.9670758596411086,0.9747722191605612,0.032924140358891275,0.5413586413586413,0.4220109345808403,0.4431299820246548,0.3947055324358782,0.9446031643677791,0.7128586091412337,0.7190844384925251,0.263213217910605,386
logistic_regression_tau_0_8,CWE-327,0.7001377439582893,0.7514285714285714,0.9864104881956692,0.9895944913503388,0.013589511804330772,0.24857142857142858,0.7242614933940648,0.7401538753211379,0.7131039666341078,0.9769984837218428,0.8689195298121204,0.8711565615484606,0.6757990320543638,350
logistic_regression_tau_0_8,CWE-330,0.9955555555555555,0.876,0.9998816568047337,0.9963592159717433,0.00011834319526627219,0.124,0.9316643490887613,0.8973911256904639,0.9319536349557691,0.996335243440415,0.9379408284023668,0.9378380685998631,0.8846530310262679,250
logistic_regression_tau_0_8,CWE-345,0.596025641025641,0.06037735849056604,0.9970779976048016,0.9426380620473548,0.00292200239519838,0.939622641509434,0.10916234562400502,0.07351296275580255,0.1747966758307676,0.9402603944685808,0.5287276780476838,0.5293599368035948,0.0874657441269975,530
logistic_regression_tau_0_8,CWE-400,0.0,0.0,0.999527806690329,0.9711465876731067,0.0004721933096709749,1.0,,,-0.004134400424407924,0.9707013405077156,0.4997639033451645,0.4977639033451645,0.021001254781583906,252
logistic_regression_tau_0_8,CWE-610,0.6022222222222222,0.33717679944095036,0.9927876252918848,0.9793878123098436,0.007212374708115241,0.6628232005590495,0.4298445046321177,0.3687258466765343,0.43676595535435003,0.9727500079530282,0.6649822123664176,0.6688185272486191,0.27229310881658386,267
logistic_regression_tau_0_8,CWE-668,,0.0,1.0,0.8744522905972453,0.0,1.0,,,,0.8744522905972453,0.5,0.529943512307563,0.07897937897664989,1097
logistic_regression_tau_0_8,CWE-706,0.48320294099127814,0.43271186440677967,0.9836607551357138,0.9800627019428836,0.016339244864286177,0.5672881355932203,0.4548555772853036,0.4409471758358291,0.43842161020403986,0.9648816602850048,0.7081863097712467,0.7077448716106266,0.2885788885435568,298
logistic_regression_tau_0_8,CWE-74,0.5497951679965319,0.5711495522021838,0.9086362502179155,0.9156303435601831,0.09136374978208447,0.4288504477978162,0.5601939913435185,0.5666970268097776,0.4725313646049667,0.853505095837009,0.7398929012100497,0.7454415397041567,0.4730977327864731,1427
logistic_regression_tau_0_8,CWE-913,0.3315196078431373,0.24415584415584415,0.9939755018294489,0.9906465645354212,0.0060244981705510165,0.7558441558441558,0.280891417733523,0.25758289421175123,0.2768233276942106,0.9847790954861312,0.6190656729926466,0.6145797793585456,0.12887588426238555,107
logistic_regression_tau_0_8,CWE-923,,0.0,1.0,0.9621191739707895,0.0,1.0,,,,0.9621191739707895,0.5,0.5,0.0217081353565692,331
logistic_regression_tau_0_9,CWE-190,0.41111111111111115,0.02857142857142857,0.9993015670347101,0.9844186702470662,0.0006984329652900278,0.9714285714285715,0.08413163897034864,0.057602665154152556,0.1330237238465335,0.9837488652933695,0.5139364978030694,0.5139364978030693,0.02269542447174419,140
logistic_regression_tau_0_9,CWE-20,,0.0,1.0,0.9610885499502771,0.0,1.0,,,,0.9610885499502771,0.5,0.5728599380932413,0.031412963978030777,340
logistic_regression_tau_0_9,CWE-285,,0.0,1.0,0.9666969916236979,0.0,1.0,,,,0.9666969916236979,0.5,0.5003502247805451,0.037354652347007467,291
logistic_regression_tau_0_9,CWE-287,0.6666666666666666,0.0032258064516129032,0.999877450980392,0.9289043303943071,0.00012254901960784314,0.9967741935483871,0.016,0.01006036217303823,0.05552464796465336,0.928814660099621,0.5015516287160026,0.5342497469275406,0.08009602981338247,623
logistic_regression_tau_0_9,CWE-311,0.3915016997977188,0.45864135864135863,0.9670758596411086,0.9747722191605612,0.032924140358891275,0.5413586413586413,0.4220109345808403,0.4431299820246548,0.3947055324358782,0.9446031643677791,0.7128586091412337,0.7190844384925251,0.263213217910605,386
logistic_regression_tau_0_9,CWE-327,0.7523748629886737,0.7228571428571429,0.9898669989262142,0.9884550187897523,0.010133001073785832,0.27714285714285714,0.735892506509697,0.7276811009249169,0.7259947045149735,0.9791714012128863,0.8563620708916785,0.8711565615484606,0.6757990320543638,350
logistic_regression_tau_0_9,CWE-330,0.9955555555555555,0.876,0.9998816568047337,0.9963592159717433,0.00011834319526627219,0.124,0.9316643490887613,0.8973911256904639,0.9319536349557691,0.996335243440415,0.9379408284023668,0.9378380685998631,0.8846530310262679,250
logistic_regression_tau_0_9,CWE-345,0.596025641025641,0.06037735849056604,0.9970779976048016,0.9426380620473548,0.00292200239519838,0.939622641509434,0.10916234562400502,0.07351296275580255,0.1747966758307676,0.9402603944685808,0.5287276780476838,0.5293599368035948,0.0874657441269975,530
logistic_regression_tau_0_9,CWE-400,,0.0,1.0,0.9711598667478709,0.0,1.0,,,,0.9711598667478709,0.5,0.4977639033451645,0.021001254781583906,252
logistic_regression_tau_0_9,CWE-610,0.6207147375079064,0.33717679944095036,0.9934988075305785,0.9794023715829419,0.006501192469421368,0.6628232005590495,0.43545778583625516,0.3704784181047536,0.4446430590783311,0.9734395318417318,0.6653378034857644,0.6688185272486191,0.27229310881658386,267
logistic_regression_tau_0_9,CWE-668,,0.0,1.0,0.8744522905972453,0.0,1.0,,,,0.8744522905972453,0.5,0.529943512307563,0.07897937897664989,1097
logistic_regression_tau_0_9,CWE-706,0.48320294099127814,0.43271186440677967,0.9836607551357138,0.9800627019428836,0.016339244864286177,0.5672881355932203,0.4548555772853036,0.4409471758358291,0.43842161020403986,0.9648816602850048,0.7081863097712467,0.7077448716106266,0.2885788885435568,298
logistic_regression_tau_0_9,CWE-74,,0.0,1.0,0.8366852949607496,0.0,1.0,,,,0.8366852949607496,0.5,0.7454415397041567,0.4730977327864731,1427
logistic_regression_tau_0_9,CWE-913,0.3315196078431373,0.24415584415584415,0.9939755018294489,0.9906465645354212,0.0060244981705510165,0.7558441558441558,0.280891417733523,0.25758289421175123,0.2768233276942106,0.9847790954861312,0.6190656729926466,0.6145797793585456,0.12887588426238555,107
logistic_regression_tau_0_9,CWE-923,,0.0,1.0,0.9621191739707895,0.0,1.0,,,,0.9621191739707895,0.5,0.5,0.0217081353565692,331
logistic_interactions_tau_0_1,CWE-190,0.016022361785180003,1.0,0.0,,1.0,0.0,0.03153937622582422,0.0752866211481745,,0.016022361785180003,0.5,0.5139364978030693,0.02269542447174419,140
logistic_interactions_tau_0_1,CWE-20,0.038911450049722865,1.0,0.0,,1.0,0.0,0.07490805123978457,0.16835322798603888,,0.038911450049722865,0.5,0.5728599380932413,0.031412963978030777,340
logistic_interactions_tau_0_1,CWE-285,0.033256524265425816,0.9965517241379309,0.0020191622234453626,0.96875,0.9979808377765547,0.0034482758620689655,0.06436497361522597,0.1466993198429166,-0.0046802258190703,0.035139864564030565,0.49928544318068824,0.5003502247805451,0.037354652347007467,291
logistic_interactions_tau_0_1,CWE-287,0.07129995516718028,1.0,0.0,,1.0,0.0,0.1331087970327322,0.2773860988272806,,0.07129995516718028,0.5,0.5342497469275406,0.08009602981338247,623
logistic_interactions_tau_0_1,CWE-311,0.044176437437980644,1.0,0.0,,1.0,0.0,0.08461463777591287,0.18771057318462436,,0.044176437437980644,0.5,0.7190844384925251,0.263213217910605,386
logistic_interactions_tau_0_1,CWE-327,0.04005590446295001,1.0,0.0,,1.0,0.0,0.07702637590742048,0.1726209858569884,,0.04005590446295001,0.5,0.8712505039033983,0.6787926596694616,350
logistic_interactions_tau_0_1,CWE-330,0.19020786782384264,0.9640000000000001,0.19905269390171698,0.9946745562130177,0.8009473060982831,0.036,0.2101081402695844,0.26723776867458876,0.8232967811247459,0.2209057824123347,0.5815263469508585,0.9378380685998631,0.8846530310262679,250
logistic_interactions_tau_0_1,CWE-345,0.060656083901038584,1.0,0.0,,1.0,0.0,0.11437450007459755,0.24406351629096842,,0.060656083901038584,0.5,0.5293599368035948,0.0874657441269975,530
logistic_interactions_tau_0_1,CWE-400,0.028840133252129065,1.0,0.0,,1.0,0.0,0.05606322208035598,0.12928482308779377,,0.028840133252129065,0.5,0.4977639033451645,0.021001254781583906,252
logistic_interactions_tau_0_1,CWE-610,0.03055681487196978,1.0,0.0,,1.0,0.0,0.05930139117302187,0.13614228420424332,,0.03055681487196978,0.5,0.6688185272486191,0.27229310881658386,267
logistic_interactions_tau_0_1,CWE-668,0.12554770940275473,1.0,0.0,,1.0,0.0,0.22308629777734232,0.4178777350388125,,0.12554770940275473,0.5,0.529943512307563,0.07897937897664989,1097
logistic_interactions_tau_0_1,CWE-706,0.034105186737298135,1.0,0.0,,1.0,0.0,0.06596052128049668,0.1500534122261133,,0.034105186737298135,0.5,0.7087594318329601,0.295925571037864,298
logistic_interactions_tau_0_1,CWE-74,0.16331470503925044,1.0,0.0,,1.0,0.0,0.2807734017658668,0.4939127953996799,,0.16331470503925044,0.5,0.7403397538032059,0.4723977696123985,1427
logistic_interactions_tau_0_1,CWE-913,0.012245414834078849,1.0,0.0,,1.0,0.0,0.024194410471654708,0.05836678867973988,,0.012245414834078849,0.5,0.6145797793585456,0.12887588426238555,107
logistic_interactions_tau_0_1,CWE-923,0.03788082602921057,1.0,0.0,,1.0,0.0,0.0729964130370846,0.1644808431002,,0.03788082602921057,0.5,0.5,0.0217081353565692,331
logistic_interactions_tau_0_2,CWE-190,0.016022361785180003,1.0,0.0,,1.0,0.0,0.03153937622582422,0.0752866211481745,,0.016022361785180003,0.5,0.5139364978030693,0.02269542447174419,140
logistic_interactions_tau_0_2,CWE-20,0.04554112780245405,0.9617647058823529,0.18395517030412958,0.991905626089429,0.8160448296958703,0.03823529411764706,0.08696376802420572,0.19144076919507583,0.07384684807580907,0.21422433068410146,0.5728599380932413,0.5728599380932413,0.031412963978030777,340
logistic_interactions_tau_0_2,CWE-285,0.03316144897035052,0.9931618936294564,0.002490304744057848,0.8973214285714286,0.9975096952559422,0.006838106370543542,0.06417981585630528,0.1462704007846974,-0.027009102802716442,0.03548135574217513,0.4978260991867572,0.5003502247805451,0.037354652347007467,291
logistic_interactions_tau_0_2,CWE-287,0.07129995516718028,1.0,0.0,,1.0,0.0,0.1331087970327322,0.2773860988272806,,0.07129995516718028,0.5,0.5342497469275406,0.08009602981338247,623
logistic_interactions_tau_0_2,CWE-311,0.044176437437980644,1.0,0.0,,1.0,0.0,0.08461463777591287,0.18771057318462436,,0.044176437437980644,0.5,0.7190844384925251,0.263213217910605,386
logistic_interactions_tau_0_2,CWE-327,0.28385097009628085,0.8742857142857142,0.39381239257626,0.9868751715498063,0.60618760742374,0.12571428571428572,0.3130519822670764,0.3748816659286939,0.6530302124660095,0.41308770154313185,0.6340490534309872,0.8712505039033983,0.6787926596694616,350
logistic_interactions_tau_0_2,CWE-330,0.9177251893665268,0.876,0.997637296932394,0.9963501119224725,0.002362703067605976,0.124,0.8960785705952748,0.8838560609293697,0.8934866281683593,0.994155261631855,0.9368186484661971,0.9378380685998631,0.8846530310262679,250
logistic_interactions_tau_0_2,CWE-345,0.060656083901038584,1.0,0.0,,1.0,0.0,0.11437450007459755,0.24406351629096842,,0.060656083901038584,0.5,0.5293599368035948,0.0874657441269975,530
logistic_interactions_tau_0_2,CWE-400,0.028840133252129065,1.0,0.0,,1.0,0.0,0.05606322208035598,0.12928482308779377,,0.028840133252129065,0.5,0.4977639033451645,0.021001254781583906,252
logistic_interactions_tau_0_2,CWE-610,0.03055681487196978,1.0,0.0,,1.0,0.0,0.05930139117302187,0.13614228420424332,,0.03055681487196978,0.5,0.6688185272486191,0.27229310881658386,267
logistic_interactions_tau_0_2,CWE-668,0.132607615847752,0.9835907015359069,0.07629632307921884,0.9703520583066861,0.9237036769207811,0.016409298464092982,0.2337056741751618,0.43074082541636527,0.07851080085076577,0.19020592715195955,0.529943512307563,0.529943512307563,0.07897937897664989,1097
logistic_interactions_tau_0_2,CWE-706,0.034105186737298135,1.0,0.0,,1.0,0.0,0.06596052128049668,0.1500534122261133,,0.034105186737298135,0.5,0.7087594318329601,0.295925571037864,298
logistic_interactions_tau_0_2,CWE-74,0.16331470503925044,1.0,0.0,,1.0,0.0,0.2807734017658668,0.4939127953996799,,0.16331470503925044,0.5,0.7403397538032059,0.4723977696123985,1427
logistic_interactions_tau_0_2,CWE-913,0.012245414834078849,1.0,0.0,,1.0,0.0,0.024194410471654708,0.05836678867973988,,0.012245414834078849,0.5,0.6145797793585456,0.12887588426238555,107
logistic_interactions_tau_0_2,CWE-923,0.03788082602921057,1.0,0.0,,1.0,0.0,0.0729964130370846,0.1644808431002,,0.03788082602921057,0.5,0.5,0.0217081353565692,331
logistic_interactions_tau_0_3,CWE-190,0.016022361785180003,1.0,0.0,,1.0,0.0,0.03153937622582422,0.0752866211481745,,0.016022361785180003,0.5,0.5139364978030693,0.02269542447174419,140
logistic_interactions_tau_0_3,CWE-20,0.04554112780245405,0.9617647058823529,0.18395517030412958,0.991905626089429,0.8160448296958703,0.03823529411764706,0.08696376802420572,0.19144076919507583,0.07384684807580907,0.21422433068410146,0.5728599380932413,0.5728599380932413,0.031412963978030777,340
logistic_interactions_tau_0_3,CWE-285,0.03316144897035052,0.9931618936294564,0.002490304744057848,0.8973214285714286,0.9975096952559422,0.006838106370543542,0.06417981585630528,0.1462704007846974,-0.027009102802716442,0.03548135574217513,0.4978260991867572,0.5003502247805451,0.037354652347007467,291
logistic_interactions_tau_0_3,CWE-287,0.07129995516718028,1.0,0.0,,1.0,0.0,0.1331087970327322,0.2773860988272806,,0.07129995516718028,0.5,0.5342497469275406,0.08009602981338247,623
logistic_interactions_tau_0_3,CWE-311,0.044176437437980644,1.0,0.0,,1.0,0.0,0.08461463777591287,0.18771057318462436,,0.044176437437980644,0.5,0.7190844384925251,0.263213217910605,386
logistic_interactions_tau_0_3,CWE-327,0.6978842228315287,0.7514285714285714,0.986290655960798,0.9895934855641947,0.013709344039201954,0.24857142857142858,0.7231267416210152,0.7396980348652973,0.7119131620172416,0.9768834750961959,0.8688596136946847,0.8712505039033983,0.6787926596694616,350
logistic_interactions_tau_0_3,CWE-330,0.9629024943310658,0.876,0.9989343507064508,0.9963541978857249,0.0010656492935492798,0.124,0.9171011345255466,0.8919252789008156,0.9159858935184516,0.9954151744352396,0.9374671753532253,0.9378380685998631,0.8846530310262679,250
logistic_interactions_tau_0_3,CWE-345,0.0607324693326031,1.0,0.0013391187852032239,1.0,0.9986608812147967,0.0,0.11451029441378488,0.24431084153273014,0.008513297751461323,0.06191403636497056,0.5006695593926016,0.5293599368035948,0.0874657441269975,530
logistic_interactions_tau_0_3,CWE-400,0.028729601425236524,0.9960000000000001,0.0,0.0,1.0,0.004,0.0558480980936034,0.12878713321350152,-0.13943653879237744,0.02872643228567085,0.49800000000000005,0.4977639033451645,0.021001254781583906,252
logistic_interactions_tau_0_3,CWE-610,0.03055681487196978,1.0,0.0,,1.0,0.0,0.05930139117302187,0.13614228420424332,,0.03055681487196978,0.5,0.6688185272486191,0.27229310881658386,267
logistic_interactions_tau_0_3,CWE-668,0.132607615847752,0.9835907015359069,0.07629632307921884,0.9703520583066861,0.9237036769207811,0.016409298464092982,0.2337056741751618,0.43074082541636527,0.07851080085076577,0.19020592715195955,0.529943512307563,0.529943512307563,0.07897937897664989,1097
logistic_interactions_tau_0_3,CWE-706,0.034156279613626904,1.0,0.001544107524530643,1.0,0.9984558924754694,0.0,0.06605605464182043,0.1502510492001679,0.006967456913181768,0.03559649286058628,0.5007720537622653,0.7087594318329601,0.295925571037864,298
logistic_interactions_tau_0_3,CWE-74,0.16576254962419512,0.9761403508771931,0.04018992242345584,0.896969696969697,0.9598100775765441,0.023859649122807018,0.28333659745662204,0.49334663810261487,0.05159510713438799,0.1931210542384093,0.5081651366503245,0.7403397538032059,0.4723977696123985,1427
logistic_interactions_tau_0_3,CWE-913,0.012245414834078849,1.0,0.0,,1.0,0.0,0.024194410471654708,0.05836678867973988,,0.012245414834078849,0.5,0.6145797793585456,0.12887588426238555,107
logistic_interactions_tau_0_3,CWE-923,0.03788082602921057,1.0,0.0,,1.0,0.0,0.0729964130370846,0.1644808431002,,0.03788082602921057,0.5,0.5,0.0217081353565692,331
logistic_interactions_tau_0_4,CWE-190,0.016022361785180003,1.0,0.0,,1.0,0.0,0.03153937622582422,0.0752866211481745,,0.016022361785180003,0.5,0.5139364978030693,0.02269542447174419,140
logistic_interactions_tau_0_4,CWE-20,0.04554112780245405,0.9617647058823529,0.18395517030412958,0.991905626089429,0.8160448296958703,0.03823529411764706,0.08696376802420572,0.19144076919507583,0.07384684807580907,0.21422433068410146,0.5728599380932413,0.5728599380932413,0.031412963978030777,340
logistic_interactions_tau_0_4,CWE-285,0.0333912576185658,0.9931618936294564,0.009583085570861146,0.9795,0.9904169144291389,0.006838106370543542,0.06461011903715527,0.14716392894303568,0.005967584306442703,0.04233787100555877,0.5013724896001588,0.5003502247805451,0.037354652347007467,291
logistic_interactions_tau_0_4,CWE-287,0.07129995516718028,1.0,0.0,,1.0,0.0,0.1331087970327322,0.2773860988272806,,0.07129995516718028,0.5,0.5342497469275406,0.08009602981338247,623
logistic_interactions_tau_0_4,CWE-311,0.35376947353884347,0.4741924741924741,0.9600108060025395,0.9753015437585285,0.03998919399746059,0.5258075258075258,0.4048535761115171,0.4436591030502376,0.37784351808646577,0.9385352239045902,0.7171016400975068,0.7190844384925251,0.263213217910605,386
logistic_interactions_tau_0_4,CWE-327,0.6978842228315287,0.7514285714285714,0.986290655960798,0.9895934855641947,0.013709344039201954,0.24857142857142858,0.7231267416210152,0.7396980348652973,0.7119131620172416,0.9768834750961959,0.8688596136946847,0.8712505039033983,0.6787926596694616,350
logistic_interactions_tau_0_4,CWE-330,0.9955555555555555,0.876,0.9998816568047337,0.9963592159717433,0.00011834319526627219,0.124,0.9316643490887613,0.8973911256904639,0.9319536349557691,0.996335243440415,0.9379408284023668,0.9378380685998631,0.8846530310262679,250
logistic_interactions_tau_0_4,CWE-345,0.0607324693326031,1.0,0.0013391187852032239,1.0,0.9986608812147967,0.0,0.11451029441378488,0.24431084153273014,0.008513297751461323,0.06191403636497056,0.5006695593926016,0.5293599368035948,0.0874657441269975,530
logistic_interactions_tau_0_4,CWE-400,0.028729601425236524,0.9960000000000001,0.0,0.0,1.0,0.004,0.0558480980936034,0.12878713321350152,-0.13943653879237744,0.02872643228567085,0.49800000000000005,0.4977639033451645,0.021001254781583906,252
logistic_interactions_tau_0_4,CWE-610,0.33489497660534,0.5762403913347309,0.5949102949745437,0.9780430693864585,0.4050897050254562,0.423759608665269,0.2507374480077794,0.24793023266948774,0.3827386573836998,0.5943479383814435,0.5855753431546373,0.6688185272486191,0.27229310881658386,267
logistic_interactions_tau_0_4,CWE-668,0.132607615847752,0.9835907015359069,0.07629632307921884,0.9703520583066861,0.9237036769207811,0.016409298464092982,0.2337056741751618,0.43074082541636527,0.07851080085076577,0.19020592715195955,0.529943512307563,0.529943512307563,0.07897937897664989,1097
logistic_interactions_tau_0_4,CWE-706,0.48320294099127814,0.43271186440677967,0.9836607551357138,0.9800627019428836,0.016339244864286177,0.5672881355932203,0.4548555772853036,0.4409471758358291,0.43842161020403986,0.9648816602850048,0.7081863097712467,0.7087594318329601,0.295925571037864,298
logistic_interactions_tau_0_4,CWE-74,0.5497951679965319,0.5711495522021838,0.9086362502179155,0.9156303435601831,0.09136374978208447,0.4288504477978162,0.5601939913435185,0.5666970268097776,0.4725313646049667,0.853505095837009,0.7398929012100497,0.7403397538032059,0.4723977696123985,1427
logistic_interactions_tau_0_4,CWE-913,0.012245414834078849,1.0,0.0,,1.0,0.0,0.024194410471654708,0.05836678867973988,,0.012245414834078849,0.5,0.6145797793585456,0.12887588426238555,107
logistic_interactions_tau_0_4,CWE-923,0.03788082602921057,1.0,0.0,,1.0,0.0,0.0729964130370846,0.1644808431002,,0.03788082602921057,0.5,0.5,0.0217081353565692,331
logistic_interactions_tau_0_5,CWE-190,0.41111111111111115,0.02857142857142857,0.9993015670347101,0.9844186702470662,0.0006984329652900278,0.9714285714285715,0.08413163897034864,0.057602665154152556,0.1330237238465335,0.9837488652933695,0.5139364978030694,0.5139364978030693,0.02269542447174419,140
logistic_interactions_tau_0_5,CWE-20,0.04554112780245405,0.9617647058823529,0.18395517030412958,0.991905626089429,0.8160448296958703,0.03823529411764706,0.08696376802420572,0.19144076919507583,0.07384684807580907,0.21422433068410146,0.5728599380932413,0.5728599380932413,0.031412963978030777,340
logistic_interactions_tau_0_5,CWE-285,0.0333912576185658,0.9931618936294564,0.009583085570861146,0.9795,0.9904169144291389,0.006838106370543542,0.06461011903715527,0.14716392894303568,0.005967584306442703,0.04233787100555877,0.5013724896001588,0.5003502247805451,0.037354652347007467,291
logistic_interactions_tau_0_5,CWE-287,0.38766031457955236,0.07710967741935484,0.9913678298237887,0.9333039406063126,0.008632170176211283,0.9228903225806452,0.12758453758210925,0.09157653844517429,0.14718622220373923,0.9261819530972936,0.5342387536215718,0.5342497469275406,0.08009602981338247,623
logistic_interactions_tau_0_5,CWE-311,0.35376947353884347,0.4741924741924741,0.9600108060025395,0.9753015437585285,0.03998919399746059,0.5258075258075258,0.4048535761115171,0.4436591030502376,0.37784351808646577,0.9385352239045902,0.7171016400975068,0.7190844384925251,0.263213217910605,386
logistic_interactions_tau_0_5,CWE-327,0.7001377439582893,0.7514285714285714,0.9864104881956692,0.9895944913503388,0.013589511804330772,0.24857142857142858,0.7242614933940648,0.7401538753211379,0.7131039666341078,0.9769984837218428,0.8689195298121204,0.8712505039033983,0.6787926596694616,350
logistic_interactions_tau_0_5,CWE-330,0.9955555555555555,0.876,0.9998816568047337,0.9963592159717433,0.00011834319526627219,0.124,0.9316643490887613,0.8973911256904639,0.9319536349557691,0.996335243440415,0.9379408284023668,0.9378380685998631,0.8846530310262679,250
logistic_interactions_tau_0_5,CWE-345,0.596025641025641,0.06037735849056604,0.9970779976048016,0.9426380620473548,0.00292200239519838,0.939622641509434,0.10916234562400502,0.07351296275580255,0.1747966758307676,0.9402603944685808,0.5287276780476838,0.5293599368035948,0.0874657441269975,530
logistic_interactions_tau_0_5,CWE-400,0.0,0.0,0.999527806690329,0.9711465876731067,0.0004721933096709749,1.0,,,-0.004134400424407924,0.9707013405077156,0.4997639033451645,0.4977639033451645,0.021001254781583906,252
logistic_interactions_tau_0_5,CWE-610,0.6044126984126985,0.3446540880503145,0.9926690013298444,0.9796123231798033,0.0073309986701555726,0.6553459119496855,0.4369268531778808,0.3762244348833884,0.44276491934781925,0.9728637089194864,0.6686615446900794,0.6688185272486191,0.27229310881658386,267
logistic_interactions_tau_0_5,CWE-668,0.132607615847752,0.9835907015359069,0.07629632307921884,0.9703520583066861,0.9237036769207811,0.016409298464092982,0.2337056741751618,0.43074082541636527,0.07851080085076577,0.19020592715195955,0.529943512307563,0.529943512307563,0.07897937897664989,1097
logistic_interactions_tau_0_5,CWE-706,0.48320294099127814,0.43271186440677967,0.9836607551357138,0.9800627019428836,0.016339244864286177,0.5672881355932203,0.4548555772853036,0.4409471758358291,0.43842161020403986,0.9648816602850048,0.7081863097712467,0.7087594318329601,0.295925571037864,298
logistic_interactions_tau_0_5,CWE-74,0.5497951679965319,0.5711495522021838,0.9086362502179155,0.9156303435601831,0.09136374978208447,0.4288504477978162,0.5601939913435185,0.5666970268097776,0.4725313646049667,0.853505095837009,0.7398929012100497,0.7403397538032059,0.4723977696123985,1427
logistic_interactions_tau_0_5,CWE-913,0.3315196078431373,0.24415584415584415,0.9939755018294489,0.9906465645354212,0.0060244981705510165,0.7558441558441558,0.280891417733523,0.25758289421175123,0.2768233276942106,0.9847790954861312,0.6190656729926466,0.6145797793585456,0.12887588426238555,107
logistic_interactions_tau_0_5,CWE-923,0.03788082602921057,1.0,0.0,,1.0,0.0,0.0729964130370846,0.1644808431002,,0.03788082602921057,0.5,0.5,0.0217081353565692,331
logistic_interactions_tau_0_6,CWE-190,0.41111111111111115,0.02857142857142857,0.9993015670347101,0.9844186702470662,0.0006984329652900278,0.9714285714285715,0.08413163897034864,0.057602665154152556,0.1330237238465335,0.9837488652933695,0.5139364978030694,0.5139364978030693,0.02269542447174419,140
logistic_interactions_tau_0_6,CWE-20,,0.0,1.0,0.9610885499502771,0.0,1.0,,,,0.9610885499502771,0.5,0.5728599380932413,0.031412963978030777,340
logistic_interactions_tau_0_6,CWE-285,0.0,0.0,0.9992945326278659,0.9666744200684627,0.0007054673721340387,1.0,,,-0.010803053009111246,0.9660147858249488,0.49964726631393297,0.5003502247805451,0.037354652347007467,291
logistic_interactions_tau_0_6,CWE-287,0.38766031457955236,0.07710967741935484,0.9913678298237887,0.9333039406063126,0.008632170176211283,0.9228903225806452,0.12758453758210925,0.09157653844517429,0.14718622220373923,0.9261819530972936,0.5342387536215718,0.5342497469275406,0.08009602981338247,623
logistic_interactions_tau_0_6,CWE-311,0.3581636636473193,0.46640026640026644,0.9611998666446322,0.974971660017888,0.03880013335536785,0.5335997335997336,0.40495084054920716,0.4396323915508901,0.37732911586786205,0.9393311306697978,0.7138000665224492,0.7190844384925251,0.263213217910605,386
logistic_interactions_tau_0_6,CWE-327,0.7001377439582893,0.7514285714285714,0.9864104881956692,0.9895944913503388,0.013589511804330772,0.24857142857142858,0.7242614933940648,0.7401538753211379,0.7131039666341078,0.9769984837218428,0.8689195298121204,0.8712505039033983,0.6787926596694616,350
logistic_interactions_tau_0_6,CWE-330,0.9955555555555555,0.876,0.9998816568047337,0.9963592159717433,0.00011834319526627219,0.124,0.9316643490887613,0.8973911256904639,0.9319536349557691,0.996335243440415,0.9379408284023668,0.9378380685998631,0.8846530310262679,250
logistic_interactions_tau_0_6,CWE-345,0.596025641025641,0.06037735849056604,0.9970779976048016,0.9426380620473548,0.00292200239519838,0.939622641509434,0.10916234562400502,0.07351296275580255,0.1747966758307676,0.9402603944685808,0.5287276780476838,0.5293599368035948,0.0874657441269975,530
logistic_interactions_tau_0_6,CWE-400,0.0,0.0,0.999527806690329,0.9711465876731067,0.0004721933096709749,1.0,,,-0.004134400424407924,0.9707013405077156,0.4997639033451645,0.4977639033451645,0.021001254781583906,252
logistic_interactions_tau_0_6,CWE-610,0.6044126984126985,0.3446540880503145,0.9926690013298444,0.9796123231798033,0.0073309986701555726,0.6553459119496855,0.4369268531778808,0.3762244348833884,0.44276491934781925,0.9728637089194864,0.6686615446900794,0.6688185272486191,0.27229310881658386,267
logistic_interactions_tau_0_6,CWE-668,,0.0,1.0,0.8744522905972453,0.0,1.0,,,,0.8744522905972453,0.5,0.529943512307563,0.07897937897664989,1097
logistic_interactions_tau_0_6,CWE-706,0.48320294099127814,0.43271186440677967,0.9836607551357138,0.9800627019428836,0.016339244864286177,0.5672881355932203,0.4548555772853036,0.4409471758358291,0.43842161020403986,0.9648816602850048,0.7081863097712467,0.7087594318329601,0.295925571037864,298
logistic_interactions_tau_0_6,CWE-74,0.5497951679965319,0.5711495522021838,0.9086362502179155,0.9156303435601831,0.09136374978208447,0.4288504477978162,0.5601939913435185,0.5666970268097776,0.4725313646049667,0.853505095837009,0.7398929012100497,0.7403397538032059,0.4723977696123985,1427
logistic_interactions_tau_0_6,CWE-913,0.3315196078431373,0.24415584415584415,0.9939755018294489,0.9906465645354212,0.0060244981705510165,0.7558441558441558,0.280891417733523,0.25758289421175123,0.2768233276942106,0.9847790954861312,0.6190656729926466,0.6145797793585456,0.12887588426238555,107
logistic_interactions_tau_0_6,CWE-923,,0.0,1.0,0.9621191739707895,0.0,1.0,,,,0.9621191739707895,0.5,0.5,0.0217081353565692,331
logistic_interactions_tau_0_7,CWE-190,0.41111111111111115,0.02857142857142857,0.9993015670347101,0.9844186702470662,0.0006984329652900278,0.9714285714285715,0.08413163897034864,0.057602665154152556,0.1330237238465335,0.9837488652933695,0.5139364978030694,0.5139364978030693,0.02269542447174419,140
logistic_interactions_tau_0_7,CWE-20,,0.0,1.0,0.9610885499502771,0.0,1.0,,,,0.9610885499502771,0.5,0.5728599380932413,0.031412963978030777,340
logistic_interactions_tau_0_7,CWE-285,,0.0,1.0,0.9666969916236979,0.0,1.0,,,,0.9666969916236979,0.5,0.5003502247805451,0.037354652347007467,291
logistic_interactions_tau_0_7,CWE-287,0.38766031457955236,0.07710967741935484,0.9913678298237887,0.9333039406063126,0.008632170176211283,0.9228903225806452,0.12758453758210925,0.09157653844517429,0.14718622220373923,0.9261819530972936,0.5342387536215718,0.5342497469275406,0.08009602981338247,623
logistic_interactions_tau_0_7,CWE-311,0.38271267613496274,0.45864135864135863,0.9655152353914088,0.9747307774332642,0.03448476460859116,0.5413586413586413,0.41639181431641115,0.44048057844016764,0.38901633355527643,0.943111483358026,0.7120782970163837,0.7190844384925251,0.263213217910605,386
logistic_interactions_tau_0_7,CWE-327,0.7001377439582893,0.7514285714285714,0.9864104881956692,0.9895944913503388,0.013589511804330772,0.24857142857142858,0.7242614933940648,0.7401538753211379,0.7131039666341078,0.9769984837218428,0.8689195298121204,0.8712505039033983,0.6787926596694616,350
logistic_interactions_tau_0_7,CWE-330,0.9955555555555555,0.876,0.9998816568047337,0.9963592159717433,0.00011834319526627219,0.124,0.9316643490887613,0.8973911256904639,0.9319536349557691,0.996335243440415,0.9379408284023668,0.9378380685998631,0.8846530310262679,250
logistic_interactions_tau_0_7,CWE-345,0.596025641025641,0.06037735849056604,0.9970779976048016,0.9426380620473548,0.00292200239519838,0.939622641509434,0.10916234562400502,0.07351296275580255,0.1747966758307676,0.9402603944685808,0.5287276780476838,0.5293599368035948,0.0874657441269975,530
logistic_interactions_tau_0_7,CWE-400,0.0,0.0,0.999527806690329,0.9711465876731067,0.0004721933096709749,1.0,,,-0.004134400424407924,0.9707013405077156,0.4997639033451645,0.4977639033451645,0.021001254781583906,252
logistic_interactions_tau_0_7,CWE-610,0.6044126984126985,0.3446540880503145,0.9926690013298444,0.9796123231798033,0.0073309986701555726,0.6553459119496855,0.4369268531778808,0.3762244348833884,0.44276491934781925,0.9728637089194864,0.6686615446900794,0.6688185272486191,0.27229310881658386,267
logistic_interactions_tau_0_7,CWE-668,,0.0,1.0,0.8744522905972453,0.0,1.0,,,,0.8744522905972453,0.5,0.529943512307563,0.07897937897664989,1097
logistic_interactions_tau_0_7,CWE-706,0.48320294099127814,0.43271186440677967,0.9836607551357138,0.9800627019428836,0.016339244864286177,0.5672881355932203,0.4548555772853036,0.4409471758358291,0.43842161020403986,0.9648816602850048,0.7081863097712467,0.7087594318329601,0.295925571037864,298
logistic_interactions_tau_0_7,CWE-74,0.5497951679965319,0.5711495522021838,0.9086362502179155,0.9156303435601831,0.09136374978208447,0.4288504477978162,0.5601939913435185,0.5666970268097776,0.4725313646049667,0.853505095837009,0.7398929012100497,0.7403397538032059,0.4723977696123985,1427
logistic_interactions_tau_0_7,CWE-913,0.3315196078431373,0.24415584415584415,0.9939755018294489,0.9906465645354212,0.0060244981705510165,0.7558441558441558,0.280891417733523,0.25758289421175123,0.2768233276942106,0.9847790954861312,0.6190656729926466,0.6145797793585456,0.12887588426238555,107
logistic_interactions_tau_0_7,CWE-923,,0.0,1.0,0.9621191739707895,0.0,1.0,,,,0.9621191739707895,0.5,0.5,0.0217081353565692,331
logistic_interactions_tau_0_8,CWE-190,0.41111111111111115,0.02857142857142857,0.9993015670347101,0.9844186702470662,0.0006984329652900278,0.9714285714285715,0.08413163897034864,0.057602665154152556,0.1330237238465335,0.9837488652933695,0.5139364978030694,0.5139364978030693,0.02269542447174419,140
logistic_interactions_tau_0_8,CWE-20,,0.0,1.0,0.9610885499502771,0.0,1.0,,,,0.9610885499502771,0.5,0.5728599380932413,0.031412963978030777,340
logistic_interactions_tau_0_8,CWE-285,,0.0,1.0,0.9666969916236979,0.0,1.0,,,,0.9666969916236979,0.5,0.5003502247805451,0.037354652347007467,291
logistic_interactions_tau_0_8,CWE-287,0.38766031457955236,0.07710967741935484,0.9913678298237887,0.9333039406063126,0.008632170176211283,0.9228903225806452,0.12758453758210925,0.09157653844517429,0.14718622220373923,0.9261819530972936,0.5342387536215718,0.5342497469275406,0.08009602981338247,623
logistic_interactions_tau_0_8,CWE-311,0.3915016997977188,0.45864135864135863,0.9670758596411086,0.9747722191605612,0.032924140358891275,0.5413586413586413,0.4220109345808403,0.4431299820246548,0.3947055324358782,0.9446031643677791,0.7128586091412337,0.7190844384925251,0.263213217910605,386
logistic_interactions_tau_0_8,CWE-327,0.7001377439582893,0.7514285714285714,0.9864104881956692,0.9895944913503388,0.013589511804330772,0.24857142857142858,0.7242614933940648,0.7401538753211379,0.7131039666341078,0.9769984837218428,0.8689195298121204,0.8712505039033983,0.6787926596694616,350
logistic_interactions_tau_0_8,CWE-330,0.9955555555555555,0.8720000000000001,0.9998816568047337,0.9962421236060406,0.00011834319526627219,0.128,0.9292223466467588,0.8939333110293297,0.9296847552540639,0.9962202348147681,0.9359408284023669,0.9378380685998631,0.8846530310262679,250
logistic_interactions_tau_0_8,CWE-345,0.596025641025641,0.06037735849056604,0.9970779976048016,0.9426380620473548,0.00292200239519838,0.939622641509434,0.10916234562400502,0.07351296275580255,0.1747966758307676,0.9402603944685808,0.5287276780476838,0.5293599368035948,0.0874657441269975,530
logistic_interactions_tau_0_8,CWE-400,0.0,0.0,0.999527806690329,0.9711465876731067,0.0004721933096709749,1.0,,,-0.004134400424407924,0.9707013405077156,0.4997639033451645,0.4977639033451645,0.021001254781583906,252
logistic_interactions_tau_0_8,CWE-610,0.6022222222222222,0.33717679944095036,0.9927876252918848,0.9793878123098436,0.007212374708115241,0.6628232005590495,0.4298445046321177,0.3687258466765343,0.43676595535435003,0.9727500079530282,0.6649822123664176,0.6688185272486191,0.27229310881658386,267
logistic_interactions_tau_0_8,CWE-668,,0.0,1.0,0.8744522905972453,0.0,1.0,,,,0.8744522905972453,0.5,0.529943512307563,0.07897937897664989,1097
logistic_interactions_tau_0_8,CWE-706,0.48320294099127814,0.43271186440677967,0.9836607551357138,0.9800627019428836,0.016339244864286177,0.5672881355932203,0.4548555772853036,0.4409471758358291,0.43842161020403986,0.9648816602850048,0.7081863097712467,0.7087594318329601,0.295925571037864,298
logistic_interactions_tau_0_8,CWE-74,0.6482131403229204,0.43517114464482887,0.9537923045828544,0.8964085115044196,0.0462076954171456,0.5648288553551712,0.5202337635428924,0.46555565184123104,0.46007796676910323,0.8690880988317122,0.6944817246138417,0.7403397538032059,0.4723977696123985,1427
logistic_interactions_tau_0_8,CWE-913,0.3315196078431373,0.24415584415584415,0.9939755018294489,0.9906465645354212,0.0060244981705510165,0.7558441558441558,0.280891417733523,0.25758289421175123,0.2768233276942106,0.9847790954861312,0.6190656729926466,0.6145797793585456,0.12887588426238555,107
logistic_interactions_tau_0_8,CWE-923,,0.0,1.0,0.9621191739707895,0.0,1.0,,,,0.9621191739707895,0.5,0.5,0.0217081353565692,331
logistic_interactions_tau_0_9,CWE-190,0.41111111111111115,0.02857142857142857,0.9993015670347101,0.9844186702470662,0.0006984329652900278,0.9714285714285715,0.08413163897034864,0.057602665154152556,0.1330237238465335,0.9837488652933695,0.5139364978030694,0.5139364978030693,0.02269542447174419,140
logistic_interactions_tau_0_9,CWE-20,,0.0,1.0,0.9610885499502771,0.0,1.0,,,,0.9610885499502771,0.5,0.5728599380932413,0.031412963978030777,340
logistic_interactions_tau_0_9,CWE-285,,0.0,1.0,0.9666969916236979,0.0,1.0,,,,0.9666969916236979,0.5,0.5003502247805451,0.037354652347007467,291
logistic_interactions_tau_0_9,CWE-287,0.6666666666666666,0.0032258064516129032,0.999877450980392,0.9289043303943071,0.00012254901960784314,0.9967741935483871,0.016,0.01006036217303823,0.05552464796465336,0.928814660099621,0.5015516287160026,0.5342497469275406,0.08009602981338247,623
logistic_interactions_tau_0_9,CWE-311,0.3915016997977188,0.45864135864135863,0.9670758596411086,0.9747722191605612,0.032924140358891275,0.5413586413586413,0.4220109345808403,0.4431299820246548,0.3947055324358782,0.9446031643677791,0.7128586091412337,0.7190844384925251,0.263213217910605,386
logistic_interactions_tau_0_9,CWE-327,0.7523748629886737,0.7228571428571429,0.9898669989262142,0.9884550187897523,0.010133001073785832,0.27714285714285714,0.735892506509697,0.7276811009249169,0.7259947045149735,0.9791714012128863,0.8563620708916785,0.8712505039033983,0.6787926596694616,350
logistic_interactions_tau_0_9,CWE-330,0.9955555555555555,0.8720000000000001,0.9998816568047337,0.9962421236060406,0.00011834319526627219,0.128,0.9292223466467588,0.8939333110293297,0.9296847552540639,0.9962202348147681,0.9359408284023669,0.9378380685998631,0.8846530310262679,250
logistic_interactions_tau_0_9,CWE-345,0.596025641025641,0.06037735849056604,0.9970779976048016,0.9426380620473548,0.00292200239519838,0.939622641509434,0.10916234562400502,0.07351296275580255,0.1747966758307676,0.9402603944685808,0.5287276780476838,0.5293599368035948,0.0874657441269975,530
logistic_interactions_tau_0_9,CWE-400,,0.0,1.0,0.9711598667478709,0.0,1.0,,,,0.9711598667478709,0.5,0.4977639033451645,0.021001254781583906,252
logistic_interactions_tau_0_9,CWE-610,0.6207147375079064,0.33717679944095036,0.9934988075305785,0.9794023715829419,0.006501192469421368,0.6628232005590495,0.43545778583625516,0.3704784181047536,0.4446430590783311,0.9734395318417318,0.6653378034857644,0.6688185272486191,0.27229310881658386,267
logistic_interactions_tau_0_9,CWE-668,,0.0,1.0,0.8744522905972453,0.0,1.0,,,,0.8744522905972453,0.5,0.529943512307563,0.07897937897664989,1097
logistic_interactions_tau_0_9,CWE-706,0.48320294099127814,0.43271186440677967,0.9836607551357138,0.9800627019428836,0.016339244864286177,0.5672881355932203,0.4548555772853036,0.4409471758358291,0.43842161020403986,0.9648816602850048,0.7081863097712467,0.7087594318329601,0.295925571037864,298
logistic_interactions_tau_0_9,CWE-74,0.6394743461957297,0.33832903938167097,0.9624879567567675,0.8828736019922614,0.03751204324323256,0.6616709606183291,0.5086084261945292,0.4534050715079471,0.4477617209293067,0.860664649770813,0.6504084980692192,0.7403397538032059,0.4723977696123985,1427
logistic_interactions_tau_0_9,CWE-913,0.3315196078431373,0.24415584415584415,0.9939755018294489,0.9906465645354212,0.0060244981705510165,0.7558441558441558,0.280891417733523,0.25758289421175123,0.2768233276942106,0.9847790954861312,0.6190656729926466,0.6145797793585456,0.12887588426238555,107
logistic_interactions_tau_0_9,CWE-923,,0.0,1.0,0.9621191739707895,0.0,1.0,,,,0.9621191739707895,0.5,0.5,0.0217081353565692,331
decision_tree_tau_0_1,CWE-190,0.016022361785180003,1.0,0.0,,1.0,0.0,0.03153937622582422,0.0752866211481745,,0.016022361785180003,0.5,0.5139364978030693,0.02269542447174419,140
decision_tree_tau_0_1,CWE-20,0.038911450049722865,1.0,0.0,,1.0,0.0,0.07490805123978457,0.16835322798603888,,0.038911450049722865,0.5,0.5728599380932413,0.031412963978030777,340
decision_tree_tau_0_1,CWE-285,0.033172949886074984,0.9931618936294564,0.0028469527051238376,0.9486607142857143,0.9971530472948761,0.006838106370543542,0.06420135722803019,0.1463151677109577,-0.010817512363365756,0.03582611768652692,0.49800442316729016,0.5003513035707654,0.037354784616890936,291
decision_tree_tau_0_1,CWE-287,0.07129995516718028,1.0,0.0,,1.0,0.0,0.1331087970327322,0.2773860988272806,,0.07129995516718028,0.5,0.53427254210932,0.08072913276562593,623
decision_tree_tau_0_1,CWE-311,0.044176437437980644,1.0,0.0,,1.0,0.0,0.08461463777591287,0.18771057318462436,,0.044176437437980644,0.5,0.7190844384925251,0.263213217910605,386
decision_tree_tau_0_1,CWE-327,0.04005590446295001,1.0,0.0,,1.0,0.0,0.07702637590742048,0.1726209858569884,,0.04005590446295001,0.5,0.8710578925772076,0.6762263192610797,350
decision_tree_tau_0_1,CWE-330,0.22289708015693166,0.9640000000000001,0.20129705377405668,0.9989399293286219,0.7987029462259433,0.036,0.22473968366093194,0.27284909705253735,0.1858716792222574,0.22308576422089463,0.5826485268870283,0.9380956592107879,0.8712375868603104,250
decision_tree_tau_0_1,CWE-345,0.0607324693326031,1.0,0.0013391187852032239,1.0,0.9986608812147967,0.0,0.11451029441378488,0.24431084153273014,0.008513297751461323,0.06191403636497056,0.5006695593926016,0.5293599368035948,0.0874657441269975,530
decision_tree_tau_0_1,CWE-400,0.028729601425236524,0.9960000000000001,0.0,0.0,1.0,0.004,0.0558480980936034,0.12878713321350152,-0.13943653879237744,0.02872643228567085,0.49800000000000005,0.4977639033451645,0.021001254781583906,252
decision_tree_tau_0_1,CWE-610,0.03055681487196978,1.0,0.0,,1.0,0.0,0.05930139117302187,0.13614228420424332,,0.03055681487196978,0.5,0.6688185272486191,0.27229310881658386,267
decision_tree_tau_0_1,CWE-668,0.12554770940275473,1.0,0.0,,1.0,0.0,0.22308629777734232,0.4178777350388125,,0.12554770940275473,0.5,0.529943512307563,0.07897937897664989,1097
decision_tree_tau_0_1,CWE-706,0.034156279613626904,1.0,0.001544107524530643,1.0,0.9984558924754694,0.0,0.06605605464182043,0.1502510492001679,0.006967456913181768,0.03559649286058628,0.5007720537622653,0.7087594318329601,0.295925571037864,298
decision_tree_tau_0_1,CWE-74,0.16331470503925044,1.0,0.0,,1.0,0.0,0.2807734017658668,0.4939127953996799,,0.16331470503925044,0.5,0.7422919594201288,0.4745617585225187,1427
decision_tree_tau_0_1,CWE-913,0.012245414834078849,1.0,0.0,,1.0,0.0,0.024194410471654708,0.05836678867973988,,0.012245414834078849,0.5,0.6191819522196331,0.13144595300004708,107
decision_tree_tau_0_1,CWE-923,0.03788082602921057,1.0,0.0,,1.0,0.0,0.0729964130370846,0.1644808431002,,0.03788082602921057,0.5,0.5,0.0217081353565692,331
decision_tree_tau_0_2,CWE-190,0.016022361785180003,1.0,0.0,,1.0,0.0,0.03153937622582422,0.0752866211481745,,0.016022361785180003,0.5,0.5139364978030693,0.02269542447174419,140
decision_tree_tau_0_2,CWE-20,0.04554112780245405,0.9617647058823529,0.18395517030412958,0.991905626089429,0.8160448296958703,0.03823529411764706,0.08696376802420572,0.19144076919507583,0.07384684807580907,0.21422433068410146,0.5728599380932413,0.5728599380932413,0.031412963978030777,340
decision_tree_tau_0_2,CWE-285,0.033172949886074984,0.9931618936294564,0.0028469527051238376,0.9486607142857143,0.9971530472948761,0.006838106370543542,0.06420135722803019,0.1463151677109577,-0.010817512363365756,0.03582611768652692,0.49800442316729016,0.5003513035707654,0.037354784616890936,291
decision_tree_tau_0_2,CWE-287,0.07129995516718028,1.0,0.0,,1.0,0.0,0.1331087970327322,0.2773860988272806,,0.07129995516718028,0.5,0.53427254210932,0.08072913276562593,623
decision_tree_tau_0_2,CWE-311,0.044176437437980644,1.0,0.0,,1.0,0.0,0.08461463777591287,0.18771057318462436,,0.044176437437980644,0.5,0.7190844384925251,0.263213217910605,386
decision_tree_tau_0_2,CWE-327,0.28385097009628085,0.8742857142857142,0.39381239257626,0.9868751715498063,0.60618760742374,0.12571428571428572,0.3130519822670764,0.3748816659286939,0.6530302124660095,0.41308770154313185,0.6340490534309872,0.8710578925772076,0.6762263192610797,350
decision_tree_tau_0_2,CWE-330,0.9955555555555555,0.876,0.9998816568047337,0.9963592159717433,0.00011834319526627219,0.124,0.9316643490887613,0.8973911256904639,0.9319536349557691,0.996335243440415,0.9379408284023668,0.9380956592107879,0.8712375868603104,250
decision_tree_tau_0_2,CWE-345,0.0607324693326031,1.0,0.0013391187852032239,1.0,0.9986608812147967,0.0,0.11451029441378488,0.24431084153273014,0.008513297751461323,0.06191403636497056,0.5006695593926016,0.5293599368035948,0.0874657441269975,530
decision_tree_tau_0_2,CWE-400,0.028729601425236524,0.9960000000000001,0.0,0.0,1.0,0.004,0.0558480980936034,0.12878713321350152,-0.13943653879237744,0.02872643228567085,0.49800000000000005,0.4977639033451645,0.021001254781583906,252
decision_tree_tau_0_2,CWE-610,0.03055681487196978,1.0,0.0,,1.0,0.0,0.05930139117302187,0.13614228420424332,,0.03055681487196978,0.5,0.6688185272486191,0.27229310881658386,267
decision_tree_tau_0_2,CWE-668,0.132607615847752,0.9835907015359069,0.07629632307921884,0.9703520583066861,0.9237036769207811,0.016409298464092982,0.2337056741751618,0.43074082541636527,0.07851080085076577,0.19020592715195955,0.529943512307563,0.529943512307563,0.07897937897664989,1097
decision_tree_tau_0_2,CWE-706,0.034156279613626904,1.0,0.001544107524530643,1.0,0.9984558924754694,0.0,0.06605605464182043,0.1502510492001679,0.006967456913181768,0.03559649286058628,0.5007720537622653,0.7087594318329601,0.295925571037864,298
decision_tree_tau_0_2,CWE-74,0.16331470503925044,1.0,0.0,,1.0,0.0,0.2807734017658668,0.4939127953996799,,0.16331470503925044,0.5,0.7422919594201288,0.4745617585225187,1427
decision_tree_tau_0_2,CWE-913,0.012245414834078849,1.0,0.0,,1.0,0.0,0.024194410471654708,0.05836678867973988,,0.012245414834078849,0.5,0.6191819522196331,0.13144595300004708,107
decision_tree_tau_0_2,CWE-923,0.03788082602921057,1.0,0.0,,1.0,0.0,0.0729964130370846,0.1644808431002,,0.03788082602921057,0.5,0.5,0.0217081353565692,331
decision_tree_tau_0_3,CWE-190,0.016022361785180003,1.0,0.0,,1.0,0.0,0.03153937622582422,0.0752866211481745,,0.016022361785180003,0.5,0.5139364978030693,0.02269542447174419,140
decision_tree_tau_0_3,CWE-20,0.04554112780245405,0.9617647058823529,0.18395517030412958,0.991905626089429,0.8160448296958703,0.03823529411764706,0.08696376802420572,0.19144076919507583,0.07384684807580907,0.21422433068410146,0.5728599380932413,0.5728599380932413,0.031412963978030777,340
decision_tree_tau_0_3,CWE-285,0.033172949886074984,0.9931618936294564,0.0028469527051238376,0.9486607142857143,0.9971530472948761,0.006838106370543542,0.06420135722803019,0.1463151677109577,-0.010817512363365756,0.03582611768652692,0.49800442316729016,0.5003513035707654,0.037354784616890936,291
decision_tree_tau_0_3,CWE-287,0.07129995516718028,1.0,0.0,,1.0,0.0,0.1331087970327322,0.2773860988272806,,0.07129995516718028,0.5,0.53427254210932,0.08072913276562593,623
decision_tree_tau_0_3,CWE-311,0.044176437437980644,1.0,0.0,,1.0,0.0,0.08461463777591287,0.18771057318462436,,0.044176437437980644,0.5,0.7190844384925251,0.263213217910605,386
decision_tree_tau_0_3,CWE-327,0.7001377439582893,0.7514285714285714,0.9864104881956692,0.9895944913503388,0.013589511804330772,0.24857142857142858,0.7242614933940648,0.7401538753211379,0.7131039666341078,0.9769984837218428,0.8689195298121204,0.8710578925772076,0.6762263192610797,350
decision_tree_tau_0_3,CWE-330,0.9955555555555555,0.876,0.9998816568047337,0.9963592159717433,0.00011834319526627219,0.124,0.9316643490887613,0.8973911256904639,0.9319536349557691,0.996335243440415,0.9379408284023668,0.9380956592107879,0.8712375868603104,250
decision_tree_tau_0_3,CWE-345,0.0607324693326031,1.0,0.0013391187852032239,1.0,0.9986608812147967,0.0,0.11451029441378488,0.24431084153273014,0.008513297751461323,0.06191403636497056,0.5006695593926016,0.5293599368035948,0.0874657441269975,530
decision_tree_tau_0_3,CWE-400,0.028729601425236524,0.9960000000000001,0.0,0.0,1.0,0.004,0.0558480980936034,0.12878713321350152,-0.13943653879237744,0.02872643228567085,0.49800000000000005,0.4977639033451645,0.021001254781583906,252
decision_tree_tau_0_3,CWE-610,0.03055681487196978,1.0,0.0,,1.0,0.0,0.05930139117302187,0.13614228420424332,,0.03055681487196978,0.5,0.6688185272486191,0.27229310881658386,267
decision_tree_tau_0_3,CWE-668,0.132607615847752,0.9835907015359069,0.07629632307921884,0.9703520583066861,0.9237036769207811,0.016409298464092982,0.2337056741751618,0.43074082541636527,0.07851080085076577,0.19020592715195955,0.529943512307563,0.529943512307563,0.07897937897664989,1097
decision_tree_tau_0_3,CWE-706,0.034156279613626904,1.0,0.001544107524530643,1.0,0.9984558924754694,0.0,0.06605605464182043,0.1502510492001679,0.006967456913181768,0.03559649286058628,0.5007720537622653,0.7087594318329601,0.295925571037864,298
decision_tree_tau_0_3,CWE-74,0.16576254962419512,0.9761403508771931,0.04018992242345584,0.896969696969697,0.9598100775765441,0.023859649122807018,0.28333659745662204,0.49334663810261487,0.05159510713438799,0.1931210542384093,0.5081651366503245,0.7422919594201288,0.4745617585225187,1427
decision_tree_tau_0_3,CWE-913,0.012245414834078849,1.0,0.0,,1.0,0.0,0.024194410471654708,0.05836678867973988,,0.012245414834078849,0.5,0.6191819522196331,0.13144595300004708,107
decision_tree_tau_0_3,CWE-923,0.03788082602921057,1.0,0.0,,1.0,0.0,0.0729964130370846,0.1644808431002,,0.03788082602921057,0.5,0.5,0.0217081353565692,331
decision_tree_tau_0_4,CWE-190,0.016022361785180003,1.0,0.0,,1.0,0.0,0.03153937622582422,0.0752866211481745,,0.016022361785180003,0.5,0.5139364978030693,0.02269542447174419,140
decision_tree_tau_0_4,CWE-20,0.04554112780245405,0.9617647058823529,0.18395517030412958,0.991905626089429,0.8160448296958703,0.03823529411764706,0.08696376802420572,0.19144076919507583,0.07384684807580907,0.21422433068410146,0.5728599380932413,0.5728599380932413,0.031412963978030777,340
decision_tree_tau_0_4,CWE-285,0.0333912576185658,0.9931618936294564,0.009583085570861146,0.9795,0.9904169144291389,0.006838106370543542,0.06461011903715527,0.14716392894303568,0.005967584306442703,0.04233787100555877,0.5013724896001588,0.5003513035707654,0.037354784616890936,291
decision_tree_tau_0_4,CWE-287,0.07129995516718028,1.0,0.0,,1.0,0.0,0.1331087970327322,0.2773860988272806,,0.07129995516718028,0.5,0.53427254210932,0.08072913276562593,623
decision_tree_tau_0_4,CWE-311,0.35376947353884347,0.4741924741924741,0.9600108060025395,0.9753015437585285,0.03998919399746059,0.5258075258075258,0.4048535761115171,0.4436591030502376,0.37784351808646577,0.9385352239045902,0.7171016400975068,0.7190844384925251,0.263213217910605,386
decision_tree_tau_0_4,CWE-327,0.7001377439582893,0.7514285714285714,0.9864104881956692,0.9895944913503388,0.013589511804330772,0.24857142857142858,0.7242614933940648,0.7401538753211379,0.7131039666341078,0.9769984837218428,0.8689195298121204,0.8710578925772076,0.6762263192610797,350
decision_tree_tau_0_4,CWE-330,0.9955555555555555,0.876,0.9998816568047337,0.9963592159717433,0.00011834319526627219,0.124,0.9316643490887613,0.8973911256904639,0.9319536349557691,0.996335243440415,0.9379408284023668,0.9380956592107879,0.8712375868603104,250
decision_tree_tau_0_4,CWE-345,0.0607324693326031,1.0,0.0013391187852032239,1.0,0.9986608812147967,0.0,0.11451029441378488,0.24431084153273014,0.008513297751461323,0.06191403636497056,0.5006695593926016,0.5293599368035948,0.0874657441269975,530
decision_tree_tau_0_4,CWE-400,0.028729601425236524,0.9960000000000001,0.0,0.0,1.0,0.004,0.0558480980936034,0.12878713321350152,-0.13943653879237744,0.02872643228567085,0.49800000000000005,0.4977639033451645,0.021001254781583906,252
decision_tree_tau_0_4,CWE-610,0.33489497660534,0.5762403913347309,0.5949102949745437,0.9780430693864585,0.4050897050254562,0.423759608665269,0.2507374480077794,0.24793023266948774,0.3827386573836998,0.5943479383814435,0.5855753431546373,0.6688185272486191,0.27229310881658386,267
decision_tree_tau_0_4,CWE-668,0.132607615847752,0.9835907015359069,0.07629632307921884,0.9703520583066861,0.9237036769207811,0.016409298464092982,0.2337056741751618,0.43074082541636527,0.07851080085076577,0.19020592715195955,0.529943512307563,0.529943512307563,0.07897937897664989,1097
decision_tree_tau_0_4,CWE-706,0.48320294099127814,0.43271186440677967,0.9836607551357138,0.9800627019428836,0.016339244864286177,0.5672881355932203,0.4548555772853036,0.4409471758358291,0.43842161020403986,0.9648816602850048,0.7081863097712467,0.7087594318329601,0.295925571037864,298
decision_tree_tau_0_4,CWE-74,0.5497951679965319,0.5711495522021838,0.9086362502179155,0.9156303435601831,0.09136374978208447,0.4288504477978162,0.5601939913435185,0.5666970268097776,0.4725313646049667,0.853505095837009,0.7398929012100497,0.7422919594201288,0.4745617585225187,1427
decision_tree_tau_0_4,CWE-913,0.012245414834078849,1.0,0.0,,1.0,0.0,0.024194410471654708,0.05836678867973988,,0.012245414834078849,0.5,0.6191819522196331,0.13144595300004708,107
decision_tree_tau_0_4,CWE-923,0.03788082602921057,1.0,0.0,,1.0,0.0,0.0729964130370846,0.1644808431002,,0.03788082602921057,0.5,0.5,0.0217081353565692,331
decision_tree_tau_0_5,CWE-190,0.41111111111111115,0.02857142857142857,0.9993015670347101,0.9844186702470662,0.0006984329652900278,0.9714285714285715,0.08413163897034864,0.057602665154152556,0.1330237238465335,0.9837488652933695,0.5139364978030694,0.5139364978030693,0.02269542447174419,140
decision_tree_tau_0_5,CWE-20,0.04554112780245405,0.9617647058823529,0.18395517030412958,0.991905626089429,0.8160448296958703,0.03823529411764706,0.08696376802420572,0.19144076919507583,0.07384684807580907,0.21422433068410146,0.5728599380932413,0.5728599380932413,0.031412963978030777,340
decision_tree_tau_0_5,CWE-285,0.0333912576185658,0.9931618936294564,0.009583085570861146,0.9795,0.9904169144291389,0.006838106370543542,0.06461011903715527,0.14716392894303568,0.005967584306442703,0.04233787100555877,0.5013724896001588,0.5003513035707654,0.037354784616890936,291
decision_tree_tau_0_5,CWE-287,0.38766031457955236,0.07710967741935484,0.9913678298237887,0.9333039406063126,0.008632170176211283,0.9228903225806452,0.12758453758210925,0.09157653844517429,0.14718622220373923,0.9261819530972936,0.5342387536215718,0.53427254210932,0.08072913276562593,623
decision_tree_tau_0_5,CWE-311,0.35376947353884347,0.4741924741924741,0.9600108060025395,0.9753015437585285,0.03998919399746059,0.5258075258075258,0.4048535761115171,0.4436591030502376,0.37784351808646577,0.9385352239045902,0.7171016400975068,0.7190844384925251,0.263213217910605,386
decision_tree_tau_0_5,CWE-327,0.7001377439582893,0.7514285714285714,0.9864104881956692,0.9895944913503388,0.013589511804330772,0.24857142857142858,0.7242614933940648,0.7401538753211379,0.7131039666341078,0.9769984837218428,0.8689195298121204,0.8710578925772076,0.6762263192610797,350
decision_tree_tau_0_5,CWE-330,0.9955555555555555,0.876,0.9998816568047337,0.9963592159717433,0.00011834319526627219,0.124,0.9316643490887613,0.8973911256904639,0.9319536349557691,0.996335243440415,0.9379408284023668,0.9380956592107879,0.8712375868603104,250
decision_tree_tau_0_5,CWE-345,0.596025641025641,0.06037735849056604,0.9970779976048016,0.9426380620473548,0.00292200239519838,0.939622641509434,0.10916234562400502,0.07351296275580255,0.1747966758307676,0.9402603944685808,0.5287276780476838,0.5293599368035948,0.0874657441269975,530
decision_tree_tau_0_5,CWE-400,0.005574516496018202,0.196,0.7995278066903291,0.7768316359960175,0.20047219330967098,0.8039999999999999,0.05420353982300885,0.1251276813074566,-0.031194828098001826,0.7819577361870789,0.4977639033451645,0.4977639033451645,0.021001254781583906,252
decision_tree_tau_0_5,CWE-610,0.6044126984126985,0.3446540880503145,0.9926690013298444,0.9796123231798033,0.0073309986701555726,0.6553459119496855,0.4369268531778808,0.3762244348833884,0.44276491934781925,0.9728637089194864,0.6686615446900794,0.6688185272486191,0.27229310881658386,267
decision_tree_tau_0_5,CWE-668,0.132607615847752,0.9835907015359069,0.07629632307921884,0.9703520583066861,0.9237036769207811,0.016409298464092982,0.2337056741751618,0.43074082541636527,0.07851080085076577,0.19020592715195955,0.529943512307563,0.529943512307563,0.07897937897664989,1097
decision_tree_tau_0_5,CWE-706,0.48320294099127814,0.43271186440677967,0.9836607551357138,0.9800627019428836,0.016339244864286177,0.5672881355932203,0.4548555772853036,0.4409471758358291,0.43842161020403986,0.9648816602850048,0.7081863097712467,0.7087594318329601,0.295925571037864,298
decision_tree_tau_0_5,CWE-74,0.5497951679965319,0.5711495522021838,0.9086362502179155,0.9156303435601831,0.09136374978208447,0.4288504477978162,0.5601939913435185,0.5666970268097776,0.4725313646049667,0.853505095837009,0.7398929012100497,0.7422919594201288,0.4745617585225187,1427
decision_tree_tau_0_5,CWE-913,0.3414005602240896,0.24415584415584415,0.994208060283422,0.9906486456058413,0.005791939716577986,0.7558441558441558,0.2842976811397864,0.2587063739066595,0.2811312069723386,0.9850088488048361,0.6191819522196331,0.6191819522196331,0.13144595300004708,107
decision_tree_tau_0_5,CWE-923,0.037916543218455195,0.6,0.4,0.9621727497546564,0.6,0.4,0.07306279526047785,0.16461601452563093,,0.40761902583293563,0.5,0.5,0.0217081353565692,331
decision_tree_tau_0_6,CWE-190,0.41111111111111115,0.02857142857142857,0.9993015670347101,0.9844186702470662,0.0006984329652900278,0.9714285714285715,0.08413163897034864,0.057602665154152556,0.1330237238465335,0.9837488652933695,0.5139364978030694,0.5139364978030693,0.02269542447174419,140
decision_tree_tau_0_6,CWE-20,,0.0,1.0,0.9610885499502771,0.0,1.0,,,,0.9610885499502771,0.5,0.5728599380932413,0.031412963978030777,340
decision_tree_tau_0_6,CWE-285,0.0,0.0,0.9979874122265768,0.9666322324788892,0.002012587773423162,1.0,,,-0.009048302816375666,0.9647512088965113,0.4989937061132884,0.5003513035707654,0.037354784616890936,291
decision_tree_tau_0_6,CWE-287,0.38766031457955236,0.07710967741935484,0.9913678298237887,0.9333039406063126,0.008632170176211283,0.9228903225806452,0.12758453758210925,0.09157653844517429,0.14718622220373923,0.9261819530972936,0.5342387536215718,0.53427254210932,0.08072913276562593,623
decision_tree_tau_0_6,CWE-311,0.3581636636473193,0.46640026640026644,0.9611998666446322,0.974971660017888,0.03880013335536785,0.5335997335997336,0.40495084054920716,0.4396323915508901,0.37732911586786205,0.9393311306697978,0.7138000665224492,0.7190844384925251,0.263213217910605,386
decision_tree_tau_0_6,CWE-327,0.7001377439582893,0.7514285714285714,0.9864104881956692,0.9895944913503388,0.013589511804330772,0.24857142857142858,0.7242614933940648,0.7401538753211379,0.7131039666341078,0.9769984837218428,0.8689195298121204,0.8710578925772076,0.6762263192610797,350
decision_tree_tau_0_6,CWE-330,0.9955555555555555,0.876,0.9998816568047337,0.9963592159717433,0.00011834319526627219,0.124,0.9316643490887613,0.8973911256904639,0.9319536349557691,0.996335243440415,0.9379408284023668,0.9380956592107879,0.8712375868603104,250
decision_tree_tau_0_6,CWE-345,0.596025641025641,0.06037735849056604,0.9970779976048016,0.9426380620473548,0.00292200239519838,0.939622641509434,0.10916234562400502,0.07351296275580255,0.1747966758307676,0.9402603944685808,0.5287276780476838,0.5293599368035948,0.0874657441269975,530
decision_tree_tau_0_6,CWE-400,0.0,0.0,0.999527806690329,0.9711465876731067,0.0004721933096709749,1.0,,,-0.004134400424407924,0.9707013405077156,0.4997639033451645,0.4977639033451645,0.021001254781583906,252
decision_tree_tau_0_6,CWE-610,0.6044126984126985,0.3446540880503145,0.9926690013298444,0.9796123231798033,0.0073309986701555726,0.6553459119496855,0.4369268531778808,0.3762244348833884,0.44276491934781925,0.9728637089194864,0.6686615446900794,0.6688185272486191,0.27229310881658386,267
decision_tree_tau_0_6,CWE-668,,0.0,1.0,0.8744522905972453,0.0,1.0,,,,0.8744522905972453,0.5,0.529943512307563,0.07897937897664989,1097
decision_tree_tau_0_6,CWE-706,0.48320294099127814,0.43271186440677967,0.9836607551357138,0.9800627019428836,0.016339244864286177,0.5672881355932203,0.4548555772853036,0.4409471758358291,0.43842161020403986,0.9648816602850048,0.7081863097712467,0.7087594318329601,0.295925571037864,298
decision_tree_tau_0_6,CWE-74,0.5497951679965319,0.5711495522021838,0.9086362502179155,0.9156303435601831,0.09136374978208447,0.4288504477978162,0.5601939913435185,0.5666970268097776,0.4725313646049667,0.853505095837009,0.7398929012100497,0.7422919594201288,0.4745617585225187,1427
decision_tree_tau_0_6,CWE-913,0.3414005602240896,0.24415584415584415,0.994208060283422,0.9906486456058413,0.005791939716577986,0.7558441558441558,0.2842976811397864,0.2587063739066595,0.2811312069723386,0.9850088488048361,0.6191819522196331,0.6191819522196331,0.13144595300004708,107
decision_tree_tau_0_6,CWE-923,,0.0,1.0,0.9621191739707895,0.0,1.0,,,,0.9621191739707895,0.5,0.5,0.0217081353565692,331
decision_tree_tau_0_7,CWE-190,0.41111111111111115,0.02857142857142857,0.9993015670347101,0.9844186702470662,0.0006984329652900278,0.9714285714285715,0.08413163897034864,0.057602665154152556,0.1330237238465335,0.9837488652933695,0.5139364978030694,0.5139364978030693,0.02269542447174419,140
decision_tree_tau_0_7,CWE-20,,0.0,1.0,0.9610885499502771,0.0,1.0,,,,0.9610885499502771,0.5,0.5728599380932413,0.031412963978030777,340
decision_tree_tau_0_7,CWE-285,,0.0,1.0,0.9666969916236979,0.0,1.0,,,,0.9666969916236979,0.5,0.5003513035707654,0.037354784616890936,291
decision_tree_tau_0_7,CWE-287,0.38766031457955236,0.07710967741935484,0.9913678298237887,0.9333039406063126,0.008632170176211283,0.9228903225806452,0.12758453758210925,0.09157653844517429,0.14718622220373923,0.9261819530972936,0.5342387536215718,0.53427254210932,0.08072913276562593,623
decision_tree_tau_0_7,CWE-311,0.3655331889554756,0.46380286380286384,0.9624032360790485,0.9748856447257916,0.03759676392095147,0.5361971361971362,0.4079697084737354,0.4394597462410877,0.3805371073365299,0.9403662083006201,0.7131030499409562,0.7190844384925251,0.263213217910605,386
decision_tree_tau_0_7,CWE-327,0.7001377439582893,0.7514285714285714,0.9864104881956692,0.9895944913503388,0.013589511804330772,0.24857142857142858,0.7242614933940648,0.7401538753211379,0.7131039666341078,0.9769984837218428,0.8689195298121204,0.8710578925772076,0.6762263192610797,350
decision_tree_tau_0_7,CWE-330,0.9955555555555555,0.876,0.9998816568047337,0.9963592159717433,0.00011834319526627219,0.124,0.9316643490887613,0.8973911256904639,0.9319536349557691,0.996335243440415,0.9379408284023668,0.9380956592107879,0.8712375868603104,250
decision_tree_tau_0_7,CWE-345,0.596025641025641,0.06037735849056604,0.9970779976048016,0.9426380620473548,0.00292200239519838,0.939622641509434,0.10916234562400502,0.07351296275580255,0.1747966758307676,0.9402603944685808,0.5287276780476838,0.5293599368035948,0.0874657441269975,530
decision_tree_tau_0_7,CWE-400,0.0,0.0,0.999527806690329,0.9711465876731067,0.0004721933096709749,1.0,,,-0.004134400424407924,0.9707013405077156,0.4997639033451645,0.4977639033451645,0.021001254781583906,252
decision_tree_tau_0_7,CWE-610,0.6044126984126985,0.3446540880503145,0.9926690013298444,0.9796123231798033,0.0073309986701555726,0.6553459119496855,0.4369268531778808,0.3762244348833884,0.44276491934781925,0.9728637089194864,0.6686615446900794,0.6688185272486191,0.27229310881658386,267
decision_tree_tau_0_7,CWE-668,,0.0,1.0,0.8744522905972453,0.0,1.0,,,,0.8744522905972453,0.5,0.529943512307563,0.07897937897664989,1097
decision_tree_tau_0_7,CWE-706,0.48320294099127814,0.43271186440677967,0.9836607551357138,0.9800627019428836,0.016339244864286177,0.5672881355932203,0.4548555772853036,0.4409471758358291,0.43842161020403986,0.9648816602850048,0.7081863097712467,0.7087594318329601,0.295925571037864,298
decision_tree_tau_0_7,CWE-74,0.5497951679965319,0.5711495522021838,0.9086362502179155,0.9156303435601831,0.09136374978208447,0.4288504477978162,0.5601939913435185,0.5666970268097776,0.4725313646049667,0.853505095837009,0.7398929012100497,0.7422919594201288,0.4745617585225187,1427
decision_tree_tau_0_7,CWE-913,0.3414005602240896,0.24415584415584415,0.994208060283422,0.9906486456058413,0.005791939716577986,0.7558441558441558,0.2842976811397864,0.2587063739066595,0.2811312069723386,0.9850088488048361,0.6191819522196331,0.6191819522196331,0.13144595300004708,107
decision_tree_tau_0_7,CWE-923,,0.0,1.0,0.9621191739707895,0.0,1.0,,,,0.9621191739707895,0.5,0.5,0.0217081353565692,331
decision_tree_tau_0_8,CWE-190,0.41111111111111115,0.02857142857142857,0.9993015670347101,0.9844186702470662,0.0006984329652900278,0.9714285714285715,0.08413163897034864,0.057602665154152556,0.1330237238465335,0.9837488652933695,0.5139364978030694,0.5139364978030693,0.02269542447174419,140
decision_tree_tau_0_8,CWE-20,,0.0,1.0,0.9610885499502771,0.0,1.0,,,,0.9610885499502771,0.5,0.5728599380932413,0.031412963978030777,340
decision_tree_tau_0_8,CWE-285,,0.0,1.0,0.9666969916236979,0.0,1.0,,,,0.9666969916236979,0.5,0.5003513035707654,0.037354784616890936,291
decision_tree_tau_0_8,CWE-287,0.38766031457955236,0.07710967741935484,0.9913678298237887,0.9333039406063126,0.008632170176211283,0.9228903225806452,0.12758453758210925,0.09157653844517429,0.14718622220373923,0.9261819530972936,0.5342387536215718,0.53427254210932,0.08072913276562593,623
decision_tree_tau_0_8,CWE-311,0.3915016997977188,0.45864135864135863,0.9670758596411086,0.9747722191605612,0.032924140358891275,0.5413586413586413,0.4220109345808403,0.4431299820246548,0.3947055324358782,0.9446031643677791,0.7128586091412337,0.7190844384925251,0.263213217910605,386
decision_tree_tau_0_8,CWE-327,0.7001377439582893,0.7514285714285714,0.9864104881956692,0.9895944913503388,0.013589511804330772,0.24857142857142858,0.7242614933940648,0.7401538753211379,0.7131039666341078,0.9769984837218428,0.8689195298121204,0.8710578925772076,0.6762263192610797,350
decision_tree_tau_0_8,CWE-330,0.9955555555555555,0.876,0.9998816568047337,0.9963592159717433,0.00011834319526627219,0.124,0.9316643490887613,0.8973911256904639,0.9319536349557691,0.996335243440415,0.9379408284023668,0.9380956592107879,0.8712375868603104,250
decision_tree_tau_0_8,CWE-345,0.596025641025641,0.06037735849056604,0.9970779976048016,0.9426380620473548,0.00292200239519838,0.939622641509434,0.10916234562400502,0.07351296275580255,0.1747966758307676,0.9402603944685808,0.5287276780476838,0.5293599368035948,0.0874657441269975,530
decision_tree_tau_0_8,CWE-400,0.0,0.0,0.999527806690329,0.9711465876731067,0.0004721933096709749,1.0,,,-0.004134400424407924,0.9707013405077156,0.4997639033451645,0.4977639033451645,0.021001254781583906,252
decision_tree_tau_0_8,CWE-610,0.6044126984126985,0.3446540880503145,0.9926690013298444,0.9796123231798033,0.0073309986701555726,0.6553459119496855,0.4369268531778808,0.3762244348833884,0.44276491934781925,0.9728637089194864,0.6686615446900794,0.6688185272486191,0.27229310881658386,267
decision_tree_tau_0_8,CWE-668,,0.0,1.0,0.8744522905972453,0.0,1.0,,,,0.8744522905972453,0.5,0.529943512307563,0.07897937897664989,1097
decision_tree_tau_0_8,CWE-706,0.48320294099127814,0.43271186440677967,0.9836607551357138,0.9800627019428836,0.016339244864286177,0.5672881355932203,0.4548555772853036,0.4409471758358291,0.43842161020403986,0.9648816602850048,0.7081863097712467,0.7087594318329601,0.295925571037864,298
decision_tree_tau_0_8,CWE-74,0.6482131403229204,0.43517114464482887,0.9537923045828544,0.8964085115044196,0.0462076954171456,0.5648288553551712,0.5202337635428924,0.46555565184123104,0.46007796676910323,0.8690880988317122,0.6944817246138417,0.7422919594201288,0.4745617585225187,1427
decision_tree_tau_0_8,CWE-913,0.3414005602240896,0.24415584415584415,0.994208060283422,0.9906486456058413,0.005791939716577986,0.7558441558441558,0.2842976811397864,0.2587063739066595,0.2811312069723386,0.9850088488048361,0.6191819522196331,0.6191819522196331,0.13144595300004708,107
decision_tree_tau_0_8,CWE-923,,0.0,1.0,0.9621191739707895,0.0,1.0,,,,0.9621191739707895,0.5,0.5,0.0217081353565692,331
decision_tree_tau_0_9,CWE-190,0.41111111111111115,0.02857142857142857,0.9993015670347101,0.9844186702470662,0.0006984329652900278,0.9714285714285715,0.08413163897034864,0.057602665154152556,0.1330237238465335,0.9837488652933695,0.5139364978030694,0.5139364978030693,0.02269542447174419,140
decision_tree_tau_0_9,CWE-20,,0.0,1.0,0.9610885499502771,0.0,1.0,,,,0.9610885499502771,0.5,0.5728599380932413,0.031412963978030777,340
decision_tree_tau_0_9,CWE-285,,0.0,1.0,0.9666969916236979,0.0,1.0,,,,0.9666969916236979,0.5,0.5003513035707654,0.037354784616890936,291
decision_tree_tau_0_9,CWE-287,0.6526315789473685,0.016038709677419355,0.9981437048503612,0.9296472604723911,0.0018562951496388029,0.9839612903225806,0.03717163479565054,0.024557639755838863,0.08044969722561829,0.9281249392853521,0.5070912072638902,0.53427254210932,0.08072913276562593,623
decision_tree_tau_0_9,CWE-311,0.3915016997977188,0.45864135864135863,0.9670758596411086,0.9747722191605612,0.032924140358891275,0.5413586413586413,0.4220109345808403,0.4431299820246548,0.3947055324358782,0.9446031643677791,0.7128586091412337,0.7190844384925251,0.263213217910605,386
decision_tree_tau_0_9,CWE-327,0.7001377439582893,0.7514285714285714,0.9864104881956692,0.9895944913503388,0.013589511804330772,0.24857142857142858,0.7242614933940648,0.7401538753211379,0.7131039666341078,0.9769984837218428,0.8689195298121204,0.8710578925772076,0.6762263192610797,350
decision_tree_tau_0_9,CWE-330,0.9955555555555555,0.876,0.9998816568047337,0.9963592159717433,0.00011834319526627219,0.124,0.9316643490887613,0.8973911256904639,0.9319536349557691,0.996335243440415,0.9379408284023668,0.9380956592107879,0.8712375868603104,250
decision_tree_tau_0_9,CWE-345,0.596025641025641,0.06037735849056604,0.9970779976048016,0.9426380620473548,0.00292200239519838,0.939622641509434,0.10916234562400502,0.07351296275580255,0.1747966758307676,0.9402603944685808,0.5287276780476838,0.5293599368035948,0.0874657441269975,530
decision_tree_tau_0_9,CWE-400,0.0,0.0,0.999527806690329,0.9711465876731067,0.0004721933096709749,1.0,,,-0.004134400424407924,0.9707013405077156,0.4997639033451645,0.4977639033451645,0.021001254781583906,252
decision_tree_tau_0_9,CWE-610,0.6022222222222222,0.33717679944095036,0.9927876252918848,0.9793878123098436,0.007212374708115241,0.6628232005590495,0.4298445046321177,0.3687258466765343,0.43676595535435003,0.9727500079530282,0.6649822123664176,0.6688185272486191,0.27229310881658386,267
decision_tree_tau_0_9,CWE-668,,0.0,1.0,0.8744522905972453,0.0,1.0,,,,0.8744522905972453,0.5,0.529943512307563,0.07897937897664989,1097
decision_tree_tau_0_9,CWE-706,0.48320294099127814,0.43271186440677967,0.9836607551357138,0.9800627019428836,0.016339244864286177,0.5672881355932203,0.4548555772853036,0.4409471758358291,0.43842161020403986,0.9648816602850048,0.7081863097712467,0.7087594318329601,0.295925571037864,298
decision_tree_tau_0_9,CWE-74,0.6482131403229204,0.43517114464482887,0.9537923045828544,0.8964085115044196,0.0462076954171456,0.5648288553551712,0.5202337635428924,0.46555565184123104,0.46007796676910323,0.8690880988317122,0.6944817246138417,0.7422919594201288,0.4745617585225187,1427
decision_tree_tau_0_9,CWE-913,0.3414005602240896,0.24415584415584415,0.994208060283422,0.9906486456058413,0.005791939716577986,0.7558441558441558,0.2842976811397864,0.2587063739066595,0.2811312069723386,0.9850088488048361,0.6191819522196331,0.6191819522196331,0.13144595300004708,107
decision_tree_tau_0_9,CWE-923,,0.0,1.0,0.9621191739707895,0.0,1.0,,,,0.9621191739707895,0.5,0.5,0.0217081353565692,331
random_forest_tau_0_1,CWE-190,0.016022361785180003,1.0,0.0,,1.0,0.0,0.03153937622582422,0.0752866211481745,,0.016022361785180003,0.5,0.5139364978030693,0.02269542447174419,140
random_forest_tau_0_1,CWE-20,0.038911450049722865,1.0,0.0,,1.0,0.0,0.07490805123978457,0.16835322798603888,,0.038911450049722865,0.5,0.5728599380932413,0.031412963978030777,340
random_forest_tau_0_1,CWE-285,0.03314996223786241,0.9931618936294564,0.002133586551430024,0.8901098901098901,0.99786641344857,0.006838106370543542,0.06415831230538996,0.14622577428501216,-0.02971676448223451,0.03513652815596823,0.4976477400904432,0.5003462320473197,0.03735452262576221,291
random_forest_tau_0_1,CWE-287,0.07129995516718028,1.0,0.0,,1.0,0.0,0.1331087970327322,0.2773860988272806,,0.07129995516718028,0.5,0.5342854346598825,0.08338667974443029,623
random_forest_tau_0_1,CWE-311,0.044176437437980644,1.0,0.0,,1.0,0.0,0.08461463777591287,0.18771057318462436,,0.044176437437980644,0.5,0.7190844384925251,0.263213217910605,386
random_forest_tau_0_1,CWE-327,0.04005590446295001,1.0,0.0,,1.0,0.0,0.07702637590742048,0.1726209858569884,,0.04005590446295001,0.5,0.8714090777367052,0.6953343608985392,350
random_forest_tau_0_1,CWE-330,0.22289708015693166,0.9640000000000001,0.20129705377405668,0.9989399293286219,0.7987029462259433,0.036,0.22473968366093194,0.27284909705253735,0.1858716792222574,0.22308576422089463,0.5826485268870283,0.938147730216705,0.8848173793225156,250
random_forest_tau_0_1,CWE-345,0.06067696019835911,1.0,0.0003658651305994907,1.0,0.9996341348694004,0.0,0.11441160843282476,0.24413108275297346,0.006086198482640301,0.06099973602187936,0.5001829325652997,0.5293599368035948,0.0874657441269975,530
random_forest_tau_0_1,CWE-400,0.028840133252129065,1.0,0.0,,1.0,0.0,0.05606322208035598,0.12928482308779377,,0.028840133252129065,0.5,0.4977639033451645,0.021001254781583906,252
random_forest_tau_0_1,CWE-610,0.03055681487196978,1.0,0.0,,1.0,0.0,0.05930139117302187,0.13614228420424332,,0.03055681487196978,0.5,0.6688185272486191,0.27229310881658386,267
random_forest_tau_0_1,CWE-668,0.12554770940275473,1.0,0.0,,1.0,0.0,0.22308629777734232,0.4178777350388125,,0.12554770940275473,0.5,0.529943512307563,0.07897937897664989,1097
random_forest_tau_0_1,CWE-706,0.034112892061203846,1.0,0.00023550209712641684,1.0,0.9997644979028735,0.0,0.06597493908851024,0.15008329632699613,0.004465165415299881,0.0343327180964712,0.5001177510485632,0.7087594318329601,0.295925571037864,298
random_forest_tau_0_1,CWE-74,0.16331470503925044,1.0,0.0,,1.0,0.0,0.2807734017658668,0.4939127953996799,,0.16331470503925044,0.5,0.7422919594201288,0.4745617585225187,1427
random_forest_tau_0_1,CWE-913,0.012245414834078849,1.0,0.0,,1.0,0.0,0.024194410471654708,0.05836678867973988,,0.012245414834078849,0.5,0.6191819522196331,0.13144595300004708,107
random_forest_tau_0_1,CWE-923,0.03788082602921057,1.0,0.0,,1.0,0.0,0.0729964130370846,0.1644808431002,,0.03788082602921057,0.5,0.5,0.0217081353565692,331
random_forest_tau_0_2,CWE-190,0.016022361785180003,1.0,0.0,,1.0,0.0,0.03153937622582422,0.0752866211481745,,0.016022361785180003,0.5,0.5139364978030693,0.02269542447174419,140
random_forest_tau_0_2,CWE-20,0.04554112780245405,0.9617647058823529,0.18395517030412958,0.991905626089429,0.8160448296958703,0.03823529411764706,0.08696376802420572,0.19144076919507583,0.07384684807580907,0.21422433068410146,0.5728599380932413,0.5728599380932413,0.031412963978030777,340
random_forest_tau_0_2,CWE-285,0.033165269402151525,0.9931618936294564,0.002608999106075652,0.9315476190476191,0.9973910008939242,0.006838106370543542,0.06418697237428912,0.14628527772928077,-0.016524339762836168,0.03559610043523308,0.4978854463677661,0.5003462320473197,0.03735452262576221,291
random_forest_tau_0_2,CWE-287,0.07129995516718028,1.0,0.0,,1.0,0.0,0.1331087970327322,0.2773860988272806,,0.07129995516718028,0.5,0.5342854346598825,0.08338667974443029,623
random_forest_tau_0_2,CWE-311,0.044176437437980644,1.0,0.0,,1.0,0.0,0.08461463777591287,0.18771057318462436,,0.044176437437980644,0.5,0.7190844384925251,0.263213217910605,386
random_forest_tau_0_2,CWE-327,0.28385097009628085,0.8742857142857142,0.39381239257626,0.9868751715498063,0.60618760742374,0.12571428571428572,0.3130519822670764,0.3748816659286939,0.6530302124660095,0.41308770154313185,0.6340490534309872,0.8714090777367052,0.6953343608985392,350
random_forest_tau_0_2,CWE-330,0.9955555555555555,0.876,0.9998816568047337,0.9963592159717433,0.00011834319526627219,0.124,0.9316643490887613,0.8973911256904639,0.9319536349557691,0.996335243440415,0.9379408284023668,0.938147730216705,0.8848173793225156,250
random_forest_tau_0_2,CWE-345,0.06070449247817149,1.0,0.0008504199458629673,1.0,0.999149580054137,0.0,0.11446057882739158,0.24422038281529396,0.007590575832443604,0.06145505759273877,0.5004252099729315,0.5293599368035948,0.0874657441269975,530
random_forest_tau_0_2,CWE-400,0.028840133252129065,1.0,0.0,,1.0,0.0,0.05606322208035598,0.12928482308779377,,0.028840133252129065,0.5,0.4977639033451645,0.021001254781583906,252
random_forest_tau_0_2,CWE-610,0.03055681487196978,1.0,0.0,,1.0,0.0,0.05930139117302187,0.13614228420424332,,0.03055681487196978,0.5,0.6688185272486191,0.27229310881658386,267
random_forest_tau_0_2,CWE-668,0.12700473283077296,0.9972602739726029,0.015194805194805195,0.975,0.9848051948051948,0.0027397260273972603,0.22530075367053123,0.42065047242851605,0.08154903283785422,0.13850961957899122,0.5062275395837039,0.529943512307563,0.07897937897664989,1097
random_forest_tau_0_2,CWE-706,0.034156279613626904,1.0,0.001544107524530643,1.0,0.9984558924754694,0.0,0.06605605464182043,0.1502510492001679,0.006967456913181768,0.03559649286058628,0.5007720537622653,0.7087594318329601,0.295925571037864,298
random_forest_tau_0_2,CWE-74,0.16331470503925044,1.0,0.0,,1.0,0.0,0.2807734017658668,0.4939127953996799,,0.16331470503925044,0.5,0.7422919594201288,0.4745617585225187,1427
random_forest_tau_0_2,CWE-913,0.012245414834078849,1.0,0.0,,1.0,0.0,0.024194410471654708,0.05836678867973988,,0.012245414834078849,0.5,0.6191819522196331,0.13144595300004708,107
random_forest_tau_0_2,CWE-923,0.03788082602921057,1.0,0.0,,1.0,0.0,0.0729964130370846,0.1644808431002,,0.03788082602921057,0.5,0.5,0.0217081353565692,331
random_forest_tau_0_3,CWE-190,0.016022361785180003,1.0,0.0,,1.0,0.0,0.03153937622582422,0.0752866211481745,,0.016022361785180003,0.5,0.5139364978030693,0.02269542447174419,140
random_forest_tau_0_3,CWE-20,0.04554112780245405,0.9617647058823529,0.18395517030412958,0.991905626089429,0.8160448296958703,0.03823529411764706,0.08696376802420572,0.19144076919507583,0.07384684807580907,0.21422433068410146,0.5728599380932413,0.5728599380932413,0.031412963978030777,340
random_forest_tau_0_3,CWE-285,0.033172949886074984,0.9931618936294564,0.0028469527051238376,0.9486607142857143,0.9971530472948761,0.006838106370543542,0.06420135722803019,0.1463151677109577,-0.010817512363365756,0.03582611768652692,0.49800442316729016,0.5003462320473197,0.03735452262576221,291
random_forest_tau_0_3,CWE-287,0.07129995516718028,1.0,0.0,,1.0,0.0,0.1331087970327322,0.2773860988272806,,0.07129995516718028,0.5,0.5342854346598825,0.08338667974443029,623
random_forest_tau_0_3,CWE-311,0.044176437437980644,1.0,0.0,,1.0,0.0,0.08461463777591287,0.18771057318462436,,0.044176437437980644,0.5,0.7190844384925251,0.263213217910605,386
random_forest_tau_0_3,CWE-327,0.6978842228315287,0.7514285714285714,0.986290655960798,0.9895934855641947,0.013709344039201954,0.24857142857142858,0.7231267416210152,0.7396980348652973,0.7119131620172416,0.9768834750961959,0.8688596136946847,0.8714090777367052,0.6953343608985392,350
random_forest_tau_0_3,CWE-330,0.9955555555555555,0.876,0.9998816568047337,0.9963592159717433,0.00011834319526627219,0.124,0.9316643490887613,0.8973911256904639,0.9319536349557691,0.996335243440415,0.9379408284023668,0.938147730216705,0.8848173793225156,250
random_forest_tau_0_3,CWE-345,0.0607324693326031,1.0,0.0013391187852032239,1.0,0.9986608812147967,0.0,0.11451029441378488,0.24431084153273014,0.008513297751461323,0.06191403636497056,0.5006695593926016,0.5293599368035948,0.0874657441269975,530
random_forest_tau_0_3,CWE-400,0.028840133252129065,1.0,0.0,,1.0,0.0,0.05606322208035598,0.12928482308779377,,0.028840133252129065,0.5,0.4977639033451645,0.021001254781583906,252
random_forest_tau_0_3,CWE-610,0.03055681487196978,1.0,0.0,,1.0,0.0,0.05930139117302187,0.13614228420424332,,0.03055681487196978,0.5,0.6688185272486191,0.27229310881658386,267
random_forest_tau_0_3,CWE-668,0.132607615847752,0.9835907015359069,0.07629632307921884,0.9703520583066861,0.9237036769207811,0.016409298464092982,0.2337056741751618,0.43074082541636527,0.07851080085076577,0.19020592715195955,0.529943512307563,0.529943512307563,0.07897937897664989,1097
random_forest_tau_0_3,CWE-706,0.034156279613626904,1.0,0.001544107524530643,1.0,0.9984558924754694,0.0,0.06605605464182043,0.1502510492001679,0.006967456913181768,0.03559649286058628,0.5007720537622653,0.7087594318329601,0.295925571037864,298
random_forest_tau_0_3,CWE-74,0.16576254962419512,0.9761403508771931,0.04018992242345584,0.896969696969697,0.9598100775765441,0.023859649122807018,0.28333659745662204,0.49334663810261487,0.05159510713438799,0.1931210542384093,0.5081651366503245,0.7422919594201288,0.4745617585225187,1427
random_forest_tau_0_3,CWE-913,0.012245414834078849,1.0,0.0,,1.0,0.0,0.024194410471654708,0.05836678867973988,,0.012245414834078849,0.5,0.6191819522196331,0.13144595300004708,107
random_forest_tau_0_3,CWE-923,0.03788082602921057,1.0,0.0,,1.0,0.0,0.0729964130370846,0.1644808431002,,0.03788082602921057,0.5,0.5,0.0217081353565692,331
random_forest_tau_0_4,CWE-190,0.016022361785180003,1.0,0.0,,1.0,0.0,0.03153937622582422,0.0752866211481745,,0.016022361785180003,0.5,0.5139364978030693,0.02269542447174419,140
random_forest_tau_0_4,CWE-20,0.04554112780245405,0.9617647058823529,0.18395517030412958,0.991905626089429,0.8160448296958703,0.03823529411764706,0.08696376802420572,0.19144076919507583,0.07384684807580907,0.21422433068410146,0.5728599380932413,0.5728599380932413,0.031412963978030777,340
random_forest_tau_0_4,CWE-285,0.0333912576185658,0.9931618936294564,0.009583085570861146,0.9795,0.9904169144291389,0.006838106370543542,0.06461011903715527,0.14716392894303568,0.005967584306442703,0.04233787100555877,0.5013724896001588,0.5003462320473197,0.03735452262576221,291
random_forest_tau_0_4,CWE-287,0.07129995516718028,1.0,0.0,,1.0,0.0,0.1331087970327322,0.2773860988272806,,0.07129995516718028,0.5,0.5342854346598825,0.08338667974443029,623
random_forest_tau_0_4,CWE-311,0.35376947353884347,0.4741924741924741,0.9600108060025395,0.9753015437585285,0.03998919399746059,0.5258075258075258,0.4048535761115171,0.4436591030502376,0.37784351808646577,0.9385352239045902,0.7171016400975068,0.7190844384925251,0.263213217910605,386
random_forest_tau_0_4,CWE-327,0.6978842228315287,0.7514285714285714,0.986290655960798,0.9895934855641947,0.013709344039201954,0.24857142857142858,0.7231267416210152,0.7396980348652973,0.7119131620172416,0.9768834750961959,0.8688596136946847,0.8714090777367052,0.6953343608985392,350
random_forest_tau_0_4,CWE-330,0.9955555555555555,0.876,0.9998816568047337,0.9963592159717433,0.00011834319526627219,0.124,0.9316643490887613,0.8973911256904639,0.9319536349557691,0.996335243440415,0.9379408284023668,0.938147730216705,0.8848173793225156,250
random_forest_tau_0_4,CWE-345,0.0607324693326031,1.0,0.0013391187852032239,1.0,0.9986608812147967,0.0,0.11451029441378488,0.24431084153273014,0.008513297751461323,0.06191403636497056,0.5006695593926016,0.5293599368035948,0.0874657441269975,530
random_forest_tau_0_4,CWE-400,0.028840133252129065,1.0,0.0,,1.0,0.0,0.05606322208035598,0.12928482308779377,,0.028840133252129065,0.5,0.4977639033451645,0.021001254781583906,252
random_forest_tau_0_4,CWE-610,0.47160527825588067,0.45031446540880504,0.7939707764777734,0.9786161655447599,0.20602922352222658,0.549685534591195,0.33637131152476907,0.3025279576950376,0.4130510297571474,0.7834202206808175,0.6221426209432892,0.6688185272486191,0.27229310881658386,267
random_forest_tau_0_4,CWE-668,0.132607615847752,0.9835907015359069,0.07629632307921884,0.9703520583066861,0.9237036769207811,0.016409298464092982,0.2337056741751618,0.43074082541636527,0.07851080085076577,0.19020592715195955,0.529943512307563,0.529943512307563,0.07897937897664989,1097
random_forest_tau_0_4,CWE-706,0.48320294099127814,0.43271186440677967,0.9836607551357138,0.9800627019428836,0.016339244864286177,0.5672881355932203,0.4548555772853036,0.4409471758358291,0.43842161020403986,0.9648816602850048,0.7081863097712467,0.7087594318329601,0.295925571037864,298
random_forest_tau_0_4,CWE-74,0.5497951679965319,0.5711495522021838,0.9086362502179155,0.9156303435601831,0.09136374978208447,0.4288504477978162,0.5601939913435185,0.5666970268097776,0.4725313646049667,0.853505095837009,0.7398929012100497,0.7422919594201288,0.4745617585225187,1427
random_forest_tau_0_4,CWE-913,0.012245414834078849,1.0,0.0,,1.0,0.0,0.024194410471654708,0.05836678867973988,,0.012245414834078849,0.5,0.6191819522196331,0.13144595300004708,107
random_forest_tau_0_4,CWE-923,0.03788082602921057,1.0,0.0,,1.0,0.0,0.0729964130370846,0.1644808431002,,0.03788082602921057,0.5,0.5,0.0217081353565692,331
random_forest_tau_0_5,CWE-190,0.41111111111111115,0.02857142857142857,0.9993015670347101,0.9844186702470662,0.0006984329652900278,0.9714285714285715,0.08413163897034864,0.057602665154152556,0.1330237238465335,0.9837488652933695,0.5139364978030694,0.5139364978030693,0.02269542447174419,140
random_forest_tau_0_5,CWE-20,0.04554112780245405,0.9617647058823529,0.18395517030412958,0.991905626089429,0.8160448296958703,0.03823529411764706,0.08696376802420572,0.19144076919507583,0.07384684807580907,0.21422433068410146,0.5728599380932413,0.5728599380932413,0.031412963978030777,340
random_forest_tau_0_5,CWE-285,0.0333912576185658,0.9931618936294564,0.009583085570861146,0.9795,0.9904169144291389,0.006838106370543542,0.06461011903715527,0.14716392894303568,0.005967584306442703,0.04233787100555877,0.5013724896001588,0.5003462320473197,0.03735452262576221,291
random_forest_tau_0_5,CWE-287,0.38766031457955236,0.07710967741935484,0.9913678298237887,0.9333039406063126,0.008632170176211283,0.9228903225806452,0.12758453758210925,0.09157653844517429,0.14718622220373923,0.9261819530972936,0.5342387536215718,0.5342854346598825,0.08338667974443029,623
random_forest_tau_0_5,CWE-311,0.35376947353884347,0.4741924741924741,0.9600108060025395,0.9753015437585285,0.03998919399746059,0.5258075258075258,0.4048535761115171,0.4436591030502376,0.37784351808646577,0.9385352239045902,0.7171016400975068,0.7190844384925251,0.263213217910605,386
random_forest_tau_0_5,CWE-327,0.7001377439582893,0.7514285714285714,0.9864104881956692,0.9895944913503388,0.013589511804330772,0.24857142857142858,0.7242614933940648,0.7401538753211379,0.7131039666341078,0.9769984837218428,0.8689195298121204,0.8714090777367052,0.6953343608985392,350
random_forest_tau_0_5,CWE-330,0.9955555555555555,0.876,0.9998816568047337,0.9963592159717433,0.00011834319526627219,0.124,0.9316643490887613,0.8973911256904639,0.9319536349557691,0.996335243440415,0.9379408284023668,0.938147730216705,0.8848173793225156,250
random_forest_tau_0_5,CWE-345,0.596025641025641,0.06037735849056604,0.9970779976048016,0.9426380620473548,0.00292200239519838,0.939622641509434,0.10916234562400502,0.07351296275580255,0.1747966758307676,0.9402603944685808,0.5287276780476838,0.5293599368035948,0.0874657441269975,530
random_forest_tau_0_5,CWE-400,0.011436585461535444,0.396,0.5996462199526145,0.7283713448800132,0.4003537800473856,0.604,0.05557748180430175,0.1281502604068147,-0.03795179238626328,0.5937968166468489,0.4978231099763072,0.4977639033451645,0.021001254781583906,252
random_forest_tau_0_5,CWE-610,0.6044126984126985,0.3446540880503145,0.9926690013298444,0.9796123231798033,0.0073309986701555726,0.6553459119496855,0.4369268531778808,0.3762244348833884,0.44276491934781925,0.9728637089194864,0.6686615446900794,0.6688185272486191,0.27229310881658386,267
random_forest_tau_0_5,CWE-668,0.132607615847752,0.9835907015359069,0.07629632307921884,0.9703520583066861,0.9237036769207811,0.016409298464092982,0.2337056741751618,0.43074082541636527,0.07851080085076577,0.19020592715195955,0.529943512307563,0.529943512307563,0.07897937897664989,1097
random_forest_tau_0_5,CWE-706,0.48320294099127814,0.43271186440677967,0.9836607551357138,0.9800627019428836,0.016339244864286177,0.5672881355932203,0.4548555772853036,0.4409471758358291,0.43842161020403986,0.9648816602850048,0.7081863097712467,0.7087594318329601,0.295925571037864,298
random_forest_tau_0_5,CWE-74,0.5497951679965319,0.5711495522021838,0.9086362502179155,0.9156303435601831,0.09136374978208447,0.4288504477978162,0.5601939913435185,0.5666970268097776,0.4725313646049667,0.853505095837009,0.7398929012100497,0.7422919594201288,0.4745617585225187,1427
random_forest_tau_0_5,CWE-913,0.3414005602240896,0.24415584415584415,0.994208060283422,0.9906486456058413,0.005791939716577986,0.7558441558441558,0.2842976811397864,0.2587063739066595,0.2811312069723386,0.9850088488048361,0.6191819522196331,0.6191819522196331,0.13144595300004708,107
random_forest_tau_0_5,CWE-923,0.03788082602921057,1.0,0.0,,1.0,0.0,0.0729964130370846,0.1644808431002,,0.03788082602921057,0.5,0.5,0.0217081353565692,331
random_forest_tau_0_6,CWE-190,0.41111111111111115,0.02857142857142857,0.9993015670347101,0.9844186702470662,0.0006984329652900278,0.9714285714285715,0.08413163897034864,0.057602665154152556,0.1330237238465335,0.9837488652933695,0.5139364978030694,0.5139364978030693,0.02269542447174419,140
random_forest_tau_0_6,CWE-20,,0.0,1.0,0.9610885499502771,0.0,1.0,,,,0.9610885499502771,0.5,0.5728599380932413,0.031412963978030777,340
random_forest_tau_0_6,CWE-285,0.0,0.0,0.9983441304192047,0.9666437465836676,0.001655869580795338,1.0,,,-0.009491992124663045,0.9650960364827181,0.49917206520960233,0.5003462320473197,0.03735452262576221,291
random_forest_tau_0_6,CWE-287,0.38766031457955236,0.07710967741935484,0.9913678298237887,0.9333039406063126,0.008632170176211283,0.9228903225806452,0.12758453758210925,0.09157653844517429,0.14718622220373923,0.9261819530972936,0.5342387536215718,0.5342854346598825,0.08338667974443029,623
random_forest_tau_0_6,CWE-311,0.3581636636473193,0.46640026640026644,0.9611998666446322,0.974971660017888,0.03880013335536785,0.5335997335997336,0.40495084054920716,0.4396323915508901,0.37732911586786205,0.9393311306697978,0.7138000665224492,0.7190844384925251,0.263213217910605,386
random_forest_tau_0_6,CWE-327,0.7001377439582893,0.7514285714285714,0.9864104881956692,0.9895944913503388,0.013589511804330772,0.24857142857142858,0.7242614933940648,0.7401538753211379,0.7131039666341078,0.9769984837218428,0.8689195298121204,0.8714090777367052,0.6953343608985392,350
random_forest_tau_0_6,CWE-330,0.9955555555555555,0.876,0.9998816568047337,0.9963592159717433,0.00011834319526627219,0.124,0.9316643490887613,0.8973911256904639,0.9319536349557691,0.996335243440415,0.9379408284023668,0.938147730216705,0.8848173793225156,250
random_forest_tau_0_6,CWE-345,0.596025641025641,0.06037735849056604,0.9970779976048016,0.9426380620473548,0.00292200239519838,0.939622641509434,0.10916234562400502,0.07351296275580255,0.1747966758307676,0.9402603944685808,0.5287276780476838,0.5293599368035948,0.0874657441269975,530
random_forest_tau_0_6,CWE-400,0.0,0.0,0.999527806690329,0.9711465876731067,0.0004721933096709749,1.0,,,-0.004134400424407924,0.9707013405077156,0.4997639033451645,0.4977639033451645,0.021001254781583906,252
random_forest_tau_0_6,CWE-610,0.6044126984126985,0.3446540880503145,0.9926690013298444,0.9796123231798033,0.0073309986701555726,0.6553459119496855,0.4369268531778808,0.3762244348833884,0.44276491934781925,0.9728637089194864,0.6686615446900794,0.6688185272486191,0.27229310881658386,267
random_forest_tau_0_6,CWE-668,,0.0,1.0,0.8744522905972453,0.0,1.0,,,,0.8744522905972453,0.5,0.529943512307563,0.07897937897664989,1097
random_forest_tau_0_6,CWE-706,0.48320294099127814,0.43271186440677967,0.9836607551357138,0.9800627019428836,0.016339244864286177,0.5672881355932203,0.4548555772853036,0.4409471758358291,0.43842161020403986,0.9648816602850048,0.7081863097712467,0.7087594318329601,0.295925571037864,298
random_forest_tau_0_6,CWE-74,0.5497951679965319,0.5711495522021838,0.9086362502179155,0.9156303435601831,0.09136374978208447,0.4288504477978162,0.5601939913435185,0.5666970268097776,0.4725313646049667,0.853505095837009,0.7398929012100497,0.7422919594201288,0.4745617585225187,1427
random_forest_tau_0_6,CWE-913,0.3414005602240896,0.24415584415584415,0.994208060283422,0.9906486456058413,0.005791939716577986,0.7558441558441558,0.2842976811397864,0.2587063739066595,0.2811312069723386,0.9850088488048361,0.6191819522196331,0.6191819522196331,0.13144595300004708,107
random_forest_tau_0_6,CWE-923,,0.0,1.0,0.9621191739707895,0.0,1.0,,,,0.9621191739707895,0.5,0.5,0.0217081353565692,331
random_forest_tau_0_7,CWE-190,0.41111111111111115,0.02857142857142857,0.9993015670347101,0.9844186702470662,0.0006984329652900278,0.9714285714285715,0.08413163897034864,0.057602665154152556,0.1330237238465335,0.9837488652933695,0.5139364978030694,0.5139364978030693,0.02269542447174419,140
random_forest_tau_0_7,CWE-20,,0.0,1.0,0.9610885499502771,0.0,1.0,,,,0.9610885499502771,0.5,0.5728599380932413,0.031412963978030777,340
random_forest_tau_0_7,CWE-285,,0.0,1.0,0.9666969916236979,0.0,1.0,,,,0.9666969916236979,0.5,0.5003462320473197,0.03735452262576221,291
random_forest_tau_0_7,CWE-287,0.38766031457955236,0.07710967741935484,0.9913678298237887,0.9333039406063126,0.008632170176211283,0.9228903225806452,0.12758453758210925,0.09157653844517429,0.14718622220373923,0.9261819530972936,0.5342387536215718,0.5342854346598825,0.08338667974443029,623
random_forest_tau_0_7,CWE-311,0.37386652228880896,0.4612387612387613,0.9639676163437898,0.9748101082095773,0.0360323836562102,0.5387612387612387,0.4119322252073365,0.4398341423763534,0.38460588676387103,0.9417455186454478,0.7126031887912755,0.7190844384925251,0.263213217910605,386
random_forest_tau_0_7,CWE-327,0.7001377439582893,0.7514285714285714,0.9864104881956692,0.9895944913503388,0.013589511804330772,0.24857142857142858,0.7242614933940648,0.7401538753211379,0.7131039666341078,0.9769984837218428,0.8689195298121204,0.8714090777367052,0.6953343608985392,350
random_forest_tau_0_7,CWE-330,0.9955555555555555,0.876,0.9998816568047337,0.9963592159717433,0.00011834319526627219,0.124,0.9316643490887613,0.8973911256904639,0.9319536349557691,0.996335243440415,0.9379408284023668,0.938147730216705,0.8848173793225156,250
random_forest_tau_0_7,CWE-345,0.596025641025641,0.06037735849056604,0.9970779976048016,0.9426380620473548,0.00292200239519838,0.939622641509434,0.10916234562400502,0.07351296275580255,0.1747966758307676,0.9402603944685808,0.5287276780476838,0.5293599368035948,0.0874657441269975,530
random_forest_tau_0_7,CWE-400,,0.0,1.0,0.9711598667478709,0.0,1.0,,,,0.9711598667478709,0.5,0.4977639033451645,0.021001254781583906,252
random_forest_tau_0_7,CWE-610,0.6044126984126985,0.3446540880503145,0.9926690013298444,0.9796123231798033,0.0073309986701555726,0.6553459119496855,0.4369268531778808,0.3762244348833884,0.44276491934781925,0.9728637089194864,0.6686615446900794,0.6688185272486191,0.27229310881658386,267
random_forest_tau_0_7,CWE-668,,0.0,1.0,0.8744522905972453,0.0,1.0,,,,0.8744522905972453,0.5,0.529943512307563,0.07897937897664989,1097
random_forest_tau_0_7,CWE-706,0.48320294099127814,0.43271186440677967,0.9836607551357138,0.9800627019428836,0.016339244864286177,0.5672881355932203,0.4548555772853036,0.4409471758358291,0.43842161020403986,0.9648816602850048,0.7081863097712467,0.7087594318329601,0.295925571037864,298
random_forest_tau_0_7,CWE-74,0.5497951679965319,0.5711495522021838,0.9086362502179155,0.9156303435601831,0.09136374978208447,0.4288504477978162,0.5601939913435185,0.5666970268097776,0.4725313646049667,0.853505095837009,0.7398929012100497,0.7422919594201288,0.4745617585225187,1427
random_forest_tau_0_7,CWE-913,0.3414005602240896,0.24415584415584415,0.994208060283422,0.9906486456058413,0.005791939716577986,0.7558441558441558,0.2842976811397864,0.2587063739066595,0.2811312069723386,0.9850088488048361,0.6191819522196331,0.6191819522196331,0.13144595300004708,107
random_forest_tau_0_7,CWE-923,,0.0,1.0,0.9621191739707895,0.0,1.0,,,,0.9621191739707895,0.5,0.5,0.0217081353565692,331
random_forest_tau_0_8,CWE-190,0.41111111111111115,0.02857142857142857,0.9993015670347101,0.9844186702470662,0.0006984329652900278,0.9714285714285715,0.08413163897034864,0.057602665154152556,0.1330237238465335,0.9837488652933695,0.5139364978030694,0.5139364978030693,0.02269542447174419,140
random_forest_tau_0_8,CWE-20,,0.0,1.0,0.9610885499502771,0.0,1.0,,,,0.9610885499502771,0.5,0.5728599380932413,0.031412963978030777,340
random_forest_tau_0_8,CWE-285,,0.0,1.0,0.9666969916236979,0.0,1.0,,,,0.9666969916236979,0.5,0.5003462320473197,0.03735452262576221,291
random_forest_tau_0_8,CWE-287,0.38766031457955236,0.07710967741935484,0.9913678298237887,0.9333039406063126,0.008632170176211283,0.9228903225806452,0.12758453758210925,0.09157653844517429,0.14718622220373923,0.9261819530972936,0.5342387536215718,0.5342854346598825,0.08338667974443029,623
random_forest_tau_0_8,CWE-311,0.3915016997977188,0.45864135864135863,0.9670758596411086,0.9747722191605612,0.032924140358891275,0.5413586413586413,0.4220109345808403,0.4431299820246548,0.3947055324358782,0.9446031643677791,0.7128586091412337,0.7190844384925251,0.263213217910605,386
random_forest_tau_0_8,CWE-327,0.7001377439582893,0.7514285714285714,0.9864104881956692,0.9895944913503388,0.013589511804330772,0.24857142857142858,0.7242614933940648,0.7401538753211379,0.7131039666341078,0.9769984837218428,0.8689195298121204,0.8714090777367052,0.6953343608985392,350
random_forest_tau_0_8,CWE-330,1.0,0.8720000000000001,1.0,0.9962425410379993,0.0,0.128,0.9311932313052134,0.8946693431470949,0.9318473245647475,0.9963351773435036,0.9359999999999999,0.938147730216705,0.8848173793225156,250
random_forest_tau_0_8,CWE-345,0.596025641025641,0.06037735849056604,0.9970779976048016,0.9426380620473548,0.00292200239519838,0.939622641509434,0.10916234562400502,0.07351296275580255,0.1747966758307676,0.9402603944685808,0.5287276780476838,0.5293599368035948,0.0874657441269975,530
random_forest_tau_0_8,CWE-400,,0.0,1.0,0.9711598667478709,0.0,1.0,,,,0.9711598667478709,0.5,0.4977639033451645,0.021001254781583906,252
random_forest_tau_0_8,CWE-610,0.6022222222222222,0.33717679944095036,0.9927876252918848,0.9793878123098436,0.007212374708115241,0.6628232005590495,0.4298445046321177,0.3687258466765343,0.43676595535435003,0.9727500079530282,0.6649822123664176,0.6688185272486191,0.27229310881658386,267
random_forest_tau_0_8,CWE-668,,0.0,1.0,0.8744522905972453,0.0,1.0,,,,0.8744522905972453,0.5,0.529943512307563,0.07897937897664989,1097
random_forest_tau_0_8,CWE-706,0.48320294099127814,0.43271186440677967,0.9836607551357138,0.9800627019428836,0.016339244864286177,0.5672881355932203,0.4548555772853036,0.4409471758358291,0.43842161020403986,0.9648816602850048,0.7081863097712467,0.7087594318329601,0.295925571037864,298
random_forest_tau_0_8,CWE-74,0.6482131403229204,0.43517114464482887,0.9537923045828544,0.8964085115044196,0.0462076954171456,0.5648288553551712,0.5202337635428924,0.46555565184123104,0.46007796676910323,0.8690880988317122,0.6944817246138417,0.7422919594201288,0.4745617585225187,1427
random_forest_tau_0_8,CWE-913,0.3150326797385621,0.1393939393939394,0.9963008159523724,0.9894148081996736,0.0036991840476276487,0.8606060606060606,0.26695116168800376,0.24496138934281775,0.2625872837081633,0.9858125895214197,0.5678473776731559,0.6191819522196331,0.13144595300004708,107
random_forest_tau_0_8,CWE-923,,0.0,1.0,0.9621191739707895,0.0,1.0,,,,0.9621191739707895,0.5,0.5,0.0217081353565692,331
random_forest_tau_0_9,CWE-190,0.41666666666666663,0.014285714285714285,0.9996520343244295,0.984197397598088,0.00034796567557040164,0.9857142857142858,0.06559139784946236,0.043668954996186116,0.11764182158775027,0.9838638078221053,0.506968874305072,0.5139364978030693,0.02269542447174419,140
random_forest_tau_0_9,CWE-20,,0.0,1.0,0.9610885499502771,0.0,1.0,,,,0.9610885499502771,0.5,0.5728599380932413,0.031412963978030777,340
random_forest_tau_0_9,CWE-285,,0.0,1.0,0.9666969916236979,0.0,1.0,,,,0.9666969916236979,0.5,0.5003462320473197,0.03735452262576221,291
random_forest_tau_0_9,CWE-287,0.6526315789473685,0.017651612903225804,0.9981437048503612,0.9297531266226123,0.0018562951496388029,0.9823483870967742,0.04110814273215848,0.027062629533864447,0.08763118801736879,0.9282386402518104,0.5078976588767935,0.5342854346598825,0.08338667974443029,623
random_forest_tau_0_9,CWE-311,0.3915016997977188,0.45864135864135863,0.9670758596411086,0.9747722191605612,0.032924140358891275,0.5413586413586413,0.4220109345808403,0.4431299820246548,0.3947055324358782,0.9446031643677791,0.7128586091412337,0.7190844384925251,0.263213217910605,386
random_forest_tau_0_9,CWE-327,0.7351424659080913,0.7285714285714285,0.9885580814913743,0.988674634651546,0.011441918508625696,0.27142857142857146,0.7293478474267623,0.7282737777828808,0.7193406521911736,0.9781435912703902,0.8585647550314015,0.8714090777367052,0.6953343608985392,350
random_forest_tau_0_9,CWE-330,1.0,0.8720000000000001,1.0,0.9962425410379993,0.0,0.128,0.9311932313052134,0.8946693431470949,0.9318473245647475,0.9963351773435036,0.9359999999999999,0.938147730216705,0.8848173793225156,250
random_forest_tau_0_9,CWE-345,0.596025641025641,0.06037735849056604,0.9970779976048016,0.9426380620473548,0.00292200239519838,0.939622641509434,0.10916234562400502,0.07351296275580255,0.1747966758307676,0.9402603944685808,0.5287276780476838,0.5293599368035948,0.0874657441269975,530
random_forest_tau_0_9,CWE-400,,0.0,1.0,0.9711598667478709,0.0,1.0,,,,0.9711598667478709,0.5,0.4977639033451645,0.021001254781583906,252
random_forest_tau_0_9,CWE-610,0.6207147375079064,0.33717679944095036,0.9934988075305785,0.9794023715829419,0.006501192469421368,0.6628232005590495,0.43545778583625516,0.3704784181047536,0.4446430590783311,0.9734395318417318,0.6653378034857644,0.6688185272486191,0.27229310881658386,267
random_forest_tau_0_9,CWE-668,,0.0,1.0,0.8744522905972453,0.0,1.0,,,,0.8744522905972453,0.5,0.529943512307563,0.07897937897664989,1097
random_forest_tau_0_9,CWE-706,0.48320294099127814,0.43271186440677967,0.9836607551357138,0.9800627019428836,0.016339244864286177,0.5672881355932203,0.4548555772853036,0.4409471758358291,0.43842161020403986,0.9648816602850048,0.7081863097712467,0.7087594318329601,0.295925571037864,298
random_forest_tau_0_9,CWE-74,0.6482131403229204,0.43517114464482887,0.9537923045828544,0.8964085115044196,0.0462076954171456,0.5648288553551712,0.5202337635428924,0.46555565184123104,0.46007796676910323,0.8690880988317122,0.6944817246138417,0.7422919594201288,0.4745617585225187,1427
random_forest_tau_0_9,CWE-913,,0.0,1.0,0.9877545851659212,0.0,1.0,,,,0.9877545851659212,0.5,0.6191819522196331,0.13144595300004708,107
random_forest_tau_0_9,CWE-923,,0.0,1.0,0.9621191739707895,0.0,1.0,,,,0.9621191739707895,0.5,0.5,0.0217081353565692,331
gradient_boosting_tau_0_1,CWE-190,0.016022361785180003,1.0,0.0,,1.0,0.0,0.03153937622582422,0.0752866211481745,,0.016022361785180003,0.5,0.5139364978030693,0.02269542447174419,140
gradient_boosting_tau_0_1,CWE-20,0.038911450049722865,1.0,0.0,,1.0,0.0,0.07490805123978457,0.16835322798603888,,0.038911450049722865,0.5,0.5728599380932413,0.031412963978030777,340
gradient_boosting_tau_0_1,CWE-285,0.033172949886074984,0.9931618936294564,0.0028469527051238376,0.9486607142857143,0.9971530472948761,0.006838106370543542,0.06420135722803019,0.1463151677109577,-0.010817512363365756,0.03582611768652692,0.49800442316729016,0.5012922681029832,0.03777267009514943,291
gradient_boosting_tau_0_1,CWE-287,0.07129995516718028,1.0,0.0,,1.0,0.0,0.1331087970327322,0.2773860988272806,,0.07129995516718028,0.5,0.5342854346598825,0.08338667974443029,623
gradient_boosting_tau_0_1,CWE-311,0.044176437437980644,1.0,0.0,,1.0,0.0,0.08461463777591287,0.18771057318462436,,0.044176437437980644,0.5,0.7190844384925251,0.263213217910605,386
gradient_boosting_tau_0_1,CWE-327,0.04005590446295001,1.0,0.0,,1.0,0.0,0.07702637590742048,0.1726209858569884,,0.04005590446295001,0.5,0.8713512780452397,0.6830607347003681,350
gradient_boosting_tau_0_1,CWE-330,0.02867408766704141,1.0,0.0022443598723397035,1.0,0.9977556401276603,0.0,0.055749549707294344,0.12861793524829948,0.007583939259051325,0.030791342139238516,0.5011221799361698,0.938147730216705,0.8848173793225156,250
gradient_boosting_tau_0_1,CWE-345,0.0607324693326031,1.0,0.0013391187852032239,1.0,0.9986608812147967,0.0,0.11451029441378488,0.24431084153273014,0.008513297751461323,0.06191403636497056,0.5006695593926016,0.5293599368035948,0.0874657441269975,530
gradient_boosting_tau_0_1,CWE-400,0.028729601425236524,0.9960000000000001,0.0,0.0,1.0,0.004,0.0558480980936034,0.12878713321350152,-0.13943653879237744,0.02872643228567085,0.49800000000000005,0.4977639033451645,0.021001254781583906,252
gradient_boosting_tau_0_1,CWE-610,0.03055681487196978,1.0,0.0,,1.0,0.0,0.05930139117302187,0.13614228420424332,,0.03055681487196978,0.5,0.6688185272486191,0.27229310881658386,267
gradient_boosting_tau_0_1,CWE-668,0.12554770940275473,1.0,0.0,,1.0,0.0,0.22308629777734232,0.4178777350388125,,0.12554770940275473,0.5,0.529943512307563,0.07897937897664989,1097
gradient_boosting_tau_0_1,CWE-706,0.034156279613626904,1.0,0.001544107524530643,1.0,0.9984558924754694,0.0,0.06605605464182043,0.1502510492001679,0.006967456913181768,0.03559649286058628,0.5007720537622653,0.7087594318329601,0.295925571037864,298
gradient_boosting_tau_0_1,CWE-74,0.16331470503925044,1.0,0.0,,1.0,0.0,0.2807734017658668,0.4939127953996799,,0.16331470503925044,0.5,0.7422919594201288,0.4745617585225187,1427
gradient_boosting_tau_0_1,CWE-913,0.012245414834078849,1.0,0.0,,1.0,0.0,0.024194410471654708,0.05836678867973988,,0.012245414834078849,0.5,0.6191819522196331,0.13144595300004708,107
gradient_boosting_tau_0_1,CWE-923,0.03788082602921057,1.0,0.0,,1.0,0.0,0.0729964130370846,0.1644808431002,,0.03788082602921057,0.5,0.5,0.0217081353565692,331
gradient_boosting_tau_0_2,CWE-190,0.016022361785180003,1.0,0.0,,1.0,0.0,0.03153937622582422,0.0752866211481745,,0.016022361785180003,0.5,0.5139364978030693,0.02269542447174419,140
gradient_boosting_tau_0_2,CWE-20,0.04554112780245405,0.9617647058823529,0.18395517030412958,0.991905626089429,0.8160448296958703,0.03823529411764706,0.08696376802420572,0.19144076919507583,0.07384684807580907,0.21422433068410146,0.5728599380932413,0.5728599380932413,0.031412963978030777,340
gradient_boosting_tau_0_2,CWE-285,0.0332346788559861,0.9931618936294564,0.004746062497408704,0.9486607142857143,0.9952539375025913,0.006838106370543542,0.06431695264407403,0.1465552654887079,-0.00732562724426914,0.03766203277545406,0.49895397806343256,0.5012922681029832,0.03777267009514943,291
gradient_boosting_tau_0_2,CWE-287,0.07129995516718028,1.0,0.0,,1.0,0.0,0.1331087970327322,0.2773860988272806,,0.07129995516718028,0.5,0.5342854346598825,0.08338667974443029,623
gradient_boosting_tau_0_2,CWE-311,0.044176437437980644,1.0,0.0,,1.0,0.0,0.08461463777591287,0.18771057318462436,,0.044176437437980644,0.5,0.7190844384925251,0.263213217910605,386
gradient_boosting_tau_0_2,CWE-327,0.28385097009628085,0.8742857142857142,0.39381239257626,0.9868751715498063,0.60618760742374,0.12571428571428572,0.3130519822670764,0.3748816659286939,0.6530302124660095,0.41308770154313185,0.6340490534309872,0.8713512780452397,0.6830607347003681,350
gradient_boosting_tau_0_2,CWE-330,0.9955555555555555,0.876,0.9998816568047337,0.9963592159717433,0.00011834319526627219,0.124,0.9316643490887613,0.8973911256904639,0.9319536349557691,0.996335243440415,0.9379408284023668,0.938147730216705,0.8848173793225156,250
gradient_boosting_tau_0_2,CWE-345,0.0607324693326031,1.0,0.0013391187852032239,1.0,0.9986608812147967,0.0,0.11451029441378488,0.24431084153273014,0.008513297751461323,0.06191403636497056,0.5006695593926016,0.5293599368035948,0.0874657441269975,530
gradient_boosting_tau_0_2,CWE-400,0.028729601425236524,0.9960000000000001,0.0,0.0,1.0,0.004,0.0558480980936034,0.12878713321350152,-0.13943653879237744,0.02872643228567085,0.49800000000000005,0.4977639033451645,0.021001254781583906,252
gradient_boosting_tau_0_2,CWE-610,0.03055681487196978,1.0,0.0,,1.0,0.0,0.05930139117302187,0.13614228420424332,,0.03055681487196978,0.5,0.6688185272486191,0.27229310881658386,267
gradient_boosting_tau_0_2,CWE-668,0.132607615847752,0.9835907015359069,0.07629632307921884,0.9703520583066861,0.9237036769207811,0.016409298464092982,0.2337056741751618,0.43074082541636527,0.07851080085076577,0.19020592715195955,0.529943512307563,0.529943512307563,0.07897937897664989,1097
gradient_boosting_tau_0_2,CWE-706,0.034156279613626904,1.0,0.001544107524530643,1.0,0.9984558924754694,0.0,0.06605605464182043,0.1502510492001679,0.006967456913181768,0.03559649286058628,0.5007720537622653,0.7087594318329601,0.295925571037864,298
gradient_boosting_tau_0_2,CWE-74,0.16331470503925044,1.0,0.0,,1.0,0.0,0.2807734017658668,0.4939127953996799,,0.16331470503925044,0.5,0.7422919594201288,0.4745617585225187,1427
gradient_boosting_tau_0_2,CWE-913,0.012245414834078849,1.0,0.0,,1.0,0.0,0.024194410471654708,0.05836678867973988,,0.012245414834078849,0.5,0.6191819522196331,0.13144595300004708,107
gradient_boosting_tau_0_2,CWE-923,0.03788082602921057,1.0,0.0,,1.0,0.0,0.0729964130370846,0.1644808431002,,0.03788082602921057,0.5,0.5,0.0217081353565692,331
gradient_boosting_tau_0_3,CWE-190,0.016022361785180003,1.0,0.0,,1.0,0.0,0.03153937622582422,0.0752866211481745,,0.016022361785180003,0.5,0.5139364978030693,0.02269542447174419,140
gradient_boosting_tau_0_3,CWE-20,0.04554112780245405,0.9617647058823529,0.18395517030412958,0.991905626089429,0.8160448296958703,0.03823529411764706,0.08696376802420572,0.19144076919507583,0.07384684807580907,0.21422433068410146,0.5728599380932413,0.5728599380932413,0.031412963978030777,340
gradient_boosting_tau_0_3,CWE-285,0.03328758727132368,0.9931618936294564,0.006392153032388129,0.9589285714285714,0.9936078469676118,0.006838106370543542,0.06441609639977258,0.14676155545262495,-0.0025525578789331997,0.03925384630586907,0.4997770233309223,0.5012922681029832,0.03777267009514943,291
gradient_boosting_tau_0_3,CWE-287,0.07129995516718028,1.0,0.0,,1.0,0.0,0.1331087970327322,0.2773860988272806,,0.07129995516718028,0.5,0.5342854346598825,0.08338667974443029,623
gradient_boosting_tau_0_3,CWE-311,0.044176437437980644,1.0,0.0,,1.0,0.0,0.08461463777591287,0.18771057318462436,,0.044176437437980644,0.5,0.7190844384925251,0.263213217910605,386
gradient_boosting_tau_0_3,CWE-327,0.6978842228315287,0.7514285714285714,0.986290655960798,0.9895934855641947,0.013709344039201954,0.24857142857142858,0.7231267416210152,0.7396980348652973,0.7119131620172416,0.9768834750961959,0.8688596136946847,0.8713512780452397,0.6830607347003681,350
gradient_boosting_tau_0_3,CWE-330,0.9955555555555555,0.876,0.9998816568047337,0.9963592159717433,0.00011834319526627219,0.124,0.9316643490887613,0.8973911256904639,0.9319536349557691,0.996335243440415,0.9379408284023668,0.938147730216705,0.8848173793225156,250
gradient_boosting_tau_0_3,CWE-345,0.0607324693326031,1.0,0.0013391187852032239,1.0,0.9986608812147967,0.0,0.11451029441378488,0.24431084153273014,0.008513297751461323,0.06191403636497056,0.5006695593926016,0.5293599368035948,0.0874657441269975,530
gradient_boosting_tau_0_3,CWE-400,0.028729601425236524,0.9960000000000001,0.0,0.0,1.0,0.004,0.0558480980936034,0.12878713321350152,-0.13943653879237744,0.02872643228567085,0.49800000000000005,0.4977639033451645,0.021001254781583906,252
gradient_boosting_tau_0_3,CWE-610,0.03055681487196978,1.0,0.0,,1.0,0.0,0.05930139117302187,0.13614228420424332,,0.03055681487196978,0.5,0.6688185272486191,0.27229310881658386,267
gradient_boosting_tau_0_3,CWE-668,0.132607615847752,0.9835907015359069,0.07629632307921884,0.9703520583066861,0.9237036769207811,0.016409298464092982,0.2337056741751618,0.43074082541636527,0.07851080085076577,0.19020592715195955,0.529943512307563,0.529943512307563,0.07897937897664989,1097
gradient_boosting_tau_0_3,CWE-706,0.034156279613626904,1.0,0.001544107524530643,1.0,0.9984558924754694,0.0,0.06605605464182043,0.1502510492001679,0.006967456913181768,0.03559649286058628,0.5007720537622653,0.7087594318329601,0.295925571037864,298
gradient_boosting_tau_0_3,CWE-74,0.16576254962419512,0.9761403508771931,0.04018992242345584,0.896969696969697,0.9598100775765441,0.023859649122807018,0.28333659745662204,0.49334663810261487,0.05159510713438799,0.1931210542384093,0.5081651366503245,0.7422919594201288,0.4745617585225187,1427
gradient_boosting_tau_0_3,CWE-913,0.012245414834078849,1.0,0.0,,1.0,0.0,0.024194410471654708,0.05836678867973988,,0.012245414834078849,0.5,0.6191819522196331,0.13144595300004708,107
gradient_boosting_tau_0_3,CWE-923,0.03788082602921057,1.0,0.0,,1.0,0.0,0.0729964130370846,0.1644808431002,,0.03788082602921057,0.5,0.5,0.0217081353565692,331
gradient_boosting_tau_0_4,CWE-190,0.016022361785180003,1.0,0.0,,1.0,0.0,0.03153937622582422,0.0752866211481745,,0.016022361785180003,0.5,0.5139364978030693,0.02269542447174419,140
gradient_boosting_tau_0_4,CWE-20,0.04554112780245405,0.9617647058823529,0.18395517030412958,0.991905626089429,0.8160448296958703,0.03823529411764706,0.08696376802420572,0.19144076919507583,0.07384684807580907,0.21422433068410146,0.5728599380932413,0.5728599380932413,0.031412963978030777,340
gradient_boosting_tau_0_4,CWE-285,0.033410783305954164,0.9931618936294564,0.010176557380950168,0.9795,0.9898234426190499,0.006838106370543542,0.0646466690211489,0.14723976627874977,0.006480357524326559,0.042911594470848496,0.5016692255052033,0.5012922681029832,0.03777267009514943,291
gradient_boosting_tau_0_4,CWE-287,0.07129995516718028,1.0,0.0,,1.0,0.0,0.1331087970327322,0.2773860988272806,,0.07129995516718028,0.5,0.5342854346598825,0.08338667974443029,623
gradient_boosting_tau_0_4,CWE-311,0.35376947353884347,0.4741924741924741,0.9600108060025395,0.9753015437585285,0.03998919399746059,0.5258075258075258,0.4048535761115171,0.4436591030502376,0.37784351808646577,0.9385352239045902,0.7171016400975068,0.7190844384925251,0.263213217910605,386
gradient_boosting_tau_0_4,CWE-327,0.6978842228315287,0.7514285714285714,0.986290655960798,0.9895934855641947,0.013709344039201954,0.24857142857142858,0.7231267416210152,0.7396980348652973,0.7119131620172416,0.9768834750961959,0.8688596136946847,0.8713512780452397,0.6830607347003681,350
gradient_boosting_tau_0_4,CWE-330,0.9955555555555555,0.876,0.9998816568047337,0.9963592159717433,0.00011834319526627219,0.124,0.9316643490887613,0.8973911256904639,0.9319536349557691,0.996335243440415,0.9379408284023668,0.938147730216705,0.8848173793225156,250
gradient_boosting_tau_0_4,CWE-345,0.0607324693326031,1.0,0.0013391187852032239,1.0,0.9986608812147967,0.0,0.11451029441378488,0.24431084153273014,0.008513297751461323,0.06191403636497056,0.5006695593926016,0.5293599368035948,0.0874657441269975,530
gradient_boosting_tau_0_4,CWE-400,0.028729601425236524,0.9960000000000001,0.0,0.0,1.0,0.004,0.0558480980936034,0.12878713321350152,-0.13943653879237744,0.02872643228567085,0.49800000000000005,0.4977639033451645,0.021001254781583906,252
gradient_boosting_tau_0_4,CWE-610,0.33489497660534,0.5762403913347309,0.5949102949745437,0.9780430693864585,0.4050897050254562,0.423759608665269,0.2507374480077794,0.24793023266948774,0.3827386573836998,0.5943479383814435,0.5855753431546373,0.6688185272486191,0.27229310881658386,267
gradient_boosting_tau_0_4,CWE-668,0.132607615847752,0.9835907015359069,0.07629632307921884,0.9703520583066861,0.9237036769207811,0.016409298464092982,0.2337056741751618,0.43074082541636527,0.07851080085076577,0.19020592715195955,0.529943512307563,0.529943512307563,0.07897937897664989,1097
gradient_boosting_tau_0_4,CWE-706,0.48320294099127814,0.43271186440677967,0.9836607551357138,0.9800627019428836,0.016339244864286177,0.5672881355932203,0.4548555772853036,0.4409471758358291,0.43842161020403986,0.9648816602850048,0.7081863097712467,0.7087594318329601,0.295925571037864,298
gradient_boosting_tau_0_4,CWE-74,0.5497951679965319,0.5711495522021838,0.9086362502179155,0.9156303435601831,0.09136374978208447,0.4288504477978162,0.5601939913435185,0.5666970268097776,0.4725313646049667,0.853505095837009,0.7398929012100497,0.7422919594201288,0.4745617585225187,1427
gradient_boosting_tau_0_4,CWE-913,0.012245414834078849,1.0,0.0,,1.0,0.0,0.024194410471654708,0.05836678867973988,,0.012245414834078849,0.5,0.6191819522196331,0.13144595300004708,107
gradient_boosting_tau_0_4,CWE-923,0.03788082602921057,1.0,0.0,,1.0,0.0,0.0729964130370846,0.1644808431002,,0.03788082602921057,0.5,0.5,0.0217081353565692,331
gradient_boosting_tau_0_5,CWE-190,0.41111111111111115,0.02857142857142857,0.9993015670347101,0.9844186702470662,0.0006984329652900278,0.9714285714285715,0.08413163897034864,0.057602665154152556,0.1330237238465335,0.9837488652933695,0.5139364978030694,0.5139364978030693,0.02269542447174419,140
gradient_boosting_tau_0_5,CWE-20,0.04554112780245405,0.9617647058823529,0.18395517030412958,0.991905626089429,0.8160448296958703,0.03823529411764706,0.08696376802420572,0.19144076919507583,0.07384684807580907,0.21422433068410146,0.5728599380932413,0.5728599380932413,0.031412963978030777,340
gradient_boosting_tau_0_5,CWE-285,0.026774745615242308,0.7931618936294564,0.2081817176664645,0.9748564566007145,0.7918182823335355,0.20683810637054356,0.06475100243297854,0.1474339375141612,0.001883214210613203,0.22779309061873815,0.5006718056479605,0.5012922681029832,0.03777267009514943,291
gradient_boosting_tau_0_5,CWE-287,0.38766031457955236,0.07710967741935484,0.9913678298237887,0.9333039406063126,0.008632170176211283,0.9228903225806452,0.12758453758210925,0.09157653844517429,0.14718622220373923,0.9261819530972936,0.5342387536215718,0.5342854346598825,0.08338667974443029,623
gradient_boosting_tau_0_5,CWE-311,0.35376947353884347,0.4741924741924741,0.9600108060025395,0.9753015437585285,0.03998919399746059,0.5258075258075258,0.4048535761115171,0.4436591030502376,0.37784351808646577,0.9385352239045902,0.7171016400975068,0.7190844384925251,0.263213217910605,386
gradient_boosting_tau_0_5,CWE-327,0.6978842228315287,0.7514285714285714,0.986290655960798,0.9895934855641947,0.013709344039201954,0.24857142857142858,0.7231267416210152,0.7396980348652973,0.7119131620172416,0.9768834750961959,0.8688596136946847,0.8713512780452397,0.6830607347003681,350
gradient_boosting_tau_0_5,CWE-330,0.9955555555555555,0.876,0.9998816568047337,0.9963592159717433,0.00011834319526627219,0.124,0.9316643490887613,0.8973911256904639,0.9319536349557691,0.996335243440415,0.9379408284023668,0.938147730216705,0.8848173793225156,250
gradient_boosting_tau_0_5,CWE-345,0.596025641025641,0.06037735849056604,0.9970779976048016,0.9426380620473548,0.00292200239519838,0.939622641509434,0.10916234562400502,0.07351296275580255,0.1747966758307676,0.9402603944685808,0.5287276780476838,0.5293599368035948,0.0874657441269975,530
gradient_boosting_tau_0_5,CWE-400,0.007327586206896552,0.2,0.7996462199526144,0.9712650344763748,0.20035378004738563,0.8,0.05695142378559464,0.13117283950617284,-0.004123543584225234,0.7825404209674857,0.4998231099763072,0.4977639033451645,0.021001254781583906,252
gradient_boosting_tau_0_5,CWE-610,0.6044126984126985,0.3446540880503145,0.9926690013298444,0.9796123231798033,0.0073309986701555726,0.6553459119496855,0.4369268531778808,0.3762244348833884,0.44276491934781925,0.9728637089194864,0.6686615446900794,0.6688185272486191,0.27229310881658386,267
gradient_boosting_tau_0_5,CWE-668,0.132607615847752,0.9835907015359069,0.07629632307921884,0.9703520583066861,0.9237036769207811,0.016409298464092982,0.2337056741751618,0.43074082541636527,0.07851080085076577,0.19020592715195955,0.529943512307563,0.529943512307563,0.07897937897664989,1097
gradient_boosting_tau_0_5,CWE-706,0.48320294099127814,0.43271186440677967,0.9836607551357138,0.9800627019428836,0.016339244864286177,0.5672881355932203,0.4548555772853036,0.4409471758358291,0.43842161020403986,0.9648816602850048,0.7081863097712467,0.7087594318329601,0.295925571037864,298
gradient_boosting_tau_0_5,CWE-74,0.5497951679965319,0.5711495522021838,0.9086362502179155,0.9156303435601831,0.09136374978208447,0.4288504477978162,0.5601939913435185,0.5666970268097776,0.4725313646049667,0.853505095837009,0.7398929012100497,0.7422919594201288,0.4745617585225187,1427
gradient_boosting_tau_0_5,CWE-913,0.3414005602240896,0.24415584415584415,0.994208060283422,0.9906486456058413,0.005791939716577986,0.7558441558441558,0.2842976811397864,0.2587063739066595,0.2811312069723386,0.9850088488048361,0.6191819522196331,0.6191819522196331,0.13144595300004708,107
gradient_boosting_tau_0_5,CWE-923,0.03797070280371049,0.8,0.2,0.9624786810687891,0.8,0.2,0.07316332451553383,0.16482003558558123,,0.22287229845672624,0.5,0.5,0.0217081353565692,331
gradient_boosting_tau_0_6,CWE-190,0.41111111111111115,0.02857142857142857,0.9993015670347101,0.9844186702470662,0.0006984329652900278,0.9714285714285715,0.08413163897034864,0.057602665154152556,0.1330237238465335,0.9837488652933695,0.5139364978030694,0.5139364978030693,0.02269542447174419,140
gradient_boosting_tau_0_6,CWE-20,,0.0,1.0,0.9610885499502771,0.0,1.0,,,,0.9610885499502771,0.5,0.5728599380932413,0.031412963978030777,340
gradient_boosting_tau_0_6,CWE-285,0.0,0.0,0.9992945326278659,0.9666744200684627,0.0007054673721340387,1.0,,,-0.010803053009111246,0.9660147858249488,0.49964726631393297,0.5012922681029832,0.03777267009514943,291
gradient_boosting_tau_0_6,CWE-287,0.38766031457955236,0.07710967741935484,0.9913678298237887,0.9333039406063126,0.008632170176211283,0.9228903225806452,0.12758453758210925,0.09157653844517429,0.14718622220373923,0.9261819530972936,0.5342387536215718,0.5342854346598825,0.08338667974443029,623
gradient_boosting_tau_0_6,CWE-311,0.3581636636473193,0.46640026640026644,0.9611998666446322,0.974971660017888,0.03880013335536785,0.5335997335997336,0.40495084054920716,0.4396323915508901,0.37732911586786205,0.9393311306697978,0.7138000665224492,0.7190844384925251,0.263213217910605,386
gradient_boosting_tau_0_6,CWE-327,0.6978842228315287,0.7514285714285714,0.986290655960798,0.9895934855641947,0.013709344039201954,0.24857142857142858,0.7231267416210152,0.7396980348652973,0.7119131620172416,0.9768834750961959,0.8688596136946847,0.8713512780452397,0.6830607347003681,350
gradient_boosting_tau_0_6,CWE-330,0.9955555555555555,0.876,0.9998816568047337,0.9963592159717433,0.00011834319526627219,0.124,0.9316643490887613,0.8973911256904639,0.9319536349557691,0.996335243440415,0.9379408284023668,0.938147730216705,0.8848173793225156,250
gradient_boosting_tau_0_6,CWE-345,0.596025641025641,0.06037735849056604,0.9970779976048016,0.9426380620473548,0.00292200239519838,0.939622641509434,0.10916234562400502,0.07351296275580255,0.1747966758307676,0.9402603944685808,0.5287276780476838,0.5293599368035948,0.0874657441269975,530
gradient_boosting_tau_0_6,CWE-400,0.0,0.0,0.999527806690329,0.9711465876731067,0.0004721933096709749,1.0,,,-0.004134400424407924,0.9707013405077156,0.4997639033451645,0.4977639033451645,0.021001254781583906,252
gradient_boosting_tau_0_6,CWE-610,0.6044126984126985,0.3446540880503145,0.9926690013298444,0.9796123231798033,0.0073309986701555726,0.6553459119496855,0.4369268531778808,0.3762244348833884,0.44276491934781925,0.9728637089194864,0.6686615446900794,0.6688185272486191,0.27229310881658386,267
gradient_boosting_tau_0_6,CWE-668,,0.0,1.0,0.8744522905972453,0.0,1.0,,,,0.8744522905972453,0.5,0.529943512307563,0.07897937897664989,1097
gradient_boosting_tau_0_6,CWE-706,0.48320294099127814,0.43271186440677967,0.9836607551357138,0.9800627019428836,0.016339244864286177,0.5672881355932203,0.4548555772853036,0.4409471758358291,0.43842161020403986,0.9648816602850048,0.7081863097712467,0.7087594318329601,0.295925571037864,298
gradient_boosting_tau_0_6,CWE-74,0.5497951679965319,0.5711495522021838,0.9086362502179155,0.9156303435601831,0.09136374978208447,0.4288504477978162,0.5601939913435185,0.5666970268097776,0.4725313646049667,0.853505095837009,0.7398929012100497,0.7422919594201288,0.4745617585225187,1427
gradient_boosting_tau_0_6,CWE-913,0.3414005602240896,0.24415584415584415,0.994208060283422,0.9906486456058413,0.005791939716577986,0.7558441558441558,0.2842976811397864,0.2587063739066595,0.2811312069723386,0.9850088488048361,0.6191819522196331,0.6191819522196331,0.13144595300004708,107
gradient_boosting_tau_0_6,CWE-923,,0.0,1.0,0.9621191739707895,0.0,1.0,,,,0.9621191739707895,0.5,0.5,0.0217081353565692,331
gradient_boosting_tau_0_7,CWE-190,0.41111111111111115,0.02857142857142857,0.9993015670347101,0.9844186702470662,0.0006984329652900278,0.9714285714285715,0.08413163897034864,0.057602665154152556,0.1330237238465335,0.9837488652933695,0.5139364978030694,0.5139364978030693,0.02269542447174419,140
gradient_boosting_tau_0_7,CWE-20,,0.0,1.0,0.9610885499502771,0.0,1.0,,,,0.9610885499502771,0.5,0.5728599380932413,0.031412963978030777,340
gradient_boosting_tau_0_7,CWE-285,,0.0,1.0,0.9666969916236979,0.0,1.0,,,,0.9666969916236979,0.5,0.5012922681029832,0.03777267009514943,291
gradient_boosting_tau_0_7,CWE-287,0.38766031457955236,0.07710967741935484,0.9913678298237887,0.9333039406063126,0.008632170176211283,0.9228903225806452,0.12758453758210925,0.09157653844517429,0.14718622220373923,0.9261819530972936,0.5342387536215718,0.5342854346598825,0.08338667974443029,623
gradient_boosting_tau_0_7,CWE-311,0.38271267613496274,0.45864135864135863,0.9655152353914088,0.9747307774332642,0.03448476460859116,0.5413586413586413,0.41639181431641115,0.44048057844016764,0.38901633355527643,0.943111483358026,0.7120782970163837,0.7190844384925251,0.263213217910605,386
gradient_boosting_tau_0_7,CWE-327,0.7001377439582893,0.7514285714285714,0.9864104881956692,0.9895944913503388,0.013589511804330772,0.24857142857142858,0.7242614933940648,0.7401538753211379,0.7131039666341078,0.9769984837218428,0.8689195298121204,0.8713512780452397,0.6830607347003681,350
gradient_boosting_tau_0_7,CWE-330,0.9955555555555555,0.876,0.9998816568047337,0.9963592159717433,0.00011834319526627219,0.124,0.9316643490887613,0.8973911256904639,0.9319536349557691,0.996335243440415,0.9379408284023668,0.938147730216705,0.8848173793225156,250
gradient_boosting_tau_0_7,CWE-345,0.596025641025641,0.06037735849056604,0.9970779976048016,0.9426380620473548,0.00292200239519838,0.939622641509434,0.10916234562400502,0.07351296275580255,0.1747966758307676,0.9402603944685808,0.5287276780476838,0.5293599368035948,0.0874657441269975,530
gradient_boosting_tau_0_7,CWE-400,0.0,0.0,0.999527806690329,0.9711465876731067,0.0004721933096709749,1.0,,,-0.004134400424407924,0.9707013405077156,0.4997639033451645,0.4977639033451645,0.021001254781583906,252
gradient_boosting_tau_0_7,CWE-610,0.6017460317460317,0.34088050314465407,0.9926690013298444,0.9794994426317543,0.0073309986701555726,0.659119496855346,0.4328642491152769,0.37229108724697274,0.4390599433673638,0.9727500079530282,0.6667747522372492,0.6688185272486191,0.27229310881658386,267
gradient_boosting_tau_0_7,CWE-668,,0.0,1.0,0.8744522905972453,0.0,1.0,,,,0.8744522905972453,0.5,0.529943512307563,0.07897937897664989,1097
gradient_boosting_tau_0_7,CWE-706,0.48320294099127814,0.43271186440677967,0.9836607551357138,0.9800627019428836,0.016339244864286177,0.5672881355932203,0.4548555772853036,0.4409471758358291,0.43842161020403986,0.9648816602850048,0.7081863097712467,0.7087594318329601,0.295925571037864,298
gradient_boosting_tau_0_7,CWE-74,0.5497951679965319,0.5711495522021838,0.9086362502179155,0.9156303435601831,0.09136374978208447,0.4288504477978162,0.5601939913435185,0.5666970268097776,0.4725313646049667,0.853505095837009,0.7398929012100497,0.7422919594201288,0.4745617585225187,1427
gradient_boosting_tau_0_7,CWE-913,0.3414005602240896,0.24415584415584415,0.994208060283422,0.9906486456058413,0.005791939716577986,0.7558441558441558,0.2842976811397864,0.2587063739066595,0.2811312069723386,0.9850088488048361,0.6191819522196331,0.6191819522196331,0.13144595300004708,107
gradient_boosting_tau_0_7,CWE-923,,0.0,1.0,0.9621191739707895,0.0,1.0,,,,0.9621191739707895,0.5,0.5,0.0217081353565692,331
gradient_boosting_tau_0_8,CWE-190,0.41111111111111115,0.02857142857142857,0.9993015670347101,0.9844186702470662,0.0006984329652900278,0.9714285714285715,0.08413163897034864,0.057602665154152556,0.1330237238465335,0.9837488652933695,0.5139364978030694,0.5139364978030693,0.02269542447174419,140
gradient_boosting_tau_0_8,CWE-20,,0.0,1.0,0.9610885499502771,0.0,1.0,,,,0.9610885499502771,0.5,0.5728599380932413,0.031412963978030777,340
gradient_boosting_tau_0_8,CWE-285,,0.0,1.0,0.9666969916236979,0.0,1.0,,,,0.9666969916236979,0.5,0.5012922681029832,0.03777267009514943,291
gradient_boosting_tau_0_8,CWE-287,0.38766031457955236,0.07710967741935484,0.9913678298237887,0.9333039406063126,0.008632170176211283,0.9228903225806452,0.12758453758210925,0.09157653844517429,0.14718622220373923,0.9261819530972936,0.5342387536215718,0.5342854346598825,0.08338667974443029,623
gradient_boosting_tau_0_8,CWE-311,0.3915016997977188,0.45864135864135863,0.9670758596411086,0.9747722191605612,0.032924140358891275,0.5413586413586413,0.4220109345808403,0.4431299820246548,0.3947055324358782,0.9446031643677791,0.7128586091412337,0.7190844384925251,0.263213217910605,386
gradient_boosting_tau_0_8,CWE-327,0.7001377439582893,0.7514285714285714,0.9864104881956692,0.9895944913503388,0.013589511804330772,0.24857142857142858,0.7242614933940648,0.7401538753211379,0.7131039666341078,0.9769984837218428,0.8689195298121204,0.8713512780452397,0.6830607347003681,350
gradient_boosting_tau_0_8,CWE-330,0.9955555555555555,0.876,0.9998816568047337,0.9963592159717433,0.00011834319526627219,0.124,0.9316643490887613,0.8973911256904639,0.9319536349557691,0.996335243440415,0.9379408284023668,0.938147730216705,0.8848173793225156,250
gradient_boosting_tau_0_8,CWE-345,0.596025641025641,0.06037735849056604,0.9970779976048016,0.9426380620473548,0.00292200239519838,0.939622641509434,0.10916234562400502,0.07351296275580255,0.1747966758307676,0.9402603944685808,0.5287276780476838,0.5293599368035948,0.0874657441269975,530
gradient_boosting_tau_0_8,CWE-400,0.0,0.0,0.9996459401811737,0.9711498811487973,0.0003540598188263205,1.0,,,-0.0041400375653538836,0.9708160852007734,0.49982297009058685,0.4977639033451645,0.021001254781583906,252
gradient_boosting_tau_0_8,CWE-610,0.6022222222222222,0.33717679944095036,0.9927876252918848,0.9793878123098436,0.007212374708115241,0.6628232005590495,0.4298445046321177,0.3687258466765343,0.43676595535435003,0.9727500079530282,0.6649822123664176,0.6688185272486191,0.27229310881658386,267
gradient_boosting_tau_0_8,CWE-668,,0.0,1.0,0.8744522905972453,0.0,1.0,,,,0.8744522905972453,0.5,0.529943512307563,0.07897937897664989,1097
gradient_boosting_tau_0_8,CWE-706,0.48320294099127814,0.43271186440677967,0.9836607551357138,0.9800627019428836,0.016339244864286177,0.5672881355932203,0.4548555772853036,0.4409471758358291,0.43842161020403986,0.9648816602850048,0.7081863097712467,0.7087594318329601,0.295925571037864,298
gradient_boosting_tau_0_8,CWE-74,0.6482131403229204,0.43517114464482887,0.9537923045828544,0.8964085115044196,0.0462076954171456,0.5648288553551712,0.5202337635428924,0.46555565184123104,0.46007796676910323,0.8690880988317122,0.6944817246138417,0.7422919594201288,0.4745617585225187,1427
gradient_boosting_tau_0_8,CWE-913,0.3414005602240896,0.24415584415584415,0.994208060283422,0.9906486456058413,0.005791939716577986,0.7558441558441558,0.2842976811397864,0.2587063739066595,0.2811312069723386,0.9850088488048361,0.6191819522196331,0.6191819522196331,0.13144595300004708,107
gradient_boosting_tau_0_8,CWE-923,,0.0,1.0,0.9621191739707895,0.0,1.0,,,,0.9621191739707895,0.5,0.5,0.0217081353565692,331
gradient_boosting_tau_0_9,CWE-190,0.41111111111111115,0.02857142857142857,0.9993015670347101,0.9844186702470662,0.0006984329652900278,0.9714285714285715,0.08413163897034864,0.057602665154152556,0.1330237238465335,0.9837488652933695,0.5139364978030694,0.5139364978030693,0.02269542447174419,140
gradient_boosting_tau_0_9,CWE-20,,0.0,1.0,0.9610885499502771,0.0,1.0,,,,0.9610885499502771,0.5,0.5728599380932413,0.031412963978030777,340
gradient_boosting_tau_0_9,CWE-285,,0.0,1.0,0.9666969916236979,0.0,1.0,,,,0.9666969916236979,0.5,0.5012922681029832,0.03777267009514943,291
gradient_boosting_tau_0_9,CWE-287,0.75,0.011264516129032258,0.999877450980392,0.9294375790923335,0.00012254901960784314,0.9887354838709678,0.03682872974211557,0.023353586750240376,0.09696865629604086,0.929387867703489,0.5055709835547122,0.5342854346598825,0.08338667974443029,623
gradient_boosting_tau_0_9,CWE-311,0.3915016997977188,0.45864135864135863,0.9670758596411086,0.9747722191605612,0.032924140358891275,0.5413586413586413,0.4220109345808403,0.4431299820246548,0.3947055324358782,0.9446031643677791,0.7128586091412337,0.7190844384925251,0.263213217910605,386
gradient_boosting_tau_0_9,CWE-327,0.7351424659080913,0.7285714285714285,0.9885580814913743,0.988674634651546,0.011441918508625696,0.27142857142857146,0.7293478474267623,0.7282737777828808,0.7193406521911736,0.9781435912703902,0.8585647550314015,0.8713512780452397,0.6830607347003681,350
gradient_boosting_tau_0_9,CWE-330,0.9955555555555555,0.8720000000000001,0.9998816568047337,0.9962421236060406,0.00011834319526627219,0.128,0.9292223466467588,0.8939333110293297,0.9296847552540639,0.9962202348147681,0.9359408284023669,0.938147730216705,0.8848173793225156,250
gradient_boosting_tau_0_9,CWE-345,0.596025641025641,0.06037735849056604,0.9970779976048016,0.9426380620473548,0.00292200239519838,0.939622641509434,0.10916234562400502,0.07351296275580255,0.1747966758307676,0.9402603944685808,0.5287276780476838,0.5293599368035948,0.0874657441269975,530
gradient_boosting_tau_0_9,CWE-400,0.0,0.0,0.9998815867377147,0.971156495805395,0.00011841326228537595,1.0,,,-0.004166970944955995,0.9710449242191354,0.49994079336885733,0.4977639033451645,0.021001254781583906,252
gradient_boosting_tau_0_9,CWE-610,0.6103921568627451,0.33717679944095036,0.9930243116824172,0.9793916515248886,0.006975688317582697,0.6628232005590495,0.43242748280595206,0.3695454113237936,0.44024861272431337,0.9729794973391442,0.6651005555616838,0.6688185272486191,0.27229310881658386,267
gradient_boosting_tau_0_9,CWE-668,,0.0,1.0,0.8744522905972453,0.0,1.0,,,,0.8744522905972453,0.5,0.529943512307563,0.07897937897664989,1097
gradient_boosting_tau_0_9,CWE-706,0.48320294099127814,0.43271186440677967,0.9836607551357138,0.9800627019428836,0.016339244864286177,0.5672881355932203,0.4548555772853036,0.4409471758358291,0.43842161020403986,0.9648816602850048,0.7081863097712467,0.7087594318329601,0.295925571037864,298
gradient_boosting_tau_0_9,CWE-74,0.6297860196467407,0.25511225616488775,0.9706035000855158,0.8713828812834737,0.02939649991448428,0.7448877438351122,0.5071675567651194,0.4545148810221948,0.44393840998998896,0.8537680980466751,0.6128578781252016,0.7422919594201288,0.4745617585225187,1427
gradient_boosting_tau_0_9,CWE-913,0.3414005602240896,0.24415584415584415,0.994208060283422,0.9906486456058413,0.005791939716577986,0.7558441558441558,0.2842976811397864,0.2587063739066595,0.2811312069723386,0.9850088488048361,0.6191819522196331,0.6191819522196331,0.13144595300004708,107
gradient_boosting_tau_0_9,CWE-923,,0.0,1.0,0.9621191739707895,0.0,1.0,,,,0.9621191739707895,0.5,0.5,0.0217081353565692,331
