strategy,family,precision,recall,specificity,npv,fpr,fnr,f1,f2,mcc,accuracy,balanced_accuracy,roc_auc,pr_auc,positive_support
tool:codeql,CWE-1164,0.0,0.0,0.975994046336725,0.9996854748295299,0.02400595366327484,1.0,,,-0.0027468166717123945,0.975694428067414,0.4879970231683625,0.4879970231683625,0.00016675522267811728,74
tool:codeql,CWE-118,0.3631072631072631,0.008880491261218705,0.9992927557129951,0.9564325524740027,0.0007072442870049655,0.9911195087387814,0.017335967452992103,0.0110329888533824,0.051088802326619706,0.9558028092196424,0.5040866234871069,0.5040866234871069,0.047782247601560114,10585
tool:codeql,CWE-190,0.023098470157293688,0.002135231316725979,0.9994658828751823,0.9941766121789385,0.0005341171248175887,0.997864768683274,0.006495460295317921,0.0043441425353044376,0.005236684166132889,0.9936487738369479,0.5008005570959542,0.5008005570959542,0.006354680781249618,1406
tool:codeql,CWE-191,0.0,0.0,0.9997675272815043,0.9993070541089205,0.000232472718495725,1.0,,,-0.0004004409669795185,0.9990749033559755,0.49988376364075215,0.49988376364075215,0.000394767645824421,167
tool:codeql,CWE-20,0.055885680783346284,0.007789516183298567,0.9989085475727574,0.992063293374799,0.0010914524272426583,0.9922104838167014,0.0136627716620655,0.009406850692295729,0.01790520713617529,0.990989650897171,0.5033490318780279,0.5033490318780279,0.010938175217127404,1926
tool:codeql,CWE-269,,0.0,1.0,0.9995146351360884,0.0,1.0,,,,0.9995146351360884,0.5,0.5,0.000632828939766695,117
tool:codeql,CWE-285,0.04892598064075144,0.03176691729323308,0.999277323255557,0.9988624706045091,0.0007226767444430812,0.968233082706767,0.03842640682533399,0.034119877256053074,0.038467380763255066,0.998141506580645,0.515522120274395,0.5155221202743949,0.002779575742748009,283
tool:codeql,CWE-287,1.0,0.003125,1.0,0.9986807989798443,0.0,0.996875,0.03076923076923077,0.019455252918287938,0.12491829428743362,0.9986808044016172,0.5015625,0.5015625,0.00457491181416798,319
tool:codeql,CWE-311,0.0,0.0,0.9999958506224067,0.9998299140757452,4.149377593360996e-06,1.0,,,-5.867680007057548e-05,0.9998257660752099,0.49999792531120335,0.49999792531120335,0.00016470027550509906,41
tool:codeql,CWE-369,0.0,0.0,0.9999916945246154,0.9988633248640669,8.30547538464733e-06,1.0,,,-0.00021765167455566674,0.9988550383263822,0.4999958472623077,0.4999958472623077,0.0009671729465448042,274
tool:codeql,CWE-400,0.0,0.0,0.9999126738719836,0.9976020072173295,8.732612801637868e-05,1.0,,,-0.0004514962447198895,0.9975150994550906,0.4999563369359918,0.4999563369359918,0.002207524115778294,578
tool:codeql,CWE-404,0.00909090909090909,0.0008163265306122449,0.9996122264546798,0.9949120616228274,0.0003877735453201019,0.9991836734693876,0.007490636704119851,0.004990019960079841,0.0013261319267718961,0.9945282466038753,0.500214276492646,0.500214276492646,0.0032393513344433885,1227
tool:codeql,CWE-476,,0.0,1.0,0.9930182196573243,0.0,1.0,,,,0.9930182196573243,0.5,0.5,0.008287631342646888,1683
tool:codeql,CWE-573,0.0,0.0,0.9999336115076984,0.999775970964528,6.638849230157688e-05,1.0,,,-0.00012057909153579037,0.9997096124198936,0.4999668057538492,0.4999668057538492,0.00019076012300408516,54
tool:codeql,CWE-662,0.032467532467532464,0.002515723270440252,0.9997627549332444,0.9967095031407721,0.00023724506675554578,0.9974842767295599,0.01166269976198572,0.007710141481393413,0.008143979640513374,0.9964738458000031,0.5011392391018423,0.5011392391018423,0.006164430777898677,795
tool:codeql,CWE-665,0.019111111111111113,0.014039408866995073,0.9995932151103724,0.9994231318901186,0.00040678488962769214,0.9859605911330049,0.04014452027298274,0.0369048916003922,0.015831003798512218,0.9990168236027397,0.5068163119886837,0.5068163119886837,0.011049003314333986,141
tool:codeql,CWE-668,0.0625,0.0007326007326007326,0.9999249066544879,0.9943452668971332,7.509334551216527e-05,0.9992673992673993,0.007220216606498195,0.0045620437956204385,0.006845828321304359,0.9942710442336669,0.5003287536935443,0.5003287536935443,0.00502329196349235,1364
tool:codeql,CWE-704,0.011764705882352941,0.0022727272727272726,0.9995968626476402,0.9981781051326752,0.0004031373523597434,0.9977272727272727,0.019047619047619046,0.013550135501355016,0.004319636148133632,0.997776444577202,0.5009347949601838,0.5009347949601838,0.001714602156741176,440
tool:codeql,CWE-705,,0.0,1.0,0.9989048190667192,0.0,1.0,,,,0.9989048190667192,0.5,0.5,0.0012428230768391016,264
tool:codeql,CWE-706,0.0,0.0,0.9999875127473569,0.9966521884862924,1.2487252643182556e-05,1.0,,,-0.00026418036026183066,0.9966397848420481,0.49999375637367843,0.49999375637367843,0.0022821116717267596,807
tool:codeql,CWE-74,,0.0,1.0,0.9961087884430768,0.0,1.0,,,,0.9961087884430768,0.5,0.5,0.0024497442413196706,938
tool:codeql,CWE-754,0.023859649122807018,0.011942959001782532,0.9997218604414385,0.9993153158381671,0.0002781395585613397,0.9880570409982175,0.03970125786163522,0.03313583497915295,0.01642528978926666,0.9990375651548471,0.5058324097216106,0.5058324097216106,0.0095182968376222,167
tool:codeql,CWE-834,0.06000000000000001,0.008571428571428572,0.9998213582653916,0.9985560759015856,0.00017864173460845368,0.9914285714285714,0.024999999999999998,0.017241379310344827,0.022171445482310828,0.9983779698079485,0.50419639341841,0.50419639341841,0.0024494834926427813,351
tool:cppcheck,CWE-1164,,0.0,1.0,0.9996930176638366,0.0,1.0,,,,0.9996930176638366,0.5,0.5,0.00016675522267811728,74
tool:cppcheck,CWE-118,0.40143850982930906,0.0065186584789796885,0.9995617696985193,0.9563445019368793,0.0004382303014808079,0.9934813415210202,0.012825507360278071,0.00811481294103773,0.04654242005788699,0.9559562964297207,0.5030402140887494,0.5030402140887494,0.0475248710180209,10585
tool:cppcheck,CWE-190,0.10588245088245088,0.004979682491607985,0.9997079024883153,0.9941945139502867,0.0002920975116847324,0.995020317508392,0.009484280209062968,0.006147373882540687,0.02151365382297517,0.9939059750886241,0.5023437924899616,0.5023437924899616,0.007038753250393996,1406
tool:cppcheck,CWE-191,,0.0,1.0,0.9993072150549308,0.0,1.0,,,,0.9993072150549308,0.5,0.5,0.0003948013545587435,167
tool:cppcheck,CWE-20,,0.0,1.0,0.992010154998088,0.0,1.0,,,,0.992010154998088,0.5,0.5,0.009017801424568515,1926
tool:cppcheck,CWE-269,,0.0,1.0,0.9995146351360884,0.0,1.0,,,,0.9995146351360884,0.5,0.5,0.000632828939766695,117
tool:cppcheck,CWE-285,,0.0,1.0,0.9988259981916829,0.0,1.0,,,,0.9988259981916829,0.5,0.5,0.0012657742977513556,283
tool:cppcheck,CWE-287,,0.0,1.0,0.998676655712603,0.0,1.0,,,,0.998676655712603,0.5,0.5,0.0014428917328409285,319
tool:cppcheck,CWE-311,,0.0,1.0,0.9998299147642242,0.0,1.0,,,,0.9998299147642242,0.5,0.5,0.00016470132092492285,41
tool:cppcheck,CWE-369,0.2,0.0036363636363636364,0.9999501612833898,0.9988674217438035,4.983871661017863e-05,0.9963636363636363,0.03571428571428572,0.02262443438914027,0.026748559909805892,0.998817700985767,0.5017932624598768,0.5017932624598768,0.004611247186564682,274
tool:cppcheck,CWE-400,0.0,0.0,0.999995841304167,0.9976022061763696,4.158695832986775e-06,1.0,,,-0.0002236853403274947,0.9975980674703024,0.4999979206520835,0.4999979206520835,0.0022076588292831664,578
tool:cppcheck,CWE-404,0.004545454545454545,0.0008130081300813009,0.9990660008236499,0.9949092934403782,0.0009339991763500215,0.9991869918699188,0.006896551724137932,0.004863813229571985,-0.00025734731003464645,0.9939848000938888,0.49993950447686564,0.49993950447686564,0.0032202826243086444,1227
tool:cppcheck,CWE-476,0.05561539452043822,0.013660449342941925,0.99836237991539,0.9931017593204974,0.001637620084610076,0.9863395506570581,0.02187013014683418,0.016071827663304276,0.02414414275632902,0.991487448233151,0.5060114146291659,0.5060114146291659,0.011011894374068543,1683
tool:cppcheck,CWE-573,0.0,0.0,0.9985892266760544,0.9997756689211258,0.0014107733239456697,1.0,,,-0.0005619933462714066,0.9983655292476603,0.4992946133380272,0.4992946133380272,0.00019048006489427342,54
tool:cppcheck,CWE-662,,0.0,1.0,0.9967020111331151,0.0,1.0,,,,0.9967020111331151,0.5,0.5,0.0036484163289572913,795
tool:cppcheck,CWE-665,0.00657504123144585,0.020935960591133004,0.9981528711773187,0.9994264545197706,0.001847128822681331,0.9790640394088669,0.02495126705653021,0.03629114700470252,0.010683238888154898,0.9975814704768812,0.5095444158842259,0.5095444158842258,0.0024424025745389973,141
tool:cppcheck,CWE-668,,0.0,1.0,0.9943415640307777,0.0,1.0,,,,0.9943415640307777,0.5,0.5,0.00477826365335674,1364
tool:cppcheck,CWE-704,0.0,0.0,0.9999335032978884,0.998174576820211,6.649670211157695e-05,1.0,,,-0.0003426493226057822,0.998108322661367,0.4999667516489442,0.4999667516489442,0.0011457899970253838,440
tool:cppcheck,CWE-705,,0.0,1.0,0.9989048190667192,0.0,1.0,,,,0.9989048190667192,0.5,0.5,0.0012428230768391016,264
tool:cppcheck,CWE-706,,0.0,1.0,0.9966522302207153,0.0,1.0,,,,0.9966522302207153,0.5,0.5,0.002282130205693362,807
tool:cppcheck,CWE-74,,0.0,1.0,0.9961087884430768,0.0,1.0,,,,0.9961087884430768,0.5,0.5,0.0024497442413196706,938
tool:cppcheck,CWE-754,0.0,0.0,0.9996678951067436,0.9993069843655984,0.0003321048932564026,1.0,,,-0.0004755372338957638,0.9989753395522056,0.4998339475533718,0.4998339475533718,0.0005133607292930717,167
tool:cppcheck,CWE-834,,0.0,1.0,0.9985439065268225,0.0,1.0,,,,0.9985439065268225,0.5,0.5,0.0015444459764825857,351
tool:flawfinder,CWE-1164,,0.0,1.0,0.9996930176638366,0.0,1.0,,,,0.9996930176638366,0.5,0.5,0.00016675522267811728,74
tool:flawfinder,CWE-118,0.23313523339424425,0.37316957959376473,0.9436241073493153,0.970394582729012,0.0563758926506846,0.6268304204062353,0.28697080767806205,0.33313781454497693,0.2539190811839812,0.918574917007243,0.6583968434715401,0.6583968434715401,0.12436087077545896,10585
tool:flawfinder,CWE-190,0.05835938001273312,0.047641402286666155,0.9955309920641122,0.9944189396717833,0.004469007935887818,0.9523585977133339,0.05240120881512807,0.04942711310974477,0.04770851491074184,0.9900023277901416,0.5215861971753892,0.5215861971753892,0.008085264194641586,1406
tool:flawfinder,CWE-191,,0.0,1.0,0.9993072150549308,0.0,1.0,,,,0.9993072150549308,0.5,0.5,0.0003948013545587435,167
tool:flawfinder,CWE-20,0.040125996932479945,0.06854451248233631,0.986810511075379,0.992454909210226,0.013189488924621046,0.9314554875176636,0.050602948972228945,0.060022427789166874,0.04246050550552939,0.9794736376699064,0.5276775117788576,0.5276775117788576,0.012831790291538891,1926
tool:flawfinder,CWE-269,0.0,0.0,0.9998256848946274,0.999514550797436,0.00017431510537251592,1.0,,,-0.0002891687803676932,0.9993404043949324,0.4999128424473137,0.4999128424473137,0.0006326988829934947,117
tool:flawfinder,CWE-285,0.0,0.0,0.9994268387158076,0.9988253247152485,0.0005731612841924344,1.0,,,-0.000816414545622603,0.9982535107725903,0.4997134193579038,0.4997134193579038,0.0012653412673259098,283
tool:flawfinder,CWE-287,,0.0,1.0,0.998676655712603,0.0,1.0,,,,0.998676655712603,0.5,0.5,0.0014428917328409285,319
tool:flawfinder,CWE-311,,0.0,1.0,0.9998299147642242,0.0,1.0,,,,0.9998299147642242,0.5,0.5,0.00016470132092492285,41
tool:flawfinder,CWE-369,,0.0,1.0,0.9988633343277096,0.0,1.0,,,,0.9988633343277096,0.5,0.5,0.0009671860640133119,274
tool:flawfinder,CWE-400,0.0,0.0,0.9999293075312808,0.9976020470647292,7.069246871919972e-05,1.0,,,-0.0004070112917153231,0.997531693178547,0.4999646537656404,0.4999646537656404,0.002207527090468598,578
tool:flawfinder,CWE-404,,0.0,1.0,0.9949098971680701,0.0,1.0,,,,0.9949098971680701,0.5,0.5,0.003184651659246225,1227
tool:flawfinder,CWE-476,,0.0,1.0,0.9930182196573243,0.0,1.0,,,,0.9930182196573243,0.5,0.5,0.008287631342646888,1683
tool:flawfinder,CWE-573,,0.0,1.0,0.9997759859372172,0.0,1.0,,,,0.9997759859372172,0.5,0.5,0.00019077708637504058,54
tool:flawfinder,CWE-662,0.008249793345950801,0.02138364779874214,0.9914884249526141,0.9967446892176837,0.008511575047385967,0.9786163522012579,0.011904567705208872,0.016216711879718966,0.00801725489548288,0.9882890313444115,0.5064360363756781,0.5064360363756781,0.005463349371722906,795
tool:flawfinder,CWE-665,,0.0,1.0,0.9994150734833767,0.0,1.0,,,,0.9994150734833767,0.5,0.5,0.0005790034198684345,141
tool:flawfinder,CWE-668,0.05998176411414755,0.2324068088773971,0.9792984000942347,0.9955594249233182,0.02070159990576536,0.7675931911226029,0.09534159649954825,0.1475381428648193,0.10842587883587021,0.9750721568969878,0.6058526044858159,0.6058526044858159,0.01466047256369975,1364
tool:flawfinder,CWE-704,,0.0,1.0,0.9981746979856234,0.0,1.0,,,,0.9981746979856234,0.5,0.5,0.001145826062452867,440
tool:flawfinder,CWE-705,0.0,0.0,0.9999293998371914,0.9989047419631489,7.060016280862191e-05,1.0,,,-0.00027478274535137095,0.9988342960859494,0.4999646999185957,0.4999646999185957,0.0012426614627572574,264
tool:flawfinder,CWE-706,0.06666666666666667,0.0012422360248447203,0.9998917791359867,0.996656003960618,0.00010822086401328642,0.9987577639751553,0.012195121951219511,0.007727975270479134,0.008507941048323838,0.996548520567365,0.5005670075804157,0.5005670075804157,0.002903600559172927,807
tool:flawfinder,CWE-74,0.3554445390523832,0.24844692228922516,0.9982050476500938,0.9970673189455267,0.0017949523499063021,0.7515530777107748,0.29109130342765976,0.2636812382291152,0.29416595837792087,0.9952874049805118,0.6233259849696594,0.6233259849696594,0.0633093823711944,938
tool:flawfinder,CWE-754,,0.0,1.0,0.9993072143665802,0.0,1.0,,,,0.9993072143665802,0.5,0.5,0.0005135210244044521,167
tool:flawfinder,CWE-834,,0.0,1.0,0.9985439065268225,0.0,1.0,,,,0.9985439065268225,0.5,0.5,0.0015444459764825857,351
tool:ikos,CWE-1164,0.0,0.0,0.9994895910832919,0.9996928608075777,0.000510408916708119,1.0,,,-0.00039529037681383,0.9991827655703996,0.49974479554164597,0.49974479554164597,0.00016668120760511903,74
tool:ikos,CWE-118,0.5301423187149192,0.01209258384506377,0.9995096947477548,0.956576640530824,0.0004903052522451982,0.9879074161549362,0.023634338492069383,0.015028140797590484,0.07491987885732275,0.9561512675182205,0.5058011392964092,0.5058011392964092,0.04979962547503569,10585
tool:ikos,CWE-190,0.36857142857142855,0.022056485197243885,0.9997788401420797,0.9942939495056395,0.00022115985792026268,0.9779435148027561,0.041459982213402094,0.027135591961386325,0.08808364882889066,0.9940760637662777,0.5109176626696618,0.5109176626696618,0.012619064408259684,1406
tool:ikos,CWE-191,0.0,0.0,0.9997633735103936,0.9993070514353637,0.00023662648960645575,1.0,,,-0.00040216182648826644,0.9990707522577591,0.4998816867551968,0.4998816867551968,0.0003946725081186043,167
tool:ikos,CWE-20,,0.0,1.0,0.992010154998088,0.0,1.0,,,,0.992010154998088,0.5,0.5,0.009017801424568515,1926
tool:ikos,CWE-269,,0.0,1.0,0.9995146351360884,0.0,1.0,,,,0.9995146351360884,0.5,0.5,0.000632828939766695,117
tool:ikos,CWE-285,,0.0,1.0,0.9988259981916829,0.0,1.0,,,,0.9988259981916829,0.5,0.5,0.0012657742977513556,283
tool:ikos,CWE-287,,0.0,1.0,0.998676655712603,0.0,1.0,,,,0.998676655712603,0.5,0.5,0.0014428917328409285,319
tool:ikos,CWE-311,,0.0,1.0,0.9998299147642242,0.0,1.0,,,,0.9998299147642242,0.5,0.5,0.00016470132092492285,41
tool:ikos,CWE-369,0.5,0.0036363636363636364,0.9999958466586369,0.9988674736363926,4.1533413631266356e-06,0.9963636363636363,0.03571428571428572,0.02262443438914027,0.06730525289803706,0.9988633344137658,0.5018161051475002,0.5018161051475002,0.0046106314986601666,274
tool:ikos,CWE-400,,0.0,1.0,0.9976022161593168,0.0,1.0,,,,0.9976022161593168,0.5,0.5,0.002207682486519804,578
tool:ikos,CWE-404,0.0,0.0,0.9999082677479059,0.9949094326388253,9.173225209407063e-05,1.0,,,-0.0006761465717250937,0.9948186317748297,0.49995413387395293,0.49995413387395293,0.0031842535607262976,1227
tool:ikos,CWE-476,0.19312191574463664,0.013070510103151054,0.9996031228603002,0.9931061397361105,0.00039687713969991544,0.986929489896849,0.024401415301115375,0.016051338539700064,0.04823411640801724,0.9927153797288885,0.5063368164817256,0.5063368164817256,0.015375332865391014,1683
tool:ikos,CWE-573,,0.0,1.0,0.9997759859372172,0.0,1.0,,,,0.9997759859372172,0.5,0.5,0.00019077708637504058,54
tool:ikos,CWE-662,,0.0,1.0,0.9967020111331151,0.0,1.0,,,,0.9967020111331151,0.5,0.5,0.0036484163289572913,795
tool:ikos,CWE-665,0.0,0.0,0.9989041749727395,0.9994144324922314,0.0010958250272605702,1.0,,,-0.0007991045518064685,0.9983198891081433,0.49945208748636977,0.49945208748636977,0.0005774767124751052,141
tool:ikos,CWE-668,,0.0,1.0,0.9943415640307777,0.0,1.0,,,,0.9943415640307777,0.5,0.5,0.00477826365335674,1364
tool:ikos,CWE-704,,0.0,1.0,0.9981746979856234,0.0,1.0,,,,0.9981746979856234,0.5,0.5,0.001145826062452867,440
tool:ikos,CWE-705,,0.0,1.0,0.9989048190667192,0.0,1.0,,,,0.9989048190667192,0.5,0.5,0.0012428230768391016,264
tool:ikos,CWE-706,,0.0,1.0,0.9966522302207153,0.0,1.0,,,,0.9966522302207153,0.5,0.5,0.002282130205693362,807
tool:ikos,CWE-74,,0.0,1.0,0.9961087884430768,0.0,1.0,,,,0.9961087884430768,0.5,0.5,0.0024497442413196706,938
tool:ikos,CWE-754,,0.0,1.0,0.9993072143665802,0.0,1.0,,,,0.9993072143665802,0.5,0.5,0.0005135210244044521,167
tool:ikos,CWE-834,,0.0,1.0,0.9985439065268225,0.0,1.0,,,,0.9985439065268225,0.5,0.5,0.0015444459764825857,351
tool:joern,CWE-1164,,0.0,1.0,0.9996930176638366,0.0,1.0,,,,0.9996930176638366,0.5,0.5,0.00016675522267811728,74
tool:joern,CWE-118,0.23505285783017799,0.011053377420878602,0.9983555348041289,0.9564848744581417,0.0016444651958710302,0.9889466225791214,0.021110197187904346,0.0136555382218401,0.042431181591758474,0.9550021505304516,0.5047044561125038,0.5047044561125038,0.046769257527251626,10585
tool:joern,CWE-190,,0.0,1.0,0.9941673307943383,0.0,1.0,,,,0.9941673307943383,0.5,0.5,0.00553685345016043,1406
tool:joern,CWE-191,,0.0,1.0,0.9993072150549308,0.0,1.0,,,,0.9993072150549308,0.5,0.5,0.0003948013545587435,167
tool:joern,CWE-20,,0.0,1.0,0.992010154998088,0.0,1.0,,,,0.992010154998088,0.5,0.5,0.009017801424568515,1926
tool:joern,CWE-269,,0.0,1.0,0.9995146351360884,0.0,1.0,,,,0.9995146351360884,0.5,0.5,0.000632828939766695,117
tool:joern,CWE-285,,0.0,1.0,0.9988259981916829,0.0,1.0,,,,0.9988259981916829,0.5,0.5,0.0012657742977513556,283
tool:joern,CWE-287,,0.0,1.0,0.998676655712603,0.0,1.0,,,,0.998676655712603,0.5,0.5,0.0014428917328409285,319
tool:joern,CWE-311,,0.0,1.0,0.9998299147642242,0.0,1.0,,,,0.9998299147642242,0.5,0.5,0.00016470132092492285,41
tool:joern,CWE-369,,0.0,1.0,0.9988633343277096,0.0,1.0,,,,0.9988633343277096,0.5,0.5,0.0009671860640133119,274
tool:joern,CWE-400,,0.0,1.0,0.9976022161593168,0.0,1.0,,,,0.9976022161593168,0.5,0.5,0.002207682486519804,578
tool:joern,CWE-404,,0.0,1.0,0.9949098971680701,0.0,1.0,,,,0.9949098971680701,0.5,0.5,0.003184651659246225,1227
tool:joern,CWE-476,,0.0,1.0,0.9930182196573243,0.0,1.0,,,,0.9930182196573243,0.5,0.5,0.008287631342646888,1683
tool:joern,CWE-573,,0.0,1.0,0.9997759859372172,0.0,1.0,,,,0.9997759859372172,0.5,0.5,0.00019077708637504058,54
tool:joern,CWE-662,,0.0,1.0,0.9967020111331151,0.0,1.0,,,,0.9967020111331151,0.5,0.5,0.0036484163289572913,795
tool:joern,CWE-665,,0.0,1.0,0.9994150734833767,0.0,1.0,,,,0.9994150734833767,0.5,0.5,0.0005790034198684345,141
tool:joern,CWE-668,,0.0,1.0,0.9943415640307777,0.0,1.0,,,,0.9943415640307777,0.5,0.5,0.00477826365335674,1364
tool:joern,CWE-704,,0.0,1.0,0.9981746979856234,0.0,1.0,,,,0.9981746979856234,0.5,0.5,0.001145826062452867,440
tool:joern,CWE-705,,0.0,1.0,0.9989048190667192,0.0,1.0,,,,0.9989048190667192,0.5,0.5,0.0012428230768391016,264
tool:joern,CWE-706,,0.0,1.0,0.9966522302207153,0.0,1.0,,,,0.9966522302207153,0.5,0.5,0.002282130205693362,807
tool:joern,CWE-74,0.0,0.0,0.9997126463650196,0.996107673653384,0.00028735363498051756,1.0,,,-0.0010394262266327885,0.9958225535960317,0.4998563231825098,0.4998563231825098,0.0024496029858430057,938
tool:joern,CWE-754,,0.0,1.0,0.9993072143665802,0.0,1.0,,,,0.9993072143665802,0.5,0.5,0.0005135210244044521,167
tool:joern,CWE-834,,0.0,1.0,0.9985439065268225,0.0,1.0,,,,0.9985439065268225,0.5,0.5,0.0015444459764825857,351
tool:semgrep,CWE-1164,,0.0,1.0,0.9996930176638366,0.0,1.0,,,,0.9996930176638366,0.5,0.5,0.00016675522267811728,74
tool:semgrep,CWE-118,0.3171317829457364,0.0075578649031648555,0.9992623842198892,0.9563756848551364,0.0007376157801108242,0.9924421350968352,0.014754670052928392,0.009389859609503746,0.04304335227457088,0.9557156896759327,0.503410124561527,0.503410124561527,0.04652985644122036,10585
tool:semgrep,CWE-190,,0.0,1.0,0.9941673307943383,0.0,1.0,,,,0.9941673307943383,0.5,0.5,0.00553685345016043,1406
tool:semgrep,CWE-191,,0.0,1.0,0.9993072150549308,0.0,1.0,,,,0.9993072150549308,0.5,0.5,0.0003948013545587435,167
tool:semgrep,CWE-20,,0.0,1.0,0.992010154998088,0.0,1.0,,,,0.992010154998088,0.5,0.5,0.009017801424568515,1926
tool:semgrep,CWE-269,,0.0,1.0,0.9995146351360884,0.0,1.0,,,,0.9995146351360884,0.5,0.5,0.000632828939766695,117
tool:semgrep,CWE-285,,0.0,1.0,0.9988259981916829,0.0,1.0,,,,0.9988259981916829,0.5,0.5,0.0012657742977513556,283
tool:semgrep,CWE-287,,0.0,1.0,0.998676655712603,0.0,1.0,,,,0.998676655712603,0.5,0.5,0.0014428917328409285,319
tool:semgrep,CWE-311,0.0,0.0,0.9999834025757078,0.9998299119242764,1.6597424292129978e-05,1.0,,,-6.796475206392351e-05,0.9998133201802798,0.4999917012878539,0.4999917012878539,0.00016470037888803078,41
tool:semgrep,CWE-369,,0.0,1.0,0.9988633343277096,0.0,1.0,,,,0.9988633343277096,0.5,0.5,0.0009671860640133119,274
tool:semgrep,CWE-400,,0.0,1.0,0.9976022161593168,0.0,1.0,,,,0.9976022161593168,0.5,0.5,0.002207682486519804,578
tool:semgrep,CWE-404,,0.0,1.0,0.9949098971680701,0.0,1.0,,,,0.9949098971680701,0.5,0.5,0.003184651659246225,1227
tool:semgrep,CWE-476,,0.0,1.0,0.9930182196573243,0.0,1.0,,,,0.9930182196573243,0.5,0.5,0.008287631342646888,1683
tool:semgrep,CWE-573,,0.0,1.0,0.9997759859372172,0.0,1.0,,,,0.9997759859372172,0.5,0.5,0.00019077708637504058,54
tool:semgrep,CWE-662,,0.0,1.0,0.9967020111331151,0.0,1.0,,,,0.9967020111331151,0.5,0.5,0.0036484163289572913,795
tool:semgrep,CWE-665,,0.0,1.0,0.9994150734833767,0.0,1.0,,,,0.9994150734833767,0.5,0.5,0.0005790034198684345,141
tool:semgrep,CWE-668,0.02,0.0007326007326007326,0.9998748383322583,0.9943449857594429,0.000125161667741599,0.9992673992673993,0.007067137809187279,0.004537205081669692,0.003002629934998108,0.9942212592771948,0.5003037195324296,0.5003037195324296,0.004905185055498908,1364
tool:semgrep,CWE-704,,0.0,1.0,0.9981746979856234,0.0,1.0,,,,0.9981746979856234,0.5,0.5,0.001145826062452867,440
tool:semgrep,CWE-705,,0.0,1.0,0.9989048190667192,0.0,1.0,,,,0.9989048190667192,0.5,0.5,0.0012428230768391016,264
tool:semgrep,CWE-706,,0.0,1.0,0.9966522302207153,0.0,1.0,,,,0.9966522302207153,0.5,0.5,0.002282130205693362,807
tool:semgrep,CWE-74,,0.0,1.0,0.9961087884430768,0.0,1.0,,,,0.9961087884430768,0.5,0.5,0.0024497442413196706,938
tool:semgrep,CWE-754,,0.0,1.0,0.9993072143665802,0.0,1.0,,,,0.9993072143665802,0.5,0.5,0.0005135210244044521,167
tool:semgrep,CWE-834,,0.0,1.0,0.9985439065268225,0.0,1.0,,,,0.9985439065268225,0.5,0.5,0.0015444459764825857,351
or_1_of_6,CWE-1164,0.0,0.0,0.9754836374200171,0.9996853101776653,0.024516362579982964,1.0,,,-0.002776638046429008,0.9751841759739772,0.48774181871000855,0.48774181871000855,0.00016668120760511903,74
or_1_of_6,CWE-118,0.2365902896912544,0.38393953708077466,0.9431034301333062,0.9708728842029549,0.05689656986669378,0.6160604629192253,0.2927600262157913,0.3414024254372749,0.26047498090139476,0.9185500230662497,0.6635214836070404,0.6635214836070404,0.12705969134519698,10585
or_1_of_6,CWE-190,0.07053678476967809,0.06756265616718407,0.9947757129919623,0.9945308758050808,0.005224287008037825,0.932437343832816,0.06894765624154184,0.06809414201324601,0.06365641275640822,0.9893676108961482,0.5311691845795731,0.5311691845795731,0.009368832356198568,1406
or_1_of_6,CWE-191,0.0,0.0,0.9995309007918978,0.9993068904121547,0.0004690992081021807,1.0,,,-0.0005683382131360335,0.9988384405588038,0.4997654503959489,0.4997654503959489,0.00039463893764581125,167
or_1_of_6,CWE-20,0.04022456583620791,0.06906399300181683,0.9867477844751467,0.9924586091460949,0.013252215524853473,0.9309360069981831,0.050822962324295194,0.06038526191327757,0.04270232869040732,0.9794155602399164,0.5279058887384818,0.5279058887384818,0.012897246130398703,1926
or_1_of_6,CWE-269,0.0,0.0,0.9998256848946274,0.999514550797436,0.00017431510537251592,1.0,,,-0.0002891687803676932,0.9993404043949324,0.4999128424473137,0.4999128424473137,0.0006326988829934947,117
or_1_of_6,CWE-285,0.029532715585940734,0.03176691729323308,0.9987706147435802,0.9988618935681093,0.0012293852564197497,0.968233082706767,0.03048216063457563,0.031204931569097795,0.029385702919915734,0.9976353938834646,0.5152687660184065,0.5152687660184067,0.002147362756529332,283
or_1_of_6,CWE-287,1.0,0.003125,1.0,0.9986807989798443,0.0,0.996875,0.03076923076923077,0.019455252918287938,0.12491829428743362,0.9986808044016172,0.5015625,0.5015625,0.00457491181416798,319
or_1_of_6,CWE-311,0.0,0.0,0.9999792531981144,0.9998299112357689,2.074680188549097e-05,1.0,,,-7.606661442342316e-05,0.9998091714912654,0.4999896265990572,0.4999896265990572,0.00016469933346820702,41
or_1_of_6,CWE-369,0.23333333333333334,0.007272727272727273,0.999937702466642,0.9988715520170365,6.22975333579526e-05,0.9927272727272728,0.03425058548009367,0.022374164097225,0.03772879552735063,0.9988094050704959,0.5036052148696847,0.5036052148696847,0.005224369699966475,274
or_1_of_6,CWE-400,0.0,0.0,0.9998378227074314,0.9976018281100746,0.00016217729256856516,1.0,,,-0.0006229514954519163,0.9974404277853066,0.4999189113537157,0.4999189113537157,0.0022073451470316966,578
or_1_of_6,CWE-404,0.0069570477918935265,0.001629334660693546,0.9988033149271065,0.9949120937581748,0.0011966850728936454,0.9983706653393064,0.006600660066006602,0.004810014825673403,0.0008995076166399142,0.9937276002189138,0.5002163247939,0.5002163247939,0.003246631233326386,1227
or_1_of_6,CWE-476,0.08472085174501592,0.026730959446092977,0.99796550277569,0.9931898765928462,0.0020344972243099913,0.9732690405539071,0.04046845648175186,0.03092289729554522,0.04373345114460187,0.9911846083047152,0.5123482311108914,0.5123482311108914,0.012291731919322924,1683
or_1_of_6,CWE-573,0.0,0.0,0.9985560330324728,0.9997756614134324,0.0014439669675272554,1.0,,,-0.0005685291378416521,0.9983323430912927,0.4992780165162364,0.4992780165162364,0.00019047078967055525,54
or_1_of_6,CWE-662,0.00822357654684221,0.02138364779874214,0.9914634518332734,0.9967446076359059,0.008536548166726507,0.9786163522012579,0.01187736685099788,0.016196601430308592,0.007988418687094738,0.988264140587052,0.5064235498160079,0.5064235498160079,0.005462997048469156,795
or_1_of_6,CWE-665,0.0038697318007662835,0.020935960591133004,0.9968453503853036,0.9994257032040444,0.0031546496146963587,0.9790640394088669,0.016301945181255526,0.0277187319582218,0.007642339140794556,0.996274714233898,0.5088906554882183,0.5088906554882183,0.0023255991039624656,141
or_1_of_6,CWE-668,0.05997055768332886,0.2324068088773971,0.9792942277775557,0.9955594063628878,0.020705772222444196,0.7675931911226029,0.09532724439530485,0.14752411559329112,0.10841369128749472,0.9750680082079735,0.6058505183274765,0.6058505183274765,0.014658430921602364,1364
or_1_of_6,CWE-704,0.010526315789473684,0.0022727272727272726,0.9995303659455287,0.9981779840416861,0.00046963405447132044,0.9977272727272727,0.018691588785046728,0.013477088948787063,0.00397087259728427,0.9977100692529458,0.500901546609128,0.500901546609128,0.0017145657063425703,440
or_1_of_6,CWE-705,0.0,0.0,0.9999293998371914,0.9989047419631489,7.060016280862191e-05,1.0,,,-0.00027478274535137095,0.9988342960859494,0.4999646999185957,0.4999646999185957,0.0012426614627572574,264
or_1_of_6,CWE-706,0.06666666666666667,0.0012422360248447203,0.9998792918833436,0.9966559622152266,0.00012070811665646896,0.9987577639751553,0.012195121951219511,0.007727975270479134,0.0084775444510621,0.9965360751886976,0.5005607639540941,0.5005607639540941,0.0029035820340743306,807
or_1_of_6,CWE-74,0.32658030645148967,0.24844692228922516,0.9979635047902919,0.9970666036604394,0.002036495209708101,0.7515530777107748,0.2811137193460479,0.26035750512900313,0.2818515814266914,0.9950468027010025,0.6232052135397586,0.6232052135397586,0.05715405659711827,938
or_1_of_6,CWE-754,0.0127789046653144,0.011942959001782532,0.9993897555481823,0.9993150882066276,0.0006102444518177423,0.9880570409982175,0.030798389007344235,0.030211756115370574,0.011695281034509893,0.9987056903404726,0.5056663572749824,0.5056663572749824,0.009518117758028624,167
or_1_of_6,CWE-834,0.06000000000000001,0.008571428571428572,0.9998213582653916,0.9985560759015856,0.00017864173460845368,0.9914285714285714,0.024999999999999998,0.017241379310344827,0.022171445482310828,0.9983779698079485,0.50419639341841,0.50419639341841,0.0024494834926427813,351
traditional_2_of_6,CWE-1164,,0.0,1.0,0.9996930176638366,0.0,1.0,,,,0.9996930176638366,0.5,0.48774181871000855,0.00016668120760511903,74
traditional_2_of_6,CWE-118,0.2903724941604998,0.027208313651393486,0.9969497269730496,0.957107462602818,0.003050273026950324,0.9727916863486066,0.049752741790761716,0.033231576324553244,0.07731717395505049,0.9543674587615045,0.5120790203122215,0.6637152553963881,0.13486530267368724,10585
traditional_2_of_6,CWE-190,0.15326797385620916,0.009250145125059943,0.9997120775908515,0.9942192948900473,0.0002879224091484517,0.99074985487494,0.017428063576443602,0.011387400419152132,0.03626014050825695,0.9939350166861809,0.5044811113579557,0.5311846130824975,0.010987242668392818,1406
traditional_2_of_6,CWE-191,,0.0,1.0,0.9993072150549308,0.0,1.0,,,,0.9993072150549308,0.5,0.4997654503959489,0.00039463893764581125,167
traditional_2_of_6,CWE-20,0.055784332626437894,0.007270035663818048,0.9989712741729898,0.9920596677964568,0.0010287258270102306,0.992729964336182,0.012853891221171948,0.00879880616761806,0.017264761677274126,0.9910477283271607,0.5031206549184039,0.5279188841006186,0.014047428518556287,1926
traditional_2_of_6,CWE-269,,0.0,1.0,0.9995146351360884,0.0,1.0,,,,0.9995146351360884,0.5,0.4999128424473137,0.0006326988829934947,117
traditional_2_of_6,CWE-285,0.0,0.0,0.9999335472277842,0.9988259202265819,6.645277221576585e-05,1.0,,,-0.0002714635836258049,0.9987596234697707,0.4999667736138921,0.5152676665316995,0.002147362756529332,283
traditional_2_of_6,CWE-287,,0.0,1.0,0.998676655712603,0.0,1.0,,,,0.998676655712603,0.5,0.5015625,0.00457491181416798,319
traditional_2_of_6,CWE-311,,0.0,1.0,0.9998299147642242,0.0,1.0,,,,0.9998299147642242,0.5,0.4999896265990572,0.00016469933346820702,41
traditional_2_of_6,CWE-369,,0.0,1.0,0.9988633343277096,0.0,1.0,,,,0.9988633343277096,0.5,0.5036052148696847,0.005224369699966475,274
traditional_2_of_6,CWE-400,,0.0,1.0,0.9976022161593168,0.0,1.0,,,,0.9976022161593168,0.5,0.4999189113537157,0.0022073451470316966,578
traditional_2_of_6,CWE-404,0.0,0.0,0.9997915188178853,0.9949088410757507,0.0002084811821146856,1.0,,,-0.0010287866325100416,0.9947024772590002,0.49989575940894265,0.5002161465146776,0.0032437918366981693,1227
traditional_2_of_6,CWE-476,,0.0,1.0,0.9930182196573243,0.0,1.0,,,,0.9930182196573243,0.5,0.5123482311108914,0.012291731919322924,1683
traditional_2_of_6,CWE-573,0.0,0.0,0.9999668051512799,0.9997759784508314,3.319484871999116e-05,1.0,,,-8.393548051333415e-05,0.9997427985762611,0.49998340257563995,0.4992780165162364,0.00019047078967055525,54
traditional_2_of_6,CWE-662,0.037606837606837605,0.002515723270440252,0.9997877280525851,0.996709585010306,0.0002122719474150058,0.9974842767295599,0.011766334440753045,0.007728049115514626,0.008858220163768225,0.9964987365573625,0.5011517256615127,0.5064320055297117,0.006777339248507691,795
traditional_2_of_6,CWE-665,0.046753246753246755,0.014039408866995073,0.9998049108751268,0.9994232536398362,0.00019508912487323463,0.9859605911330049,0.05341880341880341,0.04065040650406504,0.025102156651040264,0.9992283954704894,0.5069221598710609,0.5089125586755678,0.0150021179873779,141
traditional_2_of_6,CWE-668,0.04722222222222222,0.0014652014652014652,0.999803917303425,0.994348712289726,0.00019608269657492836,0.9985347985347985,0.007104818151990107,0.004543390306333087,0.0072688495633785166,0.9941548881690985,0.5006345593843132,0.6058435346072764,0.014868328395414382,1364
traditional_2_of_6,CWE-704,,0.0,1.0,0.9981746979856234,0.0,1.0,,,,0.9981746979856234,0.5,0.500901546609128,0.0017145657063425703,440
traditional_2_of_6,CWE-705,,0.0,1.0,0.9989048190667192,0.0,1.0,,,,0.9989048190667192,0.5,0.4999646999185957,0.0012426614627572574,264
traditional_2_of_6,CWE-706,,0.0,1.0,0.9966522302207153,0.0,1.0,,,,0.9966522302207153,0.5,0.5005607639540941,0.0029035820340743306,807
traditional_2_of_6,CWE-74,0.0,0.0,0.9999541892248212,0.9961086109163085,4.5810775178718805e-05,1.0,,,-0.0004611230171897222,0.996063155875541,0.4999770946124106,0.6231994499056165,0.056395952924336766,938
traditional_2_of_6,CWE-754,,0.0,1.0,0.9993072143665802,0.0,1.0,,,,0.9993072143665802,0.5,0.5056663572749824,0.009518117758028624,167
traditional_2_of_6,CWE-834,,0.0,1.0,0.9985439065268225,0.0,1.0,,,,0.9985439065268225,0.5,0.50419639341841,0.0024494834926427813,351
weighted_fire_specificity_silence_sensitivity_tau_0_1,CWE-1164,0.0,0.0,0.9754836374200171,0.9996853101776653,0.024516362579982964,1.0,,,-0.002776638046429008,0.9751841759739772,0.48774181871000855,0.48774181871000855,0.00016668120760511903,74
weighted_fire_specificity_silence_sensitivity_tau_0_1,CWE-118,0.2365902896912544,0.38393953708077466,0.9431034301333062,0.9708728842029549,0.05689656986669378,0.6160604629192253,0.2927600262157913,0.3414024254372749,0.26047498090139476,0.9185500230662497,0.6635214836070404,0.6634847527843802,0.13372240746484795,10585
weighted_fire_specificity_silence_sensitivity_tau_0_1,CWE-190,0.07053678476967809,0.06756265616718407,0.9947757129919623,0.9945308758050808,0.005224287008037825,0.932437343832816,0.06894765624154184,0.06809414201324601,0.06365641275640822,0.9893676108961482,0.5311691845795731,0.5311636769876975,0.017895373545858108,1406
weighted_fire_specificity_silence_sensitivity_tau_0_1,CWE-191,0.0,0.0,0.9995309007918978,0.9993068904121547,0.0004690992081021807,1.0,,,-0.0005683382131360335,0.9988384405588038,0.4997654503959489,0.4997654503959489,0.00039463893764581125,167
weighted_fire_specificity_silence_sensitivity_tau_0_1,CWE-20,0.04022456583620791,0.06906399300181683,0.9867477844751467,0.9924586091460949,0.013252215524853473,0.9309360069981831,0.050822962324295194,0.06038526191327757,0.04270232869040732,0.9794155602399164,0.5279058887384818,0.5279176618623797,0.014020722014025083,1926
weighted_fire_specificity_silence_sensitivity_tau_0_1,CWE-269,0.0,0.0,0.9998256848946274,0.999514550797436,0.00017431510537251592,1.0,,,-0.0002891687803676932,0.9993404043949324,0.4999128424473137,0.4999128424473137,0.0006326988829934947,117
weighted_fire_specificity_silence_sensitivity_tau_0_1,CWE-285,0.029532715585940734,0.03176691729323308,0.9987706147435802,0.9988618935681093,0.0012293852564197497,0.968233082706767,0.03048216063457563,0.031204931569097795,0.029385702919915734,0.9976353938834646,0.5152687660184065,0.5152769635045901,0.00277903490885461,283
weighted_fire_specificity_silence_sensitivity_tau_0_1,CWE-287,,0.0,1.0,0.998676655712603,0.0,1.0,,,,0.998676655712603,0.5,0.5,0.0014428917328409285,319
weighted_fire_specificity_silence_sensitivity_tau_0_1,CWE-311,0.0,0.0,0.9999834025757078,0.9998299119242764,1.6597424292129978e-05,1.0,,,-6.796475206392351e-05,0.9998133201802798,0.4999917012878539,0.4999917012878539,0.00016470037888803078,41
weighted_fire_specificity_silence_sensitivity_tau_0_1,CWE-369,0.23333333333333334,0.007272727272727273,0.9999460079420267,0.9988715614810719,5.3992057973305275e-05,0.9927272727272728,0.03425058548009367,0.022374164097225,0.037751329358876304,0.9988177010718233,0.503609367607377,0.5036091788152126,0.005224382813678015,274
weighted_fire_specificity_silence_sensitivity_tau_0_1,CWE-400,0.0,0.0,0.9998419814032644,0.9976018380955072,0.0001580185967355784,1.0,,,-0.000614169645075503,0.9974445764743208,0.4999209907016322,0.4999209907016322,0.00220736879293073,578
weighted_fire_specificity_silence_sensitivity_tau_0_1,CWE-404,0.0069570477918935265,0.001629334660693546,0.9988033149271065,0.9949120937581748,0.0011966850728936454,0.9983706653393064,0.006600660066006602,0.004810014825673403,0.0008995076166399142,0.9937276002189138,0.5002163247939,0.500215729992374,0.0032238777455461582,1227
weighted_fire_specificity_silence_sensitivity_tau_0_1,CWE-476,0.08472085174501592,0.026730959446092977,0.99796550277569,0.9931898765928462,0.0020344972243099913,0.9732690405539071,0.04046845648175186,0.03092289729554522,0.04373345114460187,0.9911846083047152,0.5123482311108914,0.5123465423478869,0.014212658953757016,1683
weighted_fire_specificity_silence_sensitivity_tau_0_1,CWE-573,0.0,0.0,0.9985560330324728,0.9997756614134324,0.0014439669675272554,1.0,,,-0.0005685291378416521,0.9983323430912927,0.4992780165162364,0.4992780165162364,0.00019047078967055525,54
weighted_fire_specificity_silence_sensitivity_tau_0_1,CWE-662,0.00822357654684221,0.02138364779874214,0.9914634518332734,0.9967446076359059,0.008536548166726507,0.9786163522012579,0.01187736685099788,0.016196601430308592,0.007988418687094738,0.988264140587052,0.5064235498160079,0.5064322542167193,0.006777593528616234,795
weighted_fire_specificity_silence_sensitivity_tau_0_1,CWE-665,0.0038697318007662835,0.020935960591133004,0.9968453503853036,0.9994257032040444,0.0031546496146963587,0.9790640394088669,0.016301945181255526,0.0277187319582218,0.007642339140794556,0.996274714233898,0.5088906554882183,0.5089160196296666,0.01491882629988831,141
weighted_fire_specificity_silence_sensitivity_tau_0_1,CWE-668,0.05997055768332886,0.2324068088773971,0.9792942277775557,0.9955594063628878,0.020705772222444196,0.7675931911226029,0.09532724439530485,0.14752411559329112,0.10841369128749472,0.9750680082079735,0.6058505183274765,0.6058440083874637,0.01485285551121995,1364
weighted_fire_specificity_silence_sensitivity_tau_0_1,CWE-704,0.010526315789473684,0.0022727272727272726,0.9995303659455287,0.9981779840416861,0.00046963405447132044,0.9977272727272727,0.018691588785046728,0.013477088948787063,0.00397087259728427,0.9977100692529458,0.500901546609128,0.500901546609128,0.0017145657063425703,440
weighted_fire_specificity_silence_sensitivity_tau_0_1,CWE-705,0.0,0.0,0.9999293998371914,0.9989047419631489,7.060016280862191e-05,1.0,,,-0.00027478274535137095,0.9988342960859494,0.4999646999185957,0.4999646999185957,0.0012426614627572574,264
weighted_fire_specificity_silence_sensitivity_tau_0_1,CWE-706,0.06666666666666667,0.0012422360248447203,0.9998792918833436,0.9966559622152266,0.00012070811665646896,0.9987577639751553,0.012195121951219511,0.007727975270479134,0.0084775444510621,0.9965360751886976,0.5005607639540941,0.5005607639540941,0.0029035820340743306,807
weighted_fire_specificity_silence_sensitivity_tau_0_1,CWE-74,0.32658030645148967,0.24844692228922516,0.9979635047902919,0.9970666036604394,0.002036495209708101,0.7515530777107748,0.2811137193460479,0.26035750512900313,0.2818515814266914,0.9950468027010025,0.6232052135397586,0.6232343107242928,0.063308690009619,938
weighted_fire_specificity_silence_sensitivity_tau_0_1,CWE-754,0.0127789046653144,0.011942959001782532,0.9993897555481823,0.9993150882066276,0.0006102444518177423,0.9880570409982175,0.030798389007344235,0.030211756115370574,0.011695281034509893,0.9987056903404726,0.5056663572749824,0.5056681629197712,0.009518117758028624,167
weighted_fire_specificity_silence_sensitivity_tau_0_1,CWE-834,0.06000000000000001,0.008571428571428572,0.9998213582653916,0.9985560759015856,0.00017864173460845368,0.9914285714285714,0.024999999999999998,0.017241379310344827,0.022171445482310828,0.9983779698079485,0.50419639341841,0.50419639341841,0.0024494834926427813,351
weighted_fire_specificity_silence_sensitivity_tau_0_2,CWE-1164,0.0,0.0,0.9754836374200171,0.9996853101776653,0.024516362579982964,1.0,,,-0.002776638046429008,0.9751841759739772,0.48774181871000855,0.48774181871000855,0.00016668120760511903,74
weighted_fire_specificity_silence_sensitivity_tau_0_2,CWE-118,0.2365902896912544,0.38393953708077466,0.9431034301333062,0.9708728842029549,0.05689656986669378,0.6160604629192253,0.2927600262157913,0.3414024254372749,0.26047498090139476,0.9185500230662497,0.6635214836070404,0.6634847527843802,0.13372240746484795,10585
weighted_fire_specificity_silence_sensitivity_tau_0_2,CWE-190,0.07053678476967809,0.06756265616718407,0.9947757129919623,0.9945308758050808,0.005224287008037825,0.932437343832816,0.06894765624154184,0.06809414201324601,0.06365641275640822,0.9893676108961482,0.5311691845795731,0.5311636769876975,0.017895373545858108,1406
weighted_fire_specificity_silence_sensitivity_tau_0_2,CWE-191,0.0,0.0,0.9995309007918978,0.9993068904121547,0.0004690992081021807,1.0,,,-0.0005683382131360335,0.9988384405588038,0.4997654503959489,0.4997654503959489,0.00039463893764581125,167
weighted_fire_specificity_silence_sensitivity_tau_0_2,CWE-20,0.04022456583620791,0.06906399300181683,0.9867477844751467,0.9924586091460949,0.013252215524853473,0.9309360069981831,0.050822962324295194,0.06038526191327757,0.04270232869040732,0.9794155602399164,0.5279058887384818,0.5279176618623797,0.014020722014025083,1926
weighted_fire_specificity_silence_sensitivity_tau_0_2,CWE-269,0.0,0.0,0.9998256848946274,0.999514550797436,0.00017431510537251592,1.0,,,-0.0002891687803676932,0.9993404043949324,0.4999128424473137,0.4999128424473137,0.0006326988829934947,117
weighted_fire_specificity_silence_sensitivity_tau_0_2,CWE-285,0.029532715585940734,0.03176691729323308,0.9987706147435802,0.9988618935681093,0.0012293852564197497,0.968233082706767,0.03048216063457563,0.031204931569097795,0.029385702919915734,0.9976353938834646,0.5152687660184065,0.5152769635045901,0.00277903490885461,283
weighted_fire_specificity_silence_sensitivity_tau_0_2,CWE-287,,0.0,1.0,0.998676655712603,0.0,1.0,,,,0.998676655712603,0.5,0.5,0.0014428917328409285,319
weighted_fire_specificity_silence_sensitivity_tau_0_2,CWE-311,0.0,0.0,0.9999834025757078,0.9998299119242764,1.6597424292129978e-05,1.0,,,-6.796475206392351e-05,0.9998133201802798,0.4999917012878539,0.4999917012878539,0.00016470037888803078,41
weighted_fire_specificity_silence_sensitivity_tau_0_2,CWE-369,0.23333333333333334,0.007272727272727273,0.9999460079420267,0.9988715614810719,5.3992057973305275e-05,0.9927272727272728,0.03425058548009367,0.022374164097225,0.037751329358876304,0.9988177010718233,0.503609367607377,0.5036091788152126,0.005224382813678015,274
weighted_fire_specificity_silence_sensitivity_tau_0_2,CWE-400,0.0,0.0,0.9998419814032644,0.9976018380955072,0.0001580185967355784,1.0,,,-0.000614169645075503,0.9974445764743208,0.4999209907016322,0.4999209907016322,0.00220736879293073,578
weighted_fire_specificity_silence_sensitivity_tau_0_2,CWE-404,0.0069570477918935265,0.001629334660693546,0.9988033149271065,0.9949120937581748,0.0011966850728936454,0.9983706653393064,0.006600660066006602,0.004810014825673403,0.0008995076166399142,0.9937276002189138,0.5002163247939,0.500215729992374,0.0032238777455461582,1227
weighted_fire_specificity_silence_sensitivity_tau_0_2,CWE-476,0.08472085174501592,0.026730959446092977,0.99796550277569,0.9931898765928462,0.0020344972243099913,0.9732690405539071,0.04046845648175186,0.03092289729554522,0.04373345114460187,0.9911846083047152,0.5123482311108914,0.5123465423478869,0.014212658953757016,1683
weighted_fire_specificity_silence_sensitivity_tau_0_2,CWE-573,0.0,0.0,0.9985560330324728,0.9997756614134324,0.0014439669675272554,1.0,,,-0.0005685291378416521,0.9983323430912927,0.4992780165162364,0.4992780165162364,0.00019047078967055525,54
weighted_fire_specificity_silence_sensitivity_tau_0_2,CWE-662,0.00822357654684221,0.02138364779874214,0.9914634518332734,0.9967446076359059,0.008536548166726507,0.9786163522012579,0.01187736685099788,0.016196601430308592,0.007988418687094738,0.988264140587052,0.5064235498160079,0.5064322542167193,0.006777593528616234,795
weighted_fire_specificity_silence_sensitivity_tau_0_2,CWE-665,0.0038697318007662835,0.020935960591133004,0.9968453503853036,0.9994257032040444,0.0031546496146963587,0.9790640394088669,0.016301945181255526,0.0277187319582218,0.007642339140794556,0.996274714233898,0.5088906554882183,0.5089160196296666,0.01491882629988831,141
weighted_fire_specificity_silence_sensitivity_tau_0_2,CWE-668,0.05997055768332886,0.2324068088773971,0.9792942277775557,0.9955594063628878,0.020705772222444196,0.7675931911226029,0.09532724439530485,0.14752411559329112,0.10841369128749472,0.9750680082079735,0.6058505183274765,0.6058440083874637,0.01485285551121995,1364
weighted_fire_specificity_silence_sensitivity_tau_0_2,CWE-704,0.010526315789473684,0.0022727272727272726,0.9995303659455287,0.9981779840416861,0.00046963405447132044,0.9977272727272727,0.018691588785046728,0.013477088948787063,0.00397087259728427,0.9977100692529458,0.500901546609128,0.500901546609128,0.0017145657063425703,440
weighted_fire_specificity_silence_sensitivity_tau_0_2,CWE-705,0.0,0.0,0.9999293998371914,0.9989047419631489,7.060016280862191e-05,1.0,,,-0.00027478274535137095,0.9988342960859494,0.4999646999185957,0.4999646999185957,0.0012426614627572574,264
weighted_fire_specificity_silence_sensitivity_tau_0_2,CWE-706,0.06666666666666667,0.0012422360248447203,0.9998792918833436,0.9966559622152266,0.00012070811665646896,0.9987577639751553,0.012195121951219511,0.007727975270479134,0.0084775444510621,0.9965360751886976,0.5005607639540941,0.5005607639540941,0.0029035820340743306,807
weighted_fire_specificity_silence_sensitivity_tau_0_2,CWE-74,0.32658030645148967,0.24844692228922516,0.9979635047902919,0.9970666036604394,0.002036495209708101,0.7515530777107748,0.2811137193460479,0.26035750512900313,0.2818515814266914,0.9950468027010025,0.6232052135397586,0.6232343107242928,0.063308690009619,938
weighted_fire_specificity_silence_sensitivity_tau_0_2,CWE-754,0.0127789046653144,0.011942959001782532,0.9993897555481823,0.9993150882066276,0.0006102444518177423,0.9880570409982175,0.030798389007344235,0.030211756115370574,0.011695281034509893,0.9987056903404726,0.5056663572749824,0.5056681629197712,0.009518117758028624,167
weighted_fire_specificity_silence_sensitivity_tau_0_2,CWE-834,0.06000000000000001,0.008571428571428572,0.9998213582653916,0.9985560759015856,0.00017864173460845368,0.9914285714285714,0.024999999999999998,0.017241379310344827,0.022171445482310828,0.9983779698079485,0.50419639341841,0.50419639341841,0.0024494834926427813,351
weighted_fire_specificity_silence_sensitivity_tau_0_3,CWE-1164,0.0,0.0,0.9754836374200171,0.9996853101776653,0.024516362579982964,1.0,,,-0.002776638046429008,0.9751841759739772,0.48774181871000855,0.48774181871000855,0.00016668120760511903,74
weighted_fire_specificity_silence_sensitivity_tau_0_3,CWE-118,0.2365902896912544,0.38393953708077466,0.9431034301333062,0.9708728842029549,0.05689656986669378,0.6160604629192253,0.2927600262157913,0.3414024254372749,0.26047498090139476,0.9185500230662497,0.6635214836070404,0.6634847527843802,0.13372240746484795,10585
weighted_fire_specificity_silence_sensitivity_tau_0_3,CWE-190,0.07053678476967809,0.06756265616718407,0.9947757129919623,0.9945308758050808,0.005224287008037825,0.932437343832816,0.06894765624154184,0.06809414201324601,0.06365641275640822,0.9893676108961482,0.5311691845795731,0.5311636769876975,0.017895373545858108,1406
weighted_fire_specificity_silence_sensitivity_tau_0_3,CWE-191,0.0,0.0,0.9995309007918978,0.9993068904121547,0.0004690992081021807,1.0,,,-0.0005683382131360335,0.9988384405588038,0.4997654503959489,0.4997654503959489,0.00039463893764581125,167
weighted_fire_specificity_silence_sensitivity_tau_0_3,CWE-20,0.04022456583620791,0.06906399300181683,0.9867477844751467,0.9924586091460949,0.013252215524853473,0.9309360069981831,0.050822962324295194,0.06038526191327757,0.04270232869040732,0.9794155602399164,0.5279058887384818,0.5279176618623797,0.014020722014025083,1926
weighted_fire_specificity_silence_sensitivity_tau_0_3,CWE-269,0.0,0.0,0.9998256848946274,0.999514550797436,0.00017431510537251592,1.0,,,-0.0002891687803676932,0.9993404043949324,0.4999128424473137,0.4999128424473137,0.0006326988829934947,117
weighted_fire_specificity_silence_sensitivity_tau_0_3,CWE-285,0.029532715585940734,0.03176691729323308,0.9987706147435802,0.9988618935681093,0.0012293852564197497,0.968233082706767,0.03048216063457563,0.031204931569097795,0.029385702919915734,0.9976353938834646,0.5152687660184065,0.5152769635045901,0.00277903490885461,283
weighted_fire_specificity_silence_sensitivity_tau_0_3,CWE-287,,0.0,1.0,0.998676655712603,0.0,1.0,,,,0.998676655712603,0.5,0.5,0.0014428917328409285,319
weighted_fire_specificity_silence_sensitivity_tau_0_3,CWE-311,0.0,0.0,0.9999834025757078,0.9998299119242764,1.6597424292129978e-05,1.0,,,-6.796475206392351e-05,0.9998133201802798,0.4999917012878539,0.4999917012878539,0.00016470037888803078,41
weighted_fire_specificity_silence_sensitivity_tau_0_3,CWE-369,0.23333333333333334,0.007272727272727273,0.9999460079420267,0.9988715614810719,5.3992057973305275e-05,0.9927272727272728,0.03425058548009367,0.022374164097225,0.037751329358876304,0.9988177010718233,0.503609367607377,0.5036091788152126,0.005224382813678015,274
weighted_fire_specificity_silence_sensitivity_tau_0_3,CWE-400,0.0,0.0,0.9998419814032644,0.9976018380955072,0.0001580185967355784,1.0,,,-0.000614169645075503,0.9974445764743208,0.4999209907016322,0.4999209907016322,0.00220736879293073,578
weighted_fire_specificity_silence_sensitivity_tau_0_3,CWE-404,0.0069570477918935265,0.001629334660693546,0.9988033149271065,0.9949120937581748,0.0011966850728936454,0.9983706653393064,0.006600660066006602,0.004810014825673403,0.0008995076166399142,0.9937276002189138,0.5002163247939,0.500215729992374,0.0032238777455461582,1227
weighted_fire_specificity_silence_sensitivity_tau_0_3,CWE-476,0.08472085174501592,0.026730959446092977,0.99796550277569,0.9931898765928462,0.0020344972243099913,0.9732690405539071,0.04046845648175186,0.03092289729554522,0.04373345114460187,0.9911846083047152,0.5123482311108914,0.5123465423478869,0.014212658953757016,1683
weighted_fire_specificity_silence_sensitivity_tau_0_3,CWE-573,0.0,0.0,0.9985560330324728,0.9997756614134324,0.0014439669675272554,1.0,,,-0.0005685291378416521,0.9983323430912927,0.4992780165162364,0.4992780165162364,0.00019047078967055525,54
weighted_fire_specificity_silence_sensitivity_tau_0_3,CWE-662,0.00822357654684221,0.02138364779874214,0.9914634518332734,0.9967446076359059,0.008536548166726507,0.9786163522012579,0.01187736685099788,0.016196601430308592,0.007988418687094738,0.988264140587052,0.5064235498160079,0.5064322542167193,0.006777593528616234,795
weighted_fire_specificity_silence_sensitivity_tau_0_3,CWE-665,0.0038697318007662835,0.020935960591133004,0.9968453503853036,0.9994257032040444,0.0031546496146963587,0.9790640394088669,0.016301945181255526,0.0277187319582218,0.007642339140794556,0.996274714233898,0.5088906554882183,0.5089160196296666,0.01491882629988831,141
weighted_fire_specificity_silence_sensitivity_tau_0_3,CWE-668,0.05997055768332886,0.2324068088773971,0.9792942277775557,0.9955594063628878,0.020705772222444196,0.7675931911226029,0.09532724439530485,0.14752411559329112,0.10841369128749472,0.9750680082079735,0.6058505183274765,0.6058440083874637,0.01485285551121995,1364
weighted_fire_specificity_silence_sensitivity_tau_0_3,CWE-704,0.010526315789473684,0.0022727272727272726,0.9995303659455287,0.9981779840416861,0.00046963405447132044,0.9977272727272727,0.018691588785046728,0.013477088948787063,0.00397087259728427,0.9977100692529458,0.500901546609128,0.500901546609128,0.0017145657063425703,440
weighted_fire_specificity_silence_sensitivity_tau_0_3,CWE-705,0.0,0.0,0.9999293998371914,0.9989047419631489,7.060016280862191e-05,1.0,,,-0.00027478274535137095,0.9988342960859494,0.4999646999185957,0.4999646999185957,0.0012426614627572574,264
weighted_fire_specificity_silence_sensitivity_tau_0_3,CWE-706,0.06666666666666667,0.0012422360248447203,0.9998792918833436,0.9966559622152266,0.00012070811665646896,0.9987577639751553,0.012195121951219511,0.007727975270479134,0.0084775444510621,0.9965360751886976,0.5005607639540941,0.5005607639540941,0.0029035820340743306,807
weighted_fire_specificity_silence_sensitivity_tau_0_3,CWE-74,0.32658030645148967,0.24844692228922516,0.9979635047902919,0.9970666036604394,0.002036495209708101,0.7515530777107748,0.2811137193460479,0.26035750512900313,0.2818515814266914,0.9950468027010025,0.6232052135397586,0.6232343107242928,0.063308690009619,938
weighted_fire_specificity_silence_sensitivity_tau_0_3,CWE-754,0.0127789046653144,0.011942959001782532,0.9993897555481823,0.9993150882066276,0.0006102444518177423,0.9880570409982175,0.030798389007344235,0.030211756115370574,0.011695281034509893,0.9987056903404726,0.5056663572749824,0.5056681629197712,0.009518117758028624,167
weighted_fire_specificity_silence_sensitivity_tau_0_3,CWE-834,0.06000000000000001,0.008571428571428572,0.9998213582653916,0.9985560759015856,0.00017864173460845368,0.9914285714285714,0.024999999999999998,0.017241379310344827,0.022171445482310828,0.9983779698079485,0.50419639341841,0.50419639341841,0.0024494834926427813,351
weighted_fire_specificity_silence_sensitivity_tau_0_4,CWE-1164,0.0,0.0,0.9754836374200171,0.9996853101776653,0.024516362579982964,1.0,,,-0.002776638046429008,0.9751841759739772,0.48774181871000855,0.48774181871000855,0.00016668120760511903,74
weighted_fire_specificity_silence_sensitivity_tau_0_4,CWE-118,0.2365902896912544,0.38393953708077466,0.9431034301333062,0.9708728842029549,0.05689656986669378,0.6160604629192253,0.2927600262157913,0.3414024254372749,0.26047498090139476,0.9185500230662497,0.6635214836070404,0.6634847527843802,0.13372240746484795,10585
weighted_fire_specificity_silence_sensitivity_tau_0_4,CWE-190,0.07053678476967809,0.06756265616718407,0.9947757129919623,0.9945308758050808,0.005224287008037825,0.932437343832816,0.06894765624154184,0.06809414201324601,0.06365641275640822,0.9893676108961482,0.5311691845795731,0.5311636769876975,0.017895373545858108,1406
weighted_fire_specificity_silence_sensitivity_tau_0_4,CWE-191,0.0,0.0,0.9995309007918978,0.9993068904121547,0.0004690992081021807,1.0,,,-0.0005683382131360335,0.9988384405588038,0.4997654503959489,0.4997654503959489,0.00039463893764581125,167
weighted_fire_specificity_silence_sensitivity_tau_0_4,CWE-20,0.04022456583620791,0.06906399300181683,0.9867477844751467,0.9924586091460949,0.013252215524853473,0.9309360069981831,0.050822962324295194,0.06038526191327757,0.04270232869040732,0.9794155602399164,0.5279058887384818,0.5279176618623797,0.014020722014025083,1926
weighted_fire_specificity_silence_sensitivity_tau_0_4,CWE-269,0.0,0.0,0.9998256848946274,0.999514550797436,0.00017431510537251592,1.0,,,-0.0002891687803676932,0.9993404043949324,0.4999128424473137,0.4999128424473137,0.0006326988829934947,117
weighted_fire_specificity_silence_sensitivity_tau_0_4,CWE-285,0.029532715585940734,0.03176691729323308,0.9987706147435802,0.9988618935681093,0.0012293852564197497,0.968233082706767,0.03048216063457563,0.031204931569097795,0.029385702919915734,0.9976353938834646,0.5152687660184065,0.5152769635045901,0.00277903490885461,283
weighted_fire_specificity_silence_sensitivity_tau_0_4,CWE-287,,0.0,1.0,0.998676655712603,0.0,1.0,,,,0.998676655712603,0.5,0.5,0.0014428917328409285,319
weighted_fire_specificity_silence_sensitivity_tau_0_4,CWE-311,0.0,0.0,0.9999834025757078,0.9998299119242764,1.6597424292129978e-05,1.0,,,-6.796475206392351e-05,0.9998133201802798,0.4999917012878539,0.4999917012878539,0.00016470037888803078,41
weighted_fire_specificity_silence_sensitivity_tau_0_4,CWE-369,0.23333333333333334,0.007272727272727273,0.9999460079420267,0.9988715614810719,5.3992057973305275e-05,0.9927272727272728,0.03425058548009367,0.022374164097225,0.037751329358876304,0.9988177010718233,0.503609367607377,0.5036091788152126,0.005224382813678015,274
weighted_fire_specificity_silence_sensitivity_tau_0_4,CWE-400,0.0,0.0,0.9998419814032644,0.9976018380955072,0.0001580185967355784,1.0,,,-0.000614169645075503,0.9974445764743208,0.4999209907016322,0.4999209907016322,0.00220736879293073,578
weighted_fire_specificity_silence_sensitivity_tau_0_4,CWE-404,0.0069570477918935265,0.001629334660693546,0.9988033149271065,0.9949120937581748,0.0011966850728936454,0.9983706653393064,0.006600660066006602,0.004810014825673403,0.0008995076166399142,0.9937276002189138,0.5002163247939,0.500215729992374,0.0032238777455461582,1227
weighted_fire_specificity_silence_sensitivity_tau_0_4,CWE-476,0.08472085174501592,0.026730959446092977,0.99796550277569,0.9931898765928462,0.0020344972243099913,0.9732690405539071,0.04046845648175186,0.03092289729554522,0.04373345114460187,0.9911846083047152,0.5123482311108914,0.5123465423478869,0.014212658953757016,1683
weighted_fire_specificity_silence_sensitivity_tau_0_4,CWE-573,0.0,0.0,0.9985560330324728,0.9997756614134324,0.0014439669675272554,1.0,,,-0.0005685291378416521,0.9983323430912927,0.4992780165162364,0.4992780165162364,0.00019047078967055525,54
weighted_fire_specificity_silence_sensitivity_tau_0_4,CWE-662,0.00822357654684221,0.02138364779874214,0.9914634518332734,0.9967446076359059,0.008536548166726507,0.9786163522012579,0.01187736685099788,0.016196601430308592,0.007988418687094738,0.988264140587052,0.5064235498160079,0.5064322542167193,0.006777593528616234,795
weighted_fire_specificity_silence_sensitivity_tau_0_4,CWE-665,0.0038697318007662835,0.020935960591133004,0.9968453503853036,0.9994257032040444,0.0031546496146963587,0.9790640394088669,0.016301945181255526,0.0277187319582218,0.007642339140794556,0.996274714233898,0.5088906554882183,0.5089160196296666,0.01491882629988831,141
weighted_fire_specificity_silence_sensitivity_tau_0_4,CWE-668,0.05997055768332886,0.2324068088773971,0.9792942277775557,0.9955594063628878,0.020705772222444196,0.7675931911226029,0.09532724439530485,0.14752411559329112,0.10841369128749472,0.9750680082079735,0.6058505183274765,0.6058440083874637,0.01485285551121995,1364
weighted_fire_specificity_silence_sensitivity_tau_0_4,CWE-704,0.010526315789473684,0.0022727272727272726,0.9995303659455287,0.9981779840416861,0.00046963405447132044,0.9977272727272727,0.018691588785046728,0.013477088948787063,0.00397087259728427,0.9977100692529458,0.500901546609128,0.500901546609128,0.0017145657063425703,440
weighted_fire_specificity_silence_sensitivity_tau_0_4,CWE-705,0.0,0.0,0.9999293998371914,0.9989047419631489,7.060016280862191e-05,1.0,,,-0.00027478274535137095,0.9988342960859494,0.4999646999185957,0.4999646999185957,0.0012426614627572574,264
weighted_fire_specificity_silence_sensitivity_tau_0_4,CWE-706,0.06666666666666667,0.0012422360248447203,0.9998792918833436,0.9966559622152266,0.00012070811665646896,0.9987577639751553,0.012195121951219511,0.007727975270479134,0.0084775444510621,0.9965360751886976,0.5005607639540941,0.5005607639540941,0.0029035820340743306,807
weighted_fire_specificity_silence_sensitivity_tau_0_4,CWE-74,0.32658030645148967,0.24844692228922516,0.9979635047902919,0.9970666036604394,0.002036495209708101,0.7515530777107748,0.2811137193460479,0.26035750512900313,0.2818515814266914,0.9950468027010025,0.6232052135397586,0.6232343107242928,0.063308690009619,938
weighted_fire_specificity_silence_sensitivity_tau_0_4,CWE-754,0.0127789046653144,0.011942959001782532,0.9993897555481823,0.9993150882066276,0.0006102444518177423,0.9880570409982175,0.030798389007344235,0.030211756115370574,0.011695281034509893,0.9987056903404726,0.5056663572749824,0.5056681629197712,0.009518117758028624,167
weighted_fire_specificity_silence_sensitivity_tau_0_4,CWE-834,0.06000000000000001,0.008571428571428572,0.9998213582653916,0.9985560759015856,0.00017864173460845368,0.9914285714285714,0.024999999999999998,0.017241379310344827,0.022171445482310828,0.9983779698079485,0.50419639341841,0.50419639341841,0.0024494834926427813,351
weighted_fire_specificity_silence_sensitivity_tau_0_5,CWE-1164,0.0,0.0,0.9754836374200171,0.9996853101776653,0.024516362579982964,1.0,,,-0.002776638046429008,0.9751841759739772,0.48774181871000855,0.48774181871000855,0.00016668120760511903,74
weighted_fire_specificity_silence_sensitivity_tau_0_5,CWE-118,0.2365902896912544,0.38393953708077466,0.9431034301333062,0.9708728842029549,0.05689656986669378,0.6160604629192253,0.2927600262157913,0.3414024254372749,0.26047498090139476,0.9185500230662497,0.6635214836070404,0.6634847527843802,0.13372240746484795,10585
weighted_fire_specificity_silence_sensitivity_tau_0_5,CWE-190,0.07053678476967809,0.06756265616718407,0.9947757129919623,0.9945308758050808,0.005224287008037825,0.932437343832816,0.06894765624154184,0.06809414201324601,0.06365641275640822,0.9893676108961482,0.5311691845795731,0.5311636769876975,0.017895373545858108,1406
weighted_fire_specificity_silence_sensitivity_tau_0_5,CWE-191,0.0,0.0,0.9995309007918978,0.9993068904121547,0.0004690992081021807,1.0,,,-0.0005683382131360335,0.9988384405588038,0.4997654503959489,0.4997654503959489,0.00039463893764581125,167
weighted_fire_specificity_silence_sensitivity_tau_0_5,CWE-20,0.04022456583620791,0.06906399300181683,0.9867477844751467,0.9924586091460949,0.013252215524853473,0.9309360069981831,0.050822962324295194,0.06038526191327757,0.04270232869040732,0.9794155602399164,0.5279058887384818,0.5279176618623797,0.014020722014025083,1926
weighted_fire_specificity_silence_sensitivity_tau_0_5,CWE-269,0.0,0.0,0.9998256848946274,0.999514550797436,0.00017431510537251592,1.0,,,-0.0002891687803676932,0.9993404043949324,0.4999128424473137,0.4999128424473137,0.0006326988829934947,117
weighted_fire_specificity_silence_sensitivity_tau_0_5,CWE-285,0.029532715585940734,0.03176691729323308,0.9987706147435802,0.9988618935681093,0.0012293852564197497,0.968233082706767,0.03048216063457563,0.031204931569097795,0.029385702919915734,0.9976353938834646,0.5152687660184065,0.5152769635045901,0.00277903490885461,283
weighted_fire_specificity_silence_sensitivity_tau_0_5,CWE-287,,0.0,1.0,0.998676655712603,0.0,1.0,,,,0.998676655712603,0.5,0.5,0.0014428917328409285,319
weighted_fire_specificity_silence_sensitivity_tau_0_5,CWE-311,0.0,0.0,0.9999834025757078,0.9998299119242764,1.6597424292129978e-05,1.0,,,-6.796475206392351e-05,0.9998133201802798,0.4999917012878539,0.4999917012878539,0.00016470037888803078,41
weighted_fire_specificity_silence_sensitivity_tau_0_5,CWE-369,0.23333333333333334,0.007272727272727273,0.9999460079420267,0.9988715614810719,5.3992057973305275e-05,0.9927272727272728,0.03425058548009367,0.022374164097225,0.037751329358876304,0.9988177010718233,0.503609367607377,0.5036091788152126,0.005224382813678015,274
weighted_fire_specificity_silence_sensitivity_tau_0_5,CWE-400,0.0,0.0,0.9998419814032644,0.9976018380955072,0.0001580185967355784,1.0,,,-0.000614169645075503,0.9974445764743208,0.4999209907016322,0.4999209907016322,0.00220736879293073,578
weighted_fire_specificity_silence_sensitivity_tau_0_5,CWE-404,0.0069570477918935265,0.001629334660693546,0.9988033149271065,0.9949120937581748,0.0011966850728936454,0.9983706653393064,0.006600660066006602,0.004810014825673403,0.0008995076166399142,0.9937276002189138,0.5002163247939,0.500215729992374,0.0032238777455461582,1227
weighted_fire_specificity_silence_sensitivity_tau_0_5,CWE-476,0.08472085174501592,0.026730959446092977,0.99796550277569,0.9931898765928462,0.0020344972243099913,0.9732690405539071,0.04046845648175186,0.03092289729554522,0.04373345114460187,0.9911846083047152,0.5123482311108914,0.5123465423478869,0.014212658953757016,1683
weighted_fire_specificity_silence_sensitivity_tau_0_5,CWE-573,0.0,0.0,0.9985560330324728,0.9997756614134324,0.0014439669675272554,1.0,,,-0.0005685291378416521,0.9983323430912927,0.4992780165162364,0.4992780165162364,0.00019047078967055525,54
weighted_fire_specificity_silence_sensitivity_tau_0_5,CWE-662,0.00822357654684221,0.02138364779874214,0.9914634518332734,0.9967446076359059,0.008536548166726507,0.9786163522012579,0.01187736685099788,0.016196601430308592,0.007988418687094738,0.988264140587052,0.5064235498160079,0.5064322542167193,0.006777593528616234,795
weighted_fire_specificity_silence_sensitivity_tau_0_5,CWE-665,0.0038697318007662835,0.020935960591133004,0.9968453503853036,0.9994257032040444,0.0031546496146963587,0.9790640394088669,0.016301945181255526,0.0277187319582218,0.007642339140794556,0.996274714233898,0.5088906554882183,0.5089160196296666,0.01491882629988831,141
weighted_fire_specificity_silence_sensitivity_tau_0_5,CWE-668,0.05997055768332886,0.2324068088773971,0.9792942277775557,0.9955594063628878,0.020705772222444196,0.7675931911226029,0.09532724439530485,0.14752411559329112,0.10841369128749472,0.9750680082079735,0.6058505183274765,0.6058440083874637,0.01485285551121995,1364
weighted_fire_specificity_silence_sensitivity_tau_0_5,CWE-704,0.010526315789473684,0.0022727272727272726,0.9995303659455287,0.9981779840416861,0.00046963405447132044,0.9977272727272727,0.018691588785046728,0.013477088948787063,0.00397087259728427,0.9977100692529458,0.500901546609128,0.500901546609128,0.0017145657063425703,440
weighted_fire_specificity_silence_sensitivity_tau_0_5,CWE-705,0.0,0.0,0.9999293998371914,0.9989047419631489,7.060016280862191e-05,1.0,,,-0.00027478274535137095,0.9988342960859494,0.4999646999185957,0.4999646999185957,0.0012426614627572574,264
weighted_fire_specificity_silence_sensitivity_tau_0_5,CWE-706,0.06666666666666667,0.0012422360248447203,0.9998792918833436,0.9966559622152266,0.00012070811665646896,0.9987577639751553,0.012195121951219511,0.007727975270479134,0.0084775444510621,0.9965360751886976,0.5005607639540941,0.5005607639540941,0.0029035820340743306,807
weighted_fire_specificity_silence_sensitivity_tau_0_5,CWE-74,0.32658030645148967,0.24844692228922516,0.9979635047902919,0.9970666036604394,0.002036495209708101,0.7515530777107748,0.2811137193460479,0.26035750512900313,0.2818515814266914,0.9950468027010025,0.6232052135397586,0.6232343107242928,0.063308690009619,938
weighted_fire_specificity_silence_sensitivity_tau_0_5,CWE-754,0.0127789046653144,0.011942959001782532,0.9993897555481823,0.9993150882066276,0.0006102444518177423,0.9880570409982175,0.030798389007344235,0.030211756115370574,0.011695281034509893,0.9987056903404726,0.5056663572749824,0.5056681629197712,0.009518117758028624,167
weighted_fire_specificity_silence_sensitivity_tau_0_5,CWE-834,0.06000000000000001,0.008571428571428572,0.9998213582653916,0.9985560759015856,0.00017864173460845368,0.9914285714285714,0.024999999999999998,0.017241379310344827,0.022171445482310828,0.9983779698079485,0.50419639341841,0.50419639341841,0.0024494834926427813,351
weighted_fire_specificity_silence_sensitivity_tau_0_6,CWE-1164,0.0,0.0,0.9754836374200171,0.9996853101776653,0.024516362579982964,1.0,,,-0.002776638046429008,0.9751841759739772,0.48774181871000855,0.48774181871000855,0.00016668120760511903,74
weighted_fire_specificity_silence_sensitivity_tau_0_6,CWE-118,0.2365902896912544,0.38393953708077466,0.9431034301333062,0.9708728842029549,0.05689656986669378,0.6160604629192253,0.2927600262157913,0.3414024254372749,0.26047498090139476,0.9185500230662497,0.6635214836070404,0.6634847527843802,0.13372240746484795,10585
weighted_fire_specificity_silence_sensitivity_tau_0_6,CWE-190,0.07053678476967809,0.06756265616718407,0.9947757129919623,0.9945308758050808,0.005224287008037825,0.932437343832816,0.06894765624154184,0.06809414201324601,0.06365641275640822,0.9893676108961482,0.5311691845795731,0.5311636769876975,0.017895373545858108,1406
weighted_fire_specificity_silence_sensitivity_tau_0_6,CWE-191,0.0,0.0,0.9995309007918978,0.9993068904121547,0.0004690992081021807,1.0,,,-0.0005683382131360335,0.9988384405588038,0.4997654503959489,0.4997654503959489,0.00039463893764581125,167
weighted_fire_specificity_silence_sensitivity_tau_0_6,CWE-20,0.04022456583620791,0.06906399300181683,0.9867477844751467,0.9924586091460949,0.013252215524853473,0.9309360069981831,0.050822962324295194,0.06038526191327757,0.04270232869040732,0.9794155602399164,0.5279058887384818,0.5279176618623797,0.014020722014025083,1926
weighted_fire_specificity_silence_sensitivity_tau_0_6,CWE-269,0.0,0.0,0.9998256848946274,0.999514550797436,0.00017431510537251592,1.0,,,-0.0002891687803676932,0.9993404043949324,0.4999128424473137,0.4999128424473137,0.0006326988829934947,117
weighted_fire_specificity_silence_sensitivity_tau_0_6,CWE-285,0.029532715585940734,0.03176691729323308,0.9987706147435802,0.9988618935681093,0.0012293852564197497,0.968233082706767,0.03048216063457563,0.031204931569097795,0.029385702919915734,0.9976353938834646,0.5152687660184065,0.5152769635045901,0.00277903490885461,283
weighted_fire_specificity_silence_sensitivity_tau_0_6,CWE-287,,0.0,1.0,0.998676655712603,0.0,1.0,,,,0.998676655712603,0.5,0.5,0.0014428917328409285,319
weighted_fire_specificity_silence_sensitivity_tau_0_6,CWE-311,0.0,0.0,0.9999834025757078,0.9998299119242764,1.6597424292129978e-05,1.0,,,-6.796475206392351e-05,0.9998133201802798,0.4999917012878539,0.4999917012878539,0.00016470037888803078,41
weighted_fire_specificity_silence_sensitivity_tau_0_6,CWE-369,0.23333333333333334,0.007272727272727273,0.9999460079420267,0.9988715614810719,5.3992057973305275e-05,0.9927272727272728,0.03425058548009367,0.022374164097225,0.037751329358876304,0.9988177010718233,0.503609367607377,0.5036091788152126,0.005224382813678015,274
weighted_fire_specificity_silence_sensitivity_tau_0_6,CWE-400,0.0,0.0,0.9998419814032644,0.9976018380955072,0.0001580185967355784,1.0,,,-0.000614169645075503,0.9974445764743208,0.4999209907016322,0.4999209907016322,0.00220736879293073,578
weighted_fire_specificity_silence_sensitivity_tau_0_6,CWE-404,0.0069570477918935265,0.001629334660693546,0.9988033149271065,0.9949120937581748,0.0011966850728936454,0.9983706653393064,0.006600660066006602,0.004810014825673403,0.0008995076166399142,0.9937276002189138,0.5002163247939,0.500215729992374,0.0032238777455461582,1227
weighted_fire_specificity_silence_sensitivity_tau_0_6,CWE-476,0.08472085174501592,0.026730959446092977,0.99796550277569,0.9931898765928462,0.0020344972243099913,0.9732690405539071,0.04046845648175186,0.03092289729554522,0.04373345114460187,0.9911846083047152,0.5123482311108914,0.5123465423478869,0.014212658953757016,1683
weighted_fire_specificity_silence_sensitivity_tau_0_6,CWE-573,0.0,0.0,0.9985560330324728,0.9997756614134324,0.0014439669675272554,1.0,,,-0.0005685291378416521,0.9983323430912927,0.4992780165162364,0.4992780165162364,0.00019047078967055525,54
weighted_fire_specificity_silence_sensitivity_tau_0_6,CWE-662,0.00822357654684221,0.02138364779874214,0.9914634518332734,0.9967446076359059,0.008536548166726507,0.9786163522012579,0.01187736685099788,0.016196601430308592,0.007988418687094738,0.988264140587052,0.5064235498160079,0.5064322542167193,0.006777593528616234,795
weighted_fire_specificity_silence_sensitivity_tau_0_6,CWE-665,0.0038697318007662835,0.020935960591133004,0.9968453503853036,0.9994257032040444,0.0031546496146963587,0.9790640394088669,0.016301945181255526,0.0277187319582218,0.007642339140794556,0.996274714233898,0.5088906554882183,0.5089160196296666,0.01491882629988831,141
weighted_fire_specificity_silence_sensitivity_tau_0_6,CWE-668,0.05997055768332886,0.2324068088773971,0.9792942277775557,0.9955594063628878,0.020705772222444196,0.7675931911226029,0.09532724439530485,0.14752411559329112,0.10841369128749472,0.9750680082079735,0.6058505183274765,0.6058440083874637,0.01485285551121995,1364
weighted_fire_specificity_silence_sensitivity_tau_0_6,CWE-704,0.010526315789473684,0.0022727272727272726,0.9995303659455287,0.9981779840416861,0.00046963405447132044,0.9977272727272727,0.018691588785046728,0.013477088948787063,0.00397087259728427,0.9977100692529458,0.500901546609128,0.500901546609128,0.0017145657063425703,440
weighted_fire_specificity_silence_sensitivity_tau_0_6,CWE-705,0.0,0.0,0.9999293998371914,0.9989047419631489,7.060016280862191e-05,1.0,,,-0.00027478274535137095,0.9988342960859494,0.4999646999185957,0.4999646999185957,0.0012426614627572574,264
weighted_fire_specificity_silence_sensitivity_tau_0_6,CWE-706,0.06666666666666667,0.0012422360248447203,0.9998792918833436,0.9966559622152266,0.00012070811665646896,0.9987577639751553,0.012195121951219511,0.007727975270479134,0.0084775444510621,0.9965360751886976,0.5005607639540941,0.5005607639540941,0.0029035820340743306,807
weighted_fire_specificity_silence_sensitivity_tau_0_6,CWE-74,0.32658030645148967,0.24844692228922516,0.9979635047902919,0.9970666036604394,0.002036495209708101,0.7515530777107748,0.2811137193460479,0.26035750512900313,0.2818515814266914,0.9950468027010025,0.6232052135397586,0.6232343107242928,0.063308690009619,938
weighted_fire_specificity_silence_sensitivity_tau_0_6,CWE-754,0.0127789046653144,0.011942959001782532,0.9993897555481823,0.9993150882066276,0.0006102444518177423,0.9880570409982175,0.030798389007344235,0.030211756115370574,0.011695281034509893,0.9987056903404726,0.5056663572749824,0.5056681629197712,0.009518117758028624,167
weighted_fire_specificity_silence_sensitivity_tau_0_6,CWE-834,0.06000000000000001,0.008571428571428572,0.9998213582653916,0.9985560759015856,0.00017864173460845368,0.9914285714285714,0.024999999999999998,0.017241379310344827,0.022171445482310828,0.9983779698079485,0.50419639341841,0.50419639341841,0.0024494834926427813,351
weighted_fire_specificity_silence_sensitivity_tau_0_7,CWE-1164,0.0,0.0,0.9754836374200171,0.9996853101776653,0.024516362579982964,1.0,,,-0.002776638046429008,0.9751841759739772,0.48774181871000855,0.48774181871000855,0.00016668120760511903,74
weighted_fire_specificity_silence_sensitivity_tau_0_7,CWE-118,0.2365902896912544,0.38393953708077466,0.9431034301333062,0.9708728842029549,0.05689656986669378,0.6160604629192253,0.2927600262157913,0.3414024254372749,0.26047498090139476,0.9185500230662497,0.6635214836070404,0.6634847527843802,0.13372240746484795,10585
weighted_fire_specificity_silence_sensitivity_tau_0_7,CWE-190,0.07053678476967809,0.06756265616718407,0.9947757129919623,0.9945308758050808,0.005224287008037825,0.932437343832816,0.06894765624154184,0.06809414201324601,0.06365641275640822,0.9893676108961482,0.5311691845795731,0.5311636769876975,0.017895373545858108,1406
weighted_fire_specificity_silence_sensitivity_tau_0_7,CWE-191,0.0,0.0,0.9995309007918978,0.9993068904121547,0.0004690992081021807,1.0,,,-0.0005683382131360335,0.9988384405588038,0.4997654503959489,0.4997654503959489,0.00039463893764581125,167
weighted_fire_specificity_silence_sensitivity_tau_0_7,CWE-20,0.04022456583620791,0.06906399300181683,0.9867477844751467,0.9924586091460949,0.013252215524853473,0.9309360069981831,0.050822962324295194,0.06038526191327757,0.04270232869040732,0.9794155602399164,0.5279058887384818,0.5279176618623797,0.014020722014025083,1926
weighted_fire_specificity_silence_sensitivity_tau_0_7,CWE-269,0.0,0.0,0.9998256848946274,0.999514550797436,0.00017431510537251592,1.0,,,-0.0002891687803676932,0.9993404043949324,0.4999128424473137,0.4999128424473137,0.0006326988829934947,117
weighted_fire_specificity_silence_sensitivity_tau_0_7,CWE-285,0.029532715585940734,0.03176691729323308,0.9987706147435802,0.9988618935681093,0.0012293852564197497,0.968233082706767,0.03048216063457563,0.031204931569097795,0.029385702919915734,0.9976353938834646,0.5152687660184065,0.5152769635045901,0.00277903490885461,283
weighted_fire_specificity_silence_sensitivity_tau_0_7,CWE-287,,0.0,1.0,0.998676655712603,0.0,1.0,,,,0.998676655712603,0.5,0.5,0.0014428917328409285,319
weighted_fire_specificity_silence_sensitivity_tau_0_7,CWE-311,0.0,0.0,0.9999834025757078,0.9998299119242764,1.6597424292129978e-05,1.0,,,-6.796475206392351e-05,0.9998133201802798,0.4999917012878539,0.4999917012878539,0.00016470037888803078,41
weighted_fire_specificity_silence_sensitivity_tau_0_7,CWE-369,0.23333333333333334,0.007272727272727273,0.9999460079420267,0.9988715614810719,5.3992057973305275e-05,0.9927272727272728,0.03425058548009367,0.022374164097225,0.037751329358876304,0.9988177010718233,0.503609367607377,0.5036091788152126,0.005224382813678015,274
weighted_fire_specificity_silence_sensitivity_tau_0_7,CWE-400,0.0,0.0,0.9998419814032644,0.9976018380955072,0.0001580185967355784,1.0,,,-0.000614169645075503,0.9974445764743208,0.4999209907016322,0.4999209907016322,0.00220736879293073,578
weighted_fire_specificity_silence_sensitivity_tau_0_7,CWE-404,0.0069570477918935265,0.001629334660693546,0.9988033149271065,0.9949120937581748,0.0011966850728936454,0.9983706653393064,0.006600660066006602,0.004810014825673403,0.0008995076166399142,0.9937276002189138,0.5002163247939,0.500215729992374,0.0032238777455461582,1227
weighted_fire_specificity_silence_sensitivity_tau_0_7,CWE-476,0.08472085174501592,0.026730959446092977,0.99796550277569,0.9931898765928462,0.0020344972243099913,0.9732690405539071,0.04046845648175186,0.03092289729554522,0.04373345114460187,0.9911846083047152,0.5123482311108914,0.5123465423478869,0.014212658953757016,1683
weighted_fire_specificity_silence_sensitivity_tau_0_7,CWE-573,0.0,0.0,0.9985560330324728,0.9997756614134324,0.0014439669675272554,1.0,,,-0.0005685291378416521,0.9983323430912927,0.4992780165162364,0.4992780165162364,0.00019047078967055525,54
weighted_fire_specificity_silence_sensitivity_tau_0_7,CWE-662,0.00822357654684221,0.02138364779874214,0.9914634518332734,0.9967446076359059,0.008536548166726507,0.9786163522012579,0.01187736685099788,0.016196601430308592,0.007988418687094738,0.988264140587052,0.5064235498160079,0.5064322542167193,0.006777593528616234,795
weighted_fire_specificity_silence_sensitivity_tau_0_7,CWE-665,0.0038697318007662835,0.020935960591133004,0.9968453503853036,0.9994257032040444,0.0031546496146963587,0.9790640394088669,0.016301945181255526,0.0277187319582218,0.007642339140794556,0.996274714233898,0.5088906554882183,0.5089160196296666,0.01491882629988831,141
weighted_fire_specificity_silence_sensitivity_tau_0_7,CWE-668,0.05997055768332886,0.2324068088773971,0.9792942277775557,0.9955594063628878,0.020705772222444196,0.7675931911226029,0.09532724439530485,0.14752411559329112,0.10841369128749472,0.9750680082079735,0.6058505183274765,0.6058440083874637,0.01485285551121995,1364
weighted_fire_specificity_silence_sensitivity_tau_0_7,CWE-704,0.010526315789473684,0.0022727272727272726,0.9995303659455287,0.9981779840416861,0.00046963405447132044,0.9977272727272727,0.018691588785046728,0.013477088948787063,0.00397087259728427,0.9977100692529458,0.500901546609128,0.500901546609128,0.0017145657063425703,440
weighted_fire_specificity_silence_sensitivity_tau_0_7,CWE-705,0.0,0.0,0.9999293998371914,0.9989047419631489,7.060016280862191e-05,1.0,,,-0.00027478274535137095,0.9988342960859494,0.4999646999185957,0.4999646999185957,0.0012426614627572574,264
weighted_fire_specificity_silence_sensitivity_tau_0_7,CWE-706,0.06666666666666667,0.0012422360248447203,0.9998792918833436,0.9966559622152266,0.00012070811665646896,0.9987577639751553,0.012195121951219511,0.007727975270479134,0.0084775444510621,0.9965360751886976,0.5005607639540941,0.5005607639540941,0.0029035820340743306,807
weighted_fire_specificity_silence_sensitivity_tau_0_7,CWE-74,0.32658030645148967,0.24844692228922516,0.9979635047902919,0.9970666036604394,0.002036495209708101,0.7515530777107748,0.2811137193460479,0.26035750512900313,0.2818515814266914,0.9950468027010025,0.6232052135397586,0.6232343107242928,0.063308690009619,938
weighted_fire_specificity_silence_sensitivity_tau_0_7,CWE-754,0.0127789046653144,0.011942959001782532,0.9993897555481823,0.9993150882066276,0.0006102444518177423,0.9880570409982175,0.030798389007344235,0.030211756115370574,0.011695281034509893,0.9987056903404726,0.5056663572749824,0.5056681629197712,0.009518117758028624,167
weighted_fire_specificity_silence_sensitivity_tau_0_7,CWE-834,0.06000000000000001,0.008571428571428572,0.9998213582653916,0.9985560759015856,0.00017864173460845368,0.9914285714285714,0.024999999999999998,0.017241379310344827,0.022171445482310828,0.9983779698079485,0.50419639341841,0.50419639341841,0.0024494834926427813,351
weighted_fire_specificity_silence_sensitivity_tau_0_8,CWE-1164,0.0,0.0,0.9754836374200171,0.9996853101776653,0.024516362579982964,1.0,,,-0.002776638046429008,0.9751841759739772,0.48774181871000855,0.48774181871000855,0.00016668120760511903,74
weighted_fire_specificity_silence_sensitivity_tau_0_8,CWE-118,0.23367113480928695,0.37449220595181865,0.9435937348207789,0.9704542856837047,0.05640626517922116,0.6255077940481815,0.2877679247530137,0.3341999669105399,0.25480850708597746,0.9186039555931785,0.6590429703862987,0.6634847527843802,0.13372240746484795,10585
weighted_fire_specificity_silence_sensitivity_tau_0_8,CWE-190,0.07053678476967809,0.06756265616718407,0.9947757129919623,0.9945308758050808,0.005224287008037825,0.932437343832816,0.06894765624154184,0.06809414201324601,0.06365641275640822,0.9893676108961482,0.5311691845795731,0.5311636769876975,0.017895373545858108,1406
weighted_fire_specificity_silence_sensitivity_tau_0_8,CWE-191,0.0,0.0,0.9995309007918978,0.9993068904121547,0.0004690992081021807,1.0,,,-0.0005683382131360335,0.9988384405588038,0.4997654503959489,0.4997654503959489,0.00039463893764581125,167
weighted_fire_specificity_silence_sensitivity_tau_0_8,CWE-20,0.04022456583620791,0.06906399300181683,0.9867477844751467,0.9924586091460949,0.013252215524853473,0.9309360069981831,0.050822962324295194,0.06038526191327757,0.04270232869040732,0.9794155602399164,0.5279058887384818,0.5279176618623797,0.014020722014025083,1926
weighted_fire_specificity_silence_sensitivity_tau_0_8,CWE-269,0.0,0.0,0.9998256848946274,0.999514550797436,0.00017431510537251592,1.0,,,-0.0002891687803676932,0.9993404043949324,0.4999128424473137,0.4999128424473137,0.0006326988829934947,117
weighted_fire_specificity_silence_sensitivity_tau_0_8,CWE-285,0.029532715585940734,0.03176691729323308,0.9987706147435802,0.9988618935681093,0.0012293852564197497,0.968233082706767,0.03048216063457563,0.031204931569097795,0.029385702919915734,0.9976353938834646,0.5152687660184065,0.5152769635045901,0.00277903490885461,283
weighted_fire_specificity_silence_sensitivity_tau_0_8,CWE-287,,0.0,1.0,0.998676655712603,0.0,1.0,,,,0.998676655712603,0.5,0.5,0.0014428917328409285,319
weighted_fire_specificity_silence_sensitivity_tau_0_8,CWE-311,0.0,0.0,0.9999834025757078,0.9998299119242764,1.6597424292129978e-05,1.0,,,-6.796475206392351e-05,0.9998133201802798,0.4999917012878539,0.4999917012878539,0.00016470037888803078,41
weighted_fire_specificity_silence_sensitivity_tau_0_8,CWE-369,0.23333333333333334,0.007272727272727273,0.9999460079420267,0.9988715614810719,5.3992057973305275e-05,0.9927272727272728,0.03425058548009367,0.022374164097225,0.037751329358876304,0.9988177010718233,0.503609367607377,0.5036091788152126,0.005224382813678015,274
weighted_fire_specificity_silence_sensitivity_tau_0_8,CWE-400,0.0,0.0,0.9998419814032644,0.9976018380955072,0.0001580185967355784,1.0,,,-0.000614169645075503,0.9974445764743208,0.4999209907016322,0.4999209907016322,0.00220736879293073,578
weighted_fire_specificity_silence_sensitivity_tau_0_8,CWE-404,0.0069570477918935265,0.001629334660693546,0.9988033149271065,0.9949120937581748,0.0011966850728936454,0.9983706653393064,0.006600660066006602,0.004810014825673403,0.0008995076166399142,0.9937276002189138,0.5002163247939,0.500215729992374,0.0032238777455461582,1227
weighted_fire_specificity_silence_sensitivity_tau_0_8,CWE-476,0.08472085174501592,0.026730959446092977,0.99796550277569,0.9931898765928462,0.0020344972243099913,0.9732690405539071,0.04046845648175186,0.03092289729554522,0.04373345114460187,0.9911846083047152,0.5123482311108914,0.5123465423478869,0.014212658953757016,1683
weighted_fire_specificity_silence_sensitivity_tau_0_8,CWE-573,0.0,0.0,0.9985560330324728,0.9997756614134324,0.0014439669675272554,1.0,,,-0.0005685291378416521,0.9983323430912927,0.4992780165162364,0.4992780165162364,0.00019047078967055525,54
weighted_fire_specificity_silence_sensitivity_tau_0_8,CWE-662,0.00822357654684221,0.02138364779874214,0.9914634518332734,0.9967446076359059,0.008536548166726507,0.9786163522012579,0.01187736685099788,0.016196601430308592,0.007988418687094738,0.988264140587052,0.5064235498160079,0.5064322542167193,0.006777593528616234,795
weighted_fire_specificity_silence_sensitivity_tau_0_8,CWE-665,0.0038697318007662835,0.020935960591133004,0.9968453503853036,0.9994257032040444,0.0031546496146963587,0.9790640394088669,0.016301945181255526,0.0277187319582218,0.007642339140794556,0.996274714233898,0.5088906554882183,0.5089160196296666,0.01491882629988831,141
weighted_fire_specificity_silence_sensitivity_tau_0_8,CWE-668,0.05997055768332886,0.2324068088773971,0.9792942277775557,0.9955594063628878,0.020705772222444196,0.7675931911226029,0.09532724439530485,0.14752411559329112,0.10841369128749472,0.9750680082079735,0.6058505183274765,0.6058440083874637,0.01485285551121995,1364
weighted_fire_specificity_silence_sensitivity_tau_0_8,CWE-704,0.010526315789473684,0.0022727272727272726,0.9995303659455287,0.9981779840416861,0.00046963405447132044,0.9977272727272727,0.018691588785046728,0.013477088948787063,0.00397087259728427,0.9977100692529458,0.500901546609128,0.500901546609128,0.0017145657063425703,440
weighted_fire_specificity_silence_sensitivity_tau_0_8,CWE-705,0.0,0.0,0.9999293998371914,0.9989047419631489,7.060016280862191e-05,1.0,,,-0.00027478274535137095,0.9988342960859494,0.4999646999185957,0.4999646999185957,0.0012426614627572574,264
weighted_fire_specificity_silence_sensitivity_tau_0_8,CWE-706,0.06666666666666667,0.0012422360248447203,0.9998792918833436,0.9966559622152266,0.00012070811665646896,0.9987577639751553,0.012195121951219511,0.007727975270479134,0.0084775444510621,0.9965360751886976,0.5005607639540941,0.5005607639540941,0.0029035820340743306,807
weighted_fire_specificity_silence_sensitivity_tau_0_8,CWE-74,0.34215927077982206,0.24844692228922516,0.9980967615183717,0.997067009444305,0.0019032384816283338,0.7515530777107748,0.2863201989018249,0.2620556083921925,0.288410025899196,0.9951795398406474,0.6232718419037984,0.6232343107242928,0.063308690009619,938
weighted_fire_specificity_silence_sensitivity_tau_0_8,CWE-754,0.0127789046653144,0.011942959001782532,0.9993897555481823,0.9993150882066276,0.0006102444518177423,0.9880570409982175,0.030798389007344235,0.030211756115370574,0.011695281034509893,0.9987056903404726,0.5056663572749824,0.5056681629197712,0.009518117758028624,167
weighted_fire_specificity_silence_sensitivity_tau_0_8,CWE-834,0.06000000000000001,0.008571428571428572,0.9998213582653916,0.9985560759015856,0.00017864173460845368,0.9914285714285714,0.024999999999999998,0.017241379310344827,0.022171445482310828,0.9983779698079485,0.50419639341841,0.50419639341841,0.0024494834926427813,351
weighted_fire_specificity_silence_sensitivity_tau_0_9,CWE-1164,0.0,0.0,0.9754836374200171,0.9996853101776653,0.024516362579982964,1.0,,,-0.002776638046429008,0.9751841759739772,0.48774181871000855,0.48774181871000855,0.00016668120760511903,74
weighted_fire_specificity_silence_sensitivity_tau_0_9,CWE-118,0.23330324545057626,0.373547472838923,0.9436197688604111,0.9704117596868805,0.05638023113958891,0.626452527161077,0.2872101775467845,0.3334477081861156,0.2541844434095441,0.918587361783616,0.658583620849667,0.6634847527843802,0.13372240746484795,10585
weighted_fire_specificity_silence_sensitivity_tau_0_9,CWE-190,0.07053678476967809,0.06756265616718407,0.9947757129919623,0.9945308758050808,0.005224287008037825,0.932437343832816,0.06894765624154184,0.06809414201324601,0.06365641275640822,0.9893676108961482,0.5311691845795731,0.5311636769876975,0.017895373545858108,1406
weighted_fire_specificity_silence_sensitivity_tau_0_9,CWE-191,0.0,0.0,0.9995309007918978,0.9993068904121547,0.0004690992081021807,1.0,,,-0.0005683382131360335,0.9988384405588038,0.4997654503959489,0.4997654503959489,0.00039463893764581125,167
weighted_fire_specificity_silence_sensitivity_tau_0_9,CWE-20,0.04022456583620791,0.06906399300181683,0.9867477844751467,0.9924586091460949,0.013252215524853473,0.9309360069981831,0.050822962324295194,0.06038526191327757,0.04270232869040732,0.9794155602399164,0.5279058887384818,0.5279176618623797,0.014020722014025083,1926
weighted_fire_specificity_silence_sensitivity_tau_0_9,CWE-269,0.0,0.0,0.9998256848946274,0.999514550797436,0.00017431510537251592,1.0,,,-0.0002891687803676932,0.9993404043949324,0.4999128424473137,0.4999128424473137,0.0006326988829934947,117
weighted_fire_specificity_silence_sensitivity_tau_0_9,CWE-285,0.029532715585940734,0.03176691729323308,0.9987706147435802,0.9988618935681093,0.0012293852564197497,0.968233082706767,0.03048216063457563,0.031204931569097795,0.029385702919915734,0.9976353938834646,0.5152687660184065,0.5152769635045901,0.00277903490885461,283
weighted_fire_specificity_silence_sensitivity_tau_0_9,CWE-287,,0.0,1.0,0.998676655712603,0.0,1.0,,,,0.998676655712603,0.5,0.5,0.0014428917328409285,319
weighted_fire_specificity_silence_sensitivity_tau_0_9,CWE-311,0.0,0.0,0.9999834025757078,0.9998299119242764,1.6597424292129978e-05,1.0,,,-6.796475206392351e-05,0.9998133201802798,0.4999917012878539,0.4999917012878539,0.00016470037888803078,41
weighted_fire_specificity_silence_sensitivity_tau_0_9,CWE-369,0.23333333333333334,0.007272727272727273,0.9999460079420267,0.9988715614810719,5.3992057973305275e-05,0.9927272727272728,0.03425058548009367,0.022374164097225,0.037751329358876304,0.9988177010718233,0.503609367607377,0.5036091788152126,0.005224382813678015,274
weighted_fire_specificity_silence_sensitivity_tau_0_9,CWE-400,0.0,0.0,0.9998419814032644,0.9976018380955072,0.0001580185967355784,1.0,,,-0.000614169645075503,0.9974445764743208,0.4999209907016322,0.4999209907016322,0.00220736879293073,578
weighted_fire_specificity_silence_sensitivity_tau_0_9,CWE-404,0.0069570477918935265,0.001629334660693546,0.9988033149271065,0.9949120937581748,0.0011966850728936454,0.9983706653393064,0.006600660066006602,0.004810014825673403,0.0008995076166399142,0.9937276002189138,0.5002163247939,0.500215729992374,0.0032238777455461582,1227
weighted_fire_specificity_silence_sensitivity_tau_0_9,CWE-476,0.08472085174501592,0.026730959446092977,0.99796550277569,0.9931898765928462,0.0020344972243099913,0.9732690405539071,0.04046845648175186,0.03092289729554522,0.04373345114460187,0.9911846083047152,0.5123482311108914,0.5123465423478869,0.014212658953757016,1683
weighted_fire_specificity_silence_sensitivity_tau_0_9,CWE-573,0.0,0.0,0.9985560330324728,0.9997756614134324,0.0014439669675272554,1.0,,,-0.0005685291378416521,0.9983323430912927,0.4992780165162364,0.4992780165162364,0.00019047078967055525,54
weighted_fire_specificity_silence_sensitivity_tau_0_9,CWE-662,0.00822357654684221,0.02138364779874214,0.9914634518332734,0.9967446076359059,0.008536548166726507,0.9786163522012579,0.01187736685099788,0.016196601430308592,0.007988418687094738,0.988264140587052,0.5064235498160079,0.5064322542167193,0.006777593528616234,795
weighted_fire_specificity_silence_sensitivity_tau_0_9,CWE-665,0.0038697318007662835,0.020935960591133004,0.9968453503853036,0.9994257032040444,0.0031546496146963587,0.9790640394088669,0.016301945181255526,0.0277187319582218,0.007642339140794556,0.996274714233898,0.5088906554882183,0.5089160196296666,0.01491882629988831,141
weighted_fire_specificity_silence_sensitivity_tau_0_9,CWE-668,0.05998176411414755,0.2324068088773971,0.9792984000942347,0.9955594249233182,0.02070159990576536,0.7675931911226029,0.09534159649954825,0.1475381428648193,0.10842587883587021,0.9750721568969878,0.6058526044858159,0.6058440083874637,0.01485285551121995,1364
weighted_fire_specificity_silence_sensitivity_tau_0_9,CWE-704,0.010526315789473684,0.0022727272727272726,0.9995303659455287,0.9981779840416861,0.00046963405447132044,0.9977272727272727,0.018691588785046728,0.013477088948787063,0.00397087259728427,0.9977100692529458,0.500901546609128,0.500901546609128,0.0017145657063425703,440
weighted_fire_specificity_silence_sensitivity_tau_0_9,CWE-705,0.0,0.0,0.9999293998371914,0.9989047419631489,7.060016280862191e-05,1.0,,,-0.00027478274535137095,0.9988342960859494,0.4999646999185957,0.4999646999185957,0.0012426614627572574,264
weighted_fire_specificity_silence_sensitivity_tau_0_9,CWE-706,0.06666666666666667,0.0012422360248447203,0.9998792918833436,0.9966559622152266,0.00012070811665646896,0.9987577639751553,0.012195121951219511,0.007727975270479134,0.0084775444510621,0.9965360751886976,0.5005607639540941,0.5005607639540941,0.0029035820340743306,807
weighted_fire_specificity_silence_sensitivity_tau_0_9,CWE-74,0.3554445390523832,0.24844692228922516,0.9982050476500938,0.9970673189455267,0.0017949523499063021,0.7515530777107748,0.29109130342765976,0.2636812382291152,0.29416595837792087,0.9952874049805118,0.6233259849696594,0.6232343107242928,0.063308690009619,938
weighted_fire_specificity_silence_sensitivity_tau_0_9,CWE-754,0.0127789046653144,0.011942959001782532,0.9993897555481823,0.9993150882066276,0.0006102444518177423,0.9880570409982175,0.030798389007344235,0.030211756115370574,0.011695281034509893,0.9987056903404726,0.5056663572749824,0.5056681629197712,0.009518117758028624,167
weighted_fire_specificity_silence_sensitivity_tau_0_9,CWE-834,0.06000000000000001,0.008571428571428572,0.9998213582653916,0.9985560759015856,0.00017864173460845368,0.9914285714285714,0.024999999999999998,0.017241379310344827,0.022171445482310828,0.9983779698079485,0.50419639341841,0.50419639341841,0.0024494834926427813,351
dst_dempster_fire_specificity_silence_sensitivity_tau_0_1,CWE-1164,0.0003069823361635623,1.0,0.0,,1.0,0.0,0.0006137761166322298,0.0015330278607072415,,0.0003069823361635623,0.5,0.48774181871000855,0.00016668120760511903,74
dst_dempster_fire_specificity_silence_sensitivity_tau_0_1,CWE-118,0.04391095868676494,1.0,0.0,,1.0,0.0,0.08412778563498187,0.18675281304928476,,0.04391095868676494,0.5,0.6638868701660814,0.13960584727404607,10585
dst_dempster_fire_specificity_silence_sensitivity_tau_0_1,CWE-190,0.0058326692056617675,1.0,0.0,,1.0,0.0,0.011597692778895009,0.028498456523285733,,0.0058326692056617675,0.5,0.5312154364141439,0.019544917258824696,1406
dst_dempster_fire_specificity_silence_sensitivity_tau_0_1,CWE-191,0.000692784945069186,1.0,0.0,,1.0,0.0,0.0013846104470185603,0.003454350188200469,,0.000692784945069186,0.5,0.4997654503959489,0.00039463893764581125,167
dst_dempster_fire_specificity_silence_sensitivity_tau_0_1,CWE-20,0.007989845001912006,1.0,0.0,,1.0,0.0,0.015853026633360075,0.03871201173373847,,0.007989845001912006,0.5,0.5279201063388577,0.014038456915044937,1926
dst_dempster_fire_specificity_silence_sensitivity_tau_0_1,CWE-269,0.0004853648639115706,1.0,0.0,,1.0,0.0,0.0009702585911718247,0.0024221198059796315,,0.0004853648639115706,0.5,0.4999128424473137,0.0006326988829934947,117
dst_dempster_fire_specificity_silence_sensitivity_tau_0_1,CWE-285,0.0011740018083170765,1.0,0.0,,1.0,0.0,0.00234525007930192,0.005842570209276372,,0.0011740018083170765,0.5,0.5152594690455162,0.002147362756529332,283
dst_dempster_fire_specificity_silence_sensitivity_tau_0_1,CWE-287,0.0013222852381046296,0.8,0.2,0.9986724195154332,0.8,0.2,0.0026410780550687055,0.006576639802217528,,0.20079231209357035,0.5,0.5,0.0014428917328409285,319
dst_dempster_fire_specificity_silence_sensitivity_tau_0_1,CWE-311,0.00017008523577578287,1.0,0.0,,1.0,0.0,0.0003401124856118325,0.000849846616612624,,0.00017008523577578287,0.5,0.4999917012878539,0.00016470037888803078,41
dst_dempster_fire_specificity_silence_sensitivity_tau_0_1,CWE-369,0.0011366656722903788,1.0,0.0,,1.0,0.0,0.0022707501220217883,0.005657603766406826,,0.0011366656722903788,0.5,0.5036095563995413,0.008254685843981046,274
dst_dempster_fire_specificity_silence_sensitivity_tau_0_1,CWE-400,0.002397783840683223,1.0,0.0,,1.0,0.0,0.004784096240070863,0.01187502216220125,,0.002397783840683223,0.5,0.4999209907016322,0.00220736879293073,578
dst_dempster_fire_specificity_silence_sensitivity_tau_0_1,CWE-404,0.005090102831929978,1.0,0.0,,1.0,0.0,0.010128649606040353,0.02494266931149271,,0.005090102831929978,0.5,0.5002162746298857,0.003247348050110032,1227
dst_dempster_fire_specificity_silence_sensitivity_tau_0_1,CWE-476,0.0069817803426757,1.0,0.0,,1.0,0.0,0.013866745903417323,0.033960481236263766,,0.0069817803426757,0.5,0.5123561557227497,0.017538121905631438,1683
dst_dempster_fire_specificity_silence_sensitivity_tau_0_1,CWE-573,0.00022401406278280662,1.0,0.0,,1.0,0.0,0.0004479276460914129,0.0011190661956234835,,0.00022401406278280662,0.5,0.4992780165162364,0.00019047078967055525,54
dst_dempster_fire_specificity_silence_sensitivity_tau_0_1,CWE-662,0.0032979888668850385,1.0,0.0,,1.0,0.0,0.006574295779365349,0.016275242064738703,,0.0032979888668850385,0.5,0.5064317568427039,0.006756622371734347,795
dst_dempster_fire_specificity_silence_sensitivity_tau_0_1,CWE-665,0.0005849265166232437,1.0,0.0,,1.0,0.0,0.0011691690173183567,0.002917804403655056,,0.0005849265166232437,0.5,0.5089075231662811,0.002369118372588282,141
dst_dempster_fire_specificity_silence_sensitivity_tau_0_1,CWE-668,0.005658435969222305,1.0,0.0,,1.0,0.0,0.011253196317309075,0.027665993573092167,,0.005658435969222305,0.5,0.605843060827089,0.014990171041485058,1364
dst_dempster_fire_specificity_silence_sensitivity_tau_0_1,CWE-704,0.001825302014376625,1.0,0.0,,1.0,0.0,0.0036439527144873285,0.009060358508978619,,0.001825302014376625,0.5,0.5009014993855887,0.001525171766948631,440
dst_dempster_fire_specificity_silence_sensitivity_tau_0_1,CWE-705,0.0010951809332807414,1.0,0.0,,1.0,0.0,0.002187965512251423,0.00545201952195286,,0.0010951809332807414,0.5,0.4999646999185957,0.0012426614627572574,264
dst_dempster_fire_specificity_silence_sensitivity_tau_0_1,CWE-706,0.0033477697792846997,1.0,0.0,,1.0,0.0,0.006673199019991039,0.016517657630948222,,0.0033477697792846997,0.5,0.5005607639540941,0.0029035820340743306,807
dst_dempster_fire_specificity_silence_sensitivity_tau_0_1,CWE-74,0.003891211556923292,1.0,0.0,,1.0,0.0,0.007752257242961242,0.019157866603010675,,0.003891211556923292,0.5,0.6231703527210821,0.05589168146350093,938
dst_dempster_fire_specificity_silence_sensitivity_tau_0_1,CWE-754,0.0006927856334197774,1.0,0.0,,1.0,0.0,0.0013846118198993275,0.003454353591927645,,0.0006927856334197774,0.5,0.5056681629197712,0.009518117758028624,167
dst_dempster_fire_specificity_silence_sensitivity_tau_0_1,CWE-834,0.001456093473177496,1.0,0.0,,1.0,0.0,0.002907952556708425,0.007238307380360226,,0.001456093473177496,0.5,0.50419639341841,0.0024494834926427813,351
dst_dempster_fire_specificity_silence_sensitivity_tau_0_2,CWE-1164,0.0003069823361635623,1.0,0.0,,1.0,0.0,0.0006137761166322298,0.0015330278607072415,,0.0003069823361635623,0.5,0.48774181871000855,0.00016668120760511903,74
dst_dempster_fire_specificity_silence_sensitivity_tau_0_2,CWE-118,0.04391095868676494,1.0,0.0,,1.0,0.0,0.08412778563498187,0.18675281304928476,,0.04391095868676494,0.5,0.6638868701660814,0.13960584727404607,10585
dst_dempster_fire_specificity_silence_sensitivity_tau_0_2,CWE-190,0.0058326692056617675,1.0,0.0,,1.0,0.0,0.011597692778895009,0.028498456523285733,,0.0058326692056617675,0.5,0.5312154364141439,0.019544917258824696,1406
dst_dempster_fire_specificity_silence_sensitivity_tau_0_2,CWE-191,0.000692784945069186,1.0,0.0,,1.0,0.0,0.0013846104470185603,0.003454350188200469,,0.000692784945069186,0.5,0.4997654503959489,0.00039463893764581125,167
dst_dempster_fire_specificity_silence_sensitivity_tau_0_2,CWE-20,0.007989845001912006,1.0,0.0,,1.0,0.0,0.015853026633360075,0.03871201173373847,,0.007989845001912006,0.5,0.5279201063388577,0.014038456915044937,1926
dst_dempster_fire_specificity_silence_sensitivity_tau_0_2,CWE-269,0.0004853648639115706,1.0,0.0,,1.0,0.0,0.0009702585911718247,0.0024221198059796315,,0.0004853648639115706,0.5,0.4999128424473137,0.0006326988829934947,117
dst_dempster_fire_specificity_silence_sensitivity_tau_0_2,CWE-285,0.0011740018083170765,1.0,0.0,,1.0,0.0,0.00234525007930192,0.005842570209276372,,0.0011740018083170765,0.5,0.5152594690455162,0.002147362756529332,283
dst_dempster_fire_specificity_silence_sensitivity_tau_0_2,CWE-287,0.0013222852381046296,0.8,0.2,0.9986724195154332,0.8,0.2,0.0026410780550687055,0.006576639802217528,,0.20079231209357035,0.5,0.5,0.0014428917328409285,319
dst_dempster_fire_specificity_silence_sensitivity_tau_0_2,CWE-311,0.00017008523577578287,1.0,0.0,,1.0,0.0,0.0003401124856118325,0.000849846616612624,,0.00017008523577578287,0.5,0.4999917012878539,0.00016470037888803078,41
dst_dempster_fire_specificity_silence_sensitivity_tau_0_2,CWE-369,0.0011366656722903788,1.0,0.0,,1.0,0.0,0.0022707501220217883,0.005657603766406826,,0.0011366656722903788,0.5,0.5036095563995413,0.008254685843981046,274
dst_dempster_fire_specificity_silence_sensitivity_tau_0_2,CWE-400,0.002397783840683223,1.0,0.0,,1.0,0.0,0.004784096240070863,0.01187502216220125,,0.002397783840683223,0.5,0.4999209907016322,0.00220736879293073,578
dst_dempster_fire_specificity_silence_sensitivity_tau_0_2,CWE-404,0.005090102831929978,1.0,0.0,,1.0,0.0,0.010128649606040353,0.02494266931149271,,0.005090102831929978,0.5,0.5002162746298857,0.003247348050110032,1227
dst_dempster_fire_specificity_silence_sensitivity_tau_0_2,CWE-476,0.0069817803426757,1.0,0.0,,1.0,0.0,0.013866745903417323,0.033960481236263766,,0.0069817803426757,0.5,0.5123561557227497,0.017538121905631438,1683
dst_dempster_fire_specificity_silence_sensitivity_tau_0_2,CWE-573,0.00022401406278280662,1.0,0.0,,1.0,0.0,0.0004479276460914129,0.0011190661956234835,,0.00022401406278280662,0.5,0.4992780165162364,0.00019047078967055525,54
dst_dempster_fire_specificity_silence_sensitivity_tau_0_2,CWE-662,0.0032979888668850385,1.0,0.0,,1.0,0.0,0.006574295779365349,0.016275242064738703,,0.0032979888668850385,0.5,0.5064317568427039,0.006756622371734347,795
dst_dempster_fire_specificity_silence_sensitivity_tau_0_2,CWE-665,0.0005849265166232437,1.0,0.0,,1.0,0.0,0.0011691690173183567,0.002917804403655056,,0.0005849265166232437,0.5,0.5089075231662811,0.002369118372588282,141
dst_dempster_fire_specificity_silence_sensitivity_tau_0_2,CWE-668,0.005658435969222305,1.0,0.0,,1.0,0.0,0.011253196317309075,0.027665993573092167,,0.005658435969222305,0.5,0.605843060827089,0.014990171041485058,1364
dst_dempster_fire_specificity_silence_sensitivity_tau_0_2,CWE-704,0.001825302014376625,1.0,0.0,,1.0,0.0,0.0036439527144873285,0.009060358508978619,,0.001825302014376625,0.5,0.5009014993855887,0.001525171766948631,440
dst_dempster_fire_specificity_silence_sensitivity_tau_0_2,CWE-705,0.0010951809332807414,1.0,0.0,,1.0,0.0,0.002187965512251423,0.00545201952195286,,0.0010951809332807414,0.5,0.4999646999185957,0.0012426614627572574,264
dst_dempster_fire_specificity_silence_sensitivity_tau_0_2,CWE-706,0.0033477697792846997,1.0,0.0,,1.0,0.0,0.006673199019991039,0.016517657630948222,,0.0033477697792846997,0.5,0.5005607639540941,0.0029035820340743306,807
dst_dempster_fire_specificity_silence_sensitivity_tau_0_2,CWE-74,0.003891211556923292,1.0,0.0,,1.0,0.0,0.007752257242961242,0.019157866603010675,,0.003891211556923292,0.5,0.6231703527210821,0.05589168146350093,938
dst_dempster_fire_specificity_silence_sensitivity_tau_0_2,CWE-754,0.0006927856334197774,1.0,0.0,,1.0,0.0,0.0013846118198993275,0.003454353591927645,,0.0006927856334197774,0.5,0.5056681629197712,0.009518117758028624,167
dst_dempster_fire_specificity_silence_sensitivity_tau_0_2,CWE-834,0.001456093473177496,1.0,0.0,,1.0,0.0,0.002907952556708425,0.007238307380360226,,0.001456093473177496,0.5,0.50419639341841,0.0024494834926427813,351
dst_dempster_fire_specificity_silence_sensitivity_tau_0_3,CWE-1164,0.0003069823361635623,1.0,0.0,,1.0,0.0,0.0006137761166322298,0.0015330278607072415,,0.0003069823361635623,0.5,0.48774181871000855,0.00016668120760511903,74
dst_dempster_fire_specificity_silence_sensitivity_tau_0_3,CWE-118,0.15863763123722502,0.627302786962683,0.5660404109777523,0.9706487269246078,0.43395958902224774,0.37269721303731695,0.20774479652736763,0.27724357741707917,0.25749898202389876,0.5687320416441287,0.5966715989702177,0.6638868701660814,0.13960584727404607,10585
dst_dempster_fire_specificity_silence_sensitivity_tau_0_3,CWE-190,0.0058326692056617675,1.0,0.0,,1.0,0.0,0.011597692778895009,0.028498456523285733,,0.0058326692056617675,0.5,0.5312154364141439,0.019544917258824696,1406
dst_dempster_fire_specificity_silence_sensitivity_tau_0_3,CWE-191,0.000692784945069186,1.0,0.0,,1.0,0.0,0.0013846104470185603,0.003454350188200469,,0.000692784945069186,0.5,0.4997654503959489,0.00039463893764581125,167
dst_dempster_fire_specificity_silence_sensitivity_tau_0_3,CWE-20,0.007989845001912006,1.0,0.0,,1.0,0.0,0.015853026633360075,0.03871201173373847,,0.007989845001912006,0.5,0.5279201063388577,0.014038456915044937,1926
dst_dempster_fire_specificity_silence_sensitivity_tau_0_3,CWE-269,0.0004853648639115706,1.0,0.0,,1.0,0.0,0.0009702585911718247,0.0024221198059796315,,0.0004853648639115706,0.5,0.4999128424473137,0.0006326988829934947,117
dst_dempster_fire_specificity_silence_sensitivity_tau_0_3,CWE-285,0.0011740018083170765,1.0,0.0,,1.0,0.0,0.00234525007930192,0.005842570209276372,,0.0011740018083170765,0.5,0.5152594690455162,0.002147362756529332,283
dst_dempster_fire_specificity_silence_sensitivity_tau_0_3,CWE-287,0.0013222852381046296,0.8,0.2,0.9986724195154332,0.8,0.2,0.0026410780550687055,0.006576639802217528,,0.20079231209357035,0.5,0.5,0.0014428917328409285,319
dst_dempster_fire_specificity_silence_sensitivity_tau_0_3,CWE-311,0.00017008523577578287,1.0,0.0,,1.0,0.0,0.0003401124856118325,0.000849846616612624,,0.00017008523577578287,0.5,0.4999917012878539,0.00016470037888803078,41
dst_dempster_fire_specificity_silence_sensitivity_tau_0_3,CWE-369,0.0011366656722903788,1.0,0.0,,1.0,0.0,0.0022707501220217883,0.005657603766406826,,0.0011366656722903788,0.5,0.5036095563995413,0.008254685843981046,274
dst_dempster_fire_specificity_silence_sensitivity_tau_0_3,CWE-400,0.002397783840683223,1.0,0.0,,1.0,0.0,0.004784096240070863,0.01187502216220125,,0.002397783840683223,0.5,0.4999209907016322,0.00220736879293073,578
dst_dempster_fire_specificity_silence_sensitivity_tau_0_3,CWE-404,0.005090102831929978,1.0,0.0,,1.0,0.0,0.010128649606040353,0.02494266931149271,,0.005090102831929978,0.5,0.5002162746298857,0.003247348050110032,1227
dst_dempster_fire_specificity_silence_sensitivity_tau_0_3,CWE-476,0.0069817803426757,1.0,0.0,,1.0,0.0,0.013866745903417323,0.033960481236263766,,0.0069817803426757,0.5,0.5123561557227497,0.017538121905631438,1683
dst_dempster_fire_specificity_silence_sensitivity_tau_0_3,CWE-573,0.00022401406278280662,1.0,0.0,,1.0,0.0,0.0004479276460914129,0.0011190661956234835,,0.00022401406278280662,0.5,0.4992780165162364,0.00019047078967055525,54
dst_dempster_fire_specificity_silence_sensitivity_tau_0_3,CWE-662,0.0032979888668850385,1.0,0.0,,1.0,0.0,0.006574295779365349,0.016275242064738703,,0.0032979888668850385,0.5,0.5064317568427039,0.006756622371734347,795
dst_dempster_fire_specificity_silence_sensitivity_tau_0_3,CWE-665,0.0005849265166232437,1.0,0.0,,1.0,0.0,0.0011691690173183567,0.002917804403655056,,0.0005849265166232437,0.5,0.5089075231662811,0.002369118372588282,141
dst_dempster_fire_specificity_silence_sensitivity_tau_0_3,CWE-668,0.005658435969222305,1.0,0.0,,1.0,0.0,0.011253196317309075,0.027665993573092167,,0.005658435969222305,0.5,0.605843060827089,0.014990171041485058,1364
dst_dempster_fire_specificity_silence_sensitivity_tau_0_3,CWE-704,0.001825302014376625,1.0,0.0,,1.0,0.0,0.0036439527144873285,0.009060358508978619,,0.001825302014376625,0.5,0.5009014993855887,0.001525171766948631,440
dst_dempster_fire_specificity_silence_sensitivity_tau_0_3,CWE-705,0.0010951809332807414,1.0,0.0,,1.0,0.0,0.002187965512251423,0.00545201952195286,,0.0010951809332807414,0.5,0.4999646999185957,0.0012426614627572574,264
dst_dempster_fire_specificity_silence_sensitivity_tau_0_3,CWE-706,0.0033477697792846997,1.0,0.0,,1.0,0.0,0.006673199019991039,0.016517657630948222,,0.0033477697792846997,0.5,0.5005607639540941,0.0029035820340743306,807
dst_dempster_fire_specificity_silence_sensitivity_tau_0_3,CWE-74,0.003891211556923292,1.0,0.0,,1.0,0.0,0.007752257242961242,0.019157866603010675,,0.003891211556923292,0.5,0.6231703527210821,0.05589168146350093,938
dst_dempster_fire_specificity_silence_sensitivity_tau_0_3,CWE-754,0.0006927856334197774,1.0,0.0,,1.0,0.0,0.0013846118198993275,0.003454353591927645,,0.0006927856334197774,0.5,0.5056681629197712,0.009518117758028624,167
dst_dempster_fire_specificity_silence_sensitivity_tau_0_3,CWE-834,0.001456093473177496,1.0,0.0,,1.0,0.0,0.002907952556708425,0.007238307380360226,,0.001456093473177496,0.5,0.50419639341841,0.0024494834926427813,351
dst_dempster_fire_specificity_silence_sensitivity_tau_0_4,CWE-1164,0.0003069823361635623,1.0,0.0,,1.0,0.0,0.0006137761166322298,0.0015330278607072415,,0.0003069823361635623,0.5,0.48774181871000855,0.00016668120760511903,74
dst_dempster_fire_specificity_silence_sensitivity_tau_0_4,CWE-118,0.2365902896912544,0.38393953708077466,0.9431034301333062,0.9708728842029549,0.05689656986669378,0.6160604629192253,0.2927600262157913,0.3414024254372749,0.26047498090139476,0.9185500230662497,0.6635214836070404,0.6638868701660814,0.13960584727404607,10585
dst_dempster_fire_specificity_silence_sensitivity_tau_0_4,CWE-190,0.0058326692056617675,1.0,0.0,,1.0,0.0,0.011597692778895009,0.028498456523285733,,0.0058326692056617675,0.5,0.5312154364141439,0.019544917258824696,1406
dst_dempster_fire_specificity_silence_sensitivity_tau_0_4,CWE-191,0.000692784945069186,1.0,0.0,,1.0,0.0,0.0013846104470185603,0.003454350188200469,,0.000692784945069186,0.5,0.4997654503959489,0.00039463893764581125,167
dst_dempster_fire_specificity_silence_sensitivity_tau_0_4,CWE-20,0.007989845001912006,1.0,0.0,,1.0,0.0,0.015853026633360075,0.03871201173373847,,0.007989845001912006,0.5,0.5279201063388577,0.014038456915044937,1926
dst_dempster_fire_specificity_silence_sensitivity_tau_0_4,CWE-269,0.0004853648639115706,1.0,0.0,,1.0,0.0,0.0009702585911718247,0.0024221198059796315,,0.0004853648639115706,0.5,0.4999128424473137,0.0006326988829934947,117
dst_dempster_fire_specificity_silence_sensitivity_tau_0_4,CWE-285,0.0011740018083170765,1.0,0.0,,1.0,0.0,0.00234525007930192,0.005842570209276372,,0.0011740018083170765,0.5,0.5152594690455162,0.002147362756529332,283
dst_dempster_fire_specificity_silence_sensitivity_tau_0_4,CWE-287,0.0013222852381046296,0.8,0.2,0.9986724195154332,0.8,0.2,0.0026410780550687055,0.006576639802217528,,0.20079231209357035,0.5,0.5,0.0014428917328409285,319
dst_dempster_fire_specificity_silence_sensitivity_tau_0_4,CWE-311,0.00017008523577578287,1.0,0.0,,1.0,0.0,0.0003401124856118325,0.000849846616612624,,0.00017008523577578287,0.5,0.4999917012878539,0.00016470037888803078,41
dst_dempster_fire_specificity_silence_sensitivity_tau_0_4,CWE-369,0.0011366656722903788,1.0,0.0,,1.0,0.0,0.0022707501220217883,0.005657603766406826,,0.0011366656722903788,0.5,0.5036095563995413,0.008254685843981046,274
dst_dempster_fire_specificity_silence_sensitivity_tau_0_4,CWE-400,0.002397783840683223,1.0,0.0,,1.0,0.0,0.004784096240070863,0.01187502216220125,,0.002397783840683223,0.5,0.4999209907016322,0.00220736879293073,578
dst_dempster_fire_specificity_silence_sensitivity_tau_0_4,CWE-404,0.005090102831929978,1.0,0.0,,1.0,0.0,0.010128649606040353,0.02494266931149271,,0.005090102831929978,0.5,0.5002162746298857,0.003247348050110032,1227
dst_dempster_fire_specificity_silence_sensitivity_tau_0_4,CWE-476,0.0069817803426757,1.0,0.0,,1.0,0.0,0.013866745903417323,0.033960481236263766,,0.0069817803426757,0.5,0.5123561557227497,0.017538121905631438,1683
dst_dempster_fire_specificity_silence_sensitivity_tau_0_4,CWE-573,0.00022401406278280662,1.0,0.0,,1.0,0.0,0.0004479276460914129,0.0011190661956234835,,0.00022401406278280662,0.5,0.4992780165162364,0.00019047078967055525,54
dst_dempster_fire_specificity_silence_sensitivity_tau_0_4,CWE-662,0.0032979888668850385,1.0,0.0,,1.0,0.0,0.006574295779365349,0.016275242064738703,,0.0032979888668850385,0.5,0.5064317568427039,0.006756622371734347,795
dst_dempster_fire_specificity_silence_sensitivity_tau_0_4,CWE-665,0.0005849265166232437,1.0,0.0,,1.0,0.0,0.0011691690173183567,0.002917804403655056,,0.0005849265166232437,0.5,0.5089075231662811,0.002369118372588282,141
dst_dempster_fire_specificity_silence_sensitivity_tau_0_4,CWE-668,0.05997055768332886,0.2324068088773971,0.9792942277775557,0.9955594063628878,0.020705772222444196,0.7675931911226029,0.09532724439530485,0.14752411559329112,0.10841369128749472,0.9750680082079735,0.6058505183274765,0.605843060827089,0.014990171041485058,1364
dst_dempster_fire_specificity_silence_sensitivity_tau_0_4,CWE-704,0.001825302014376625,1.0,0.0,,1.0,0.0,0.0036439527144873285,0.009060358508978619,,0.001825302014376625,0.5,0.5009014993855887,0.001525171766948631,440
dst_dempster_fire_specificity_silence_sensitivity_tau_0_4,CWE-705,0.0010951809332807414,1.0,0.0,,1.0,0.0,0.002187965512251423,0.00545201952195286,,0.0010951809332807414,0.5,0.4999646999185957,0.0012426614627572574,264
dst_dempster_fire_specificity_silence_sensitivity_tau_0_4,CWE-706,0.0033477697792846997,1.0,0.0,,1.0,0.0,0.006673199019991039,0.016517657630948222,,0.0033477697792846997,0.5,0.5005607639540941,0.0029035820340743306,807
dst_dempster_fire_specificity_silence_sensitivity_tau_0_4,CWE-74,0.32658030645148967,0.24844692228922516,0.9979635047902919,0.9970666036604394,0.002036495209708101,0.7515530777107748,0.2811137193460479,0.26035750512900313,0.2818515814266914,0.9950468027010025,0.6232052135397586,0.6231703527210821,0.05589168146350093,938
dst_dempster_fire_specificity_silence_sensitivity_tau_0_4,CWE-754,0.0006927856334197774,1.0,0.0,,1.0,0.0,0.0013846118198993275,0.003454353591927645,,0.0006927856334197774,0.5,0.5056681629197712,0.009518117758028624,167
dst_dempster_fire_specificity_silence_sensitivity_tau_0_4,CWE-834,0.001456093473177496,1.0,0.0,,1.0,0.0,0.002907952556708425,0.007238307380360226,,0.001456093473177496,0.5,0.50419639341841,0.0024494834926427813,351
dst_dempster_fire_specificity_silence_sensitivity_tau_0_5,CWE-1164,0.0003069823361635623,1.0,0.0,,1.0,0.0,0.0006137761166322298,0.0015330278607072415,,0.0003069823361635623,0.5,0.48774181871000855,0.00016668120760511903,74
dst_dempster_fire_specificity_silence_sensitivity_tau_0_5,CWE-118,0.2365902896912544,0.38393953708077466,0.9431034301333062,0.9708728842029549,0.05689656986669378,0.6160604629192253,0.2927600262157913,0.3414024254372749,0.26047498090139476,0.9185500230662497,0.6635214836070404,0.6638868701660814,0.13960584727404607,10585
dst_dempster_fire_specificity_silence_sensitivity_tau_0_5,CWE-190,0.07053678476967809,0.06756265616718407,0.9947757129919623,0.9945308758050808,0.005224287008037825,0.932437343832816,0.06894765624154184,0.06809414201324601,0.06365641275640822,0.9893676108961482,0.5311691845795731,0.5312154364141439,0.019544917258824696,1406
dst_dempster_fire_specificity_silence_sensitivity_tau_0_5,CWE-191,0.000692784945069186,1.0,0.0,,1.0,0.0,0.0013846104470185603,0.003454350188200469,,0.000692784945069186,0.5,0.4997654503959489,0.00039463893764581125,167
dst_dempster_fire_specificity_silence_sensitivity_tau_0_5,CWE-20,0.04022456583620791,0.06906399300181683,0.9867477844751467,0.9924586091460949,0.013252215524853473,0.9309360069981831,0.050822962324295194,0.06038526191327757,0.04270232869040732,0.9794155602399164,0.5279058887384818,0.5279201063388577,0.014038456915044937,1926
dst_dempster_fire_specificity_silence_sensitivity_tau_0_5,CWE-269,0.0004853648639115706,1.0,0.0,,1.0,0.0,0.0009702585911718247,0.0024221198059796315,,0.0004853648639115706,0.5,0.4999128424473137,0.0006326988829934947,117
dst_dempster_fire_specificity_silence_sensitivity_tau_0_5,CWE-285,0.029532715585940734,0.03176691729323308,0.9987706147435802,0.9988618935681093,0.0012293852564197497,0.968233082706767,0.03048216063457563,0.031204931569097795,0.029385702919915734,0.9976353938834646,0.5152687660184065,0.5152594690455162,0.002147362756529332,283
dst_dempster_fire_specificity_silence_sensitivity_tau_0_5,CWE-287,,0.0,1.0,0.998676655712603,0.0,1.0,,,,0.998676655712603,0.5,0.5,0.0014428917328409285,319
dst_dempster_fire_specificity_silence_sensitivity_tau_0_5,CWE-311,0.00017008523577578287,1.0,0.0,,1.0,0.0,0.0003401124856118325,0.000849846616612624,,0.00017008523577578287,0.5,0.4999917012878539,0.00016470037888803078,41
dst_dempster_fire_specificity_silence_sensitivity_tau_0_5,CWE-369,0.23333333333333334,0.007272727272727273,0.9999460079420267,0.9988715614810719,5.3992057973305275e-05,0.9927272727272728,0.03425058548009367,0.022374164097225,0.037751329358876304,0.9988177010718233,0.503609367607377,0.5036095563995413,0.008254685843981046,274
dst_dempster_fire_specificity_silence_sensitivity_tau_0_5,CWE-400,0.002397783840683223,1.0,0.0,,1.0,0.0,0.004784096240070863,0.01187502216220125,,0.002397783840683223,0.5,0.4999209907016322,0.00220736879293073,578
dst_dempster_fire_specificity_silence_sensitivity_tau_0_5,CWE-404,0.0069570477918935265,0.001629334660693546,0.9988033149271065,0.9949120937581748,0.0011966850728936454,0.9983706653393064,0.006600660066006602,0.004810014825673403,0.0008995076166399142,0.9937276002189138,0.5002163247939,0.5002162746298857,0.003247348050110032,1227
dst_dempster_fire_specificity_silence_sensitivity_tau_0_5,CWE-476,0.08472085174501592,0.026730959446092977,0.99796550277569,0.9931898765928462,0.0020344972243099913,0.9732690405539071,0.04046845648175186,0.03092289729554522,0.04373345114460187,0.9911846083047152,0.5123482311108914,0.5123561557227497,0.017538121905631438,1683
dst_dempster_fire_specificity_silence_sensitivity_tau_0_5,CWE-573,0.00022401406278280662,1.0,0.0,,1.0,0.0,0.0004479276460914129,0.0011190661956234835,,0.00022401406278280662,0.5,0.4992780165162364,0.00019047078967055525,54
dst_dempster_fire_specificity_silence_sensitivity_tau_0_5,CWE-662,0.00822357654684221,0.02138364779874214,0.9914634518332734,0.9967446076359059,0.008536548166726507,0.9786163522012579,0.01187736685099788,0.016196601430308592,0.007988418687094738,0.988264140587052,0.5064235498160079,0.5064317568427039,0.006756622371734347,795
dst_dempster_fire_specificity_silence_sensitivity_tau_0_5,CWE-665,0.0038697318007662835,0.020935960591133004,0.9968453503853036,0.9994257032040444,0.0031546496146963587,0.9790640394088669,0.016301945181255526,0.0277187319582218,0.007642339140794556,0.996274714233898,0.5088906554882183,0.5089075231662811,0.002369118372588282,141
dst_dempster_fire_specificity_silence_sensitivity_tau_0_5,CWE-668,0.05997055768332886,0.2324068088773971,0.9792942277775557,0.9955594063628878,0.020705772222444196,0.7675931911226029,0.09532724439530485,0.14752411559329112,0.10841369128749472,0.9750680082079735,0.6058505183274765,0.605843060827089,0.014990171041485058,1364
dst_dempster_fire_specificity_silence_sensitivity_tau_0_5,CWE-704,0.00036503162916104947,0.2,0.7996051680316757,0.9981737623161959,0.20039483196832425,0.8,0.0036436660248845825,0.009059649556283073,-0.0009448971722682105,0.798510649985083,0.4998025840158379,0.5009014993855887,0.001525171766948631,440
dst_dempster_fire_specificity_silence_sensitivity_tau_0_5,CWE-705,0.0010951809332807414,1.0,0.0,,1.0,0.0,0.002187965512251423,0.00545201952195286,,0.0010951809332807414,0.5,0.4999646999185957,0.0012426614627572574,264
dst_dempster_fire_specificity_silence_sensitivity_tau_0_5,CWE-706,0.0006679389312977099,0.2,0.7998876170649366,0.9966497422099625,0.20011238293506345,0.8,0.006657156443176415,0.016478342749529192,-0.0006836953837610986,0.7978761017403073,0.4999438085324683,0.5005607639540941,0.0029035820340743306,807
dst_dempster_fire_specificity_silence_sensitivity_tau_0_5,CWE-74,0.32658030645148967,0.24844692228922516,0.9979635047902919,0.9970666036604394,0.002036495209708101,0.7515530777107748,0.2811137193460479,0.26035750512900313,0.2818515814266914,0.9950468027010025,0.6232052135397586,0.6231703527210821,0.05589168146350093,938
dst_dempster_fire_specificity_silence_sensitivity_tau_0_5,CWE-754,0.0127789046653144,0.011942959001782532,0.9993897555481823,0.9993150882066276,0.0006102444518177423,0.9880570409982175,0.030798389007344235,0.030211756115370574,0.011695281034509893,0.9987056903404726,0.5056663572749824,0.5056681629197712,0.009518117758028624,167
dst_dempster_fire_specificity_silence_sensitivity_tau_0_5,CWE-834,0.06000000000000001,0.008571428571428572,0.9998213582653916,0.9985560759015856,0.00017864173460845368,0.9914285714285714,0.024999999999999998,0.017241379310344827,0.022171445482310828,0.9983779698079485,0.50419639341841,0.50419639341841,0.0024494834926427813,351
dst_dempster_fire_specificity_silence_sensitivity_tau_0_6,CWE-1164,0.0,0.0,0.9754836374200171,0.9996853101776653,0.024516362579982964,1.0,,,-0.002776638046429008,0.9751841759739772,0.48774181871000855,0.48774181871000855,0.00016668120760511903,74
dst_dempster_fire_specificity_silence_sensitivity_tau_0_6,CWE-118,0.2365902896912544,0.38393953708077466,0.9431034301333062,0.9708728842029549,0.05689656986669378,0.6160604629192253,0.2927600262157913,0.3414024254372749,0.26047498090139476,0.9185500230662497,0.6635214836070404,0.6638868701660814,0.13960584727404607,10585
dst_dempster_fire_specificity_silence_sensitivity_tau_0_6,CWE-190,0.07053678476967809,0.06756265616718407,0.9947757129919623,0.9945308758050808,0.005224287008037825,0.932437343832816,0.06894765624154184,0.06809414201324601,0.06365641275640822,0.9893676108961482,0.5311691845795731,0.5312154364141439,0.019544917258824696,1406
dst_dempster_fire_specificity_silence_sensitivity_tau_0_6,CWE-191,0.0,0.0,0.9995309007918978,0.9993068904121547,0.0004690992081021807,1.0,,,-0.0005683382131360335,0.9988384405588038,0.4997654503959489,0.4997654503959489,0.00039463893764581125,167
dst_dempster_fire_specificity_silence_sensitivity_tau_0_6,CWE-20,0.04022456583620791,0.06906399300181683,0.9867477844751467,0.9924586091460949,0.013252215524853473,0.9309360069981831,0.050822962324295194,0.06038526191327757,0.04270232869040732,0.9794155602399164,0.5279058887384818,0.5279201063388577,0.014038456915044937,1926
dst_dempster_fire_specificity_silence_sensitivity_tau_0_6,CWE-269,0.0,0.0,0.9998256848946274,0.999514550797436,0.00017431510537251592,1.0,,,-0.0002891687803676932,0.9993404043949324,0.4999128424473137,0.4999128424473137,0.0006326988829934947,117
dst_dempster_fire_specificity_silence_sensitivity_tau_0_6,CWE-285,0.029532715585940734,0.03176691729323308,0.9987706147435802,0.9988618935681093,0.0012293852564197497,0.968233082706767,0.03048216063457563,0.031204931569097795,0.029385702919915734,0.9976353938834646,0.5152687660184065,0.5152594690455162,0.002147362756529332,283
dst_dempster_fire_specificity_silence_sensitivity_tau_0_6,CWE-287,,0.0,1.0,0.998676655712603,0.0,1.0,,,,0.998676655712603,0.5,0.5,0.0014428917328409285,319
dst_dempster_fire_specificity_silence_sensitivity_tau_0_6,CWE-311,0.0,0.0,0.9999834025757078,0.9998299119242764,1.6597424292129978e-05,1.0,,,-6.796475206392351e-05,0.9998133201802798,0.4999917012878539,0.4999917012878539,0.00016470037888803078,41
dst_dempster_fire_specificity_silence_sensitivity_tau_0_6,CWE-369,0.23333333333333334,0.007272727272727273,0.9999460079420267,0.9988715614810719,5.3992057973305275e-05,0.9927272727272728,0.03425058548009367,0.022374164097225,0.037751329358876304,0.9988177010718233,0.503609367607377,0.5036095563995413,0.008254685843981046,274
dst_dempster_fire_specificity_silence_sensitivity_tau_0_6,CWE-400,0.0,0.0,0.9998419814032644,0.9976018380955072,0.0001580185967355784,1.0,,,-0.000614169645075503,0.9974445764743208,0.4999209907016322,0.4999209907016322,0.00220736879293073,578
dst_dempster_fire_specificity_silence_sensitivity_tau_0_6,CWE-404,0.0069570477918935265,0.001629334660693546,0.9988033149271065,0.9949120937581748,0.0011966850728936454,0.9983706653393064,0.006600660066006602,0.004810014825673403,0.0008995076166399142,0.9937276002189138,0.5002163247939,0.5002162746298857,0.003247348050110032,1227
dst_dempster_fire_specificity_silence_sensitivity_tau_0_6,CWE-476,0.08472085174501592,0.026730959446092977,0.99796550277569,0.9931898765928462,0.0020344972243099913,0.9732690405539071,0.04046845648175186,0.03092289729554522,0.04373345114460187,0.9911846083047152,0.5123482311108914,0.5123561557227497,0.017538121905631438,1683
dst_dempster_fire_specificity_silence_sensitivity_tau_0_6,CWE-573,0.0,0.0,0.9985560330324728,0.9997756614134324,0.0014439669675272554,1.0,,,-0.0005685291378416521,0.9983323430912927,0.4992780165162364,0.4992780165162364,0.00019047078967055525,54
dst_dempster_fire_specificity_silence_sensitivity_tau_0_6,CWE-662,0.00822357654684221,0.02138364779874214,0.9914634518332734,0.9967446076359059,0.008536548166726507,0.9786163522012579,0.01187736685099788,0.016196601430308592,0.007988418687094738,0.988264140587052,0.5064235498160079,0.5064317568427039,0.006756622371734347,795
dst_dempster_fire_specificity_silence_sensitivity_tau_0_6,CWE-665,0.0038697318007662835,0.020935960591133004,0.9968453503853036,0.9994257032040444,0.0031546496146963587,0.9790640394088669,0.016301945181255526,0.0277187319582218,0.007642339140794556,0.996274714233898,0.5088906554882183,0.5089075231662811,0.002369118372588282,141
dst_dempster_fire_specificity_silence_sensitivity_tau_0_6,CWE-668,0.05997055768332886,0.2324068088773971,0.9792942277775557,0.9955594063628878,0.020705772222444196,0.7675931911226029,0.09532724439530485,0.14752411559329112,0.10841369128749472,0.9750680082079735,0.6058505183274765,0.605843060827089,0.014990171041485058,1364
dst_dempster_fire_specificity_silence_sensitivity_tau_0_6,CWE-704,0.010526315789473684,0.0022727272727272726,0.9995303659455287,0.9981779840416861,0.00046963405447132044,0.9977272727272727,0.018691588785046728,0.013477088948787063,0.00397087259728427,0.9977100692529458,0.500901546609128,0.5009014993855887,0.001525171766948631,440
dst_dempster_fire_specificity_silence_sensitivity_tau_0_6,CWE-705,0.0,0.0,0.9999293998371914,0.9989047419631489,7.060016280862191e-05,1.0,,,-0.00027478274535137095,0.9988342960859494,0.4999646999185957,0.4999646999185957,0.0012426614627572574,264
dst_dempster_fire_specificity_silence_sensitivity_tau_0_6,CWE-706,0.06666666666666667,0.0012422360248447203,0.9998792918833436,0.9966559622152266,0.00012070811665646896,0.9987577639751553,0.012195121951219511,0.007727975270479134,0.0084775444510621,0.9965360751886976,0.5005607639540941,0.5005607639540941,0.0029035820340743306,807
dst_dempster_fire_specificity_silence_sensitivity_tau_0_6,CWE-74,0.32658030645148967,0.24844692228922516,0.9979635047902919,0.9970666036604394,0.002036495209708101,0.7515530777107748,0.2811137193460479,0.26035750512900313,0.2818515814266914,0.9950468027010025,0.6232052135397586,0.6231703527210821,0.05589168146350093,938
dst_dempster_fire_specificity_silence_sensitivity_tau_0_6,CWE-754,0.0127789046653144,0.011942959001782532,0.9993897555481823,0.9993150882066276,0.0006102444518177423,0.9880570409982175,0.030798389007344235,0.030211756115370574,0.011695281034509893,0.9987056903404726,0.5056663572749824,0.5056681629197712,0.009518117758028624,167
dst_dempster_fire_specificity_silence_sensitivity_tau_0_6,CWE-834,0.06000000000000001,0.008571428571428572,0.9998213582653916,0.9985560759015856,0.00017864173460845368,0.9914285714285714,0.024999999999999998,0.017241379310344827,0.022171445482310828,0.9983779698079485,0.50419639341841,0.50419639341841,0.0024494834926427813,351
dst_dempster_fire_specificity_silence_sensitivity_tau_0_7,CWE-1164,0.0,0.0,0.9754836374200171,0.9996853101776653,0.024516362579982964,1.0,,,-0.002776638046429008,0.9751841759739772,0.48774181871000855,0.48774181871000855,0.00016668120760511903,74
dst_dempster_fire_specificity_silence_sensitivity_tau_0_7,CWE-118,0.2365902896912544,0.38393953708077466,0.9431034301333062,0.9708728842029549,0.05689656986669378,0.6160604629192253,0.2927600262157913,0.3414024254372749,0.26047498090139476,0.9185500230662497,0.6635214836070404,0.6638868701660814,0.13960584727404607,10585
dst_dempster_fire_specificity_silence_sensitivity_tau_0_7,CWE-190,0.07053678476967809,0.06756265616718407,0.9947757129919623,0.9945308758050808,0.005224287008037825,0.932437343832816,0.06894765624154184,0.06809414201324601,0.06365641275640822,0.9893676108961482,0.5311691845795731,0.5312154364141439,0.019544917258824696,1406
dst_dempster_fire_specificity_silence_sensitivity_tau_0_7,CWE-191,0.0,0.0,0.9995309007918978,0.9993068904121547,0.0004690992081021807,1.0,,,-0.0005683382131360335,0.9988384405588038,0.4997654503959489,0.4997654503959489,0.00039463893764581125,167
dst_dempster_fire_specificity_silence_sensitivity_tau_0_7,CWE-20,0.04022456583620791,0.06906399300181683,0.9867477844751467,0.9924586091460949,0.013252215524853473,0.9309360069981831,0.050822962324295194,0.06038526191327757,0.04270232869040732,0.9794155602399164,0.5279058887384818,0.5279201063388577,0.014038456915044937,1926
dst_dempster_fire_specificity_silence_sensitivity_tau_0_7,CWE-269,0.0,0.0,0.9998256848946274,0.999514550797436,0.00017431510537251592,1.0,,,-0.0002891687803676932,0.9993404043949324,0.4999128424473137,0.4999128424473137,0.0006326988829934947,117
dst_dempster_fire_specificity_silence_sensitivity_tau_0_7,CWE-285,0.029532715585940734,0.03176691729323308,0.9987706147435802,0.9988618935681093,0.0012293852564197497,0.968233082706767,0.03048216063457563,0.031204931569097795,0.029385702919915734,0.9976353938834646,0.5152687660184065,0.5152594690455162,0.002147362756529332,283
dst_dempster_fire_specificity_silence_sensitivity_tau_0_7,CWE-287,,0.0,1.0,0.998676655712603,0.0,1.0,,,,0.998676655712603,0.5,0.5,0.0014428917328409285,319
dst_dempster_fire_specificity_silence_sensitivity_tau_0_7,CWE-311,0.0,0.0,0.9999834025757078,0.9998299119242764,1.6597424292129978e-05,1.0,,,-6.796475206392351e-05,0.9998133201802798,0.4999917012878539,0.4999917012878539,0.00016470037888803078,41
dst_dempster_fire_specificity_silence_sensitivity_tau_0_7,CWE-369,0.23333333333333334,0.007272727272727273,0.9999460079420267,0.9988715614810719,5.3992057973305275e-05,0.9927272727272728,0.03425058548009367,0.022374164097225,0.037751329358876304,0.9988177010718233,0.503609367607377,0.5036095563995413,0.008254685843981046,274
dst_dempster_fire_specificity_silence_sensitivity_tau_0_7,CWE-400,0.0,0.0,0.9998419814032644,0.9976018380955072,0.0001580185967355784,1.0,,,-0.000614169645075503,0.9974445764743208,0.4999209907016322,0.4999209907016322,0.00220736879293073,578
dst_dempster_fire_specificity_silence_sensitivity_tau_0_7,CWE-404,0.0069570477918935265,0.001629334660693546,0.9988033149271065,0.9949120937581748,0.0011966850728936454,0.9983706653393064,0.006600660066006602,0.004810014825673403,0.0008995076166399142,0.9937276002189138,0.5002163247939,0.5002162746298857,0.003247348050110032,1227
dst_dempster_fire_specificity_silence_sensitivity_tau_0_7,CWE-476,0.08472085174501592,0.026730959446092977,0.99796550277569,0.9931898765928462,0.0020344972243099913,0.9732690405539071,0.04046845648175186,0.03092289729554522,0.04373345114460187,0.9911846083047152,0.5123482311108914,0.5123561557227497,0.017538121905631438,1683
dst_dempster_fire_specificity_silence_sensitivity_tau_0_7,CWE-573,0.0,0.0,0.9985560330324728,0.9997756614134324,0.0014439669675272554,1.0,,,-0.0005685291378416521,0.9983323430912927,0.4992780165162364,0.4992780165162364,0.00019047078967055525,54
dst_dempster_fire_specificity_silence_sensitivity_tau_0_7,CWE-662,0.00822357654684221,0.02138364779874214,0.9914634518332734,0.9967446076359059,0.008536548166726507,0.9786163522012579,0.01187736685099788,0.016196601430308592,0.007988418687094738,0.988264140587052,0.5064235498160079,0.5064317568427039,0.006756622371734347,795
dst_dempster_fire_specificity_silence_sensitivity_tau_0_7,CWE-665,0.0038697318007662835,0.020935960591133004,0.9968453503853036,0.9994257032040444,0.0031546496146963587,0.9790640394088669,0.016301945181255526,0.0277187319582218,0.007642339140794556,0.996274714233898,0.5088906554882183,0.5089075231662811,0.002369118372588282,141
dst_dempster_fire_specificity_silence_sensitivity_tau_0_7,CWE-668,0.05997055768332886,0.2324068088773971,0.9792942277775557,0.9955594063628878,0.020705772222444196,0.7675931911226029,0.09532724439530485,0.14752411559329112,0.10841369128749472,0.9750680082079735,0.6058505183274765,0.605843060827089,0.014990171041485058,1364
dst_dempster_fire_specificity_silence_sensitivity_tau_0_7,CWE-704,0.010526315789473684,0.0022727272727272726,0.9995303659455287,0.9981779840416861,0.00046963405447132044,0.9977272727272727,0.018691588785046728,0.013477088948787063,0.00397087259728427,0.9977100692529458,0.500901546609128,0.5009014993855887,0.001525171766948631,440
dst_dempster_fire_specificity_silence_sensitivity_tau_0_7,CWE-705,0.0,0.0,0.9999293998371914,0.9989047419631489,7.060016280862191e-05,1.0,,,-0.00027478274535137095,0.9988342960859494,0.4999646999185957,0.4999646999185957,0.0012426614627572574,264
dst_dempster_fire_specificity_silence_sensitivity_tau_0_7,CWE-706,0.06666666666666667,0.0012422360248447203,0.9998792918833436,0.9966559622152266,0.00012070811665646896,0.9987577639751553,0.012195121951219511,0.007727975270479134,0.0084775444510621,0.9965360751886976,0.5005607639540941,0.5005607639540941,0.0029035820340743306,807
dst_dempster_fire_specificity_silence_sensitivity_tau_0_7,CWE-74,0.32658030645148967,0.24844692228922516,0.9979635047902919,0.9970666036604394,0.002036495209708101,0.7515530777107748,0.2811137193460479,0.26035750512900313,0.2818515814266914,0.9950468027010025,0.6232052135397586,0.6231703527210821,0.05589168146350093,938
dst_dempster_fire_specificity_silence_sensitivity_tau_0_7,CWE-754,0.0127789046653144,0.011942959001782532,0.9993897555481823,0.9993150882066276,0.0006102444518177423,0.9880570409982175,0.030798389007344235,0.030211756115370574,0.011695281034509893,0.9987056903404726,0.5056663572749824,0.5056681629197712,0.009518117758028624,167
dst_dempster_fire_specificity_silence_sensitivity_tau_0_7,CWE-834,0.06000000000000001,0.008571428571428572,0.9998213582653916,0.9985560759015856,0.00017864173460845368,0.9914285714285714,0.024999999999999998,0.017241379310344827,0.022171445482310828,0.9983779698079485,0.50419639341841,0.50419639341841,0.0024494834926427813,351
dst_dempster_fire_specificity_silence_sensitivity_tau_0_8,CWE-1164,0.0,0.0,0.9754836374200171,0.9996853101776653,0.024516362579982964,1.0,,,-0.002776638046429008,0.9751841759739772,0.48774181871000855,0.48774181871000855,0.00016668120760511903,74
dst_dempster_fire_specificity_silence_sensitivity_tau_0_8,CWE-118,0.2365902896912544,0.38393953708077466,0.9431034301333062,0.9708728842029549,0.05689656986669378,0.6160604629192253,0.2927600262157913,0.3414024254372749,0.26047498090139476,0.9185500230662497,0.6635214836070404,0.6638868701660814,0.13960584727404607,10585
dst_dempster_fire_specificity_silence_sensitivity_tau_0_8,CWE-190,0.07053678476967809,0.06756265616718407,0.9947757129919623,0.9945308758050808,0.005224287008037825,0.932437343832816,0.06894765624154184,0.06809414201324601,0.06365641275640822,0.9893676108961482,0.5311691845795731,0.5312154364141439,0.019544917258824696,1406
dst_dempster_fire_specificity_silence_sensitivity_tau_0_8,CWE-191,0.0,0.0,0.9995309007918978,0.9993068904121547,0.0004690992081021807,1.0,,,-0.0005683382131360335,0.9988384405588038,0.4997654503959489,0.4997654503959489,0.00039463893764581125,167
dst_dempster_fire_specificity_silence_sensitivity_tau_0_8,CWE-20,0.04022456583620791,0.06906399300181683,0.9867477844751467,0.9924586091460949,0.013252215524853473,0.9309360069981831,0.050822962324295194,0.06038526191327757,0.04270232869040732,0.9794155602399164,0.5279058887384818,0.5279201063388577,0.014038456915044937,1926
dst_dempster_fire_specificity_silence_sensitivity_tau_0_8,CWE-269,0.0,0.0,0.9998256848946274,0.999514550797436,0.00017431510537251592,1.0,,,-0.0002891687803676932,0.9993404043949324,0.4999128424473137,0.4999128424473137,0.0006326988829934947,117
dst_dempster_fire_specificity_silence_sensitivity_tau_0_8,CWE-285,0.029532715585940734,0.03176691729323308,0.9987706147435802,0.9988618935681093,0.0012293852564197497,0.968233082706767,0.03048216063457563,0.031204931569097795,0.029385702919915734,0.9976353938834646,0.5152687660184065,0.5152594690455162,0.002147362756529332,283
dst_dempster_fire_specificity_silence_sensitivity_tau_0_8,CWE-287,,0.0,1.0,0.998676655712603,0.0,1.0,,,,0.998676655712603,0.5,0.5,0.0014428917328409285,319
dst_dempster_fire_specificity_silence_sensitivity_tau_0_8,CWE-311,0.0,0.0,0.9999834025757078,0.9998299119242764,1.6597424292129978e-05,1.0,,,-6.796475206392351e-05,0.9998133201802798,0.4999917012878539,0.4999917012878539,0.00016470037888803078,41
dst_dempster_fire_specificity_silence_sensitivity_tau_0_8,CWE-369,0.23333333333333334,0.007272727272727273,0.9999460079420267,0.9988715614810719,5.3992057973305275e-05,0.9927272727272728,0.03425058548009367,0.022374164097225,0.037751329358876304,0.9988177010718233,0.503609367607377,0.5036095563995413,0.008254685843981046,274
dst_dempster_fire_specificity_silence_sensitivity_tau_0_8,CWE-400,0.0,0.0,0.9998419814032644,0.9976018380955072,0.0001580185967355784,1.0,,,-0.000614169645075503,0.9974445764743208,0.4999209907016322,0.4999209907016322,0.00220736879293073,578
dst_dempster_fire_specificity_silence_sensitivity_tau_0_8,CWE-404,0.0069570477918935265,0.001629334660693546,0.9988033149271065,0.9949120937581748,0.0011966850728936454,0.9983706653393064,0.006600660066006602,0.004810014825673403,0.0008995076166399142,0.9937276002189138,0.5002163247939,0.5002162746298857,0.003247348050110032,1227
dst_dempster_fire_specificity_silence_sensitivity_tau_0_8,CWE-476,0.08472085174501592,0.026730959446092977,0.99796550277569,0.9931898765928462,0.0020344972243099913,0.9732690405539071,0.04046845648175186,0.03092289729554522,0.04373345114460187,0.9911846083047152,0.5123482311108914,0.5123561557227497,0.017538121905631438,1683
dst_dempster_fire_specificity_silence_sensitivity_tau_0_8,CWE-573,0.0,0.0,0.9985560330324728,0.9997756614134324,0.0014439669675272554,1.0,,,-0.0005685291378416521,0.9983323430912927,0.4992780165162364,0.4992780165162364,0.00019047078967055525,54
dst_dempster_fire_specificity_silence_sensitivity_tau_0_8,CWE-662,0.00822357654684221,0.02138364779874214,0.9914634518332734,0.9967446076359059,0.008536548166726507,0.9786163522012579,0.01187736685099788,0.016196601430308592,0.007988418687094738,0.988264140587052,0.5064235498160079,0.5064317568427039,0.006756622371734347,795
dst_dempster_fire_specificity_silence_sensitivity_tau_0_8,CWE-665,0.0038697318007662835,0.020935960591133004,0.9968453503853036,0.9994257032040444,0.0031546496146963587,0.9790640394088669,0.016301945181255526,0.0277187319582218,0.007642339140794556,0.996274714233898,0.5088906554882183,0.5089075231662811,0.002369118372588282,141
dst_dempster_fire_specificity_silence_sensitivity_tau_0_8,CWE-668,0.05997055768332886,0.2324068088773971,0.9792942277775557,0.9955594063628878,0.020705772222444196,0.7675931911226029,0.09532724439530485,0.14752411559329112,0.10841369128749472,0.9750680082079735,0.6058505183274765,0.605843060827089,0.014990171041485058,1364
dst_dempster_fire_specificity_silence_sensitivity_tau_0_8,CWE-704,0.010526315789473684,0.0022727272727272726,0.9995303659455287,0.9981779840416861,0.00046963405447132044,0.9977272727272727,0.018691588785046728,0.013477088948787063,0.00397087259728427,0.9977100692529458,0.500901546609128,0.5009014993855887,0.001525171766948631,440
dst_dempster_fire_specificity_silence_sensitivity_tau_0_8,CWE-705,0.0,0.0,0.9999293998371914,0.9989047419631489,7.060016280862191e-05,1.0,,,-0.00027478274535137095,0.9988342960859494,0.4999646999185957,0.4999646999185957,0.0012426614627572574,264
dst_dempster_fire_specificity_silence_sensitivity_tau_0_8,CWE-706,0.06666666666666667,0.0012422360248447203,0.9998792918833436,0.9966559622152266,0.00012070811665646896,0.9987577639751553,0.012195121951219511,0.007727975270479134,0.0084775444510621,0.9965360751886976,0.5005607639540941,0.5005607639540941,0.0029035820340743306,807
dst_dempster_fire_specificity_silence_sensitivity_tau_0_8,CWE-74,0.32658030645148967,0.24844692228922516,0.9979635047902919,0.9970666036604394,0.002036495209708101,0.7515530777107748,0.2811137193460479,0.26035750512900313,0.2818515814266914,0.9950468027010025,0.6232052135397586,0.6231703527210821,0.05589168146350093,938
dst_dempster_fire_specificity_silence_sensitivity_tau_0_8,CWE-754,0.0127789046653144,0.011942959001782532,0.9993897555481823,0.9993150882066276,0.0006102444518177423,0.9880570409982175,0.030798389007344235,0.030211756115370574,0.011695281034509893,0.9987056903404726,0.5056663572749824,0.5056681629197712,0.009518117758028624,167
dst_dempster_fire_specificity_silence_sensitivity_tau_0_8,CWE-834,0.06000000000000001,0.008571428571428572,0.9998213582653916,0.9985560759015856,0.00017864173460845368,0.9914285714285714,0.024999999999999998,0.017241379310344827,0.022171445482310828,0.9983779698079485,0.50419639341841,0.50419639341841,0.0024494834926427813,351
dst_dempster_fire_specificity_silence_sensitivity_tau_0_9,CWE-1164,0.0,0.0,0.9754836374200171,0.9996853101776653,0.024516362579982964,1.0,,,-0.002776638046429008,0.9751841759739772,0.48774181871000855,0.48774181871000855,0.00016668120760511903,74
dst_dempster_fire_specificity_silence_sensitivity_tau_0_9,CWE-118,0.2365902896912544,0.38393953708077466,0.9431034301333062,0.9708728842029549,0.05689656986669378,0.6160604629192253,0.2927600262157913,0.3414024254372749,0.26047498090139476,0.9185500230662497,0.6635214836070404,0.6638868701660814,0.13960584727404607,10585
dst_dempster_fire_specificity_silence_sensitivity_tau_0_9,CWE-190,0.07053678476967809,0.06756265616718407,0.9947757129919623,0.9945308758050808,0.005224287008037825,0.932437343832816,0.06894765624154184,0.06809414201324601,0.06365641275640822,0.9893676108961482,0.5311691845795731,0.5312154364141439,0.019544917258824696,1406
dst_dempster_fire_specificity_silence_sensitivity_tau_0_9,CWE-191,0.0,0.0,0.9995309007918978,0.9993068904121547,0.0004690992081021807,1.0,,,-0.0005683382131360335,0.9988384405588038,0.4997654503959489,0.4997654503959489,0.00039463893764581125,167
dst_dempster_fire_specificity_silence_sensitivity_tau_0_9,CWE-20,0.04022456583620791,0.06906399300181683,0.9867477844751467,0.9924586091460949,0.013252215524853473,0.9309360069981831,0.050822962324295194,0.06038526191327757,0.04270232869040732,0.9794155602399164,0.5279058887384818,0.5279201063388577,0.014038456915044937,1926
dst_dempster_fire_specificity_silence_sensitivity_tau_0_9,CWE-269,0.0,0.0,0.9998256848946274,0.999514550797436,0.00017431510537251592,1.0,,,-0.0002891687803676932,0.9993404043949324,0.4999128424473137,0.4999128424473137,0.0006326988829934947,117
dst_dempster_fire_specificity_silence_sensitivity_tau_0_9,CWE-285,0.029532715585940734,0.03176691729323308,0.9987706147435802,0.9988618935681093,0.0012293852564197497,0.968233082706767,0.03048216063457563,0.031204931569097795,0.029385702919915734,0.9976353938834646,0.5152687660184065,0.5152594690455162,0.002147362756529332,283
dst_dempster_fire_specificity_silence_sensitivity_tau_0_9,CWE-287,,0.0,1.0,0.998676655712603,0.0,1.0,,,,0.998676655712603,0.5,0.5,0.0014428917328409285,319
dst_dempster_fire_specificity_silence_sensitivity_tau_0_9,CWE-311,0.0,0.0,0.9999834025757078,0.9998299119242764,1.6597424292129978e-05,1.0,,,-6.796475206392351e-05,0.9998133201802798,0.4999917012878539,0.4999917012878539,0.00016470037888803078,41
dst_dempster_fire_specificity_silence_sensitivity_tau_0_9,CWE-369,0.23333333333333334,0.007272727272727273,0.9999460079420267,0.9988715614810719,5.3992057973305275e-05,0.9927272727272728,0.03425058548009367,0.022374164097225,0.037751329358876304,0.9988177010718233,0.503609367607377,0.5036095563995413,0.008254685843981046,274
dst_dempster_fire_specificity_silence_sensitivity_tau_0_9,CWE-400,0.0,0.0,0.9998419814032644,0.9976018380955072,0.0001580185967355784,1.0,,,-0.000614169645075503,0.9974445764743208,0.4999209907016322,0.4999209907016322,0.00220736879293073,578
dst_dempster_fire_specificity_silence_sensitivity_tau_0_9,CWE-404,0.0069570477918935265,0.001629334660693546,0.9988033149271065,0.9949120937581748,0.0011966850728936454,0.9983706653393064,0.006600660066006602,0.004810014825673403,0.0008995076166399142,0.9937276002189138,0.5002163247939,0.5002162746298857,0.003247348050110032,1227
dst_dempster_fire_specificity_silence_sensitivity_tau_0_9,CWE-476,0.08472085174501592,0.026730959446092977,0.99796550277569,0.9931898765928462,0.0020344972243099913,0.9732690405539071,0.04046845648175186,0.03092289729554522,0.04373345114460187,0.9911846083047152,0.5123482311108914,0.5123561557227497,0.017538121905631438,1683
dst_dempster_fire_specificity_silence_sensitivity_tau_0_9,CWE-573,0.0,0.0,0.9985560330324728,0.9997756614134324,0.0014439669675272554,1.0,,,-0.0005685291378416521,0.9983323430912927,0.4992780165162364,0.4992780165162364,0.00019047078967055525,54
dst_dempster_fire_specificity_silence_sensitivity_tau_0_9,CWE-662,0.00822357654684221,0.02138364779874214,0.9914634518332734,0.9967446076359059,0.008536548166726507,0.9786163522012579,0.01187736685099788,0.016196601430308592,0.007988418687094738,0.988264140587052,0.5064235498160079,0.5064317568427039,0.006756622371734347,795
dst_dempster_fire_specificity_silence_sensitivity_tau_0_9,CWE-665,0.0038697318007662835,0.020935960591133004,0.9968453503853036,0.9994257032040444,0.0031546496146963587,0.9790640394088669,0.016301945181255526,0.0277187319582218,0.007642339140794556,0.996274714233898,0.5088906554882183,0.5089075231662811,0.002369118372588282,141
dst_dempster_fire_specificity_silence_sensitivity_tau_0_9,CWE-668,0.05997055768332886,0.2324068088773971,0.9792942277775557,0.9955594063628878,0.020705772222444196,0.7675931911226029,0.09532724439530485,0.14752411559329112,0.10841369128749472,0.9750680082079735,0.6058505183274765,0.605843060827089,0.014990171041485058,1364
dst_dempster_fire_specificity_silence_sensitivity_tau_0_9,CWE-704,0.010526315789473684,0.0022727272727272726,0.9995303659455287,0.9981779840416861,0.00046963405447132044,0.9977272727272727,0.018691588785046728,0.013477088948787063,0.00397087259728427,0.9977100692529458,0.500901546609128,0.5009014993855887,0.001525171766948631,440
dst_dempster_fire_specificity_silence_sensitivity_tau_0_9,CWE-705,0.0,0.0,0.9999293998371914,0.9989047419631489,7.060016280862191e-05,1.0,,,-0.00027478274535137095,0.9988342960859494,0.4999646999185957,0.4999646999185957,0.0012426614627572574,264
dst_dempster_fire_specificity_silence_sensitivity_tau_0_9,CWE-706,0.06666666666666667,0.0012422360248447203,0.9998792918833436,0.9966559622152266,0.00012070811665646896,0.9987577639751553,0.012195121951219511,0.007727975270479134,0.0084775444510621,0.9965360751886976,0.5005607639540941,0.5005607639540941,0.0029035820340743306,807
dst_dempster_fire_specificity_silence_sensitivity_tau_0_9,CWE-74,0.32658030645148967,0.24844692228922516,0.9979635047902919,0.9970666036604394,0.002036495209708101,0.7515530777107748,0.2811137193460479,0.26035750512900313,0.2818515814266914,0.9950468027010025,0.6232052135397586,0.6231703527210821,0.05589168146350093,938
dst_dempster_fire_specificity_silence_sensitivity_tau_0_9,CWE-754,0.0127789046653144,0.011942959001782532,0.9993897555481823,0.9993150882066276,0.0006102444518177423,0.9880570409982175,0.030798389007344235,0.030211756115370574,0.011695281034509893,0.9987056903404726,0.5056663572749824,0.5056681629197712,0.009518117758028624,167
dst_dempster_fire_specificity_silence_sensitivity_tau_0_9,CWE-834,0.06000000000000001,0.008571428571428572,0.9998213582653916,0.9985560759015856,0.00017864173460845368,0.9914285714285714,0.024999999999999998,0.017241379310344827,0.022171445482310828,0.9983779698079485,0.50419639341841,0.50419639341841,0.0024494834926427813,351
dst_pcr6_fire_specificity_silence_sensitivity_tau_0_1,CWE-1164,0.0003069823361635623,1.0,0.0,,1.0,0.0,0.0006137761166322298,0.0015330278607072415,,0.0003069823361635623,0.5,0.48774181871000855,0.00016668120760511903,74
dst_pcr6_fire_specificity_silence_sensitivity_tau_0_1,CWE-118,0.04391095868676494,1.0,0.0,,1.0,0.0,0.08412778563498187,0.18675281304928476,,0.04391095868676494,0.5,0.6634990656824887,0.1337905049316397,10585
dst_pcr6_fire_specificity_silence_sensitivity_tau_0_1,CWE-190,0.0058326692056617675,1.0,0.0,,1.0,0.0,0.011597692778895009,0.028498456523285733,,0.0058326692056617675,0.5,0.5311959224567259,0.019613887079126292,1406
dst_pcr6_fire_specificity_silence_sensitivity_tau_0_1,CWE-191,0.000692784945069186,1.0,0.0,,1.0,0.0,0.0013846104470185603,0.003454350188200469,,0.000692784945069186,0.5,0.4997654503959489,0.00039463893764581125,167
dst_pcr6_fire_specificity_silence_sensitivity_tau_0_1,CWE-20,0.007989845001912006,1.0,0.0,,1.0,0.0,0.015853026633360075,0.03871201173373847,,0.007989845001912006,0.5,0.5279201063388577,0.014038456915044937,1926
dst_pcr6_fire_specificity_silence_sensitivity_tau_0_1,CWE-269,0.0004853648639115706,1.0,0.0,,1.0,0.0,0.0009702585911718247,0.0024221198059796315,,0.0004853648639115706,0.5,0.4999128424473137,0.0006326988829934947,117
dst_pcr6_fire_specificity_silence_sensitivity_tau_0_1,CWE-285,0.0011740018083170765,1.0,0.0,,1.0,0.0,0.00234525007930192,0.005842570209276372,,0.0011740018083170765,0.5,0.515275864017883,0.00277903490885461,283
dst_pcr6_fire_specificity_silence_sensitivity_tau_0_1,CWE-287,0.0013222852381046296,0.8,0.2,0.9986724195154332,0.8,0.2,0.0026410780550687055,0.006576639802217528,,0.20079231209357035,0.5,0.5,0.0014428917328409285,319
dst_pcr6_fire_specificity_silence_sensitivity_tau_0_1,CWE-311,0.00017008523577578287,1.0,0.0,,1.0,0.0,0.0003401124856118325,0.000849846616612624,,0.00017008523577578287,0.5,0.4999917012878539,0.00016470037888803078,41
dst_pcr6_fire_specificity_silence_sensitivity_tau_0_1,CWE-369,0.0011366656722903788,1.0,0.0,,1.0,0.0,0.0022707501220217883,0.005657603766406826,,0.0011366656722903788,0.5,0.5036091788152126,0.005224382813678015,274
dst_pcr6_fire_specificity_silence_sensitivity_tau_0_1,CWE-400,0.002397783840683223,1.0,0.0,,1.0,0.0,0.004784096240070863,0.01187502216220125,,0.002397783840683223,0.5,0.4999209907016322,0.00220736879293073,578
dst_pcr6_fire_specificity_silence_sensitivity_tau_0_1,CWE-404,0.005090102831929978,1.0,0.0,,1.0,0.0,0.010128649606040353,0.02494266931149271,,0.005090102831929978,0.5,0.5002162746298857,0.003247348050110032,1227
dst_pcr6_fire_specificity_silence_sensitivity_tau_0_1,CWE-476,0.0069817803426757,1.0,0.0,,1.0,0.0,0.013866745903417323,0.033960481236263766,,0.0069817803426757,0.5,0.5123561557227497,0.017538121905631438,1683
dst_pcr6_fire_specificity_silence_sensitivity_tau_0_1,CWE-573,0.00022401406278280662,1.0,0.0,,1.0,0.0,0.0004479276460914129,0.0011190661956234835,,0.00022401406278280662,0.5,0.4992780165162364,0.00019047078967055525,54
dst_pcr6_fire_specificity_silence_sensitivity_tau_0_1,CWE-662,0.0032979888668850385,1.0,0.0,,1.0,0.0,0.006574295779365349,0.016275242064738703,,0.0032979888668850385,0.5,0.5064317568427039,0.006756622371734347,795
dst_pcr6_fire_specificity_silence_sensitivity_tau_0_1,CWE-665,0.0005849265166232437,1.0,0.0,,1.0,0.0,0.0011691690173183567,0.002917804403655056,,0.0005849265166232437,0.5,0.5089098645502947,0.014773954915355858,141
dst_pcr6_fire_specificity_silence_sensitivity_tau_0_1,CWE-668,0.005658435969222305,1.0,0.0,,1.0,0.0,0.011253196317309075,0.027665993573092167,,0.005658435969222305,0.5,0.6058440695190334,0.014992398507905805,1364
dst_pcr6_fire_specificity_silence_sensitivity_tau_0_1,CWE-704,0.001825302014376625,1.0,0.0,,1.0,0.0,0.0036439527144873285,0.009060358508978619,,0.001825302014376625,0.5,0.5009014993855887,0.001525171766948631,440
dst_pcr6_fire_specificity_silence_sensitivity_tau_0_1,CWE-705,0.0010951809332807414,1.0,0.0,,1.0,0.0,0.002187965512251423,0.00545201952195286,,0.0010951809332807414,0.5,0.4999646999185957,0.0012426614627572574,264
dst_pcr6_fire_specificity_silence_sensitivity_tau_0_1,CWE-706,0.0033477697792846997,1.0,0.0,,1.0,0.0,0.006673199019991039,0.016517657630948222,,0.0033477697792846997,0.5,0.5005607639540941,0.0029035820340743306,807
dst_pcr6_fire_specificity_silence_sensitivity_tau_0_1,CWE-74,0.003891211556923292,1.0,0.0,,1.0,0.0,0.007752257242961242,0.019157866603010675,,0.003891211556923292,0.5,0.6232285470901507,0.0625237766890361,938
dst_pcr6_fire_specificity_silence_sensitivity_tau_0_1,CWE-754,0.0006927856334197774,1.0,0.0,,1.0,0.0,0.0013846118198993275,0.003454353591927645,,0.0006927856334197774,0.5,0.5056681629197712,0.009518117758028624,167
dst_pcr6_fire_specificity_silence_sensitivity_tau_0_1,CWE-834,0.001456093473177496,1.0,0.0,,1.0,0.0,0.002907952556708425,0.007238307380360226,,0.001456093473177496,0.5,0.50419639341841,0.0024494834926427813,351
dst_pcr6_fire_specificity_silence_sensitivity_tau_0_2,CWE-1164,0.0003069823361635623,1.0,0.0,,1.0,0.0,0.0006137761166322298,0.0015330278607072415,,0.0003069823361635623,0.5,0.48774181871000855,0.00016668120760511903,74
dst_pcr6_fire_specificity_silence_sensitivity_tau_0_2,CWE-118,0.04391095868676494,1.0,0.0,,1.0,0.0,0.08412778563498187,0.18675281304928476,,0.04391095868676494,0.5,0.6634990656824887,0.1337905049316397,10585
dst_pcr6_fire_specificity_silence_sensitivity_tau_0_2,CWE-190,0.0058326692056617675,1.0,0.0,,1.0,0.0,0.011597692778895009,0.028498456523285733,,0.0058326692056617675,0.5,0.5311959224567259,0.019613887079126292,1406
dst_pcr6_fire_specificity_silence_sensitivity_tau_0_2,CWE-191,0.000692784945069186,1.0,0.0,,1.0,0.0,0.0013846104470185603,0.003454350188200469,,0.000692784945069186,0.5,0.4997654503959489,0.00039463893764581125,167
dst_pcr6_fire_specificity_silence_sensitivity_tau_0_2,CWE-20,0.007989845001912006,1.0,0.0,,1.0,0.0,0.015853026633360075,0.03871201173373847,,0.007989845001912006,0.5,0.5279201063388577,0.014038456915044937,1926
dst_pcr6_fire_specificity_silence_sensitivity_tau_0_2,CWE-269,0.0004853648639115706,1.0,0.0,,1.0,0.0,0.0009702585911718247,0.0024221198059796315,,0.0004853648639115706,0.5,0.4999128424473137,0.0006326988829934947,117
dst_pcr6_fire_specificity_silence_sensitivity_tau_0_2,CWE-285,0.0011740018083170765,1.0,0.0,,1.0,0.0,0.00234525007930192,0.005842570209276372,,0.0011740018083170765,0.5,0.515275864017883,0.00277903490885461,283
dst_pcr6_fire_specificity_silence_sensitivity_tau_0_2,CWE-287,0.0013222852381046296,0.8,0.2,0.9986724195154332,0.8,0.2,0.0026410780550687055,0.006576639802217528,,0.20079231209357035,0.5,0.5,0.0014428917328409285,319
dst_pcr6_fire_specificity_silence_sensitivity_tau_0_2,CWE-311,0.00017008523577578287,1.0,0.0,,1.0,0.0,0.0003401124856118325,0.000849846616612624,,0.00017008523577578287,0.5,0.4999917012878539,0.00016470037888803078,41
dst_pcr6_fire_specificity_silence_sensitivity_tau_0_2,CWE-369,0.0011366656722903788,1.0,0.0,,1.0,0.0,0.0022707501220217883,0.005657603766406826,,0.0011366656722903788,0.5,0.5036091788152126,0.005224382813678015,274
dst_pcr6_fire_specificity_silence_sensitivity_tau_0_2,CWE-400,0.002397783840683223,1.0,0.0,,1.0,0.0,0.004784096240070863,0.01187502216220125,,0.002397783840683223,0.5,0.4999209907016322,0.00220736879293073,578
dst_pcr6_fire_specificity_silence_sensitivity_tau_0_2,CWE-404,0.005090102831929978,1.0,0.0,,1.0,0.0,0.010128649606040353,0.02494266931149271,,0.005090102831929978,0.5,0.5002162746298857,0.003247348050110032,1227
dst_pcr6_fire_specificity_silence_sensitivity_tau_0_2,CWE-476,0.0069817803426757,1.0,0.0,,1.0,0.0,0.013866745903417323,0.033960481236263766,,0.0069817803426757,0.5,0.5123561557227497,0.017538121905631438,1683
dst_pcr6_fire_specificity_silence_sensitivity_tau_0_2,CWE-573,0.00022401406278280662,1.0,0.0,,1.0,0.0,0.0004479276460914129,0.0011190661956234835,,0.00022401406278280662,0.5,0.4992780165162364,0.00019047078967055525,54
dst_pcr6_fire_specificity_silence_sensitivity_tau_0_2,CWE-662,0.0032979888668850385,1.0,0.0,,1.0,0.0,0.006574295779365349,0.016275242064738703,,0.0032979888668850385,0.5,0.5064317568427039,0.006756622371734347,795
dst_pcr6_fire_specificity_silence_sensitivity_tau_0_2,CWE-665,0.0005849265166232437,1.0,0.0,,1.0,0.0,0.0011691690173183567,0.002917804403655056,,0.0005849265166232437,0.5,0.5089098645502947,0.014773954915355858,141
dst_pcr6_fire_specificity_silence_sensitivity_tau_0_2,CWE-668,0.005658435969222305,1.0,0.0,,1.0,0.0,0.011253196317309075,0.027665993573092167,,0.005658435969222305,0.5,0.6058440695190334,0.014992398507905805,1364
dst_pcr6_fire_specificity_silence_sensitivity_tau_0_2,CWE-704,0.001825302014376625,1.0,0.0,,1.0,0.0,0.0036439527144873285,0.009060358508978619,,0.001825302014376625,0.5,0.5009014993855887,0.001525171766948631,440
dst_pcr6_fire_specificity_silence_sensitivity_tau_0_2,CWE-705,0.0010951809332807414,1.0,0.0,,1.0,0.0,0.002187965512251423,0.00545201952195286,,0.0010951809332807414,0.5,0.4999646999185957,0.0012426614627572574,264
dst_pcr6_fire_specificity_silence_sensitivity_tau_0_2,CWE-706,0.0033477697792846997,1.0,0.0,,1.0,0.0,0.006673199019991039,0.016517657630948222,,0.0033477697792846997,0.5,0.5005607639540941,0.0029035820340743306,807
dst_pcr6_fire_specificity_silence_sensitivity_tau_0_2,CWE-74,0.003891211556923292,1.0,0.0,,1.0,0.0,0.007752257242961242,0.019157866603010675,,0.003891211556923292,0.5,0.6232285470901507,0.0625237766890361,938
dst_pcr6_fire_specificity_silence_sensitivity_tau_0_2,CWE-754,0.0006927856334197774,1.0,0.0,,1.0,0.0,0.0013846118198993275,0.003454353591927645,,0.0006927856334197774,0.5,0.5056681629197712,0.009518117758028624,167
dst_pcr6_fire_specificity_silence_sensitivity_tau_0_2,CWE-834,0.001456093473177496,1.0,0.0,,1.0,0.0,0.002907952556708425,0.007238307380360226,,0.001456093473177496,0.5,0.50419639341841,0.0024494834926427813,351
dst_pcr6_fire_specificity_silence_sensitivity_tau_0_3,CWE-1164,0.0003069823361635623,1.0,0.0,,1.0,0.0,0.0006137761166322298,0.0015330278607072415,,0.0003069823361635623,0.5,0.48774181871000855,0.00016668120760511903,74
dst_pcr6_fire_specificity_silence_sensitivity_tau_0_3,CWE-118,0.15863763123722502,0.627302786962683,0.5660404109777523,0.9706487269246078,0.43395958902224774,0.37269721303731695,0.20774479652736763,0.27724357741707917,0.25749898202389876,0.5687320416441287,0.5966715989702177,0.6634990656824887,0.1337905049316397,10585
dst_pcr6_fire_specificity_silence_sensitivity_tau_0_3,CWE-190,0.0058326692056617675,1.0,0.0,,1.0,0.0,0.011597692778895009,0.028498456523285733,,0.0058326692056617675,0.5,0.5311959224567259,0.019613887079126292,1406
dst_pcr6_fire_specificity_silence_sensitivity_tau_0_3,CWE-191,0.000692784945069186,1.0,0.0,,1.0,0.0,0.0013846104470185603,0.003454350188200469,,0.000692784945069186,0.5,0.4997654503959489,0.00039463893764581125,167
dst_pcr6_fire_specificity_silence_sensitivity_tau_0_3,CWE-20,0.007989845001912006,1.0,0.0,,1.0,0.0,0.015853026633360075,0.03871201173373847,,0.007989845001912006,0.5,0.5279201063388577,0.014038456915044937,1926
dst_pcr6_fire_specificity_silence_sensitivity_tau_0_3,CWE-269,0.0004853648639115706,1.0,0.0,,1.0,0.0,0.0009702585911718247,0.0024221198059796315,,0.0004853648639115706,0.5,0.4999128424473137,0.0006326988829934947,117
dst_pcr6_fire_specificity_silence_sensitivity_tau_0_3,CWE-285,0.0011740018083170765,1.0,0.0,,1.0,0.0,0.00234525007930192,0.005842570209276372,,0.0011740018083170765,0.5,0.515275864017883,0.00277903490885461,283
dst_pcr6_fire_specificity_silence_sensitivity_tau_0_3,CWE-287,0.0013222852381046296,0.8,0.2,0.9986724195154332,0.8,0.2,0.0026410780550687055,0.006576639802217528,,0.20079231209357035,0.5,0.5,0.0014428917328409285,319
dst_pcr6_fire_specificity_silence_sensitivity_tau_0_3,CWE-311,0.00017008523577578287,1.0,0.0,,1.0,0.0,0.0003401124856118325,0.000849846616612624,,0.00017008523577578287,0.5,0.4999917012878539,0.00016470037888803078,41
dst_pcr6_fire_specificity_silence_sensitivity_tau_0_3,CWE-369,0.0011366656722903788,1.0,0.0,,1.0,0.0,0.0022707501220217883,0.005657603766406826,,0.0011366656722903788,0.5,0.5036091788152126,0.005224382813678015,274
dst_pcr6_fire_specificity_silence_sensitivity_tau_0_3,CWE-400,0.002397783840683223,1.0,0.0,,1.0,0.0,0.004784096240070863,0.01187502216220125,,0.002397783840683223,0.5,0.4999209907016322,0.00220736879293073,578
dst_pcr6_fire_specificity_silence_sensitivity_tau_0_3,CWE-404,0.005090102831929978,1.0,0.0,,1.0,0.0,0.010128649606040353,0.02494266931149271,,0.005090102831929978,0.5,0.5002162746298857,0.003247348050110032,1227
dst_pcr6_fire_specificity_silence_sensitivity_tau_0_3,CWE-476,0.0069817803426757,1.0,0.0,,1.0,0.0,0.013866745903417323,0.033960481236263766,,0.0069817803426757,0.5,0.5123561557227497,0.017538121905631438,1683
dst_pcr6_fire_specificity_silence_sensitivity_tau_0_3,CWE-573,0.00022401406278280662,1.0,0.0,,1.0,0.0,0.0004479276460914129,0.0011190661956234835,,0.00022401406278280662,0.5,0.4992780165162364,0.00019047078967055525,54
dst_pcr6_fire_specificity_silence_sensitivity_tau_0_3,CWE-662,0.0032979888668850385,1.0,0.0,,1.0,0.0,0.006574295779365349,0.016275242064738703,,0.0032979888668850385,0.5,0.5064317568427039,0.006756622371734347,795
dst_pcr6_fire_specificity_silence_sensitivity_tau_0_3,CWE-665,0.0005849265166232437,1.0,0.0,,1.0,0.0,0.0011691690173183567,0.002917804403655056,,0.0005849265166232437,0.5,0.5089098645502947,0.014773954915355858,141
dst_pcr6_fire_specificity_silence_sensitivity_tau_0_3,CWE-668,0.005658435969222305,1.0,0.0,,1.0,0.0,0.011253196317309075,0.027665993573092167,,0.005658435969222305,0.5,0.6058440695190334,0.014992398507905805,1364
dst_pcr6_fire_specificity_silence_sensitivity_tau_0_3,CWE-704,0.001825302014376625,1.0,0.0,,1.0,0.0,0.0036439527144873285,0.009060358508978619,,0.001825302014376625,0.5,0.5009014993855887,0.001525171766948631,440
dst_pcr6_fire_specificity_silence_sensitivity_tau_0_3,CWE-705,0.0010951809332807414,1.0,0.0,,1.0,0.0,0.002187965512251423,0.00545201952195286,,0.0010951809332807414,0.5,0.4999646999185957,0.0012426614627572574,264
dst_pcr6_fire_specificity_silence_sensitivity_tau_0_3,CWE-706,0.0033477697792846997,1.0,0.0,,1.0,0.0,0.006673199019991039,0.016517657630948222,,0.0033477697792846997,0.5,0.5005607639540941,0.0029035820340743306,807
dst_pcr6_fire_specificity_silence_sensitivity_tau_0_3,CWE-74,0.003891211556923292,1.0,0.0,,1.0,0.0,0.007752257242961242,0.019157866603010675,,0.003891211556923292,0.5,0.6232285470901507,0.0625237766890361,938
dst_pcr6_fire_specificity_silence_sensitivity_tau_0_3,CWE-754,0.0006927856334197774,1.0,0.0,,1.0,0.0,0.0013846118198993275,0.003454353591927645,,0.0006927856334197774,0.5,0.5056681629197712,0.009518117758028624,167
dst_pcr6_fire_specificity_silence_sensitivity_tau_0_3,CWE-834,0.001456093473177496,1.0,0.0,,1.0,0.0,0.002907952556708425,0.007238307380360226,,0.001456093473177496,0.5,0.50419639341841,0.0024494834926427813,351
dst_pcr6_fire_specificity_silence_sensitivity_tau_0_4,CWE-1164,0.0003069823361635623,1.0,0.0,,1.0,0.0,0.0006137761166322298,0.0015330278607072415,,0.0003069823361635623,0.5,0.48774181871000855,0.00016668120760511903,74
dst_pcr6_fire_specificity_silence_sensitivity_tau_0_4,CWE-118,0.2365902896912544,0.38393953708077466,0.9431034301333062,0.9708728842029549,0.05689656986669378,0.6160604629192253,0.2927600262157913,0.3414024254372749,0.26047498090139476,0.9185500230662497,0.6635214836070404,0.6634990656824887,0.1337905049316397,10585
dst_pcr6_fire_specificity_silence_sensitivity_tau_0_4,CWE-190,0.0058326692056617675,1.0,0.0,,1.0,0.0,0.011597692778895009,0.028498456523285733,,0.0058326692056617675,0.5,0.5311959224567259,0.019613887079126292,1406
dst_pcr6_fire_specificity_silence_sensitivity_tau_0_4,CWE-191,0.000692784945069186,1.0,0.0,,1.0,0.0,0.0013846104470185603,0.003454350188200469,,0.000692784945069186,0.5,0.4997654503959489,0.00039463893764581125,167
dst_pcr6_fire_specificity_silence_sensitivity_tau_0_4,CWE-20,0.007989845001912006,1.0,0.0,,1.0,0.0,0.015853026633360075,0.03871201173373847,,0.007989845001912006,0.5,0.5279201063388577,0.014038456915044937,1926
dst_pcr6_fire_specificity_silence_sensitivity_tau_0_4,CWE-269,0.0004853648639115706,1.0,0.0,,1.0,0.0,0.0009702585911718247,0.0024221198059796315,,0.0004853648639115706,0.5,0.4999128424473137,0.0006326988829934947,117
dst_pcr6_fire_specificity_silence_sensitivity_tau_0_4,CWE-285,0.0011740018083170765,1.0,0.0,,1.0,0.0,0.00234525007930192,0.005842570209276372,,0.0011740018083170765,0.5,0.515275864017883,0.00277903490885461,283
dst_pcr6_fire_specificity_silence_sensitivity_tau_0_4,CWE-287,0.0013222852381046296,0.8,0.2,0.9986724195154332,0.8,0.2,0.0026410780550687055,0.006576639802217528,,0.20079231209357035,0.5,0.5,0.0014428917328409285,319
dst_pcr6_fire_specificity_silence_sensitivity_tau_0_4,CWE-311,0.00017008523577578287,1.0,0.0,,1.0,0.0,0.0003401124856118325,0.000849846616612624,,0.00017008523577578287,0.5,0.4999917012878539,0.00016470037888803078,41
dst_pcr6_fire_specificity_silence_sensitivity_tau_0_4,CWE-369,0.0011366656722903788,1.0,0.0,,1.0,0.0,0.0022707501220217883,0.005657603766406826,,0.0011366656722903788,0.5,0.5036091788152126,0.005224382813678015,274
dst_pcr6_fire_specificity_silence_sensitivity_tau_0_4,CWE-400,0.002397783840683223,1.0,0.0,,1.0,0.0,0.004784096240070863,0.01187502216220125,,0.002397783840683223,0.5,0.4999209907016322,0.00220736879293073,578
dst_pcr6_fire_specificity_silence_sensitivity_tau_0_4,CWE-404,0.005090102831929978,1.0,0.0,,1.0,0.0,0.010128649606040353,0.02494266931149271,,0.005090102831929978,0.5,0.5002162746298857,0.003247348050110032,1227
dst_pcr6_fire_specificity_silence_sensitivity_tau_0_4,CWE-476,0.0069817803426757,1.0,0.0,,1.0,0.0,0.013866745903417323,0.033960481236263766,,0.0069817803426757,0.5,0.5123561557227497,0.017538121905631438,1683
dst_pcr6_fire_specificity_silence_sensitivity_tau_0_4,CWE-573,0.00022401406278280662,1.0,0.0,,1.0,0.0,0.0004479276460914129,0.0011190661956234835,,0.00022401406278280662,0.5,0.4992780165162364,0.00019047078967055525,54
dst_pcr6_fire_specificity_silence_sensitivity_tau_0_4,CWE-662,0.0032979888668850385,1.0,0.0,,1.0,0.0,0.006574295779365349,0.016275242064738703,,0.0032979888668850385,0.5,0.5064317568427039,0.006756622371734347,795
dst_pcr6_fire_specificity_silence_sensitivity_tau_0_4,CWE-665,0.0005849265166232437,1.0,0.0,,1.0,0.0,0.0011691690173183567,0.002917804403655056,,0.0005849265166232437,0.5,0.5089098645502947,0.014773954915355858,141
dst_pcr6_fire_specificity_silence_sensitivity_tau_0_4,CWE-668,0.05997055768332886,0.2324068088773971,0.9792942277775557,0.9955594063628878,0.020705772222444196,0.7675931911226029,0.09532724439530485,0.14752411559329112,0.10841369128749472,0.9750680082079735,0.6058505183274765,0.6058440695190334,0.014992398507905805,1364
dst_pcr6_fire_specificity_silence_sensitivity_tau_0_4,CWE-704,0.001825302014376625,1.0,0.0,,1.0,0.0,0.0036439527144873285,0.009060358508978619,,0.001825302014376625,0.5,0.5009014993855887,0.001525171766948631,440
dst_pcr6_fire_specificity_silence_sensitivity_tau_0_4,CWE-705,0.0010951809332807414,1.0,0.0,,1.0,0.0,0.002187965512251423,0.00545201952195286,,0.0010951809332807414,0.5,0.4999646999185957,0.0012426614627572574,264
dst_pcr6_fire_specificity_silence_sensitivity_tau_0_4,CWE-706,0.0033477697792846997,1.0,0.0,,1.0,0.0,0.006673199019991039,0.016517657630948222,,0.0033477697792846997,0.5,0.5005607639540941,0.0029035820340743306,807
dst_pcr6_fire_specificity_silence_sensitivity_tau_0_4,CWE-74,0.32658030645148967,0.24844692228922516,0.9979635047902919,0.9970666036604394,0.002036495209708101,0.7515530777107748,0.2811137193460479,0.26035750512900313,0.2818515814266914,0.9950468027010025,0.6232052135397586,0.6232285470901507,0.0625237766890361,938
dst_pcr6_fire_specificity_silence_sensitivity_tau_0_4,CWE-754,0.0006927856334197774,1.0,0.0,,1.0,0.0,0.0013846118198993275,0.003454353591927645,,0.0006927856334197774,0.5,0.5056681629197712,0.009518117758028624,167
dst_pcr6_fire_specificity_silence_sensitivity_tau_0_4,CWE-834,0.001456093473177496,1.0,0.0,,1.0,0.0,0.002907952556708425,0.007238307380360226,,0.001456093473177496,0.5,0.50419639341841,0.0024494834926427813,351
dst_pcr6_fire_specificity_silence_sensitivity_tau_0_5,CWE-1164,0.0003069823361635623,1.0,0.0,,1.0,0.0,0.0006137761166322298,0.0015330278607072415,,0.0003069823361635623,0.5,0.48774181871000855,0.00016668120760511903,74
dst_pcr6_fire_specificity_silence_sensitivity_tau_0_5,CWE-118,0.2365902896912544,0.38393953708077466,0.9431034301333062,0.9708728842029549,0.05689656986669378,0.6160604629192253,0.2927600262157913,0.3414024254372749,0.26047498090139476,0.9185500230662497,0.6635214836070404,0.6634990656824887,0.1337905049316397,10585
dst_pcr6_fire_specificity_silence_sensitivity_tau_0_5,CWE-190,0.07053678476967809,0.06756265616718407,0.9947757129919623,0.9945308758050808,0.005224287008037825,0.932437343832816,0.06894765624154184,0.06809414201324601,0.06365641275640822,0.9893676108961482,0.5311691845795731,0.5311959224567259,0.019613887079126292,1406
dst_pcr6_fire_specificity_silence_sensitivity_tau_0_5,CWE-191,0.000692784945069186,1.0,0.0,,1.0,0.0,0.0013846104470185603,0.003454350188200469,,0.000692784945069186,0.5,0.4997654503959489,0.00039463893764581125,167
dst_pcr6_fire_specificity_silence_sensitivity_tau_0_5,CWE-20,0.04022456583620791,0.06906399300181683,0.9867477844751467,0.9924586091460949,0.013252215524853473,0.9309360069981831,0.050822962324295194,0.06038526191327757,0.04270232869040732,0.9794155602399164,0.5279058887384818,0.5279201063388577,0.014038456915044937,1926
dst_pcr6_fire_specificity_silence_sensitivity_tau_0_5,CWE-269,0.0004853648639115706,1.0,0.0,,1.0,0.0,0.0009702585911718247,0.0024221198059796315,,0.0004853648639115706,0.5,0.4999128424473137,0.0006326988829934947,117
dst_pcr6_fire_specificity_silence_sensitivity_tau_0_5,CWE-285,0.029532715585940734,0.03176691729323308,0.9987706147435802,0.9988618935681093,0.0012293852564197497,0.968233082706767,0.03048216063457563,0.031204931569097795,0.029385702919915734,0.9976353938834646,0.5152687660184065,0.515275864017883,0.00277903490885461,283
dst_pcr6_fire_specificity_silence_sensitivity_tau_0_5,CWE-287,,0.0,1.0,0.998676655712603,0.0,1.0,,,,0.998676655712603,0.5,0.5,0.0014428917328409285,319
dst_pcr6_fire_specificity_silence_sensitivity_tau_0_5,CWE-311,0.00017008523577578287,1.0,0.0,,1.0,0.0,0.0003401124856118325,0.000849846616612624,,0.00017008523577578287,0.5,0.4999917012878539,0.00016470037888803078,41
dst_pcr6_fire_specificity_silence_sensitivity_tau_0_5,CWE-369,0.23333333333333334,0.007272727272727273,0.9999460079420267,0.9988715614810719,5.3992057973305275e-05,0.9927272727272728,0.03425058548009367,0.022374164097225,0.037751329358876304,0.9988177010718233,0.503609367607377,0.5036091788152126,0.005224382813678015,274
dst_pcr6_fire_specificity_silence_sensitivity_tau_0_5,CWE-400,0.002397783840683223,1.0,0.0,,1.0,0.0,0.004784096240070863,0.01187502216220125,,0.002397783840683223,0.5,0.4999209907016322,0.00220736879293073,578
dst_pcr6_fire_specificity_silence_sensitivity_tau_0_5,CWE-404,0.0069570477918935265,0.001629334660693546,0.9988033149271065,0.9949120937581748,0.0011966850728936454,0.9983706653393064,0.006600660066006602,0.004810014825673403,0.0008995076166399142,0.9937276002189138,0.5002163247939,0.5002162746298857,0.003247348050110032,1227
dst_pcr6_fire_specificity_silence_sensitivity_tau_0_5,CWE-476,0.08472085174501592,0.026730959446092977,0.99796550277569,0.9931898765928462,0.0020344972243099913,0.9732690405539071,0.04046845648175186,0.03092289729554522,0.04373345114460187,0.9911846083047152,0.5123482311108914,0.5123561557227497,0.017538121905631438,1683
dst_pcr6_fire_specificity_silence_sensitivity_tau_0_5,CWE-573,0.00022401406278280662,1.0,0.0,,1.0,0.0,0.0004479276460914129,0.0011190661956234835,,0.00022401406278280662,0.5,0.4992780165162364,0.00019047078967055525,54
dst_pcr6_fire_specificity_silence_sensitivity_tau_0_5,CWE-662,0.00822357654684221,0.02138364779874214,0.9914634518332734,0.9967446076359059,0.008536548166726507,0.9786163522012579,0.01187736685099788,0.016196601430308592,0.007988418687094738,0.988264140587052,0.5064235498160079,0.5064317568427039,0.006756622371734347,795
dst_pcr6_fire_specificity_silence_sensitivity_tau_0_5,CWE-665,0.0038697318007662835,0.020935960591133004,0.9968453503853036,0.9994257032040444,0.0031546496146963587,0.9790640394088669,0.016301945181255526,0.0277187319582218,0.007642339140794556,0.996274714233898,0.5088906554882183,0.5089098645502947,0.014773954915355858,141
dst_pcr6_fire_specificity_silence_sensitivity_tau_0_5,CWE-668,0.05997055768332886,0.2324068088773971,0.9792942277775557,0.9955594063628878,0.020705772222444196,0.7675931911226029,0.09532724439530485,0.14752411559329112,0.10841369128749472,0.9750680082079735,0.6058505183274765,0.6058440695190334,0.014992398507905805,1364
dst_pcr6_fire_specificity_silence_sensitivity_tau_0_5,CWE-704,0.00036503162916104947,0.2,0.7996051680316757,0.9981737623161959,0.20039483196832425,0.8,0.0036436660248845825,0.009059649556283073,-0.0009448971722682105,0.798510649985083,0.4998025840158379,0.5009014993855887,0.001525171766948631,440
dst_pcr6_fire_specificity_silence_sensitivity_tau_0_5,CWE-705,0.0010951809332807414,1.0,0.0,,1.0,0.0,0.002187965512251423,0.00545201952195286,,0.0010951809332807414,0.5,0.4999646999185957,0.0012426614627572574,264
dst_pcr6_fire_specificity_silence_sensitivity_tau_0_5,CWE-706,0.0006679389312977099,0.2,0.7998876170649366,0.9966497422099625,0.20011238293506345,0.8,0.006657156443176415,0.016478342749529192,-0.0006836953837610986,0.7978761017403073,0.4999438085324683,0.5005607639540941,0.0029035820340743306,807
dst_pcr6_fire_specificity_silence_sensitivity_tau_0_5,CWE-74,0.32658030645148967,0.24844692228922516,0.9979635047902919,0.9970666036604394,0.002036495209708101,0.7515530777107748,0.2811137193460479,0.26035750512900313,0.2818515814266914,0.9950468027010025,0.6232052135397586,0.6232285470901507,0.0625237766890361,938
dst_pcr6_fire_specificity_silence_sensitivity_tau_0_5,CWE-754,0.0127789046653144,0.011942959001782532,0.9993897555481823,0.9993150882066276,0.0006102444518177423,0.9880570409982175,0.030798389007344235,0.030211756115370574,0.011695281034509893,0.9987056903404726,0.5056663572749824,0.5056681629197712,0.009518117758028624,167
dst_pcr6_fire_specificity_silence_sensitivity_tau_0_5,CWE-834,0.06000000000000001,0.008571428571428572,0.9998213582653916,0.9985560759015856,0.00017864173460845368,0.9914285714285714,0.024999999999999998,0.017241379310344827,0.022171445482310828,0.9983779698079485,0.50419639341841,0.50419639341841,0.0024494834926427813,351
dst_pcr6_fire_specificity_silence_sensitivity_tau_0_6,CWE-1164,0.0,0.0,0.9754836374200171,0.9996853101776653,0.024516362579982964,1.0,,,-0.002776638046429008,0.9751841759739772,0.48774181871000855,0.48774181871000855,0.00016668120760511903,74
dst_pcr6_fire_specificity_silence_sensitivity_tau_0_6,CWE-118,0.2365902896912544,0.38393953708077466,0.9431034301333062,0.9708728842029549,0.05689656986669378,0.6160604629192253,0.2927600262157913,0.3414024254372749,0.26047498090139476,0.9185500230662497,0.6635214836070404,0.6634990656824887,0.1337905049316397,10585
dst_pcr6_fire_specificity_silence_sensitivity_tau_0_6,CWE-190,0.07053678476967809,0.06756265616718407,0.9947757129919623,0.9945308758050808,0.005224287008037825,0.932437343832816,0.06894765624154184,0.06809414201324601,0.06365641275640822,0.9893676108961482,0.5311691845795731,0.5311959224567259,0.019613887079126292,1406
dst_pcr6_fire_specificity_silence_sensitivity_tau_0_6,CWE-191,0.0,0.0,0.9995309007918978,0.9993068904121547,0.0004690992081021807,1.0,,,-0.0005683382131360335,0.9988384405588038,0.4997654503959489,0.4997654503959489,0.00039463893764581125,167
dst_pcr6_fire_specificity_silence_sensitivity_tau_0_6,CWE-20,0.04022456583620791,0.06906399300181683,0.9867477844751467,0.9924586091460949,0.013252215524853473,0.9309360069981831,0.050822962324295194,0.06038526191327757,0.04270232869040732,0.9794155602399164,0.5279058887384818,0.5279201063388577,0.014038456915044937,1926
dst_pcr6_fire_specificity_silence_sensitivity_tau_0_6,CWE-269,0.0,0.0,0.9998256848946274,0.999514550797436,0.00017431510537251592,1.0,,,-0.0002891687803676932,0.9993404043949324,0.4999128424473137,0.4999128424473137,0.0006326988829934947,117
dst_pcr6_fire_specificity_silence_sensitivity_tau_0_6,CWE-285,0.029532715585940734,0.03176691729323308,0.9987706147435802,0.9988618935681093,0.0012293852564197497,0.968233082706767,0.03048216063457563,0.031204931569097795,0.029385702919915734,0.9976353938834646,0.5152687660184065,0.515275864017883,0.00277903490885461,283
dst_pcr6_fire_specificity_silence_sensitivity_tau_0_6,CWE-287,,0.0,1.0,0.998676655712603,0.0,1.0,,,,0.998676655712603,0.5,0.5,0.0014428917328409285,319
dst_pcr6_fire_specificity_silence_sensitivity_tau_0_6,CWE-311,0.0,0.0,0.9999834025757078,0.9998299119242764,1.6597424292129978e-05,1.0,,,-6.796475206392351e-05,0.9998133201802798,0.4999917012878539,0.4999917012878539,0.00016470037888803078,41
dst_pcr6_fire_specificity_silence_sensitivity_tau_0_6,CWE-369,0.23333333333333334,0.007272727272727273,0.9999460079420267,0.9988715614810719,5.3992057973305275e-05,0.9927272727272728,0.03425058548009367,0.022374164097225,0.037751329358876304,0.9988177010718233,0.503609367607377,0.5036091788152126,0.005224382813678015,274
dst_pcr6_fire_specificity_silence_sensitivity_tau_0_6,CWE-400,0.0,0.0,0.9998419814032644,0.9976018380955072,0.0001580185967355784,1.0,,,-0.000614169645075503,0.9974445764743208,0.4999209907016322,0.4999209907016322,0.00220736879293073,578
dst_pcr6_fire_specificity_silence_sensitivity_tau_0_6,CWE-404,0.0069570477918935265,0.001629334660693546,0.9988033149271065,0.9949120937581748,0.0011966850728936454,0.9983706653393064,0.006600660066006602,0.004810014825673403,0.0008995076166399142,0.9937276002189138,0.5002163247939,0.5002162746298857,0.003247348050110032,1227
dst_pcr6_fire_specificity_silence_sensitivity_tau_0_6,CWE-476,0.08472085174501592,0.026730959446092977,0.99796550277569,0.9931898765928462,0.0020344972243099913,0.9732690405539071,0.04046845648175186,0.03092289729554522,0.04373345114460187,0.9911846083047152,0.5123482311108914,0.5123561557227497,0.017538121905631438,1683
dst_pcr6_fire_specificity_silence_sensitivity_tau_0_6,CWE-573,0.0,0.0,0.9985560330324728,0.9997756614134324,0.0014439669675272554,1.0,,,-0.0005685291378416521,0.9983323430912927,0.4992780165162364,0.4992780165162364,0.00019047078967055525,54
dst_pcr6_fire_specificity_silence_sensitivity_tau_0_6,CWE-662,0.00822357654684221,0.02138364779874214,0.9914634518332734,0.9967446076359059,0.008536548166726507,0.9786163522012579,0.01187736685099788,0.016196601430308592,0.007988418687094738,0.988264140587052,0.5064235498160079,0.5064317568427039,0.006756622371734347,795
dst_pcr6_fire_specificity_silence_sensitivity_tau_0_6,CWE-665,0.0038697318007662835,0.020935960591133004,0.9968453503853036,0.9994257032040444,0.0031546496146963587,0.9790640394088669,0.016301945181255526,0.0277187319582218,0.007642339140794556,0.996274714233898,0.5088906554882183,0.5089098645502947,0.014773954915355858,141
dst_pcr6_fire_specificity_silence_sensitivity_tau_0_6,CWE-668,0.05997055768332886,0.2324068088773971,0.9792942277775557,0.9955594063628878,0.020705772222444196,0.7675931911226029,0.09532724439530485,0.14752411559329112,0.10841369128749472,0.9750680082079735,0.6058505183274765,0.6058440695190334,0.014992398507905805,1364
dst_pcr6_fire_specificity_silence_sensitivity_tau_0_6,CWE-704,0.010526315789473684,0.0022727272727272726,0.9995303659455287,0.9981779840416861,0.00046963405447132044,0.9977272727272727,0.018691588785046728,0.013477088948787063,0.00397087259728427,0.9977100692529458,0.500901546609128,0.5009014993855887,0.001525171766948631,440
dst_pcr6_fire_specificity_silence_sensitivity_tau_0_6,CWE-705,0.0,0.0,0.9999293998371914,0.9989047419631489,7.060016280862191e-05,1.0,,,-0.00027478274535137095,0.9988342960859494,0.4999646999185957,0.4999646999185957,0.0012426614627572574,264
dst_pcr6_fire_specificity_silence_sensitivity_tau_0_6,CWE-706,0.06666666666666667,0.0012422360248447203,0.9998792918833436,0.9966559622152266,0.00012070811665646896,0.9987577639751553,0.012195121951219511,0.007727975270479134,0.0084775444510621,0.9965360751886976,0.5005607639540941,0.5005607639540941,0.0029035820340743306,807
dst_pcr6_fire_specificity_silence_sensitivity_tau_0_6,CWE-74,0.32658030645148967,0.24844692228922516,0.9979635047902919,0.9970666036604394,0.002036495209708101,0.7515530777107748,0.2811137193460479,0.26035750512900313,0.2818515814266914,0.9950468027010025,0.6232052135397586,0.6232285470901507,0.0625237766890361,938
dst_pcr6_fire_specificity_silence_sensitivity_tau_0_6,CWE-754,0.0127789046653144,0.011942959001782532,0.9993897555481823,0.9993150882066276,0.0006102444518177423,0.9880570409982175,0.030798389007344235,0.030211756115370574,0.011695281034509893,0.9987056903404726,0.5056663572749824,0.5056681629197712,0.009518117758028624,167
dst_pcr6_fire_specificity_silence_sensitivity_tau_0_6,CWE-834,0.06000000000000001,0.008571428571428572,0.9998213582653916,0.9985560759015856,0.00017864173460845368,0.9914285714285714,0.024999999999999998,0.017241379310344827,0.022171445482310828,0.9983779698079485,0.50419639341841,0.50419639341841,0.0024494834926427813,351
dst_pcr6_fire_specificity_silence_sensitivity_tau_0_7,CWE-1164,0.0,0.0,0.9754836374200171,0.9996853101776653,0.024516362579982964,1.0,,,-0.002776638046429008,0.9751841759739772,0.48774181871000855,0.48774181871000855,0.00016668120760511903,74
dst_pcr6_fire_specificity_silence_sensitivity_tau_0_7,CWE-118,0.2365902896912544,0.38393953708077466,0.9431034301333062,0.9708728842029549,0.05689656986669378,0.6160604629192253,0.2927600262157913,0.3414024254372749,0.26047498090139476,0.9185500230662497,0.6635214836070404,0.6634990656824887,0.1337905049316397,10585
dst_pcr6_fire_specificity_silence_sensitivity_tau_0_7,CWE-190,0.07053678476967809,0.06756265616718407,0.9947757129919623,0.9945308758050808,0.005224287008037825,0.932437343832816,0.06894765624154184,0.06809414201324601,0.06365641275640822,0.9893676108961482,0.5311691845795731,0.5311959224567259,0.019613887079126292,1406
dst_pcr6_fire_specificity_silence_sensitivity_tau_0_7,CWE-191,0.0,0.0,0.9995309007918978,0.9993068904121547,0.0004690992081021807,1.0,,,-0.0005683382131360335,0.9988384405588038,0.4997654503959489,0.4997654503959489,0.00039463893764581125,167
dst_pcr6_fire_specificity_silence_sensitivity_tau_0_7,CWE-20,0.04022456583620791,0.06906399300181683,0.9867477844751467,0.9924586091460949,0.013252215524853473,0.9309360069981831,0.050822962324295194,0.06038526191327757,0.04270232869040732,0.9794155602399164,0.5279058887384818,0.5279201063388577,0.014038456915044937,1926
dst_pcr6_fire_specificity_silence_sensitivity_tau_0_7,CWE-269,0.0,0.0,0.9998256848946274,0.999514550797436,0.00017431510537251592,1.0,,,-0.0002891687803676932,0.9993404043949324,0.4999128424473137,0.4999128424473137,0.0006326988829934947,117
dst_pcr6_fire_specificity_silence_sensitivity_tau_0_7,CWE-285,0.029532715585940734,0.03176691729323308,0.9987706147435802,0.9988618935681093,0.0012293852564197497,0.968233082706767,0.03048216063457563,0.031204931569097795,0.029385702919915734,0.9976353938834646,0.5152687660184065,0.515275864017883,0.00277903490885461,283
dst_pcr6_fire_specificity_silence_sensitivity_tau_0_7,CWE-287,,0.0,1.0,0.998676655712603,0.0,1.0,,,,0.998676655712603,0.5,0.5,0.0014428917328409285,319
dst_pcr6_fire_specificity_silence_sensitivity_tau_0_7,CWE-311,0.0,0.0,0.9999834025757078,0.9998299119242764,1.6597424292129978e-05,1.0,,,-6.796475206392351e-05,0.9998133201802798,0.4999917012878539,0.4999917012878539,0.00016470037888803078,41
dst_pcr6_fire_specificity_silence_sensitivity_tau_0_7,CWE-369,0.23333333333333334,0.007272727272727273,0.9999460079420267,0.9988715614810719,5.3992057973305275e-05,0.9927272727272728,0.03425058548009367,0.022374164097225,0.037751329358876304,0.9988177010718233,0.503609367607377,0.5036091788152126,0.005224382813678015,274
dst_pcr6_fire_specificity_silence_sensitivity_tau_0_7,CWE-400,0.0,0.0,0.9998419814032644,0.9976018380955072,0.0001580185967355784,1.0,,,-0.000614169645075503,0.9974445764743208,0.4999209907016322,0.4999209907016322,0.00220736879293073,578
dst_pcr6_fire_specificity_silence_sensitivity_tau_0_7,CWE-404,0.0069570477918935265,0.001629334660693546,0.9988033149271065,0.9949120937581748,0.0011966850728936454,0.9983706653393064,0.006600660066006602,0.004810014825673403,0.0008995076166399142,0.9937276002189138,0.5002163247939,0.5002162746298857,0.003247348050110032,1227
dst_pcr6_fire_specificity_silence_sensitivity_tau_0_7,CWE-476,0.08472085174501592,0.026730959446092977,0.99796550277569,0.9931898765928462,0.0020344972243099913,0.9732690405539071,0.04046845648175186,0.03092289729554522,0.04373345114460187,0.9911846083047152,0.5123482311108914,0.5123561557227497,0.017538121905631438,1683
dst_pcr6_fire_specificity_silence_sensitivity_tau_0_7,CWE-573,0.0,0.0,0.9985560330324728,0.9997756614134324,0.0014439669675272554,1.0,,,-0.0005685291378416521,0.9983323430912927,0.4992780165162364,0.4992780165162364,0.00019047078967055525,54
dst_pcr6_fire_specificity_silence_sensitivity_tau_0_7,CWE-662,0.00822357654684221,0.02138364779874214,0.9914634518332734,0.9967446076359059,0.008536548166726507,0.9786163522012579,0.01187736685099788,0.016196601430308592,0.007988418687094738,0.988264140587052,0.5064235498160079,0.5064317568427039,0.006756622371734347,795
dst_pcr6_fire_specificity_silence_sensitivity_tau_0_7,CWE-665,0.0038697318007662835,0.020935960591133004,0.9968453503853036,0.9994257032040444,0.0031546496146963587,0.9790640394088669,0.016301945181255526,0.0277187319582218,0.007642339140794556,0.996274714233898,0.5088906554882183,0.5089098645502947,0.014773954915355858,141
dst_pcr6_fire_specificity_silence_sensitivity_tau_0_7,CWE-668,0.05997055768332886,0.2324068088773971,0.9792942277775557,0.9955594063628878,0.020705772222444196,0.7675931911226029,0.09532724439530485,0.14752411559329112,0.10841369128749472,0.9750680082079735,0.6058505183274765,0.6058440695190334,0.014992398507905805,1364
dst_pcr6_fire_specificity_silence_sensitivity_tau_0_7,CWE-704,0.010526315789473684,0.0022727272727272726,0.9995303659455287,0.9981779840416861,0.00046963405447132044,0.9977272727272727,0.018691588785046728,0.013477088948787063,0.00397087259728427,0.9977100692529458,0.500901546609128,0.5009014993855887,0.001525171766948631,440
dst_pcr6_fire_specificity_silence_sensitivity_tau_0_7,CWE-705,0.0,0.0,0.9999293998371914,0.9989047419631489,7.060016280862191e-05,1.0,,,-0.00027478274535137095,0.9988342960859494,0.4999646999185957,0.4999646999185957,0.0012426614627572574,264
dst_pcr6_fire_specificity_silence_sensitivity_tau_0_7,CWE-706,0.06666666666666667,0.0012422360248447203,0.9998792918833436,0.9966559622152266,0.00012070811665646896,0.9987577639751553,0.012195121951219511,0.007727975270479134,0.0084775444510621,0.9965360751886976,0.5005607639540941,0.5005607639540941,0.0029035820340743306,807
dst_pcr6_fire_specificity_silence_sensitivity_tau_0_7,CWE-74,0.32658030645148967,0.24844692228922516,0.9979635047902919,0.9970666036604394,0.002036495209708101,0.7515530777107748,0.2811137193460479,0.26035750512900313,0.2818515814266914,0.9950468027010025,0.6232052135397586,0.6232285470901507,0.0625237766890361,938
dst_pcr6_fire_specificity_silence_sensitivity_tau_0_7,CWE-754,0.0127789046653144,0.011942959001782532,0.9993897555481823,0.9993150882066276,0.0006102444518177423,0.9880570409982175,0.030798389007344235,0.030211756115370574,0.011695281034509893,0.9987056903404726,0.5056663572749824,0.5056681629197712,0.009518117758028624,167
dst_pcr6_fire_specificity_silence_sensitivity_tau_0_7,CWE-834,0.06000000000000001,0.008571428571428572,0.9998213582653916,0.9985560759015856,0.00017864173460845368,0.9914285714285714,0.024999999999999998,0.017241379310344827,0.022171445482310828,0.9983779698079485,0.50419639341841,0.50419639341841,0.0024494834926427813,351
dst_pcr6_fire_specificity_silence_sensitivity_tau_0_8,CWE-1164,0.0,0.0,0.9754836374200171,0.9996853101776653,0.024516362579982964,1.0,,,-0.002776638046429008,0.9751841759739772,0.48774181871000855,0.48774181871000855,0.00016668120760511903,74
dst_pcr6_fire_specificity_silence_sensitivity_tau_0_8,CWE-118,0.2365902896912544,0.38393953708077466,0.9431034301333062,0.9708728842029549,0.05689656986669378,0.6160604629192253,0.2927600262157913,0.3414024254372749,0.26047498090139476,0.9185500230662497,0.6635214836070404,0.6634990656824887,0.1337905049316397,10585
dst_pcr6_fire_specificity_silence_sensitivity_tau_0_8,CWE-190,0.07053678476967809,0.06756265616718407,0.9947757129919623,0.9945308758050808,0.005224287008037825,0.932437343832816,0.06894765624154184,0.06809414201324601,0.06365641275640822,0.9893676108961482,0.5311691845795731,0.5311959224567259,0.019613887079126292,1406
dst_pcr6_fire_specificity_silence_sensitivity_tau_0_8,CWE-191,0.0,0.0,0.9995309007918978,0.9993068904121547,0.0004690992081021807,1.0,,,-0.0005683382131360335,0.9988384405588038,0.4997654503959489,0.4997654503959489,0.00039463893764581125,167
dst_pcr6_fire_specificity_silence_sensitivity_tau_0_8,CWE-20,0.04022456583620791,0.06906399300181683,0.9867477844751467,0.9924586091460949,0.013252215524853473,0.9309360069981831,0.050822962324295194,0.06038526191327757,0.04270232869040732,0.9794155602399164,0.5279058887384818,0.5279201063388577,0.014038456915044937,1926
dst_pcr6_fire_specificity_silence_sensitivity_tau_0_8,CWE-269,0.0,0.0,0.9998256848946274,0.999514550797436,0.00017431510537251592,1.0,,,-0.0002891687803676932,0.9993404043949324,0.4999128424473137,0.4999128424473137,0.0006326988829934947,117
dst_pcr6_fire_specificity_silence_sensitivity_tau_0_8,CWE-285,0.029532715585940734,0.03176691729323308,0.9987706147435802,0.9988618935681093,0.0012293852564197497,0.968233082706767,0.03048216063457563,0.031204931569097795,0.029385702919915734,0.9976353938834646,0.5152687660184065,0.515275864017883,0.00277903490885461,283
dst_pcr6_fire_specificity_silence_sensitivity_tau_0_8,CWE-287,,0.0,1.0,0.998676655712603,0.0,1.0,,,,0.998676655712603,0.5,0.5,0.0014428917328409285,319
dst_pcr6_fire_specificity_silence_sensitivity_tau_0_8,CWE-311,0.0,0.0,0.9999834025757078,0.9998299119242764,1.6597424292129978e-05,1.0,,,-6.796475206392351e-05,0.9998133201802798,0.4999917012878539,0.4999917012878539,0.00016470037888803078,41
dst_pcr6_fire_specificity_silence_sensitivity_tau_0_8,CWE-369,0.23333333333333334,0.007272727272727273,0.9999460079420267,0.9988715614810719,5.3992057973305275e-05,0.9927272727272728,0.03425058548009367,0.022374164097225,0.037751329358876304,0.9988177010718233,0.503609367607377,0.5036091788152126,0.005224382813678015,274
dst_pcr6_fire_specificity_silence_sensitivity_tau_0_8,CWE-400,0.0,0.0,0.9998419814032644,0.9976018380955072,0.0001580185967355784,1.0,,,-0.000614169645075503,0.9974445764743208,0.4999209907016322,0.4999209907016322,0.00220736879293073,578
dst_pcr6_fire_specificity_silence_sensitivity_tau_0_8,CWE-404,0.0069570477918935265,0.001629334660693546,0.9988033149271065,0.9949120937581748,0.0011966850728936454,0.9983706653393064,0.006600660066006602,0.004810014825673403,0.0008995076166399142,0.9937276002189138,0.5002163247939,0.5002162746298857,0.003247348050110032,1227
dst_pcr6_fire_specificity_silence_sensitivity_tau_0_8,CWE-476,0.08472085174501592,0.026730959446092977,0.99796550277569,0.9931898765928462,0.0020344972243099913,0.9732690405539071,0.04046845648175186,0.03092289729554522,0.04373345114460187,0.9911846083047152,0.5123482311108914,0.5123561557227497,0.017538121905631438,1683
dst_pcr6_fire_specificity_silence_sensitivity_tau_0_8,CWE-573,0.0,0.0,0.9985560330324728,0.9997756614134324,0.0014439669675272554,1.0,,,-0.0005685291378416521,0.9983323430912927,0.4992780165162364,0.4992780165162364,0.00019047078967055525,54
dst_pcr6_fire_specificity_silence_sensitivity_tau_0_8,CWE-662,0.00822357654684221,0.02138364779874214,0.9914634518332734,0.9967446076359059,0.008536548166726507,0.9786163522012579,0.01187736685099788,0.016196601430308592,0.007988418687094738,0.988264140587052,0.5064235498160079,0.5064317568427039,0.006756622371734347,795
dst_pcr6_fire_specificity_silence_sensitivity_tau_0_8,CWE-665,0.0038697318007662835,0.020935960591133004,0.9968453503853036,0.9994257032040444,0.0031546496146963587,0.9790640394088669,0.016301945181255526,0.0277187319582218,0.007642339140794556,0.996274714233898,0.5088906554882183,0.5089098645502947,0.014773954915355858,141
dst_pcr6_fire_specificity_silence_sensitivity_tau_0_8,CWE-668,0.05997055768332886,0.2324068088773971,0.9792942277775557,0.9955594063628878,0.020705772222444196,0.7675931911226029,0.09532724439530485,0.14752411559329112,0.10841369128749472,0.9750680082079735,0.6058505183274765,0.6058440695190334,0.014992398507905805,1364
dst_pcr6_fire_specificity_silence_sensitivity_tau_0_8,CWE-704,0.010526315789473684,0.0022727272727272726,0.9995303659455287,0.9981779840416861,0.00046963405447132044,0.9977272727272727,0.018691588785046728,0.013477088948787063,0.00397087259728427,0.9977100692529458,0.500901546609128,0.5009014993855887,0.001525171766948631,440
dst_pcr6_fire_specificity_silence_sensitivity_tau_0_8,CWE-705,0.0,0.0,0.9999293998371914,0.9989047419631489,7.060016280862191e-05,1.0,,,-0.00027478274535137095,0.9988342960859494,0.4999646999185957,0.4999646999185957,0.0012426614627572574,264
dst_pcr6_fire_specificity_silence_sensitivity_tau_0_8,CWE-706,0.06666666666666667,0.0012422360248447203,0.9998792918833436,0.9966559622152266,0.00012070811665646896,0.9987577639751553,0.012195121951219511,0.007727975270479134,0.0084775444510621,0.9965360751886976,0.5005607639540941,0.5005607639540941,0.0029035820340743306,807
dst_pcr6_fire_specificity_silence_sensitivity_tau_0_8,CWE-74,0.32658030645148967,0.24844692228922516,0.9979635047902919,0.9970666036604394,0.002036495209708101,0.7515530777107748,0.2811137193460479,0.26035750512900313,0.2818515814266914,0.9950468027010025,0.6232052135397586,0.6232285470901507,0.0625237766890361,938
dst_pcr6_fire_specificity_silence_sensitivity_tau_0_8,CWE-754,0.0127789046653144,0.011942959001782532,0.9993897555481823,0.9993150882066276,0.0006102444518177423,0.9880570409982175,0.030798389007344235,0.030211756115370574,0.011695281034509893,0.9987056903404726,0.5056663572749824,0.5056681629197712,0.009518117758028624,167
dst_pcr6_fire_specificity_silence_sensitivity_tau_0_8,CWE-834,0.06000000000000001,0.008571428571428572,0.9998213582653916,0.9985560759015856,0.00017864173460845368,0.9914285714285714,0.024999999999999998,0.017241379310344827,0.022171445482310828,0.9983779698079485,0.50419639341841,0.50419639341841,0.0024494834926427813,351
dst_pcr6_fire_specificity_silence_sensitivity_tau_0_9,CWE-1164,0.0,0.0,0.9754836374200171,0.9996853101776653,0.024516362579982964,1.0,,,-0.002776638046429008,0.9751841759739772,0.48774181871000855,0.48774181871000855,0.00016668120760511903,74
dst_pcr6_fire_specificity_silence_sensitivity_tau_0_9,CWE-118,0.23367113480928695,0.37449220595181865,0.9435937348207789,0.9704542856837047,0.05640626517922116,0.6255077940481815,0.2877679247530137,0.3341999669105399,0.25480850708597746,0.9186039555931785,0.6590429703862987,0.6634990656824887,0.1337905049316397,10585
dst_pcr6_fire_specificity_silence_sensitivity_tau_0_9,CWE-190,0.07053678476967809,0.06756265616718407,0.9947757129919623,0.9945308758050808,0.005224287008037825,0.932437343832816,0.06894765624154184,0.06809414201324601,0.06365641275640822,0.9893676108961482,0.5311691845795731,0.5311959224567259,0.019613887079126292,1406
dst_pcr6_fire_specificity_silence_sensitivity_tau_0_9,CWE-191,0.0,0.0,0.9995309007918978,0.9993068904121547,0.0004690992081021807,1.0,,,-0.0005683382131360335,0.9988384405588038,0.4997654503959489,0.4997654503959489,0.00039463893764581125,167
dst_pcr6_fire_specificity_silence_sensitivity_tau_0_9,CWE-20,0.04022456583620791,0.06906399300181683,0.9867477844751467,0.9924586091460949,0.013252215524853473,0.9309360069981831,0.050822962324295194,0.06038526191327757,0.04270232869040732,0.9794155602399164,0.5279058887384818,0.5279201063388577,0.014038456915044937,1926
dst_pcr6_fire_specificity_silence_sensitivity_tau_0_9,CWE-269,0.0,0.0,0.9998256848946274,0.999514550797436,0.00017431510537251592,1.0,,,-0.0002891687803676932,0.9993404043949324,0.4999128424473137,0.4999128424473137,0.0006326988829934947,117
dst_pcr6_fire_specificity_silence_sensitivity_tau_0_9,CWE-285,0.029532715585940734,0.03176691729323308,0.9987706147435802,0.9988618935681093,0.0012293852564197497,0.968233082706767,0.03048216063457563,0.031204931569097795,0.029385702919915734,0.9976353938834646,0.5152687660184065,0.515275864017883,0.00277903490885461,283
dst_pcr6_fire_specificity_silence_sensitivity_tau_0_9,CWE-287,,0.0,1.0,0.998676655712603,0.0,1.0,,,,0.998676655712603,0.5,0.5,0.0014428917328409285,319
dst_pcr6_fire_specificity_silence_sensitivity_tau_0_9,CWE-311,0.0,0.0,0.9999834025757078,0.9998299119242764,1.6597424292129978e-05,1.0,,,-6.796475206392351e-05,0.9998133201802798,0.4999917012878539,0.4999917012878539,0.00016470037888803078,41
dst_pcr6_fire_specificity_silence_sensitivity_tau_0_9,CWE-369,0.23333333333333334,0.007272727272727273,0.9999460079420267,0.9988715614810719,5.3992057973305275e-05,0.9927272727272728,0.03425058548009367,0.022374164097225,0.037751329358876304,0.9988177010718233,0.503609367607377,0.5036091788152126,0.005224382813678015,274
dst_pcr6_fire_specificity_silence_sensitivity_tau_0_9,CWE-400,0.0,0.0,0.9998419814032644,0.9976018380955072,0.0001580185967355784,1.0,,,-0.000614169645075503,0.9974445764743208,0.4999209907016322,0.4999209907016322,0.00220736879293073,578
dst_pcr6_fire_specificity_silence_sensitivity_tau_0_9,CWE-404,0.0069570477918935265,0.001629334660693546,0.9988033149271065,0.9949120937581748,0.0011966850728936454,0.9983706653393064,0.006600660066006602,0.004810014825673403,0.0008995076166399142,0.9937276002189138,0.5002163247939,0.5002162746298857,0.003247348050110032,1227
dst_pcr6_fire_specificity_silence_sensitivity_tau_0_9,CWE-476,0.08472085174501592,0.026730959446092977,0.99796550277569,0.9931898765928462,0.0020344972243099913,0.9732690405539071,0.04046845648175186,0.03092289729554522,0.04373345114460187,0.9911846083047152,0.5123482311108914,0.5123561557227497,0.017538121905631438,1683
dst_pcr6_fire_specificity_silence_sensitivity_tau_0_9,CWE-573,0.0,0.0,0.9985560330324728,0.9997756614134324,0.0014439669675272554,1.0,,,-0.0005685291378416521,0.9983323430912927,0.4992780165162364,0.4992780165162364,0.00019047078967055525,54
dst_pcr6_fire_specificity_silence_sensitivity_tau_0_9,CWE-662,0.00822357654684221,0.02138364779874214,0.9914634518332734,0.9967446076359059,0.008536548166726507,0.9786163522012579,0.01187736685099788,0.016196601430308592,0.007988418687094738,0.988264140587052,0.5064235498160079,0.5064317568427039,0.006756622371734347,795
dst_pcr6_fire_specificity_silence_sensitivity_tau_0_9,CWE-665,0.0038697318007662835,0.020935960591133004,0.9968453503853036,0.9994257032040444,0.0031546496146963587,0.9790640394088669,0.016301945181255526,0.0277187319582218,0.007642339140794556,0.996274714233898,0.5088906554882183,0.5089098645502947,0.014773954915355858,141
dst_pcr6_fire_specificity_silence_sensitivity_tau_0_9,CWE-668,0.05997055768332886,0.2324068088773971,0.9792942277775557,0.9955594063628878,0.020705772222444196,0.7675931911226029,0.09532724439530485,0.14752411559329112,0.10841369128749472,0.9750680082079735,0.6058505183274765,0.6058440695190334,0.014992398507905805,1364
dst_pcr6_fire_specificity_silence_sensitivity_tau_0_9,CWE-704,0.010526315789473684,0.0022727272727272726,0.9995303659455287,0.9981779840416861,0.00046963405447132044,0.9977272727272727,0.018691588785046728,0.013477088948787063,0.00397087259728427,0.9977100692529458,0.500901546609128,0.5009014993855887,0.001525171766948631,440
dst_pcr6_fire_specificity_silence_sensitivity_tau_0_9,CWE-705,0.0,0.0,0.9999293998371914,0.9989047419631489,7.060016280862191e-05,1.0,,,-0.00027478274535137095,0.9988342960859494,0.4999646999185957,0.4999646999185957,0.0012426614627572574,264
dst_pcr6_fire_specificity_silence_sensitivity_tau_0_9,CWE-706,0.06666666666666667,0.0012422360248447203,0.9998792918833436,0.9966559622152266,0.00012070811665646896,0.9987577639751553,0.012195121951219511,0.007727975270479134,0.0084775444510621,0.9965360751886976,0.5005607639540941,0.5005607639540941,0.0029035820340743306,807
dst_pcr6_fire_specificity_silence_sensitivity_tau_0_9,CWE-74,0.32658030645148967,0.24844692228922516,0.9979635047902919,0.9970666036604394,0.002036495209708101,0.7515530777107748,0.2811137193460479,0.26035750512900313,0.2818515814266914,0.9950468027010025,0.6232052135397586,0.6232285470901507,0.0625237766890361,938
dst_pcr6_fire_specificity_silence_sensitivity_tau_0_9,CWE-754,0.0127789046653144,0.011942959001782532,0.9993897555481823,0.9993150882066276,0.0006102444518177423,0.9880570409982175,0.030798389007344235,0.030211756115370574,0.011695281034509893,0.9987056903404726,0.5056663572749824,0.5056681629197712,0.009518117758028624,167
dst_pcr6_fire_specificity_silence_sensitivity_tau_0_9,CWE-834,0.06000000000000001,0.008571428571428572,0.9998213582653916,0.9985560759015856,0.00017864173460845368,0.9914285714285714,0.024999999999999998,0.017241379310344827,0.022171445482310828,0.9983779698079485,0.50419639341841,0.50419639341841,0.0024494834926427813,351
dst_yager_fire_specificity_silence_sensitivity_tau_0_1,CWE-1164,0.0003069823361635623,1.0,0.0,,1.0,0.0,0.0006137761166322298,0.0015330278607072415,,0.0003069823361635623,0.5,0.48774181871000855,0.00016668120760511903,74
dst_yager_fire_specificity_silence_sensitivity_tau_0_1,CWE-118,0.04391095868676494,1.0,0.0,,1.0,0.0,0.08412778563498187,0.18675281304928476,,0.04391095868676494,0.5,0.6634847527843802,0.13372240746484795,10585
dst_yager_fire_specificity_silence_sensitivity_tau_0_1,CWE-190,0.0058326692056617675,1.0,0.0,,1.0,0.0,0.011597692778895009,0.028498456523285733,,0.0058326692056617675,0.5,0.5311606479116858,0.017656532134560275,1406
dst_yager_fire_specificity_silence_sensitivity_tau_0_1,CWE-191,0.000692784945069186,1.0,0.0,,1.0,0.0,0.0013846104470185603,0.003454350188200469,,0.000692784945069186,0.5,0.4997654503959489,0.00039463893764581125,167
dst_yager_fire_specificity_silence_sensitivity_tau_0_1,CWE-20,0.007989845001912006,1.0,0.0,,1.0,0.0,0.015853026633360075,0.03871201173373847,,0.007989845001912006,0.5,0.5279176618623797,0.014020722014025083,1926
dst_yager_fire_specificity_silence_sensitivity_tau_0_1,CWE-269,0.0004853648639115706,1.0,0.0,,1.0,0.0,0.0009702585911718247,0.0024221198059796315,,0.0004853648639115706,0.5,0.4999128424473137,0.0006326988829934947,117
dst_yager_fire_specificity_silence_sensitivity_tau_0_1,CWE-285,0.0011740018083170765,1.0,0.0,,1.0,0.0,0.00234525007930192,0.005842570209276372,,0.0011740018083170765,0.5,0.515275864017883,0.00277903490885461,283
dst_yager_fire_specificity_silence_sensitivity_tau_0_1,CWE-287,0.0013222852381046296,0.8,0.2,0.9986724195154332,0.8,0.2,0.0026410780550687055,0.006576639802217528,,0.20079231209357035,0.5,0.5,0.0014428917328409285,319
dst_yager_fire_specificity_silence_sensitivity_tau_0_1,CWE-311,0.00017008523577578287,1.0,0.0,,1.0,0.0,0.0003401124856118325,0.000849846616612624,,0.00017008523577578287,0.5,0.4999917012878539,0.00016470037888803078,41
dst_yager_fire_specificity_silence_sensitivity_tau_0_1,CWE-369,0.0011366656722903788,1.0,0.0,,1.0,0.0,0.0022707501220217883,0.005657603766406826,,0.0011366656722903788,0.5,0.5036091788152126,0.005224382813678015,274
dst_yager_fire_specificity_silence_sensitivity_tau_0_1,CWE-400,0.002397783840683223,1.0,0.0,,1.0,0.0,0.004784096240070863,0.01187502216220125,,0.002397783840683223,0.5,0.4999209907016322,0.00220736879293073,578
dst_yager_fire_specificity_silence_sensitivity_tau_0_1,CWE-404,0.005090102831929978,1.0,0.0,,1.0,0.0,0.010128649606040353,0.02494266931149271,,0.005090102831929978,0.5,0.500215729992374,0.0032238777455461582,1227
dst_yager_fire_specificity_silence_sensitivity_tau_0_1,CWE-476,0.0069817803426757,1.0,0.0,,1.0,0.0,0.013866745903417323,0.033960481236263766,,0.0069817803426757,0.5,0.5123522018089719,0.016156433131796374,1683
dst_yager_fire_specificity_silence_sensitivity_tau_0_1,CWE-573,0.00022401406278280662,1.0,0.0,,1.0,0.0,0.0004479276460914129,0.0011190661956234835,,0.00022401406278280662,0.5,0.4992780165162364,0.00019047078967055525,54
dst_yager_fire_specificity_silence_sensitivity_tau_0_1,CWE-662,0.0032979888668850385,1.0,0.0,,1.0,0.0,0.006574295779365349,0.016275242064738703,,0.0032979888668850385,0.5,0.5064322542167193,0.006777593528616234,795
dst_yager_fire_specificity_silence_sensitivity_tau_0_1,CWE-665,0.0005849265166232437,1.0,0.0,,1.0,0.0,0.0011691690173183567,0.002917804403655056,,0.0005849265166232437,0.5,0.5089160196296666,0.01491882629988831,141
dst_yager_fire_specificity_silence_sensitivity_tau_0_1,CWE-668,0.005658435969222305,1.0,0.0,,1.0,0.0,0.011253196317309075,0.027665993573092167,,0.005658435969222305,0.5,0.6058440083874637,0.01485285551121995,1364
dst_yager_fire_specificity_silence_sensitivity_tau_0_1,CWE-704,0.001825302014376625,1.0,0.0,,1.0,0.0,0.0036439527144873285,0.009060358508978619,,0.001825302014376625,0.5,0.5009014993855887,0.001525171766948631,440
dst_yager_fire_specificity_silence_sensitivity_tau_0_1,CWE-705,0.0010951809332807414,1.0,0.0,,1.0,0.0,0.002187965512251423,0.00545201952195286,,0.0010951809332807414,0.5,0.4999646999185957,0.0012426614627572574,264
dst_yager_fire_specificity_silence_sensitivity_tau_0_1,CWE-706,0.0033477697792846997,1.0,0.0,,1.0,0.0,0.006673199019991039,0.016517657630948222,,0.0033477697792846997,0.5,0.5005607639540941,0.0029035820340743306,807
dst_yager_fire_specificity_silence_sensitivity_tau_0_1,CWE-74,0.003891211556923292,1.0,0.0,,1.0,0.0,0.007752257242961242,0.019157866603010675,,0.003891211556923292,0.5,0.6232285470901507,0.0625237766890361,938
dst_yager_fire_specificity_silence_sensitivity_tau_0_1,CWE-754,0.0006927856334197774,1.0,0.0,,1.0,0.0,0.0013846118198993275,0.003454353591927645,,0.0006927856334197774,0.5,0.5056681629197712,0.009518117758028624,167
dst_yager_fire_specificity_silence_sensitivity_tau_0_1,CWE-834,0.001456093473177496,1.0,0.0,,1.0,0.0,0.002907952556708425,0.007238307380360226,,0.001456093473177496,0.5,0.50419639341841,0.0024494834926427813,351
dst_yager_fire_specificity_silence_sensitivity_tau_0_2,CWE-1164,0.0003069823361635623,1.0,0.0,,1.0,0.0,0.0006137761166322298,0.0015330278607072415,,0.0003069823361635623,0.5,0.48774181871000855,0.00016668120760511903,74
dst_yager_fire_specificity_silence_sensitivity_tau_0_2,CWE-118,0.04391095868676494,1.0,0.0,,1.0,0.0,0.08412778563498187,0.18675281304928476,,0.04391095868676494,0.5,0.6634847527843802,0.13372240746484795,10585
dst_yager_fire_specificity_silence_sensitivity_tau_0_2,CWE-190,0.0058326692056617675,1.0,0.0,,1.0,0.0,0.011597692778895009,0.028498456523285733,,0.0058326692056617675,0.5,0.5311606479116858,0.017656532134560275,1406
dst_yager_fire_specificity_silence_sensitivity_tau_0_2,CWE-191,0.000692784945069186,1.0,0.0,,1.0,0.0,0.0013846104470185603,0.003454350188200469,,0.000692784945069186,0.5,0.4997654503959489,0.00039463893764581125,167
dst_yager_fire_specificity_silence_sensitivity_tau_0_2,CWE-20,0.007989845001912006,1.0,0.0,,1.0,0.0,0.015853026633360075,0.03871201173373847,,0.007989845001912006,0.5,0.5279176618623797,0.014020722014025083,1926
dst_yager_fire_specificity_silence_sensitivity_tau_0_2,CWE-269,0.0004853648639115706,1.0,0.0,,1.0,0.0,0.0009702585911718247,0.0024221198059796315,,0.0004853648639115706,0.5,0.4999128424473137,0.0006326988829934947,117
dst_yager_fire_specificity_silence_sensitivity_tau_0_2,CWE-285,0.0011740018083170765,1.0,0.0,,1.0,0.0,0.00234525007930192,0.005842570209276372,,0.0011740018083170765,0.5,0.515275864017883,0.00277903490885461,283
dst_yager_fire_specificity_silence_sensitivity_tau_0_2,CWE-287,0.0013222852381046296,0.8,0.2,0.9986724195154332,0.8,0.2,0.0026410780550687055,0.006576639802217528,,0.20079231209357035,0.5,0.5,0.0014428917328409285,319
dst_yager_fire_specificity_silence_sensitivity_tau_0_2,CWE-311,0.00017008523577578287,1.0,0.0,,1.0,0.0,0.0003401124856118325,0.000849846616612624,,0.00017008523577578287,0.5,0.4999917012878539,0.00016470037888803078,41
dst_yager_fire_specificity_silence_sensitivity_tau_0_2,CWE-369,0.0011366656722903788,1.0,0.0,,1.0,0.0,0.0022707501220217883,0.005657603766406826,,0.0011366656722903788,0.5,0.5036091788152126,0.005224382813678015,274
dst_yager_fire_specificity_silence_sensitivity_tau_0_2,CWE-400,0.002397783840683223,1.0,0.0,,1.0,0.0,0.004784096240070863,0.01187502216220125,,0.002397783840683223,0.5,0.4999209907016322,0.00220736879293073,578
dst_yager_fire_specificity_silence_sensitivity_tau_0_2,CWE-404,0.005090102831929978,1.0,0.0,,1.0,0.0,0.010128649606040353,0.02494266931149271,,0.005090102831929978,0.5,0.500215729992374,0.0032238777455461582,1227
dst_yager_fire_specificity_silence_sensitivity_tau_0_2,CWE-476,0.0069817803426757,1.0,0.0,,1.0,0.0,0.013866745903417323,0.033960481236263766,,0.0069817803426757,0.5,0.5123522018089719,0.016156433131796374,1683
dst_yager_fire_specificity_silence_sensitivity_tau_0_2,CWE-573,0.00022401406278280662,1.0,0.0,,1.0,0.0,0.0004479276460914129,0.0011190661956234835,,0.00022401406278280662,0.5,0.4992780165162364,0.00019047078967055525,54
dst_yager_fire_specificity_silence_sensitivity_tau_0_2,CWE-662,0.0032979888668850385,1.0,0.0,,1.0,0.0,0.006574295779365349,0.016275242064738703,,0.0032979888668850385,0.5,0.5064322542167193,0.006777593528616234,795
dst_yager_fire_specificity_silence_sensitivity_tau_0_2,CWE-665,0.0005849265166232437,1.0,0.0,,1.0,0.0,0.0011691690173183567,0.002917804403655056,,0.0005849265166232437,0.5,0.5089160196296666,0.01491882629988831,141
dst_yager_fire_specificity_silence_sensitivity_tau_0_2,CWE-668,0.005658435969222305,1.0,0.0,,1.0,0.0,0.011253196317309075,0.027665993573092167,,0.005658435969222305,0.5,0.6058440083874637,0.01485285551121995,1364
dst_yager_fire_specificity_silence_sensitivity_tau_0_2,CWE-704,0.001825302014376625,1.0,0.0,,1.0,0.0,0.0036439527144873285,0.009060358508978619,,0.001825302014376625,0.5,0.5009014993855887,0.001525171766948631,440
dst_yager_fire_specificity_silence_sensitivity_tau_0_2,CWE-705,0.0010951809332807414,1.0,0.0,,1.0,0.0,0.002187965512251423,0.00545201952195286,,0.0010951809332807414,0.5,0.4999646999185957,0.0012426614627572574,264
dst_yager_fire_specificity_silence_sensitivity_tau_0_2,CWE-706,0.0033477697792846997,1.0,0.0,,1.0,0.0,0.006673199019991039,0.016517657630948222,,0.0033477697792846997,0.5,0.5005607639540941,0.0029035820340743306,807
dst_yager_fire_specificity_silence_sensitivity_tau_0_2,CWE-74,0.003891211556923292,1.0,0.0,,1.0,0.0,0.007752257242961242,0.019157866603010675,,0.003891211556923292,0.5,0.6232285470901507,0.0625237766890361,938
dst_yager_fire_specificity_silence_sensitivity_tau_0_2,CWE-754,0.0006927856334197774,1.0,0.0,,1.0,0.0,0.0013846118198993275,0.003454353591927645,,0.0006927856334197774,0.5,0.5056681629197712,0.009518117758028624,167
dst_yager_fire_specificity_silence_sensitivity_tau_0_2,CWE-834,0.001456093473177496,1.0,0.0,,1.0,0.0,0.002907952556708425,0.007238307380360226,,0.001456093473177496,0.5,0.50419639341841,0.0024494834926427813,351
dst_yager_fire_specificity_silence_sensitivity_tau_0_3,CWE-1164,0.0003069823361635623,1.0,0.0,,1.0,0.0,0.0006137761166322298,0.0015330278607072415,,0.0003069823361635623,0.5,0.48774181871000855,0.00016668120760511903,74
dst_yager_fire_specificity_silence_sensitivity_tau_0_3,CWE-118,0.15863763123722502,0.627302786962683,0.5660404109777523,0.9706487269246078,0.43395958902224774,0.37269721303731695,0.20774479652736763,0.27724357741707917,0.25749898202389876,0.5687320416441287,0.5966715989702177,0.6634847527843802,0.13372240746484795,10585
dst_yager_fire_specificity_silence_sensitivity_tau_0_3,CWE-190,0.0058326692056617675,1.0,0.0,,1.0,0.0,0.011597692778895009,0.028498456523285733,,0.0058326692056617675,0.5,0.5311606479116858,0.017656532134560275,1406
dst_yager_fire_specificity_silence_sensitivity_tau_0_3,CWE-191,0.000692784945069186,1.0,0.0,,1.0,0.0,0.0013846104470185603,0.003454350188200469,,0.000692784945069186,0.5,0.4997654503959489,0.00039463893764581125,167
dst_yager_fire_specificity_silence_sensitivity_tau_0_3,CWE-20,0.007989845001912006,1.0,0.0,,1.0,0.0,0.015853026633360075,0.03871201173373847,,0.007989845001912006,0.5,0.5279176618623797,0.014020722014025083,1926
dst_yager_fire_specificity_silence_sensitivity_tau_0_3,CWE-269,0.0004853648639115706,1.0,0.0,,1.0,0.0,0.0009702585911718247,0.0024221198059796315,,0.0004853648639115706,0.5,0.4999128424473137,0.0006326988829934947,117
dst_yager_fire_specificity_silence_sensitivity_tau_0_3,CWE-285,0.0011740018083170765,1.0,0.0,,1.0,0.0,0.00234525007930192,0.005842570209276372,,0.0011740018083170765,0.5,0.515275864017883,0.00277903490885461,283
dst_yager_fire_specificity_silence_sensitivity_tau_0_3,CWE-287,0.0013222852381046296,0.8,0.2,0.9986724195154332,0.8,0.2,0.0026410780550687055,0.006576639802217528,,0.20079231209357035,0.5,0.5,0.0014428917328409285,319
dst_yager_fire_specificity_silence_sensitivity_tau_0_3,CWE-311,0.00017008523577578287,1.0,0.0,,1.0,0.0,0.0003401124856118325,0.000849846616612624,,0.00017008523577578287,0.5,0.4999917012878539,0.00016470037888803078,41
dst_yager_fire_specificity_silence_sensitivity_tau_0_3,CWE-369,0.0011366656722903788,1.0,0.0,,1.0,0.0,0.0022707501220217883,0.005657603766406826,,0.0011366656722903788,0.5,0.5036091788152126,0.005224382813678015,274
dst_yager_fire_specificity_silence_sensitivity_tau_0_3,CWE-400,0.002397783840683223,1.0,0.0,,1.0,0.0,0.004784096240070863,0.01187502216220125,,0.002397783840683223,0.5,0.4999209907016322,0.00220736879293073,578
dst_yager_fire_specificity_silence_sensitivity_tau_0_3,CWE-404,0.005090102831929978,1.0,0.0,,1.0,0.0,0.010128649606040353,0.02494266931149271,,0.005090102831929978,0.5,0.500215729992374,0.0032238777455461582,1227
dst_yager_fire_specificity_silence_sensitivity_tau_0_3,CWE-476,0.0069817803426757,1.0,0.0,,1.0,0.0,0.013866745903417323,0.033960481236263766,,0.0069817803426757,0.5,0.5123522018089719,0.016156433131796374,1683
dst_yager_fire_specificity_silence_sensitivity_tau_0_3,CWE-573,0.00022401406278280662,1.0,0.0,,1.0,0.0,0.0004479276460914129,0.0011190661956234835,,0.00022401406278280662,0.5,0.4992780165162364,0.00019047078967055525,54
dst_yager_fire_specificity_silence_sensitivity_tau_0_3,CWE-662,0.0032979888668850385,1.0,0.0,,1.0,0.0,0.006574295779365349,0.016275242064738703,,0.0032979888668850385,0.5,0.5064322542167193,0.006777593528616234,795
dst_yager_fire_specificity_silence_sensitivity_tau_0_3,CWE-665,0.0005849265166232437,1.0,0.0,,1.0,0.0,0.0011691690173183567,0.002917804403655056,,0.0005849265166232437,0.5,0.5089160196296666,0.01491882629988831,141
dst_yager_fire_specificity_silence_sensitivity_tau_0_3,CWE-668,0.005658435969222305,1.0,0.0,,1.0,0.0,0.011253196317309075,0.027665993573092167,,0.005658435969222305,0.5,0.6058440083874637,0.01485285551121995,1364
dst_yager_fire_specificity_silence_sensitivity_tau_0_3,CWE-704,0.001825302014376625,1.0,0.0,,1.0,0.0,0.0036439527144873285,0.009060358508978619,,0.001825302014376625,0.5,0.5009014993855887,0.001525171766948631,440
dst_yager_fire_specificity_silence_sensitivity_tau_0_3,CWE-705,0.0010951809332807414,1.0,0.0,,1.0,0.0,0.002187965512251423,0.00545201952195286,,0.0010951809332807414,0.5,0.4999646999185957,0.0012426614627572574,264
dst_yager_fire_specificity_silence_sensitivity_tau_0_3,CWE-706,0.0033477697792846997,1.0,0.0,,1.0,0.0,0.006673199019991039,0.016517657630948222,,0.0033477697792846997,0.5,0.5005607639540941,0.0029035820340743306,807
dst_yager_fire_specificity_silence_sensitivity_tau_0_3,CWE-74,0.003891211556923292,1.0,0.0,,1.0,0.0,0.007752257242961242,0.019157866603010675,,0.003891211556923292,0.5,0.6232285470901507,0.0625237766890361,938
dst_yager_fire_specificity_silence_sensitivity_tau_0_3,CWE-754,0.0006927856334197774,1.0,0.0,,1.0,0.0,0.0013846118198993275,0.003454353591927645,,0.0006927856334197774,0.5,0.5056681629197712,0.009518117758028624,167
dst_yager_fire_specificity_silence_sensitivity_tau_0_3,CWE-834,0.001456093473177496,1.0,0.0,,1.0,0.0,0.002907952556708425,0.007238307380360226,,0.001456093473177496,0.5,0.50419639341841,0.0024494834926427813,351
dst_yager_fire_specificity_silence_sensitivity_tau_0_4,CWE-1164,0.0003069823361635623,1.0,0.0,,1.0,0.0,0.0006137761166322298,0.0015330278607072415,,0.0003069823361635623,0.5,0.48774181871000855,0.00016668120760511903,74
dst_yager_fire_specificity_silence_sensitivity_tau_0_4,CWE-118,0.2365902896912544,0.38393953708077466,0.9431034301333062,0.9708728842029549,0.05689656986669378,0.6160604629192253,0.2927600262157913,0.3414024254372749,0.26047498090139476,0.9185500230662497,0.6635214836070404,0.6634847527843802,0.13372240746484795,10585
dst_yager_fire_specificity_silence_sensitivity_tau_0_4,CWE-190,0.0058326692056617675,1.0,0.0,,1.0,0.0,0.011597692778895009,0.028498456523285733,,0.0058326692056617675,0.5,0.5311606479116858,0.017656532134560275,1406
dst_yager_fire_specificity_silence_sensitivity_tau_0_4,CWE-191,0.000692784945069186,1.0,0.0,,1.0,0.0,0.0013846104470185603,0.003454350188200469,,0.000692784945069186,0.5,0.4997654503959489,0.00039463893764581125,167
dst_yager_fire_specificity_silence_sensitivity_tau_0_4,CWE-20,0.007989845001912006,1.0,0.0,,1.0,0.0,0.015853026633360075,0.03871201173373847,,0.007989845001912006,0.5,0.5279176618623797,0.014020722014025083,1926
dst_yager_fire_specificity_silence_sensitivity_tau_0_4,CWE-269,0.0004853648639115706,1.0,0.0,,1.0,0.0,0.0009702585911718247,0.0024221198059796315,,0.0004853648639115706,0.5,0.4999128424473137,0.0006326988829934947,117
dst_yager_fire_specificity_silence_sensitivity_tau_0_4,CWE-285,0.0011740018083170765,1.0,0.0,,1.0,0.0,0.00234525007930192,0.005842570209276372,,0.0011740018083170765,0.5,0.515275864017883,0.00277903490885461,283
dst_yager_fire_specificity_silence_sensitivity_tau_0_4,CWE-287,0.0013222852381046296,0.8,0.2,0.9986724195154332,0.8,0.2,0.0026410780550687055,0.006576639802217528,,0.20079231209357035,0.5,0.5,0.0014428917328409285,319
dst_yager_fire_specificity_silence_sensitivity_tau_0_4,CWE-311,0.00017008523577578287,1.0,0.0,,1.0,0.0,0.0003401124856118325,0.000849846616612624,,0.00017008523577578287,0.5,0.4999917012878539,0.00016470037888803078,41
dst_yager_fire_specificity_silence_sensitivity_tau_0_4,CWE-369,0.0011366656722903788,1.0,0.0,,1.0,0.0,0.0022707501220217883,0.005657603766406826,,0.0011366656722903788,0.5,0.5036091788152126,0.005224382813678015,274
dst_yager_fire_specificity_silence_sensitivity_tau_0_4,CWE-400,0.002397783840683223,1.0,0.0,,1.0,0.0,0.004784096240070863,0.01187502216220125,,0.002397783840683223,0.5,0.4999209907016322,0.00220736879293073,578
dst_yager_fire_specificity_silence_sensitivity_tau_0_4,CWE-404,0.005090102831929978,1.0,0.0,,1.0,0.0,0.010128649606040353,0.02494266931149271,,0.005090102831929978,0.5,0.500215729992374,0.0032238777455461582,1227
dst_yager_fire_specificity_silence_sensitivity_tau_0_4,CWE-476,0.0069817803426757,1.0,0.0,,1.0,0.0,0.013866745903417323,0.033960481236263766,,0.0069817803426757,0.5,0.5123522018089719,0.016156433131796374,1683
dst_yager_fire_specificity_silence_sensitivity_tau_0_4,CWE-573,0.00022401406278280662,1.0,0.0,,1.0,0.0,0.0004479276460914129,0.0011190661956234835,,0.00022401406278280662,0.5,0.4992780165162364,0.00019047078967055525,54
dst_yager_fire_specificity_silence_sensitivity_tau_0_4,CWE-662,0.0032979888668850385,1.0,0.0,,1.0,0.0,0.006574295779365349,0.016275242064738703,,0.0032979888668850385,0.5,0.5064322542167193,0.006777593528616234,795
dst_yager_fire_specificity_silence_sensitivity_tau_0_4,CWE-665,0.0005849265166232437,1.0,0.0,,1.0,0.0,0.0011691690173183567,0.002917804403655056,,0.0005849265166232437,0.5,0.5089160196296666,0.01491882629988831,141
dst_yager_fire_specificity_silence_sensitivity_tau_0_4,CWE-668,0.05997055768332886,0.2324068088773971,0.9792942277775557,0.9955594063628878,0.020705772222444196,0.7675931911226029,0.09532724439530485,0.14752411559329112,0.10841369128749472,0.9750680082079735,0.6058505183274765,0.6058440083874637,0.01485285551121995,1364
dst_yager_fire_specificity_silence_sensitivity_tau_0_4,CWE-704,0.001825302014376625,1.0,0.0,,1.0,0.0,0.0036439527144873285,0.009060358508978619,,0.001825302014376625,0.5,0.5009014993855887,0.001525171766948631,440
dst_yager_fire_specificity_silence_sensitivity_tau_0_4,CWE-705,0.0010951809332807414,1.0,0.0,,1.0,0.0,0.002187965512251423,0.00545201952195286,,0.0010951809332807414,0.5,0.4999646999185957,0.0012426614627572574,264
dst_yager_fire_specificity_silence_sensitivity_tau_0_4,CWE-706,0.0033477697792846997,1.0,0.0,,1.0,0.0,0.006673199019991039,0.016517657630948222,,0.0033477697792846997,0.5,0.5005607639540941,0.0029035820340743306,807
dst_yager_fire_specificity_silence_sensitivity_tau_0_4,CWE-74,0.32658030645148967,0.24844692228922516,0.9979635047902919,0.9970666036604394,0.002036495209708101,0.7515530777107748,0.2811137193460479,0.26035750512900313,0.2818515814266914,0.9950468027010025,0.6232052135397586,0.6232285470901507,0.0625237766890361,938
dst_yager_fire_specificity_silence_sensitivity_tau_0_4,CWE-754,0.0006927856334197774,1.0,0.0,,1.0,0.0,0.0013846118198993275,0.003454353591927645,,0.0006927856334197774,0.5,0.5056681629197712,0.009518117758028624,167
dst_yager_fire_specificity_silence_sensitivity_tau_0_4,CWE-834,0.001456093473177496,1.0,0.0,,1.0,0.0,0.002907952556708425,0.007238307380360226,,0.001456093473177496,0.5,0.50419639341841,0.0024494834926427813,351
dst_yager_fire_specificity_silence_sensitivity_tau_0_5,CWE-1164,0.0003069823361635623,1.0,0.0,,1.0,0.0,0.0006137761166322298,0.0015330278607072415,,0.0003069823361635623,0.5,0.48774181871000855,0.00016668120760511903,74
dst_yager_fire_specificity_silence_sensitivity_tau_0_5,CWE-118,0.2365902896912544,0.38393953708077466,0.9431034301333062,0.9708728842029549,0.05689656986669378,0.6160604629192253,0.2927600262157913,0.3414024254372749,0.26047498090139476,0.9185500230662497,0.6635214836070404,0.6634847527843802,0.13372240746484795,10585
dst_yager_fire_specificity_silence_sensitivity_tau_0_5,CWE-190,0.07053678476967809,0.06756265616718407,0.9947757129919623,0.9945308758050808,0.005224287008037825,0.932437343832816,0.06894765624154184,0.06809414201324601,0.06365641275640822,0.9893676108961482,0.5311691845795731,0.5311606479116858,0.017656532134560275,1406
dst_yager_fire_specificity_silence_sensitivity_tau_0_5,CWE-191,0.000692784945069186,1.0,0.0,,1.0,0.0,0.0013846104470185603,0.003454350188200469,,0.000692784945069186,0.5,0.4997654503959489,0.00039463893764581125,167
dst_yager_fire_specificity_silence_sensitivity_tau_0_5,CWE-20,0.04022456583620791,0.06906399300181683,0.9867477844751467,0.9924586091460949,0.013252215524853473,0.9309360069981831,0.050822962324295194,0.06038526191327757,0.04270232869040732,0.9794155602399164,0.5279058887384818,0.5279176618623797,0.014020722014025083,1926
dst_yager_fire_specificity_silence_sensitivity_tau_0_5,CWE-269,0.0004853648639115706,1.0,0.0,,1.0,0.0,0.0009702585911718247,0.0024221198059796315,,0.0004853648639115706,0.5,0.4999128424473137,0.0006326988829934947,117
dst_yager_fire_specificity_silence_sensitivity_tau_0_5,CWE-285,0.029532715585940734,0.03176691729323308,0.9987706147435802,0.9988618935681093,0.0012293852564197497,0.968233082706767,0.03048216063457563,0.031204931569097795,0.029385702919915734,0.9976353938834646,0.5152687660184065,0.515275864017883,0.00277903490885461,283
dst_yager_fire_specificity_silence_sensitivity_tau_0_5,CWE-287,,0.0,1.0,0.998676655712603,0.0,1.0,,,,0.998676655712603,0.5,0.5,0.0014428917328409285,319
dst_yager_fire_specificity_silence_sensitivity_tau_0_5,CWE-311,0.00017008523577578287,1.0,0.0,,1.0,0.0,0.0003401124856118325,0.000849846616612624,,0.00017008523577578287,0.5,0.4999917012878539,0.00016470037888803078,41
dst_yager_fire_specificity_silence_sensitivity_tau_0_5,CWE-369,0.23333333333333334,0.007272727272727273,0.9999460079420267,0.9988715614810719,5.3992057973305275e-05,0.9927272727272728,0.03425058548009367,0.022374164097225,0.037751329358876304,0.9988177010718233,0.503609367607377,0.5036091788152126,0.005224382813678015,274
dst_yager_fire_specificity_silence_sensitivity_tau_0_5,CWE-400,0.002397783840683223,1.0,0.0,,1.0,0.0,0.004784096240070863,0.01187502216220125,,0.002397783840683223,0.5,0.4999209907016322,0.00220736879293073,578
dst_yager_fire_specificity_silence_sensitivity_tau_0_5,CWE-404,0.0069570477918935265,0.001629334660693546,0.9988033149271065,0.9949120937581748,0.0011966850728936454,0.9983706653393064,0.006600660066006602,0.004810014825673403,0.0008995076166399142,0.9937276002189138,0.5002163247939,0.500215729992374,0.0032238777455461582,1227
dst_yager_fire_specificity_silence_sensitivity_tau_0_5,CWE-476,0.08472085174501592,0.026730959446092977,0.99796550277569,0.9931898765928462,0.0020344972243099913,0.9732690405539071,0.04046845648175186,0.03092289729554522,0.04373345114460187,0.9911846083047152,0.5123482311108914,0.5123522018089719,0.016156433131796374,1683
dst_yager_fire_specificity_silence_sensitivity_tau_0_5,CWE-573,0.00022401406278280662,1.0,0.0,,1.0,0.0,0.0004479276460914129,0.0011190661956234835,,0.00022401406278280662,0.5,0.4992780165162364,0.00019047078967055525,54
dst_yager_fire_specificity_silence_sensitivity_tau_0_5,CWE-662,0.00822357654684221,0.02138364779874214,0.9914634518332734,0.9967446076359059,0.008536548166726507,0.9786163522012579,0.01187736685099788,0.016196601430308592,0.007988418687094738,0.988264140587052,0.5064235498160079,0.5064322542167193,0.006777593528616234,795
dst_yager_fire_specificity_silence_sensitivity_tau_0_5,CWE-665,0.0038697318007662835,0.020935960591133004,0.9968453503853036,0.9994257032040444,0.0031546496146963587,0.9790640394088669,0.016301945181255526,0.0277187319582218,0.007642339140794556,0.996274714233898,0.5088906554882183,0.5089160196296666,0.01491882629988831,141
dst_yager_fire_specificity_silence_sensitivity_tau_0_5,CWE-668,0.05997055768332886,0.2324068088773971,0.9792942277775557,0.9955594063628878,0.020705772222444196,0.7675931911226029,0.09532724439530485,0.14752411559329112,0.10841369128749472,0.9750680082079735,0.6058505183274765,0.6058440083874637,0.01485285551121995,1364
dst_yager_fire_specificity_silence_sensitivity_tau_0_5,CWE-704,0.00036503162916104947,0.2,0.7996051680316757,0.9981737623161959,0.20039483196832425,0.8,0.0036436660248845825,0.009059649556283073,-0.0009448971722682105,0.798510649985083,0.4998025840158379,0.5009014993855887,0.001525171766948631,440
dst_yager_fire_specificity_silence_sensitivity_tau_0_5,CWE-705,0.0010951809332807414,1.0,0.0,,1.0,0.0,0.002187965512251423,0.00545201952195286,,0.0010951809332807414,0.5,0.4999646999185957,0.0012426614627572574,264
dst_yager_fire_specificity_silence_sensitivity_tau_0_5,CWE-706,0.0006679389312977099,0.2,0.7998876170649366,0.9966497422099625,0.20011238293506345,0.8,0.006657156443176415,0.016478342749529192,-0.0006836953837610986,0.7978761017403073,0.4999438085324683,0.5005607639540941,0.0029035820340743306,807
dst_yager_fire_specificity_silence_sensitivity_tau_0_5,CWE-74,0.32658030645148967,0.24844692228922516,0.9979635047902919,0.9970666036604394,0.002036495209708101,0.7515530777107748,0.2811137193460479,0.26035750512900313,0.2818515814266914,0.9950468027010025,0.6232052135397586,0.6232285470901507,0.0625237766890361,938
dst_yager_fire_specificity_silence_sensitivity_tau_0_5,CWE-754,0.0127789046653144,0.011942959001782532,0.9993897555481823,0.9993150882066276,0.0006102444518177423,0.9880570409982175,0.030798389007344235,0.030211756115370574,0.011695281034509893,0.9987056903404726,0.5056663572749824,0.5056681629197712,0.009518117758028624,167
dst_yager_fire_specificity_silence_sensitivity_tau_0_5,CWE-834,0.06000000000000001,0.008571428571428572,0.9998213582653916,0.9985560759015856,0.00017864173460845368,0.9914285714285714,0.024999999999999998,0.017241379310344827,0.022171445482310828,0.9983779698079485,0.50419639341841,0.50419639341841,0.0024494834926427813,351
dst_yager_fire_specificity_silence_sensitivity_tau_0_6,CWE-1164,0.0,0.0,0.9754836374200171,0.9996853101776653,0.024516362579982964,1.0,,,-0.002776638046429008,0.9751841759739772,0.48774181871000855,0.48774181871000855,0.00016668120760511903,74
dst_yager_fire_specificity_silence_sensitivity_tau_0_6,CWE-118,0.2365902896912544,0.38393953708077466,0.9431034301333062,0.9708728842029549,0.05689656986669378,0.6160604629192253,0.2927600262157913,0.3414024254372749,0.26047498090139476,0.9185500230662497,0.6635214836070404,0.6634847527843802,0.13372240746484795,10585
dst_yager_fire_specificity_silence_sensitivity_tau_0_6,CWE-190,0.07053678476967809,0.06756265616718407,0.9947757129919623,0.9945308758050808,0.005224287008037825,0.932437343832816,0.06894765624154184,0.06809414201324601,0.06365641275640822,0.9893676108961482,0.5311691845795731,0.5311606479116858,0.017656532134560275,1406
dst_yager_fire_specificity_silence_sensitivity_tau_0_6,CWE-191,0.0,0.0,0.9995309007918978,0.9993068904121547,0.0004690992081021807,1.0,,,-0.0005683382131360335,0.9988384405588038,0.4997654503959489,0.4997654503959489,0.00039463893764581125,167
dst_yager_fire_specificity_silence_sensitivity_tau_0_6,CWE-20,0.04022456583620791,0.06906399300181683,0.9867477844751467,0.9924586091460949,0.013252215524853473,0.9309360069981831,0.050822962324295194,0.06038526191327757,0.04270232869040732,0.9794155602399164,0.5279058887384818,0.5279176618623797,0.014020722014025083,1926
dst_yager_fire_specificity_silence_sensitivity_tau_0_6,CWE-269,0.0,0.0,0.9998256848946274,0.999514550797436,0.00017431510537251592,1.0,,,-0.0002891687803676932,0.9993404043949324,0.4999128424473137,0.4999128424473137,0.0006326988829934947,117
dst_yager_fire_specificity_silence_sensitivity_tau_0_6,CWE-285,0.029532715585940734,0.03176691729323308,0.9987706147435802,0.9988618935681093,0.0012293852564197497,0.968233082706767,0.03048216063457563,0.031204931569097795,0.029385702919915734,0.9976353938834646,0.5152687660184065,0.515275864017883,0.00277903490885461,283
dst_yager_fire_specificity_silence_sensitivity_tau_0_6,CWE-287,,0.0,1.0,0.998676655712603,0.0,1.0,,,,0.998676655712603,0.5,0.5,0.0014428917328409285,319
dst_yager_fire_specificity_silence_sensitivity_tau_0_6,CWE-311,0.0,0.0,0.9999834025757078,0.9998299119242764,1.6597424292129978e-05,1.0,,,-6.796475206392351e-05,0.9998133201802798,0.4999917012878539,0.4999917012878539,0.00016470037888803078,41
dst_yager_fire_specificity_silence_sensitivity_tau_0_6,CWE-369,0.23333333333333334,0.007272727272727273,0.9999460079420267,0.9988715614810719,5.3992057973305275e-05,0.9927272727272728,0.03425058548009367,0.022374164097225,0.037751329358876304,0.9988177010718233,0.503609367607377,0.5036091788152126,0.005224382813678015,274
dst_yager_fire_specificity_silence_sensitivity_tau_0_6,CWE-400,0.0,0.0,0.9998419814032644,0.9976018380955072,0.0001580185967355784,1.0,,,-0.000614169645075503,0.9974445764743208,0.4999209907016322,0.4999209907016322,0.00220736879293073,578
dst_yager_fire_specificity_silence_sensitivity_tau_0_6,CWE-404,0.0069570477918935265,0.001629334660693546,0.9988033149271065,0.9949120937581748,0.0011966850728936454,0.9983706653393064,0.006600660066006602,0.004810014825673403,0.0008995076166399142,0.9937276002189138,0.5002163247939,0.500215729992374,0.0032238777455461582,1227
dst_yager_fire_specificity_silence_sensitivity_tau_0_6,CWE-476,0.08472085174501592,0.026730959446092977,0.99796550277569,0.9931898765928462,0.0020344972243099913,0.9732690405539071,0.04046845648175186,0.03092289729554522,0.04373345114460187,0.9911846083047152,0.5123482311108914,0.5123522018089719,0.016156433131796374,1683
dst_yager_fire_specificity_silence_sensitivity_tau_0_6,CWE-573,0.0,0.0,0.9985560330324728,0.9997756614134324,0.0014439669675272554,1.0,,,-0.0005685291378416521,0.9983323430912927,0.4992780165162364,0.4992780165162364,0.00019047078967055525,54
dst_yager_fire_specificity_silence_sensitivity_tau_0_6,CWE-662,0.00822357654684221,0.02138364779874214,0.9914634518332734,0.9967446076359059,0.008536548166726507,0.9786163522012579,0.01187736685099788,0.016196601430308592,0.007988418687094738,0.988264140587052,0.5064235498160079,0.5064322542167193,0.006777593528616234,795
dst_yager_fire_specificity_silence_sensitivity_tau_0_6,CWE-665,0.0038697318007662835,0.020935960591133004,0.9968453503853036,0.9994257032040444,0.0031546496146963587,0.9790640394088669,0.016301945181255526,0.0277187319582218,0.007642339140794556,0.996274714233898,0.5088906554882183,0.5089160196296666,0.01491882629988831,141
dst_yager_fire_specificity_silence_sensitivity_tau_0_6,CWE-668,0.05997055768332886,0.2324068088773971,0.9792942277775557,0.9955594063628878,0.020705772222444196,0.7675931911226029,0.09532724439530485,0.14752411559329112,0.10841369128749472,0.9750680082079735,0.6058505183274765,0.6058440083874637,0.01485285551121995,1364
dst_yager_fire_specificity_silence_sensitivity_tau_0_6,CWE-704,0.010526315789473684,0.0022727272727272726,0.9995303659455287,0.9981779840416861,0.00046963405447132044,0.9977272727272727,0.018691588785046728,0.013477088948787063,0.00397087259728427,0.9977100692529458,0.500901546609128,0.5009014993855887,0.001525171766948631,440
dst_yager_fire_specificity_silence_sensitivity_tau_0_6,CWE-705,0.0,0.0,0.9999293998371914,0.9989047419631489,7.060016280862191e-05,1.0,,,-0.00027478274535137095,0.9988342960859494,0.4999646999185957,0.4999646999185957,0.0012426614627572574,264
dst_yager_fire_specificity_silence_sensitivity_tau_0_6,CWE-706,0.06666666666666667,0.0012422360248447203,0.9998792918833436,0.9966559622152266,0.00012070811665646896,0.9987577639751553,0.012195121951219511,0.007727975270479134,0.0084775444510621,0.9965360751886976,0.5005607639540941,0.5005607639540941,0.0029035820340743306,807
dst_yager_fire_specificity_silence_sensitivity_tau_0_6,CWE-74,0.32658030645148967,0.24844692228922516,0.9979635047902919,0.9970666036604394,0.002036495209708101,0.7515530777107748,0.2811137193460479,0.26035750512900313,0.2818515814266914,0.9950468027010025,0.6232052135397586,0.6232285470901507,0.0625237766890361,938
dst_yager_fire_specificity_silence_sensitivity_tau_0_6,CWE-754,0.0127789046653144,0.011942959001782532,0.9993897555481823,0.9993150882066276,0.0006102444518177423,0.9880570409982175,0.030798389007344235,0.030211756115370574,0.011695281034509893,0.9987056903404726,0.5056663572749824,0.5056681629197712,0.009518117758028624,167
dst_yager_fire_specificity_silence_sensitivity_tau_0_6,CWE-834,0.06000000000000001,0.008571428571428572,0.9998213582653916,0.9985560759015856,0.00017864173460845368,0.9914285714285714,0.024999999999999998,0.017241379310344827,0.022171445482310828,0.9983779698079485,0.50419639341841,0.50419639341841,0.0024494834926427813,351
dst_yager_fire_specificity_silence_sensitivity_tau_0_7,CWE-1164,0.0,0.0,0.9754836374200171,0.9996853101776653,0.024516362579982964,1.0,,,-0.002776638046429008,0.9751841759739772,0.48774181871000855,0.48774181871000855,0.00016668120760511903,74
dst_yager_fire_specificity_silence_sensitivity_tau_0_7,CWE-118,0.2365902896912544,0.38393953708077466,0.9431034301333062,0.9708728842029549,0.05689656986669378,0.6160604629192253,0.2927600262157913,0.3414024254372749,0.26047498090139476,0.9185500230662497,0.6635214836070404,0.6634847527843802,0.13372240746484795,10585
dst_yager_fire_specificity_silence_sensitivity_tau_0_7,CWE-190,0.07053678476967809,0.06756265616718407,0.9947757129919623,0.9945308758050808,0.005224287008037825,0.932437343832816,0.06894765624154184,0.06809414201324601,0.06365641275640822,0.9893676108961482,0.5311691845795731,0.5311606479116858,0.017656532134560275,1406
dst_yager_fire_specificity_silence_sensitivity_tau_0_7,CWE-191,0.0,0.0,0.9995309007918978,0.9993068904121547,0.0004690992081021807,1.0,,,-0.0005683382131360335,0.9988384405588038,0.4997654503959489,0.4997654503959489,0.00039463893764581125,167
dst_yager_fire_specificity_silence_sensitivity_tau_0_7,CWE-20,0.04022456583620791,0.06906399300181683,0.9867477844751467,0.9924586091460949,0.013252215524853473,0.9309360069981831,0.050822962324295194,0.06038526191327757,0.04270232869040732,0.9794155602399164,0.5279058887384818,0.5279176618623797,0.014020722014025083,1926
dst_yager_fire_specificity_silence_sensitivity_tau_0_7,CWE-269,0.0,0.0,0.9998256848946274,0.999514550797436,0.00017431510537251592,1.0,,,-0.0002891687803676932,0.9993404043949324,0.4999128424473137,0.4999128424473137,0.0006326988829934947,117
dst_yager_fire_specificity_silence_sensitivity_tau_0_7,CWE-285,0.029532715585940734,0.03176691729323308,0.9987706147435802,0.9988618935681093,0.0012293852564197497,0.968233082706767,0.03048216063457563,0.031204931569097795,0.029385702919915734,0.9976353938834646,0.5152687660184065,0.515275864017883,0.00277903490885461,283
dst_yager_fire_specificity_silence_sensitivity_tau_0_7,CWE-287,,0.0,1.0,0.998676655712603,0.0,1.0,,,,0.998676655712603,0.5,0.5,0.0014428917328409285,319
dst_yager_fire_specificity_silence_sensitivity_tau_0_7,CWE-311,0.0,0.0,0.9999834025757078,0.9998299119242764,1.6597424292129978e-05,1.0,,,-6.796475206392351e-05,0.9998133201802798,0.4999917012878539,0.4999917012878539,0.00016470037888803078,41
dst_yager_fire_specificity_silence_sensitivity_tau_0_7,CWE-369,0.23333333333333334,0.007272727272727273,0.9999460079420267,0.9988715614810719,5.3992057973305275e-05,0.9927272727272728,0.03425058548009367,0.022374164097225,0.037751329358876304,0.9988177010718233,0.503609367607377,0.5036091788152126,0.005224382813678015,274
dst_yager_fire_specificity_silence_sensitivity_tau_0_7,CWE-400,0.0,0.0,0.9998419814032644,0.9976018380955072,0.0001580185967355784,1.0,,,-0.000614169645075503,0.9974445764743208,0.4999209907016322,0.4999209907016322,0.00220736879293073,578
dst_yager_fire_specificity_silence_sensitivity_tau_0_7,CWE-404,0.0069570477918935265,0.001629334660693546,0.9988033149271065,0.9949120937581748,0.0011966850728936454,0.9983706653393064,0.006600660066006602,0.004810014825673403,0.0008995076166399142,0.9937276002189138,0.5002163247939,0.500215729992374,0.0032238777455461582,1227
dst_yager_fire_specificity_silence_sensitivity_tau_0_7,CWE-476,0.08472085174501592,0.026730959446092977,0.99796550277569,0.9931898765928462,0.0020344972243099913,0.9732690405539071,0.04046845648175186,0.03092289729554522,0.04373345114460187,0.9911846083047152,0.5123482311108914,0.5123522018089719,0.016156433131796374,1683
dst_yager_fire_specificity_silence_sensitivity_tau_0_7,CWE-573,0.0,0.0,0.9985560330324728,0.9997756614134324,0.0014439669675272554,1.0,,,-0.0005685291378416521,0.9983323430912927,0.4992780165162364,0.4992780165162364,0.00019047078967055525,54
dst_yager_fire_specificity_silence_sensitivity_tau_0_7,CWE-662,0.00822357654684221,0.02138364779874214,0.9914634518332734,0.9967446076359059,0.008536548166726507,0.9786163522012579,0.01187736685099788,0.016196601430308592,0.007988418687094738,0.988264140587052,0.5064235498160079,0.5064322542167193,0.006777593528616234,795
dst_yager_fire_specificity_silence_sensitivity_tau_0_7,CWE-665,0.0038697318007662835,0.020935960591133004,0.9968453503853036,0.9994257032040444,0.0031546496146963587,0.9790640394088669,0.016301945181255526,0.0277187319582218,0.007642339140794556,0.996274714233898,0.5088906554882183,0.5089160196296666,0.01491882629988831,141
dst_yager_fire_specificity_silence_sensitivity_tau_0_7,CWE-668,0.05997055768332886,0.2324068088773971,0.9792942277775557,0.9955594063628878,0.020705772222444196,0.7675931911226029,0.09532724439530485,0.14752411559329112,0.10841369128749472,0.9750680082079735,0.6058505183274765,0.6058440083874637,0.01485285551121995,1364
dst_yager_fire_specificity_silence_sensitivity_tau_0_7,CWE-704,0.010526315789473684,0.0022727272727272726,0.9995303659455287,0.9981779840416861,0.00046963405447132044,0.9977272727272727,0.018691588785046728,0.013477088948787063,0.00397087259728427,0.9977100692529458,0.500901546609128,0.5009014993855887,0.001525171766948631,440
dst_yager_fire_specificity_silence_sensitivity_tau_0_7,CWE-705,0.0,0.0,0.9999293998371914,0.9989047419631489,7.060016280862191e-05,1.0,,,-0.00027478274535137095,0.9988342960859494,0.4999646999185957,0.4999646999185957,0.0012426614627572574,264
dst_yager_fire_specificity_silence_sensitivity_tau_0_7,CWE-706,0.06666666666666667,0.0012422360248447203,0.9998792918833436,0.9966559622152266,0.00012070811665646896,0.9987577639751553,0.012195121951219511,0.007727975270479134,0.0084775444510621,0.9965360751886976,0.5005607639540941,0.5005607639540941,0.0029035820340743306,807
dst_yager_fire_specificity_silence_sensitivity_tau_0_7,CWE-74,0.32658030645148967,0.24844692228922516,0.9979635047902919,0.9970666036604394,0.002036495209708101,0.7515530777107748,0.2811137193460479,0.26035750512900313,0.2818515814266914,0.9950468027010025,0.6232052135397586,0.6232285470901507,0.0625237766890361,938
dst_yager_fire_specificity_silence_sensitivity_tau_0_7,CWE-754,0.0127789046653144,0.011942959001782532,0.9993897555481823,0.9993150882066276,0.0006102444518177423,0.9880570409982175,0.030798389007344235,0.030211756115370574,0.011695281034509893,0.9987056903404726,0.5056663572749824,0.5056681629197712,0.009518117758028624,167
dst_yager_fire_specificity_silence_sensitivity_tau_0_7,CWE-834,0.06000000000000001,0.008571428571428572,0.9998213582653916,0.9985560759015856,0.00017864173460845368,0.9914285714285714,0.024999999999999998,0.017241379310344827,0.022171445482310828,0.9983779698079485,0.50419639341841,0.50419639341841,0.0024494834926427813,351
dst_yager_fire_specificity_silence_sensitivity_tau_0_8,CWE-1164,0.0,0.0,0.9754836374200171,0.9996853101776653,0.024516362579982964,1.0,,,-0.002776638046429008,0.9751841759739772,0.48774181871000855,0.48774181871000855,0.00016668120760511903,74
dst_yager_fire_specificity_silence_sensitivity_tau_0_8,CWE-118,0.23662727193977512,0.3835616438356165,0.9431728474616069,0.9708577062427514,0.0568271525383932,0.6164383561643836,0.2926754215005332,0.34117570629362765,0.2603646050077549,0.9185998001065897,0.6633672456486116,0.6634847527843802,0.13372240746484795,10585
dst_yager_fire_specificity_silence_sensitivity_tau_0_8,CWE-190,0.07053678476967809,0.06756265616718407,0.9947757129919623,0.9945308758050808,0.005224287008037825,0.932437343832816,0.06894765624154184,0.06809414201324601,0.06365641275640822,0.9893676108961482,0.5311691845795731,0.5311606479116858,0.017656532134560275,1406
dst_yager_fire_specificity_silence_sensitivity_tau_0_8,CWE-191,0.0,0.0,0.9995309007918978,0.9993068904121547,0.0004690992081021807,1.0,,,-0.0005683382131360335,0.9988384405588038,0.4997654503959489,0.4997654503959489,0.00039463893764581125,167
dst_yager_fire_specificity_silence_sensitivity_tau_0_8,CWE-20,0.04022456583620791,0.06906399300181683,0.9867477844751467,0.9924586091460949,0.013252215524853473,0.9309360069981831,0.050822962324295194,0.06038526191327757,0.04270232869040732,0.9794155602399164,0.5279058887384818,0.5279176618623797,0.014020722014025083,1926
dst_yager_fire_specificity_silence_sensitivity_tau_0_8,CWE-269,0.0,0.0,0.9998256848946274,0.999514550797436,0.00017431510537251592,1.0,,,-0.0002891687803676932,0.9993404043949324,0.4999128424473137,0.4999128424473137,0.0006326988829934947,117
dst_yager_fire_specificity_silence_sensitivity_tau_0_8,CWE-285,0.029532715585940734,0.03176691729323308,0.9987706147435802,0.9988618935681093,0.0012293852564197497,0.968233082706767,0.03048216063457563,0.031204931569097795,0.029385702919915734,0.9976353938834646,0.5152687660184065,0.515275864017883,0.00277903490885461,283
dst_yager_fire_specificity_silence_sensitivity_tau_0_8,CWE-287,,0.0,1.0,0.998676655712603,0.0,1.0,,,,0.998676655712603,0.5,0.5,0.0014428917328409285,319
dst_yager_fire_specificity_silence_sensitivity_tau_0_8,CWE-311,0.0,0.0,0.9999834025757078,0.9998299119242764,1.6597424292129978e-05,1.0,,,-6.796475206392351e-05,0.9998133201802798,0.4999917012878539,0.4999917012878539,0.00016470037888803078,41
dst_yager_fire_specificity_silence_sensitivity_tau_0_8,CWE-369,0.23333333333333334,0.007272727272727273,0.9999460079420267,0.9988715614810719,5.3992057973305275e-05,0.9927272727272728,0.03425058548009367,0.022374164097225,0.037751329358876304,0.9988177010718233,0.503609367607377,0.5036091788152126,0.005224382813678015,274
dst_yager_fire_specificity_silence_sensitivity_tau_0_8,CWE-400,0.0,0.0,0.9998419814032644,0.9976018380955072,0.0001580185967355784,1.0,,,-0.000614169645075503,0.9974445764743208,0.4999209907016322,0.4999209907016322,0.00220736879293073,578
dst_yager_fire_specificity_silence_sensitivity_tau_0_8,CWE-404,0.0069570477918935265,0.001629334660693546,0.9988033149271065,0.9949120937581748,0.0011966850728936454,0.9983706653393064,0.006600660066006602,0.004810014825673403,0.0008995076166399142,0.9937276002189138,0.5002163247939,0.500215729992374,0.0032238777455461582,1227
dst_yager_fire_specificity_silence_sensitivity_tau_0_8,CWE-476,0.08472085174501592,0.026730959446092977,0.99796550277569,0.9931898765928462,0.0020344972243099913,0.9732690405539071,0.04046845648175186,0.03092289729554522,0.04373345114460187,0.9911846083047152,0.5123482311108914,0.5123522018089719,0.016156433131796374,1683
dst_yager_fire_specificity_silence_sensitivity_tau_0_8,CWE-573,0.0,0.0,0.9985560330324728,0.9997756614134324,0.0014439669675272554,1.0,,,-0.0005685291378416521,0.9983323430912927,0.4992780165162364,0.4992780165162364,0.00019047078967055525,54
dst_yager_fire_specificity_silence_sensitivity_tau_0_8,CWE-662,0.00822357654684221,0.02138364779874214,0.9914634518332734,0.9967446076359059,0.008536548166726507,0.9786163522012579,0.01187736685099788,0.016196601430308592,0.007988418687094738,0.988264140587052,0.5064235498160079,0.5064322542167193,0.006777593528616234,795
dst_yager_fire_specificity_silence_sensitivity_tau_0_8,CWE-665,0.0038697318007662835,0.020935960591133004,0.9968453503853036,0.9994257032040444,0.0031546496146963587,0.9790640394088669,0.016301945181255526,0.0277187319582218,0.007642339140794556,0.996274714233898,0.5088906554882183,0.5089160196296666,0.01491882629988831,141
dst_yager_fire_specificity_silence_sensitivity_tau_0_8,CWE-668,0.05997055768332886,0.2324068088773971,0.9792942277775557,0.9955594063628878,0.020705772222444196,0.7675931911226029,0.09532724439530485,0.14752411559329112,0.10841369128749472,0.9750680082079735,0.6058505183274765,0.6058440083874637,0.01485285551121995,1364
dst_yager_fire_specificity_silence_sensitivity_tau_0_8,CWE-704,0.010526315789473684,0.0022727272727272726,0.9995303659455287,0.9981779840416861,0.00046963405447132044,0.9977272727272727,0.018691588785046728,0.013477088948787063,0.00397087259728427,0.9977100692529458,0.500901546609128,0.5009014993855887,0.001525171766948631,440
dst_yager_fire_specificity_silence_sensitivity_tau_0_8,CWE-705,0.0,0.0,0.9999293998371914,0.9989047419631489,7.060016280862191e-05,1.0,,,-0.00027478274535137095,0.9988342960859494,0.4999646999185957,0.4999646999185957,0.0012426614627572574,264
dst_yager_fire_specificity_silence_sensitivity_tau_0_8,CWE-706,0.06666666666666667,0.0012422360248447203,0.9998792918833436,0.9966559622152266,0.00012070811665646896,0.9987577639751553,0.012195121951219511,0.007727975270479134,0.0084775444510621,0.9965360751886976,0.5005607639540941,0.5005607639540941,0.0029035820340743306,807
dst_yager_fire_specificity_silence_sensitivity_tau_0_8,CWE-74,0.32658030645148967,0.24844692228922516,0.9979635047902919,0.9970666036604394,0.002036495209708101,0.7515530777107748,0.2811137193460479,0.26035750512900313,0.2818515814266914,0.9950468027010025,0.6232052135397586,0.6232285470901507,0.0625237766890361,938
dst_yager_fire_specificity_silence_sensitivity_tau_0_8,CWE-754,0.0127789046653144,0.011942959001782532,0.9993897555481823,0.9993150882066276,0.0006102444518177423,0.9880570409982175,0.030798389007344235,0.030211756115370574,0.011695281034509893,0.9987056903404726,0.5056663572749824,0.5056681629197712,0.009518117758028624,167
dst_yager_fire_specificity_silence_sensitivity_tau_0_8,CWE-834,0.06000000000000001,0.008571428571428572,0.9998213582653916,0.9985560759015856,0.00017864173460845368,0.9914285714285714,0.024999999999999998,0.017241379310344827,0.022171445482310828,0.9983779698079485,0.50419639341841,0.50419639341841,0.0024494834926427813,351
dst_yager_fire_specificity_silence_sensitivity_tau_0_9,CWE-1164,0.0,0.0,0.9754836374200171,0.9996853101776653,0.024516362579982964,1.0,,,-0.002776638046429008,0.9751841759739772,0.48774181871000855,0.48774181871000855,0.00016668120760511903,74
dst_yager_fire_specificity_silence_sensitivity_tau_0_9,CWE-118,0.23313523339424425,0.37316957959376473,0.9436241073493153,0.970394582729012,0.0563758926506846,0.6268304204062353,0.28697080767806205,0.33313781454497693,0.2539190811839812,0.918574917007243,0.6583968434715401,0.6634847527843802,0.13372240746484795,10585
dst_yager_fire_specificity_silence_sensitivity_tau_0_9,CWE-190,0.07053678476967809,0.06756265616718407,0.9947757129919623,0.9945308758050808,0.005224287008037825,0.932437343832816,0.06894765624154184,0.06809414201324601,0.06365641275640822,0.9893676108961482,0.5311691845795731,0.5311606479116858,0.017656532134560275,1406
dst_yager_fire_specificity_silence_sensitivity_tau_0_9,CWE-191,0.0,0.0,0.9995309007918978,0.9993068904121547,0.0004690992081021807,1.0,,,-0.0005683382131360335,0.9988384405588038,0.4997654503959489,0.4997654503959489,0.00039463893764581125,167
dst_yager_fire_specificity_silence_sensitivity_tau_0_9,CWE-20,0.04022456583620791,0.06906399300181683,0.9867477844751467,0.9924586091460949,0.013252215524853473,0.9309360069981831,0.050822962324295194,0.06038526191327757,0.04270232869040732,0.9794155602399164,0.5279058887384818,0.5279176618623797,0.014020722014025083,1926
dst_yager_fire_specificity_silence_sensitivity_tau_0_9,CWE-269,0.0,0.0,0.9998256848946274,0.999514550797436,0.00017431510537251592,1.0,,,-0.0002891687803676932,0.9993404043949324,0.4999128424473137,0.4999128424473137,0.0006326988829934947,117
dst_yager_fire_specificity_silence_sensitivity_tau_0_9,CWE-285,0.029532715585940734,0.03176691729323308,0.9987706147435802,0.9988618935681093,0.0012293852564197497,0.968233082706767,0.03048216063457563,0.031204931569097795,0.029385702919915734,0.9976353938834646,0.5152687660184065,0.515275864017883,0.00277903490885461,283
dst_yager_fire_specificity_silence_sensitivity_tau_0_9,CWE-287,,0.0,1.0,0.998676655712603,0.0,1.0,,,,0.998676655712603,0.5,0.5,0.0014428917328409285,319
dst_yager_fire_specificity_silence_sensitivity_tau_0_9,CWE-311,0.0,0.0,0.9999834025757078,0.9998299119242764,1.6597424292129978e-05,1.0,,,-6.796475206392351e-05,0.9998133201802798,0.4999917012878539,0.4999917012878539,0.00016470037888803078,41
dst_yager_fire_specificity_silence_sensitivity_tau_0_9,CWE-369,0.23333333333333334,0.007272727272727273,0.9999460079420267,0.9988715614810719,5.3992057973305275e-05,0.9927272727272728,0.03425058548009367,0.022374164097225,0.037751329358876304,0.9988177010718233,0.503609367607377,0.5036091788152126,0.005224382813678015,274
dst_yager_fire_specificity_silence_sensitivity_tau_0_9,CWE-400,0.0,0.0,0.9998419814032644,0.9976018380955072,0.0001580185967355784,1.0,,,-0.000614169645075503,0.9974445764743208,0.4999209907016322,0.4999209907016322,0.00220736879293073,578
dst_yager_fire_specificity_silence_sensitivity_tau_0_9,CWE-404,0.0069570477918935265,0.001629334660693546,0.9988033149271065,0.9949120937581748,0.0011966850728936454,0.9983706653393064,0.006600660066006602,0.004810014825673403,0.0008995076166399142,0.9937276002189138,0.5002163247939,0.500215729992374,0.0032238777455461582,1227
dst_yager_fire_specificity_silence_sensitivity_tau_0_9,CWE-476,0.08472085174501592,0.026730959446092977,0.99796550277569,0.9931898765928462,0.0020344972243099913,0.9732690405539071,0.04046845648175186,0.03092289729554522,0.04373345114460187,0.9911846083047152,0.5123482311108914,0.5123522018089719,0.016156433131796374,1683
dst_yager_fire_specificity_silence_sensitivity_tau_0_9,CWE-573,0.0,0.0,0.9985560330324728,0.9997756614134324,0.0014439669675272554,1.0,,,-0.0005685291378416521,0.9983323430912927,0.4992780165162364,0.4992780165162364,0.00019047078967055525,54
dst_yager_fire_specificity_silence_sensitivity_tau_0_9,CWE-662,0.00822357654684221,0.02138364779874214,0.9914634518332734,0.9967446076359059,0.008536548166726507,0.9786163522012579,0.01187736685099788,0.016196601430308592,0.007988418687094738,0.988264140587052,0.5064235498160079,0.5064322542167193,0.006777593528616234,795
dst_yager_fire_specificity_silence_sensitivity_tau_0_9,CWE-665,0.0038697318007662835,0.020935960591133004,0.9968453503853036,0.9994257032040444,0.0031546496146963587,0.9790640394088669,0.016301945181255526,0.0277187319582218,0.007642339140794556,0.996274714233898,0.5088906554882183,0.5089160196296666,0.01491882629988831,141
dst_yager_fire_specificity_silence_sensitivity_tau_0_9,CWE-668,0.05998176411414755,0.2324068088773971,0.9792984000942347,0.9955594249233182,0.02070159990576536,0.7675931911226029,0.09534159649954825,0.1475381428648193,0.10842587883587021,0.9750721568969878,0.6058526044858159,0.6058440083874637,0.01485285551121995,1364
dst_yager_fire_specificity_silence_sensitivity_tau_0_9,CWE-704,0.010526315789473684,0.0022727272727272726,0.9995303659455287,0.9981779840416861,0.00046963405447132044,0.9977272727272727,0.018691588785046728,0.013477088948787063,0.00397087259728427,0.9977100692529458,0.500901546609128,0.5009014993855887,0.001525171766948631,440
dst_yager_fire_specificity_silence_sensitivity_tau_0_9,CWE-705,0.0,0.0,0.9999293998371914,0.9989047419631489,7.060016280862191e-05,1.0,,,-0.00027478274535137095,0.9988342960859494,0.4999646999185957,0.4999646999185957,0.0012426614627572574,264
dst_yager_fire_specificity_silence_sensitivity_tau_0_9,CWE-706,0.06666666666666667,0.0012422360248447203,0.9998792918833436,0.9966559622152266,0.00012070811665646896,0.9987577639751553,0.012195121951219511,0.007727975270479134,0.0084775444510621,0.9965360751886976,0.5005607639540941,0.5005607639540941,0.0029035820340743306,807
dst_yager_fire_specificity_silence_sensitivity_tau_0_9,CWE-74,0.3554445390523832,0.24844692228922516,0.9982050476500938,0.9970673189455267,0.0017949523499063021,0.7515530777107748,0.29109130342765976,0.2636812382291152,0.29416595837792087,0.9952874049805118,0.6233259849696594,0.6232285470901507,0.0625237766890361,938
dst_yager_fire_specificity_silence_sensitivity_tau_0_9,CWE-754,0.0127789046653144,0.011942959001782532,0.9993897555481823,0.9993150882066276,0.0006102444518177423,0.9880570409982175,0.030798389007344235,0.030211756115370574,0.011695281034509893,0.9987056903404726,0.5056663572749824,0.5056681629197712,0.009518117758028624,167
dst_yager_fire_specificity_silence_sensitivity_tau_0_9,CWE-834,0.06000000000000001,0.008571428571428572,0.9998213582653916,0.9985560759015856,0.00017864173460845368,0.9914285714285714,0.024999999999999998,0.017241379310344827,0.022171445482310828,0.9983779698079485,0.50419639341841,0.50419639341841,0.0024494834926427813,351
naive_bayes_tau_0_1,CWE-1164,,0.0,1.0,0.9996930176638366,0.0,1.0,,,,0.9996930176638366,0.5,0.5120029768316374,0.00017092693011325734,74
naive_bayes_tau_0_1,CWE-118,0.2365902896912544,0.38393953708077466,0.9431034301333062,0.9708728842029549,0.05689656986669378,0.6160604629192253,0.2927600262157913,0.3414024254372749,0.26047498090139476,0.9185500230662497,0.6635214836070404,0.6638667889205221,0.1384965000441636,10585
naive_bayes_tau_0_1,CWE-190,0.21443693693693694,0.01778602256379193,0.9995827173182363,0.9942680740999561,0.00041728268176370007,0.982213977436208,0.0324560233219486,0.021706761301792193,0.05901118245690691,0.9938561922833353,0.5086843699410141,0.5312162452981966,0.021241009218517536,1406
naive_bayes_tau_0_1,CWE-191,,0.0,1.0,0.9993072150549308,0.0,1.0,,,,0.9993072150549308,0.5,0.5,0.0003948013545587435,167
naive_bayes_tau_0_1,CWE-20,0.055784332626437894,0.007270035663818048,0.9989712741729898,0.9920596677964568,0.0010287258270102306,0.992729964336182,0.012853891221171948,0.00879880616761806,0.017264761677274126,0.9910477283271607,0.5031206549184039,0.5279201063388577,0.014038456915044937,1926
naive_bayes_tau_0_1,CWE-269,,0.0,1.0,0.9995146351360884,0.0,1.0,,,,0.9995146351360884,0.5,0.5,0.000632828939766695,117
naive_bayes_tau_0_1,CWE-285,,0.0,1.0,0.9988259981916829,0.0,1.0,,,,0.9988259981916829,0.5,0.5155221202743949,0.002779575742748009,283
naive_bayes_tau_0_1,CWE-287,,0.0,1.0,0.998676655712603,0.0,1.0,,,,0.998676655712603,0.5,0.5,0.0014428917328409285,319
naive_bayes_tau_0_1,CWE-311,,0.0,1.0,0.9998299147642242,0.0,1.0,,,,0.9998299147642242,0.5,0.5,0.00016470132092492285,41
naive_bayes_tau_0_1,CWE-369,,0.0,1.0,0.9988633343277096,0.0,1.0,,,,0.9988633343277096,0.5,0.49997300397101335,0.000967111269102902,274
naive_bayes_tau_0_1,CWE-400,,0.0,1.0,0.9976022161593168,0.0,1.0,,,,0.9976022161593168,0.5,0.5,0.002207682486519804,578
naive_bayes_tau_0_1,CWE-404,,0.0,1.0,0.9949098971680701,0.0,1.0,,,,0.9949098971680701,0.5,0.49953091234207586,0.0031826472730183608,1227
naive_bayes_tau_0_1,CWE-476,,0.0,1.0,0.9930182196573243,0.0,1.0,,,,0.9930182196573243,0.5,0.5123561557227497,0.017538121905631438,1683
naive_bayes_tau_0_1,CWE-573,,0.0,1.0,0.9997759859372172,0.0,1.0,,,,0.9997759859372172,0.5,0.5007053866619728,0.0001910629958385853,54
naive_bayes_tau_0_1,CWE-662,,0.0,1.0,0.9967020111331151,0.0,1.0,,,,0.9967020111331151,0.5,0.5064320709852441,0.006775776405302661,795
naive_bayes_tau_0_1,CWE-665,0.0,0.0,0.9999875473890263,0.9994150662550458,1.245261097370018e-05,1.0,,,-0.0001325284248300909,0.9994026281046846,0.49999377369451314,0.5098096335592112,0.014920179835021441,141
naive_bayes_tau_0_1,CWE-668,,0.0,1.0,0.9943415640307777,0.0,1.0,,,,0.9943415640307777,0.5,0.6058526044858159,0.01466047256369975,1364
naive_bayes_tau_0_1,CWE-704,,0.0,1.0,0.9981746979856234,0.0,1.0,,,,0.9981746979856234,0.5,0.49983167669544104,0.0011457031324927079,440
naive_bayes_tau_0_1,CWE-705,,0.0,1.0,0.9989048190667192,0.0,1.0,,,,0.9989048190667192,0.5,0.5,0.0012428230768391016,264
naive_bayes_tau_0_1,CWE-706,,0.0,1.0,0.9966522302207153,0.0,1.0,,,,0.9966522302207153,0.5,0.49995005215878985,0.0022820377679314873,807
naive_bayes_tau_0_1,CWE-74,0.3554445390523832,0.24844692228922516,0.9982050476500938,0.9970673189455267,0.0017949523499063021,0.7515530777107748,0.29109130342765976,0.2636812382291152,0.29416595837792087,0.9952874049805118,0.6233259849696594,0.6233259849696594,0.0633093823711944,938
naive_bayes_tau_0_1,CWE-754,,0.0,1.0,0.9993072143665802,0.0,1.0,,,,0.9993072143665802,0.5,0.5058324097216106,0.0095182968376222,167
naive_bayes_tau_0_1,CWE-834,,0.0,1.0,0.9985439065268225,0.0,1.0,,,,0.9985439065268225,0.5,0.50419639341841,0.0024494834926427813,351
naive_bayes_tau_0_2,CWE-1164,,0.0,1.0,0.9996930176638366,0.0,1.0,,,,0.9996930176638366,0.5,0.5120029768316374,0.00017092693011325734,74
naive_bayes_tau_0_2,CWE-118,0.23653341296964014,0.3813887576759566,0.9434635655638195,0.9707666479815142,0.05653643443618052,0.6186112423240434,0.2919718632478591,0.33976214189253817,0.25949898951462874,0.9187823389813398,0.662426161619888,0.6638667889205221,0.1384965000441636,10585
naive_bayes_tau_0_2,CWE-190,0.6055555555555555,0.007826657580575958,0.9999582713487685,0.9942124605142274,4.17286512314505e-05,0.992173342419424,0.01537646615952096,0.00973928152628693,0.06579556347091309,0.994171478536858,0.5038924644646723,0.5312162452981966,0.021241009218517536,1406
naive_bayes_tau_0_2,CWE-191,,0.0,1.0,0.9993072150549308,0.0,1.0,,,,0.9993072150549308,0.5,0.5,0.0003948013545587435,167
naive_bayes_tau_0_2,CWE-20,0.04473041578304736,0.00467263306641545,0.9991594642031002,0.9920405615153245,0.0008405357968998258,0.9953273669335845,0.010320237589683322,0.00706769009945968,0.013253450700521368,0.991213672445479,0.5019160486347578,0.5279201063388577,0.014038456915044937,1926
naive_bayes_tau_0_2,CWE-269,,0.0,1.0,0.9995146351360884,0.0,1.0,,,,0.9995146351360884,0.5,0.5,0.000632828939766695,117
naive_bayes_tau_0_2,CWE-285,,0.0,1.0,0.9988259981916829,0.0,1.0,,,,0.9988259981916829,0.5,0.5155221202743949,0.002779575742748009,283
naive_bayes_tau_0_2,CWE-287,,0.0,1.0,0.998676655712603,0.0,1.0,,,,0.998676655712603,0.5,0.5,0.0014428917328409285,319
naive_bayes_tau_0_2,CWE-311,,0.0,1.0,0.9998299147642242,0.0,1.0,,,,0.9998299147642242,0.5,0.5,0.00016470132092492285,41
naive_bayes_tau_0_2,CWE-369,,0.0,1.0,0.9988633343277096,0.0,1.0,,,,0.9988633343277096,0.5,0.49997300397101335,0.000967111269102902,274
naive_bayes_tau_0_2,CWE-400,,0.0,1.0,0.9976022161593168,0.0,1.0,,,,0.9976022161593168,0.5,0.5,0.002207682486519804,578
naive_bayes_tau_0_2,CWE-404,,0.0,1.0,0.9949098971680701,0.0,1.0,,,,0.9949098971680701,0.5,0.49953091234207586,0.0031826472730183608,1227
naive_bayes_tau_0_2,CWE-476,,0.0,1.0,0.9930182196573243,0.0,1.0,,,,0.9930182196573243,0.5,0.5123561557227497,0.017538121905631438,1683
naive_bayes_tau_0_2,CWE-573,,0.0,1.0,0.9997759859372172,0.0,1.0,,,,0.9997759859372172,0.5,0.5007053866619728,0.0001910629958385853,54
naive_bayes_tau_0_2,CWE-662,,0.0,1.0,0.9967020111331151,0.0,1.0,,,,0.9967020111331151,0.5,0.5064320709852441,0.006775776405302661,795
naive_bayes_tau_0_2,CWE-665,0.0,0.0,0.9999875473890263,0.9994150662550458,1.245261097370018e-05,1.0,,,-0.0001325284248300909,0.9994026281046846,0.49999377369451314,0.5098096335592112,0.014920179835021441,141
naive_bayes_tau_0_2,CWE-668,,0.0,1.0,0.9943415640307777,0.0,1.0,,,,0.9943415640307777,0.5,0.6058526044858159,0.01466047256369975,1364
naive_bayes_tau_0_2,CWE-704,,0.0,1.0,0.9981746979856234,0.0,1.0,,,,0.9981746979856234,0.5,0.49983167669544104,0.0011457031324927079,440
naive_bayes_tau_0_2,CWE-705,,0.0,1.0,0.9989048190667192,0.0,1.0,,,,0.9989048190667192,0.5,0.5,0.0012428230768391016,264
naive_bayes_tau_0_2,CWE-706,,0.0,1.0,0.9966522302207153,0.0,1.0,,,,0.9966522302207153,0.5,0.49995005215878985,0.0022820377679314873,807
naive_bayes_tau_0_2,CWE-74,0.3554445390523832,0.24844692228922516,0.9982050476500938,0.9970673189455267,0.0017949523499063021,0.7515530777107748,0.29109130342765976,0.2636812382291152,0.29416595837792087,0.9952874049805118,0.6233259849696594,0.6233259849696594,0.0633093823711944,938
naive_bayes_tau_0_2,CWE-754,,0.0,1.0,0.9993072143665802,0.0,1.0,,,,0.9993072143665802,0.5,0.5058324097216106,0.0095182968376222,167
naive_bayes_tau_0_2,CWE-834,,0.0,1.0,0.9985439065268225,0.0,1.0,,,,0.9985439065268225,0.5,0.50419639341841,0.0024494834926427813,351
naive_bayes_tau_0_3,CWE-1164,,0.0,1.0,0.9996930176638366,0.0,1.0,,,,0.9996930176638366,0.5,0.5120029768316374,0.00017092693011325734,74
naive_bayes_tau_0_3,CWE-118,0.2903724941604998,0.027208313651393486,0.9969497269730496,0.957107462602818,0.003050273026950324,0.9727916863486066,0.049752741790761716,0.033231576324553244,0.07731717395505049,0.9543674587615045,0.5120790203122215,0.6638667889205221,0.1384965000441636,10585
naive_bayes_tau_0_3,CWE-190,0.96,0.007826657580575958,0.999995826986876,0.9942126765402245,4.173013124126275e-06,0.992173342419424,0.015478480108906076,0.009755720124921438,0.08245132351566534,0.9942088151031163,0.503911242283726,0.5312162452981966,0.021241009218517536,1406
naive_bayes_tau_0_3,CWE-191,,0.0,1.0,0.9993072150549308,0.0,1.0,,,,0.9993072150549308,0.5,0.5,0.0003948013545587435,167
naive_bayes_tau_0_3,CWE-20,,0.0,1.0,0.992010154998088,0.0,1.0,,,,0.992010154998088,0.5,0.5279201063388577,0.014038456915044937,1926
naive_bayes_tau_0_3,CWE-269,,0.0,1.0,0.9995146351360884,0.0,1.0,,,,0.9995146351360884,0.5,0.5,0.000632828939766695,117
naive_bayes_tau_0_3,CWE-285,,0.0,1.0,0.9988259981916829,0.0,1.0,,,,0.9988259981916829,0.5,0.5155221202743949,0.002779575742748009,283
naive_bayes_tau_0_3,CWE-287,,0.0,1.0,0.998676655712603,0.0,1.0,,,,0.998676655712603,0.5,0.5,0.0014428917328409285,319
naive_bayes_tau_0_3,CWE-311,,0.0,1.0,0.9998299147642242,0.0,1.0,,,,0.9998299147642242,0.5,0.5,0.00016470132092492285,41
naive_bayes_tau_0_3,CWE-369,,0.0,1.0,0.9988633343277096,0.0,1.0,,,,0.9988633343277096,0.5,0.49997300397101335,0.000967111269102902,274
naive_bayes_tau_0_3,CWE-400,,0.0,1.0,0.9976022161593168,0.0,1.0,,,,0.9976022161593168,0.5,0.5,0.002207682486519804,578
naive_bayes_tau_0_3,CWE-404,,0.0,1.0,0.9949098971680701,0.0,1.0,,,,0.9949098971680701,0.5,0.49953091234207586,0.0031826472730183608,1227
naive_bayes_tau_0_3,CWE-476,,0.0,1.0,0.9930182196573243,0.0,1.0,,,,0.9930182196573243,0.5,0.5123561557227497,0.017538121905631438,1683
naive_bayes_tau_0_3,CWE-573,,0.0,1.0,0.9997759859372172,0.0,1.0,,,,0.9997759859372172,0.5,0.5007053866619728,0.0001910629958385853,54
naive_bayes_tau_0_3,CWE-662,,0.0,1.0,0.9967020111331151,0.0,1.0,,,,0.9967020111331151,0.5,0.5064320709852441,0.006775776405302661,795
naive_bayes_tau_0_3,CWE-665,,0.0,1.0,0.9994150734833767,0.0,1.0,,,,0.9994150734833767,0.5,0.5098096335592112,0.014920179835021441,141
naive_bayes_tau_0_3,CWE-668,,0.0,1.0,0.9943415640307777,0.0,1.0,,,,0.9943415640307777,0.5,0.6058526044858159,0.01466047256369975,1364
naive_bayes_tau_0_3,CWE-704,,0.0,1.0,0.9981746979856234,0.0,1.0,,,,0.9981746979856234,0.5,0.49983167669544104,0.0011457031324927079,440
naive_bayes_tau_0_3,CWE-705,,0.0,1.0,0.9989048190667192,0.0,1.0,,,,0.9989048190667192,0.5,0.5,0.0012428230768391016,264
naive_bayes_tau_0_3,CWE-706,,0.0,1.0,0.9966522302207153,0.0,1.0,,,,0.9966522302207153,0.5,0.49995005215878985,0.0022820377679314873,807
naive_bayes_tau_0_3,CWE-74,0.3554445390523832,0.24844692228922516,0.9982050476500938,0.9970673189455267,0.0017949523499063021,0.7515530777107748,0.29109130342765976,0.2636812382291152,0.29416595837792087,0.9952874049805118,0.6233259849696594,0.6233259849696594,0.0633093823711944,938
naive_bayes_tau_0_3,CWE-754,,0.0,1.0,0.9993072143665802,0.0,1.0,,,,0.9993072143665802,0.5,0.5058324097216106,0.0095182968376222,167
naive_bayes_tau_0_3,CWE-834,,0.0,1.0,0.9985439065268225,0.0,1.0,,,,0.9985439065268225,0.5,0.50419639341841,0.0024494834926427813,351
naive_bayes_tau_0_4,CWE-1164,,0.0,1.0,0.9996930176638366,0.0,1.0,,,,0.9996930176638366,0.5,0.5120029768316374,0.00017092693011325734,74
naive_bayes_tau_0_4,CWE-118,0.2903724941604998,0.027208313651393486,0.9969497269730496,0.957107462602818,0.003050273026950324,0.9727916863486066,0.049752741790761716,0.033231576324553244,0.07731717395505049,0.9543674587615045,0.5120790203122215,0.6638667889205221,0.1384965000441636,10585
naive_bayes_tau_0_4,CWE-190,0.96,0.0071149138083339645,0.999995826986876,0.9942085522011428,4.173013124126275e-06,0.9928850861916662,0.014079983119904932,0.008869984720249104,0.07866998180575582,0.9942046670164213,0.5035553703976049,0.5312162452981966,0.021241009218517536,1406
naive_bayes_tau_0_4,CWE-191,,0.0,1.0,0.9993072150549308,0.0,1.0,,,,0.9993072150549308,0.5,0.5,0.0003948013545587435,167
naive_bayes_tau_0_4,CWE-20,,0.0,1.0,0.992010154998088,0.0,1.0,,,,0.992010154998088,0.5,0.5279201063388577,0.014038456915044937,1926
naive_bayes_tau_0_4,CWE-269,,0.0,1.0,0.9995146351360884,0.0,1.0,,,,0.9995146351360884,0.5,0.5,0.000632828939766695,117
naive_bayes_tau_0_4,CWE-285,,0.0,1.0,0.9988259981916829,0.0,1.0,,,,0.9988259981916829,0.5,0.5155221202743949,0.002779575742748009,283
naive_bayes_tau_0_4,CWE-287,,0.0,1.0,0.998676655712603,0.0,1.0,,,,0.998676655712603,0.5,0.5,0.0014428917328409285,319
naive_bayes_tau_0_4,CWE-311,,0.0,1.0,0.9998299147642242,0.0,1.0,,,,0.9998299147642242,0.5,0.5,0.00016470132092492285,41
naive_bayes_tau_0_4,CWE-369,,0.0,1.0,0.9988633343277096,0.0,1.0,,,,0.9988633343277096,0.5,0.49997300397101335,0.000967111269102902,274
naive_bayes_tau_0_4,CWE-400,,0.0,1.0,0.9976022161593168,0.0,1.0,,,,0.9976022161593168,0.5,0.5,0.002207682486519804,578
naive_bayes_tau_0_4,CWE-404,,0.0,1.0,0.9949098971680701,0.0,1.0,,,,0.9949098971680701,0.5,0.49953091234207586,0.0031826472730183608,1227
naive_bayes_tau_0_4,CWE-476,,0.0,1.0,0.9930182196573243,0.0,1.0,,,,0.9930182196573243,0.5,0.5123561557227497,0.017538121905631438,1683
naive_bayes_tau_0_4,CWE-573,,0.0,1.0,0.9997759859372172,0.0,1.0,,,,0.9997759859372172,0.5,0.5007053866619728,0.0001910629958385853,54
naive_bayes_tau_0_4,CWE-662,,0.0,1.0,0.9967020111331151,0.0,1.0,,,,0.9967020111331151,0.5,0.5064320709852441,0.006775776405302661,795
naive_bayes_tau_0_4,CWE-665,,0.0,1.0,0.9994150734833767,0.0,1.0,,,,0.9994150734833767,0.5,0.5098096335592112,0.014920179835021441,141
naive_bayes_tau_0_4,CWE-668,,0.0,1.0,0.9943415640307777,0.0,1.0,,,,0.9943415640307777,0.5,0.6058526044858159,0.01466047256369975,1364
naive_bayes_tau_0_4,CWE-704,,0.0,1.0,0.9981746979856234,0.0,1.0,,,,0.9981746979856234,0.5,0.49983167669544104,0.0011457031324927079,440
naive_bayes_tau_0_4,CWE-705,,0.0,1.0,0.9989048190667192,0.0,1.0,,,,0.9989048190667192,0.5,0.5,0.0012428230768391016,264
naive_bayes_tau_0_4,CWE-706,,0.0,1.0,0.9966522302207153,0.0,1.0,,,,0.9966522302207153,0.5,0.49995005215878985,0.0022820377679314873,807
naive_bayes_tau_0_4,CWE-74,,0.0,1.0,0.9961087884430768,0.0,1.0,,,,0.9961087884430768,0.5,0.6233259849696594,0.0633093823711944,938
naive_bayes_tau_0_4,CWE-754,,0.0,1.0,0.9993072143665802,0.0,1.0,,,,0.9993072143665802,0.5,0.5058324097216106,0.0095182968376222,167
naive_bayes_tau_0_4,CWE-834,,0.0,1.0,0.9985439065268225,0.0,1.0,,,,0.9985439065268225,0.5,0.50419639341841,0.0024494834926427813,351
naive_bayes_tau_0_5,CWE-1164,,0.0,1.0,0.9996930176638366,0.0,1.0,,,,0.9996930176638366,0.5,0.5120029768316374,0.00017092693011325734,74
naive_bayes_tau_0_5,CWE-118,0.2903724941604998,0.027208313651393486,0.9969497269730496,0.957107462602818,0.003050273026950324,0.9727916863486066,0.049752741790761716,0.033231576324553244,0.07731717395505049,0.9543674587615045,0.5120790203122215,0.6638667889205221,0.1384965000441636,10585
naive_bayes_tau_0_5,CWE-190,1.0,0.0071149138083339645,1.0,0.9942085760436884,0.0,0.9928850861916662,0.014099612613218635,0.008873125640790095,0.08121288481903946,0.9942088157054355,0.503557456904167,0.5312162452981966,0.021241009218517536,1406
naive_bayes_tau_0_5,CWE-191,,0.0,1.0,0.9993072150549308,0.0,1.0,,,,0.9993072150549308,0.5,0.5,0.0003948013545587435,167
naive_bayes_tau_0_5,CWE-20,,0.0,1.0,0.992010154998088,0.0,1.0,,,,0.992010154998088,0.5,0.5279201063388577,0.014038456915044937,1926
naive_bayes_tau_0_5,CWE-269,,0.0,1.0,0.9995146351360884,0.0,1.0,,,,0.9995146351360884,0.5,0.5,0.000632828939766695,117
naive_bayes_tau_0_5,CWE-285,,0.0,1.0,0.9988259981916829,0.0,1.0,,,,0.9988259981916829,0.5,0.5155221202743949,0.002779575742748009,283
naive_bayes_tau_0_5,CWE-287,,0.0,1.0,0.998676655712603,0.0,1.0,,,,0.998676655712603,0.5,0.5,0.0014428917328409285,319
naive_bayes_tau_0_5,CWE-311,,0.0,1.0,0.9998299147642242,0.0,1.0,,,,0.9998299147642242,0.5,0.5,0.00016470132092492285,41
naive_bayes_tau_0_5,CWE-369,,0.0,1.0,0.9988633343277096,0.0,1.0,,,,0.9988633343277096,0.5,0.49997300397101335,0.000967111269102902,274
naive_bayes_tau_0_5,CWE-400,,0.0,1.0,0.9976022161593168,0.0,1.0,,,,0.9976022161593168,0.5,0.5,0.002207682486519804,578
naive_bayes_tau_0_5,CWE-404,,0.0,1.0,0.9949098971680701,0.0,1.0,,,,0.9949098971680701,0.5,0.49953091234207586,0.0031826472730183608,1227
naive_bayes_tau_0_5,CWE-476,,0.0,1.0,0.9930182196573243,0.0,1.0,,,,0.9930182196573243,0.5,0.5123561557227497,0.017538121905631438,1683
naive_bayes_tau_0_5,CWE-573,,0.0,1.0,0.9997759859372172,0.0,1.0,,,,0.9997759859372172,0.5,0.5007053866619728,0.0001910629958385853,54
naive_bayes_tau_0_5,CWE-662,,0.0,1.0,0.9967020111331151,0.0,1.0,,,,0.9967020111331151,0.5,0.5064320709852441,0.006775776405302661,795
naive_bayes_tau_0_5,CWE-665,,0.0,1.0,0.9994150734833767,0.0,1.0,,,,0.9994150734833767,0.5,0.5098096335592112,0.014920179835021441,141
naive_bayes_tau_0_5,CWE-668,,0.0,1.0,0.9943415640307777,0.0,1.0,,,,0.9943415640307777,0.5,0.6058526044858159,0.01466047256369975,1364
naive_bayes_tau_0_5,CWE-704,,0.0,1.0,0.9981746979856234,0.0,1.0,,,,0.9981746979856234,0.5,0.49983167669544104,0.0011457031324927079,440
naive_bayes_tau_0_5,CWE-705,,0.0,1.0,0.9989048190667192,0.0,1.0,,,,0.9989048190667192,0.5,0.5,0.0012428230768391016,264
naive_bayes_tau_0_5,CWE-706,,0.0,1.0,0.9966522302207153,0.0,1.0,,,,0.9966522302207153,0.5,0.49995005215878985,0.0022820377679314873,807
naive_bayes_tau_0_5,CWE-74,,0.0,1.0,0.9961087884430768,0.0,1.0,,,,0.9961087884430768,0.5,0.6233259849696594,0.0633093823711944,938
naive_bayes_tau_0_5,CWE-754,,0.0,1.0,0.9993072143665802,0.0,1.0,,,,0.9993072143665802,0.5,0.5058324097216106,0.0095182968376222,167
naive_bayes_tau_0_5,CWE-834,,0.0,1.0,0.9985439065268225,0.0,1.0,,,,0.9985439065268225,0.5,0.50419639341841,0.0024494834926427813,351
naive_bayes_tau_0_6,CWE-1164,,0.0,1.0,0.9996930176638366,0.0,1.0,,,,0.9996930176638366,0.5,0.5120029768316374,0.00017092693011325734,74
naive_bayes_tau_0_6,CWE-118,0.29102550540963895,0.027208313651393486,0.9969584054569186,0.9571078188779658,0.0030415945430814556,0.9727916863486066,0.049762295412704,0.03323328072879372,0.07743304173676503,0.9543757561395332,0.5120833595541561,0.6638667889205221,0.1384965000441636,10585
naive_bayes_tau_0_6,CWE-190,1.0,0.0007117437722419928,1.0,0.9941714553015272,0.0,0.9992882562277581,0.007092198581560283,0.0044444444444444444,0.05948150331176768,0.9941714793972961,0.5003558718861211,0.5312162452981966,0.021241009218517536,1406
naive_bayes_tau_0_6,CWE-191,,0.0,1.0,0.9993072150549308,0.0,1.0,,,,0.9993072150549308,0.5,0.5,0.0003948013545587435,167
naive_bayes_tau_0_6,CWE-20,,0.0,1.0,0.992010154998088,0.0,1.0,,,,0.992010154998088,0.5,0.5279201063388577,0.014038456915044937,1926
naive_bayes_tau_0_6,CWE-269,,0.0,1.0,0.9995146351360884,0.0,1.0,,,,0.9995146351360884,0.5,0.5,0.000632828939766695,117
naive_bayes_tau_0_6,CWE-285,,0.0,1.0,0.9988259981916829,0.0,1.0,,,,0.9988259981916829,0.5,0.5155221202743949,0.002779575742748009,283
naive_bayes_tau_0_6,CWE-287,,0.0,1.0,0.998676655712603,0.0,1.0,,,,0.998676655712603,0.5,0.5,0.0014428917328409285,319
naive_bayes_tau_0_6,CWE-311,,0.0,1.0,0.9998299147642242,0.0,1.0,,,,0.9998299147642242,0.5,0.5,0.00016470132092492285,41
naive_bayes_tau_0_6,CWE-369,,0.0,1.0,0.9988633343277096,0.0,1.0,,,,0.9988633343277096,0.5,0.49997300397101335,0.000967111269102902,274
naive_bayes_tau_0_6,CWE-400,,0.0,1.0,0.9976022161593168,0.0,1.0,,,,0.9976022161593168,0.5,0.5,0.002207682486519804,578
naive_bayes_tau_0_6,CWE-404,,0.0,1.0,0.9949098971680701,0.0,1.0,,,,0.9949098971680701,0.5,0.49953091234207586,0.0031826472730183608,1227
naive_bayes_tau_0_6,CWE-476,,0.0,1.0,0.9930182196573243,0.0,1.0,,,,0.9930182196573243,0.5,0.5123561557227497,0.017538121905631438,1683
naive_bayes_tau_0_6,CWE-573,,0.0,1.0,0.9997759859372172,0.0,1.0,,,,0.9997759859372172,0.5,0.5007053866619728,0.0001910629958385853,54
naive_bayes_tau_0_6,CWE-662,,0.0,1.0,0.9967020111331151,0.0,1.0,,,,0.9967020111331151,0.5,0.5064320709852441,0.006775776405302661,795
naive_bayes_tau_0_6,CWE-665,,0.0,1.0,0.9994150734833767,0.0,1.0,,,,0.9994150734833767,0.5,0.5098096335592112,0.014920179835021441,141
naive_bayes_tau_0_6,CWE-668,,0.0,1.0,0.9943415640307777,0.0,1.0,,,,0.9943415640307777,0.5,0.6058526044858159,0.01466047256369975,1364
naive_bayes_tau_0_6,CWE-704,,0.0,1.0,0.9981746979856234,0.0,1.0,,,,0.9981746979856234,0.5,0.49983167669544104,0.0011457031324927079,440
naive_bayes_tau_0_6,CWE-705,,0.0,1.0,0.9989048190667192,0.0,1.0,,,,0.9989048190667192,0.5,0.5,0.0012428230768391016,264
naive_bayes_tau_0_6,CWE-706,,0.0,1.0,0.9966522302207153,0.0,1.0,,,,0.9966522302207153,0.5,0.49995005215878985,0.0022820377679314873,807
naive_bayes_tau_0_6,CWE-74,,0.0,1.0,0.9961087884430768,0.0,1.0,,,,0.9961087884430768,0.5,0.6233259849696594,0.0633093823711944,938
naive_bayes_tau_0_6,CWE-754,,0.0,1.0,0.9993072143665802,0.0,1.0,,,,0.9993072143665802,0.5,0.5058324097216106,0.0095182968376222,167
naive_bayes_tau_0_6,CWE-834,,0.0,1.0,0.9985439065268225,0.0,1.0,,,,0.9985439065268225,0.5,0.50419639341841,0.0024494834926427813,351
naive_bayes_tau_0_7,CWE-1164,,0.0,1.0,0.9996930176638366,0.0,1.0,,,,0.9996930176638366,0.5,0.5120029768316374,0.00017092693011325734,74
naive_bayes_tau_0_7,CWE-118,0.32368683298915857,0.013320736891828059,0.9987243623669391,0.9565956698436245,0.0012756376330609824,0.9866792631081719,0.02556618113110934,0.016477545760247785,0.05794494964341742,0.955454349802307,0.5060225496293835,0.6638667889205221,0.1384965000441636,10585
naive_bayes_tau_0_7,CWE-190,,0.0,1.0,0.9941673307943383,0.0,1.0,,,,0.9941673307943383,0.5,0.5312162452981966,0.021241009218517536,1406
naive_bayes_tau_0_7,CWE-191,,0.0,1.0,0.9993072150549308,0.0,1.0,,,,0.9993072150549308,0.5,0.5,0.0003948013545587435,167
naive_bayes_tau_0_7,CWE-20,,0.0,1.0,0.992010154998088,0.0,1.0,,,,0.992010154998088,0.5,0.5279201063388577,0.014038456915044937,1926
naive_bayes_tau_0_7,CWE-269,,0.0,1.0,0.9995146351360884,0.0,1.0,,,,0.9995146351360884,0.5,0.5,0.000632828939766695,117
naive_bayes_tau_0_7,CWE-285,,0.0,1.0,0.9988259981916829,0.0,1.0,,,,0.9988259981916829,0.5,0.5155221202743949,0.002779575742748009,283
naive_bayes_tau_0_7,CWE-287,,0.0,1.0,0.998676655712603,0.0,1.0,,,,0.998676655712603,0.5,0.5,0.0014428917328409285,319
naive_bayes_tau_0_7,CWE-311,,0.0,1.0,0.9998299147642242,0.0,1.0,,,,0.9998299147642242,0.5,0.5,0.00016470132092492285,41
naive_bayes_tau_0_7,CWE-369,,0.0,1.0,0.9988633343277096,0.0,1.0,,,,0.9988633343277096,0.5,0.49997300397101335,0.000967111269102902,274
naive_bayes_tau_0_7,CWE-400,,0.0,1.0,0.9976022161593168,0.0,1.0,,,,0.9976022161593168,0.5,0.5,0.002207682486519804,578
naive_bayes_tau_0_7,CWE-404,,0.0,1.0,0.9949098971680701,0.0,1.0,,,,0.9949098971680701,0.5,0.49953091234207586,0.0031826472730183608,1227
naive_bayes_tau_0_7,CWE-476,,0.0,1.0,0.9930182196573243,0.0,1.0,,,,0.9930182196573243,0.5,0.5123561557227497,0.017538121905631438,1683
naive_bayes_tau_0_7,CWE-573,,0.0,1.0,0.9997759859372172,0.0,1.0,,,,0.9997759859372172,0.5,0.5007053866619728,0.0001910629958385853,54
naive_bayes_tau_0_7,CWE-662,,0.0,1.0,0.9967020111331151,0.0,1.0,,,,0.9967020111331151,0.5,0.5064320709852441,0.006775776405302661,795
naive_bayes_tau_0_7,CWE-665,,0.0,1.0,0.9994150734833767,0.0,1.0,,,,0.9994150734833767,0.5,0.5098096335592112,0.014920179835021441,141
naive_bayes_tau_0_7,CWE-668,,0.0,1.0,0.9943415640307777,0.0,1.0,,,,0.9943415640307777,0.5,0.6058526044858159,0.01466047256369975,1364
naive_bayes_tau_0_7,CWE-704,,0.0,1.0,0.9981746979856234,0.0,1.0,,,,0.9981746979856234,0.5,0.49983167669544104,0.0011457031324927079,440
naive_bayes_tau_0_7,CWE-705,,0.0,1.0,0.9989048190667192,0.0,1.0,,,,0.9989048190667192,0.5,0.5,0.0012428230768391016,264
naive_bayes_tau_0_7,CWE-706,,0.0,1.0,0.9966522302207153,0.0,1.0,,,,0.9966522302207153,0.5,0.49995005215878985,0.0022820377679314873,807
naive_bayes_tau_0_7,CWE-74,,0.0,1.0,0.9961087884430768,0.0,1.0,,,,0.9961087884430768,0.5,0.6233259849696594,0.0633093823711944,938
naive_bayes_tau_0_7,CWE-754,,0.0,1.0,0.9993072143665802,0.0,1.0,,,,0.9993072143665802,0.5,0.5058324097216106,0.0095182968376222,167
naive_bayes_tau_0_7,CWE-834,,0.0,1.0,0.9985439065268225,0.0,1.0,,,,0.9985439065268225,0.5,0.50419639341841,0.0024494834926427813,351
naive_bayes_tau_0_8,CWE-1164,,0.0,1.0,0.9996930176638366,0.0,1.0,,,,0.9996930176638366,0.5,0.5120029768316374,0.00017092693011325734,74
naive_bayes_tau_0_8,CWE-118,0.41279189521409876,0.006613131790269249,0.9995878009143457,0.9563495677541273,0.00041219908565432806,0.9933868682097307,0.013013039632067413,0.008232681993596464,0.04770673035934059,0.9559853377690336,0.5031004663523075,0.6638667889205221,0.1384965000441636,10585
naive_bayes_tau_0_8,CWE-190,,0.0,1.0,0.9941673307943383,0.0,1.0,,,,0.9941673307943383,0.5,0.5312162452981966,0.021241009218517536,1406
naive_bayes_tau_0_8,CWE-191,,0.0,1.0,0.9993072150549308,0.0,1.0,,,,0.9993072150549308,0.5,0.5,0.0003948013545587435,167
naive_bayes_tau_0_8,CWE-20,,0.0,1.0,0.992010154998088,0.0,1.0,,,,0.992010154998088,0.5,0.5279201063388577,0.014038456915044937,1926
naive_bayes_tau_0_8,CWE-269,,0.0,1.0,0.9995146351360884,0.0,1.0,,,,0.9995146351360884,0.5,0.5,0.000632828939766695,117
naive_bayes_tau_0_8,CWE-285,,0.0,1.0,0.9988259981916829,0.0,1.0,,,,0.9988259981916829,0.5,0.5155221202743949,0.002779575742748009,283
naive_bayes_tau_0_8,CWE-287,,0.0,1.0,0.998676655712603,0.0,1.0,,,,0.998676655712603,0.5,0.5,0.0014428917328409285,319
naive_bayes_tau_0_8,CWE-311,,0.0,1.0,0.9998299147642242,0.0,1.0,,,,0.9998299147642242,0.5,0.5,0.00016470132092492285,41
naive_bayes_tau_0_8,CWE-369,,0.0,1.0,0.9988633343277096,0.0,1.0,,,,0.9988633343277096,0.5,0.49997300397101335,0.000967111269102902,274
naive_bayes_tau_0_8,CWE-400,,0.0,1.0,0.9976022161593168,0.0,1.0,,,,0.9976022161593168,0.5,0.5,0.002207682486519804,578
naive_bayes_tau_0_8,CWE-404,,0.0,1.0,0.9949098971680701,0.0,1.0,,,,0.9949098971680701,0.5,0.49953091234207586,0.0031826472730183608,1227
naive_bayes_tau_0_8,CWE-476,,0.0,1.0,0.9930182196573243,0.0,1.0,,,,0.9930182196573243,0.5,0.5123561557227497,0.017538121905631438,1683
naive_bayes_tau_0_8,CWE-573,,0.0,1.0,0.9997759859372172,0.0,1.0,,,,0.9997759859372172,0.5,0.5007053866619728,0.0001910629958385853,54
naive_bayes_tau_0_8,CWE-662,,0.0,1.0,0.9967020111331151,0.0,1.0,,,,0.9967020111331151,0.5,0.5064320709852441,0.006775776405302661,795
naive_bayes_tau_0_8,CWE-665,,0.0,1.0,0.9994150734833767,0.0,1.0,,,,0.9994150734833767,0.5,0.5098096335592112,0.014920179835021441,141
naive_bayes_tau_0_8,CWE-668,,0.0,1.0,0.9943415640307777,0.0,1.0,,,,0.9943415640307777,0.5,0.6058526044858159,0.01466047256369975,1364
naive_bayes_tau_0_8,CWE-704,,0.0,1.0,0.9981746979856234,0.0,1.0,,,,0.9981746979856234,0.5,0.49983167669544104,0.0011457031324927079,440
naive_bayes_tau_0_8,CWE-705,,0.0,1.0,0.9989048190667192,0.0,1.0,,,,0.9989048190667192,0.5,0.5,0.0012428230768391016,264
naive_bayes_tau_0_8,CWE-706,,0.0,1.0,0.9966522302207153,0.0,1.0,,,,0.9966522302207153,0.5,0.49995005215878985,0.0022820377679314873,807
naive_bayes_tau_0_8,CWE-74,,0.0,1.0,0.9961087884430768,0.0,1.0,,,,0.9961087884430768,0.5,0.6233259849696594,0.0633093823711944,938
naive_bayes_tau_0_8,CWE-754,,0.0,1.0,0.9993072143665802,0.0,1.0,,,,0.9993072143665802,0.5,0.5058324097216106,0.0095182968376222,167
naive_bayes_tau_0_8,CWE-834,,0.0,1.0,0.9985439065268225,0.0,1.0,,,,0.9985439065268225,0.5,0.50419639341841,0.0024494834926427813,351
naive_bayes_tau_0_9,CWE-1164,,0.0,1.0,0.9996930176638366,0.0,1.0,,,,0.9996930176638366,0.5,0.5120029768316374,0.00017092693011325734,74
naive_bayes_tau_0_9,CWE-118,0.41279189521409876,0.006613131790269249,0.9995878009143457,0.9563495677541273,0.00041219908565432806,0.9933868682097307,0.013013039632067413,0.008232681993596464,0.04770673035934059,0.9559853377690336,0.5031004663523075,0.6638667889205221,0.1384965000441636,10585
naive_bayes_tau_0_9,CWE-190,,0.0,1.0,0.9941673307943383,0.0,1.0,,,,0.9941673307943383,0.5,0.5312162452981966,0.021241009218517536,1406
naive_bayes_tau_0_9,CWE-191,,0.0,1.0,0.9993072150549308,0.0,1.0,,,,0.9993072150549308,0.5,0.5,0.0003948013545587435,167
naive_bayes_tau_0_9,CWE-20,,0.0,1.0,0.992010154998088,0.0,1.0,,,,0.992010154998088,0.5,0.5279201063388577,0.014038456915044937,1926
naive_bayes_tau_0_9,CWE-269,,0.0,1.0,0.9995146351360884,0.0,1.0,,,,0.9995146351360884,0.5,0.5,0.000632828939766695,117
naive_bayes_tau_0_9,CWE-285,,0.0,1.0,0.9988259981916829,0.0,1.0,,,,0.9988259981916829,0.5,0.5155221202743949,0.002779575742748009,283
naive_bayes_tau_0_9,CWE-287,,0.0,1.0,0.998676655712603,0.0,1.0,,,,0.998676655712603,0.5,0.5,0.0014428917328409285,319
naive_bayes_tau_0_9,CWE-311,,0.0,1.0,0.9998299147642242,0.0,1.0,,,,0.9998299147642242,0.5,0.5,0.00016470132092492285,41
naive_bayes_tau_0_9,CWE-369,,0.0,1.0,0.9988633343277096,0.0,1.0,,,,0.9988633343277096,0.5,0.49997300397101335,0.000967111269102902,274
naive_bayes_tau_0_9,CWE-400,,0.0,1.0,0.9976022161593168,0.0,1.0,,,,0.9976022161593168,0.5,0.5,0.002207682486519804,578
naive_bayes_tau_0_9,CWE-404,,0.0,1.0,0.9949098971680701,0.0,1.0,,,,0.9949098971680701,0.5,0.49953091234207586,0.0031826472730183608,1227
naive_bayes_tau_0_9,CWE-476,,0.0,1.0,0.9930182196573243,0.0,1.0,,,,0.9930182196573243,0.5,0.5123561557227497,0.017538121905631438,1683
naive_bayes_tau_0_9,CWE-573,,0.0,1.0,0.9997759859372172,0.0,1.0,,,,0.9997759859372172,0.5,0.5007053866619728,0.0001910629958385853,54
naive_bayes_tau_0_9,CWE-662,,0.0,1.0,0.9967020111331151,0.0,1.0,,,,0.9967020111331151,0.5,0.5064320709852441,0.006775776405302661,795
naive_bayes_tau_0_9,CWE-665,,0.0,1.0,0.9994150734833767,0.0,1.0,,,,0.9994150734833767,0.5,0.5098096335592112,0.014920179835021441,141
naive_bayes_tau_0_9,CWE-668,,0.0,1.0,0.9943415640307777,0.0,1.0,,,,0.9943415640307777,0.5,0.6058526044858159,0.01466047256369975,1364
naive_bayes_tau_0_9,CWE-704,,0.0,1.0,0.9981746979856234,0.0,1.0,,,,0.9981746979856234,0.5,0.49983167669544104,0.0011457031324927079,440
naive_bayes_tau_0_9,CWE-705,,0.0,1.0,0.9989048190667192,0.0,1.0,,,,0.9989048190667192,0.5,0.5,0.0012428230768391016,264
naive_bayes_tau_0_9,CWE-706,,0.0,1.0,0.9966522302207153,0.0,1.0,,,,0.9966522302207153,0.5,0.49995005215878985,0.0022820377679314873,807
naive_bayes_tau_0_9,CWE-74,,0.0,1.0,0.9961087884430768,0.0,1.0,,,,0.9961087884430768,0.5,0.6233259849696594,0.0633093823711944,938
naive_bayes_tau_0_9,CWE-754,,0.0,1.0,0.9993072143665802,0.0,1.0,,,,0.9993072143665802,0.5,0.5058324097216106,0.0095182968376222,167
naive_bayes_tau_0_9,CWE-834,,0.0,1.0,0.9985439065268225,0.0,1.0,,,,0.9985439065268225,0.5,0.50419639341841,0.0024494834926427813,351
bks_tau_0_1,CWE-1164,,0.0,1.0,0.9996930176638366,0.0,1.0,,,,0.9996930176638366,0.5,0.5122581812899915,0.00017094018573942887,74
bks_tau_0_1,CWE-118,0.2363443419180497,0.38318375059045817,0.9431381416213765,0.970839228449389,0.05686185837862338,0.6168162494095417,0.2923523143480217,0.34082223610894385,0.26001243261223783,0.9185500222058114,0.6631609461059174,0.6635480635142383,0.14303429365626416,10585
bks_tau_0_1,CWE-190,0.3550540184453228,0.02134474142500189,0.9997579741188595,0.9942897061045685,0.0002420258811404504,0.978655258574998,0.03996962300735512,0.026232715698947518,0.08426568220482372,0.9940511712880419,0.5105513577719307,0.529846796407789,0.023030043359947266,1406
bks_tau_0_1,CWE-191,,0.0,1.0,0.9993072150549308,0.0,1.0,,,,0.9993072150549308,0.5,0.5002345496040511,0.0003949017406882645,167
bks_tau_0_1,CWE-20,,0.0,1.0,0.992010154998088,0.0,1.0,,,,0.992010154998088,0.5,0.5274133115069506,0.013526034211317059,1926
bks_tau_0_1,CWE-269,,0.0,1.0,0.9995146351360884,0.0,1.0,,,,0.9995146351360884,0.5,0.5000871575526862,0.0006330288798952492,117
bks_tau_0_1,CWE-285,,0.0,1.0,0.9988259981916829,0.0,1.0,,,,0.9988259981916829,0.5,0.5158326303297087,0.0029453820512717337,283
bks_tau_0_1,CWE-287,,0.0,1.0,0.998676655712603,0.0,1.0,,,,0.998676655712603,0.5,0.4984375,0.0014427642589280672,319
bks_tau_0_1,CWE-311,,0.0,1.0,0.9998299147642242,0.0,1.0,,,,0.9998299147642242,0.5,0.5000103734009428,0.00016470672207011494,41
bks_tau_0_1,CWE-369,0.0,0.0,0.9999750795205562,0.998863305926179,2.4920479443827736e-05,1.0,,,-0.00024906455295742183,0.9988384422796803,0.4999875397602781,0.4963326763891217,0.0009668412777312747,274
bks_tau_0_1,CWE-400,,0.0,1.0,0.9976022161593168,0.0,1.0,,,,0.9976022161593168,0.5,0.5000810886462843,0.002208184425542156,578
bks_tau_0_1,CWE-404,,0.0,1.0,0.9949098971680701,0.0,1.0,,,,0.9949098971680701,0.5,0.49904172810924285,0.0031813736139553175,1227
bks_tau_0_1,CWE-476,0.19312191574463664,0.013070510103151054,0.9996031228603002,0.9931061397361105,0.00039687713969991544,0.986929489896849,0.024401415301115375,0.016051338539700064,0.04823411640801724,0.9927153797288885,0.5063368164817256,0.5123561557227497,0.017538121905631438,1683
bks_tau_0_1,CWE-573,,0.0,1.0,0.9997759859372172,0.0,1.0,,,,0.9997759859372172,0.5,0.5007219834837636,0.00019106827858887988,54
bks_tau_0_1,CWE-662,,0.0,1.0,0.9967020111331151,0.0,1.0,,,,0.9967020111331151,0.5,0.5064566514264095,0.006777801991323888,795
bks_tau_0_1,CWE-665,0.5,0.014039408866995073,0.9999875473890263,0.9994233588138242,1.245261097370018e-05,0.9859605911330049,0.06781609195402298,0.0434914151728311,0.09357641302717004,0.9994109253966567,0.5070134781280107,0.5036506856121934,0.014615016760017752,141
bks_tau_0_1,CWE-668,,0.0,1.0,0.9943415640307777,0.0,1.0,,,,0.9943415640307777,0.5,0.6044478562077967,0.014565492435589033,1364
bks_tau_0_1,CWE-704,,0.0,1.0,0.9981746979856234,0.0,1.0,,,,0.9981746979856234,0.5,0.4987617595582149,0.001143046852101751,440
bks_tau_0_1,CWE-705,,0.0,1.0,0.9989048190667192,0.0,1.0,,,,0.9989048190667192,0.5,0.5000353000814043,0.0012429241272665236,264
bks_tau_0_1,CWE-706,,0.0,1.0,0.9966522302207153,0.0,1.0,,,,0.9966522302207153,0.5,0.49933934036348565,0.0022788472165985525,807
bks_tau_0_1,CWE-74,0.36091922275481747,0.24844692228922516,0.9982508584252724,0.9970674525849267,0.0017491415747275835,0.7515530777107748,0.29301124064602446,0.26433189576249155,0.29651341597446185,0.9953330375480475,0.6233488903572487,0.6234577063560627,0.06454533375213313,938
bks_tau_0_1,CWE-754,,0.0,1.0,0.9993072143665802,0.0,1.0,,,,0.9993072143665802,0.5,0.50599665652345,0.009518487060712922,167
bks_tau_0_1,CWE-834,,0.0,1.0,0.9985439065268225,0.0,1.0,,,,0.9985439065268225,0.5,0.50419639341841,0.0024494834926427813,351
bks_tau_0_2,CWE-1164,,0.0,1.0,0.9996930176638366,0.0,1.0,,,,0.9996930176638366,0.5,0.5122581812899915,0.00017094018573942887,74
bks_tau_0_2,CWE-118,0.23630909887028723,0.378932451582428,0.943754255992261,0.9706628250064598,0.05624574400773894,0.6210675484175721,0.2910710735406744,0.3380999620769388,0.25842458586275335,0.9189524123431928,0.6613433537873445,0.6635480635142383,0.14303429365626416,10585
bks_tau_0_2,CWE-190,0.37376623376623375,0.02134474142500189,0.9997871849495233,0.994289871486502,0.00021281505047669445,0.978655258574998,0.04017370406155626,0.026268470572133985,0.08696371636997301,0.9940802118529728,0.5105659631872627,0.529846796407789,0.023030043359947266,1406
bks_tau_0_2,CWE-191,,0.0,1.0,0.9993072150549308,0.0,1.0,,,,0.9993072150549308,0.5,0.5002345496040511,0.0003949017406882645,167
bks_tau_0_2,CWE-20,,0.0,1.0,0.992010154998088,0.0,1.0,,,,0.992010154998088,0.5,0.5274133115069506,0.013526034211317059,1926
bks_tau_0_2,CWE-269,,0.0,1.0,0.9995146351360884,0.0,1.0,,,,0.9995146351360884,0.5,0.5000871575526862,0.0006330288798952492,117
bks_tau_0_2,CWE-285,,0.0,1.0,0.9988259981916829,0.0,1.0,,,,0.9988259981916829,0.5,0.5158326303297087,0.0029453820512717337,283
bks_tau_0_2,CWE-287,,0.0,1.0,0.998676655712603,0.0,1.0,,,,0.998676655712603,0.5,0.4984375,0.0014427642589280672,319
bks_tau_0_2,CWE-311,,0.0,1.0,0.9998299147642242,0.0,1.0,,,,0.9998299147642242,0.5,0.5000103734009428,0.00016470672207011494,41
bks_tau_0_2,CWE-369,0.0,0.0,0.9999958466586369,0.9988633295946121,4.1533413631266356e-06,1.0,,,-0.00015392373864309857,0.9988591857247517,0.49999792332931847,0.4963326763891217,0.0009668412777312747,274
bks_tau_0_2,CWE-400,,0.0,1.0,0.9976022161593168,0.0,1.0,,,,0.9976022161593168,0.5,0.5000810886462843,0.002208184425542156,578
bks_tau_0_2,CWE-404,,0.0,1.0,0.9949098971680701,0.0,1.0,,,,0.9949098971680701,0.5,0.49904172810924285,0.0031813736139553175,1227
bks_tau_0_2,CWE-476,,0.0,1.0,0.9930182196573243,0.0,1.0,,,,0.9930182196573243,0.5,0.5123561557227497,0.017538121905631438,1683
bks_tau_0_2,CWE-573,,0.0,1.0,0.9997759859372172,0.0,1.0,,,,0.9997759859372172,0.5,0.5007219834837636,0.00019106827858887988,54
bks_tau_0_2,CWE-662,,0.0,1.0,0.9967020111331151,0.0,1.0,,,,0.9967020111331151,0.5,0.5064566514264095,0.006777801991323888,795
bks_tau_0_2,CWE-665,0.0,0.0,0.9999875473890263,0.9994150662550458,1.245261097370018e-05,1.0,,,-0.0001325284248300909,0.9994026281046846,0.49999377369451314,0.5036506856121934,0.014615016760017752,141
bks_tau_0_2,CWE-668,,0.0,1.0,0.9943415640307777,0.0,1.0,,,,0.9943415640307777,0.5,0.6044478562077967,0.014565492435589033,1364
bks_tau_0_2,CWE-704,,0.0,1.0,0.9981746979856234,0.0,1.0,,,,0.9981746979856234,0.5,0.4987617595582149,0.001143046852101751,440
bks_tau_0_2,CWE-705,,0.0,1.0,0.9989048190667192,0.0,1.0,,,,0.9989048190667192,0.5,0.5000353000814043,0.0012429241272665236,264
bks_tau_0_2,CWE-706,,0.0,1.0,0.9966522302207153,0.0,1.0,,,,0.9966522302207153,0.5,0.49933934036348565,0.0022788472165985525,807
bks_tau_0_2,CWE-74,0.36091922275481747,0.24844692228922516,0.9982508584252724,0.9970674525849267,0.0017491415747275835,0.7515530777107748,0.29301124064602446,0.26433189576249155,0.29651341597446185,0.9953330375480475,0.6233488903572487,0.6234577063560627,0.06454533375213313,938
bks_tau_0_2,CWE-754,,0.0,1.0,0.9993072143665802,0.0,1.0,,,,0.9993072143665802,0.5,0.50599665652345,0.009518487060712922,167
bks_tau_0_2,CWE-834,,0.0,1.0,0.9985439065268225,0.0,1.0,,,,0.9985439065268225,0.5,0.50419639341841,0.0024494834926427813,351
bks_tau_0_3,CWE-1164,,0.0,1.0,0.9996930176638366,0.0,1.0,,,,0.9996930176638366,0.5,0.5122581812899915,0.00017094018573942887,74
bks_tau_0_3,CWE-118,0.47584028874351453,0.015493623051487954,0.9991973034974603,0.9567067248410076,0.0008026965025397806,0.9845063769485121,0.029976357381231535,0.019204974991249495,0.07935925888200691,0.9560019347620052,0.507345463274474,0.6635480635142383,0.14303429365626416,10585
bks_tau_0_3,CWE-190,1.0,0.0071149138083339645,1.0,0.9942085760436884,0.0,0.9928850861916662,0.014099612613218635,0.008873125640790095,0.08121288481903946,0.9942088157054355,0.503557456904167,0.529846796407789,0.023030043359947266,1406
bks_tau_0_3,CWE-191,,0.0,1.0,0.9993072150549308,0.0,1.0,,,,0.9993072150549308,0.5,0.5002345496040511,0.0003949017406882645,167
bks_tau_0_3,CWE-20,,0.0,1.0,0.992010154998088,0.0,1.0,,,,0.992010154998088,0.5,0.5274133115069506,0.013526034211317059,1926
bks_tau_0_3,CWE-269,,0.0,1.0,0.9995146351360884,0.0,1.0,,,,0.9995146351360884,0.5,0.5000871575526862,0.0006330288798952492,117
bks_tau_0_3,CWE-285,,0.0,1.0,0.9988259981916829,0.0,1.0,,,,0.9988259981916829,0.5,0.5158326303297087,0.0029453820512717337,283
bks_tau_0_3,CWE-287,,0.0,1.0,0.998676655712603,0.0,1.0,,,,0.998676655712603,0.5,0.4984375,0.0014427642589280672,319
bks_tau_0_3,CWE-311,,0.0,1.0,0.9998299147642242,0.0,1.0,,,,0.9998299147642242,0.5,0.5000103734009428,0.00016470672207011494,41
bks_tau_0_3,CWE-369,0.0,0.0,0.9999958466586369,0.9988633295946121,4.1533413631266356e-06,1.0,,,-0.00015392373864309857,0.9988591857247517,0.49999792332931847,0.4963326763891217,0.0009668412777312747,274
bks_tau_0_3,CWE-400,,0.0,1.0,0.9976022161593168,0.0,1.0,,,,0.9976022161593168,0.5,0.5000810886462843,0.002208184425542156,578
bks_tau_0_3,CWE-404,,0.0,1.0,0.9949098971680701,0.0,1.0,,,,0.9949098971680701,0.5,0.49904172810924285,0.0031813736139553175,1227
bks_tau_0_3,CWE-476,,0.0,1.0,0.9930182196573243,0.0,1.0,,,,0.9930182196573243,0.5,0.5123561557227497,0.017538121905631438,1683
bks_tau_0_3,CWE-573,,0.0,1.0,0.9997759859372172,0.0,1.0,,,,0.9997759859372172,0.5,0.5007219834837636,0.00019106827858887988,54
bks_tau_0_3,CWE-662,,0.0,1.0,0.9967020111331151,0.0,1.0,,,,0.9967020111331151,0.5,0.5064566514264095,0.006777801991323888,795
bks_tau_0_3,CWE-665,0.0,0.0,0.9999875473890263,0.9994150662550458,1.245261097370018e-05,1.0,,,-0.0001325284248300909,0.9994026281046846,0.49999377369451314,0.5036506856121934,0.014615016760017752,141
bks_tau_0_3,CWE-668,,0.0,1.0,0.9943415640307777,0.0,1.0,,,,0.9943415640307777,0.5,0.6044478562077967,0.014565492435589033,1364
bks_tau_0_3,CWE-704,,0.0,1.0,0.9981746979856234,0.0,1.0,,,,0.9981746979856234,0.5,0.4987617595582149,0.001143046852101751,440
bks_tau_0_3,CWE-705,,0.0,1.0,0.9989048190667192,0.0,1.0,,,,0.9989048190667192,0.5,0.5000353000814043,0.0012429241272665236,264
bks_tau_0_3,CWE-706,,0.0,1.0,0.9966522302207153,0.0,1.0,,,,0.9966522302207153,0.5,0.49933934036348565,0.0022788472165985525,807
bks_tau_0_3,CWE-74,0.36091922275481747,0.24844692228922516,0.9982508584252724,0.9970674525849267,0.0017491415747275835,0.7515530777107748,0.29301124064602446,0.26433189576249155,0.29651341597446185,0.9953330375480475,0.6233488903572487,0.6234577063560627,0.06454533375213313,938
bks_tau_0_3,CWE-754,,0.0,1.0,0.9993072143665802,0.0,1.0,,,,0.9993072143665802,0.5,0.50599665652345,0.009518487060712922,167
bks_tau_0_3,CWE-834,,0.0,1.0,0.9985439065268225,0.0,1.0,,,,0.9985439065268225,0.5,0.50419639341841,0.0024494834926427813,351
bks_tau_0_4,CWE-1164,,0.0,1.0,0.9996930176638366,0.0,1.0,,,,0.9996930176638366,0.5,0.5122581812899915,0.00017094018573942887,74
bks_tau_0_4,CWE-118,0.6348741496598639,0.011998110533774208,0.9996789124756573,0.9565797077856446,0.0003210875243427731,0.9880018894662259,0.02353062413329491,0.014923771791097959,0.08258930897053962,0.9563089086660239,0.5058385115047157,0.6635480635142383,0.14303429365626416,10585
bks_tau_0_4,CWE-190,1.0,0.0071149138083339645,1.0,0.9942085760436884,0.0,0.9928850861916662,0.014099612613218635,0.008873125640790095,0.08121288481903946,0.9942088157054355,0.503557456904167,0.529846796407789,0.023030043359947266,1406
bks_tau_0_4,CWE-191,,0.0,1.0,0.9993072150549308,0.0,1.0,,,,0.9993072150549308,0.5,0.5002345496040511,0.0003949017406882645,167
bks_tau_0_4,CWE-20,,0.0,1.0,0.992010154998088,0.0,1.0,,,,0.992010154998088,0.5,0.5274133115069506,0.013526034211317059,1926
bks_tau_0_4,CWE-269,,0.0,1.0,0.9995146351360884,0.0,1.0,,,,0.9995146351360884,0.5,0.5000871575526862,0.0006330288798952492,117
bks_tau_0_4,CWE-285,,0.0,1.0,0.9988259981916829,0.0,1.0,,,,0.9988259981916829,0.5,0.5158326303297087,0.0029453820512717337,283
bks_tau_0_4,CWE-287,,0.0,1.0,0.998676655712603,0.0,1.0,,,,0.998676655712603,0.5,0.4984375,0.0014427642589280672,319
bks_tau_0_4,CWE-311,,0.0,1.0,0.9998299147642242,0.0,1.0,,,,0.9998299147642242,0.5,0.5000103734009428,0.00016470672207011494,41
bks_tau_0_4,CWE-369,,0.0,1.0,0.9988633343277096,0.0,1.0,,,,0.9988633343277096,0.5,0.4963326763891217,0.0009668412777312747,274
bks_tau_0_4,CWE-400,,0.0,1.0,0.9976022161593168,0.0,1.0,,,,0.9976022161593168,0.5,0.5000810886462843,0.002208184425542156,578
bks_tau_0_4,CWE-404,,0.0,1.0,0.9949098971680701,0.0,1.0,,,,0.9949098971680701,0.5,0.49904172810924285,0.0031813736139553175,1227
bks_tau_0_4,CWE-476,,0.0,1.0,0.9930182196573243,0.0,1.0,,,,0.9930182196573243,0.5,0.5123561557227497,0.017538121905631438,1683
bks_tau_0_4,CWE-573,,0.0,1.0,0.9997759859372172,0.0,1.0,,,,0.9997759859372172,0.5,0.5007219834837636,0.00019106827858887988,54
bks_tau_0_4,CWE-662,,0.0,1.0,0.9967020111331151,0.0,1.0,,,,0.9967020111331151,0.5,0.5064566514264095,0.006777801991323888,795
bks_tau_0_4,CWE-665,0.0,0.0,0.999991697799917,0.999415068663923,8.302200083022002e-06,1.0,,,-0.00015527804962976459,0.9994067761053482,0.4999958488999585,0.5036506856121934,0.014615016760017752,141
bks_tau_0_4,CWE-668,,0.0,1.0,0.9943415640307777,0.0,1.0,,,,0.9943415640307777,0.5,0.6044478562077967,0.014565492435589033,1364
bks_tau_0_4,CWE-704,,0.0,1.0,0.9981746979856234,0.0,1.0,,,,0.9981746979856234,0.5,0.4987617595582149,0.001143046852101751,440
bks_tau_0_4,CWE-705,,0.0,1.0,0.9989048190667192,0.0,1.0,,,,0.9989048190667192,0.5,0.5000353000814043,0.0012429241272665236,264
bks_tau_0_4,CWE-706,,0.0,1.0,0.9966522302207153,0.0,1.0,,,,0.9966522302207153,0.5,0.49933934036348565,0.0022788472165985525,807
bks_tau_0_4,CWE-74,,0.0,1.0,0.9961087884430768,0.0,1.0,,,,0.9961087884430768,0.5,0.6234577063560627,0.06454533375213313,938
bks_tau_0_4,CWE-754,,0.0,1.0,0.9993072143665802,0.0,1.0,,,,0.9993072143665802,0.5,0.50599665652345,0.009518487060712922,167
bks_tau_0_4,CWE-834,,0.0,1.0,0.9985439065268225,0.0,1.0,,,,0.9985439065268225,0.5,0.50419639341841,0.0024494834926427813,351
bks_tau_0_5,CWE-1164,,0.0,1.0,0.9996930176638366,0.0,1.0,,,,0.9996930176638366,0.5,0.5122581812899915,0.00017094018573942887,74
bks_tau_0_5,CWE-118,0.6514455782312926,0.011903637222484647,0.9997092871691983,0.956576996430656,0.0002907128308017347,0.9880963627775154,0.023364504394991208,0.014809353136911858,0.08362117308677953,0.9563338008001097,0.5058064621958415,0.6635480635142383,0.14303429365626416,10585
bks_tau_0_5,CWE-190,1.0,0.0071149138083339645,1.0,0.9942085760436884,0.0,0.9928850861916662,0.014099612613218635,0.008873125640790095,0.08121288481903946,0.9942088157054355,0.503557456904167,0.529846796407789,0.023030043359947266,1406
bks_tau_0_5,CWE-191,,0.0,1.0,0.9993072150549308,0.0,1.0,,,,0.9993072150549308,0.5,0.5002345496040511,0.0003949017406882645,167
bks_tau_0_5,CWE-20,,0.0,1.0,0.992010154998088,0.0,1.0,,,,0.992010154998088,0.5,0.5274133115069506,0.013526034211317059,1926
bks_tau_0_5,CWE-269,,0.0,1.0,0.9995146351360884,0.0,1.0,,,,0.9995146351360884,0.5,0.5000871575526862,0.0006330288798952492,117
bks_tau_0_5,CWE-285,,0.0,1.0,0.9988259981916829,0.0,1.0,,,,0.9988259981916829,0.5,0.5158326303297087,0.0029453820512717337,283
bks_tau_0_5,CWE-287,,0.0,1.0,0.998676655712603,0.0,1.0,,,,0.998676655712603,0.5,0.4984375,0.0014427642589280672,319
bks_tau_0_5,CWE-311,,0.0,1.0,0.9998299147642242,0.0,1.0,,,,0.9998299147642242,0.5,0.5000103734009428,0.00016470672207011494,41
bks_tau_0_5,CWE-369,,0.0,1.0,0.9988633343277096,0.0,1.0,,,,0.9988633343277096,0.5,0.4963326763891217,0.0009668412777312747,274
bks_tau_0_5,CWE-400,,0.0,1.0,0.9976022161593168,0.0,1.0,,,,0.9976022161593168,0.5,0.5000810886462843,0.002208184425542156,578
bks_tau_0_5,CWE-404,,0.0,1.0,0.9949098971680701,0.0,1.0,,,,0.9949098971680701,0.5,0.49904172810924285,0.0031813736139553175,1227
bks_tau_0_5,CWE-476,,0.0,1.0,0.9930182196573243,0.0,1.0,,,,0.9930182196573243,0.5,0.5123561557227497,0.017538121905631438,1683
bks_tau_0_5,CWE-573,,0.0,1.0,0.9997759859372172,0.0,1.0,,,,0.9997759859372172,0.5,0.5007219834837636,0.00019106827858887988,54
bks_tau_0_5,CWE-662,,0.0,1.0,0.9967020111331151,0.0,1.0,,,,0.9967020111331151,0.5,0.5064566514264095,0.006777801991323888,795
bks_tau_0_5,CWE-665,,0.0,1.0,0.9994150734833767,0.0,1.0,,,,0.9994150734833767,0.5,0.5036506856121934,0.014615016760017752,141
bks_tau_0_5,CWE-668,,0.0,1.0,0.9943415640307777,0.0,1.0,,,,0.9943415640307777,0.5,0.6044478562077967,0.014565492435589033,1364
bks_tau_0_5,CWE-704,,0.0,1.0,0.9981746979856234,0.0,1.0,,,,0.9981746979856234,0.5,0.4987617595582149,0.001143046852101751,440
bks_tau_0_5,CWE-705,,0.0,1.0,0.9989048190667192,0.0,1.0,,,,0.9989048190667192,0.5,0.5000353000814043,0.0012429241272665236,264
bks_tau_0_5,CWE-706,,0.0,1.0,0.9966522302207153,0.0,1.0,,,,0.9966522302207153,0.5,0.49933934036348565,0.0022788472165985525,807
bks_tau_0_5,CWE-74,,0.0,1.0,0.9961087884430768,0.0,1.0,,,,0.9961087884430768,0.5,0.6234577063560627,0.06454533375213313,938
bks_tau_0_5,CWE-754,,0.0,1.0,0.9993072143665802,0.0,1.0,,,,0.9993072143665802,0.5,0.50599665652345,0.009518487060712922,167
bks_tau_0_5,CWE-834,,0.0,1.0,0.9985439065268225,0.0,1.0,,,,0.9985439065268225,0.5,0.50419639341841,0.0024494834926427813,351
bks_tau_0_6,CWE-1164,,0.0,1.0,0.9996930176638366,0.0,1.0,,,,0.9996930176638366,0.5,0.5122581812899915,0.00017094018573942887,74
bks_tau_0_6,CWE-118,0.7219295519295519,0.007841284837033538,0.9998611535770031,0.9564125712382756,0.00013884642299692785,0.9921587151629664,0.015511428070527567,0.009774641024989927,0.07214133981814794,0.9563006137832788,0.5038512192070183,0.6635480635142383,0.14303429365626416,10585
bks_tau_0_6,CWE-190,1.0,0.0071149138083339645,1.0,0.9942085760436884,0.0,0.9928850861916662,0.014099612613218635,0.008873125640790095,0.08121288481903946,0.9942088157054355,0.503557456904167,0.529846796407789,0.023030043359947266,1406
bks_tau_0_6,CWE-191,,0.0,1.0,0.9993072150549308,0.0,1.0,,,,0.9993072150549308,0.5,0.5002345496040511,0.0003949017406882645,167
bks_tau_0_6,CWE-20,,0.0,1.0,0.992010154998088,0.0,1.0,,,,0.992010154998088,0.5,0.5274133115069506,0.013526034211317059,1926
bks_tau_0_6,CWE-269,,0.0,1.0,0.9995146351360884,0.0,1.0,,,,0.9995146351360884,0.5,0.5000871575526862,0.0006330288798952492,117
bks_tau_0_6,CWE-285,,0.0,1.0,0.9988259981916829,0.0,1.0,,,,0.9988259981916829,0.5,0.5158326303297087,0.0029453820512717337,283
bks_tau_0_6,CWE-287,,0.0,1.0,0.998676655712603,0.0,1.0,,,,0.998676655712603,0.5,0.4984375,0.0014427642589280672,319
bks_tau_0_6,CWE-311,,0.0,1.0,0.9998299147642242,0.0,1.0,,,,0.9998299147642242,0.5,0.5000103734009428,0.00016470672207011494,41
bks_tau_0_6,CWE-369,,0.0,1.0,0.9988633343277096,0.0,1.0,,,,0.9988633343277096,0.5,0.4963326763891217,0.0009668412777312747,274
bks_tau_0_6,CWE-400,,0.0,1.0,0.9976022161593168,0.0,1.0,,,,0.9976022161593168,0.5,0.5000810886462843,0.002208184425542156,578
bks_tau_0_6,CWE-404,,0.0,1.0,0.9949098971680701,0.0,1.0,,,,0.9949098971680701,0.5,0.49904172810924285,0.0031813736139553175,1227
bks_tau_0_6,CWE-476,,0.0,1.0,0.9930182196573243,0.0,1.0,,,,0.9930182196573243,0.5,0.5123561557227497,0.017538121905631438,1683
bks_tau_0_6,CWE-573,,0.0,1.0,0.9997759859372172,0.0,1.0,,,,0.9997759859372172,0.5,0.5007219834837636,0.00019106827858887988,54
bks_tau_0_6,CWE-662,,0.0,1.0,0.9967020111331151,0.0,1.0,,,,0.9967020111331151,0.5,0.5064566514264095,0.006777801991323888,795
bks_tau_0_6,CWE-665,,0.0,1.0,0.9994150734833767,0.0,1.0,,,,0.9994150734833767,0.5,0.5036506856121934,0.014615016760017752,141
bks_tau_0_6,CWE-668,,0.0,1.0,0.9943415640307777,0.0,1.0,,,,0.9943415640307777,0.5,0.6044478562077967,0.014565492435589033,1364
bks_tau_0_6,CWE-704,,0.0,1.0,0.9981746979856234,0.0,1.0,,,,0.9981746979856234,0.5,0.4987617595582149,0.001143046852101751,440
bks_tau_0_6,CWE-705,,0.0,1.0,0.9989048190667192,0.0,1.0,,,,0.9989048190667192,0.5,0.5000353000814043,0.0012429241272665236,264
bks_tau_0_6,CWE-706,,0.0,1.0,0.9966522302207153,0.0,1.0,,,,0.9966522302207153,0.5,0.49933934036348565,0.0022788472165985525,807
bks_tau_0_6,CWE-74,,0.0,1.0,0.9961087884430768,0.0,1.0,,,,0.9961087884430768,0.5,0.6234577063560627,0.06454533375213313,938
bks_tau_0_6,CWE-754,,0.0,1.0,0.9993072143665802,0.0,1.0,,,,0.9993072143665802,0.5,0.50599665652345,0.009518487060712922,167
bks_tau_0_6,CWE-834,,0.0,1.0,0.9985439065268225,0.0,1.0,,,,0.9985439065268225,0.5,0.50419639341841,0.0024494834926427813,351
bks_tau_0_7,CWE-1164,,0.0,1.0,0.9996930176638366,0.0,1.0,,,,0.9996930176638366,0.5,0.5122581812899915,0.00017094018573942887,74
bks_tau_0_7,CWE-118,0.8200000000000001,0.0029286726499763815,0.9999305774003743,0.9562091347196221,6.942259962576095e-05,0.9970713273500236,0.00724807180966765,0.004564455512242722,0.0421260471895549,0.9561512685508216,0.5014296250251753,0.6635480635142383,0.14303429365626416,10585
bks_tau_0_7,CWE-190,1.0,0.0071149138083339645,1.0,0.9942085760436884,0.0,0.9928850861916662,0.014099612613218635,0.008873125640790095,0.08121288481903946,0.9942088157054355,0.503557456904167,0.529846796407789,0.023030043359947266,1406
bks_tau_0_7,CWE-191,,0.0,1.0,0.9993072150549308,0.0,1.0,,,,0.9993072150549308,0.5,0.5002345496040511,0.0003949017406882645,167
bks_tau_0_7,CWE-20,,0.0,1.0,0.992010154998088,0.0,1.0,,,,0.992010154998088,0.5,0.5274133115069506,0.013526034211317059,1926
bks_tau_0_7,CWE-269,,0.0,1.0,0.9995146351360884,0.0,1.0,,,,0.9995146351360884,0.5,0.5000871575526862,0.0006330288798952492,117
bks_tau_0_7,CWE-285,,0.0,1.0,0.9988259981916829,0.0,1.0,,,,0.9988259981916829,0.5,0.5158326303297087,0.0029453820512717337,283
bks_tau_0_7,CWE-287,,0.0,1.0,0.998676655712603,0.0,1.0,,,,0.998676655712603,0.5,0.4984375,0.0014427642589280672,319
bks_tau_0_7,CWE-311,,0.0,1.0,0.9998299147642242,0.0,1.0,,,,0.9998299147642242,0.5,0.5000103734009428,0.00016470672207011494,41
bks_tau_0_7,CWE-369,,0.0,1.0,0.9988633343277096,0.0,1.0,,,,0.9988633343277096,0.5,0.4963326763891217,0.0009668412777312747,274
bks_tau_0_7,CWE-400,,0.0,1.0,0.9976022161593168,0.0,1.0,,,,0.9976022161593168,0.5,0.5000810886462843,0.002208184425542156,578
bks_tau_0_7,CWE-404,,0.0,1.0,0.9949098971680701,0.0,1.0,,,,0.9949098971680701,0.5,0.49904172810924285,0.0031813736139553175,1227
bks_tau_0_7,CWE-476,,0.0,1.0,0.9930182196573243,0.0,1.0,,,,0.9930182196573243,0.5,0.5123561557227497,0.017538121905631438,1683
bks_tau_0_7,CWE-573,,0.0,1.0,0.9997759859372172,0.0,1.0,,,,0.9997759859372172,0.5,0.5007219834837636,0.00019106827858887988,54
bks_tau_0_7,CWE-662,,0.0,1.0,0.9967020111331151,0.0,1.0,,,,0.9967020111331151,0.5,0.5064566514264095,0.006777801991323888,795
bks_tau_0_7,CWE-665,,0.0,1.0,0.9994150734833767,0.0,1.0,,,,0.9994150734833767,0.5,0.5036506856121934,0.014615016760017752,141
bks_tau_0_7,CWE-668,,0.0,1.0,0.9943415640307777,0.0,1.0,,,,0.9943415640307777,0.5,0.6044478562077967,0.014565492435589033,1364
bks_tau_0_7,CWE-704,,0.0,1.0,0.9981746979856234,0.0,1.0,,,,0.9981746979856234,0.5,0.4987617595582149,0.001143046852101751,440
bks_tau_0_7,CWE-705,,0.0,1.0,0.9989048190667192,0.0,1.0,,,,0.9989048190667192,0.5,0.5000353000814043,0.0012429241272665236,264
bks_tau_0_7,CWE-706,,0.0,1.0,0.9966522302207153,0.0,1.0,,,,0.9966522302207153,0.5,0.49933934036348565,0.0022788472165985525,807
bks_tau_0_7,CWE-74,,0.0,1.0,0.9961087884430768,0.0,1.0,,,,0.9961087884430768,0.5,0.6234577063560627,0.06454533375213313,938
bks_tau_0_7,CWE-754,,0.0,1.0,0.9993072143665802,0.0,1.0,,,,0.9993072143665802,0.5,0.50599665652345,0.009518487060712922,167
bks_tau_0_7,CWE-834,,0.0,1.0,0.9985439065268225,0.0,1.0,,,,0.9985439065268225,0.5,0.50419639341841,0.0024494834926427813,351
bks_tau_0_8,CWE-1164,,0.0,1.0,0.9996930176638366,0.0,1.0,,,,0.9996930176638366,0.5,0.5122581812899915,0.00017094018573942887,74
bks_tau_0_8,CWE-118,,0.0,1.0,0.956089041313235,0.0,1.0,,,,0.956089041313235,0.5,0.6635480635142383,0.14303429365626416,10585
bks_tau_0_8,CWE-190,1.0,0.004267938719365993,1.0,0.9941920766479214,0.0,0.995732061280634,0.01060697190687417,0.006658782937512444,0.07177443071921544,0.9941922209493784,0.502133969359683,0.529846796407789,0.023030043359947266,1406
bks_tau_0_8,CWE-191,,0.0,1.0,0.9993072150549308,0.0,1.0,,,,0.9993072150549308,0.5,0.5002345496040511,0.0003949017406882645,167
bks_tau_0_8,CWE-20,,0.0,1.0,0.992010154998088,0.0,1.0,,,,0.992010154998088,0.5,0.5274133115069506,0.013526034211317059,1926
bks_tau_0_8,CWE-269,,0.0,1.0,0.9995146351360884,0.0,1.0,,,,0.9995146351360884,0.5,0.5000871575526862,0.0006330288798952492,117
bks_tau_0_8,CWE-285,,0.0,1.0,0.9988259981916829,0.0,1.0,,,,0.9988259981916829,0.5,0.5158326303297087,0.0029453820512717337,283
bks_tau_0_8,CWE-287,,0.0,1.0,0.998676655712603,0.0,1.0,,,,0.998676655712603,0.5,0.4984375,0.0014427642589280672,319
bks_tau_0_8,CWE-311,,0.0,1.0,0.9998299147642242,0.0,1.0,,,,0.9998299147642242,0.5,0.5000103734009428,0.00016470672207011494,41
bks_tau_0_8,CWE-369,,0.0,1.0,0.9988633343277096,0.0,1.0,,,,0.9988633343277096,0.5,0.4963326763891217,0.0009668412777312747,274
bks_tau_0_8,CWE-400,,0.0,1.0,0.9976022161593168,0.0,1.0,,,,0.9976022161593168,0.5,0.5000810886462843,0.002208184425542156,578
bks_tau_0_8,CWE-404,,0.0,1.0,0.9949098971680701,0.0,1.0,,,,0.9949098971680701,0.5,0.49904172810924285,0.0031813736139553175,1227
bks_tau_0_8,CWE-476,,0.0,1.0,0.9930182196573243,0.0,1.0,,,,0.9930182196573243,0.5,0.5123561557227497,0.017538121905631438,1683
bks_tau_0_8,CWE-573,,0.0,1.0,0.9997759859372172,0.0,1.0,,,,0.9997759859372172,0.5,0.5007219834837636,0.00019106827858887988,54
bks_tau_0_8,CWE-662,,0.0,1.0,0.9967020111331151,0.0,1.0,,,,0.9967020111331151,0.5,0.5064566514264095,0.006777801991323888,795
bks_tau_0_8,CWE-665,,0.0,1.0,0.9994150734833767,0.0,1.0,,,,0.9994150734833767,0.5,0.5036506856121934,0.014615016760017752,141
bks_tau_0_8,CWE-668,,0.0,1.0,0.9943415640307777,0.0,1.0,,,,0.9943415640307777,0.5,0.6044478562077967,0.014565492435589033,1364
bks_tau_0_8,CWE-704,,0.0,1.0,0.9981746979856234,0.0,1.0,,,,0.9981746979856234,0.5,0.4987617595582149,0.001143046852101751,440
bks_tau_0_8,CWE-705,,0.0,1.0,0.9989048190667192,0.0,1.0,,,,0.9989048190667192,0.5,0.5000353000814043,0.0012429241272665236,264
bks_tau_0_8,CWE-706,,0.0,1.0,0.9966522302207153,0.0,1.0,,,,0.9966522302207153,0.5,0.49933934036348565,0.0022788472165985525,807
bks_tau_0_8,CWE-74,,0.0,1.0,0.9961087884430768,0.0,1.0,,,,0.9961087884430768,0.5,0.6234577063560627,0.06454533375213313,938
bks_tau_0_8,CWE-754,,0.0,1.0,0.9993072143665802,0.0,1.0,,,,0.9993072143665802,0.5,0.50599665652345,0.009518487060712922,167
bks_tau_0_8,CWE-834,,0.0,1.0,0.9985439065268225,0.0,1.0,,,,0.9985439065268225,0.5,0.50419639341841,0.0024494834926427813,351
bks_tau_0_9,CWE-1164,,0.0,1.0,0.9996930176638366,0.0,1.0,,,,0.9996930176638366,0.5,0.5122581812899915,0.00017094018573942887,74
bks_tau_0_9,CWE-118,,0.0,1.0,0.956089041313235,0.0,1.0,,,,0.956089041313235,0.5,0.6635480635142383,0.14303429365626416,10585
bks_tau_0_9,CWE-190,,0.0,1.0,0.9941673307943383,0.0,1.0,,,,0.9941673307943383,0.5,0.529846796407789,0.023030043359947266,1406
bks_tau_0_9,CWE-191,,0.0,1.0,0.9993072150549308,0.0,1.0,,,,0.9993072150549308,0.5,0.5002345496040511,0.0003949017406882645,167
bks_tau_0_9,CWE-20,,0.0,1.0,0.992010154998088,0.0,1.0,,,,0.992010154998088,0.5,0.5274133115069506,0.013526034211317059,1926
bks_tau_0_9,CWE-269,,0.0,1.0,0.9995146351360884,0.0,1.0,,,,0.9995146351360884,0.5,0.5000871575526862,0.0006330288798952492,117
bks_tau_0_9,CWE-285,,0.0,1.0,0.9988259981916829,0.0,1.0,,,,0.9988259981916829,0.5,0.5158326303297087,0.0029453820512717337,283
bks_tau_0_9,CWE-287,,0.0,1.0,0.998676655712603,0.0,1.0,,,,0.998676655712603,0.5,0.4984375,0.0014427642589280672,319
bks_tau_0_9,CWE-311,,0.0,1.0,0.9998299147642242,0.0,1.0,,,,0.9998299147642242,0.5,0.5000103734009428,0.00016470672207011494,41
bks_tau_0_9,CWE-369,,0.0,1.0,0.9988633343277096,0.0,1.0,,,,0.9988633343277096,0.5,0.4963326763891217,0.0009668412777312747,274
bks_tau_0_9,CWE-400,,0.0,1.0,0.9976022161593168,0.0,1.0,,,,0.9976022161593168,0.5,0.5000810886462843,0.002208184425542156,578
bks_tau_0_9,CWE-404,,0.0,1.0,0.9949098971680701,0.0,1.0,,,,0.9949098971680701,0.5,0.49904172810924285,0.0031813736139553175,1227
bks_tau_0_9,CWE-476,,0.0,1.0,0.9930182196573243,0.0,1.0,,,,0.9930182196573243,0.5,0.5123561557227497,0.017538121905631438,1683
bks_tau_0_9,CWE-573,,0.0,1.0,0.9997759859372172,0.0,1.0,,,,0.9997759859372172,0.5,0.5007219834837636,0.00019106827858887988,54
bks_tau_0_9,CWE-662,,0.0,1.0,0.9967020111331151,0.0,1.0,,,,0.9967020111331151,0.5,0.5064566514264095,0.006777801991323888,795
bks_tau_0_9,CWE-665,,0.0,1.0,0.9994150734833767,0.0,1.0,,,,0.9994150734833767,0.5,0.5036506856121934,0.014615016760017752,141
bks_tau_0_9,CWE-668,,0.0,1.0,0.9943415640307777,0.0,1.0,,,,0.9943415640307777,0.5,0.6044478562077967,0.014565492435589033,1364
bks_tau_0_9,CWE-704,,0.0,1.0,0.9981746979856234,0.0,1.0,,,,0.9981746979856234,0.5,0.4987617595582149,0.001143046852101751,440
bks_tau_0_9,CWE-705,,0.0,1.0,0.9989048190667192,0.0,1.0,,,,0.9989048190667192,0.5,0.5000353000814043,0.0012429241272665236,264
bks_tau_0_9,CWE-706,,0.0,1.0,0.9966522302207153,0.0,1.0,,,,0.9966522302207153,0.5,0.49933934036348565,0.0022788472165985525,807
bks_tau_0_9,CWE-74,,0.0,1.0,0.9961087884430768,0.0,1.0,,,,0.9961087884430768,0.5,0.6234577063560627,0.06454533375213313,938
bks_tau_0_9,CWE-754,,0.0,1.0,0.9993072143665802,0.0,1.0,,,,0.9993072143665802,0.5,0.50599665652345,0.009518487060712922,167
bks_tau_0_9,CWE-834,,0.0,1.0,0.9985439065268225,0.0,1.0,,,,0.9985439065268225,0.5,0.50419639341841,0.0024494834926427813,351
logistic_regression_tau_0_1,CWE-1164,0.0003145251704700969,1.0,0.02400595366327484,1.0,0.975994046336725,0.0,0.0006288524136049047,0.0015706484467794008,0.0027468166717123945,0.024305571932585996,0.5120029768316374,0.5122581812899915,0.00017094018573942887,74
logistic_regression_tau_0_1,CWE-118,0.04391095868676494,1.0,0.0,,1.0,0.0,0.08412778563498187,0.18675281304928476,,0.04391095868676494,0.5,0.6638789729861393,0.1395570729724513,10585
logistic_regression_tau_0_1,CWE-190,0.0058326692056617675,1.0,0.0,,1.0,0.0,0.011597692778895009,0.028498456523285733,,0.0058326692056617675,0.5,0.5312202227610378,0.023068385021410988,1406
logistic_regression_tau_0_1,CWE-191,0.000692784945069186,1.0,0.0,,1.0,0.0,0.0013846104470185603,0.003454350188200469,,0.000692784945069186,0.5,0.5,0.0003948013545587435,167
logistic_regression_tau_0_1,CWE-20,0.007989845001912006,1.0,0.0,,1.0,0.0,0.015853026633360075,0.03871201173373847,,0.007989845001912006,0.5,0.5279176618623797,0.014020722014025083,1926
logistic_regression_tau_0_1,CWE-269,0.0004853648639115706,1.0,0.0,,1.0,0.0,0.0009702585911718247,0.0024221198059796315,,0.0004853648639115706,0.5,0.5,0.000632828939766695,117
logistic_regression_tau_0_1,CWE-285,0.0011740982013941643,1.0,8.305647840531562e-05,1.0,0.9999169435215947,0.0,0.002345442418323295,0.005843047726568467,0.0006946407778885381,0.0012569618215906788,0.5000415282392027,0.5157683765309071,0.00294513300474319,283
logistic_regression_tau_0_1,CWE-287,0.0013233442873970792,1.0,0.0,,1.0,0.0,0.0026431905845919214,0.006581879685947018,,0.0013233442873970792,0.5,0.5,0.0014428917328409285,319
logistic_regression_tau_0_1,CWE-311,0.00017008523577578287,1.0,0.0,,1.0,0.0,0.0003401124856118325,0.000849846616612624,,0.00017008523577578287,0.5,0.5,0.00016470132092492285,41
logistic_regression_tau_0_1,CWE-369,0.0011366656722903788,1.0,0.0,,1.0,0.0,0.0022707501220217883,0.005657603766406826,,0.0011366656722903788,0.5,0.4963368291268141,0.0009668543914428151,274
logistic_regression_tau_0_1,CWE-400,0.002397783840683223,1.0,0.0,,1.0,0.0,0.004784096240070863,0.01187502216220125,,0.002397783840683223,0.5,0.5,0.002207682486519804,578
logistic_regression_tau_0_1,CWE-404,0.0050866297508496295,0.9991869918699188,0.00012924744632061705,0.96875,0.9998707525536794,0.0008130081300813009,0.010121731881887749,0.024925585029032575,-0.009458017824006862,0.005214542851840381,0.4996581196581197,0.49935575861805803,0.00318345049712167,1227
logistic_regression_tau_0_1,CWE-476,0.0069817803426757,1.0,0.0,,1.0,0.0,0.013866745903417323,0.033960481236263766,,0.0069817803426757,0.5,0.5123561557227497,0.017538121905631438,1683
logistic_regression_tau_0_1,CWE-573,0.0002240158700404518,1.0,8.299185643301993e-06,1.0,0.9999917008143566,0.0,0.0004479312590291067,0.0011190752161512596,6.72054030967426e-05,0.00023231144081134963,0.5000041495928216,0.5007219834837636,0.00019106827858887988,54
logistic_regression_tau_0_1,CWE-662,0.0032979888668850385,1.0,0.0,,1.0,0.0,0.006574295779365349,0.016275242064738703,,0.0032979888668850385,0.5,0.5064317568427039,0.006756622371734347,795
logistic_regression_tau_0_1,CWE-665,0.0005854607620335109,1.0,0.000913188513361036,1.0,0.9990868114866389,0.0,0.0011702362586298357,0.0029204631684289677,0.0007299400464753258,0.0014975809656894358,0.5004565942566805,0.5034090037094947,0.008292809731119295,141
logistic_regression_tau_0_1,CWE-668,0.005658435969222305,1.0,0.0,,1.0,0.0,0.011253196317309075,0.027665993573092167,,0.005658435969222305,0.5,0.6058273193783592,0.014583391346328278,1364
logistic_regression_tau_0_1,CWE-704,0.001825302014376625,1.0,0.0,,1.0,0.0,0.0036439527144873285,0.009060358508978619,,0.001825302014376625,0.5,0.4987617595582149,0.001143046852101751,440
logistic_regression_tau_0_1,CWE-705,0.0010951809332807414,1.0,0.0,,1.0,0.0,0.002187965512251423,0.00545201952195286,,0.0010951809332807414,0.5,0.5,0.0012428230768391016,264
logistic_regression_tau_0_1,CWE-706,0.0033477697792846997,1.0,0.0,,1.0,0.0,0.006673199019991039,0.016517657630948222,,0.0033477697792846997,0.5,0.49995629578511147,0.0022820704196393803,807
logistic_regression_tau_0_1,CWE-74,0.003891211556923292,1.0,0.0,,1.0,0.0,0.007752257242961242,0.019157866603010675,,0.003891211556923292,0.5,0.6234234228491682,0.06454503051946792,938
logistic_regression_tau_0_1,CWE-754,0.0006927856334197774,1.0,0.0,,1.0,0.0,0.0013846118198993275,0.003454353591927645,,0.0006927856334197774,0.5,0.50599665652345,0.009518487060712922,167
logistic_regression_tau_0_1,CWE-834,0.001456093473177496,1.0,0.0,,1.0,0.0,0.002907952556708425,0.007238307380360226,,0.001456093473177496,0.5,0.50419639341841,0.0024494834926427813,351
logistic_regression_tau_0_2,CWE-1164,0.0003145251704700969,1.0,0.02400595366327484,1.0,0.975994046336725,0.0,0.0006288524136049047,0.0015706484467794008,0.0027468166717123945,0.024305571932585996,0.5120029768316374,0.5122581812899915,0.00017094018573942887,74
logistic_regression_tau_0_2,CWE-118,0.04391095868676494,1.0,0.0,,1.0,0.0,0.08412778563498187,0.18675281304928476,,0.04391095868676494,0.5,0.6638789729861393,0.1395570729724513,10585
logistic_regression_tau_0_2,CWE-190,0.0058326692056617675,1.0,0.0,,1.0,0.0,0.011597692778895009,0.028498456523285733,,0.0058326692056617675,0.5,0.5312202227610378,0.023068385021410988,1406
logistic_regression_tau_0_2,CWE-191,0.000692784945069186,1.0,0.0,,1.0,0.0,0.0013846104470185603,0.003454350188200469,,0.000692784945069186,0.5,0.5,0.0003948013545587435,167
logistic_regression_tau_0_2,CWE-20,0.007989845001912006,1.0,0.0,,1.0,0.0,0.015853026633360075,0.03871201173373847,,0.007989845001912006,0.5,0.5279176618623797,0.014020722014025083,1926
logistic_regression_tau_0_2,CWE-269,0.0004853648639115706,1.0,0.0,,1.0,0.0,0.0009702585911718247,0.0024221198059796315,,0.0004853648639115706,0.5,0.5,0.000632828939766695,117
logistic_regression_tau_0_2,CWE-285,0.0011740982013941643,1.0,8.305647840531562e-05,1.0,0.9999169435215947,0.0,0.002345442418323295,0.005843047726568467,0.0006946407778885381,0.0012569618215906788,0.5000415282392027,0.5157683765309071,0.00294513300474319,283
logistic_regression_tau_0_2,CWE-287,0.0013233442873970792,1.0,0.0,,1.0,0.0,0.0026431905845919214,0.006581879685947018,,0.0013233442873970792,0.5,0.5,0.0014428917328409285,319
logistic_regression_tau_0_2,CWE-311,0.00017008523577578287,1.0,0.0,,1.0,0.0,0.0003401124856118325,0.000849846616612624,,0.00017008523577578287,0.5,0.5,0.00016470132092492285,41
logistic_regression_tau_0_2,CWE-369,0.0011366656722903788,1.0,0.0,,1.0,0.0,0.0022707501220217883,0.005657603766406826,,0.0011366656722903788,0.5,0.4963368291268141,0.0009668543914428151,274
logistic_regression_tau_0_2,CWE-400,0.002397783840683223,1.0,0.0,,1.0,0.0,0.004784096240070863,0.01187502216220125,,0.002397783840683223,0.5,0.5,0.002207682486519804,578
logistic_regression_tau_0_2,CWE-404,0.0050866297508496295,0.9991869918699188,0.00012924744632061705,0.96875,0.9998707525536794,0.0008130081300813009,0.010121731881887749,0.024925585029032575,-0.009458017824006862,0.005214542851840381,0.4996581196581197,0.49935575861805803,0.00318345049712167,1227
logistic_regression_tau_0_2,CWE-476,0.0069817803426757,1.0,0.0,,1.0,0.0,0.013866745903417323,0.033960481236263766,,0.0069817803426757,0.5,0.5123561557227497,0.017538121905631438,1683
logistic_regression_tau_0_2,CWE-573,0.0002243310788742195,1.0,0.0014107733239456697,1.0,0.9985892266760544,0.0,0.00044856139320368255,0.0011206484282598734,0.0005619933462714066,0.0016344707523396913,0.5007053866619728,0.5007219834837636,0.00019106827858887988,54
logistic_regression_tau_0_2,CWE-662,0.0032979888668850385,1.0,0.0,,1.0,0.0,0.006574295779365349,0.016275242064738703,,0.0032979888668850385,0.5,0.5064317568427039,0.006756622371734347,795
logistic_regression_tau_0_2,CWE-665,0.0005815115714610096,0.993103448275862,0.001257729816806449,0.9984251968503937,0.9987422701831935,0.006896551724137931,0.0011623423853975967,0.0029007622178747333,-0.0024653929249827335,0.0018377664082416562,0.4971805890463343,0.5034090037094947,0.008292809731119295,141
logistic_regression_tau_0_2,CWE-668,0.005658435969222305,1.0,0.0,,1.0,0.0,0.011253196317309075,0.027665993573092167,,0.005658435969222305,0.5,0.6058273193783592,0.014583391346328278,1364
logistic_regression_tau_0_2,CWE-704,0.001825302014376625,1.0,0.0,,1.0,0.0,0.0036439527144873285,0.009060358508978619,,0.001825302014376625,0.5,0.4987617595582149,0.001143046852101751,440
logistic_regression_tau_0_2,CWE-705,0.0010951809332807414,1.0,0.0,,1.0,0.0,0.002187965512251423,0.00545201952195286,,0.0010951809332807414,0.5,0.5,0.0012428230768391016,264
logistic_regression_tau_0_2,CWE-706,0.0033477697792846997,1.0,0.0,,1.0,0.0,0.006673199019991039,0.016517657630948222,,0.0033477697792846997,0.5,0.49995629578511147,0.0022820704196393803,807
logistic_regression_tau_0_2,CWE-74,0.003891211556923292,1.0,0.0,,1.0,0.0,0.007752257242961242,0.019157866603010675,,0.003891211556923292,0.5,0.6234234228491682,0.06454503051946792,938
logistic_regression_tau_0_2,CWE-754,0.0006927856334197774,1.0,0.0,,1.0,0.0,0.0013846118198993275,0.003454353591927645,,0.0006927856334197774,0.5,0.50599665652345,0.009518487060712922,167
logistic_regression_tau_0_2,CWE-834,0.001456093473177496,1.0,0.0,,1.0,0.0,0.002907952556708425,0.007238307380360226,,0.001456093473177496,0.5,0.50419639341841,0.0024494834926427813,351
logistic_regression_tau_0_3,CWE-1164,0.0003145251704700969,1.0,0.02400595366327484,1.0,0.975994046336725,0.0,0.0006288524136049047,0.0015706484467794008,0.0027468166717123945,0.024305571932585996,0.5120029768316374,0.5122581812899915,0.00017094018573942887,74
logistic_regression_tau_0_3,CWE-118,0.04391095868676494,1.0,0.0,,1.0,0.0,0.08412778563498187,0.18675281304928476,,0.04391095868676494,0.5,0.6638789729861393,0.1395570729724513,10585
logistic_regression_tau_0_3,CWE-190,0.0058326692056617675,1.0,0.0,,1.0,0.0,0.011597692778895009,0.028498456523285733,,0.0058326692056617675,0.5,0.5312202227610378,0.023068385021410988,1406
logistic_regression_tau_0_3,CWE-191,0.000692784945069186,1.0,0.0,,1.0,0.0,0.0013846104470185603,0.003454350188200469,,0.000692784945069186,0.5,0.5,0.0003948013545587435,167
logistic_regression_tau_0_3,CWE-20,0.007989845001912006,1.0,0.0,,1.0,0.0,0.015853026633360075,0.03871201173373847,,0.007989845001912006,0.5,0.5279176618623797,0.014020722014025083,1926
logistic_regression_tau_0_3,CWE-269,0.0004853648639115706,1.0,0.0,,1.0,0.0,0.0009702585911718247,0.0024221198059796315,,0.0004853648639115706,0.5,0.5,0.000632828939766695,117
logistic_regression_tau_0_3,CWE-285,0.001174597236952578,1.0,0.0005067085119766686,1.0,0.9994932914880232,0.0,0.0023464381400289626,0.00584551953415364,0.0007677087798111397,0.0016801145054975357,0.5002533542559883,0.5157683765309071,0.00294513300474319,283
logistic_regression_tau_0_3,CWE-287,0.0013233442873970792,1.0,0.0,,1.0,0.0,0.0026431905845919214,0.006581879685947018,,0.0013233442873970792,0.5,0.5,0.0014428917328409285,319
logistic_regression_tau_0_3,CWE-311,0.00017008523577578287,1.0,0.0,,1.0,0.0,0.0003401124856118325,0.000849846616612624,,0.00017008523577578287,0.5,0.5,0.00016470132092492285,41
logistic_regression_tau_0_3,CWE-369,0.0011366656722903788,1.0,0.0,,1.0,0.0,0.0022707501220217883,0.005657603766406826,,0.0011366656722903788,0.5,0.4963368291268141,0.0009668543914428151,274
logistic_regression_tau_0_3,CWE-400,0.002397783840683223,1.0,0.0,,1.0,0.0,0.004784096240070863,0.01187502216220125,,0.002397783840683223,0.5,0.5,0.002207682486519804,578
logistic_regression_tau_0_3,CWE-404,0.005086883076868607,0.9991869918699188,0.00017927871586408172,0.9772727272727273,0.9998207212841359,0.0008130081300813009,0.010122233399289204,0.024926801462196592,-0.007476573467107574,0.005264318859804542,0.4996831352928914,0.49935575861805803,0.00318345049712167,1227
logistic_regression_tau_0_3,CWE-476,0.0069817803426757,1.0,0.0,,1.0,0.0,0.013866745903417323,0.033960481236263766,,0.0069817803426757,0.5,0.5123561557227497,0.017538121905631438,1683
logistic_regression_tau_0_3,CWE-573,0.0002243310788742195,1.0,0.0014107733239456697,1.0,0.9985892266760544,0.0,0.00044856139320368255,0.0011206484282598734,0.0005619933462714066,0.0016344707523396913,0.5007053866619728,0.5007219834837636,0.00019106827858887988,54
logistic_regression_tau_0_3,CWE-662,0.0032979888668850385,1.0,0.0,,1.0,0.0,0.006574295779365349,0.016275242064738703,,0.0032979888668850385,0.5,0.5064317568427039,0.006756622371734347,795
logistic_regression_tau_0_3,CWE-665,0.0005815453758252995,0.993103448275862,0.0013158432360664447,0.9984251968503937,0.9986841567639335,0.006896551724137931,0.0011624099155771984,0.0029009304562553763,-0.0024437794072856003,0.001895846075421015,0.4972096457559643,0.5034090037094947,0.008292809731119295,141
logistic_regression_tau_0_3,CWE-668,0.005658435969222305,1.0,0.0,,1.0,0.0,0.011253196317309075,0.027665993573092167,,0.005658435969222305,0.5,0.6058273193783592,0.014583391346328278,1364
logistic_regression_tau_0_3,CWE-704,0.0018212812155404853,0.9977272727272727,6.64907432418393e-05,0.9411764705882353,0.9999335092567581,0.0022727272727272726,0.0036359253041506807,0.009040395642006248,-0.025079497899128948,0.001887523314801804,0.4988968817352573,0.4987617595582149,0.001143046852101751,440
logistic_regression_tau_0_3,CWE-705,0.0010951809332807414,1.0,0.0,,1.0,0.0,0.002187965512251423,0.00545201952195286,,0.0010951809332807414,0.5,0.5,0.0012428230768391016,264
logistic_regression_tau_0_3,CWE-706,0.0033477697792846997,1.0,0.0,,1.0,0.0,0.006673199019991039,0.016517657630948222,,0.0033477697792846997,0.5,0.49995629578511147,0.0022820704196393803,807
logistic_regression_tau_0_3,CWE-74,0.003891211556923292,1.0,0.0,,1.0,0.0,0.007752257242961242,0.019157866603010675,,0.003891211556923292,0.5,0.6234234228491682,0.06454503051946792,938
logistic_regression_tau_0_3,CWE-754,0.0006927856334197774,1.0,0.0,,1.0,0.0,0.0013846118198993275,0.003454353591927645,,0.0006927856334197774,0.5,0.50599665652345,0.009518487060712922,167
logistic_regression_tau_0_3,CWE-834,0.001456093473177496,1.0,0.0,,1.0,0.0,0.002907952556708425,0.007238307380360226,,0.001456093473177496,0.5,0.50419639341841,0.0024494834926427813,351
logistic_regression_tau_0_4,CWE-1164,0.0003146898223347327,1.0,0.024516362579982964,1.0,0.9754836374200171,0.0,0.0006291815099203335,0.0015714696349020281,0.002776638046429008,0.024815824026022764,0.5122581812899915,0.5122581812899915,0.00017094018573942887,74
logistic_regression_tau_0_4,CWE-118,0.2365902896912544,0.38393953708077466,0.9431034301333062,0.9708728842029549,0.05689656986669378,0.6160604629192253,0.2927600262157913,0.3414024254372749,0.26047498090139476,0.9185500230662497,0.6635214836070404,0.6638789729861393,0.1395570729724513,10585
logistic_regression_tau_0_4,CWE-190,0.0058326692056617675,1.0,0.0,,1.0,0.0,0.011597692778895009,0.028498456523285733,,0.0058326692056617675,0.5,0.5312202227610378,0.023068385021410988,1406
logistic_regression_tau_0_4,CWE-191,0.000692784945069186,1.0,0.0,,1.0,0.0,0.0013846104470185603,0.003454350188200469,,0.000692784945069186,0.5,0.5,0.0003948013545587435,167
logistic_regression_tau_0_4,CWE-20,0.007989845001912006,1.0,0.0,,1.0,0.0,0.015853026633360075,0.03871201173373847,,0.007989845001912006,0.5,0.5279176618623797,0.014020722014025083,1926
logistic_regression_tau_0_4,CWE-269,0.0004853648639115706,1.0,0.0,,1.0,0.0,0.0009702585911718247,0.0024221198059796315,,0.0004853648639115706,0.5,0.5,0.000632828939766695,117
logistic_regression_tau_0_4,CWE-285,0.001174597236952578,1.0,0.0005067085119766686,1.0,0.9994932914880232,0.0,0.0023464381400289626,0.00584551953415364,0.0007677087798111397,0.0016801145054975357,0.5002533542559883,0.5157683765309071,0.00294513300474319,283
logistic_regression_tau_0_4,CWE-287,0.0013233442873970792,1.0,0.0,,1.0,0.0,0.0026431905845919214,0.006581879685947018,,0.0013233442873970792,0.5,0.5,0.0014428917328409285,319
logistic_regression_tau_0_4,CWE-311,0.00017008523577578287,1.0,0.0,,1.0,0.0,0.0003401124856118325,0.000849846616612624,,0.00017008523577578287,0.5,0.5,0.00016470132092492285,41
logistic_regression_tau_0_4,CWE-369,0.0011366656722903788,1.0,0.0,,1.0,0.0,0.0022707501220217883,0.005657603766406826,,0.0011366656722903788,0.5,0.4963368291268141,0.0009668543914428151,274
logistic_regression_tau_0_4,CWE-400,0.002397783840683223,1.0,0.0,,1.0,0.0,0.004784096240070863,0.01187502216220125,,0.002397783840683223,0.5,0.5,0.002207682486519804,578
logistic_regression_tau_0_4,CWE-404,0.005086883076868607,0.9991869918699188,0.00017927871586408172,0.9772727272727273,0.9998207212841359,0.0008130081300813009,0.010122233399289204,0.024926801462196592,-0.007476573467107574,0.005264318859804542,0.4996831352928914,0.49935575861805803,0.00318345049712167,1227
logistic_regression_tau_0_4,CWE-476,0.0069817803426757,1.0,0.0,,1.0,0.0,0.013866745903417323,0.033960481236263766,,0.0069817803426757,0.5,0.5123561557227497,0.017538121905631438,1683
logistic_regression_tau_0_4,CWE-573,0.0002243310788742195,1.0,0.0014107733239456697,1.0,0.9985892266760544,0.0,0.00044856139320368255,0.0011206484282598734,0.0005619933462714066,0.0016344707523396913,0.5007053866619728,0.5007219834837636,0.00019106827858887988,54
logistic_regression_tau_0_4,CWE-662,0.0032979888668850385,1.0,0.0,,1.0,0.0,0.006574295779365349,0.016275242064738703,,0.0032979888668850385,0.5,0.5064317568427039,0.006756622371734347,795
logistic_regression_tau_0_4,CWE-665,0.0005815574397201018,0.993103448275862,0.0013365957211765366,0.9984251968503937,0.9986634042788236,0.006896551724137931,0.0011624340153452736,0.002900990496244771,-0.002434917811940835,0.0019165865088960747,0.49722002199851933,0.5034090037094947,0.008292809731119295,141
logistic_regression_tau_0_4,CWE-668,0.005658435969222305,1.0,0.0,,1.0,0.0,0.011253196317309075,0.027665993573092167,,0.005658435969222305,0.5,0.6058273193783592,0.014583391346328278,1364
logistic_regression_tau_0_4,CWE-704,0.0018212812155404853,0.9977272727272727,6.64907432418393e-05,0.9411764705882353,0.9999335092567581,0.0022727272727272726,0.0036359253041506807,0.009040395642006248,-0.025079497899128948,0.001887523314801804,0.4988968817352573,0.4987617595582149,0.001143046852101751,440
logistic_regression_tau_0_4,CWE-705,0.0010951809332807414,1.0,0.0,,1.0,0.0,0.002187965512251423,0.00545201952195286,,0.0010951809332807414,0.5,0.5,0.0012428230768391016,264
logistic_regression_tau_0_4,CWE-706,0.0033477697792846997,1.0,0.0,,1.0,0.0,0.006673199019991039,0.016517657630948222,,0.0033477697792846997,0.5,0.49995629578511147,0.0022820704196393803,807
logistic_regression_tau_0_4,CWE-74,0.003891211556923292,1.0,0.0,,1.0,0.0,0.007752257242961242,0.019157866603010675,,0.003891211556923292,0.5,0.6234234228491682,0.06454503051946792,938
logistic_regression_tau_0_4,CWE-754,0.0006927856334197774,1.0,0.0,,1.0,0.0,0.0013846118198993275,0.003454353591927645,,0.0006927856334197774,0.5,0.50599665652345,0.009518487060712922,167
logistic_regression_tau_0_4,CWE-834,0.001456093473177496,1.0,0.0,,1.0,0.0,0.002907952556708425,0.007238307380360226,,0.001456093473177496,0.5,0.50419639341841,0.0024494834926427813,351
logistic_regression_tau_0_5,CWE-1164,0.0003146898223347327,1.0,0.024516362579982964,1.0,0.9754836374200171,0.0,0.0006291815099203335,0.0015714696349020281,0.002776638046429008,0.024815824026022764,0.5122581812899915,0.5122581812899915,0.00017094018573942887,74
logistic_regression_tau_0_5,CWE-118,0.23646569294139885,0.3828058573452999,0.9432292591130433,0.9708245998704278,0.056770740886956626,0.6171941426547001,0.2923329833442311,0.3406313133158744,0.2599642675174063,0.9186205465633573,0.6630175582291716,0.6638789729861393,0.1395570729724513,10585
logistic_regression_tau_0_5,CWE-190,0.07053678476967809,0.06756265616718407,0.9947757129919623,0.9945308758050808,0.005224287008037825,0.932437343832816,0.06894765624154184,0.06809414201324601,0.06365641275640822,0.9893676108961482,0.5311691845795731,0.5312202227610378,0.023068385021410988,1406
logistic_regression_tau_0_5,CWE-191,0.000692784945069186,1.0,0.0,,1.0,0.0,0.0013846104470185603,0.003454350188200469,,0.000692784945069186,0.5,0.5,0.0003948013545587435,167
logistic_regression_tau_0_5,CWE-20,0.04022456583620791,0.06906399300181683,0.9867477844751467,0.9924586091460949,0.013252215524853473,0.9309360069981831,0.050822962324295194,0.06038526191327757,0.04270232869040732,0.9794155602399164,0.5279058887384818,0.5279176618623797,0.014020722014025083,1926
logistic_regression_tau_0_5,CWE-269,0.0004853648639115706,1.0,0.0,,1.0,0.0,0.0009702585911718247,0.0024221198059796315,,0.0004853648639115706,0.5,0.5,0.000632828939766695,117
logistic_regression_tau_0_5,CWE-285,0.04892598064075144,0.03176691729323308,0.999277323255557,0.9988624706045091,0.0007226767444430812,0.968233082706767,0.03842640682533399,0.034119877256053074,0.038467380763255066,0.998141506580645,0.515522120274395,0.5157683765309071,0.00294513300474319,283
logistic_regression_tau_0_5,CWE-287,0.001327580484566877,0.2,0.8,0.9986777147618954,0.2,0.8,0.002651640702684786,0.006602839220864972,,0.7992076879064297,0.5,0.5,0.0014428917328409285,319
logistic_regression_tau_0_5,CWE-311,0.00017008523577578287,1.0,0.0,,1.0,0.0,0.0003401124856118325,0.000849846616612624,,0.00017008523577578287,0.5,0.5,0.00016470132092492285,41
logistic_regression_tau_0_5,CWE-369,0.0,0.0,0.9999460079420267,0.9988632729681403,5.3992057973305275e-05,1.0,,,-0.0002644927880488924,0.9988094036937948,0.49997300397101335,0.4963368291268141,0.0009668543914428151,274
logistic_regression_tau_0_5,CWE-400,0.002397783840683223,1.0,0.0,,1.0,0.0,0.004784096240070863,0.01187502216220125,,0.002397783840683223,0.5,0.5,0.002207682486519804,578
logistic_regression_tau_0_5,CWE-404,0.0020337016867559405,0.39918699186991874,0.5995163003305106,0.9909707777133611,0.4004836996694894,0.6008130081300813,0.0101169661376528,0.02491356852074566,-0.0035432651883320473,0.5984981826724489,0.49935164610021465,0.49935575861805803,0.00318345049712167,1227
logistic_regression_tau_0_5,CWE-476,0.08472085174501592,0.026730959446092977,0.99796550277569,0.9931898765928462,0.0020344972243099913,0.9732690405539071,0.04046845648175186,0.03092289729554522,0.04373345114460187,0.9911846083047152,0.5123482311108914,0.5123561557227497,0.017538121905631438,1683
logistic_regression_tau_0_5,CWE-573,0.00022433858656746618,1.0,0.0014439669675272554,1.0,0.9985560330324728,0.0,0.0004485764018023631,0.001120685898917021,0.0005685291378416521,0.0016676569087072522,0.5007219834837636,0.5007219834837636,0.00019106827858887988,54
logistic_regression_tau_0_5,CWE-662,0.00822357654684221,0.02138364779874214,0.9914634518332734,0.9967446076359059,0.008536548166726507,0.9786163522012579,0.01187736685099788,0.016196601430308592,0.007988418687094738,0.988264140587052,0.5064235498160079,0.5064317568427039,0.006756622371734347,795
logistic_regression_tau_0_5,CWE-665,0.012764003673094581,0.014039408866995073,0.9982608101157606,0.9994223648165266,0.0017391898842394414,0.9859605911330049,0.027988005140654006,0.029386330151816027,0.011224073280694854,0.997685192433936,0.5061501094913778,0.5034090037094947,0.008292809731119295,141
logistic_regression_tau_0_5,CWE-668,0.05998176411414755,0.2324068088773971,0.9792984000942347,0.9955594249233182,0.02070159990576536,0.7675931911226029,0.09534159649954825,0.1475381428648193,0.10842587883587021,0.9750721568969878,0.6058526044858159,0.6058273193783592,0.014583391346328278,1364
logistic_regression_tau_0_5,CWE-704,0.0,0.0,0.9996633533908821,0.9981740843338391,0.00033664660911790413,1.0,,,-0.0008703292896151971,0.9978386658776273,0.49983167669544104,0.4987617595582149,0.001143046852101751,440
logistic_regression_tau_0_5,CWE-705,0.0010951809332807414,1.0,0.0,,1.0,0.0,0.002187965512251423,0.00545201952195286,,0.0010951809332807414,0.5,0.5,0.0012428230768391016,264
logistic_regression_tau_0_5,CWE-706,0.0006679389312977099,0.2,0.7999001043175797,0.996649794391702,0.20009989568242026,0.8,0.006657156443176415,0.016478342749529192,-0.0006456996371839264,0.7978885471189747,0.49995005215878985,0.49995629578511147,0.0022820704196393803,807
logistic_regression_tau_0_5,CWE-74,0.3554445390523832,0.24844692228922516,0.9982050476500938,0.9970673189455267,0.0017949523499063021,0.7515530777107748,0.29109130342765976,0.2636812382291152,0.29416595837792087,0.9952874049805118,0.6233259849696594,0.6234234228491682,0.06454503051946792,938
logistic_regression_tau_0_5,CWE-754,0.023859649122807018,0.011942959001782532,0.9997218604414385,0.9993153158381671,0.0002781395585613397,0.9880570409982175,0.03970125786163522,0.03313583497915295,0.01642528978926666,0.9990375651548471,0.5058324097216106,0.50599665652345,0.009518487060712922,167
logistic_regression_tau_0_5,CWE-834,0.06000000000000001,0.008571428571428572,0.9998213582653916,0.9985560759015856,0.00017864173460845368,0.9914285714285714,0.024999999999999998,0.017241379310344827,0.022171445482310828,0.9983779698079485,0.50419639341841,0.50419639341841,0.0024494834926427813,351
logistic_regression_tau_0_6,CWE-1164,,0.0,1.0,0.9996930176638366,0.0,1.0,,,,0.9996930176638366,0.5,0.5122581812899915,0.00017094018573942887,74
logistic_regression_tau_0_6,CWE-118,0.23654745854044848,0.3817666509211148,0.9434114967314677,0.9707824047150329,0.056588503268532306,0.6182333490788852,0.2920935279422078,0.34000809515051206,0.25964787133729195,0.9187491492971629,0.6625890738262912,0.6638789729861393,0.1395570729724513,10585
logistic_regression_tau_0_6,CWE-190,0.07035021760549898,0.06613916862270008,0.9948842108107792,0.9945231798910342,0.005115789189220797,0.9338608313772999,0.06807781437236075,0.06687856578376546,0.06287251540956122,0.9894671790022092,0.5305116897167397,0.5312202227610378,0.023068385021410988,1406
logistic_regression_tau_0_6,CWE-191,,0.0,1.0,0.9993072150549308,0.0,1.0,,,,0.9993072150549308,0.5,0.5,0.0003948013545587435,167
logistic_regression_tau_0_6,CWE-20,0.04001638311004732,0.06854451248233631,0.986772874905337,0.9924546238403928,0.013227125094662964,0.9314554875176636,0.050515320004257604,0.05997285421983358,0.042374258118445085,0.9794363022221801,0.5276586936938367,0.5279176618623797,0.014020722014025083,1926
logistic_regression_tau_0_6,CWE-269,,0.0,1.0,0.9995146351360884,0.0,1.0,,,,0.9995146351360884,0.5,0.5,0.000632828939766695,117
logistic_regression_tau_0_6,CWE-285,0.04892598064075144,0.03176691729323308,0.999277323255557,0.9988624706045091,0.0007226767444430812,0.968233082706767,0.03842640682533399,0.034119877256053074,0.038467380763255066,0.998141506580645,0.515522120274395,0.5157683765309071,0.00294513300474319,283
logistic_regression_tau_0_6,CWE-287,,0.0,1.0,0.998676655712603,0.0,1.0,,,,0.998676655712603,0.5,0.5,0.0014428917328409285,319
logistic_regression_tau_0_6,CWE-311,,0.0,1.0,0.9998299147642242,0.0,1.0,,,,0.9998299147642242,0.5,0.5,0.00016470132092492285,41
logistic_regression_tau_0_6,CWE-369,0.0,0.0,0.9999460079420267,0.9988632729681403,5.3992057973305275e-05,1.0,,,-0.0002644927880488924,0.9988094036937948,0.49997300397101335,0.4963368291268141,0.0009668543914428151,274
logistic_regression_tau_0_6,CWE-400,,0.0,1.0,0.9976022161593168,0.0,1.0,,,,0.9976022161593168,0.5,0.5,0.002207682486519804,578
logistic_regression_tau_0_6,CWE-404,0.0,0.0,0.9997498252241712,0.994908629221938,0.00025017477582876075,1.0,,,-0.0012461483908966493,0.9946609963921249,0.4998749126120856,0.49935575861805803,0.00318345049712167,1227
logistic_regression_tau_0_6,CWE-476,0.08472085174501592,0.026730959446092977,0.99796550277569,0.9931898765928462,0.0020344972243099913,0.9732690405539071,0.04046845648175186,0.03092289729554522,0.04373345114460187,0.9911846083047152,0.5123482311108914,0.5123561557227497,0.017538121905631438,1683
logistic_regression_tau_0_6,CWE-573,,0.0,1.0,0.9997759859372172,0.0,1.0,,,,0.9997759859372172,0.5,0.5007219834837636,0.00019106827858887988,54
logistic_regression_tau_0_6,CWE-662,0.00822357654684221,0.02138364779874214,0.9914634518332734,0.9967446076359059,0.008536548166726507,0.9786163522012579,0.01187736685099788,0.016196601430308592,0.007988418687094738,0.988264140587052,0.5064235498160079,0.5064317568427039,0.006756622371734347,795
logistic_regression_tau_0_6,CWE-665,0.018319559228650136,0.014039408866995073,0.9982857167160096,0.9994223792826888,0.0017142832839903755,0.9859605911330049,0.03110165329841218,0.030260863733905574,0.013209134828040573,0.9977100840516838,0.5061625627915024,0.5034090037094947,0.008292809731119295,141
logistic_regression_tau_0_6,CWE-668,0.05998176411414755,0.2324068088773971,0.9792984000942347,0.9955594249233182,0.02070159990576536,0.7675931911226029,0.09534159649954825,0.1475381428648193,0.10842587883587021,0.9750721568969878,0.6058526044858159,0.6058273193783592,0.014583391346328278,1364
logistic_regression_tau_0_6,CWE-704,0.0,0.0,0.9996633533908821,0.9981740843338391,0.00033664660911790413,1.0,,,-0.0008703292896151971,0.9978386658776273,0.49983167669544104,0.4987617595582149,0.001143046852101751,440
logistic_regression_tau_0_6,CWE-705,,0.0,1.0,0.9989048190667192,0.0,1.0,,,,0.9989048190667192,0.5,0.5,0.0012428230768391016,264
logistic_regression_tau_0_6,CWE-706,0.0,0.0,0.9999001043175797,0.9966518965820639,9.98956824202629e-05,1.0,,,-0.0006456996371839264,0.9965526692563792,0.49995005215878985,0.49995629578511147,0.0022820704196393803,807
logistic_regression_tau_0_6,CWE-74,0.3554445390523832,0.24844692228922516,0.9982050476500938,0.9970673189455267,0.0017949523499063021,0.7515530777107748,0.29109130342765976,0.2636812382291152,0.29416595837792087,0.9952874049805118,0.6233259849696594,0.6234234228491682,0.06454503051946792,938
logistic_regression_tau_0_6,CWE-754,0.023859649122807018,0.011942959001782532,0.9997218604414385,0.9993153158381671,0.0002781395585613397,0.9880570409982175,0.03970125786163522,0.03313583497915295,0.01642528978926666,0.9990375651548471,0.5058324097216106,0.50599665652345,0.009518487060712922,167
logistic_regression_tau_0_6,CWE-834,0.06000000000000001,0.008571428571428572,0.9998213582653916,0.9985560759015856,0.00017864173460845368,0.9914285714285714,0.024999999999999998,0.017241379310344827,0.022171445482310828,0.9983779698079485,0.50419639341841,0.50419639341841,0.0024494834926427813,351
logistic_regression_tau_0_7,CWE-1164,,0.0,1.0,0.9996930176638366,0.0,1.0,,,,0.9996930176638366,0.5,0.5122581812899915,0.00017094018573942887,74
logistic_regression_tau_0_7,CWE-118,0.23648766765574547,0.381294284364667,0.9434635655638195,0.9707623222760635,0.05653643443618052,0.6187057156353329,0.29190920285976335,0.3396831573274272,0.25942986716691313,0.9187781908946449,0.6623789249642432,0.6638789729861393,0.1395570729724513,10585
logistic_regression_tau_0_7,CWE-190,0.07035021760549898,0.06613916862270008,0.9948842108107792,0.9945231798910342,0.005115789189220797,0.9338608313772999,0.06807781437236075,0.06687856578376546,0.06287251540956122,0.9894671790022092,0.5305116897167397,0.5312202227610378,0.023068385021410988,1406
logistic_regression_tau_0_7,CWE-191,,0.0,1.0,0.9993072150549308,0.0,1.0,,,,0.9993072150549308,0.5,0.5,0.0003948013545587435,167
logistic_regression_tau_0_7,CWE-20,0.040125996932479945,0.06854451248233631,0.986810511075379,0.992454909210226,0.013189488924621046,0.9314554875176636,0.050602948972228945,0.060022427789166874,0.04246050550552939,0.9794736376699064,0.5276775117788576,0.5279176618623797,0.014020722014025083,1926
logistic_regression_tau_0_7,CWE-269,,0.0,1.0,0.9995146351360884,0.0,1.0,,,,0.9995146351360884,0.5,0.5,0.000632828939766695,117
logistic_regression_tau_0_7,CWE-285,0.04892598064075144,0.03176691729323308,0.999277323255557,0.9988624706045091,0.0007226767444430812,0.968233082706767,0.03842640682533399,0.034119877256053074,0.038467380763255066,0.998141506580645,0.515522120274395,0.5157683765309071,0.00294513300474319,283
logistic_regression_tau_0_7,CWE-287,,0.0,1.0,0.998676655712603,0.0,1.0,,,,0.998676655712603,0.5,0.5,0.0014428917328409285,319
logistic_regression_tau_0_7,CWE-311,,0.0,1.0,0.9998299147642242,0.0,1.0,,,,0.9998299147642242,0.5,0.5,0.00016470132092492285,41
logistic_regression_tau_0_7,CWE-369,0.0,0.0,0.9999460079420267,0.9988632729681403,5.3992057973305275e-05,1.0,,,-0.0002644927880488924,0.9988094036937948,0.49997300397101335,0.4963368291268141,0.0009668543914428151,274
logistic_regression_tau_0_7,CWE-400,,0.0,1.0,0.9976022161593168,0.0,1.0,,,,0.9976022161593168,0.5,0.5,0.002207682486519804,578
logistic_regression_tau_0_7,CWE-404,0.0,0.0,0.9997498252241712,0.994908629221938,0.00025017477582876075,1.0,,,-0.0012461483908966493,0.9946609963921249,0.4998749126120856,0.49935575861805803,0.00318345049712167,1227
logistic_regression_tau_0_7,CWE-476,0.08472085174501592,0.026730959446092977,0.99796550277569,0.9931898765928462,0.0020344972243099913,0.9732690405539071,0.04046845648175186,0.03092289729554522,0.04373345114460187,0.9911846083047152,0.5123482311108914,0.5123561557227497,0.017538121905631438,1683
logistic_regression_tau_0_7,CWE-573,,0.0,1.0,0.9997759859372172,0.0,1.0,,,,0.9997759859372172,0.5,0.5007219834837636,0.00019106827858887988,54
logistic_regression_tau_0_7,CWE-662,0.03391914725739339,0.006289308176100629,0.9964331015374978,0.9967109725584624,0.003566898462502293,0.9937106918238994,0.008452201978284748,0.007428769047474137,0.008716185380186902,0.9931676187492677,0.5013612048567991,0.5064317568427039,0.006756622371734347,795
logistic_regression_tau_0_7,CWE-665,0.018319559228650136,0.014039408866995073,0.9982857167160096,0.9994223792826888,0.0017142832839903755,0.9859605911330049,0.03110165329841218,0.030260863733905574,0.013209134828040573,0.9977100840516838,0.5061625627915024,0.5034090037094947,0.008292809731119295,141
logistic_regression_tau_0_7,CWE-668,0.05998176411414755,0.2324068088773971,0.9792984000942347,0.9955594249233182,0.02070159990576536,0.7675931911226029,0.09534159649954825,0.1475381428648193,0.10842587883587021,0.9750721568969878,0.6058526044858159,0.6058273193783592,0.014583391346328278,1364
logistic_regression_tau_0_7,CWE-704,0.0,0.0,0.9996633533908821,0.9981740843338391,0.00033664660911790413,1.0,,,-0.0008703292896151971,0.9978386658776273,0.49983167669544104,0.4987617595582149,0.001143046852101751,440
logistic_regression_tau_0_7,CWE-705,,0.0,1.0,0.9989048190667192,0.0,1.0,,,,0.9989048190667192,0.5,0.5,0.0012428230768391016,264
logistic_regression_tau_0_7,CWE-706,0.0,0.0,0.9999001043175797,0.9966518965820639,9.98956824202629e-05,1.0,,,-0.0006456996371839264,0.9965526692563792,0.49995005215878985,0.49995629578511147,0.0022820704196393803,807
logistic_regression_tau_0_7,CWE-74,0.3554445390523832,0.24844692228922516,0.9982050476500938,0.9970673189455267,0.0017949523499063021,0.7515530777107748,0.29109130342765976,0.2636812382291152,0.29416595837792087,0.9952874049805118,0.6233259849696594,0.6234234228491682,0.06454503051946792,938
logistic_regression_tau_0_7,CWE-754,0.023859649122807018,0.011942959001782532,0.9997218604414385,0.9993153158381671,0.0002781395585613397,0.9880570409982175,0.03970125786163522,0.03313583497915295,0.01642528978926666,0.9990375651548471,0.5058324097216106,0.50599665652345,0.009518487060712922,167
logistic_regression_tau_0_7,CWE-834,0.06000000000000001,0.008571428571428572,0.9998213582653916,0.9985560759015856,0.00017864173460845368,0.9914285714285714,0.024999999999999998,0.017241379310344827,0.022171445482310828,0.9983779698079485,0.50419639341841,0.50419639341841,0.0024494834926427813,351
logistic_regression_tau_0_8,CWE-1164,,0.0,1.0,0.9996930176638366,0.0,1.0,,,,0.9996930176638366,0.5,0.5122581812899915,0.00017094018573942887,74
logistic_regression_tau_0_8,CWE-118,0.23648054664949753,0.3811053377420879,0.9434895996034518,0.9707544419853734,0.05651040039654827,0.6188946622579121,0.2918484038401157,0.33956025359342623,0.25935540828640613,0.9187947850483826,0.6622974686727698,0.6638789729861393,0.1395570729724513,10585
logistic_regression_tau_0_8,CWE-190,0.07274160469800116,0.06613916862270008,0.9950636357494604,0.9945241553718658,0.004936364250539579,0.9338608313772999,0.06923099723434231,0.06733101711975542,0.06413862699320586,0.9896455573138473,0.5306014021860802,0.5312202227610378,0.023068385021410988,1406
logistic_regression_tau_0_8,CWE-191,,0.0,1.0,0.9993072150549308,0.0,1.0,,,,0.9993072150549308,0.5,0.5,0.0003948013545587435,167
logistic_regression_tau_0_8,CWE-20,0.040125996932479945,0.06854451248233631,0.986810511075379,0.992454909210226,0.013189488924621046,0.9314554875176636,0.050602948972228945,0.060022427789166874,0.04246050550552939,0.9794736376699064,0.5276775117788576,0.5279176618623797,0.014020722014025083,1926
logistic_regression_tau_0_8,CWE-269,,0.0,1.0,0.9995146351360884,0.0,1.0,,,,0.9995146351360884,0.5,0.5,0.000632828939766695,117
logistic_regression_tau_0_8,CWE-285,0.04937091946166357,0.03176691729323308,0.9992856289033976,0.9988624800795464,0.0007143710966025496,0.968233082706767,0.03853458802884988,0.03415087779856257,0.03863586434603662,0.9981498025819724,0.5155262730983152,0.5157683765309071,0.00294513300474319,283
logistic_regression_tau_0_8,CWE-287,,0.0,1.0,0.998676655712603,0.0,1.0,,,,0.998676655712603,0.5,0.5,0.0014428917328409285,319
logistic_regression_tau_0_8,CWE-311,,0.0,1.0,0.9998299147642242,0.0,1.0,,,,0.9998299147642242,0.5,0.5,0.00016470132092492285,41
logistic_regression_tau_0_8,CWE-369,0.0,0.0,0.9999460079420267,0.9988632729681403,5.3992057973305275e-05,1.0,,,-0.0002644927880488924,0.9988094036937948,0.49997300397101335,0.4963368291268141,0.0009668543914428151,274
logistic_regression_tau_0_8,CWE-400,,0.0,1.0,0.9976022161593168,0.0,1.0,,,,0.9976022161593168,0.5,0.5,0.002207682486519804,578
logistic_regression_tau_0_8,CWE-404,0.0,0.0,0.9999624765478424,0.9949097066630921,3.75234521575985e-05,1.0,,,-0.000978473112813179,0.9948725651620969,0.4999812382739212,0.49935575861805803,0.00318345049712167,1227
logistic_regression_tau_0_8,CWE-476,0.08472085174501592,0.026730959446092977,0.99796550277569,0.9931898765928462,0.0020344972243099913,0.9732690405539071,0.04046845648175186,0.03092289729554522,0.04373345114460187,0.9911846083047152,0.5123482311108914,0.5123561557227497,0.017538121905631438,1683
logistic_regression_tau_0_8,CWE-573,,0.0,1.0,0.9997759859372172,0.0,1.0,,,,0.9997759859372172,0.5,0.5007219834837636,0.00019106827858887988,54
logistic_regression_tau_0_8,CWE-662,0.037606837606837605,0.002515723270440252,0.999779404516746,0.9967095576426939,0.00022059548325393087,0.9974842767295599,0.011766334440753045,0.007728049115514626,0.008840142870835182,0.9964904404700039,0.5011475638935932,0.5064317568427039,0.006756622371734347,795
logistic_regression_tau_0_8,CWE-665,0.018319559228650136,0.014039408866995073,0.9982857167160096,0.9994223792826888,0.0017142832839903755,0.9859605911330049,0.03110165329841218,0.030260863733905574,0.013209134828040573,0.9977100840516838,0.5061625627915024,0.5034090037094947,0.008292809731119295,141
logistic_regression_tau_0_8,CWE-668,0.05998176411414755,0.2324068088773971,0.9792984000942347,0.9955594249233182,0.02070159990576536,0.7675931911226029,0.09534159649954825,0.1475381428648193,0.10842587883587021,0.9750721568969878,0.6058526044858159,0.6058273193783592,0.014583391346328278,1364
logistic_regression_tau_0_8,CWE-704,0.0,0.0,0.9996633533908821,0.9981740843338391,0.00033664660911790413,1.0,,,-0.0008703292896151971,0.9978386658776273,0.49983167669544104,0.4987617595582149,0.001143046852101751,440
logistic_regression_tau_0_8,CWE-705,,0.0,1.0,0.9989048190667192,0.0,1.0,,,,0.9989048190667192,0.5,0.5,0.0012428230768391016,264
logistic_regression_tau_0_8,CWE-706,0.0,0.0,0.9999001043175797,0.9966518965820639,9.98956824202629e-05,1.0,,,-0.0006456996371839264,0.9965526692563792,0.49995005215878985,0.49995629578511147,0.0022820704196393803,807
logistic_regression_tau_0_8,CWE-74,0.3554445390523832,0.24844692228922516,0.9982050476500938,0.9970673189455267,0.0017949523499063021,0.7515530777107748,0.29109130342765976,0.2636812382291152,0.29416595837792087,0.9952874049805118,0.6233259849696594,0.6234234228491682,0.06454503051946792,938
logistic_regression_tau_0_8,CWE-754,0.023859649122807018,0.011942959001782532,0.9997218604414385,0.9993153158381671,0.0002781395585613397,0.9880570409982175,0.03970125786163522,0.03313583497915295,0.01642528978926666,0.9990375651548471,0.5058324097216106,0.50599665652345,0.009518487060712922,167
logistic_regression_tau_0_8,CWE-834,0.06000000000000001,0.008571428571428572,0.9998213582653916,0.9985560759015856,0.00017864173460845368,0.9914285714285714,0.024999999999999998,0.017241379310344827,0.022171445482310828,0.9983779698079485,0.50419639341841,0.50419639341841,0.0024494834926427813,351
logistic_regression_tau_0_9,CWE-1164,,0.0,1.0,0.9996930176638366,0.0,1.0,,,,0.9996930176638366,0.5,0.5122581812899915,0.00017094018573942887,74
logistic_regression_tau_0_9,CWE-118,0.33935796681078684,0.02947567312234294,0.9973228790003358,0.9572185179735582,0.0026771209996643433,0.970524326877657,0.05416077497658407,0.03604662200711241,0.08892673174802582,0.9548237926116618,0.5133992760613393,0.6638789729861393,0.1395570729724513,10585
logistic_regression_tau_0_9,CWE-190,0.14494323588126645,0.03700058050023977,0.9977132358214688,0.9943692053760843,0.0022867641785312056,0.9629994194997602,0.04985529333707674,0.040702272550073616,0.06214135534831462,0.9921096209703425,0.5173569081608542,0.5312202227610378,0.023068385021410988,1406
logistic_regression_tau_0_9,CWE-191,,0.0,1.0,0.9993072150549308,0.0,1.0,,,,0.9993072150549308,0.5,0.5,0.0003948013545587435,167
logistic_regression_tau_0_9,CWE-20,0.027159244264507422,0.001555749949532333,0.9995567295231773,0.9920189948145616,0.00044327047682268876,0.9984442500504678,0.006803002205681049,0.0046933998537346325,0.007303210008593264,0.9915828744471475,0.5005562397363548,0.5279176618623797,0.014020722014025083,1926
logistic_regression_tau_0_9,CWE-269,,0.0,1.0,0.9995146351360884,0.0,1.0,,,,0.9995146351360884,0.5,0.5,0.000632828939766695,117
logistic_regression_tau_0_9,CWE-285,0.04937091946166357,0.03176691729323308,0.9992856289033976,0.9988624800795464,0.0007143710966025496,0.968233082706767,0.03853458802884988,0.03415087779856257,0.03863586434603662,0.9981498025819724,0.5155262730983152,0.5157683765309071,0.00294513300474319,283
logistic_regression_tau_0_9,CWE-287,,0.0,1.0,0.998676655712603,0.0,1.0,,,,0.998676655712603,0.5,0.5,0.0014428917328409285,319
logistic_regression_tau_0_9,CWE-311,,0.0,1.0,0.9998299147642242,0.0,1.0,,,,0.9998299147642242,0.5,0.5,0.00016470132092492285,41
logistic_regression_tau_0_9,CWE-369,0.0,0.0,0.9999460079420267,0.9988632729681403,5.3992057973305275e-05,1.0,,,-0.0002644927880488924,0.9988094036937948,0.49997300397101335,0.4963368291268141,0.0009668543914428151,274
logistic_regression_tau_0_9,CWE-400,,0.0,1.0,0.9976022161593168,0.0,1.0,,,,0.9976022161593168,0.5,0.5,0.002207682486519804,578
logistic_regression_tau_0_9,CWE-404,,0.0,1.0,0.9949098971680701,0.0,1.0,,,,0.9949098971680701,0.5,0.49935575861805803,0.00318345049712167,1227
logistic_regression_tau_0_9,CWE-476,0.16886562283845813,0.014260986293627242,0.9992313057608913,0.9931118493230044,0.000768694239108768,0.9857390137063728,0.025277924121913892,0.01724044929558315,0.04481021792599588,0.9923544512715464,0.5067461460272592,0.5123561557227497,0.017538121905631438,1683
logistic_regression_tau_0_9,CWE-573,,0.0,1.0,0.9997759859372172,0.0,1.0,,,,0.9997759859372172,0.5,0.5007219834837636,0.00019106827858887988,54
logistic_regression_tau_0_9,CWE-662,0.0,0.0,0.9998709753637055,0.996701586919493,0.00012902463629450102,1.0,,,-0.0008313116404713778,0.996573412013,0.49993548768185275,0.5064317568427039,0.006756622371734347,795
logistic_regression_tau_0_9,CWE-665,0.21666666666666665,0.014039408866995073,0.9998173646060081,0.9994232600090711,0.00018263539399188944,0.9859605911330049,0.05887300252312867,0.04165514380530973,0.048216237224716,0.9992408423980704,0.5069283867365015,0.5034090037094947,0.008292809731119295,141
logistic_regression_tau_0_9,CWE-668,0.05998176411414755,0.2324068088773971,0.9792984000942347,0.9955594249233182,0.02070159990576536,0.7675931911226029,0.09534159649954825,0.1475381428648193,0.10842587883587021,0.9750721568969878,0.6058526044858159,0.6058273193783592,0.014583391346328278,1364
logistic_regression_tau_0_9,CWE-704,,0.0,1.0,0.9981746979856234,0.0,1.0,,,,0.9981746979856234,0.5,0.4987617595582149,0.001143046852101751,440
logistic_regression_tau_0_9,CWE-705,,0.0,1.0,0.9989048190667192,0.0,1.0,,,,0.9989048190667192,0.5,0.5,0.0012428230768391016,264
logistic_regression_tau_0_9,CWE-706,,0.0,1.0,0.9966522302207153,0.0,1.0,,,,0.9966522302207153,0.5,0.49995629578511147,0.0022820704196393803,807
logistic_regression_tau_0_9,CWE-74,0.3554445390523832,0.24844692228922516,0.9982050476500938,0.9970673189455267,0.0017949523499063021,0.7515530777107748,0.29109130342765976,0.2636812382291152,0.29416595837792087,0.9952874049805118,0.6233259849696594,0.6234234228491682,0.06454503051946792,938
logistic_regression_tau_0_9,CWE-754,0.023859649122807018,0.011942959001782532,0.9997218604414385,0.9993153158381671,0.0002781395585613397,0.9880570409982175,0.03970125786163522,0.03313583497915295,0.01642528978926666,0.9990375651548471,0.5058324097216106,0.50599665652345,0.009518487060712922,167
logistic_regression_tau_0_9,CWE-834,0.06000000000000001,0.008571428571428572,0.9998213582653916,0.9985560759015856,0.00017864173460845368,0.9914285714285714,0.024999999999999998,0.017241379310344827,0.022171445482310828,0.9983779698079485,0.50419639341841,0.50419639341841,0.0024494834926427813,351
logistic_interactions_tau_0_1,CWE-1164,0.0003145251704700969,1.0,0.02400595366327484,1.0,0.975994046336725,0.0,0.0006288524136049047,0.0015706484467794008,0.0027468166717123945,0.024305571932585996,0.5120029768316374,0.5122581812899915,0.00017094018573942887,74
logistic_interactions_tau_0_1,CWE-118,0.04391095868676494,1.0,0.0,,1.0,0.0,0.08412778563498187,0.18675281304928476,,0.04391095868676494,0.5,0.6638586258600553,0.1422381126986903,10585
logistic_interactions_tau_0_1,CWE-190,0.0058326692056617675,1.0,0.0,,1.0,0.0,0.011597692778895009,0.028498456523285733,,0.0058326692056617675,0.5,0.5312226878576377,0.023133165580483124,1406
logistic_interactions_tau_0_1,CWE-191,0.000692784945069186,1.0,0.0,,1.0,0.0,0.0013846104470185603,0.003454350188200469,,0.000692784945069186,0.5,0.5,0.0003948013545587435,167
logistic_interactions_tau_0_1,CWE-20,0.007989845001912006,1.0,0.0,,1.0,0.0,0.015853026633360075,0.03871201173373847,,0.007989845001912006,0.5,0.5279161422969473,0.014005570225935482,1926
logistic_interactions_tau_0_1,CWE-269,0.0004853648639115706,1.0,0.0,,1.0,0.0,0.0009702585911718247,0.0024221198059796315,,0.0004853648639115706,0.5,0.5,0.000632828939766695,117
logistic_interactions_tau_0_1,CWE-285,0.0011740982013941643,1.0,8.305647840531562e-05,1.0,0.9999169435215947,0.0,0.002345442418323295,0.005843047726568467,0.0006946407778885381,0.0012569618215906788,0.5000415282392027,0.5157683765309071,0.00294513300474319,283
logistic_interactions_tau_0_1,CWE-287,0.0013233442873970792,1.0,0.0,,1.0,0.0,0.0026431905845919214,0.006581879685947018,,0.0013233442873970792,0.5,0.5,0.0014428917328409285,319
logistic_interactions_tau_0_1,CWE-311,0.00017008523577578287,1.0,0.0,,1.0,0.0,0.0003401124856118325,0.000849846616612624,,0.00017008523577578287,0.5,0.5,0.00016470132092492285,41
logistic_interactions_tau_0_1,CWE-369,0.0011366656722903788,1.0,0.0,,1.0,0.0,0.0022707501220217883,0.005657603766406826,,0.0011366656722903788,0.5,0.4963368291268141,0.0009668543914428151,274
logistic_interactions_tau_0_1,CWE-400,0.002397783840683223,1.0,0.0,,1.0,0.0,0.004784096240070863,0.01187502216220125,,0.002397783840683223,0.5,0.5,0.002207682486519804,578
logistic_interactions_tau_0_1,CWE-404,0.0050866297508496295,0.9991869918699188,0.00012924744632061705,0.96875,0.9998707525536794,0.0008130081300813009,0.010121731881887749,0.024925585029032575,-0.009458017824006862,0.005214542851840381,0.4996581196581197,0.49935575861805803,0.00318345049712167,1227
logistic_interactions_tau_0_1,CWE-476,0.0069817803426757,1.0,0.0,,1.0,0.0,0.013866745903417323,0.033960481236263766,,0.0069817803426757,0.5,0.5123561557227497,0.017538121905631438,1683
logistic_interactions_tau_0_1,CWE-573,0.00022402154916847426,1.0,3.319484871999116e-05,1.0,0.9999668051512799,0.0,0.0004479426121038415,0.0011191035600314069,8.393548051333415e-05,0.0002572014237389153,0.50001659742436,0.5007219834837636,0.00019106827858887988,54
logistic_interactions_tau_0_1,CWE-662,0.0032979888668850385,1.0,0.0,,1.0,0.0,0.006574295779365349,0.016275242064738703,,0.0032979888668850385,0.5,0.5064322542167193,0.006777593528616234,795
logistic_interactions_tau_0_1,CWE-665,0.000585557850338646,1.0,0.0010792226084156847,1.0,0.9989207773915844,0.0,0.001170430208413759,0.002920946347641136,0.0007930127312978789,0.0016635181148201782,0.5005396113042078,0.5034346260166476,0.014614687126197512,141
logistic_interactions_tau_0_1,CWE-668,0.005658435969222305,1.0,0.0,,1.0,0.0,0.011253196317309075,0.027665993573092167,,0.005658435969222305,0.5,0.6058273193783592,0.014583391346328278,1364
logistic_interactions_tau_0_1,CWE-704,0.001825302014376625,1.0,0.0,,1.0,0.0,0.0036439527144873285,0.009060358508978619,,0.001825302014376625,0.5,0.4987617595582149,0.001143046852101751,440
logistic_interactions_tau_0_1,CWE-705,0.0010951809332807414,1.0,0.0,,1.0,0.0,0.002187965512251423,0.00545201952195286,,0.0010951809332807414,0.5,0.5,0.0012428230768391016,264
logistic_interactions_tau_0_1,CWE-706,0.0033477697792846997,1.0,0.0,,1.0,0.0,0.006673199019991039,0.016517657630948222,,0.0033477697792846997,0.5,0.49995629578511147,0.0022820704196393803,807
logistic_interactions_tau_0_1,CWE-74,0.003891211556923292,1.0,0.0,,1.0,0.0,0.007752257242961242,0.019157866603010675,,0.003891211556923292,0.5,0.6234234228491682,0.06454503051946792,938
logistic_interactions_tau_0_1,CWE-754,0.0006927856334197774,1.0,0.0,,1.0,0.0,0.0013846118198993275,0.003454353591927645,,0.0006927856334197774,0.5,0.50599665652345,0.009518487060712922,167
logistic_interactions_tau_0_1,CWE-834,0.001456093473177496,1.0,0.0,,1.0,0.0,0.002907952556708425,0.007238307380360226,,0.001456093473177496,0.5,0.50419639341841,0.0024494834926427813,351
logistic_interactions_tau_0_2,CWE-1164,0.0003145251704700969,1.0,0.02400595366327484,1.0,0.975994046336725,0.0,0.0006288524136049047,0.0015706484467794008,0.0027468166717123945,0.024305571932585996,0.5120029768316374,0.5122581812899915,0.00017094018573942887,74
logistic_interactions_tau_0_2,CWE-118,0.04391095868676494,1.0,0.0,,1.0,0.0,0.08412778563498187,0.18675281304928476,,0.04391095868676494,0.5,0.6638586258600553,0.1422381126986903,10585
logistic_interactions_tau_0_2,CWE-190,0.0058326692056617675,1.0,0.0,,1.0,0.0,0.011597692778895009,0.028498456523285733,,0.0058326692056617675,0.5,0.5312226878576377,0.023133165580483124,1406
logistic_interactions_tau_0_2,CWE-191,0.000692784945069186,1.0,0.0,,1.0,0.0,0.0013846104470185603,0.003454350188200469,,0.000692784945069186,0.5,0.5,0.0003948013545587435,167
logistic_interactions_tau_0_2,CWE-20,0.007989845001912006,1.0,0.0,,1.0,0.0,0.015853026633360075,0.03871201173373847,,0.007989845001912006,0.5,0.5279161422969473,0.014005570225935482,1926
logistic_interactions_tau_0_2,CWE-269,0.0004853648639115706,1.0,0.0,,1.0,0.0,0.0009702585911718247,0.0024221198059796315,,0.0004853648639115706,0.5,0.5,0.000632828939766695,117
logistic_interactions_tau_0_2,CWE-285,0.0011740982013941643,1.0,8.305647840531562e-05,1.0,0.9999169435215947,0.0,0.002345442418323295,0.005843047726568467,0.0006946407778885381,0.0012569618215906788,0.5000415282392027,0.5157683765309071,0.00294513300474319,283
logistic_interactions_tau_0_2,CWE-287,0.0013233442873970792,1.0,0.0,,1.0,0.0,0.0026431905845919214,0.006581879685947018,,0.0013233442873970792,0.5,0.5,0.0014428917328409285,319
logistic_interactions_tau_0_2,CWE-311,0.00017008523577578287,1.0,0.0,,1.0,0.0,0.0003401124856118325,0.000849846616612624,,0.00017008523577578287,0.5,0.5,0.00016470132092492285,41
logistic_interactions_tau_0_2,CWE-369,0.0011366656722903788,1.0,0.0,,1.0,0.0,0.0022707501220217883,0.005657603766406826,,0.0011366656722903788,0.5,0.4963368291268141,0.0009668543914428151,274
logistic_interactions_tau_0_2,CWE-400,0.002397783840683223,1.0,0.0,,1.0,0.0,0.004784096240070863,0.01187502216220125,,0.002397783840683223,0.5,0.5,0.002207682486519804,578
logistic_interactions_tau_0_2,CWE-404,0.005086883076868607,0.9991869918699188,0.00017927871586408172,0.9772727272727273,0.9998207212841359,0.0008130081300813009,0.010122233399289204,0.024926801462196592,-0.007476573467107574,0.005264318859804542,0.4996831352928914,0.49935575861805803,0.00318345049712167,1227
logistic_interactions_tau_0_2,CWE-476,0.0069817803426757,1.0,0.0,,1.0,0.0,0.013866745903417323,0.033960481236263766,,0.0069817803426757,0.5,0.5123561557227497,0.017538121905631438,1683
logistic_interactions_tau_0_2,CWE-573,0.0002243310788742195,1.0,0.0014107733239456697,1.0,0.9985892266760544,0.0,0.00044856139320368255,0.0011206484282598734,0.0005619933462714066,0.0016344707523396913,0.5007053866619728,0.5007219834837636,0.00019106827858887988,54
logistic_interactions_tau_0_2,CWE-662,0.0032979888668850385,1.0,0.0,,1.0,0.0,0.006574295779365349,0.016275242064738703,,0.0032979888668850385,0.5,0.5064322542167193,0.006777593528616234,795
logistic_interactions_tau_0_2,CWE-665,0.0005816154375606887,0.993103448275862,0.001436215833683965,0.9984962406015038,0.998563784166316,0.006896551724137931,0.001162549874998258,0.002901279128748236,-0.0023268413270840045,0.0020161482477140304,0.497269832054773,0.5034346260166476,0.014614687126197512,141
logistic_interactions_tau_0_2,CWE-668,0.005658435969222305,1.0,0.0,,1.0,0.0,0.011253196317309075,0.027665993573092167,,0.005658435969222305,0.5,0.6058273193783592,0.014583391346328278,1364
logistic_interactions_tau_0_2,CWE-704,0.001825302014376625,1.0,0.0,,1.0,0.0,0.0036439527144873285,0.009060358508978619,,0.001825302014376625,0.5,0.4987617595582149,0.001143046852101751,440
logistic_interactions_tau_0_2,CWE-705,0.0010951809332807414,1.0,0.0,,1.0,0.0,0.002187965512251423,0.00545201952195286,,0.0010951809332807414,0.5,0.5,0.0012428230768391016,264
logistic_interactions_tau_0_2,CWE-706,0.0033477697792846997,1.0,0.0,,1.0,0.0,0.006673199019991039,0.016517657630948222,,0.0033477697792846997,0.5,0.49995629578511147,0.0022820704196393803,807
logistic_interactions_tau_0_2,CWE-74,0.003891211556923292,1.0,0.0,,1.0,0.0,0.007752257242961242,0.019157866603010675,,0.003891211556923292,0.5,0.6234234228491682,0.06454503051946792,938
logistic_interactions_tau_0_2,CWE-754,0.0006927856334197774,1.0,0.0,,1.0,0.0,0.0013846118198993275,0.003454353591927645,,0.0006927856334197774,0.5,0.50599665652345,0.009518487060712922,167
logistic_interactions_tau_0_2,CWE-834,0.001456093473177496,1.0,0.0,,1.0,0.0,0.002907952556708425,0.007238307380360226,,0.001456093473177496,0.5,0.50419639341841,0.0024494834926427813,351
logistic_interactions_tau_0_3,CWE-1164,0.0003145251704700969,1.0,0.02400595366327484,1.0,0.975994046336725,0.0,0.0006288524136049047,0.0015706484467794008,0.0027468166717123945,0.024305571932585996,0.5120029768316374,0.5122581812899915,0.00017094018573942887,74
logistic_interactions_tau_0_3,CWE-118,0.04391095868676494,1.0,0.0,,1.0,0.0,0.08412778563498187,0.18675281304928476,,0.04391095868676494,0.5,0.6638586258600553,0.1422381126986903,10585
logistic_interactions_tau_0_3,CWE-190,0.0058326692056617675,1.0,0.0,,1.0,0.0,0.011597692778895009,0.028498456523285733,,0.0058326692056617675,0.5,0.5312226878576377,0.023133165580483124,1406
logistic_interactions_tau_0_3,CWE-191,0.000692784945069186,1.0,0.0,,1.0,0.0,0.0013846104470185603,0.003454350188200469,,0.000692784945069186,0.5,0.5,0.0003948013545587435,167
logistic_interactions_tau_0_3,CWE-20,0.007989845001912006,1.0,0.0,,1.0,0.0,0.015853026633360075,0.03871201173373847,,0.007989845001912006,0.5,0.5279161422969473,0.014005570225935482,1926
logistic_interactions_tau_0_3,CWE-269,0.0004853648639115706,1.0,0.0,,1.0,0.0,0.0009702585911718247,0.0024221198059796315,,0.0004853648639115706,0.5,0.5,0.000632828939766695,117
logistic_interactions_tau_0_3,CWE-285,0.001174597236952578,1.0,0.0005067085119766686,1.0,0.9994932914880232,0.0,0.0023464381400289626,0.00584551953415364,0.0007677087798111397,0.0016801145054975357,0.5002533542559883,0.5157683765309071,0.00294513300474319,283
logistic_interactions_tau_0_3,CWE-287,0.0013233442873970792,1.0,0.0,,1.0,0.0,0.0026431905845919214,0.006581879685947018,,0.0013233442873970792,0.5,0.5,0.0014428917328409285,319
logistic_interactions_tau_0_3,CWE-311,0.00017008523577578287,1.0,0.0,,1.0,0.0,0.0003401124856118325,0.000849846616612624,,0.00017008523577578287,0.5,0.5,0.00016470132092492285,41
logistic_interactions_tau_0_3,CWE-369,0.0011366656722903788,1.0,0.0,,1.0,0.0,0.0022707501220217883,0.005657603766406826,,0.0011366656722903788,0.5,0.4963368291268141,0.0009668543914428151,274
logistic_interactions_tau_0_3,CWE-400,0.002397783840683223,1.0,0.0,,1.0,0.0,0.004784096240070863,0.01187502216220125,,0.002397783840683223,0.5,0.5,0.002207682486519804,578
logistic_interactions_tau_0_3,CWE-404,0.005086883076868607,0.9991869918699188,0.00017927871586408172,0.9772727272727273,0.9998207212841359,0.0008130081300813009,0.010122233399289204,0.024926801462196592,-0.007476573467107574,0.005264318859804542,0.4996831352928914,0.49935575861805803,0.00318345049712167,1227
logistic_interactions_tau_0_3,CWE-476,0.0069817803426757,1.0,0.0,,1.0,0.0,0.013866745903417323,0.033960481236263766,,0.0069817803426757,0.5,0.5123561557227497,0.017538121905631438,1683
logistic_interactions_tau_0_3,CWE-573,0.0002243310788742195,1.0,0.0014107733239456697,1.0,0.9985892266760544,0.0,0.00044856139320368255,0.0011206484282598734,0.0005619933462714066,0.0016344707523396913,0.5007053866619728,0.5007219834837636,0.00019106827858887988,54
logistic_interactions_tau_0_3,CWE-662,0.0032979888668850385,1.0,0.0,,1.0,0.0,0.006574295779365349,0.016275242064738703,,0.0032979888668850385,0.5,0.5064322542167193,0.006777593528616234,795
logistic_interactions_tau_0_3,CWE-665,0.0005816178505399837,0.993103448275862,0.0014403663307059832,0.9984962406015038,0.9985596336692939,0.006896551724137931,0.0011625546953518444,0.0029012911377408338,-0.002325114093126639,0.0020202963344090425,0.49727190730328397,0.5034346260166476,0.014614687126197512,141
logistic_interactions_tau_0_3,CWE-668,0.005658435969222305,1.0,0.0,,1.0,0.0,0.011253196317309075,0.027665993573092167,,0.005658435969222305,0.5,0.6058273193783592,0.014583391346328278,1364
logistic_interactions_tau_0_3,CWE-704,0.0018212812155404853,0.9977272727272727,6.64907432418393e-05,0.9411764705882353,0.9999335092567581,0.0022727272727272726,0.0036359253041506807,0.009040395642006248,-0.025079497899128948,0.001887523314801804,0.4988968817352573,0.4987617595582149,0.001143046852101751,440
logistic_interactions_tau_0_3,CWE-705,0.0010951809332807414,1.0,0.0,,1.0,0.0,0.002187965512251423,0.00545201952195286,,0.0010951809332807414,0.5,0.5,0.0012428230768391016,264
logistic_interactions_tau_0_3,CWE-706,0.0033477697792846997,1.0,0.0,,1.0,0.0,0.006673199019991039,0.016517657630948222,,0.0033477697792846997,0.5,0.49995629578511147,0.0022820704196393803,807
logistic_interactions_tau_0_3,CWE-74,0.003891211556923292,1.0,0.0,,1.0,0.0,0.007752257242961242,0.019157866603010675,,0.003891211556923292,0.5,0.6234234228491682,0.06454503051946792,938
logistic_interactions_tau_0_3,CWE-754,0.0006927856334197774,1.0,0.0,,1.0,0.0,0.0013846118198993275,0.003454353591927645,,0.0006927856334197774,0.5,0.50599665652345,0.009518487060712922,167
logistic_interactions_tau_0_3,CWE-834,0.001456093473177496,1.0,0.0,,1.0,0.0,0.002907952556708425,0.007238307380360226,,0.001456093473177496,0.5,0.50419639341841,0.0024494834926427813,351
logistic_interactions_tau_0_4,CWE-1164,0.0003146898223347327,1.0,0.024516362579982964,1.0,0.9754836374200171,0.0,0.0006291815099203335,0.0015714696349020281,0.002776638046429008,0.024815824026022764,0.5122581812899915,0.5122581812899915,0.00017094018573942887,74
logistic_interactions_tau_0_4,CWE-118,0.2365902896912544,0.38393953708077466,0.9431034301333062,0.9708728842029549,0.05689656986669378,0.6160604629192253,0.2927600262157913,0.3414024254372749,0.26047498090139476,0.9185500230662497,0.6635214836070404,0.6638586258600553,0.1422381126986903,10585
logistic_interactions_tau_0_4,CWE-190,0.0058326692056617675,1.0,0.0,,1.0,0.0,0.011597692778895009,0.028498456523285733,,0.0058326692056617675,0.5,0.5312226878576377,0.023133165580483124,1406
logistic_interactions_tau_0_4,CWE-191,0.000692784945069186,1.0,0.0,,1.0,0.0,0.0013846104470185603,0.003454350188200469,,0.000692784945069186,0.5,0.5,0.0003948013545587435,167
logistic_interactions_tau_0_4,CWE-20,0.007989845001912006,1.0,0.0,,1.0,0.0,0.015853026633360075,0.03871201173373847,,0.007989845001912006,0.5,0.5279161422969473,0.014005570225935482,1926
logistic_interactions_tau_0_4,CWE-269,0.0004853648639115706,1.0,0.0,,1.0,0.0,0.0009702585911718247,0.0024221198059796315,,0.0004853648639115706,0.5,0.5,0.000632828939766695,117
logistic_interactions_tau_0_4,CWE-285,0.001174597236952578,1.0,0.0005067085119766686,1.0,0.9994932914880232,0.0,0.0023464381400289626,0.00584551953415364,0.0007677087798111397,0.0016801145054975357,0.5002533542559883,0.5157683765309071,0.00294513300474319,283
logistic_interactions_tau_0_4,CWE-287,0.0013233442873970792,1.0,0.0,,1.0,0.0,0.0026431905845919214,0.006581879685947018,,0.0013233442873970792,0.5,0.5,0.0014428917328409285,319
logistic_interactions_tau_0_4,CWE-311,0.00017008523577578287,1.0,0.0,,1.0,0.0,0.0003401124856118325,0.000849846616612624,,0.00017008523577578287,0.5,0.5,0.00016470132092492285,41
logistic_interactions_tau_0_4,CWE-369,0.0011366656722903788,1.0,0.0,,1.0,0.0,0.0022707501220217883,0.005657603766406826,,0.0011366656722903788,0.5,0.4963368291268141,0.0009668543914428151,274
logistic_interactions_tau_0_4,CWE-400,0.002397783840683223,1.0,0.0,,1.0,0.0,0.004784096240070863,0.01187502216220125,,0.002397783840683223,0.5,0.5,0.002207682486519804,578
logistic_interactions_tau_0_4,CWE-404,0.005086883076868607,0.9991869918699188,0.00017927871586408172,0.9772727272727273,0.9998207212841359,0.0008130081300813009,0.010122233399289204,0.024926801462196592,-0.007476573467107574,0.005264318859804542,0.4996831352928914,0.49935575861805803,0.00318345049712167,1227
logistic_interactions_tau_0_4,CWE-476,0.0069817803426757,1.0,0.0,,1.0,0.0,0.013866745903417323,0.033960481236263766,,0.0069817803426757,0.5,0.5123561557227497,0.017538121905631438,1683
logistic_interactions_tau_0_4,CWE-573,0.0002243310788742195,1.0,0.0014107733239456697,1.0,0.9985892266760544,0.0,0.00044856139320368255,0.0011206484282598734,0.0005619933462714066,0.0016344707523396913,0.5007053866619728,0.5007219834837636,0.00019106827858887988,54
logistic_interactions_tau_0_4,CWE-662,0.0032979888668850385,1.0,0.0,,1.0,0.0,0.006574295779365349,0.016275242064738703,,0.0032979888668850385,0.5,0.5064322542167193,0.006777593528616234,795
logistic_interactions_tau_0_4,CWE-665,0.0005816178505399837,0.993103448275862,0.0014403663307059832,0.9984962406015038,0.9985596336692939,0.006896551724137931,0.0011625546953518444,0.0029012911377408338,-0.002325114093126639,0.0020202963344090425,0.49727190730328397,0.5034346260166476,0.014614687126197512,141
logistic_interactions_tau_0_4,CWE-668,0.005658435969222305,1.0,0.0,,1.0,0.0,0.011253196317309075,0.027665993573092167,,0.005658435969222305,0.5,0.6058273193783592,0.014583391346328278,1364
logistic_interactions_tau_0_4,CWE-704,0.0018212812155404853,0.9977272727272727,6.64907432418393e-05,0.9411764705882353,0.9999335092567581,0.0022727272727272726,0.0036359253041506807,0.009040395642006248,-0.025079497899128948,0.001887523314801804,0.4988968817352573,0.4987617595582149,0.001143046852101751,440
logistic_interactions_tau_0_4,CWE-705,0.0010951809332807414,1.0,0.0,,1.0,0.0,0.002187965512251423,0.00545201952195286,,0.0010951809332807414,0.5,0.5,0.0012428230768391016,264
logistic_interactions_tau_0_4,CWE-706,0.0033477697792846997,1.0,0.0,,1.0,0.0,0.006673199019991039,0.016517657630948222,,0.0033477697792846997,0.5,0.49995629578511147,0.0022820704196393803,807
logistic_interactions_tau_0_4,CWE-74,0.003891211556923292,1.0,0.0,,1.0,0.0,0.007752257242961242,0.019157866603010675,,0.003891211556923292,0.5,0.6234234228491682,0.06454503051946792,938
logistic_interactions_tau_0_4,CWE-754,0.0006927856334197774,1.0,0.0,,1.0,0.0,0.0013846118198993275,0.003454353591927645,,0.0006927856334197774,0.5,0.50599665652345,0.009518487060712922,167
logistic_interactions_tau_0_4,CWE-834,0.001456093473177496,1.0,0.0,,1.0,0.0,0.002907952556708425,0.007238307380360226,,0.001456093473177496,0.5,0.50419639341841,0.0024494834926427813,351
logistic_interactions_tau_0_5,CWE-1164,0.0003146898223347327,1.0,0.024516362579982964,1.0,0.9754836374200171,0.0,0.0006291815099203335,0.0015714696349020281,0.002776638046429008,0.024815824026022764,0.5122581812899915,0.5122581812899915,0.00017094018573942887,74
logistic_interactions_tau_0_5,CWE-118,0.2365902896912544,0.38393953708077466,0.9431034301333062,0.9708728842029549,0.05689656986669378,0.6160604629192253,0.2927600262157913,0.3414024254372749,0.26047498090139476,0.9185500230662497,0.6635214836070404,0.6638586258600553,0.1422381126986903,10585
logistic_interactions_tau_0_5,CWE-190,0.07053678476967809,0.06756265616718407,0.9947757129919623,0.9945308758050808,0.005224287008037825,0.932437343832816,0.06894765624154184,0.06809414201324601,0.06365641275640822,0.9893676108961482,0.5311691845795731,0.5312226878576377,0.023133165580483124,1406
logistic_interactions_tau_0_5,CWE-191,0.000692784945069186,1.0,0.0,,1.0,0.0,0.0013846104470185603,0.003454350188200469,,0.000692784945069186,0.5,0.5,0.0003948013545587435,167
logistic_interactions_tau_0_5,CWE-20,0.04022456583620791,0.06906399300181683,0.9867477844751467,0.9924586091460949,0.013252215524853473,0.9309360069981831,0.050822962324295194,0.06038526191327757,0.04270232869040732,0.9794155602399164,0.5279058887384818,0.5279161422969473,0.014005570225935482,1926
logistic_interactions_tau_0_5,CWE-269,0.0004853648639115706,1.0,0.0,,1.0,0.0,0.0009702585911718247,0.0024221198059796315,,0.0004853648639115706,0.5,0.5,0.000632828939766695,117
logistic_interactions_tau_0_5,CWE-285,0.04892598064075144,0.03176691729323308,0.999277323255557,0.9988624706045091,0.0007226767444430812,0.968233082706767,0.03842640682533399,0.034119877256053074,0.038467380763255066,0.998141506580645,0.515522120274395,0.5157683765309071,0.00294513300474319,283
logistic_interactions_tau_0_5,CWE-287,0.001327580484566877,0.2,0.8,0.9986777147618954,0.2,0.8,0.002651640702684786,0.006602839220864972,,0.7992076879064297,0.5,0.5,0.0014428917328409285,319
logistic_interactions_tau_0_5,CWE-311,0.00017008523577578287,1.0,0.0,,1.0,0.0,0.0003401124856118325,0.000849846616612624,,0.00017008523577578287,0.5,0.5,0.00016470132092492285,41
logistic_interactions_tau_0_5,CWE-369,0.0,0.0,0.9999460079420267,0.9988632729681403,5.3992057973305275e-05,1.0,,,-0.0002644927880488924,0.9988094036937948,0.49997300397101335,0.4963368291268141,0.0009668543914428151,274
logistic_interactions_tau_0_5,CWE-400,0.002397783840683223,1.0,0.0,,1.0,0.0,0.004784096240070863,0.01187502216220125,,0.002397783840683223,0.5,0.5,0.002207682486519804,578
logistic_interactions_tau_0_5,CWE-404,0.0010164288084965152,0.2,0.799282821072641,0.9949033627113905,0.2007171789273589,0.8,0.010112892906527976,0.02490444823940799,-0.0020453364991396142,0.7962292263094158,0.4996414105363206,0.49935575861805803,0.00318345049712167,1227
logistic_interactions_tau_0_5,CWE-476,0.08472085174501592,0.026730959446092977,0.99796550277569,0.9931898765928462,0.0020344972243099913,0.9732690405539071,0.04046845648175186,0.03092289729554522,0.04373345114460187,0.9911846083047152,0.5123482311108914,0.5123561557227497,0.017538121905631438,1683
logistic_interactions_tau_0_5,CWE-573,0.00022433858656746618,1.0,0.0014439669675272554,1.0,0.9985560330324728,0.0,0.0004485764018023631,0.001120685898917021,0.0005685291378416521,0.0016676569087072522,0.5007219834837636,0.5007219834837636,0.00019106827858887988,54
logistic_interactions_tau_0_5,CWE-662,0.00822357654684221,0.02138364779874214,0.9914634518332734,0.9967446076359059,0.008536548166726507,0.9786163522012579,0.01187736685099788,0.016196601430308592,0.007988418687094738,0.988264140587052,0.5064235498160079,0.5064322542167193,0.006777593528616234,795
logistic_interactions_tau_0_5,CWE-665,0.018319559228650136,0.014039408866995073,0.9982857167160096,0.9994223792826888,0.0017142832839903755,0.9859605911330049,0.03110165329841218,0.030260863733905574,0.013209134828040573,0.9977100840516838,0.5061625627915024,0.5034346260166476,0.014614687126197512,141
logistic_interactions_tau_0_5,CWE-668,0.05998176411414755,0.2324068088773971,0.9792984000942347,0.9955594249233182,0.02070159990576536,0.7675931911226029,0.09534159649954825,0.1475381428648193,0.10842587883587021,0.9750721568969878,0.6058526044858159,0.6058273193783592,0.014583391346328278,1364
logistic_interactions_tau_0_5,CWE-704,0.0,0.0,0.9996633533908821,0.9981740843338391,0.00033664660911790413,1.0,,,-0.0008703292896151971,0.9978386658776273,0.49983167669544104,0.4987617595582149,0.001143046852101751,440
logistic_interactions_tau_0_5,CWE-705,0.0010951809332807414,1.0,0.0,,1.0,0.0,0.002187965512251423,0.00545201952195286,,0.0010951809332807414,0.5,0.5,0.0012428230768391016,264
logistic_interactions_tau_0_5,CWE-706,0.0006679389312977099,0.2,0.7999001043175797,0.996649794391702,0.20009989568242026,0.8,0.006657156443176415,0.016478342749529192,-0.0006456996371839264,0.7978885471189747,0.49995005215878985,0.49995629578511147,0.0022820704196393803,807
logistic_interactions_tau_0_5,CWE-74,0.3554445390523832,0.24844692228922516,0.9982050476500938,0.9970673189455267,0.0017949523499063021,0.7515530777107748,0.29109130342765976,0.2636812382291152,0.29416595837792087,0.9952874049805118,0.6233259849696594,0.6234234228491682,0.06454503051946792,938
logistic_interactions_tau_0_5,CWE-754,0.023859649122807018,0.011942959001782532,0.9997218604414385,0.9993153158381671,0.0002781395585613397,0.9880570409982175,0.03970125786163522,0.03313583497915295,0.01642528978926666,0.9990375651548471,0.5058324097216106,0.50599665652345,0.009518487060712922,167
logistic_interactions_tau_0_5,CWE-834,0.06000000000000001,0.008571428571428572,0.9998213582653916,0.9985560759015856,0.00017864173460845368,0.9914285714285714,0.024999999999999998,0.017241379310344827,0.022171445482310828,0.9983779698079485,0.50419639341841,0.50419639341841,0.0024494834926427813,351
logistic_interactions_tau_0_6,CWE-1164,,0.0,1.0,0.9996930176638366,0.0,1.0,,,,0.9996930176638366,0.5,0.5122581812899915,0.00017094018573942887,74
logistic_interactions_tau_0_6,CWE-118,0.23641102093435604,0.3835616438356165,0.9431034301333062,0.9708555519683074,0.05689656986669378,0.6164383561643836,0.29251264752648065,0.3410884544434884,0.26020096891750744,0.918533430289213,0.6633325369844613,0.6638586258600553,0.1422381126986903,10585
logistic_interactions_tau_0_6,CWE-190,0.07008131918263355,0.06685091239494208,0.9948007505482966,0.9945268677017316,0.005199249451703323,0.9331490876050579,0.06834275889960037,0.0674208958222473,0.0630737758509978,0.989388353910938,0.5308258314716194,0.5312226878576377,0.023133165580483124,1406
logistic_interactions_tau_0_6,CWE-191,,0.0,1.0,0.9993072150549308,0.0,1.0,,,,0.9993072150549308,0.5,0.5,0.0003948013545587435,167
logistic_interactions_tau_0_6,CWE-20,0.0400546150670302,0.06854451248233631,0.9867854211696869,0.9924547179372917,0.013214578830313175,0.9314554875176636,0.05054706592763728,0.059991430427426905,0.042404642814726834,0.9794487482892229,0.5276649668260116,0.5279161422969473,0.014005570225935482,1926
logistic_interactions_tau_0_6,CWE-269,,0.0,1.0,0.9995146351360884,0.0,1.0,,,,0.9995146351360884,0.5,0.5,0.000632828939766695,117
logistic_interactions_tau_0_6,CWE-285,0.04937091946166357,0.03176691729323308,0.9992856289033976,0.9988624800795464,0.0007143710966025496,0.968233082706767,0.03853458802884988,0.03415087779856257,0.03863586434603662,0.9981498025819724,0.5155262730983152,0.5157683765309071,0.00294513300474319,283
logistic_interactions_tau_0_6,CWE-287,,0.0,1.0,0.998676655712603,0.0,1.0,,,,0.998676655712603,0.5,0.5,0.0014428917328409285,319
logistic_interactions_tau_0_6,CWE-311,,0.0,1.0,0.9998299147642242,0.0,1.0,,,,0.9998299147642242,0.5,0.5,0.00016470132092492285,41
logistic_interactions_tau_0_6,CWE-369,0.0,0.0,0.9999460079420267,0.9988632729681403,5.3992057973305275e-05,1.0,,,-0.0002644927880488924,0.9988094036937948,0.49997300397101335,0.4963368291268141,0.0009668543914428151,274
logistic_interactions_tau_0_6,CWE-400,,0.0,1.0,0.9976022161593168,0.0,1.0,,,,0.9976022161593168,0.5,0.5,0.002207682486519804,578
logistic_interactions_tau_0_6,CWE-404,0.0,0.0,0.9997498252241712,0.994908629221938,0.00025017477582876075,1.0,,,-0.0012461483908966493,0.9946609963921249,0.4998749126120856,0.49935575861805803,0.00318345049712167,1227
logistic_interactions_tau_0_6,CWE-476,0.08472085174501592,0.026730959446092977,0.99796550277569,0.9931898765928462,0.0020344972243099913,0.9732690405539071,0.04046845648175186,0.03092289729554522,0.04373345114460187,0.9911846083047152,0.5123482311108914,0.5123561557227497,0.017538121905631438,1683
logistic_interactions_tau_0_6,CWE-573,,0.0,1.0,0.9997759859372172,0.0,1.0,,,,0.9997759859372172,0.5,0.5007219834837636,0.00019106827858887988,54
logistic_interactions_tau_0_6,CWE-662,0.00822357654684221,0.02138364779874214,0.9914634518332734,0.9967446076359059,0.008536548166726507,0.9786163522012579,0.01187736685099788,0.016196601430308592,0.007988418687094738,0.988264140587052,0.5064235498160079,0.5064322542167193,0.006777593528616234,795
logistic_interactions_tau_0_6,CWE-665,0.018319559228650136,0.014039408866995073,0.9982857167160096,0.9994223792826888,0.0017142832839903755,0.9859605911330049,0.03110165329841218,0.030260863733905574,0.013209134828040573,0.9977100840516838,0.5061625627915024,0.5034346260166476,0.014614687126197512,141
logistic_interactions_tau_0_6,CWE-668,0.05998176411414755,0.2324068088773971,0.9792984000942347,0.9955594249233182,0.02070159990576536,0.7675931911226029,0.09534159649954825,0.1475381428648193,0.10842587883587021,0.9750721568969878,0.6058526044858159,0.6058273193783592,0.014583391346328278,1364
logistic_interactions_tau_0_6,CWE-704,0.0,0.0,0.9996633533908821,0.9981740843338391,0.00033664660911790413,1.0,,,-0.0008703292896151971,0.9978386658776273,0.49983167669544104,0.4987617595582149,0.001143046852101751,440
logistic_interactions_tau_0_6,CWE-705,,0.0,1.0,0.9989048190667192,0.0,1.0,,,,0.9989048190667192,0.5,0.5,0.0012428230768391016,264
logistic_interactions_tau_0_6,CWE-706,0.0,0.0,0.9999001043175797,0.9966518965820639,9.98956824202629e-05,1.0,,,-0.0006456996371839264,0.9965526692563792,0.49995005215878985,0.49995629578511147,0.0022820704196393803,807
logistic_interactions_tau_0_6,CWE-74,0.3554445390523832,0.24844692228922516,0.9982050476500938,0.9970673189455267,0.0017949523499063021,0.7515530777107748,0.29109130342765976,0.2636812382291152,0.29416595837792087,0.9952874049805118,0.6233259849696594,0.6234234228491682,0.06454503051946792,938
logistic_interactions_tau_0_6,CWE-754,0.023859649122807018,0.011942959001782532,0.9997218604414385,0.9993153158381671,0.0002781395585613397,0.9880570409982175,0.03970125786163522,0.03313583497915295,0.01642528978926666,0.9990375651548471,0.5058324097216106,0.50599665652345,0.009518487060712922,167
logistic_interactions_tau_0_6,CWE-834,0.06000000000000001,0.008571428571428572,0.9998213582653916,0.9985560759015856,0.00017864173460845368,0.9914285714285714,0.024999999999999998,0.017241379310344827,0.022171445482310828,0.9983779698079485,0.50419639341841,0.50419639341841,0.0024494834926427813,351
logistic_interactions_tau_0_7,CWE-1164,,0.0,1.0,0.9996930176638366,0.0,1.0,,,,0.9996930176638366,0.5,0.5122581812899915,0.00017094018573942887,74
logistic_interactions_tau_0_7,CWE-118,0.23637913908962935,0.3834671705243269,0.943107768716325,0.9708513574885149,0.05689223128367499,0.6165328294756731,0.29246050648496336,0.34101514747059286,0.2601423214807376,0.918533430289213,0.6632874696203259,0.6638586258600553,0.1422381126986903,10585
logistic_interactions_tau_0_7,CWE-190,0.07035021760549898,0.06613916862270008,0.9948842108107792,0.9945231798910342,0.005115789189220797,0.9338608313772999,0.06807781437236075,0.06687856578376546,0.06287251540956122,0.9894671790022092,0.5305116897167397,0.5312226878576377,0.023133165580483124,1406
logistic_interactions_tau_0_7,CWE-191,,0.0,1.0,0.9993072150549308,0.0,1.0,,,,0.9993072150549308,0.5,0.5,0.0003948013545587435,167
logistic_interactions_tau_0_7,CWE-20,0.0400546150670302,0.06854451248233631,0.9867854211696869,0.9924547179372917,0.013214578830313175,0.9314554875176636,0.05054706592763728,0.059991430427426905,0.042404642814726834,0.9794487482892229,0.5276649668260116,0.5279161422969473,0.014005570225935482,1926
logistic_interactions_tau_0_7,CWE-269,,0.0,1.0,0.9995146351360884,0.0,1.0,,,,0.9995146351360884,0.5,0.5,0.000632828939766695,117
logistic_interactions_tau_0_7,CWE-285,0.04937091946166357,0.03176691729323308,0.9992856289033976,0.9988624800795464,0.0007143710966025496,0.968233082706767,0.03853458802884988,0.03415087779856257,0.03863586434603662,0.9981498025819724,0.5155262730983152,0.5157683765309071,0.00294513300474319,283
logistic_interactions_tau_0_7,CWE-287,,0.0,1.0,0.998676655712603,0.0,1.0,,,,0.998676655712603,0.5,0.5,0.0014428917328409285,319
logistic_interactions_tau_0_7,CWE-311,,0.0,1.0,0.9998299147642242,0.0,1.0,,,,0.9998299147642242,0.5,0.5,0.00016470132092492285,41
logistic_interactions_tau_0_7,CWE-369,0.0,0.0,0.9999460079420267,0.9988632729681403,5.3992057973305275e-05,1.0,,,-0.0002644927880488924,0.9988094036937948,0.49997300397101335,0.4963368291268141,0.0009668543914428151,274
logistic_interactions_tau_0_7,CWE-400,,0.0,1.0,0.9976022161593168,0.0,1.0,,,,0.9976022161593168,0.5,0.5,0.002207682486519804,578
logistic_interactions_tau_0_7,CWE-404,0.0,0.0,0.9998665764141812,0.9949092205933858,0.00013342358581880555,1.0,,,-0.0009007402831696932,0.9947771534891443,0.4999332882070906,0.49935575861805803,0.00318345049712167,1227
logistic_interactions_tau_0_7,CWE-476,0.08472085174501592,0.026730959446092977,0.99796550277569,0.9931898765928462,0.0020344972243099913,0.9732690405539071,0.04046845648175186,0.03092289729554522,0.04373345114460187,0.9911846083047152,0.5123482311108914,0.5123561557227497,0.017538121905631438,1683
logistic_interactions_tau_0_7,CWE-573,,0.0,1.0,0.9997759859372172,0.0,1.0,,,,0.9997759859372172,0.5,0.5007219834837636,0.00019106827858887988,54
logistic_interactions_tau_0_7,CWE-662,0.039061972894456023,0.006289308176100629,0.9964580746568382,0.9967110546271885,0.003541925343161753,0.9937106918238994,0.008508606579616232,0.00744113179911404,0.009419634668673118,0.9931925095066271,0.5013736914164695,0.5064322542167193,0.006777593528616234,795
logistic_interactions_tau_0_7,CWE-665,0.018535825545171337,0.014039408866995073,0.9984309983259543,0.9994224627592381,0.0015690016740458185,0.9859605911330049,0.03179765130984643,0.03094677511415525,0.013465138086498522,0.9978552812836774,0.5062352035964747,0.5034346260166476,0.014614687126197512,141
logistic_interactions_tau_0_7,CWE-668,0.05998176411414755,0.2324068088773971,0.9792984000942347,0.9955594249233182,0.02070159990576536,0.7675931911226029,0.09534159649954825,0.1475381428648193,0.10842587883587021,0.9750721568969878,0.6058526044858159,0.6058273193783592,0.014583391346328278,1364
logistic_interactions_tau_0_7,CWE-704,0.0,0.0,0.9996633533908821,0.9981740843338391,0.00033664660911790413,1.0,,,-0.0008703292896151971,0.9978386658776273,0.49983167669544104,0.4987617595582149,0.001143046852101751,440
logistic_interactions_tau_0_7,CWE-705,,0.0,1.0,0.9989048190667192,0.0,1.0,,,,0.9989048190667192,0.5,0.5,0.0012428230768391016,264
logistic_interactions_tau_0_7,CWE-706,0.0,0.0,0.9999001043175797,0.9966518965820639,9.98956824202629e-05,1.0,,,-0.0006456996371839264,0.9965526692563792,0.49995005215878985,0.49995629578511147,0.0022820704196393803,807
logistic_interactions_tau_0_7,CWE-74,0.3554445390523832,0.24844692228922516,0.9982050476500938,0.9970673189455267,0.0017949523499063021,0.7515530777107748,0.29109130342765976,0.2636812382291152,0.29416595837792087,0.9952874049805118,0.6233259849696594,0.6234234228491682,0.06454503051946792,938
logistic_interactions_tau_0_7,CWE-754,0.023859649122807018,0.011942959001782532,0.9997218604414385,0.9993153158381671,0.0002781395585613397,0.9880570409982175,0.03970125786163522,0.03313583497915295,0.01642528978926666,0.9990375651548471,0.5058324097216106,0.50599665652345,0.009518487060712922,167
logistic_interactions_tau_0_7,CWE-834,0.06000000000000001,0.008571428571428572,0.9998213582653916,0.9985560759015856,0.00017864173460845368,0.9914285714285714,0.024999999999999998,0.017241379310344827,0.022171445482310828,0.9983779698079485,0.50419639341841,0.50419639341841,0.0024494834926427813,351
logistic_interactions_tau_0_8,CWE-1164,,0.0,1.0,0.9996930176638366,0.0,1.0,,,,0.9996930176638366,0.5,0.5122581812899915,0.00017094018573942887,74
logistic_interactions_tau_0_8,CWE-118,0.23615485761554078,0.3829003306565895,0.943120785500812,0.9708257154939821,0.056879214499187924,0.6170996693434104,0.2921243724180856,0.34056356189608816,0.2597650324130859,0.9185209856849277,0.6630105580787007,0.6638586258600553,0.1422381126986903,10585
logistic_interactions_tau_0_8,CWE-190,0.07274160469800116,0.06613916862270008,0.9950636357494604,0.9945241553718658,0.004936364250539579,0.9338608313772999,0.06923099723434231,0.06733101711975542,0.06413862699320586,0.9896455573138473,0.5306014021860802,0.5312226878576377,0.023133165580483124,1406
logistic_interactions_tau_0_8,CWE-191,,0.0,1.0,0.9993072150549308,0.0,1.0,,,,0.9993072150549308,0.5,0.5,0.0003948013545587435,167
logistic_interactions_tau_0_8,CWE-20,0.0400546150670302,0.06854451248233631,0.9867854211696869,0.9924547179372917,0.013214578830313175,0.9314554875176636,0.05054706592763728,0.059991430427426905,0.042404642814726834,0.9794487482892229,0.5276649668260116,0.5279161422969473,0.014005570225935482,1926
logistic_interactions_tau_0_8,CWE-269,,0.0,1.0,0.9995146351360884,0.0,1.0,,,,0.9995146351360884,0.5,0.5,0.000632828939766695,117
logistic_interactions_tau_0_8,CWE-285,0.04937091946166357,0.03176691729323308,0.9992856289033976,0.9988624800795464,0.0007143710966025496,0.968233082706767,0.03853458802884988,0.03415087779856257,0.03863586434603662,0.9981498025819724,0.5155262730983152,0.5157683765309071,0.00294513300474319,283
logistic_interactions_tau_0_8,CWE-287,,0.0,1.0,0.998676655712603,0.0,1.0,,,,0.998676655712603,0.5,0.5,0.0014428917328409285,319
logistic_interactions_tau_0_8,CWE-311,,0.0,1.0,0.9998299147642242,0.0,1.0,,,,0.9998299147642242,0.5,0.5,0.00016470132092492285,41
logistic_interactions_tau_0_8,CWE-369,0.0,0.0,0.9999460079420267,0.9988632729681403,5.3992057973305275e-05,1.0,,,-0.0002644927880488924,0.9988094036937948,0.49997300397101335,0.4963368291268141,0.0009668543914428151,274
logistic_interactions_tau_0_8,CWE-400,,0.0,1.0,0.9976022161593168,0.0,1.0,,,,0.9976022161593168,0.5,0.5,0.002207682486519804,578
logistic_interactions_tau_0_8,CWE-404,0.0,0.0,0.9999624765478424,0.9949097066630921,3.75234521575985e-05,1.0,,,-0.000978473112813179,0.9948725651620969,0.4999812382739212,0.49935575861805803,0.00318345049712167,1227
logistic_interactions_tau_0_8,CWE-476,0.08472085174501592,0.026730959446092977,0.99796550277569,0.9931898765928462,0.0020344972243099913,0.9732690405539071,0.04046845648175186,0.03092289729554522,0.04373345114460187,0.9911846083047152,0.5123482311108914,0.5123561557227497,0.017538121905631438,1683
logistic_interactions_tau_0_8,CWE-573,,0.0,1.0,0.9997759859372172,0.0,1.0,,,,0.9997759859372172,0.5,0.5007219834837636,0.00019106827858887988,54
logistic_interactions_tau_0_8,CWE-662,0.037606837606837605,0.002515723270440252,0.9997877280525851,0.996709585010306,0.0002122719474150058,0.9974842767295599,0.011766334440753045,0.007728049115514626,0.008858220163768225,0.9964987365573625,0.5011517256615127,0.5064322542167193,0.006777593528616234,795
logistic_interactions_tau_0_8,CWE-665,0.018535825545171337,0.014039408866995073,0.9984683527991522,0.999422484510353,0.001531647200847653,0.9859605911330049,0.03179765130984643,0.03094677511415525,0.013476321392107493,0.9978926140639326,0.5062538808330738,0.5034346260166476,0.014614687126197512,141
logistic_interactions_tau_0_8,CWE-668,0.05998176411414755,0.2324068088773971,0.9792984000942347,0.9955594249233182,0.02070159990576536,0.7675931911226029,0.09534159649954825,0.1475381428648193,0.10842587883587021,0.9750721568969878,0.6058526044858159,0.6058273193783592,0.014583391346328278,1364
logistic_interactions_tau_0_8,CWE-704,0.0,0.0,0.9996633533908821,0.9981740843338391,0.00033664660911790413,1.0,,,-0.0008703292896151971,0.9978386658776273,0.49983167669544104,0.4987617595582149,0.001143046852101751,440
logistic_interactions_tau_0_8,CWE-705,,0.0,1.0,0.9989048190667192,0.0,1.0,,,,0.9989048190667192,0.5,0.5,0.0012428230768391016,264
logistic_interactions_tau_0_8,CWE-706,0.0,0.0,0.9999001043175797,0.9966518965820639,9.98956824202629e-05,1.0,,,-0.0006456996371839264,0.9965526692563792,0.49995005215878985,0.49995629578511147,0.0022820704196393803,807
logistic_interactions_tau_0_8,CWE-74,0.3554445390523832,0.24844692228922516,0.9982050476500938,0.9970673189455267,0.0017949523499063021,0.7515530777107748,0.29109130342765976,0.2636812382291152,0.29416595837792087,0.9952874049805118,0.6233259849696594,0.6234234228491682,0.06454503051946792,938
logistic_interactions_tau_0_8,CWE-754,0.023859649122807018,0.011942959001782532,0.9997218604414385,0.9993153158381671,0.0002781395585613397,0.9880570409982175,0.03970125786163522,0.03313583497915295,0.01642528978926666,0.9990375651548471,0.5058324097216106,0.50599665652345,0.009518487060712922,167
logistic_interactions_tau_0_8,CWE-834,0.06000000000000001,0.008571428571428572,0.9998213582653916,0.9985560759015856,0.00017864173460845368,0.9914285714285714,0.024999999999999998,0.017241379310344827,0.022171445482310828,0.9983779698079485,0.50419639341841,0.50419639341841,0.0024494834926427813,351
logistic_interactions_tau_0_9,CWE-1164,,0.0,1.0,0.9996930176638366,0.0,1.0,,,,0.9996930176638366,0.5,0.5122581812899915,0.00017094018573942887,74
logistic_interactions_tau_0_9,CWE-118,0.3887693325152157,0.022579121398205008,0.9983208533434633,0.9569687994492151,0.00167914665653666,0.977420878601795,0.042602874479141885,0.027806450108938053,0.08460886085450955,0.9554750990986334,0.5104499873708341,0.6638586258600553,0.1422381126986903,10585
logistic_interactions_tau_0_9,CWE-190,0.13274339868142923,0.0448297619949017,0.9968744589647148,0.9944101016680664,0.0031255410352852716,0.9551702380050984,0.05376020752677627,0.04743447557741033,0.06250057730739993,0.9913213688529924,0.5208521104798083,0.5312226878576377,0.023133165580483124,1406
logistic_interactions_tau_0_9,CWE-191,,0.0,1.0,0.9993072150549308,0.0,1.0,,,,0.9993072150549308,0.5,0.5,0.0003948013545587435,167
logistic_interactions_tau_0_9,CWE-20,,0.0,1.0,0.992010154998088,0.0,1.0,,,,0.992010154998088,0.5,0.5279161422969473,0.014005570225935482,1926
logistic_interactions_tau_0_9,CWE-269,,0.0,1.0,0.9995146351360884,0.0,1.0,,,,0.9995146351360884,0.5,0.5,0.000632828939766695,117
logistic_interactions_tau_0_9,CWE-285,0.04937091946166357,0.03176691729323308,0.9992856289033976,0.9988624800795464,0.0007143710966025496,0.968233082706767,0.03853458802884988,0.03415087779856257,0.03863586434603662,0.9981498025819724,0.5155262730983152,0.5157683765309071,0.00294513300474319,283
logistic_interactions_tau_0_9,CWE-287,,0.0,1.0,0.998676655712603,0.0,1.0,,,,0.998676655712603,0.5,0.5,0.0014428917328409285,319
logistic_interactions_tau_0_9,CWE-311,,0.0,1.0,0.9998299147642242,0.0,1.0,,,,0.9998299147642242,0.5,0.5,0.00016470132092492285,41
logistic_interactions_tau_0_9,CWE-369,0.0,0.0,0.9999460079420267,0.9988632729681403,5.3992057973305275e-05,1.0,,,-0.0002644927880488924,0.9988094036937948,0.49997300397101335,0.4963368291268141,0.0009668543914428151,274
logistic_interactions_tau_0_9,CWE-400,,0.0,1.0,0.9976022161593168,0.0,1.0,,,,0.9976022161593168,0.5,0.5,0.002207682486519804,578
logistic_interactions_tau_0_9,CWE-404,,0.0,1.0,0.9949098971680701,0.0,1.0,,,,0.9949098971680701,0.5,0.49935575861805803,0.00318345049712167,1227
logistic_interactions_tau_0_9,CWE-476,0.16886562283845813,0.014260986293627242,0.9992313057608913,0.9931118493230044,0.000768694239108768,0.9857390137063728,0.025277924121913892,0.01724044929558315,0.04481021792599588,0.9923544512715464,0.5067461460272592,0.5123561557227497,0.017538121905631438,1683
logistic_interactions_tau_0_9,CWE-573,,0.0,1.0,0.9997759859372172,0.0,1.0,,,,0.9997759859372172,0.5,0.5007219834837636,0.00019106827858887988,54
logistic_interactions_tau_0_9,CWE-662,0.0,0.0,0.9999084316646876,0.9967017100558673,9.156833531231355e-05,1.0,,,-0.0008539919712589199,0.9966107447932551,0.4999542158323438,0.5064322542167193,0.006777593528616234,795
logistic_interactions_tau_0_9,CWE-665,0.5,0.014039408866995073,0.9999875473890263,0.9994233588138242,1.245261097370018e-05,0.9859605911330049,0.06781609195402298,0.0434914151728311,0.09357641302717004,0.9994109253966567,0.5070134781280107,0.5034346260166476,0.014614687126197512,141
logistic_interactions_tau_0_9,CWE-668,0.05998176411414755,0.2324068088773971,0.9792984000942347,0.9955594249233182,0.02070159990576536,0.7675931911226029,0.09534159649954825,0.1475381428648193,0.10842587883587021,0.9750721568969878,0.6058526044858159,0.6058273193783592,0.014583391346328278,1364
logistic_interactions_tau_0_9,CWE-704,,0.0,1.0,0.9981746979856234,0.0,1.0,,,,0.9981746979856234,0.5,0.4987617595582149,0.001143046852101751,440
logistic_interactions_tau_0_9,CWE-705,,0.0,1.0,0.9989048190667192,0.0,1.0,,,,0.9989048190667192,0.5,0.5,0.0012428230768391016,264
logistic_interactions_tau_0_9,CWE-706,,0.0,1.0,0.9966522302207153,0.0,1.0,,,,0.9966522302207153,0.5,0.49995629578511147,0.0022820704196393803,807
logistic_interactions_tau_0_9,CWE-74,0.3554445390523832,0.24844692228922516,0.9982050476500938,0.9970673189455267,0.0017949523499063021,0.7515530777107748,0.29109130342765976,0.2636812382291152,0.29416595837792087,0.9952874049805118,0.6233259849696594,0.6234234228491682,0.06454503051946792,938
logistic_interactions_tau_0_9,CWE-754,0.023859649122807018,0.011942959001782532,0.9997218604414385,0.9993153158381671,0.0002781395585613397,0.9880570409982175,0.03970125786163522,0.03313583497915295,0.01642528978926666,0.9990375651548471,0.5058324097216106,0.50599665652345,0.009518487060712922,167
logistic_interactions_tau_0_9,CWE-834,0.06000000000000001,0.008571428571428572,0.9998213582653916,0.9985560759015856,0.00017864173460845368,0.9914285714285714,0.024999999999999998,0.017241379310344827,0.022171445482310828,0.9983779698079485,0.50419639341841,0.50419639341841,0.0024494834926427813,351
decision_tree_tau_0_1,CWE-1164,0.0003146898223347327,1.0,0.024516362579982964,1.0,0.9754836374200171,0.0,0.0006291815099203335,0.0015714696349020281,0.002776638046429008,0.024815824026022764,0.5122581812899915,0.5122581812899915,0.00017094018573942887,74
decision_tree_tau_0_1,CWE-118,0.04391095868676494,1.0,0.0,,1.0,0.0,0.08412778563498187,0.18675281304928476,,0.04391095868676494,0.5,0.6625295656619086,0.13831578740781555,10585
decision_tree_tau_0_1,CWE-190,0.005828762061664526,0.9992882562277579,3.755163349605708e-05,0.9,0.9999624483665039,0.0007117437722419928,0.011589920992590737,0.028479339024807558,-0.017818971806668707,0.005865853899221863,0.49966290393062707,0.5283148535512197,0.020426045977691668,1406
decision_tree_tau_0_1,CWE-191,0.0006931095878454109,1.0,0.0004690992081021807,1.0,0.9995309007918978,0.0,0.001385258834226058,0.0034559644465333044,0.0005683382131360335,0.0011615594411961716,0.5002345496040511,0.5002345496040511,0.0003949017406882645,167
decision_tree_tau_0_1,CWE-20,0.00798582907304744,0.9994805194805195,1.254442818314865e-05,0.75,0.9999874555718169,0.0005194805194805195,0.015845056325044977,0.03869253376672573,-0.024768557015281623,0.00799814117530203,0.49974653195435137,0.5274133115069506,0.013526034211317059,1926
decision_tree_tau_0_1,CWE-269,0.00048544920256393215,1.0,0.00017431510537251592,1.0,0.9998256848946274,0.0,0.0009704271052422284,0.0024225398704476697,0.0002891687803676932,0.0006595956050676492,0.5000871575526862,0.5000871575526862,0.0006330288798952492,117
decision_tree_tau_0_1,CWE-285,0.0011746752847514566,1.0,0.0005731612841924344,1.0,0.9994268387158076,0.0,0.002346593869358927,0.005845906129725699,0.000816414545622603,0.0017464892274097533,0.5002865806420962,0.5158326303297087,0.0029453820512717337,283
decision_tree_tau_0_1,CWE-287,0.0013233442873970792,1.0,0.0,,1.0,0.0,0.0026431905845919214,0.006581879685947018,,0.0013233442873970792,0.5,0.5,0.0014428917328409285,319
decision_tree_tau_0_1,CWE-311,0.00017008669879387656,1.0,8.29884127518012e-06,1.0,0.9999917011587248,0.0,0.00034011541061288125,0.0008498539213599686,6.045679526306522e-05,0.00017838261380432582,0.5000041494206375,0.5000041494206375,0.00016470321774454178,41
decision_tree_tau_0_1,CWE-369,0.001132521630510052,0.9963636363636363,0.0,0.0,1.0,0.0036363636363636364,0.0022624714728927296,0.005636977580738005,-0.1347644295347172,0.0011325169832761073,0.49818181818181817,0.4981568988235131,0.0009669901240062586,274
decision_tree_tau_0_1,CWE-400,0.002398161904492835,1.0,0.0001580185967355784,1.0,0.9998419814032644,0.0,0.004784848754109493,0.011876876730637144,0.000614169645075503,0.0025554235256791333,0.5000790092983678,0.5000790092983678,0.002208184425542156,578
decision_tree_tau_0_1,CWE-404,0.005084125108555352,0.9983706653393064,0.00045031384931229935,0.9877622377622377,0.9995496861506877,0.001629334660693546,0.010116731337050343,0.02491315035789992,-0.0029646435822146427,0.005529826954304981,0.4994104895943094,0.4993438540685792,0.003183064310376755,1227
decision_tree_tau_0_1,CWE-476,0.0069817803426757,1.0,0.0,,1.0,0.0,0.013866745903417323,0.033960481236263766,,0.0069817803426757,0.5,0.5123561557227497,0.017538121905631438,1683
decision_tree_tau_0_1,CWE-573,0.00022433858656746618,1.0,0.0014439669675272554,1.0,0.9985560330324728,0.0,0.0004485764018023631,0.001120685898917021,0.0005685291378416521,0.0016676569087072522,0.5007219834837636,0.5007219834837636,0.00019106827858887988,54
decision_tree_tau_0_1,CWE-662,0.0032980709595047024,1.0,2.497311934053994e-05,1.0,0.9999750268806595,0.0,0.006574458886949725,0.01627564190854362,0.0002836881686150329,0.0033228796242444985,0.5000124865596703,0.5064566514264095,0.006777801991323888,795
decision_tree_tau_0_1,CWE-665,0.000581530712616682,0.993103448275862,0.0012909287105327457,0.998019801980198,0.9987090712894672,0.006896551724137931,0.0011623806286619035,0.0029008575340547147,-0.0028391394001185954,0.0018709482627178736,0.4971971884931974,0.5034619260570034,0.014614850732426413,141
decision_tree_tau_0_1,CWE-668,0.005650443021923507,0.9985347985347985,4.589522234924547e-05,0.8194444444444444,0.9999541047776507,0.0014652014652014652,0.011237297030716709,0.027626881085938932,-0.02443175870758521,0.005695773998238112,0.49929034687857393,0.6044512429248592,0.01458743655061887,1364
decision_tree_tau_0_1,CWE-704,0.0018214022194420667,0.9977272727272727,0.00013298744535341627,0.9894736842105264,0.9998670125546466,0.0022727272727272726,0.003636166430811342,0.009040991921794958,-0.004439223032203314,0.0019538986390582663,0.4989301300863131,0.49876180678175414,0.0011430470242679513,440
decision_tree_tau_0_1,CWE-705,0.0010952580368510558,1.0,7.060016280862191e-05,1.0,0.9999293998371914,0.0,0.0021881193827395567,0.005452401689751154,0.00027478274535137095,0.0011657039140505773,0.5000353000814043,0.5000353000814043,0.0012429241272665236,264
decision_tree_tau_0_1,CWE-706,0.0033436624007304808,0.9987577639751553,8.325181593023498e-06,0.6666666666666666,0.999991674818407,0.0012422360248447203,0.006665011332232404,0.016497388782162163,-0.045122503790354894,0.0033519184682989714,0.4993830445783741,0.499333096737164,0.002278814564890659,807
decision_tree_tau_0_1,CWE-74,0.003892326346615999,1.0,0.00028735363498051756,1.0,0.9997126463650196,0.0,0.007754469558991966,0.019163270883326474,0.0010394262266327885,0.0041774464039682655,0.5001436768174903,0.6234577063560627,0.06454533375213313,938
decision_tree_tau_0_1,CWE-754,0.0006930156344016579,1.0,0.0003321048932564026,1.0,0.9996678951067436,0.0,0.001385071184904862,0.003455497247053517,0.0004755372338957638,0.0010246604477942896,0.5001660524466282,0.50599665652345,0.009518487060712922,167
decision_tree_tau_0_1,CWE-834,0.001456093473177496,1.0,0.0,,1.0,0.0,0.002907952556708425,0.007238307380360226,,0.001456093473177496,0.5,0.50419639341841,0.0024494834926427813,351
decision_tree_tau_0_2,CWE-1164,0.0003146898223347327,1.0,0.024516362579982964,1.0,0.9754836374200171,0.0,0.0006291815099203335,0.0015714696349020281,0.002776638046429008,0.024815824026022764,0.5122581812899915,0.5122581812899915,0.00017094018573942887,74
decision_tree_tau_0_2,CWE-118,0.04391095868676494,1.0,0.0,,1.0,0.0,0.08412778563498187,0.18675281304928476,,0.04391095868676494,0.5,0.6625295656619086,0.13831578740781555,10585
decision_tree_tau_0_2,CWE-190,0.005828762061664526,0.9992882562277579,3.755163349605708e-05,0.9,0.9999624483665039,0.0007117437722419928,0.011589920992590737,0.028479339024807558,-0.017818971806668707,0.005865853899221863,0.49966290393062707,0.5283148535512197,0.020426045977691668,1406
decision_tree_tau_0_2,CWE-191,0.0006931095878454109,1.0,0.0004690992081021807,1.0,0.9995309007918978,0.0,0.001385258834226058,0.0034559644465333044,0.0005683382131360335,0.0011615594411961716,0.5002345496040511,0.5002345496040511,0.0003949017406882645,167
decision_tree_tau_0_2,CWE-20,0.00798582907304744,0.9994805194805195,1.254442818314865e-05,0.75,0.9999874555718169,0.0005194805194805195,0.015845056325044977,0.03869253376672573,-0.024768557015281623,0.00799814117530203,0.49974653195435137,0.5274133115069506,0.013526034211317059,1926
decision_tree_tau_0_2,CWE-269,0.00048544920256393215,1.0,0.00017431510537251592,1.0,0.9998256848946274,0.0,0.0009704271052422284,0.0024225398704476697,0.0002891687803676932,0.0006595956050676492,0.5000871575526862,0.5000871575526862,0.0006330288798952492,117
decision_tree_tau_0_2,CWE-285,0.0011746752847514566,1.0,0.0005731612841924344,1.0,0.9994268387158076,0.0,0.002346593869358927,0.005845906129725699,0.000816414545622603,0.0017464892274097533,0.5002865806420962,0.5158326303297087,0.0029453820512717337,283
decision_tree_tau_0_2,CWE-287,0.0013233442873970792,1.0,0.0,,1.0,0.0,0.0026431905845919214,0.006581879685947018,,0.0013233442873970792,0.5,0.5,0.0014428917328409285,319
decision_tree_tau_0_2,CWE-311,0.00017008669879387656,1.0,8.29884127518012e-06,1.0,0.9999917011587248,0.0,0.00034011541061288125,0.0008498539213599686,6.045679526306522e-05,0.00017838261380432582,0.5000041494206375,0.5000041494206375,0.00016470321774454178,41
decision_tree_tau_0_2,CWE-369,0.001132521630510052,0.9963636363636363,0.0,0.0,1.0,0.0036363636363636364,0.0022624714728927296,0.005636977580738005,-0.1347644295347172,0.0011325169832761073,0.49818181818181817,0.4981568988235131,0.0009669901240062586,274
decision_tree_tau_0_2,CWE-400,0.002398161904492835,1.0,0.0001580185967355784,1.0,0.9998419814032644,0.0,0.004784848754109493,0.011876876730637144,0.000614169645075503,0.0025554235256791333,0.5000790092983678,0.5000790092983678,0.002208184425542156,578
decision_tree_tau_0_2,CWE-404,0.005084125108555352,0.9983706653393064,0.00045031384931229935,0.9877622377622377,0.9995496861506877,0.001629334660693546,0.010116731337050343,0.02491315035789992,-0.0029646435822146427,0.005529826954304981,0.4994104895943094,0.4993438540685792,0.003183064310376755,1227
decision_tree_tau_0_2,CWE-476,0.0069817803426757,1.0,0.0,,1.0,0.0,0.013866745903417323,0.033960481236263766,,0.0069817803426757,0.5,0.5123561557227497,0.017538121905631438,1683
decision_tree_tau_0_2,CWE-573,0.00022433858656746618,1.0,0.0014439669675272554,1.0,0.9985560330324728,0.0,0.0004485764018023631,0.001120685898917021,0.0005685291378416521,0.0016676569087072522,0.5007219834837636,0.5007219834837636,0.00019106827858887988,54
decision_tree_tau_0_2,CWE-662,0.0032980709595047024,1.0,2.497311934053994e-05,1.0,0.9999750268806595,0.0,0.006574458886949725,0.01627564190854362,0.0002836881686150329,0.0033228796242444985,0.5000124865596703,0.5064566514264095,0.006777801991323888,795
decision_tree_tau_0_2,CWE-665,0.000581530712616682,0.993103448275862,0.0012909287105327457,0.998019801980198,0.9987090712894672,0.006896551724137931,0.0011623806286619035,0.0029008575340547147,-0.0028391394001185954,0.0018709482627178736,0.4971971884931974,0.5034619260570034,0.014614850732426413,141
decision_tree_tau_0_2,CWE-668,0.005650443021923507,0.9985347985347985,4.589522234924547e-05,0.8194444444444444,0.9999541047776507,0.0014652014652014652,0.011237297030716709,0.027626881085938932,-0.02443175870758521,0.005695773998238112,0.49929034687857393,0.6044512429248592,0.01458743655061887,1364
decision_tree_tau_0_2,CWE-704,0.0018214022194420667,0.9977272727272727,0.00013298744535341627,0.9894736842105264,0.9998670125546466,0.0022727272727272726,0.003636166430811342,0.009040991921794958,-0.004439223032203314,0.0019538986390582663,0.4989301300863131,0.49876180678175414,0.0011430470242679513,440
decision_tree_tau_0_2,CWE-705,0.0010952580368510558,1.0,7.060016280862191e-05,1.0,0.9999293998371914,0.0,0.0021881193827395567,0.005452401689751154,0.00027478274535137095,0.0011657039140505773,0.5000353000814043,0.5000353000814043,0.0012429241272665236,264
decision_tree_tau_0_2,CWE-706,0.0033436624007304808,0.9987577639751553,8.325181593023498e-06,0.6666666666666666,0.999991674818407,0.0012422360248447203,0.006665011332232404,0.016497388782162163,-0.045122503790354894,0.0033519184682989714,0.4993830445783741,0.499333096737164,0.002278814564890659,807
decision_tree_tau_0_2,CWE-74,0.003892326346615999,1.0,0.00028735363498051756,1.0,0.9997126463650196,0.0,0.007754469558991966,0.019163270883326474,0.0010394262266327885,0.0041774464039682655,0.5001436768174903,0.6234577063560627,0.06454533375213313,938
decision_tree_tau_0_2,CWE-754,0.0006930156344016579,1.0,0.0003321048932564026,1.0,0.9996678951067436,0.0,0.001385071184904862,0.003455497247053517,0.0004755372338957638,0.0010246604477942896,0.5001660524466282,0.50599665652345,0.009518487060712922,167
decision_tree_tau_0_2,CWE-834,0.001456093473177496,1.0,0.0,,1.0,0.0,0.002907952556708425,0.007238307380360226,,0.001456093473177496,0.5,0.50419639341841,0.0024494834926427813,351
decision_tree_tau_0_3,CWE-1164,0.0003146898223347327,1.0,0.024516362579982964,1.0,0.9754836374200171,0.0,0.0006291815099203335,0.0015714696349020281,0.002776638046429008,0.024815824026022764,0.5122581812899915,0.5122581812899915,0.00017094018573942887,74
decision_tree_tau_0_3,CWE-118,0.04391095868676494,1.0,0.0,,1.0,0.0,0.08412778563498187,0.18675281304928476,,0.04391095868676494,0.5,0.6625295656619086,0.13831578740781555,10585
decision_tree_tau_0_3,CWE-190,0.005828762061664526,0.9992882562277579,3.755163349605708e-05,0.9,0.9999624483665039,0.0007117437722419928,0.011589920992590737,0.028479339024807558,-0.017818971806668707,0.005865853899221863,0.49966290393062707,0.5283148535512197,0.020426045977691668,1406
decision_tree_tau_0_3,CWE-191,0.0006931095878454109,1.0,0.0004690992081021807,1.0,0.9995309007918978,0.0,0.001385258834226058,0.0034559644465333044,0.0005683382131360335,0.0011615594411961716,0.5002345496040511,0.5002345496040511,0.0003949017406882645,167
decision_tree_tau_0_3,CWE-20,0.00798582907304744,0.9994805194805195,1.254442818314865e-05,0.75,0.9999874555718169,0.0005194805194805195,0.015845056325044977,0.03869253376672573,-0.024768557015281623,0.00799814117530203,0.49974653195435137,0.5274133115069506,0.013526034211317059,1926
decision_tree_tau_0_3,CWE-269,0.00048544920256393215,1.0,0.00017431510537251592,1.0,0.9998256848946274,0.0,0.0009704271052422284,0.0024225398704476697,0.0002891687803676932,0.0006595956050676492,0.5000871575526862,0.5000871575526862,0.0006330288798952492,117
decision_tree_tau_0_3,CWE-285,0.0011746752847514566,1.0,0.0005731612841924344,1.0,0.9994268387158076,0.0,0.002346593869358927,0.005845906129725699,0.000816414545622603,0.0017464892274097533,0.5002865806420962,0.5158326303297087,0.0029453820512717337,283
decision_tree_tau_0_3,CWE-287,0.0013233442873970792,1.0,0.0,,1.0,0.0,0.0026431905845919214,0.006581879685947018,,0.0013233442873970792,0.5,0.5,0.0014428917328409285,319
decision_tree_tau_0_3,CWE-311,0.00017008669879387656,1.0,8.29884127518012e-06,1.0,0.9999917011587248,0.0,0.00034011541061288125,0.0008498539213599686,6.045679526306522e-05,0.00017838261380432582,0.5000041494206375,0.5000041494206375,0.00016470321774454178,41
decision_tree_tau_0_3,CWE-369,0.001132521630510052,0.9963636363636363,0.0,0.0,1.0,0.0036363636363636364,0.0022624714728927296,0.005636977580738005,-0.1347644295347172,0.0011325169832761073,0.49818181818181817,0.4981568988235131,0.0009669901240062586,274
decision_tree_tau_0_3,CWE-400,0.002398161904492835,1.0,0.0001580185967355784,1.0,0.9998419814032644,0.0,0.004784848754109493,0.011876876730637144,0.000614169645075503,0.0025554235256791333,0.5000790092983678,0.5000790092983678,0.002208184425542156,578
decision_tree_tau_0_3,CWE-404,0.005084125108555352,0.9983706653393064,0.00045031384931229935,0.9877622377622377,0.9995496861506877,0.001629334660693546,0.010116731337050343,0.02491315035789992,-0.0029646435822146427,0.005529826954304981,0.4994104895943094,0.4993438540685792,0.003183064310376755,1227
decision_tree_tau_0_3,CWE-476,0.0069817803426757,1.0,0.0,,1.0,0.0,0.013866745903417323,0.033960481236263766,,0.0069817803426757,0.5,0.5123561557227497,0.017538121905631438,1683
decision_tree_tau_0_3,CWE-573,0.00022433858656746618,1.0,0.0014439669675272554,1.0,0.9985560330324728,0.0,0.0004485764018023631,0.001120685898917021,0.0005685291378416521,0.0016676569087072522,0.5007219834837636,0.5007219834837636,0.00019106827858887988,54
decision_tree_tau_0_3,CWE-662,0.0032980709595047024,1.0,2.497311934053994e-05,1.0,0.9999750268806595,0.0,0.006574458886949725,0.01627564190854362,0.0002836881686150329,0.0033228796242444985,0.5000124865596703,0.5064566514264095,0.006777801991323888,795
decision_tree_tau_0_3,CWE-665,0.000581530712616682,0.993103448275862,0.0012909287105327457,0.998019801980198,0.9987090712894672,0.006896551724137931,0.0011623806286619035,0.0029008575340547147,-0.0028391394001185954,0.0018709482627178736,0.4971971884931974,0.5034619260570034,0.014614850732426413,141
decision_tree_tau_0_3,CWE-668,0.005650443021923507,0.9985347985347985,4.589522234924547e-05,0.8194444444444444,0.9999541047776507,0.0014652014652014652,0.011237297030716709,0.027626881085938932,-0.02443175870758521,0.005695773998238112,0.49929034687857393,0.6044512429248592,0.01458743655061887,1364
decision_tree_tau_0_3,CWE-704,0.0018214022194420667,0.9977272727272727,0.00013298744535341627,0.9894736842105264,0.9998670125546466,0.0022727272727272726,0.003636166430811342,0.009040991921794958,-0.004439223032203314,0.0019538986390582663,0.4989301300863131,0.49876180678175414,0.0011430470242679513,440
decision_tree_tau_0_3,CWE-705,0.0010952580368510558,1.0,7.060016280862191e-05,1.0,0.9999293998371914,0.0,0.0021881193827395567,0.005452401689751154,0.00027478274535137095,0.0011657039140505773,0.5000353000814043,0.5000353000814043,0.0012429241272665236,264
decision_tree_tau_0_3,CWE-706,0.0033436624007304808,0.9987577639751553,8.325181593023498e-06,0.6666666666666666,0.999991674818407,0.0012422360248447203,0.006665011332232404,0.016497388782162163,-0.045122503790354894,0.0033519184682989714,0.4993830445783741,0.499333096737164,0.002278814564890659,807
decision_tree_tau_0_3,CWE-74,0.003892326346615999,1.0,0.00028735363498051756,1.0,0.9997126463650196,0.0,0.007754469558991966,0.019163270883326474,0.0010394262266327885,0.0041774464039682655,0.5001436768174903,0.6234577063560627,0.06454533375213313,938
decision_tree_tau_0_3,CWE-754,0.0006930156344016579,1.0,0.0003321048932564026,1.0,0.9996678951067436,0.0,0.001385071184904862,0.003455497247053517,0.0004755372338957638,0.0010246604477942896,0.5001660524466282,0.50599665652345,0.009518487060712922,167
decision_tree_tau_0_3,CWE-834,0.001456093473177496,1.0,0.0,,1.0,0.0,0.002907952556708425,0.007238307380360226,,0.001456093473177496,0.5,0.50419639341841,0.0024494834926427813,351
decision_tree_tau_0_4,CWE-1164,0.0003146898223347327,1.0,0.024516362579982964,1.0,0.9754836374200171,0.0,0.0006291815099203335,0.0015714696349020281,0.002776638046429008,0.024815824026022764,0.5122581812899915,0.5122581812899915,0.00017094018573942887,74
decision_tree_tau_0_4,CWE-118,0.2364361858662804,0.3810108644307983,0.9434895996034518,0.9707501053989416,0.05651040039654827,0.6189891355692017,0.29178692692181796,0.33948196914781,0.2592871967023706,0.9187906363593683,0.6622502320171251,0.6625295656619086,0.13831578740781555,10585
decision_tree_tau_0_4,CWE-190,0.005828762061664526,0.9992882562277579,3.755163349605708e-05,0.9,0.9999624483665039,0.0007117437722419928,0.011589920992590737,0.028479339024807558,-0.017818971806668707,0.005865853899221863,0.49966290393062707,0.5283148535512197,0.020426045977691668,1406
decision_tree_tau_0_4,CWE-191,0.0006931095878454109,1.0,0.0004690992081021807,1.0,0.9995309007918978,0.0,0.001385258834226058,0.0034559644465333044,0.0005683382131360335,0.0011615594411961716,0.5002345496040511,0.5002345496040511,0.0003949017406882645,167
decision_tree_tau_0_4,CWE-20,0.00798582907304744,0.9994805194805195,1.254442818314865e-05,0.75,0.9999874555718169,0.0005194805194805195,0.015845056325044977,0.03869253376672573,-0.024768557015281623,0.00799814117530203,0.49974653195435137,0.5274133115069506,0.013526034211317059,1926
decision_tree_tau_0_4,CWE-269,0.00048544920256393215,1.0,0.00017431510537251592,1.0,0.9998256848946274,0.0,0.0009704271052422284,0.0024225398704476697,0.0002891687803676932,0.0006595956050676492,0.5000871575526862,0.5000871575526862,0.0006330288798952492,117
decision_tree_tau_0_4,CWE-285,0.0011746752847514566,1.0,0.0005731612841924344,1.0,0.9994268387158076,0.0,0.002346593869358927,0.005845906129725699,0.000816414545622603,0.0017464892274097533,0.5002865806420962,0.5158326303297087,0.0029453820512717337,283
decision_tree_tau_0_4,CWE-287,0.0013233442873970792,1.0,0.0,,1.0,0.0,0.0026431905845919214,0.006581879685947018,,0.0013233442873970792,0.5,0.5,0.0014428917328409285,319
decision_tree_tau_0_4,CWE-311,0.00017008669879387656,1.0,8.29884127518012e-06,1.0,0.9999917011587248,0.0,0.00034011541061288125,0.0008498539213599686,6.045679526306522e-05,0.00017838261380432582,0.5000041494206375,0.5000041494206375,0.00016470321774454178,41
decision_tree_tau_0_4,CWE-369,0.001132521630510052,0.9963636363636363,0.0,0.0,1.0,0.0036363636363636364,0.0022624714728927296,0.005636977580738005,-0.1347644295347172,0.0011325169832761073,0.49818181818181817,0.4981568988235131,0.0009669901240062586,274
decision_tree_tau_0_4,CWE-400,0.002398161904492835,1.0,0.0001580185967355784,1.0,0.9998419814032644,0.0,0.004784848754109493,0.011876876730637144,0.000614169645075503,0.0025554235256791333,0.5000790092983678,0.5000790092983678,0.002208184425542156,578
decision_tree_tau_0_4,CWE-404,0.005084125108555352,0.9983706653393064,0.00045031384931229935,0.9877622377622377,0.9995496861506877,0.001629334660693546,0.010116731337050343,0.02491315035789992,-0.0029646435822146427,0.005529826954304981,0.4994104895943094,0.4993438540685792,0.003183064310376755,1227
decision_tree_tau_0_4,CWE-476,0.0069817803426757,1.0,0.0,,1.0,0.0,0.013866745903417323,0.033960481236263766,,0.0069817803426757,0.5,0.5123561557227497,0.017538121905631438,1683
decision_tree_tau_0_4,CWE-573,0.00022433858656746618,1.0,0.0014439669675272554,1.0,0.9985560330324728,0.0,0.0004485764018023631,0.001120685898917021,0.0005685291378416521,0.0016676569087072522,0.5007219834837636,0.5007219834837636,0.00019106827858887988,54
decision_tree_tau_0_4,CWE-662,0.0032980709595047024,1.0,2.497311934053994e-05,1.0,0.9999750268806595,0.0,0.006574458886949725,0.01627564190854362,0.0002836881686150329,0.0033228796242444985,0.5000124865596703,0.5064566514264095,0.006777801991323888,795
decision_tree_tau_0_4,CWE-665,0.000581530712616682,0.993103448275862,0.0012909287105327457,0.998019801980198,0.9987090712894672,0.006896551724137931,0.0011623806286619035,0.0029008575340547147,-0.0028391394001185954,0.0018709482627178736,0.4971971884931974,0.5034619260570034,0.014614850732426413,141
decision_tree_tau_0_4,CWE-668,0.005650443021923507,0.9985347985347985,4.589522234924547e-05,0.8194444444444444,0.9999541047776507,0.0014652014652014652,0.011237297030716709,0.027626881085938932,-0.02443175870758521,0.005695773998238112,0.49929034687857393,0.6044512429248592,0.01458743655061887,1364
decision_tree_tau_0_4,CWE-704,0.0018214022194420667,0.9977272727272727,0.00013298744535341627,0.9894736842105264,0.9998670125546466,0.0022727272727272726,0.003636166430811342,0.009040991921794958,-0.004439223032203314,0.0019538986390582663,0.4989301300863131,0.49876180678175414,0.0011430470242679513,440
decision_tree_tau_0_4,CWE-705,0.0010952580368510558,1.0,7.060016280862191e-05,1.0,0.9999293998371914,0.0,0.0021881193827395567,0.005452401689751154,0.00027478274535137095,0.0011657039140505773,0.5000353000814043,0.5000353000814043,0.0012429241272665236,264
decision_tree_tau_0_4,CWE-706,0.0033436624007304808,0.9987577639751553,8.325181593023498e-06,0.6666666666666666,0.999991674818407,0.0012422360248447203,0.006665011332232404,0.016497388782162163,-0.045122503790354894,0.0033519184682989714,0.4993830445783741,0.499333096737164,0.002278814564890659,807
decision_tree_tau_0_4,CWE-74,0.003892326346615999,1.0,0.00028735363498051756,1.0,0.9997126463650196,0.0,0.007754469558991966,0.019163270883326474,0.0010394262266327885,0.0041774464039682655,0.5001436768174903,0.6234577063560627,0.06454533375213313,938
decision_tree_tau_0_4,CWE-754,0.0006930156344016579,1.0,0.0003321048932564026,1.0,0.9996678951067436,0.0,0.001385071184904862,0.003455497247053517,0.0004755372338957638,0.0010246604477942896,0.5001660524466282,0.50599665652345,0.009518487060712922,167
decision_tree_tau_0_4,CWE-834,0.001456093473177496,1.0,0.0,,1.0,0.0,0.002907952556708425,0.007238307380360226,,0.001456093473177496,0.5,0.50419639341841,0.0024494834926427813,351
decision_tree_tau_0_5,CWE-1164,0.0003146898223347327,1.0,0.024516362579982964,1.0,0.9754836374200171,0.0,0.0006291815099203335,0.0015714696349020281,0.002776638046429008,0.024815824026022764,0.5122581812899915,0.5122581812899915,0.00017094018573942887,74
decision_tree_tau_0_5,CWE-118,0.2364361858662804,0.3810108644307983,0.9434895996034518,0.9707501053989416,0.05651040039654827,0.6189891355692017,0.29178692692181796,0.33948196914781,0.2592871967023706,0.9187906363593683,0.6622502320171251,0.6625295656619086,0.13831578740781555,10585
decision_tree_tau_0_5,CWE-190,0.07223344756016545,0.06187122990333409,0.995347383839688,0.994500826950679,0.004652616160312024,0.938128770096666,0.06661740682844128,0.06367941029438087,0.06177760906055361,0.989902760544544,0.5286093068715111,0.5283148535512197,0.020426045977691668,1406
decision_tree_tau_0_5,CWE-191,0.0006931095878454109,1.0,0.0004690992081021807,1.0,0.9995309007918978,0.0,0.001385258834226058,0.0034559644465333044,0.0005683382131360335,0.0011615594411961716,0.5002345496040511,0.5002345496040511,0.0003949017406882645,167
decision_tree_tau_0_5,CWE-20,0.039977140591281345,0.06854451248233631,0.9867603289033298,0.9924545286870157,0.013239671096670324,0.9314554875176636,0.050485065106746066,0.05995629746455007,0.042344237897913264,0.9794238564133064,0.527652420692833,0.5274133115069506,0.013526034211317059,1926
decision_tree_tau_0_5,CWE-269,0.00048544920256393215,1.0,0.00017431510537251592,1.0,0.9998256848946274,0.0,0.0009704271052422284,0.0024225398704476697,0.0002891687803676932,0.0006595956050676492,0.5000871575526862,0.5000871575526862,0.0006330288798952492,117
decision_tree_tau_0_5,CWE-285,0.053558416552386454,0.03176691729323308,0.9993437760277727,0.9988625460952214,0.0006562239722273154,0.968233082706767,0.039813376709893995,0.03455309624214336,0.04034789407485675,0.9982078813025572,0.5155553466605028,0.5158326303297087,0.0029453820512717337,283
decision_tree_tau_0_5,CWE-287,0.0013222921226100361,0.8,0.2,0.9986724470534547,0.8,0.2,0.0026410917875936296,0.006576673862050505,,0.20079232310877898,0.5,0.5,0.0014428917328409285,319
decision_tree_tau_0_5,CWE-311,0.0001711223439128066,0.8,0.2000082988412752,0.9999446852938939,0.7999917011587249,0.2,0.0003421859705477657,0.0008550248497213533,6.045679526306522e-05,0.20011200496647708,0.5000041494206375,0.5000041494206375,0.00016470321774454178,41
decision_tree_tau_0_5,CWE-369,0.00022403385400460515,0.19636363636363635,0.7999501612833898,0.7990914555978081,0.20004983871661017,0.8036363636363635,0.0022377854212423855,0.005575402151692237,-0.02715721190408099,0.7992657593993083,0.4981568988235131,0.4981568988235131,0.0009669901240062586,274
decision_tree_tau_0_5,CWE-400,0.002398161904492835,1.0,0.0001580185967355784,1.0,0.9998419814032644,0.0,0.004784848754109493,0.011876876730637144,0.000614169645075503,0.0025554235256791333,0.5000790092983678,0.5000790092983678,0.002208184425542156,578
decision_tree_tau_0_5,CWE-404,0.002030014774896892,0.3983706653393065,0.6001876256059504,0.9847084858323634,0.39981237439404965,0.6016293346606936,0.010098613189223695,0.024868287742204558,-0.004201111600080616,0.5991619440028582,0.49927914547262836,0.4993438540685792,0.003183064310376755,1227
decision_tree_tau_0_5,CWE-476,0.08472085174501592,0.026730959446092977,0.99796550277569,0.9931898765928462,0.0020344972243099913,0.9732690405539071,0.04046845648175186,0.03092289729554522,0.04373345114460187,0.9911846083047152,0.5123482311108914,0.5123561557227497,0.017538121905631438,1683
decision_tree_tau_0_5,CWE-573,0.00022433858656746618,1.0,0.0014439669675272554,1.0,0.9985560330324728,0.0,0.0004485764018023631,0.001120685898917021,0.0005685291378416521,0.0016676569087072522,0.5007219834837636,0.5007219834837636,0.00019106827858887988,54
decision_tree_tau_0_5,CWE-662,0.008249793345950801,0.02138364779874214,0.9914884249526141,0.9967446892176837,0.008511575047385967,0.9786163522012579,0.011904567705208872,0.016216711879718966,0.00801725489548288,0.9882890313444115,0.5064360363756781,0.5064566514264095,0.006777801991323888,795
decision_tree_tau_0_5,CWE-665,0.20186915887850465,0.014039408866995073,0.9984974124807641,0.9994225013512178,0.0015025875192359178,0.9859605911330049,0.04074074074074074,0.032783046481676625,0.03995160302594124,0.9979216559194335,0.5062684106738796,0.5034619260570034,0.014614850732426413,141
decision_tree_tau_0_5,CWE-668,0.0597613525015631,0.23094160741219563,0.9793442953165838,0.9955511772724301,0.020655704683416116,0.7690583925878044,0.0949419581534686,0.14680403351033078,0.10784103127050251,0.9751094949260036,0.6051429513643898,0.6044512429248592,0.01458743655061887,1364
decision_tree_tau_0_5,CWE-704,0.00036102581127064485,0.19772727272727272,0.7997381554770292,0.9880128001735266,0.20026184452297083,0.8022727272727274,0.003603678237097175,0.008960204333855153,-0.005423053766790996,0.7986392466097646,0.498732714102151,0.49876180678175414,0.0011430470242679513,440
decision_tree_tau_0_5,CWE-705,0.0010952580368510558,1.0,7.060016280862191e-05,1.0,0.9999293998371914,0.0,0.0021881193827395567,0.005452401689751154,0.00027478274535137095,0.0011657039140505773,0.5000353000814043,0.5000353000814043,0.0012429241272665236,264
decision_tree_tau_0_5,CWE-706,0.0006638315527434913,0.19875776397515527,0.7999084294991727,0.9306531688466949,0.20009157050082726,0.8012422360248447,0.006616218004383244,0.016376998505598882,-0.00954106046781812,0.7978926958079888,0.499333096737164,0.499333096737164,0.002278814564890659,807
decision_tree_tau_0_5,CWE-74,0.36091922275481747,0.24844692228922516,0.9982508584252724,0.9970674525849267,0.0017491415747275835,0.7515530777107748,0.29301124064602446,0.26433189576249155,0.29651341597446185,0.9953330375480475,0.6233488903572487,0.6234577063560627,0.06454533375213313,938
decision_tree_tau_0_5,CWE-754,0.023859649122807018,0.011942959001782532,0.9997218604414385,0.9993153158381671,0.0002781395585613397,0.9880570409982175,0.03970125786163522,0.03313583497915295,0.01642528978926666,0.9990375651548471,0.5058324097216106,0.50599665652345,0.009518487060712922,167
decision_tree_tau_0_5,CWE-834,0.06000000000000001,0.008571428571428572,0.9998213582653916,0.9985560759015856,0.00017864173460845368,0.9914285714285714,0.024999999999999998,0.017241379310344827,0.022171445482310828,0.9983779698079485,0.50419639341841,0.50419639341841,0.0024494834926427813,351
decision_tree_tau_0_6,CWE-1164,,0.0,1.0,0.9996930176638366,0.0,1.0,,,,0.9996930176638366,0.5,0.5122581812899915,0.00017094018573942887,74
decision_tree_tau_0_6,CWE-118,0.2364361858662804,0.3810108644307983,0.9434895996034518,0.9707501053989416,0.05651040039654827,0.6189891355692017,0.29178692692181796,0.33948196914781,0.2592871967023706,0.9187906363593683,0.6622502320171251,0.6625295656619086,0.13831578740781555,10585
decision_tree_tau_0_6,CWE-190,0.07223344756016545,0.06187122990333409,0.995347383839688,0.994500826950679,0.004652616160312024,0.938128770096666,0.06661740682844128,0.06367941029438087,0.06177760906055361,0.989902760544544,0.5286093068715111,0.5283148535512197,0.020426045977691668,1406
decision_tree_tau_0_6,CWE-191,,0.0,1.0,0.9993072150549308,0.0,1.0,,,,0.9993072150549308,0.5,0.5002345496040511,0.0003949017406882645,167
decision_tree_tau_0_6,CWE-20,0.039977140591281345,0.06854451248233631,0.9867603289033298,0.9924545286870157,0.013239671096670324,0.9314554875176636,0.050485065106746066,0.05995629746455007,0.042344237897913264,0.9794238564133064,0.527652420692833,0.5274133115069506,0.013526034211317059,1926
decision_tree_tau_0_6,CWE-269,,0.0,1.0,0.9995146351360884,0.0,1.0,,,,0.9995146351360884,0.5,0.5000871575526862,0.0006330288798952492,117
decision_tree_tau_0_6,CWE-285,0.053558416552386454,0.03176691729323308,0.9993437760277727,0.9988625460952214,0.0006562239722273154,0.968233082706767,0.039813376709893995,0.03455309624214336,0.04034789407485675,0.9982078813025572,0.5155553466605028,0.5158326303297087,0.0029453820512717337,283
decision_tree_tau_0_6,CWE-287,,0.0,1.0,0.998676655712603,0.0,1.0,,,,0.998676655712603,0.5,0.5,0.0014428917328409285,319
decision_tree_tau_0_6,CWE-311,,0.0,1.0,0.9998299147642242,0.0,1.0,,,,0.9998299147642242,0.5,0.5000041494206375,0.00016470321774454178,41
decision_tree_tau_0_6,CWE-369,0.0,0.0,0.9999501612833898,0.9988632777020232,4.983871661017863e-05,1.0,,,-0.00025540749642193565,0.9988135522967528,0.4999750806416949,0.4981568988235131,0.0009669901240062586,274
decision_tree_tau_0_6,CWE-400,,0.0,1.0,0.9976022161593168,0.0,1.0,,,,0.9976022161593168,0.5,0.5000790092983678,0.002208184425542156,578
decision_tree_tau_0_6,CWE-404,0.0,0.0,0.9998665764141812,0.9949092205933858,0.00013342358581880555,1.0,,,-0.0009007402831696932,0.9947771534891443,0.4999332882070906,0.4993438540685792,0.003183064310376755,1227
decision_tree_tau_0_6,CWE-476,0.08472085174501592,0.026730959446092977,0.99796550277569,0.9931898765928462,0.0020344972243099913,0.9732690405539071,0.04046845648175186,0.03092289729554522,0.04373345114460187,0.9911846083047152,0.5123482311108914,0.5123561557227497,0.017538121905631438,1683
decision_tree_tau_0_6,CWE-573,,0.0,1.0,0.9997759859372172,0.0,1.0,,,,0.9997759859372172,0.5,0.5007219834837636,0.00019106827858887988,54
decision_tree_tau_0_6,CWE-662,0.008249793345950801,0.02138364779874214,0.9914884249526141,0.9967446892176837,0.008511575047385967,0.9786163522012579,0.011904567705208872,0.016216711879718966,0.00801725489548288,0.9882890313444115,0.5064360363756781,0.5064566514264095,0.006777801991323888,795
decision_tree_tau_0_6,CWE-665,0.20186915887850465,0.014039408866995073,0.9984974124807641,0.9994225013512178,0.0015025875192359178,0.9859605911330049,0.04074074074074074,0.032783046481676625,0.03995160302594124,0.9979216559194335,0.5062684106738796,0.5034619260570034,0.014614850732426413,141
decision_tree_tau_0_6,CWE-668,0.0597613525015631,0.23094160741219563,0.9793442953165838,0.9955511772724301,0.020655704683416116,0.7690583925878044,0.0949419581534686,0.14680403351033078,0.10784103127050251,0.9751094949260036,0.6051429513643898,0.6044512429248592,0.01458743655061887,1364
decision_tree_tau_0_6,CWE-704,0.0,0.0,0.9996633533908821,0.9981740843338391,0.00033664660911790413,1.0,,,-0.0008703292896151971,0.9978386658776273,0.49983167669544104,0.49876180678175414,0.0011430470242679513,440
decision_tree_tau_0_6,CWE-705,,0.0,1.0,0.9989048190667192,0.0,1.0,,,,0.9989048190667192,0.5,0.5000353000814043,0.0012429241272665236,264
decision_tree_tau_0_6,CWE-706,0.0,0.0,0.9999001043175797,0.9966518965820639,9.98956824202629e-05,1.0,,,-0.0006456996371839264,0.9965526692563792,0.49995005215878985,0.499333096737164,0.002278814564890659,807
decision_tree_tau_0_6,CWE-74,0.36091922275481747,0.24844692228922516,0.9982508584252724,0.9970674525849267,0.0017491415747275835,0.7515530777107748,0.29301124064602446,0.26433189576249155,0.29651341597446185,0.9953330375480475,0.6233488903572487,0.6234577063560627,0.06454533375213313,938
decision_tree_tau_0_6,CWE-754,0.023859649122807018,0.011942959001782532,0.9997218604414385,0.9993153158381671,0.0002781395585613397,0.9880570409982175,0.03970125786163522,0.03313583497915295,0.01642528978926666,0.9990375651548471,0.5058324097216106,0.50599665652345,0.009518487060712922,167
decision_tree_tau_0_6,CWE-834,0.06000000000000001,0.008571428571428572,0.9998213582653916,0.9985560759015856,0.00017864173460845368,0.9914285714285714,0.024999999999999998,0.017241379310344827,0.022171445482310828,0.9983779698079485,0.50419639341841,0.50419639341841,0.0024494834926427813,351
decision_tree_tau_0_7,CWE-1164,,0.0,1.0,0.9996930176638366,0.0,1.0,,,,0.9996930176638366,0.5,0.5122581812899915,0.00017094018573942887,74
decision_tree_tau_0_7,CWE-118,0.2364361858662804,0.3810108644307983,0.9434895996034518,0.9707501053989416,0.05651040039654827,0.6189891355692017,0.29178692692181796,0.33948196914781,0.2592871967023706,0.9187906363593683,0.6622502320171251,0.6625295656619086,0.13831578740781555,10585
decision_tree_tau_0_7,CWE-190,0.07223344756016545,0.06187122990333409,0.995347383839688,0.994500826950679,0.004652616160312024,0.938128770096666,0.06661740682844128,0.06367941029438087,0.06177760906055361,0.989902760544544,0.5286093068715111,0.5283148535512197,0.020426045977691668,1406
decision_tree_tau_0_7,CWE-191,,0.0,1.0,0.9993072150549308,0.0,1.0,,,,0.9993072150549308,0.5,0.5002345496040511,0.0003949017406882645,167
decision_tree_tau_0_7,CWE-20,0.039977140591281345,0.06854451248233631,0.9867603289033298,0.9924545286870157,0.013239671096670324,0.9314554875176636,0.050485065106746066,0.05995629746455007,0.042344237897913264,0.9794238564133064,0.527652420692833,0.5274133115069506,0.013526034211317059,1926
decision_tree_tau_0_7,CWE-269,,0.0,1.0,0.9995146351360884,0.0,1.0,,,,0.9995146351360884,0.5,0.5000871575526862,0.0006330288798952492,117
decision_tree_tau_0_7,CWE-285,0.053558416552386454,0.03176691729323308,0.9993437760277727,0.9988625460952214,0.0006562239722273154,0.968233082706767,0.039813376709893995,0.03455309624214336,0.04034789407485675,0.9982078813025572,0.5155553466605028,0.5158326303297087,0.0029453820512717337,283
decision_tree_tau_0_7,CWE-287,,0.0,1.0,0.998676655712603,0.0,1.0,,,,0.998676655712603,0.5,0.5,0.0014428917328409285,319
decision_tree_tau_0_7,CWE-311,,0.0,1.0,0.9998299147642242,0.0,1.0,,,,0.9998299147642242,0.5,0.5000041494206375,0.00016470321774454178,41
decision_tree_tau_0_7,CWE-369,0.0,0.0,0.9999501612833898,0.9988632777020232,4.983871661017863e-05,1.0,,,-0.00025540749642193565,0.9988135522967528,0.4999750806416949,0.4981568988235131,0.0009669901240062586,274
decision_tree_tau_0_7,CWE-400,,0.0,1.0,0.9976022161593168,0.0,1.0,,,,0.9976022161593168,0.5,0.5000790092983678,0.002208184425542156,578
decision_tree_tau_0_7,CWE-404,0.0,0.0,0.9998665764141812,0.9949092205933858,0.00013342358581880555,1.0,,,-0.0009007402831696932,0.9947771534891443,0.4999332882070906,0.4993438540685792,0.003183064310376755,1227
decision_tree_tau_0_7,CWE-476,0.08472085174501592,0.026730959446092977,0.99796550277569,0.9931898765928462,0.0020344972243099913,0.9732690405539071,0.04046845648175186,0.03092289729554522,0.04373345114460187,0.9911846083047152,0.5123482311108914,0.5123561557227497,0.017538121905631438,1683
decision_tree_tau_0_7,CWE-573,,0.0,1.0,0.9997759859372172,0.0,1.0,,,,0.9997759859372172,0.5,0.5007219834837636,0.00019106827858887988,54
decision_tree_tau_0_7,CWE-662,0.039061972894456023,0.006289308176100629,0.9964580746568382,0.9967110546271885,0.003541925343161753,0.9937106918238994,0.008508606579616232,0.00744113179911404,0.009419634668673118,0.9931925095066271,0.5013736914164695,0.5064566514264095,0.006777801991323888,795
decision_tree_tau_0_7,CWE-665,0.20186915887850465,0.014039408866995073,0.9984974124807641,0.9994225013512178,0.0015025875192359178,0.9859605911330049,0.04074074074074074,0.032783046481676625,0.03995160302594124,0.9979216559194335,0.5062684106738796,0.5034619260570034,0.014614850732426413,141
decision_tree_tau_0_7,CWE-668,0.0597613525015631,0.23094160741219563,0.9793442953165838,0.9955511772724301,0.020655704683416116,0.7690583925878044,0.0949419581534686,0.14680403351033078,0.10784103127050251,0.9751094949260036,0.6051429513643898,0.6044512429248592,0.01458743655061887,1364
decision_tree_tau_0_7,CWE-704,0.0,0.0,0.9996633533908821,0.9981740843338391,0.00033664660911790413,1.0,,,-0.0008703292896151971,0.9978386658776273,0.49983167669544104,0.49876180678175414,0.0011430470242679513,440
decision_tree_tau_0_7,CWE-705,,0.0,1.0,0.9989048190667192,0.0,1.0,,,,0.9989048190667192,0.5,0.5000353000814043,0.0012429241272665236,264
decision_tree_tau_0_7,CWE-706,0.0,0.0,0.9999001043175797,0.9966518965820639,9.98956824202629e-05,1.0,,,-0.0006456996371839264,0.9965526692563792,0.49995005215878985,0.499333096737164,0.002278814564890659,807
decision_tree_tau_0_7,CWE-74,0.36091922275481747,0.24844692228922516,0.9982508584252724,0.9970674525849267,0.0017491415747275835,0.7515530777107748,0.29301124064602446,0.26433189576249155,0.29651341597446185,0.9953330375480475,0.6233488903572487,0.6234577063560627,0.06454533375213313,938
decision_tree_tau_0_7,CWE-754,0.023859649122807018,0.011942959001782532,0.9997218604414385,0.9993153158381671,0.0002781395585613397,0.9880570409982175,0.03970125786163522,0.03313583497915295,0.01642528978926666,0.9990375651548471,0.5058324097216106,0.50599665652345,0.009518487060712922,167
decision_tree_tau_0_7,CWE-834,0.06000000000000001,0.008571428571428572,0.9998213582653916,0.9985560759015856,0.00017864173460845368,0.9914285714285714,0.024999999999999998,0.017241379310344827,0.022171445482310828,0.9983779698079485,0.50419639341841,0.50419639341841,0.0024494834926427813,351
decision_tree_tau_0_8,CWE-1164,,0.0,1.0,0.9996930176638366,0.0,1.0,,,,0.9996930176638366,0.5,0.5122581812899915,0.00017094018573942887,74
decision_tree_tau_0_8,CWE-118,0.2364361858662804,0.3810108644307983,0.9434895996034518,0.9707501053989416,0.05651040039654827,0.6189891355692017,0.29178692692181796,0.33948196914781,0.2592871967023706,0.9187906363593683,0.6622502320171251,0.6625295656619086,0.13831578740781555,10585
decision_tree_tau_0_8,CWE-190,0.07223344756016545,0.06187122990333409,0.995347383839688,0.994500826950679,0.004652616160312024,0.938128770096666,0.06661740682844128,0.06367941029438087,0.06177760906055361,0.989902760544544,0.5286093068715111,0.5283148535512197,0.020426045977691668,1406
decision_tree_tau_0_8,CWE-191,,0.0,1.0,0.9993072150549308,0.0,1.0,,,,0.9993072150549308,0.5,0.5002345496040511,0.0003949017406882645,167
decision_tree_tau_0_8,CWE-20,0.039977140591281345,0.06854451248233631,0.9867603289033298,0.9924545286870157,0.013239671096670324,0.9314554875176636,0.050485065106746066,0.05995629746455007,0.042344237897913264,0.9794238564133064,0.527652420692833,0.5274133115069506,0.013526034211317059,1926
decision_tree_tau_0_8,CWE-269,,0.0,1.0,0.9995146351360884,0.0,1.0,,,,0.9995146351360884,0.5,0.5000871575526862,0.0006330288798952492,117
decision_tree_tau_0_8,CWE-285,0.053558416552386454,0.03176691729323308,0.9993437760277727,0.9988625460952214,0.0006562239722273154,0.968233082706767,0.039813376709893995,0.03455309624214336,0.04034789407485675,0.9982078813025572,0.5155553466605028,0.5158326303297087,0.0029453820512717337,283
decision_tree_tau_0_8,CWE-287,,0.0,1.0,0.998676655712603,0.0,1.0,,,,0.998676655712603,0.5,0.5,0.0014428917328409285,319
decision_tree_tau_0_8,CWE-311,,0.0,1.0,0.9998299147642242,0.0,1.0,,,,0.9998299147642242,0.5,0.5000041494206375,0.00016470321774454178,41
decision_tree_tau_0_8,CWE-369,0.0,0.0,0.9999501612833898,0.9988632777020232,4.983871661017863e-05,1.0,,,-0.00025540749642193565,0.9988135522967528,0.4999750806416949,0.4981568988235131,0.0009669901240062586,274
decision_tree_tau_0_8,CWE-400,,0.0,1.0,0.9976022161593168,0.0,1.0,,,,0.9976022161593168,0.5,0.5000790092983678,0.002208184425542156,578
decision_tree_tau_0_8,CWE-404,0.0,0.0,0.9998665764141812,0.9949092205933858,0.00013342358581880555,1.0,,,-0.0009007402831696932,0.9947771534891443,0.4999332882070906,0.4993438540685792,0.003183064310376755,1227
decision_tree_tau_0_8,CWE-476,0.08472085174501592,0.026730959446092977,0.99796550277569,0.9931898765928462,0.0020344972243099913,0.9732690405539071,0.04046845648175186,0.03092289729554522,0.04373345114460187,0.9911846083047152,0.5123482311108914,0.5123561557227497,0.017538121905631438,1683
decision_tree_tau_0_8,CWE-573,,0.0,1.0,0.9997759859372172,0.0,1.0,,,,0.9997759859372172,0.5,0.5007219834837636,0.00019106827858887988,54
decision_tree_tau_0_8,CWE-662,0.037606837606837605,0.002515723270440252,0.9997877280525851,0.996709585010306,0.0002122719474150058,0.9974842767295599,0.011766334440753045,0.007728049115514626,0.008858220163768225,0.9964987365573625,0.5011517256615127,0.5064566514264095,0.006777801991323888,795
decision_tree_tau_0_8,CWE-665,0.20186915887850465,0.014039408866995073,0.9984974124807641,0.9994225013512178,0.0015025875192359178,0.9859605911330049,0.04074074074074074,0.032783046481676625,0.03995160302594124,0.9979216559194335,0.5062684106738796,0.5034619260570034,0.014614850732426413,141
decision_tree_tau_0_8,CWE-668,0.0597613525015631,0.23094160741219563,0.9793442953165838,0.9955511772724301,0.020655704683416116,0.7690583925878044,0.0949419581534686,0.14680403351033078,0.10784103127050251,0.9751094949260036,0.6051429513643898,0.6044512429248592,0.01458743655061887,1364
decision_tree_tau_0_8,CWE-704,0.0,0.0,0.9996633533908821,0.9981740843338391,0.00033664660911790413,1.0,,,-0.0008703292896151971,0.9978386658776273,0.49983167669544104,0.49876180678175414,0.0011430470242679513,440
decision_tree_tau_0_8,CWE-705,,0.0,1.0,0.9989048190667192,0.0,1.0,,,,0.9989048190667192,0.5,0.5000353000814043,0.0012429241272665236,264
decision_tree_tau_0_8,CWE-706,0.0,0.0,0.9999001043175797,0.9966518965820639,9.98956824202629e-05,1.0,,,-0.0006456996371839264,0.9965526692563792,0.49995005215878985,0.499333096737164,0.002278814564890659,807
decision_tree_tau_0_8,CWE-74,0.36091922275481747,0.24844692228922516,0.9982508584252724,0.9970674525849267,0.0017491415747275835,0.7515530777107748,0.29301124064602446,0.26433189576249155,0.29651341597446185,0.9953330375480475,0.6233488903572487,0.6234577063560627,0.06454533375213313,938
decision_tree_tau_0_8,CWE-754,0.023859649122807018,0.011942959001782532,0.9997218604414385,0.9993153158381671,0.0002781395585613397,0.9880570409982175,0.03970125786163522,0.03313583497915295,0.01642528978926666,0.9990375651548471,0.5058324097216106,0.50599665652345,0.009518487060712922,167
decision_tree_tau_0_8,CWE-834,0.06000000000000001,0.008571428571428572,0.9998213582653916,0.9985560759015856,0.00017864173460845368,0.9914285714285714,0.024999999999999998,0.017241379310344827,0.022171445482310828,0.9983779698079485,0.50419639341841,0.50419639341841,0.0024494834926427813,351
decision_tree_tau_0_9,CWE-1164,,0.0,1.0,0.9996930176638366,0.0,1.0,,,,0.9996930176638366,0.5,0.5122581812899915,0.00017094018573942887,74
decision_tree_tau_0_9,CWE-118,0.4689615539452496,0.015115729806329711,0.9992103170817408,0.9566913648489408,0.0007896829182592097,0.9848842701936704,0.029270042011398933,0.018740706460121503,0.07788883039370971,0.9559977875359484,0.5071630234440352,0.6625295656619086,0.13831578740781555,10585
decision_tree_tau_0_9,CWE-190,0.12180609713281501,0.04981449231468161,0.996215243813819,0.9944353949002285,0.0037847561861809277,0.9501855076853184,0.055237242199655215,0.051633644909780396,0.05893003913381824,0.990695028671307,0.5230148680642503,0.5283148535512197,0.020426045977691668,1406
decision_tree_tau_0_9,CWE-191,,0.0,1.0,0.9993072150549308,0.0,1.0,,,,0.9993072150549308,0.5,0.5002345496040511,0.0003949017406882645,167
decision_tree_tau_0_9,CWE-20,0.0,0.0,0.9999498178279508,0.9920097572595162,5.01821720492791e-05,1.0,,,-0.0007028811154904443,0.9919603737414879,0.4999749089139754,0.5274133115069506,0.013526034211317059,1926
decision_tree_tau_0_9,CWE-269,,0.0,1.0,0.9995146351360884,0.0,1.0,,,,0.9995146351360884,0.5,0.5000871575526862,0.0006330288798952492,117
decision_tree_tau_0_9,CWE-285,0.053558416552386454,0.03176691729323308,0.9993437760277727,0.9988625460952214,0.0006562239722273154,0.968233082706767,0.039813376709893995,0.03455309624214336,0.04034789407485675,0.9982078813025572,0.5155553466605028,0.5158326303297087,0.0029453820512717337,283
decision_tree_tau_0_9,CWE-287,,0.0,1.0,0.998676655712603,0.0,1.0,,,,0.998676655712603,0.5,0.5,0.0014428917328409285,319
decision_tree_tau_0_9,CWE-311,,0.0,1.0,0.9998299147642242,0.0,1.0,,,,0.9998299147642242,0.5,0.5000041494206375,0.00016470321774454178,41
decision_tree_tau_0_9,CWE-369,0.0,0.0,0.9999501612833898,0.9988632777020232,4.983871661017863e-05,1.0,,,-0.00025540749642193565,0.9988135522967528,0.4999750806416949,0.4981568988235131,0.0009669901240062586,274
decision_tree_tau_0_9,CWE-400,,0.0,1.0,0.9976022161593168,0.0,1.0,,,,0.9976022161593168,0.5,0.5000790092983678,0.002208184425542156,578
decision_tree_tau_0_9,CWE-404,,0.0,1.0,0.9949098971680701,0.0,1.0,,,,0.9949098971680701,0.5,0.4993438540685792,0.003183064310376755,1227
decision_tree_tau_0_9,CWE-476,0.16886562283845813,0.014260986293627242,0.9992313057608913,0.9931118493230044,0.000768694239108768,0.9857390137063728,0.025277924121913892,0.01724044929558315,0.04481021792599588,0.9923544512715464,0.5067461460272592,0.5123561557227497,0.017538121905631438,1683
decision_tree_tau_0_9,CWE-573,,0.0,1.0,0.9997759859372172,0.0,1.0,,,,0.9997759859372172,0.5,0.5007219834837636,0.00019106827858887988,54
decision_tree_tau_0_9,CWE-662,0.0,0.0,0.9998709753637055,0.996701586919493,0.00012902463629450102,1.0,,,-0.0008313116404713778,0.996573412013,0.49993548768185275,0.5064566514264095,0.006777801991323888,795
decision_tree_tau_0_9,CWE-665,0.5,0.014039408866995073,0.9999875473890263,0.9994233588138242,1.245261097370018e-05,0.9859605911330049,0.06781609195402298,0.0434914151728311,0.09357641302717004,0.9994109253966567,0.5070134781280107,0.5034619260570034,0.014614850732426413,141
decision_tree_tau_0_9,CWE-668,0.05995790242681097,0.23094160741219563,0.9794152172156579,0.9955514998048252,0.020584782784342115,0.7690583925878044,0.09518782975854503,0.14703614209787036,0.10804932304152044,0.9751800157556403,0.6051784123139268,0.6044512429248592,0.01458743655061887,1364
decision_tree_tau_0_9,CWE-704,,0.0,1.0,0.9981746979856234,0.0,1.0,,,,0.9981746979856234,0.5,0.49876180678175414,0.0011430470242679513,440
decision_tree_tau_0_9,CWE-705,,0.0,1.0,0.9989048190667192,0.0,1.0,,,,0.9989048190667192,0.5,0.5000353000814043,0.0012429241272665236,264
decision_tree_tau_0_9,CWE-706,0.0,0.0,0.9999001043175797,0.9966518965820639,9.98956824202629e-05,1.0,,,-0.0006456996371839264,0.9965526692563792,0.49995005215878985,0.499333096737164,0.002278814564890659,807
decision_tree_tau_0_9,CWE-74,0.36091922275481747,0.24844692228922516,0.9982508584252724,0.9970674525849267,0.0017491415747275835,0.7515530777107748,0.29301124064602446,0.26433189576249155,0.29651341597446185,0.9953330375480475,0.6233488903572487,0.6234577063560627,0.06454533375213313,938
decision_tree_tau_0_9,CWE-754,0.023859649122807018,0.011942959001782532,0.9997218604414385,0.9993153158381671,0.0002781395585613397,0.9880570409982175,0.03970125786163522,0.03313583497915295,0.01642528978926666,0.9990375651548471,0.5058324097216106,0.50599665652345,0.009518487060712922,167
decision_tree_tau_0_9,CWE-834,0.06000000000000001,0.008571428571428572,0.9998213582653916,0.9985560759015856,0.00017864173460845368,0.9914285714285714,0.024999999999999998,0.017241379310344827,0.022171445482310828,0.9983779698079485,0.50419639341841,0.50419639341841,0.0024494834926427813,351
