strategy,family,precision,recall,specificity,npv,fpr,fnr,f1,f2,mcc,accuracy,balanced_accuracy,roc_auc,pr_auc,positive_support
tool:codeql,CWE-116,0.0,0.0,0.9975821717597577,0.9933459392883762,0.002417828240242175,1.0,,,-0.003985804340268795,0.9909601748681831,0.49879108587987886,0.49879108587987886,0.00424599741186992,58
tool:codeql,CWE-190,0.4,0.02857142857142857,0.9993057919800382,0.9844149763710736,0.0006942080199618057,0.9714285714285715,0.12539184952978055,0.08622645790787382,0.10708915340566885,0.9837489728523463,0.5139386102757333,0.5139386102757333,0.029522180307498175,140
tool:codeql,CWE-191,0.0,0.0,0.9994232759906481,0.9894663908216911,0.0005767240093519734,1.0,,,-0.003072021730271023,0.9889018485315088,0.49971163799532403,0.49971163799532403,0.011197421902539029,92
tool:codeql,CWE-20,0.00832545315711907,0.038235294117647055,0.8160138684464977,0.9544492349397172,0.18398613155350238,0.9617647058823529,0.013671989262571727,0.022244657221560247,-0.07365507172527304,0.7857465447897988,0.4271245812820723,0.4271245812820723,0.025552827145975045,340
tool:codeql,CWE-269,,0.0,1.0,0.9900439889684988,0.0,1.0,,,,0.9900439889684988,0.5,0.5,0.006775135174142716,87
tool:codeql,CWE-285,0.04,0.0034482758620689655,0.9965623190988753,0.966694473945212,0.003437680901124669,0.9965517241379309,0.031746031746031744,0.02109704641350211,0.0011998966129126865,0.9634867815752759,0.5000052974804722,0.5000052974804722,0.03877113527250782,291
tool:codeql,CWE-287,0.3734407814407814,0.06904516129032258,0.9914978111395095,0.9327531082753374,0.008502188860490402,0.9309548387096773,0.11586490150382951,0.08234183536421656,0.13540307875745286,0.9257140206576991,0.530271486214916,0.530271486214916,0.06972193793554343,623
tool:codeql,CWE-311,0.34739100486951735,0.20216450216450216,0.9822827231594212,0.9638284103670378,0.017717276840578652,0.7978354978354979,0.25185114188445185,0.21910161028987654,0.23774468183167374,0.9478182306562823,0.5922236126619618,0.5922236126619618,0.13536215836946236,386
tool:codeql,CWE-327,0.7492604789719323,0.6857142857142857,0.9900869410897137,0.9869372446139261,0.009913058910286324,0.3142857142857143,0.7139800493370336,0.6963169766348831,0.704389012100666,0.977902132766118,0.8379006134019997,0.8379006134019997,0.5080147430562535,350
tool:codeql,CWE-330,0.9954545454545455,0.876,0.9998810232004759,0.9963654073202741,0.00011897679952409281,0.12400000000000003,0.9311838373975302,0.8971261781020917,0.9317002628317426,0.9963393592360976,0.937940511600238,0.937940511600238,0.8715566144146665,250
tool:codeql,CWE-345,0.5659033613445378,0.06037735849056604,0.9970702133936913,0.9426387437483863,0.002929786606308713,0.939622641509434,0.10764506685519118,0.073222961007231,0.1675505837590298,0.9402516044057991,0.5287237859421288,0.5287237859421288,0.08883220756092329,530
tool:codeql,CWE-400,0.25,0.00392156862745098,0.9995291805222895,0.9712555659375826,0.0004708194777105155,0.996078431372549,0.038461538461538464,0.024390243902439025,0.03098436854490162,0.9708147561532314,0.5017253745748702,0.5017253745748702,0.02510224081803499,252
tool:codeql,CWE-501,0.6604334365325077,0.6333333333333333,0.9965380189267237,0.9961895658634508,0.0034619810732764702,0.36666666666666664,0.6454007254007254,0.6378477263405585,0.6425211091098149,0.9928011125426103,0.8149356761300284,0.8149356761300284,0.43147025299166764,90
tool:codeql,CWE-610,0.6333333333333333,0.026135569531795945,0.9991790170027335,0.9701952149856081,0.0008209829972665372,0.973864430468204,0.048975215817321074,0.03212055771137563,0.115109348196379,0.9694464690783591,0.5126572932672647,0.5126572932672647,0.04717791202721744,267
tool:codeql,CWE-662,0.5,0.010526315789473684,0.9998851234922459,0.9893538809772704,0.00011487650775416428,0.9894736842105264,0.1,0.06493506493506494,0.11287503819915358,0.9892426309627702,0.5052057196408597,0.5052057196408597,0.019379385697905756,94
tool:codeql,CWE-668,0.030105122150576695,0.016417600664176007,0.9236663112227322,0.8673711337871748,0.07633368877726779,0.9835823993358239,0.026550572947339004,0.02257113504487595,-0.07836074767465842,0.8097572993928186,0.47004195594345416,0.47004195594345416,0.08068430145489774,1097
tool:codeql,CWE-704,0.0,0.0,0.9994298091558365,0.9953052779579421,0.0005701908441634469,1.0,,,-0.00253333948793809,0.9947402574290308,0.49971490457791823,0.49971490457791823,0.005517971747314987,41
tool:codeql,CWE-706,0.3911111111111111,0.053672316384180796,0.9971582228222399,0.9675734509590697,0.0028417771777600456,0.9463276836158192,0.09342308067505609,0.06467193426652183,0.13292217744124216,0.9649756487853984,0.5254152696032104,0.5254152696032104,0.06567519590296479,298
tool:codeql,CWE-74,0.3928329778867804,0.4793056066740277,0.8551832516944293,0.8938034604410205,0.14481674830557065,0.5206943933259722,0.4315838335840857,0.4589394277968063,0.30959976557155294,0.7938047038599602,0.6672444291842285,0.6672444291842285,0.3065390595205467,1427
tool:codeql,CWE-913,0.3333333333333333,0.009523809523809523,0.9997695825010121,0.9878663491040248,0.00023041749898794158,0.9904761904761905,0.0909090909090909,0.058823529411764705,0.07054766579182321,0.9876428713596358,0.5046466960124107,0.5046466960124107,0.05228745243494075,107
tool:codeql,CWE-923,0.0,0.0,0.999882144961697,0.962111829301295,0.00011785503830288745,1.0,,,-0.0046981631544764325,0.9620026355899771,0.4999410724808485,0.4999410724808485,0.02168795088321281,331
tool:joern,CWE-116,,0.0,1.0,0.9933619380241989,0.0,1.0,,,,0.9933619380241989,0.5,0.5,0.00424604412037584,58
tool:joern,CWE-190,,0.0,1.0,0.9839770503724559,0.0,1.0,,,,0.9839770503724559,0.5,0.5,0.012097125290733908,140
tool:joern,CWE-191,,0.0,1.0,0.9894724530237615,0.0,1.0,,,,0.9894724530237615,0.5,0.5,0.011205068872282486,92
tool:joern,CWE-20,,0.0,1.0,0.9610871223331069,0.0,1.0,,,,0.9610871223331069,0.5,0.5,0.0253434085311513,340
tool:joern,CWE-269,,0.0,1.0,0.9900439889684988,0.0,1.0,,,,0.9900439889684988,0.5,0.5,0.006775135174142716,87
tool:joern,CWE-285,,0.0,1.0,0.966694064192742,0.0,1.0,,,,0.966694064192742,0.5,0.5,0.03768358183096645,291
tool:joern,CWE-287,,0.0,1.0,0.9286960542355661,0.0,1.0,,,,0.9286960542355661,0.5,0.5,0.04291427062256463,623
tool:joern,CWE-311,,0.0,1.0,0.955822733273112,0.0,1.0,,,,0.955822733273112,0.5,0.5,0.02619729180504169,386
tool:joern,CWE-327,0.840952380952381,0.06285714285714286,0.9994058646624809,0.9623441534849198,0.0005941353375190443,0.9371428571428572,0.1159030910609858,0.0769373299157802,0.21861720649899005,0.9618891326445279,0.5311315037598119,0.5311315037598119,0.10602517644198903,350
tool:joern,CWE-330,,0.0,1.0,0.9713875899508139,0.0,1.0,,,,0.9713875899508139,0.5,0.5,0.035956559443318374,250
tool:joern,CWE-345,,0.0,1.0,0.9393416906957256,0.0,1.0,,,,0.9393416906957256,0.5,0.5,0.04087741475586877,530
tool:joern,CWE-400,,0.0,1.0,0.9711565763595033,0.0,1.0,,,,0.9711565763595033,0.5,0.5,0.020930301605895485,252
tool:joern,CWE-501,,0.0,1.0,0.989699532382293,0.0,1.0,,,,0.989699532382293,0.5,0.5,0.01466445233162102,90
tool:joern,CWE-610,,0.0,1.0,0.9694432471018262,0.0,1.0,,,,0.9694432471018262,0.5,0.5,0.030602752174023213,267
tool:joern,CWE-662,,0.0,1.0,0.9892428243315114,0.0,1.0,,,,0.9892428243315114,0.5,0.5,0.00877267421514677,94
tool:joern,CWE-668,,0.0,1.0,0.8744466303932542,0.0,1.0,,,,0.8744466303932542,0.5,0.5,0.07440226383488399,1097
tool:joern,CWE-704,,0.0,1.0,0.9953078591409886,0.0,1.0,,,,0.9953078591409886,0.5,0.5,0.005517971747314987,41
tool:joern,CWE-706,,0.0,1.0,0.9658921872995082,0.0,1.0,,,,0.9658921872995082,0.5,0.5,0.03941468969383616,298
tool:joern,CWE-74,,0.0,1.0,0.8366782491283284,0.0,1.0,,,,0.8366782491283284,0.5,0.5,0.19089766587592377,1427
tool:joern,CWE-913,,0.0,1.0,0.987754996164564,0.0,1.0,,,,0.987754996164564,0.5,0.5,0.04386078192722022,107
tool:joern,CWE-923,,0.0,1.0,0.9621160785848722,0.0,1.0,,,,0.9621160785848722,0.5,0.5,0.02168795088321281,331
tool:semgrep,CWE-116,,0.0,1.0,0.9933619380241989,0.0,1.0,,,,0.9933619380241989,0.5,0.5,0.00424604412037584,58
tool:semgrep,CWE-190,,0.0,1.0,0.9839770503724559,0.0,1.0,,,,0.9839770503724559,0.5,0.5,0.012097125290733908,140
tool:semgrep,CWE-191,,0.0,1.0,0.9894724530237615,0.0,1.0,,,,0.9894724530237615,0.5,0.5,0.011205068872282486,92
tool:semgrep,CWE-20,,0.0,1.0,0.9610871223331069,0.0,1.0,,,,0.9610871223331069,0.5,0.5,0.0253434085311513,340
tool:semgrep,CWE-269,0.0,0.0,0.9825368182027129,0.9898689005604556,0.01746318179728708,1.0,,,-0.013287590590180018,0.972754579172841,0.49126840910135644,0.49126840910135644,0.006579792102533984,87
tool:semgrep,CWE-285,0.01111111111111111,0.0034482758620689655,0.9908824784656401,0.9665092609349857,0.009117521534359883,0.9965517241379309,0.02631578947368421,0.020000000000000004,-0.011266417462129391,0.95799447550902,0.4971653771638545,0.4971653771638545,0.035719567462931735,291
tool:semgrep,CWE-287,0.9375,0.011225806451612903,0.9998770743700062,0.9294325060411625,0.0001229256299938537,0.988774193548387,0.027501922724775682,0.017450736958270204,0.10531220029188726,0.9293825243967853,0.5055514404108095,0.5055514404108095,0.053190805847669484,623
tool:semgrep,CWE-311,0.39138466734211413,0.45854145854145856,0.9670806811798108,0.9747808926247427,0.03291931882018918,0.5414585414585413,0.42212634771864144,0.4431926486937684,0.3946987290460561,0.9446173690569282,0.7128110698606347,0.7128110698606347,0.227787611335368,386
tool:semgrep,CWE-327,0.7681856011427568,0.35428571428571426,0.9957093467033008,0.9736492100894161,0.00429065329669914,0.6457142857142857,0.48289755227780473,0.3963796542477297,0.508332657435672,0.9700053114850146,0.6749975304945076,0.6749975304945075,0.3751019654668628,350
tool:semgrep,CWE-330,0.9203176113721525,0.8720000000000001,0.9977589370870416,0.9962400316439093,0.0022410629129584144,0.128,0.8945265091025231,0.8806554370693478,0.8923888323661628,0.9941624912370909,0.9348794685435209,0.9348794685435209,0.7355189691658002,250
tool:semgrep,CWE-345,0.0,0.0,0.9986540562072896,0.9392645845208654,0.0013459437927102703,1.0,,,-0.008713504739132202,0.9380777199107765,0.4993270281036448,0.4993270281036448,0.040531175599276846,530
tool:semgrep,CWE-400,,0.0,1.0,0.9711565763595033,0.0,1.0,,,,0.9711565763595033,0.5,0.5,0.020930301605895485,252
tool:semgrep,CWE-501,0.6592156862745098,0.47777777777777775,0.9972282893088369,0.9945861458058729,0.0027717106911631603,0.5222222222222223,0.5454678654678655,0.5016572572461764,0.5527944470075824,0.9918832977809418,0.7375030335433073,0.7375030335433073,0.33540295139083814,90
tool:semgrep,CWE-610,0.6207204433497537,0.33710691823899375,0.9935135009835291,0.9794086447025656,0.006486499016470882,0.6628930817610063,0.43670090964475533,0.37092196383392834,0.44531798944159895,0.9734615852413473,0.6653102096112614,0.6653102096112614,0.2601602333592068,267
tool:semgrep,CWE-662,,0.0,1.0,0.9892428243315114,0.0,1.0,,,,0.9892428243315114,0.5,0.5,0.00877267421514677,94
tool:semgrep,CWE-668,0.0,0.0,0.9998677248677248,0.8744319543926512,0.00013227513227513226,1.0,,,-0.009168259790219851,0.8743311569521456,0.4999338624338624,0.4999338624338624,0.07439794789105346,1097
tool:semgrep,CWE-704,,0.0,1.0,0.9953078591409886,0.0,1.0,,,,0.9953078591409886,0.5,0.5,0.005517971747314987,41
tool:semgrep,CWE-706,0.4827292986159981,0.4329378531073447,0.9836554127045385,0.9800439529024676,0.016344587295461458,0.5670621468926553,0.45524503181293674,0.44133220031683235,0.4385186932731133,0.9648607812780104,0.7082966329059416,0.7082966329059416,0.27526141509204527,298
tool:semgrep,CWE-74,0.5503298398948432,0.5711544595755121,0.908675347630305,0.9156421844933973,0.09132465236969496,0.42884554042448786,0.5601360777588462,0.5665936038667455,0.4727389806902137,0.853517255441498,0.7399149036029086,0.7399149036029086,0.409185820169614,1427
tool:semgrep,CWE-913,0.3385922574157868,0.24415584415584415,0.9942075951777898,0.9906500423649399,0.005792404822210222,0.7558441558441558,0.2821131954258889,0.2578026591628058,0.2793355642637286,0.9850089301776513,0.6191817196668169,0.619181719666817,0.13466226087251187,107
tool:semgrep,CWE-923,,0.0,1.0,0.9621160785848722,0.0,1.0,,,,0.9621160785848722,0.5,0.5,0.02168795088321281,331
or_1_of_3,CWE-116,0.0,0.0,0.9975821717597577,0.9933459392883762,0.002417828240242175,1.0,,,-0.003985804340268795,0.9909601748681831,0.49879108587987886,0.49879108587987886,0.00424599741186992,58
or_1_of_3,CWE-190,0.4,0.02857142857142857,0.9993057919800382,0.9844149763710736,0.0006942080199618057,0.9714285714285715,0.12539184952978055,0.08622645790787382,0.10708915340566885,0.9837489728523463,0.5139386102757333,0.5139386102757333,0.029522180307498175,140
or_1_of_3,CWE-191,0.0,0.0,0.9994232759906481,0.9894663908216911,0.0005767240093519734,1.0,,,-0.003072021730271023,0.9889018485315088,0.49971163799532403,0.49971163799532403,0.011197421902539029,92
or_1_of_3,CWE-20,0.00832545315711907,0.038235294117647055,0.8160138684464977,0.9544492349397172,0.18398613155350238,0.9617647058823529,0.013671989262571727,0.022244657221560247,-0.07365507172527304,0.7857465447897988,0.4271245812820723,0.4271245812820723,0.025552827145975045,340
or_1_of_3,CWE-269,0.0,0.0,0.9825368182027129,0.9898689005604556,0.01746318179728708,1.0,,,-0.013287590590180018,0.972754579172841,0.49126840910135644,0.49126840910135644,0.006579792102533984,87
or_1_of_3,CWE-285,0.020634920634920634,0.006896551724137931,0.9883933640738569,0.9665400017835706,0.011606635926143097,0.993103448275862,0.02581612258494337,0.019881422924901186,-0.007740027310094062,0.9557040910474848,0.4976449578989974,0.4976449578989974,0.0361234495981587,291
or_1_of_3,CWE-287,0.40216821973798594,0.07705806451612904,0.9913748855095157,0.9332863387961596,0.008625114490484257,0.9229419354838709,0.1286242119629814,0.0917576861320406,0.1507378422785449,0.9261728925728814,0.5342164750128224,0.5342164750128224,0.0729991641538327,623
or_1_of_3,CWE-311,0.35377849074979084,0.47405927405927406,0.9600180358181977,0.9753198877636295,0.039981964181802394,0.5259407259407258,0.40469613712017055,0.4434743066409913,0.3777573777152964,0.9385574081482029,0.7170386549387359,0.7170386549387359,0.20688356060400714,386
or_1_of_3,CWE-327,0.6979589058599708,0.7514285714285714,0.9862756188301718,0.9895918801500564,0.013724381169828086,0.24857142857142858,0.723064685454703,0.739648878941486,0.7118972604293341,0.976867930850146,0.8688520951293717,0.8688520951293717,0.5430512497743982,350
or_1_of_3,CWE-330,0.9168755823866453,0.876,0.9976399602875174,0.9963577386493803,0.0023600397124825074,0.12400000000000003,0.8950367131841558,0.8833108265264682,0.8927759599982098,0.9941624912370909,0.9368199801437587,0.9368199801437587,0.7332220284820161,250
or_1_of_3,CWE-345,0.4741702741702742,0.06037735849056604,0.995724269600981,0.9425654359712137,0.004275730399018984,0.939622641509434,0.10566341220225714,0.07284517509198976,0.15036150648048158,0.9389876336208502,0.5280508140457736,0.5280508140457736,0.07561501636090565,530
or_1_of_3,CWE-400,0.25,0.00392156862745098,0.9995291805222895,0.9712555659375826,0.0004708194777105155,0.996078431372549,0.038461538461538464,0.024390243902439025,0.03098436854490162,0.9708147561532314,0.5017253745748702,0.5017253745748702,0.02510224081803499,252
or_1_of_3,CWE-501,0.6296399694889396,0.7555555555555555,0.9953812098125555,0.9974542343909855,0.004618790187444582,0.24444444444444446,0.6852590661349655,0.725261781430987,0.6854322746753484,0.9929134510534012,0.8754683826840555,0.8754683826840555,0.4816710797143453,90
or_1_of_3,CWE-610,0.6001267748478701,0.3445842068483578,0.9926925179862625,0.9796196121357011,0.007307482013737418,0.6554157931516421,0.43749567444221277,0.3765392199701103,0.44203737896638573,0.9728946561722035,0.6686383624173102,0.6686383624173102,0.2518003479319614,267
or_1_of_3,CWE-662,0.5,0.010526315789473684,0.9998851234922459,0.9893538809772704,0.00011487650775416428,0.9894736842105264,0.1,0.06493506493506494,0.11287503819915358,0.9892426309627702,0.5052057196408597,0.5052057196408597,0.019379385697905756,94
or_1_of_3,CWE-668,0.030105122150576695,0.016417600664176007,0.9235340360904571,0.8673540850875643,0.07646596390954292,0.9835823993358239,0.026550572947339004,0.02257113504487595,-0.07845233621298683,0.80964182595171,0.46997581837731656,0.46997581837731656,0.08068152983945967,1097
or_1_of_3,CWE-704,0.0,0.0,0.9994298091558365,0.9953052779579421,0.0005701908441634469,1.0,,,-0.00253333948793809,0.9947402574290308,0.49971490457791823,0.49971490457791823,0.005517971747314987,41
or_1_of_3,CWE-706,0.46110367194539226,0.4329378531073447,0.9821159226808851,0.9800129474576857,0.01788407731911501,0.5670621468926553,0.4452957891273007,0.4375135735427634,0.427311463201738,0.9633737253178636,0.7075268878941148,0.7075268878941148,0.24353469336136108,298
or_1_of_3,CWE-74,0.3874410757366056,0.6152840142313826,0.8100374899684712,0.9151666357409696,0.18996251003152878,0.3847159857686173,0.4753503760540133,0.5504066769740495,0.35873317112616887,0.7782143707924064,0.712660752099927,0.712660752099927,0.31064585681302354,1427
or_1_of_3,CWE-913,0.3418888000544347,0.25367965367965367,0.9939771776788018,0.990763125278977,0.006022822321198163,0.7463203463203463,0.2895488721804511,0.2666396082460816,0.2861770044346604,0.9848968053727232,0.6238284156792278,0.6238284156792278,0.13788005642647366,107
or_1_of_3,CWE-923,0.0,0.0,0.999882144961697,0.962111829301295,0.00011785503830288745,1.0,,,-0.0046981631544764325,0.9620026355899771,0.4999410724808485,0.4999410724808485,0.02168795088321281,331
traditional_2_of_3,CWE-116,,0.0,1.0,0.9933619380241989,0.0,1.0,,,,0.9933619380241989,0.5,0.49879108587987886,0.00424599741186992,58
traditional_2_of_3,CWE-190,,0.0,1.0,0.9839770503724559,0.0,1.0,,,,0.9839770503724559,0.5,0.5139386102757333,0.029522180307498175,140
traditional_2_of_3,CWE-191,,0.0,1.0,0.9894724530237615,0.0,1.0,,,,0.9894724530237615,0.5,0.49971163799532403,0.011197421902539029,92
traditional_2_of_3,CWE-20,,0.0,1.0,0.9610871223331069,0.0,1.0,,,,0.9610871223331069,0.5,0.4271245812820723,0.025552827145975045,340
traditional_2_of_3,CWE-269,,0.0,1.0,0.9900439889684988,0.0,1.0,,,,0.9900439889684988,0.5,0.49126840910135644,0.006579792102533984,87
traditional_2_of_3,CWE-285,0.0,0.0,0.9990514334906585,0.9666634224542051,0.0009485665093414544,1.0,,,-0.005552013894361269,0.9657771660368111,0.49952571674532925,0.4976418802060623,0.035916322585224064,291
traditional_2_of_3,CWE-287,1.0,0.0032129032258064517,1.0,0.9289076492667541,0.0,0.9967870967741936,0.015936507936507936,0.010020201046598955,0.08641453909405974,0.9289236524816028,0.5016064516129032,0.5342322148741343,0.076129150760987,623
traditional_2_of_3,CWE-311,0.4509667755991285,0.18664668664668665,0.9893453685210346,0.963398992365948,0.010654631478965447,0.8133533133533133,0.25944180092051083,0.20990224268574412,0.2672892378719953,0.9538781915650079,0.5879960275838606,0.7182115432706612,0.24843597992226343,386
traditional_2_of_3,CWE-327,0.9400266062537869,0.32571428571428573,0.9991658490814654,0.9726101658327853,0.0008341509185345756,0.6742857142857143,0.4807300626612775,0.3737941527106129,0.5422294608117664,0.9721822394345754,0.6624400673978756,0.8706627845194392,0.6654833096216333,350
traditional_2_of_3,CWE-330,1.0,0.8720000000000001,1.0,0.9962479767406632,0.0,0.128,0.9308138096454488,0.8944503889136349,0.9316690003072923,0.9963393592360976,0.9359999999999999,0.9378548898591632,0.8845757608141355,250
traditional_2_of_3,CWE-345,,0.0,1.0,0.9393416906957256,0.0,1.0,,,,0.9393416906957256,0.5,0.5280508140457736,0.07561501636090565,530
traditional_2_of_3,CWE-400,,0.0,1.0,0.9711565763595033,0.0,1.0,,,,0.9711565763595033,0.5,0.5017253745748702,0.02510224081803499,252
traditional_2_of_3,CWE-501,0.691965811965812,0.3555555555555555,0.9983850984230049,0.9933353746901823,0.001614901576995048,0.6444444444444445,0.4637060669318734,0.3915755489882702,0.4889509884860733,0.9917709592701506,0.6769703269892803,0.8756436865486267,0.5515139056381826,90
traditional_2_of_3,CWE-610,1.0,0.018658280922431863,1.0,0.9699964149859499,0.0,0.9813417190775681,0.04546657046657046,0.02896534777372928,0.14854786721465313,0.9700133981475026,0.5093291404612159,0.6687106319716848,0.2689097164089088,267
traditional_2_of_3,CWE-662,,0.0,1.0,0.9892428243315114,0.0,1.0,,,,0.9892428243315114,0.5,0.5052057196408597,0.019379385697905756,94
traditional_2_of_3,CWE-668,,0.0,1.0,0.8744466303932542,0.0,1.0,,,,0.8744466303932542,0.5,0.46997581837731656,0.08068152983945967,1097
traditional_2_of_3,CWE-704,,0.0,1.0,0.9953078591409886,0.0,1.0,,,,0.9953078591409886,0.5,0.49971490457791823,0.005517971747314987,41
traditional_2_of_3,CWE-706,0.55,0.053672316384180796,0.9986977128458936,0.9676216971706895,0.0013022871541064917,0.9463276836158192,0.09722024707318826,0.0653813534902857,0.16307138150151662,0.9664627047455456,0.5261850146150371,0.7077336491112073,0.2710287105519106,298
traditional_2_of_3,CWE-74,0.6506045955085181,0.4351760520181573,0.9538211093562632,0.8963896595458148,0.046178890643736835,0.5648239479818427,0.5208139664439548,0.4657160371911705,0.4610357651989137,0.869107588509052,0.6944985806872103,0.7398149817000856,0.4570304721713779,1427
traditional_2_of_3,CWE-913,,0.0,1.0,0.987754996164564,0.0,1.0,,,,0.987754996164564,0.5,0.6238284156792278,0.13788005642647366,107
traditional_2_of_3,CWE-923,,0.0,1.0,0.9621160785848722,0.0,1.0,,,,0.9621160785848722,0.5,0.4999410724808485,0.02168795088321281,331
weighted_fire_specificity_silence_sensitivity_tau_0_1,CWE-116,0.0,0.0,0.9975821717597577,0.9933459392883762,0.002417828240242175,1.0,,,-0.003985804340268795,0.9909601748681831,0.49879108587987886,0.49879108587987886,0.00424599741186992,58
weighted_fire_specificity_silence_sensitivity_tau_0_1,CWE-190,0.4,0.02857142857142857,0.9993057919800382,0.9844149763710736,0.0006942080199618057,0.9714285714285715,0.12539184952978055,0.08622645790787382,0.10708915340566885,0.9837489728523463,0.5139386102757333,0.5139386102757333,0.029522180307498175,140
weighted_fire_specificity_silence_sensitivity_tau_0_1,CWE-191,0.0,0.0,0.9994232759906481,0.9894663908216911,0.0005767240093519734,1.0,,,-0.003072021730271023,0.9889018485315088,0.49971163799532403,0.49971163799532403,0.011197421902539029,92
weighted_fire_specificity_silence_sensitivity_tau_0_1,CWE-20,0.00832545315711907,0.038235294117647055,0.8160138684464977,0.9544492349397172,0.18398613155350238,0.9617647058823529,0.013671989262571727,0.022244657221560247,-0.07365507172527304,0.7857465447897988,0.4271245812820723,0.4271245812820723,0.025552827145975045,340
weighted_fire_specificity_silence_sensitivity_tau_0_1,CWE-269,0.0,0.0,0.9825368182027129,0.9898689005604556,0.01746318179728708,1.0,,,-0.013287590590180018,0.972754579172841,0.49126840910135644,0.49126840910135644,0.006579792102533984,87
weighted_fire_specificity_silence_sensitivity_tau_0_1,CWE-285,0.020634920634920634,0.006896551724137931,0.9883933640738569,0.9665400017835706,0.011606635926143097,0.993103448275862,0.02581612258494337,0.019881422924901186,-0.007740027310094062,0.9557040910474848,0.4976449578989974,0.49762543747043664,0.035626551504377935,291
weighted_fire_specificity_silence_sensitivity_tau_0_1,CWE-287,0.40216821973798594,0.07705806451612904,0.9913748855095157,0.9332863387961596,0.008625114490484257,0.9229419354838709,0.1286242119629814,0.0917576861320406,0.1507378422785449,0.9261728925728814,0.5342164750128224,0.5342059995677048,0.07614971224376707,623
weighted_fire_specificity_silence_sensitivity_tau_0_1,CWE-311,0.35377849074979084,0.47405927405927406,0.9600180358181977,0.9753198877636295,0.039981964181802394,0.5259407259407258,0.40469613712017055,0.4434743066409913,0.3777573777152964,0.9385574081482029,0.7170386549387359,0.7190260766099712,0.2592462944493387,386
weighted_fire_specificity_silence_sensitivity_tau_0_1,CWE-327,0.6979589058599708,0.7514285714285714,0.9862756188301718,0.9895918801500564,0.013724381169828086,0.24857142857142858,0.723064685454703,0.739648878941486,0.7118972604293341,0.976867930850146,0.8688520951293717,0.8712913435200049,0.6749621868316854,350
weighted_fire_specificity_silence_sensitivity_tau_0_1,CWE-330,0.9168755823866453,0.876,0.9976399602875174,0.9963577386493803,0.0023600397124825074,0.12400000000000003,0.8950367131841558,0.8833108265264682,0.8927759599982098,0.9941624912370909,0.9368199801437587,0.9378596489311442,0.884901518389893,250
weighted_fire_specificity_silence_sensitivity_tau_0_1,CWE-345,0.4741702741702742,0.06037735849056604,0.995724269600981,0.9425654359712137,0.004275730399018984,0.939622641509434,0.10566341220225714,0.07284517509198976,0.15036150648048158,0.9389876336208502,0.5280508140457736,0.528092920158655,0.08846521678324812,530
weighted_fire_specificity_silence_sensitivity_tau_0_1,CWE-400,0.25,0.00392156862745098,0.9995291805222895,0.9712555659375826,0.0004708194777105155,0.996078431372549,0.038461538461538464,0.024390243902439025,0.03098436854490162,0.9708147561532314,0.5017253745748702,0.5017253745748702,0.02510224081803499,252
weighted_fire_specificity_silence_sensitivity_tau_0_1,CWE-501,0.6296399694889396,0.7555555555555555,0.9953812098125555,0.9974542343909855,0.004618790187444582,0.24444444444444446,0.6852590661349655,0.725261781430987,0.6854322746753484,0.9929134510534012,0.8754683826840555,0.8757047240355735,0.5534851836987167,90
weighted_fire_specificity_silence_sensitivity_tau_0_1,CWE-610,0.6001267748478701,0.3445842068483578,0.9926925179862625,0.9796196121357011,0.007307482013737418,0.6554157931516421,0.43749567444221277,0.3765392199701103,0.44203737896638573,0.9728946561722035,0.6686383624173102,0.6688064406900073,0.28012194505552596,267
weighted_fire_specificity_silence_sensitivity_tau_0_1,CWE-662,0.5,0.010526315789473684,0.9998851234922459,0.9893538809772704,0.00011487650775416428,0.9894736842105264,0.1,0.06493506493506494,0.11287503819915358,0.9892426309627702,0.5052057196408597,0.5052057196408597,0.019379385697905756,94
weighted_fire_specificity_silence_sensitivity_tau_0_1,CWE-668,0.030105122150576695,0.016417600664176007,0.9236663112227322,0.8673711337871748,0.07633368877726779,0.9835823993358239,0.026550572947339004,0.02257113504487595,-0.07836074767465842,0.8097572993928186,0.47004195594345416,0.47004195594345416,0.08068430145489774,1097
weighted_fire_specificity_silence_sensitivity_tau_0_1,CWE-704,0.0,0.0,0.9994298091558365,0.9953052779579421,0.0005701908441634469,1.0,,,-0.00253333948793809,0.9947402574290308,0.49971490457791823,0.49971490457791823,0.005517971747314987,41
weighted_fire_specificity_silence_sensitivity_tau_0_1,CWE-706,0.46110367194539226,0.4329378531073447,0.9821159226808851,0.9800129474576857,0.01788407731911501,0.5670621468926553,0.4452957891273007,0.4375135735427634,0.427311463201738,0.9633737253178636,0.7075268878941148,0.7080189707477873,0.28976964790814047,298
weighted_fire_specificity_silence_sensitivity_tau_0_1,CWE-74,0.3874410757366056,0.6152840142313826,0.8100374899684712,0.9151666357409696,0.18996251003152878,0.3847159857686173,0.4753503760540133,0.5504066769740495,0.35873317112616887,0.7782143707924064,0.712660752099927,0.7454850038957177,0.4755993322568538,1427
weighted_fire_specificity_silence_sensitivity_tau_0_1,CWE-913,0.3418888000544347,0.25367965367965367,0.9939771776788018,0.990763125278977,0.006022822321198163,0.7463203463203463,0.2895488721804511,0.2666396082460816,0.2861770044346604,0.9848968053727232,0.6238284156792278,0.6238303850554257,0.13615130135165285,107
weighted_fire_specificity_silence_sensitivity_tau_0_1,CWE-923,,0.0,1.0,0.9621160785848722,0.0,1.0,,,,0.9621160785848722,0.5,0.5,0.02168795088321281,331
weighted_fire_specificity_silence_sensitivity_tau_0_2,CWE-116,0.0,0.0,0.9975821717597577,0.9933459392883762,0.002417828240242175,1.0,,,-0.003985804340268795,0.9909601748681831,0.49879108587987886,0.49879108587987886,0.00424599741186992,58
weighted_fire_specificity_silence_sensitivity_tau_0_2,CWE-190,0.4,0.02857142857142857,0.9993057919800382,0.9844149763710736,0.0006942080199618057,0.9714285714285715,0.12539184952978055,0.08622645790787382,0.10708915340566885,0.9837489728523463,0.5139386102757333,0.5139386102757333,0.029522180307498175,140
weighted_fire_specificity_silence_sensitivity_tau_0_2,CWE-191,0.0,0.0,0.9994232759906481,0.9894663908216911,0.0005767240093519734,1.0,,,-0.003072021730271023,0.9889018485315088,0.49971163799532403,0.49971163799532403,0.011197421902539029,92
weighted_fire_specificity_silence_sensitivity_tau_0_2,CWE-20,0.00832545315711907,0.038235294117647055,0.8160138684464977,0.9544492349397172,0.18398613155350238,0.9617647058823529,0.013671989262571727,0.022244657221560247,-0.07365507172527304,0.7857465447897988,0.4271245812820723,0.4271245812820723,0.025552827145975045,340
weighted_fire_specificity_silence_sensitivity_tau_0_2,CWE-269,0.0,0.0,0.9825368182027129,0.9898689005604556,0.01746318179728708,1.0,,,-0.013287590590180018,0.972754579172841,0.49126840910135644,0.49126840910135644,0.006579792102533984,87
weighted_fire_specificity_silence_sensitivity_tau_0_2,CWE-285,0.020634920634920634,0.006896551724137931,0.9883933640738569,0.9665400017835706,0.011606635926143097,0.993103448275862,0.02581612258494337,0.019881422924901186,-0.007740027310094062,0.9557040910474848,0.4976449578989974,0.49762543747043664,0.035626551504377935,291
weighted_fire_specificity_silence_sensitivity_tau_0_2,CWE-287,0.40216821973798594,0.07705806451612904,0.9913748855095157,0.9332863387961596,0.008625114490484257,0.9229419354838709,0.1286242119629814,0.0917576861320406,0.1507378422785449,0.9261728925728814,0.5342164750128224,0.5342059995677048,0.07614971224376707,623
weighted_fire_specificity_silence_sensitivity_tau_0_2,CWE-311,0.35377849074979084,0.47405927405927406,0.9600180358181977,0.9753198877636295,0.039981964181802394,0.5259407259407258,0.40469613712017055,0.4434743066409913,0.3777573777152964,0.9385574081482029,0.7170386549387359,0.7190260766099712,0.2592462944493387,386
weighted_fire_specificity_silence_sensitivity_tau_0_2,CWE-327,0.6979589058599708,0.7514285714285714,0.9862756188301718,0.9895918801500564,0.013724381169828086,0.24857142857142858,0.723064685454703,0.739648878941486,0.7118972604293341,0.976867930850146,0.8688520951293717,0.8712913435200049,0.6749621868316854,350
weighted_fire_specificity_silence_sensitivity_tau_0_2,CWE-330,0.9168755823866453,0.876,0.9976399602875174,0.9963577386493803,0.0023600397124825074,0.12400000000000003,0.8950367131841558,0.8833108265264682,0.8927759599982098,0.9941624912370909,0.9368199801437587,0.9378596489311442,0.884901518389893,250
weighted_fire_specificity_silence_sensitivity_tau_0_2,CWE-345,0.4741702741702742,0.06037735849056604,0.995724269600981,0.9425654359712137,0.004275730399018984,0.939622641509434,0.10566341220225714,0.07284517509198976,0.15036150648048158,0.9389876336208502,0.5280508140457736,0.528092920158655,0.08846521678324812,530
weighted_fire_specificity_silence_sensitivity_tau_0_2,CWE-400,0.25,0.00392156862745098,0.9995291805222895,0.9712555659375826,0.0004708194777105155,0.996078431372549,0.038461538461538464,0.024390243902439025,0.03098436854490162,0.9708147561532314,0.5017253745748702,0.5017253745748702,0.02510224081803499,252
weighted_fire_specificity_silence_sensitivity_tau_0_2,CWE-501,0.6296399694889396,0.7555555555555555,0.9953812098125555,0.9974542343909855,0.004618790187444582,0.24444444444444446,0.6852590661349655,0.725261781430987,0.6854322746753484,0.9929134510534012,0.8754683826840555,0.8757047240355735,0.5534851836987167,90
weighted_fire_specificity_silence_sensitivity_tau_0_2,CWE-610,0.6001267748478701,0.3445842068483578,0.9926925179862625,0.9796196121357011,0.007307482013737418,0.6554157931516421,0.43749567444221277,0.3765392199701103,0.44203737896638573,0.9728946561722035,0.6686383624173102,0.6688064406900073,0.28012194505552596,267
weighted_fire_specificity_silence_sensitivity_tau_0_2,CWE-662,0.5,0.010526315789473684,0.9998851234922459,0.9893538809772704,0.00011487650775416428,0.9894736842105264,0.1,0.06493506493506494,0.11287503819915358,0.9892426309627702,0.5052057196408597,0.5052057196408597,0.019379385697905756,94
weighted_fire_specificity_silence_sensitivity_tau_0_2,CWE-668,0.030105122150576695,0.016417600664176007,0.9236663112227322,0.8673711337871748,0.07633368877726779,0.9835823993358239,0.026550572947339004,0.02257113504487595,-0.07836074767465842,0.8097572993928186,0.47004195594345416,0.47004195594345416,0.08068430145489774,1097
weighted_fire_specificity_silence_sensitivity_tau_0_2,CWE-704,0.0,0.0,0.9994298091558365,0.9953052779579421,0.0005701908441634469,1.0,,,-0.00253333948793809,0.9947402574290308,0.49971490457791823,0.49971490457791823,0.005517971747314987,41
weighted_fire_specificity_silence_sensitivity_tau_0_2,CWE-706,0.46110367194539226,0.4329378531073447,0.9821159226808851,0.9800129474576857,0.01788407731911501,0.5670621468926553,0.4452957891273007,0.4375135735427634,0.427311463201738,0.9633737253178636,0.7075268878941148,0.7080189707477873,0.28976964790814047,298
weighted_fire_specificity_silence_sensitivity_tau_0_2,CWE-74,0.3874410757366056,0.6152840142313826,0.8100374899684712,0.9151666357409696,0.18996251003152878,0.3847159857686173,0.4753503760540133,0.5504066769740495,0.35873317112616887,0.7782143707924064,0.712660752099927,0.7454850038957177,0.4755993322568538,1427
weighted_fire_specificity_silence_sensitivity_tau_0_2,CWE-913,0.3418888000544347,0.25367965367965367,0.9939771776788018,0.990763125278977,0.006022822321198163,0.7463203463203463,0.2895488721804511,0.2666396082460816,0.2861770044346604,0.9848968053727232,0.6238284156792278,0.6238303850554257,0.13615130135165285,107
weighted_fire_specificity_silence_sensitivity_tau_0_2,CWE-923,,0.0,1.0,0.9621160785848722,0.0,1.0,,,,0.9621160785848722,0.5,0.5,0.02168795088321281,331
weighted_fire_specificity_silence_sensitivity_tau_0_3,CWE-116,0.0,0.0,0.9975821717597577,0.9933459392883762,0.002417828240242175,1.0,,,-0.003985804340268795,0.9909601748681831,0.49879108587987886,0.49879108587987886,0.00424599741186992,58
weighted_fire_specificity_silence_sensitivity_tau_0_3,CWE-190,0.4,0.02857142857142857,0.9993057919800382,0.9844149763710736,0.0006942080199618057,0.9714285714285715,0.12539184952978055,0.08622645790787382,0.10708915340566885,0.9837489728523463,0.5139386102757333,0.5139386102757333,0.029522180307498175,140
weighted_fire_specificity_silence_sensitivity_tau_0_3,CWE-191,0.0,0.0,0.9994232759906481,0.9894663908216911,0.0005767240093519734,1.0,,,-0.003072021730271023,0.9889018485315088,0.49971163799532403,0.49971163799532403,0.011197421902539029,92
weighted_fire_specificity_silence_sensitivity_tau_0_3,CWE-20,0.00832545315711907,0.038235294117647055,0.8160138684464977,0.9544492349397172,0.18398613155350238,0.9617647058823529,0.013671989262571727,0.022244657221560247,-0.07365507172527304,0.7857465447897988,0.4271245812820723,0.4271245812820723,0.025552827145975045,340
weighted_fire_specificity_silence_sensitivity_tau_0_3,CWE-269,0.0,0.0,0.9825368182027129,0.9898689005604556,0.01746318179728708,1.0,,,-0.013287590590180018,0.972754579172841,0.49126840910135644,0.49126840910135644,0.006579792102533984,87
weighted_fire_specificity_silence_sensitivity_tau_0_3,CWE-285,0.020634920634920634,0.006896551724137931,0.9883933640738569,0.9665400017835706,0.011606635926143097,0.993103448275862,0.02581612258494337,0.019881422924901186,-0.007740027310094062,0.9557040910474848,0.4976449578989974,0.49762543747043664,0.035626551504377935,291
weighted_fire_specificity_silence_sensitivity_tau_0_3,CWE-287,0.40216821973798594,0.07705806451612904,0.9913748855095157,0.9332863387961596,0.008625114490484257,0.9229419354838709,0.1286242119629814,0.0917576861320406,0.1507378422785449,0.9261728925728814,0.5342164750128224,0.5342059995677048,0.07614971224376707,623
weighted_fire_specificity_silence_sensitivity_tau_0_3,CWE-311,0.35377849074979084,0.47405927405927406,0.9600180358181977,0.9753198877636295,0.039981964181802394,0.5259407259407258,0.40469613712017055,0.4434743066409913,0.3777573777152964,0.9385574081482029,0.7170386549387359,0.7190260766099712,0.2592462944493387,386
weighted_fire_specificity_silence_sensitivity_tau_0_3,CWE-327,0.6979589058599708,0.7514285714285714,0.9862756188301718,0.9895918801500564,0.013724381169828086,0.24857142857142858,0.723064685454703,0.739648878941486,0.7118972604293341,0.976867930850146,0.8688520951293717,0.8712913435200049,0.6749621868316854,350
weighted_fire_specificity_silence_sensitivity_tau_0_3,CWE-330,0.9168755823866453,0.876,0.9976399602875174,0.9963577386493803,0.0023600397124825074,0.12400000000000003,0.8950367131841558,0.8833108265264682,0.8927759599982098,0.9941624912370909,0.9368199801437587,0.9378596489311442,0.884901518389893,250
weighted_fire_specificity_silence_sensitivity_tau_0_3,CWE-345,0.4741702741702742,0.06037735849056604,0.995724269600981,0.9425654359712137,0.004275730399018984,0.939622641509434,0.10566341220225714,0.07284517509198976,0.15036150648048158,0.9389876336208502,0.5280508140457736,0.528092920158655,0.08846521678324812,530
weighted_fire_specificity_silence_sensitivity_tau_0_3,CWE-400,0.25,0.00392156862745098,0.9995291805222895,0.9712555659375826,0.0004708194777105155,0.996078431372549,0.038461538461538464,0.024390243902439025,0.03098436854490162,0.9708147561532314,0.5017253745748702,0.5017253745748702,0.02510224081803499,252
weighted_fire_specificity_silence_sensitivity_tau_0_3,CWE-501,0.6296399694889396,0.7555555555555555,0.9953812098125555,0.9974542343909855,0.004618790187444582,0.24444444444444446,0.6852590661349655,0.725261781430987,0.6854322746753484,0.9929134510534012,0.8754683826840555,0.8757047240355735,0.5534851836987167,90
weighted_fire_specificity_silence_sensitivity_tau_0_3,CWE-610,0.6001267748478701,0.3445842068483578,0.9926925179862625,0.9796196121357011,0.007307482013737418,0.6554157931516421,0.43749567444221277,0.3765392199701103,0.44203737896638573,0.9728946561722035,0.6686383624173102,0.6688064406900073,0.28012194505552596,267
weighted_fire_specificity_silence_sensitivity_tau_0_3,CWE-662,0.5,0.010526315789473684,0.9998851234922459,0.9893538809772704,0.00011487650775416428,0.9894736842105264,0.1,0.06493506493506494,0.11287503819915358,0.9892426309627702,0.5052057196408597,0.5052057196408597,0.019379385697905756,94
weighted_fire_specificity_silence_sensitivity_tau_0_3,CWE-668,0.030105122150576695,0.016417600664176007,0.9236663112227322,0.8673711337871748,0.07633368877726779,0.9835823993358239,0.026550572947339004,0.02257113504487595,-0.07836074767465842,0.8097572993928186,0.47004195594345416,0.47004195594345416,0.08068430145489774,1097
weighted_fire_specificity_silence_sensitivity_tau_0_3,CWE-704,0.0,0.0,0.9994298091558365,0.9953052779579421,0.0005701908441634469,1.0,,,-0.00253333948793809,0.9947402574290308,0.49971490457791823,0.49971490457791823,0.005517971747314987,41
weighted_fire_specificity_silence_sensitivity_tau_0_3,CWE-706,0.46110367194539226,0.4329378531073447,0.9821159226808851,0.9800129474576857,0.01788407731911501,0.5670621468926553,0.4452957891273007,0.4375135735427634,0.427311463201738,0.9633737253178636,0.7075268878941148,0.7080189707477873,0.28976964790814047,298
weighted_fire_specificity_silence_sensitivity_tau_0_3,CWE-74,0.3874410757366056,0.6152840142313826,0.8100374899684712,0.9151666357409696,0.18996251003152878,0.3847159857686173,0.4753503760540133,0.5504066769740495,0.35873317112616887,0.7782143707924064,0.712660752099927,0.7454850038957177,0.4755993322568538,1427
weighted_fire_specificity_silence_sensitivity_tau_0_3,CWE-913,0.3418888000544347,0.25367965367965367,0.9939771776788018,0.990763125278977,0.006022822321198163,0.7463203463203463,0.2895488721804511,0.2666396082460816,0.2861770044346604,0.9848968053727232,0.6238284156792278,0.6238303850554257,0.13615130135165285,107
weighted_fire_specificity_silence_sensitivity_tau_0_3,CWE-923,,0.0,1.0,0.9621160785848722,0.0,1.0,,,,0.9621160785848722,0.5,0.5,0.02168795088321281,331
weighted_fire_specificity_silence_sensitivity_tau_0_4,CWE-116,0.0,0.0,0.9975821717597577,0.9933459392883762,0.002417828240242175,1.0,,,-0.003985804340268795,0.9909601748681831,0.49879108587987886,0.49879108587987886,0.00424599741186992,58
weighted_fire_specificity_silence_sensitivity_tau_0_4,CWE-190,0.4,0.02857142857142857,0.9993057919800382,0.9844149763710736,0.0006942080199618057,0.9714285714285715,0.12539184952978055,0.08622645790787382,0.10708915340566885,0.9837489728523463,0.5139386102757333,0.5139386102757333,0.029522180307498175,140
weighted_fire_specificity_silence_sensitivity_tau_0_4,CWE-191,0.0,0.0,0.9994232759906481,0.9894663908216911,0.0005767240093519734,1.0,,,-0.003072021730271023,0.9889018485315088,0.49971163799532403,0.49971163799532403,0.011197421902539029,92
weighted_fire_specificity_silence_sensitivity_tau_0_4,CWE-20,0.00832545315711907,0.038235294117647055,0.8160138684464977,0.9544492349397172,0.18398613155350238,0.9617647058823529,0.013671989262571727,0.022244657221560247,-0.07365507172527304,0.7857465447897988,0.4271245812820723,0.4271245812820723,0.025552827145975045,340
weighted_fire_specificity_silence_sensitivity_tau_0_4,CWE-269,0.0,0.0,0.9825368182027129,0.9898689005604556,0.01746318179728708,1.0,,,-0.013287590590180018,0.972754579172841,0.49126840910135644,0.49126840910135644,0.006579792102533984,87
weighted_fire_specificity_silence_sensitivity_tau_0_4,CWE-285,0.020634920634920634,0.006896551724137931,0.9883933640738569,0.9665400017835706,0.011606635926143097,0.993103448275862,0.02581612258494337,0.019881422924901186,-0.007740027310094062,0.9557040910474848,0.4976449578989974,0.49762543747043664,0.035626551504377935,291
weighted_fire_specificity_silence_sensitivity_tau_0_4,CWE-287,0.40216821973798594,0.07705806451612904,0.9913748855095157,0.9332863387961596,0.008625114490484257,0.9229419354838709,0.1286242119629814,0.0917576861320406,0.1507378422785449,0.9261728925728814,0.5342164750128224,0.5342059995677048,0.07614971224376707,623
weighted_fire_specificity_silence_sensitivity_tau_0_4,CWE-311,0.35377849074979084,0.47405927405927406,0.9600180358181977,0.9753198877636295,0.039981964181802394,0.5259407259407258,0.40469613712017055,0.4434743066409913,0.3777573777152964,0.9385574081482029,0.7170386549387359,0.7190260766099712,0.2592462944493387,386
weighted_fire_specificity_silence_sensitivity_tau_0_4,CWE-327,0.6979589058599708,0.7514285714285714,0.9862756188301718,0.9895918801500564,0.013724381169828086,0.24857142857142858,0.723064685454703,0.739648878941486,0.7118972604293341,0.976867930850146,0.8688520951293717,0.8712913435200049,0.6749621868316854,350
weighted_fire_specificity_silence_sensitivity_tau_0_4,CWE-330,0.9168755823866453,0.876,0.9976399602875174,0.9963577386493803,0.0023600397124825074,0.12400000000000003,0.8950367131841558,0.8833108265264682,0.8927759599982098,0.9941624912370909,0.9368199801437587,0.9378596489311442,0.884901518389893,250
weighted_fire_specificity_silence_sensitivity_tau_0_4,CWE-345,0.4741702741702742,0.06037735849056604,0.995724269600981,0.9425654359712137,0.004275730399018984,0.939622641509434,0.10566341220225714,0.07284517509198976,0.15036150648048158,0.9389876336208502,0.5280508140457736,0.528092920158655,0.08846521678324812,530
weighted_fire_specificity_silence_sensitivity_tau_0_4,CWE-400,0.25,0.00392156862745098,0.9995291805222895,0.9712555659375826,0.0004708194777105155,0.996078431372549,0.038461538461538464,0.024390243902439025,0.03098436854490162,0.9708147561532314,0.5017253745748702,0.5017253745748702,0.02510224081803499,252
weighted_fire_specificity_silence_sensitivity_tau_0_4,CWE-501,0.6296399694889396,0.7555555555555555,0.9953812098125555,0.9974542343909855,0.004618790187444582,0.24444444444444446,0.6852590661349655,0.725261781430987,0.6854322746753484,0.9929134510534012,0.8754683826840555,0.8757047240355735,0.5534851836987167,90
weighted_fire_specificity_silence_sensitivity_tau_0_4,CWE-610,0.6001267748478701,0.3445842068483578,0.9926925179862625,0.9796196121357011,0.007307482013737418,0.6554157931516421,0.43749567444221277,0.3765392199701103,0.44203737896638573,0.9728946561722035,0.6686383624173102,0.6688064406900073,0.28012194505552596,267
weighted_fire_specificity_silence_sensitivity_tau_0_4,CWE-662,0.5,0.010526315789473684,0.9998851234922459,0.9893538809772704,0.00011487650775416428,0.9894736842105264,0.1,0.06493506493506494,0.11287503819915358,0.9892426309627702,0.5052057196408597,0.5052057196408597,0.019379385697905756,94
weighted_fire_specificity_silence_sensitivity_tau_0_4,CWE-668,0.030105122150576695,0.016417600664176007,0.9236663112227322,0.8673711337871748,0.07633368877726779,0.9835823993358239,0.026550572947339004,0.02257113504487595,-0.07836074767465842,0.8097572993928186,0.47004195594345416,0.47004195594345416,0.08068430145489774,1097
weighted_fire_specificity_silence_sensitivity_tau_0_4,CWE-704,0.0,0.0,0.9994298091558365,0.9953052779579421,0.0005701908441634469,1.0,,,-0.00253333948793809,0.9947402574290308,0.49971490457791823,0.49971490457791823,0.005517971747314987,41
weighted_fire_specificity_silence_sensitivity_tau_0_4,CWE-706,0.46110367194539226,0.4329378531073447,0.9821159226808851,0.9800129474576857,0.01788407731911501,0.5670621468926553,0.4452957891273007,0.4375135735427634,0.427311463201738,0.9633737253178636,0.7075268878941148,0.7080189707477873,0.28976964790814047,298
weighted_fire_specificity_silence_sensitivity_tau_0_4,CWE-74,0.3874410757366056,0.6152840142313826,0.8100374899684712,0.9151666357409696,0.18996251003152878,0.3847159857686173,0.4753503760540133,0.5504066769740495,0.35873317112616887,0.7782143707924064,0.712660752099927,0.7454850038957177,0.4755993322568538,1427
weighted_fire_specificity_silence_sensitivity_tau_0_4,CWE-913,0.3418888000544347,0.25367965367965367,0.9939771776788018,0.990763125278977,0.006022822321198163,0.7463203463203463,0.2895488721804511,0.2666396082460816,0.2861770044346604,0.9848968053727232,0.6238284156792278,0.6238303850554257,0.13615130135165285,107
weighted_fire_specificity_silence_sensitivity_tau_0_4,CWE-923,,0.0,1.0,0.9621160785848722,0.0,1.0,,,,0.9621160785848722,0.5,0.5,0.02168795088321281,331
weighted_fire_specificity_silence_sensitivity_tau_0_5,CWE-116,0.0,0.0,0.9975821717597577,0.9933459392883762,0.002417828240242175,1.0,,,-0.003985804340268795,0.9909601748681831,0.49879108587987886,0.49879108587987886,0.00424599741186992,58
weighted_fire_specificity_silence_sensitivity_tau_0_5,CWE-190,0.4,0.02857142857142857,0.9993057919800382,0.9844149763710736,0.0006942080199618057,0.9714285714285715,0.12539184952978055,0.08622645790787382,0.10708915340566885,0.9837489728523463,0.5139386102757333,0.5139386102757333,0.029522180307498175,140
weighted_fire_specificity_silence_sensitivity_tau_0_5,CWE-191,0.0,0.0,0.9994232759906481,0.9894663908216911,0.0005767240093519734,1.0,,,-0.003072021730271023,0.9889018485315088,0.49971163799532403,0.49971163799532403,0.011197421902539029,92
weighted_fire_specificity_silence_sensitivity_tau_0_5,CWE-20,0.00832545315711907,0.038235294117647055,0.8160138684464977,0.9544492349397172,0.18398613155350238,0.9617647058823529,0.013671989262571727,0.022244657221560247,-0.07365507172527304,0.7857465447897988,0.4271245812820723,0.4271245812820723,0.025552827145975045,340
weighted_fire_specificity_silence_sensitivity_tau_0_5,CWE-269,0.0,0.0,0.9825368182027129,0.9898689005604556,0.01746318179728708,1.0,,,-0.013287590590180018,0.972754579172841,0.49126840910135644,0.49126840910135644,0.006579792102533984,87
weighted_fire_specificity_silence_sensitivity_tau_0_5,CWE-285,0.020634920634920634,0.006896551724137931,0.9883933640738569,0.9665400017835706,0.011606635926143097,0.993103448275862,0.02581612258494337,0.019881422924901186,-0.007740027310094062,0.9557040910474848,0.4976449578989974,0.49762543747043664,0.035626551504377935,291
weighted_fire_specificity_silence_sensitivity_tau_0_5,CWE-287,0.40216821973798594,0.07705806451612904,0.9913748855095157,0.9332863387961596,0.008625114490484257,0.9229419354838709,0.1286242119629814,0.0917576861320406,0.1507378422785449,0.9261728925728814,0.5342164750128224,0.5342059995677048,0.07614971224376707,623
weighted_fire_specificity_silence_sensitivity_tau_0_5,CWE-311,0.35377849074979084,0.47405927405927406,0.9600180358181977,0.9753198877636295,0.039981964181802394,0.5259407259407258,0.40469613712017055,0.4434743066409913,0.3777573777152964,0.9385574081482029,0.7170386549387359,0.7190260766099712,0.2592462944493387,386
weighted_fire_specificity_silence_sensitivity_tau_0_5,CWE-327,0.700029299234712,0.7514285714285714,0.9863937523210164,0.9895932748784017,0.013606247678983432,0.24857142857142858,0.7240924346838911,0.7400582117290424,0.7129888516141951,0.9769813738450411,0.868911161874794,0.8712913435200049,0.6749621868316854,350
weighted_fire_specificity_silence_sensitivity_tau_0_5,CWE-330,0.9168755823866453,0.876,0.9976399602875174,0.9963577386493803,0.0023600397124825074,0.12400000000000003,0.8950367131841558,0.8833108265264682,0.8927759599982098,0.9941624912370909,0.9368199801437587,0.9378596489311442,0.884901518389893,250
weighted_fire_specificity_silence_sensitivity_tau_0_5,CWE-345,0.4741702741702742,0.06037735849056604,0.995724269600981,0.9425654359712137,0.004275730399018984,0.939622641509434,0.10566341220225714,0.07284517509198976,0.15036150648048158,0.9389876336208502,0.5280508140457736,0.528092920158655,0.08846521678324812,530
weighted_fire_specificity_silence_sensitivity_tau_0_5,CWE-400,0.25,0.00392156862745098,0.9995291805222895,0.9712555659375826,0.0004708194777105155,0.996078431372549,0.038461538461538464,0.024390243902439025,0.03098436854490162,0.9708147561532314,0.5017253745748702,0.5017253745748702,0.02510224081803499,252
weighted_fire_specificity_silence_sensitivity_tau_0_5,CWE-501,0.6296399694889396,0.7555555555555555,0.9953812098125555,0.9974542343909855,0.004618790187444582,0.24444444444444446,0.6852590661349655,0.725261781430987,0.6854322746753484,0.9929134510534012,0.8754683826840555,0.8757047240355735,0.5534851836987167,90
weighted_fire_specificity_silence_sensitivity_tau_0_5,CWE-610,0.6001267748478701,0.3445842068483578,0.9926925179862625,0.9796196121357011,0.007307482013737418,0.6554157931516421,0.43749567444221277,0.3765392199701103,0.44203737896638573,0.9728946561722035,0.6686383624173102,0.6688064406900073,0.28012194505552596,267
weighted_fire_specificity_silence_sensitivity_tau_0_5,CWE-662,0.5,0.010526315789473684,0.9998851234922459,0.9893538809772704,0.00011487650775416428,0.9894736842105264,0.1,0.06493506493506494,0.11287503819915358,0.9892426309627702,0.5052057196408597,0.5052057196408597,0.019379385697905756,94
weighted_fire_specificity_silence_sensitivity_tau_0_5,CWE-668,0.030105122150576695,0.016417600664176007,0.9236663112227322,0.8673711337871748,0.07633368877726779,0.9835823993358239,0.026550572947339004,0.02257113504487595,-0.07836074767465842,0.8097572993928186,0.47004195594345416,0.47004195594345416,0.08068430145489774,1097
weighted_fire_specificity_silence_sensitivity_tau_0_5,CWE-704,0.0,0.0,0.9994298091558365,0.9953052779579421,0.0005701908441634469,1.0,,,-0.00253333948793809,0.9947402574290308,0.49971490457791823,0.49971490457791823,0.005517971747314987,41
weighted_fire_specificity_silence_sensitivity_tau_0_5,CWE-706,0.46110367194539226,0.4329378531073447,0.9821159226808851,0.9800129474576857,0.01788407731911501,0.5670621468926553,0.4452957891273007,0.4375135735427634,0.427311463201738,0.9633737253178636,0.7075268878941148,0.7080189707477873,0.28976964790814047,298
weighted_fire_specificity_silence_sensitivity_tau_0_5,CWE-74,0.3874410757366056,0.6152840142313826,0.8100374899684712,0.9151666357409696,0.18996251003152878,0.3847159857686173,0.4753503760540133,0.5504066769740495,0.35873317112616887,0.7782143707924064,0.712660752099927,0.7454850038957177,0.4755993322568538,1427
weighted_fire_specificity_silence_sensitivity_tau_0_5,CWE-913,0.3418888000544347,0.25367965367965367,0.9939771776788018,0.990763125278977,0.006022822321198163,0.7463203463203463,0.2895488721804511,0.2666396082460816,0.2861770044346604,0.9848968053727232,0.6238284156792278,0.6238303850554257,0.13615130135165285,107
weighted_fire_specificity_silence_sensitivity_tau_0_5,CWE-923,,0.0,1.0,0.9621160785848722,0.0,1.0,,,,0.9621160785848722,0.5,0.5,0.02168795088321281,331
weighted_fire_specificity_silence_sensitivity_tau_0_6,CWE-116,0.0,0.0,0.9975821717597577,0.9933459392883762,0.002417828240242175,1.0,,,-0.003985804340268795,0.9909601748681831,0.49879108587987886,0.49879108587987886,0.00424599741186992,58
weighted_fire_specificity_silence_sensitivity_tau_0_6,CWE-190,0.4,0.02857142857142857,0.9993057919800382,0.9844149763710736,0.0006942080199618057,0.9714285714285715,0.12539184952978055,0.08622645790787382,0.10708915340566885,0.9837489728523463,0.5139386102757333,0.5139386102757333,0.029522180307498175,140
weighted_fire_specificity_silence_sensitivity_tau_0_6,CWE-191,0.0,0.0,0.9994232759906481,0.9894663908216911,0.0005767240093519734,1.0,,,-0.003072021730271023,0.9889018485315088,0.49971163799532403,0.49971163799532403,0.011197421902539029,92
weighted_fire_specificity_silence_sensitivity_tau_0_6,CWE-20,0.00832545315711907,0.038235294117647055,0.8160138684464977,0.9544492349397172,0.18398613155350238,0.9617647058823529,0.013671989262571727,0.022244657221560247,-0.07365507172527304,0.7857465447897988,0.4271245812820723,0.4271245812820723,0.025552827145975045,340
weighted_fire_specificity_silence_sensitivity_tau_0_6,CWE-269,0.0,0.0,0.9825368182027129,0.9898689005604556,0.01746318179728708,1.0,,,-0.013287590590180018,0.972754579172841,0.49126840910135644,0.49126840910135644,0.006579792102533984,87
weighted_fire_specificity_silence_sensitivity_tau_0_6,CWE-285,0.020634920634920634,0.006896551724137931,0.9883933640738569,0.9665400017835706,0.011606635926143097,0.993103448275862,0.02581612258494337,0.019881422924901186,-0.007740027310094062,0.9557040910474848,0.4976449578989974,0.49762543747043664,0.035626551504377935,291
weighted_fire_specificity_silence_sensitivity_tau_0_6,CWE-287,0.40216821973798594,0.07705806451612904,0.9913748855095157,0.9332863387961596,0.008625114490484257,0.9229419354838709,0.1286242119629814,0.0917576861320406,0.1507378422785449,0.9261728925728814,0.5342164750128224,0.5342059995677048,0.07614971224376707,623
weighted_fire_specificity_silence_sensitivity_tau_0_6,CWE-311,0.35377849074979084,0.47405927405927406,0.9600180358181977,0.9753198877636295,0.039981964181802394,0.5259407259407258,0.40469613712017055,0.4434743066409913,0.3777573777152964,0.9385574081482029,0.7170386549387359,0.7190260766099712,0.2592462944493387,386
weighted_fire_specificity_silence_sensitivity_tau_0_6,CWE-327,0.7521160736504536,0.7228571428571429,0.9898502546991811,0.9884548271115717,0.010149745300818868,0.27714285714285714,0.7361365557727423,0.7278748835355558,0.7260229073103985,0.979158301794602,0.8563536987781619,0.8712913435200049,0.6749621868316854,350
weighted_fire_specificity_silence_sensitivity_tau_0_6,CWE-330,1.0,0.8720000000000001,1.0,0.9962479767406632,0.0,0.128,0.9308138096454488,0.8944503889136349,0.9316690003072923,0.9963393592360976,0.9359999999999999,0.9378596489311442,0.884901518389893,250
weighted_fire_specificity_silence_sensitivity_tau_0_6,CWE-345,0.4741702741702742,0.06037735849056604,0.995724269600981,0.9425654359712137,0.004275730399018984,0.939622641509434,0.10566341220225714,0.07284517509198976,0.15036150648048158,0.9389876336208502,0.5280508140457736,0.528092920158655,0.08846521678324812,530
weighted_fire_specificity_silence_sensitivity_tau_0_6,CWE-400,0.25,0.00392156862745098,0.9995291805222895,0.9712555659375826,0.0004708194777105155,0.996078431372549,0.038461538461538464,0.024390243902439025,0.03098436854490162,0.9708147561532314,0.5017253745748702,0.5017253745748702,0.02510224081803499,252
weighted_fire_specificity_silence_sensitivity_tau_0_6,CWE-501,0.6184944586530264,0.7333333333333333,0.9953812098125555,0.9972257995224393,0.004618790187444582,0.2666666666666667,0.6685795294554288,0.7052593119903152,0.6686363537982217,0.9926861783261286,0.8643572715729444,0.8757047240355735,0.5534851836987167,90
weighted_fire_specificity_silence_sensitivity_tau_0_6,CWE-610,0.6001267748478701,0.3445842068483578,0.9926925179862625,0.9796196121357011,0.007307482013737418,0.6554157931516421,0.43749567444221277,0.3765392199701103,0.44203737896638573,0.9728946561722035,0.6686383624173102,0.6688064406900073,0.28012194505552596,267
weighted_fire_specificity_silence_sensitivity_tau_0_6,CWE-662,0.5,0.010526315789473684,0.9998851234922459,0.9893538809772704,0.00011487650775416428,0.9894736842105264,0.1,0.06493506493506494,0.11287503819915358,0.9892426309627702,0.5052057196408597,0.5052057196408597,0.019379385697905756,94
weighted_fire_specificity_silence_sensitivity_tau_0_6,CWE-668,0.030105122150576695,0.016417600664176007,0.9236663112227322,0.8673711337871748,0.07633368877726779,0.9835823993358239,0.026550572947339004,0.02257113504487595,-0.07836074767465842,0.8097572993928186,0.47004195594345416,0.47004195594345416,0.08068430145489774,1097
weighted_fire_specificity_silence_sensitivity_tau_0_6,CWE-704,0.0,0.0,0.9994298091558365,0.9953052779579421,0.0005701908441634469,1.0,,,-0.00253333948793809,0.9947402574290308,0.49971490457791823,0.49971490457791823,0.005517971747314987,41
weighted_fire_specificity_silence_sensitivity_tau_0_6,CWE-706,0.46110367194539226,0.4329378531073447,0.9821159226808851,0.9800129474576857,0.01788407731911501,0.5670621468926553,0.4452957891273007,0.4375135735427634,0.427311463201738,0.9633737253178636,0.7075268878941148,0.7080189707477873,0.28976964790814047,298
weighted_fire_specificity_silence_sensitivity_tau_0_6,CWE-74,0.4854812099084397,0.5872948104527052,0.8689845148512404,0.9152830924897529,0.13101548514875966,0.4127051895472948,0.5244169194477515,0.5580002988603321,0.4260896656852797,0.8228599950898248,0.7281396626519727,0.7454850038957177,0.4755993322568538,1427
weighted_fire_specificity_silence_sensitivity_tau_0_6,CWE-913,0.3418888000544347,0.25367965367965367,0.9939771776788018,0.990763125278977,0.006022822321198163,0.7463203463203463,0.2895488721804511,0.2666396082460816,0.2861770044346604,0.9848968053727232,0.6238284156792278,0.6238303850554257,0.13615130135165285,107
weighted_fire_specificity_silence_sensitivity_tau_0_6,CWE-923,,0.0,1.0,0.9621160785848722,0.0,1.0,,,,0.9621160785848722,0.5,0.5,0.02168795088321281,331
weighted_fire_specificity_silence_sensitivity_tau_0_7,CWE-116,0.0,0.0,0.9975821717597577,0.9933459392883762,0.002417828240242175,1.0,,,-0.003985804340268795,0.9909601748681831,0.49879108587987886,0.49879108587987886,0.00424599741186992,58
weighted_fire_specificity_silence_sensitivity_tau_0_7,CWE-190,0.4,0.02857142857142857,0.9993057919800382,0.9844149763710736,0.0006942080199618057,0.9714285714285715,0.12539184952978055,0.08622645790787382,0.10708915340566885,0.9837489728523463,0.5139386102757333,0.5139386102757333,0.029522180307498175,140
weighted_fire_specificity_silence_sensitivity_tau_0_7,CWE-191,0.0,0.0,0.9994232759906481,0.9894663908216911,0.0005767240093519734,1.0,,,-0.003072021730271023,0.9889018485315088,0.49971163799532403,0.49971163799532403,0.011197421902539029,92
weighted_fire_specificity_silence_sensitivity_tau_0_7,CWE-20,0.00832545315711907,0.038235294117647055,0.8160138684464977,0.9544492349397172,0.18398613155350238,0.9617647058823529,0.013671989262571727,0.022244657221560247,-0.07365507172527304,0.7857465447897988,0.4271245812820723,0.4271245812820723,0.025552827145975045,340
weighted_fire_specificity_silence_sensitivity_tau_0_7,CWE-269,0.0,0.0,0.9825368182027129,0.9898689005604556,0.01746318179728708,1.0,,,-0.013287590590180018,0.972754579172841,0.49126840910135644,0.49126840910135644,0.006579792102533984,87
weighted_fire_specificity_silence_sensitivity_tau_0_7,CWE-285,0.020634920634920634,0.006896551724137931,0.9883933640738569,0.9665400017835706,0.011606635926143097,0.993103448275862,0.02581612258494337,0.019881422924901186,-0.007740027310094062,0.9557040910474848,0.4976449578989974,0.49762543747043664,0.035626551504377935,291
weighted_fire_specificity_silence_sensitivity_tau_0_7,CWE-287,0.40216821973798594,0.07705806451612904,0.9913748855095157,0.9332863387961596,0.008625114490484257,0.9229419354838709,0.1286242119629814,0.0917576861320406,0.1507378422785449,0.9261728925728814,0.5342164750128224,0.5342059995677048,0.07614971224376707,623
weighted_fire_specificity_silence_sensitivity_tau_0_7,CWE-311,0.39138466734211413,0.45854145854145856,0.9670806811798108,0.9747808926247427,0.03291931882018918,0.5414585414585413,0.42212634771864144,0.4431926486937684,0.3946987290460561,0.9446173690569282,0.7128110698606347,0.7190260766099712,0.2592462944493387,386
weighted_fire_specificity_silence_sensitivity_tau_0_7,CWE-327,0.8325075426755779,0.5342857142857143,0.9945162087879901,0.9809329370353792,0.005483791212009917,0.46571428571428575,0.6078071555271725,0.5577347815623488,0.6323215056700575,0.9760576553542422,0.7644009615368522,0.8712913435200049,0.6749621868316854,350
weighted_fire_specificity_silence_sensitivity_tau_0_7,CWE-330,1.0,0.8720000000000001,1.0,0.9962479767406632,0.0,0.128,0.9308138096454488,0.8944503889136349,0.9316690003072923,0.9963393592360976,0.9359999999999999,0.9378596489311442,0.884901518389893,250
weighted_fire_specificity_silence_sensitivity_tau_0_7,CWE-345,0.4741702741702742,0.06037735849056604,0.995724269600981,0.9425654359712137,0.004275730399018984,0.939622641509434,0.10566341220225714,0.07284517509198976,0.15036150648048158,0.9389876336208502,0.5280508140457736,0.528092920158655,0.08846521678324812,530
weighted_fire_specificity_silence_sensitivity_tau_0_7,CWE-400,0.25,0.00392156862745098,0.9995291805222895,0.9712555659375826,0.0004708194777105155,0.996078431372549,0.038461538461538464,0.024390243902439025,0.03098436854490162,0.9708147561532314,0.5017253745748702,0.5017253745748702,0.02510224081803499,252
weighted_fire_specificity_silence_sensitivity_tau_0_7,CWE-501,0.691965811965812,0.3555555555555555,0.9983850984230049,0.9933353746901823,0.001614901576995048,0.6444444444444445,0.4637060669318734,0.3915755489882702,0.4889509884860733,0.9917709592701506,0.6769703269892803,0.8757047240355735,0.5534851836987167,90
weighted_fire_specificity_silence_sensitivity_tau_0_7,CWE-610,0.6001267748478701,0.3445842068483578,0.9926925179862625,0.9796196121357011,0.007307482013737418,0.6554157931516421,0.43749567444221277,0.3765392199701103,0.44203737896638573,0.9728946561722035,0.6686383624173102,0.6688064406900073,0.28012194505552596,267
weighted_fire_specificity_silence_sensitivity_tau_0_7,CWE-662,0.5,0.010526315789473684,0.9998851234922459,0.9893538809772704,0.00011487650775416428,0.9894736842105264,0.1,0.06493506493506494,0.11287503819915358,0.9892426309627702,0.5052057196408597,0.5052057196408597,0.019379385697905756,94
weighted_fire_specificity_silence_sensitivity_tau_0_7,CWE-668,0.030105122150576695,0.016417600664176007,0.9236663112227322,0.8673711337871748,0.07633368877726779,0.9835823993358239,0.026550572947339004,0.02257113504487595,-0.07836074767465842,0.8097572993928186,0.47004195594345416,0.47004195594345416,0.08068430145489774,1097
weighted_fire_specificity_silence_sensitivity_tau_0_7,CWE-704,0.0,0.0,0.9994298091558365,0.9953052779579421,0.0005701908441634469,1.0,,,-0.00253333948793809,0.9947402574290308,0.49971490457791823,0.49971490457791823,0.005517971747314987,41
weighted_fire_specificity_silence_sensitivity_tau_0_7,CWE-706,0.4735976245336844,0.4329378531073447,0.9829495225170781,0.9800310596456117,0.017050477482921916,0.5670621468926553,0.4505541935900569,0.4394241700566021,0.43353774534241946,0.9641786987961473,0.7079436878122114,0.7080189707477873,0.28976964790814047,298
weighted_fire_specificity_silence_sensitivity_tau_0_7,CWE-74,0.6506045955085181,0.4351760520181573,0.9538211093562632,0.8963896595458148,0.046178890643736835,0.5648239479818427,0.5208139664439548,0.4657160371911705,0.4610357651989137,0.869107588509052,0.6944985806872103,0.7454850038957177,0.4755993322568538,1427
weighted_fire_specificity_silence_sensitivity_tau_0_7,CWE-913,0.3418888000544347,0.25367965367965367,0.9939771776788018,0.990763125278977,0.006022822321198163,0.7463203463203463,0.2895488721804511,0.2666396082460816,0.2861770044346604,0.9848968053727232,0.6238284156792278,0.6238303850554257,0.13615130135165285,107
weighted_fire_specificity_silence_sensitivity_tau_0_7,CWE-923,,0.0,1.0,0.9621160785848722,0.0,1.0,,,,0.9621160785848722,0.5,0.5,0.02168795088321281,331
weighted_fire_specificity_silence_sensitivity_tau_0_8,CWE-116,0.0,0.0,0.9975821717597577,0.9933459392883762,0.002417828240242175,1.0,,,-0.003985804340268795,0.9909601748681831,0.49879108587987886,0.49879108587987886,0.00424599741186992,58
weighted_fire_specificity_silence_sensitivity_tau_0_8,CWE-190,0.4,0.02857142857142857,0.9993057919800382,0.9844149763710736,0.0006942080199618057,0.9714285714285715,0.12539184952978055,0.08622645790787382,0.10708915340566885,0.9837489728523463,0.5139386102757333,0.5139386102757333,0.029522180307498175,140
weighted_fire_specificity_silence_sensitivity_tau_0_8,CWE-191,0.0,0.0,0.9994232759906481,0.9894663908216911,0.0005767240093519734,1.0,,,-0.003072021730271023,0.9889018485315088,0.49971163799532403,0.49971163799532403,0.011197421902539029,92
weighted_fire_specificity_silence_sensitivity_tau_0_8,CWE-20,0.00832545315711907,0.038235294117647055,0.8160138684464977,0.9544492349397172,0.18398613155350238,0.9617647058823529,0.013671989262571727,0.022244657221560247,-0.07365507172527304,0.7857465447897988,0.4271245812820723,0.4271245812820723,0.025552827145975045,340
weighted_fire_specificity_silence_sensitivity_tau_0_8,CWE-269,0.0,0.0,0.9825368182027129,0.9898689005604556,0.01746318179728708,1.0,,,-0.013287590590180018,0.972754579172841,0.49126840910135644,0.49126840910135644,0.006579792102533984,87
weighted_fire_specificity_silence_sensitivity_tau_0_8,CWE-285,0.020634920634920634,0.006896551724137931,0.9883933640738569,0.9665400017835706,0.011606635926143097,0.993103448275862,0.02581612258494337,0.019881422924901186,-0.007740027310094062,0.9557040910474848,0.4976449578989974,0.49762543747043664,0.035626551504377935,291
weighted_fire_specificity_silence_sensitivity_tau_0_8,CWE-287,0.40216821973798594,0.07705806451612904,0.9913748855095157,0.9332863387961596,0.008625114490484257,0.9229419354838709,0.1286242119629814,0.0917576861320406,0.1507378422785449,0.9261728925728814,0.5342164750128224,0.5342059995677048,0.07614971224376707,623
weighted_fire_specificity_silence_sensitivity_tau_0_8,CWE-311,0.39138466734211413,0.45854145854145856,0.9670806811798108,0.9747808926247427,0.03291931882018918,0.5414585414585413,0.42212634771864144,0.4431926486937684,0.3946987290460561,0.9446173690569282,0.7128110698606347,0.7190260766099712,0.2592462944493387,386
weighted_fire_specificity_silence_sensitivity_tau_0_8,CWE-327,0.9502352941176471,0.2885714285714286,0.999402535471998,0.9711521372862798,0.0005974645280020313,0.7114285714285714,0.4414757533513945,0.3349226093672951,0.5141172283639639,0.9709260704060914,0.6439869820217132,0.8712913435200049,0.6749621868316854,350
weighted_fire_specificity_silence_sensitivity_tau_0_8,CWE-330,1.0,0.8720000000000001,1.0,0.9962479767406632,0.0,0.128,0.9308138096454488,0.8944503889136349,0.9316690003072923,0.9963393592360976,0.9359999999999999,0.9378596489311442,0.884901518389893,250
weighted_fire_specificity_silence_sensitivity_tau_0_8,CWE-345,0.4741702741702742,0.06037735849056604,0.995724269600981,0.9425654359712137,0.004275730399018984,0.939622641509434,0.10566341220225714,0.07284517509198976,0.15036150648048158,0.9389876336208502,0.5280508140457736,0.528092920158655,0.08846521678324812,530
weighted_fire_specificity_silence_sensitivity_tau_0_8,CWE-400,0.25,0.00392156862745098,0.9995291805222895,0.9712555659375826,0.0004708194777105155,0.996078431372549,0.038461538461538464,0.024390243902439025,0.03098436854490162,0.9708147561532314,0.5017253745748702,0.5017253745748702,0.02510224081803499,252
weighted_fire_specificity_silence_sensitivity_tau_0_8,CWE-501,0.691965811965812,0.3555555555555555,0.9983850984230049,0.9933353746901823,0.001614901576995048,0.6444444444444445,0.4637060669318734,0.3915755489882702,0.4889509884860733,0.9917709592701506,0.6769703269892803,0.8757047240355735,0.5534851836987167,90
weighted_fire_specificity_silence_sensitivity_tau_0_8,CWE-610,0.6207204433497537,0.33710691823899375,0.9935135009835291,0.9794086447025656,0.006486499016470882,0.6628930817610063,0.43670090964475533,0.37092196383392834,0.44531798944159895,0.9734615852413473,0.6653102096112614,0.6688064406900073,0.28012194505552596,267
weighted_fire_specificity_silence_sensitivity_tau_0_8,CWE-662,0.5,0.010526315789473684,0.9998851234922459,0.9893538809772704,0.00011487650775416428,0.9894736842105264,0.1,0.06493506493506494,0.11287503819915358,0.9892426309627702,0.5052057196408597,0.5052057196408597,0.019379385697905756,94
weighted_fire_specificity_silence_sensitivity_tau_0_8,CWE-668,0.030105122150576695,0.016417600664176007,0.9236663112227322,0.8673711337871748,0.07633368877726779,0.9835823993358239,0.026550572947339004,0.02257113504487595,-0.07836074767465842,0.8097572993928186,0.47004195594345416,0.47004195594345416,0.08068430145489774,1097
weighted_fire_specificity_silence_sensitivity_tau_0_8,CWE-704,0.0,0.0,0.9994298091558365,0.9953052779579421,0.0005701908441634469,1.0,,,-0.00253333948793809,0.9947402574290308,0.49971490457791823,0.49971490457791823,0.005517971747314987,41
weighted_fire_specificity_silence_sensitivity_tau_0_8,CWE-706,0.4827292986159981,0.4329378531073447,0.9836554127045385,0.9800439529024676,0.016344587295461458,0.5670621468926553,0.45524503181293674,0.44133220031683235,0.4385186932731133,0.9648607812780104,0.7082966329059416,0.7080189707477873,0.28976964790814047,298
weighted_fire_specificity_silence_sensitivity_tau_0_8,CWE-74,0.6506045955085181,0.4351760520181573,0.9538211093562632,0.8963896595458148,0.046178890643736835,0.5648239479818427,0.5208139664439548,0.4657160371911705,0.4610357651989137,0.869107588509052,0.6944985806872103,0.7454850038957177,0.4755993322568538,1427
weighted_fire_specificity_silence_sensitivity_tau_0_8,CWE-913,0.3344986901643249,0.24415584415584415,0.994092784615218,0.9906491223050047,0.005907215384781978,0.7558441558441558,0.2803183236310171,0.2571363732309574,0.2773520624026581,0.9848954871827562,0.6191243143855311,0.6238303850554257,0.13615130135165285,107
weighted_fire_specificity_silence_sensitivity_tau_0_8,CWE-923,,0.0,1.0,0.9621160785848722,0.0,1.0,,,,0.9621160785848722,0.5,0.5,0.02168795088321281,331
weighted_fire_specificity_silence_sensitivity_tau_0_9,CWE-116,0.0,0.0,0.9975821717597577,0.9933459392883762,0.002417828240242175,1.0,,,-0.003985804340268795,0.9909601748681831,0.49879108587987886,0.49879108587987886,0.00424599741186992,58
weighted_fire_specificity_silence_sensitivity_tau_0_9,CWE-190,0.4,0.02857142857142857,0.9993057919800382,0.9844149763710736,0.0006942080199618057,0.9714285714285715,0.12539184952978055,0.08622645790787382,0.10708915340566885,0.9837489728523463,0.5139386102757333,0.5139386102757333,0.029522180307498175,140
weighted_fire_specificity_silence_sensitivity_tau_0_9,CWE-191,0.0,0.0,0.9994232759906481,0.9894663908216911,0.0005767240093519734,1.0,,,-0.003072021730271023,0.9889018485315088,0.49971163799532403,0.49971163799532403,0.011197421902539029,92
weighted_fire_specificity_silence_sensitivity_tau_0_9,CWE-20,0.00832545315711907,0.038235294117647055,0.8160138684464977,0.9544492349397172,0.18398613155350238,0.9617647058823529,0.013671989262571727,0.022244657221560247,-0.07365507172527304,0.7857465447897988,0.4271245812820723,0.4271245812820723,0.025552827145975045,340
weighted_fire_specificity_silence_sensitivity_tau_0_9,CWE-269,0.0,0.0,0.9825368182027129,0.9898689005604556,0.01746318179728708,1.0,,,-0.013287590590180018,0.972754579172841,0.49126840910135644,0.49126840910135644,0.006579792102533984,87
weighted_fire_specificity_silence_sensitivity_tau_0_9,CWE-285,0.020634920634920634,0.006896551724137931,0.9883933640738569,0.9665400017835706,0.011606635926143097,0.993103448275862,0.02581612258494337,0.019881422924901186,-0.007740027310094062,0.9557040910474848,0.4976449578989974,0.49762543747043664,0.035626551504377935,291
weighted_fire_specificity_silence_sensitivity_tau_0_9,CWE-287,0.40216821973798594,0.07705806451612904,0.9913748855095157,0.9332863387961596,0.008625114490484257,0.9229419354838709,0.1286242119629814,0.0917576861320406,0.1507378422785449,0.9261728925728814,0.5342164750128224,0.5342059995677048,0.07614971224376707,623
weighted_fire_specificity_silence_sensitivity_tau_0_9,CWE-311,0.4509667755991285,0.18664668664668665,0.9893453685210346,0.963398992365948,0.010654631478965447,0.8133533133533133,0.25944180092051083,0.20990224268574412,0.2672892378719953,0.9538781915650079,0.5879960275838606,0.7190260766099712,0.2592462944493387,386
weighted_fire_specificity_silence_sensitivity_tau_0_9,CWE-327,0.9502352941176471,0.2885714285714286,0.999402535471998,0.9711521372862798,0.0005974645280020313,0.7114285714285714,0.4414757533513945,0.3349226093672951,0.5141172283639639,0.9709260704060914,0.6439869820217132,0.8712913435200049,0.6749621868316854,350
weighted_fire_specificity_silence_sensitivity_tau_0_9,CWE-330,1.0,0.8720000000000001,1.0,0.9962479767406632,0.0,0.128,0.9308138096454488,0.8944503889136349,0.9316690003072923,0.9963393592360976,0.9359999999999999,0.9378596489311442,0.884901518389893,250
weighted_fire_specificity_silence_sensitivity_tau_0_9,CWE-345,0.4741702741702742,0.06037735849056604,0.995724269600981,0.9425654359712137,0.004275730399018984,0.939622641509434,0.10566341220225714,0.07284517509198976,0.15036150648048158,0.9389876336208502,0.5280508140457736,0.528092920158655,0.08846521678324812,530
weighted_fire_specificity_silence_sensitivity_tau_0_9,CWE-400,0.25,0.00392156862745098,0.9995291805222895,0.9712555659375826,0.0004708194777105155,0.996078431372549,0.038461538461538464,0.024390243902439025,0.03098436854490162,0.9708147561532314,0.5017253745748702,0.5017253745748702,0.02510224081803499,252
weighted_fire_specificity_silence_sensitivity_tau_0_9,CWE-501,0.691965811965812,0.3555555555555555,0.9983850984230049,0.9933353746901823,0.001614901576995048,0.6444444444444445,0.4637060669318734,0.3915755489882702,0.4889509884860733,0.9917709592701506,0.6769703269892803,0.8757047240355735,0.5534851836987167,90
weighted_fire_specificity_silence_sensitivity_tau_0_9,CWE-610,0.6207204433497537,0.33710691823899375,0.9935135009835291,0.9794086447025656,0.006486499016470882,0.6628930817610063,0.43670090964475533,0.37092196383392834,0.44531798944159895,0.9734615852413473,0.6653102096112614,0.6688064406900073,0.28012194505552596,267
weighted_fire_specificity_silence_sensitivity_tau_0_9,CWE-662,0.5,0.010526315789473684,0.9998851234922459,0.9893538809772704,0.00011487650775416428,0.9894736842105264,0.1,0.06493506493506494,0.11287503819915358,0.9892426309627702,0.5052057196408597,0.5052057196408597,0.019379385697905756,94
weighted_fire_specificity_silence_sensitivity_tau_0_9,CWE-668,0.030105122150576695,0.016417600664176007,0.9236663112227322,0.8673711337871748,0.07633368877726779,0.9835823993358239,0.026550572947339004,0.02257113504487595,-0.07836074767465842,0.8097572993928186,0.47004195594345416,0.47004195594345416,0.08068430145489774,1097
weighted_fire_specificity_silence_sensitivity_tau_0_9,CWE-704,0.0,0.0,0.9994298091558365,0.9953052779579421,0.0005701908441634469,1.0,,,-0.00253333948793809,0.9947402574290308,0.49971490457791823,0.49971490457791823,0.005517971747314987,41
weighted_fire_specificity_silence_sensitivity_tau_0_9,CWE-706,0.4827292986159981,0.4329378531073447,0.9836554127045385,0.9800439529024676,0.016344587295461458,0.5670621468926553,0.45524503181293674,0.44133220031683235,0.4385186932731133,0.9648607812780104,0.7082966329059416,0.7080189707477873,0.28976964790814047,298
weighted_fire_specificity_silence_sensitivity_tau_0_9,CWE-74,0.6506045955085181,0.4351760520181573,0.9538211093562632,0.8963896595458148,0.046178890643736835,0.5648239479818427,0.5208139664439548,0.4657160371911705,0.4610357651989137,0.869107588509052,0.6944985806872103,0.7454850038957177,0.4755993322568538,1427
weighted_fire_specificity_silence_sensitivity_tau_0_9,CWE-913,0.3385922574157868,0.24415584415584415,0.9942075951777898,0.9906500423649399,0.005792404822210222,0.7558441558441558,0.2821131954258889,0.2578026591628058,0.2793355642637286,0.9850089301776513,0.6191817196668169,0.6238303850554257,0.13615130135165285,107
weighted_fire_specificity_silence_sensitivity_tau_0_9,CWE-923,,0.0,1.0,0.9621160785848722,0.0,1.0,,,,0.9621160785848722,0.5,0.5,0.02168795088321281,331
dst_dempster_fire_specificity_silence_sensitivity_tau_0_1,CWE-116,0.006638061975801049,1.0,0.0,,1.0,0.0,0.013188418502749632,0.032330328807305055,,0.006638061975801049,0.5,0.49879108587987886,0.00424599741186992,58
dst_dempster_fire_specificity_silence_sensitivity_tau_0_1,CWE-190,0.016022949627544206,1.0,0.0,,1.0,0.0,0.03154049709024045,0.07528906002388339,,0.016022949627544206,0.5,0.5139386102757333,0.029522180307498175,140
dst_dempster_fire_specificity_silence_sensitivity_tau_0_1,CWE-191,0.010527546976238419,1.0,0.0,,1.0,0.0,0.020835654291612292,0.05050989505847987,,0.010527546976238419,0.5,0.49971163799532403,0.011197421902539029,92
dst_dempster_fire_specificity_silence_sensitivity_tau_0_1,CWE-20,0.038912877666893074,1.0,0.0,,1.0,0.0,0.07491059713018633,0.16835785040299608,,0.038912877666893074,0.5,0.4271245812820723,0.025552827145975045,340
dst_dempster_fire_specificity_silence_sensitivity_tau_0_1,CWE-269,0.009956011031501184,1.0,0.0,,1.0,0.0,0.019715611289017977,0.047872431247636474,,0.009956011031501184,0.5,0.49126840910135644,0.006579792102533984,87
dst_dempster_fire_specificity_silence_sensitivity_tau_0_1,CWE-285,0.033305935807258054,1.0,0.0,,1.0,0.0,0.06446445969072874,0.14694950287947486,,0.033305935807258054,0.5,0.49765221619576927,0.036285780713302886,291
dst_dempster_fire_specificity_silence_sensitivity_tau_0_1,CWE-287,0.07130394576443377,1.0,0.0,,1.0,0.0,0.13311512833599382,0.2773945715517224,,0.07130394576443377,0.5,0.5342579384780439,0.08071559569579716,623
dst_dempster_fire_specificity_silence_sensitivity_tau_0_1,CWE-311,0.04417726672688812,1.0,0.0,,1.0,0.0,0.0846161572636939,0.1877135541082559,,0.04417726672688812,0.5,0.7178130210671063,0.24891692434584814,386
dst_dempster_fire_specificity_silence_sensitivity_tau_0_1,CWE-327,0.6979589058599708,0.7514285714285714,0.9862756188301718,0.9895918801500564,0.013724381169828086,0.24857142857142858,0.723064685454703,0.739648878941486,0.7118972604293341,0.976867930850146,0.8688520951293717,0.8708975367998516,0.6538183028416462,350
dst_dempster_fire_specificity_silence_sensitivity_tau_0_1,CWE-330,0.9168755823866453,0.876,0.9976399602875174,0.9963577386493803,0.0023600397124825074,0.12400000000000003,0.8950367131841558,0.8833108265264682,0.8927759599982098,0.9941624912370909,0.9368199801437587,0.937809678675344,0.8715015239074857,250
dst_dempster_fire_specificity_silence_sensitivity_tau_0_1,CWE-345,0.060658309304274495,1.0,0.0,,1.0,0.0,0.11437822925614856,0.24406931076513846,,0.060658309304274495,0.5,0.528008707932892,0.07561501636090565,530
dst_dempster_fire_specificity_silence_sensitivity_tau_0_1,CWE-400,0.028843423640496822,1.0,0.0,,1.0,0.0,0.056069144856070494,0.12929574005808936,,0.028843423640496822,0.5,0.5017253745748702,0.02510224081803499,252
dst_dempster_fire_specificity_silence_sensitivity_tau_0_1,CWE-501,0.48171969219257926,0.788888888888889,0.79596498097426,0.9972561331406897,0.20403501902573998,0.2111111111111111,0.5314809673717624,0.5722016642350092,0.6597251824660919,0.7959174949586584,0.7924269349315745,0.8757047240355735,0.5534851836987167,90
dst_dempster_fire_specificity_silence_sensitivity_tau_0_1,CWE-610,0.030556752898173868,1.0,0.0,,1.0,0.0,0.05930134466399937,0.1361425810349464,,0.030556752898173868,0.5,0.6686148232533623,0.26848922185936014,267
dst_dempster_fire_specificity_silence_sensitivity_tau_0_1,CWE-662,0.010757175668488517,1.0,0.0,,1.0,0.0,0.021285309707727046,0.051566369597711804,,0.010757175668488517,0.5,0.5052057196408597,0.019379385697905756,94
dst_dempster_fire_specificity_silence_sensitivity_tau_0_1,CWE-668,0.1255533696067458,1.0,0.0,,1.0,0.0,0.22309404619061807,0.41788528863955376,,0.1255533696067458,0.5,0.47004195594345416,0.08068430145489774,1097
dst_dempster_fire_specificity_silence_sensitivity_tau_0_1,CWE-704,0.0046921408590113265,1.0,0.0,,1.0,0.0,0.009340354999994813,0.023027534461893255,,0.0046921408590113265,0.5,0.49971490457791823,0.005517971747314987,41
dst_dempster_fire_specificity_silence_sensitivity_tau_0_1,CWE-706,0.03410781270049187,1.0,0.0,,1.0,0.0,0.06596518601292699,0.15006172133613097,,0.03410781270049187,0.5,0.707448327474627,0.2691242727323537,298
dst_dempster_fire_specificity_silence_sensitivity_tau_0_1,CWE-74,0.16332175087167142,1.0,0.0,,1.0,0.0,0.2807821274154546,0.4939198149929423,,0.16332175087167142,0.5,0.7454850038957177,0.4755993322568538,1427
dst_dempster_fire_specificity_silence_sensitivity_tau_0_1,CWE-913,0.012245003835436072,1.0,0.0,,1.0,0.0,0.02419363899275264,0.058365197076537575,,0.012245003835436072,0.5,0.6238264463030299,0.14216577071218792,107
dst_dempster_fire_specificity_silence_sensitivity_tau_0_1,CWE-923,0.0379958546900669,0.8,0.2,0.9625638116846285,0.8,0.2,0.073209643826465,0.16491210191748476,,0.2229094460889792,0.5,0.5,0.02168795088321281,331
dst_dempster_fire_specificity_silence_sensitivity_tau_0_2,CWE-116,0.006638061975801049,1.0,0.0,,1.0,0.0,0.013188418502749632,0.032330328807305055,,0.006638061975801049,0.5,0.49879108587987886,0.00424599741186992,58
dst_dempster_fire_specificity_silence_sensitivity_tau_0_2,CWE-190,0.016022949627544206,1.0,0.0,,1.0,0.0,0.03154049709024045,0.07528906002388339,,0.016022949627544206,0.5,0.5139386102757333,0.029522180307498175,140
dst_dempster_fire_specificity_silence_sensitivity_tau_0_2,CWE-191,0.010527546976238419,1.0,0.0,,1.0,0.0,0.020835654291612292,0.05050989505847987,,0.010527546976238419,0.5,0.49971163799532403,0.011197421902539029,92
dst_dempster_fire_specificity_silence_sensitivity_tau_0_2,CWE-20,0.038912877666893074,1.0,0.0,,1.0,0.0,0.07491059713018633,0.16835785040299608,,0.038912877666893074,0.5,0.4271245812820723,0.025552827145975045,340
dst_dempster_fire_specificity_silence_sensitivity_tau_0_2,CWE-269,0.009956011031501184,1.0,0.0,,1.0,0.0,0.019715611289017977,0.047872431247636474,,0.009956011031501184,0.5,0.49126840910135644,0.006579792102533984,87
dst_dempster_fire_specificity_silence_sensitivity_tau_0_2,CWE-285,0.033305935807258054,1.0,0.0,,1.0,0.0,0.06446445969072874,0.14694950287947486,,0.033305935807258054,0.5,0.49765221619576927,0.036285780713302886,291
dst_dempster_fire_specificity_silence_sensitivity_tau_0_2,CWE-287,0.07130394576443377,1.0,0.0,,1.0,0.0,0.13311512833599382,0.2773945715517224,,0.07130394576443377,0.5,0.5342579384780439,0.08071559569579716,623
dst_dempster_fire_specificity_silence_sensitivity_tau_0_2,CWE-311,0.04417726672688812,1.0,0.0,,1.0,0.0,0.0846161572636939,0.1877135541082559,,0.04417726672688812,0.5,0.7178130210671063,0.24891692434584814,386
dst_dempster_fire_specificity_silence_sensitivity_tau_0_2,CWE-327,0.6979589058599708,0.7514285714285714,0.9862756188301718,0.9895918801500564,0.013724381169828086,0.24857142857142858,0.723064685454703,0.739648878941486,0.7118972604293341,0.976867930850146,0.8688520951293717,0.8708975367998516,0.6538183028416462,350
dst_dempster_fire_specificity_silence_sensitivity_tau_0_2,CWE-330,0.9168755823866453,0.876,0.9976399602875174,0.9963577386493803,0.0023600397124825074,0.12400000000000003,0.8950367131841558,0.8833108265264682,0.8927759599982098,0.9941624912370909,0.9368199801437587,0.937809678675344,0.8715015239074857,250
dst_dempster_fire_specificity_silence_sensitivity_tau_0_2,CWE-345,0.060658309304274495,1.0,0.0,,1.0,0.0,0.11437822925614856,0.24406931076513846,,0.060658309304274495,0.5,0.528008707932892,0.07561501636090565,530
dst_dempster_fire_specificity_silence_sensitivity_tau_0_2,CWE-400,0.028843423640496822,1.0,0.0,,1.0,0.0,0.056069144856070494,0.12929574005808936,,0.028843423640496822,0.5,0.5017253745748702,0.02510224081803499,252
dst_dempster_fire_specificity_silence_sensitivity_tau_0_2,CWE-501,0.6296399694889396,0.7555555555555555,0.9953812098125555,0.9974542343909855,0.004618790187444582,0.24444444444444446,0.6852590661349655,0.725261781430987,0.6854322746753484,0.9929134510534012,0.8754683826840555,0.8757047240355735,0.5534851836987167,90
dst_dempster_fire_specificity_silence_sensitivity_tau_0_2,CWE-610,0.030556752898173868,1.0,0.0,,1.0,0.0,0.05930134466399937,0.1361425810349464,,0.030556752898173868,0.5,0.6686148232533623,0.26848922185936014,267
dst_dempster_fire_specificity_silence_sensitivity_tau_0_2,CWE-662,0.010757175668488517,1.0,0.0,,1.0,0.0,0.021285309707727046,0.051566369597711804,,0.010757175668488517,0.5,0.5052057196408597,0.019379385697905756,94
dst_dempster_fire_specificity_silence_sensitivity_tau_0_2,CWE-668,0.1255533696067458,1.0,0.0,,1.0,0.0,0.22309404619061807,0.41788528863955376,,0.1255533696067458,0.5,0.47004195594345416,0.08068430145489774,1097
dst_dempster_fire_specificity_silence_sensitivity_tau_0_2,CWE-704,0.0046921408590113265,1.0,0.0,,1.0,0.0,0.009340354999994813,0.023027534461893255,,0.0046921408590113265,0.5,0.49971490457791823,0.005517971747314987,41
dst_dempster_fire_specificity_silence_sensitivity_tau_0_2,CWE-706,0.03410781270049187,1.0,0.0,,1.0,0.0,0.06596518601292699,0.15006172133613097,,0.03410781270049187,0.5,0.707448327474627,0.2691242727323537,298
dst_dempster_fire_specificity_silence_sensitivity_tau_0_2,CWE-74,0.3874410757366056,0.6152840142313826,0.8100374899684712,0.9151666357409696,0.18996251003152878,0.3847159857686173,0.4753503760540133,0.5504066769740495,0.35873317112616887,0.7782143707924064,0.712660752099927,0.7454850038957177,0.4755993322568538,1427
dst_dempster_fire_specificity_silence_sensitivity_tau_0_2,CWE-913,0.012245003835436072,1.0,0.0,,1.0,0.0,0.02419363899275264,0.058365197076537575,,0.012245003835436072,0.5,0.6238264463030299,0.14216577071218792,107
dst_dempster_fire_specificity_silence_sensitivity_tau_0_2,CWE-923,0.0379958546900669,0.8,0.2,0.9625638116846285,0.8,0.2,0.073209643826465,0.16491210191748476,,0.2229094460889792,0.5,0.5,0.02168795088321281,331
dst_dempster_fire_specificity_silence_sensitivity_tau_0_3,CWE-116,0.006638061975801049,1.0,0.0,,1.0,0.0,0.013188418502749632,0.032330328807305055,,0.006638061975801049,0.5,0.49879108587987886,0.00424599741186992,58
dst_dempster_fire_specificity_silence_sensitivity_tau_0_3,CWE-190,0.016022949627544206,1.0,0.0,,1.0,0.0,0.03154049709024045,0.07528906002388339,,0.016022949627544206,0.5,0.5139386102757333,0.029522180307498175,140
dst_dempster_fire_specificity_silence_sensitivity_tau_0_3,CWE-191,0.010527546976238419,1.0,0.0,,1.0,0.0,0.020835654291612292,0.05050989505847987,,0.010527546976238419,0.5,0.49971163799532403,0.011197421902539029,92
dst_dempster_fire_specificity_silence_sensitivity_tau_0_3,CWE-20,0.038912877666893074,1.0,0.0,,1.0,0.0,0.07491059713018633,0.16835785040299608,,0.038912877666893074,0.5,0.4271245812820723,0.025552827145975045,340
dst_dempster_fire_specificity_silence_sensitivity_tau_0_3,CWE-269,0.009956011031501184,1.0,0.0,,1.0,0.0,0.019715611289017977,0.047872431247636474,,0.009956011031501184,0.5,0.49126840910135644,0.006579792102533984,87
dst_dempster_fire_specificity_silence_sensitivity_tau_0_3,CWE-285,0.033305935807258054,1.0,0.0,,1.0,0.0,0.06446445969072874,0.14694950287947486,,0.033305935807258054,0.5,0.49765221619576927,0.036285780713302886,291
dst_dempster_fire_specificity_silence_sensitivity_tau_0_3,CWE-287,0.07130394576443377,1.0,0.0,,1.0,0.0,0.13311512833599382,0.2773945715517224,,0.07130394576443377,0.5,0.5342579384780439,0.08071559569579716,623
dst_dempster_fire_specificity_silence_sensitivity_tau_0_3,CWE-311,0.35377849074979084,0.47405927405927406,0.9600180358181977,0.9753198877636295,0.039981964181802394,0.5259407259407258,0.40469613712017055,0.4434743066409913,0.3777573777152964,0.9385574081482029,0.7170386549387359,0.7178130210671063,0.24891692434584814,386
dst_dempster_fire_specificity_silence_sensitivity_tau_0_3,CWE-327,0.6979589058599708,0.7514285714285714,0.9862756188301718,0.9895918801500564,0.013724381169828086,0.24857142857142858,0.723064685454703,0.739648878941486,0.7118972604293341,0.976867930850146,0.8688520951293717,0.8708975367998516,0.6538183028416462,350
dst_dempster_fire_specificity_silence_sensitivity_tau_0_3,CWE-330,0.9168755823866453,0.876,0.9976399602875174,0.9963577386493803,0.0023600397124825074,0.12400000000000003,0.8950367131841558,0.8833108265264682,0.8927759599982098,0.9941624912370909,0.9368199801437587,0.937809678675344,0.8715015239074857,250
dst_dempster_fire_specificity_silence_sensitivity_tau_0_3,CWE-345,0.060658309304274495,1.0,0.0,,1.0,0.0,0.11437822925614856,0.24406931076513846,,0.060658309304274495,0.5,0.528008707932892,0.07561501636090565,530
dst_dempster_fire_specificity_silence_sensitivity_tau_0_3,CWE-400,0.028843423640496822,1.0,0.0,,1.0,0.0,0.056069144856070494,0.12929574005808936,,0.028843423640496822,0.5,0.5017253745748702,0.02510224081803499,252
dst_dempster_fire_specificity_silence_sensitivity_tau_0_3,CWE-501,0.6296399694889396,0.7555555555555555,0.9953812098125555,0.9974542343909855,0.004618790187444582,0.24444444444444446,0.6852590661349655,0.725261781430987,0.6854322746753484,0.9929134510534012,0.8754683826840555,0.8757047240355735,0.5534851836987167,90
dst_dempster_fire_specificity_silence_sensitivity_tau_0_3,CWE-610,0.030556752898173868,1.0,0.0,,1.0,0.0,0.05930134466399937,0.1361425810349464,,0.030556752898173868,0.5,0.6686148232533623,0.26848922185936014,267
dst_dempster_fire_specificity_silence_sensitivity_tau_0_3,CWE-662,0.010757175668488517,1.0,0.0,,1.0,0.0,0.021285309707727046,0.051566369597711804,,0.010757175668488517,0.5,0.5052057196408597,0.019379385697905756,94
dst_dempster_fire_specificity_silence_sensitivity_tau_0_3,CWE-668,0.1255533696067458,1.0,0.0,,1.0,0.0,0.22309404619061807,0.41788528863955376,,0.1255533696067458,0.5,0.47004195594345416,0.08068430145489774,1097
dst_dempster_fire_specificity_silence_sensitivity_tau_0_3,CWE-704,0.0046921408590113265,1.0,0.0,,1.0,0.0,0.009340354999994813,0.023027534461893255,,0.0046921408590113265,0.5,0.49971490457791823,0.005517971747314987,41
dst_dempster_fire_specificity_silence_sensitivity_tau_0_3,CWE-706,0.46110367194539226,0.4329378531073447,0.9821159226808851,0.9800129474576857,0.01788407731911501,0.5670621468926553,0.4452957891273007,0.4375135735427634,0.427311463201738,0.9633737253178636,0.7075268878941148,0.707448327474627,0.2691242727323537,298
dst_dempster_fire_specificity_silence_sensitivity_tau_0_3,CWE-74,0.3874410757366056,0.6152840142313826,0.8100374899684712,0.9151666357409696,0.18996251003152878,0.3847159857686173,0.4753503760540133,0.5504066769740495,0.35873317112616887,0.7782143707924064,0.712660752099927,0.7454850038957177,0.4755993322568538,1427
dst_dempster_fire_specificity_silence_sensitivity_tau_0_3,CWE-913,0.012245003835436072,1.0,0.0,,1.0,0.0,0.02419363899275264,0.058365197076537575,,0.012245003835436072,0.5,0.6238264463030299,0.14216577071218792,107
dst_dempster_fire_specificity_silence_sensitivity_tau_0_3,CWE-923,0.0379958546900669,0.8,0.2,0.9625638116846285,0.8,0.2,0.073209643826465,0.16491210191748476,,0.2229094460889792,0.5,0.5,0.02168795088321281,331
dst_dempster_fire_specificity_silence_sensitivity_tau_0_4,CWE-116,0.006638061975801049,1.0,0.0,,1.0,0.0,0.013188418502749632,0.032330328807305055,,0.006638061975801049,0.5,0.49879108587987886,0.00424599741186992,58
dst_dempster_fire_specificity_silence_sensitivity_tau_0_4,CWE-190,0.016022949627544206,1.0,0.0,,1.0,0.0,0.03154049709024045,0.07528906002388339,,0.016022949627544206,0.5,0.5139386102757333,0.029522180307498175,140
dst_dempster_fire_specificity_silence_sensitivity_tau_0_4,CWE-191,0.010527546976238419,1.0,0.0,,1.0,0.0,0.020835654291612292,0.05050989505847987,,0.010527546976238419,0.5,0.49971163799532403,0.011197421902539029,92
dst_dempster_fire_specificity_silence_sensitivity_tau_0_4,CWE-20,0.038912877666893074,1.0,0.0,,1.0,0.0,0.07491059713018633,0.16835785040299608,,0.038912877666893074,0.5,0.4271245812820723,0.025552827145975045,340
dst_dempster_fire_specificity_silence_sensitivity_tau_0_4,CWE-269,0.009956011031501184,1.0,0.0,,1.0,0.0,0.019715611289017977,0.047872431247636474,,0.009956011031501184,0.5,0.49126840910135644,0.006579792102533984,87
dst_dempster_fire_specificity_silence_sensitivity_tau_0_4,CWE-285,0.033305935807258054,1.0,0.0,,1.0,0.0,0.06446445969072874,0.14694950287947486,,0.033305935807258054,0.5,0.49765221619576927,0.036285780713302886,291
dst_dempster_fire_specificity_silence_sensitivity_tau_0_4,CWE-287,0.07130394576443377,1.0,0.0,,1.0,0.0,0.13311512833599382,0.2773945715517224,,0.07130394576443377,0.5,0.5342579384780439,0.08071559569579716,623
dst_dempster_fire_specificity_silence_sensitivity_tau_0_4,CWE-311,0.35377849074979084,0.47405927405927406,0.9600180358181977,0.9753198877636295,0.039981964181802394,0.5259407259407258,0.40469613712017055,0.4434743066409913,0.3777573777152964,0.9385574081482029,0.7170386549387359,0.7178130210671063,0.24891692434584814,386
dst_dempster_fire_specificity_silence_sensitivity_tau_0_4,CWE-327,0.6979589058599708,0.7514285714285714,0.9862756188301718,0.9895918801500564,0.013724381169828086,0.24857142857142858,0.723064685454703,0.739648878941486,0.7118972604293341,0.976867930850146,0.8688520951293717,0.8708975367998516,0.6538183028416462,350
dst_dempster_fire_specificity_silence_sensitivity_tau_0_4,CWE-330,0.9168755823866453,0.876,0.9976399602875174,0.9963577386493803,0.0023600397124825074,0.12400000000000003,0.8950367131841558,0.8833108265264682,0.8927759599982098,0.9941624912370909,0.9368199801437587,0.937809678675344,0.8715015239074857,250
dst_dempster_fire_specificity_silence_sensitivity_tau_0_4,CWE-345,0.060658309304274495,1.0,0.0,,1.0,0.0,0.11437822925614856,0.24406931076513846,,0.060658309304274495,0.5,0.528008707932892,0.07561501636090565,530
dst_dempster_fire_specificity_silence_sensitivity_tau_0_4,CWE-400,0.028843423640496822,1.0,0.0,,1.0,0.0,0.056069144856070494,0.12929574005808936,,0.028843423640496822,0.5,0.5017253745748702,0.02510224081803499,252
dst_dempster_fire_specificity_silence_sensitivity_tau_0_4,CWE-501,0.6296399694889396,0.7555555555555555,0.9953812098125555,0.9974542343909855,0.004618790187444582,0.24444444444444446,0.6852590661349655,0.725261781430987,0.6854322746753484,0.9929134510534012,0.8754683826840555,0.8757047240355735,0.5534851836987167,90
dst_dempster_fire_specificity_silence_sensitivity_tau_0_4,CWE-610,0.6001267748478701,0.3445842068483578,0.9926925179862625,0.9796196121357011,0.007307482013737418,0.6554157931516421,0.43749567444221277,0.3765392199701103,0.44203737896638573,0.9728946561722035,0.6686383624173102,0.6686148232533623,0.26848922185936014,267
dst_dempster_fire_specificity_silence_sensitivity_tau_0_4,CWE-662,0.010757175668488517,1.0,0.0,,1.0,0.0,0.021285309707727046,0.051566369597711804,,0.010757175668488517,0.5,0.5052057196408597,0.019379385697905756,94
dst_dempster_fire_specificity_silence_sensitivity_tau_0_4,CWE-668,0.1255533696067458,1.0,0.0,,1.0,0.0,0.22309404619061807,0.41788528863955376,,0.1255533696067458,0.5,0.47004195594345416,0.08068430145489774,1097
dst_dempster_fire_specificity_silence_sensitivity_tau_0_4,CWE-704,0.0046921408590113265,1.0,0.0,,1.0,0.0,0.009340354999994813,0.023027534461893255,,0.0046921408590113265,0.5,0.49971490457791823,0.005517971747314987,41
dst_dempster_fire_specificity_silence_sensitivity_tau_0_4,CWE-706,0.46110367194539226,0.4329378531073447,0.9821159226808851,0.9800129474576857,0.01788407731911501,0.5670621468926553,0.4452957891273007,0.4375135735427634,0.427311463201738,0.9633737253178636,0.7075268878941148,0.707448327474627,0.2691242727323537,298
dst_dempster_fire_specificity_silence_sensitivity_tau_0_4,CWE-74,0.3874410757366056,0.6152840142313826,0.8100374899684712,0.9151666357409696,0.18996251003152878,0.3847159857686173,0.4753503760540133,0.5504066769740495,0.35873317112616887,0.7782143707924064,0.712660752099927,0.7454850038957177,0.4755993322568538,1427
dst_dempster_fire_specificity_silence_sensitivity_tau_0_4,CWE-913,0.3418888000544347,0.25367965367965367,0.9939771776788018,0.990763125278977,0.006022822321198163,0.7463203463203463,0.2895488721804511,0.2666396082460816,0.2861770044346604,0.9848968053727232,0.6238284156792278,0.6238264463030299,0.14216577071218792,107
dst_dempster_fire_specificity_silence_sensitivity_tau_0_4,CWE-923,0.0379958546900669,0.8,0.2,0.9625638116846285,0.8,0.2,0.073209643826465,0.16491210191748476,,0.2229094460889792,0.5,0.5,0.02168795088321281,331
dst_dempster_fire_specificity_silence_sensitivity_tau_0_5,CWE-116,0.006638061975801049,1.0,0.0,,1.0,0.0,0.013188418502749632,0.032330328807305055,,0.006638061975801049,0.5,0.49879108587987886,0.00424599741186992,58
dst_dempster_fire_specificity_silence_sensitivity_tau_0_5,CWE-190,0.4,0.02857142857142857,0.9993057919800382,0.9844149763710736,0.0006942080199618057,0.9714285714285715,0.12539184952978055,0.08622645790787382,0.10708915340566885,0.9837489728523463,0.5139386102757333,0.5139386102757333,0.029522180307498175,140
dst_dempster_fire_specificity_silence_sensitivity_tau_0_5,CWE-191,0.010527546976238419,1.0,0.0,,1.0,0.0,0.020835654291612292,0.05050989505847987,,0.010527546976238419,0.5,0.49971163799532403,0.011197421902539029,92
dst_dempster_fire_specificity_silence_sensitivity_tau_0_5,CWE-20,0.00832545315711907,0.038235294117647055,0.8160138684464977,0.9544492349397172,0.18398613155350238,0.9617647058823529,0.013671989262571727,0.022244657221560247,-0.07365507172527304,0.7857465447897988,0.4271245812820723,0.4271245812820723,0.025552827145975045,340
dst_dempster_fire_specificity_silence_sensitivity_tau_0_5,CWE-269,0.009956011031501184,1.0,0.0,,1.0,0.0,0.019715611289017977,0.047872431247636474,,0.009956011031501184,0.5,0.49126840910135644,0.006579792102533984,87
dst_dempster_fire_specificity_silence_sensitivity_tau_0_5,CWE-285,0.020634920634920634,0.006896551724137931,0.9883933640738569,0.9665400017835706,0.011606635926143097,0.993103448275862,0.02581612258494337,0.019881422924901186,-0.007740027310094062,0.9557040910474848,0.4976449578989974,0.49765221619576927,0.036285780713302886,291
dst_dempster_fire_specificity_silence_sensitivity_tau_0_5,CWE-287,0.40216821973798594,0.07705806451612904,0.9913748855095157,0.9332863387961596,0.008625114490484257,0.9229419354838709,0.1286242119629814,0.0917576861320406,0.1507378422785449,0.9261728925728814,0.5342164750128224,0.5342579384780439,0.08071559569579716,623
dst_dempster_fire_specificity_silence_sensitivity_tau_0_5,CWE-311,0.35377849074979084,0.47405927405927406,0.9600180358181977,0.9753198877636295,0.039981964181802394,0.5259407259407258,0.40469613712017055,0.4434743066409913,0.3777573777152964,0.9385574081482029,0.7170386549387359,0.7178130210671063,0.24891692434584814,386
dst_dempster_fire_specificity_silence_sensitivity_tau_0_5,CWE-327,0.6979589058599708,0.7514285714285714,0.9862756188301718,0.9895918801500564,0.013724381169828086,0.24857142857142858,0.723064685454703,0.739648878941486,0.7118972604293341,0.976867930850146,0.8688520951293717,0.8708975367998516,0.6538183028416462,350
dst_dempster_fire_specificity_silence_sensitivity_tau_0_5,CWE-330,0.9168755823866453,0.876,0.9976399602875174,0.9963577386493803,0.0023600397124825074,0.12400000000000003,0.8950367131841558,0.8833108265264682,0.8927759599982098,0.9941624912370909,0.9368199801437587,0.937809678675344,0.8715015239074857,250
dst_dempster_fire_specificity_silence_sensitivity_tau_0_5,CWE-345,0.4741702741702742,0.06037735849056604,0.995724269600981,0.9425654359712137,0.004275730399018984,0.939622641509434,0.10566341220225714,0.07284517509198976,0.15036150648048158,0.9389876336208502,0.5280508140457736,0.528008707932892,0.07561501636090565,530
dst_dempster_fire_specificity_silence_sensitivity_tau_0_5,CWE-400,0.007361431870669746,0.2,0.7995291805222895,0.9712907168096153,0.20047081947771056,0.8,0.05720695457094785,0.13171487603305784,-0.0046844527709365156,0.7824775737051943,0.4997645902611447,0.5017253745748702,0.02510224081803499,252
dst_dempster_fire_specificity_silence_sensitivity_tau_0_5,CWE-501,0.6296399694889396,0.7555555555555555,0.9953812098125555,0.9974542343909855,0.004618790187444582,0.24444444444444446,0.6852590661349655,0.725261781430987,0.6854322746753484,0.9929134510534012,0.8754683826840555,0.8757047240355735,0.5534851836987167,90
dst_dempster_fire_specificity_silence_sensitivity_tau_0_5,CWE-610,0.6001267748478701,0.3445842068483578,0.9926925179862625,0.9796196121357011,0.007307482013737418,0.6554157931516421,0.43749567444221277,0.3765392199701103,0.44203737896638573,0.9728946561722035,0.6686383624173102,0.6686148232533623,0.26848922185936014,267
dst_dempster_fire_specificity_silence_sensitivity_tau_0_5,CWE-662,0.005388542257515599,0.2,0.7998851234922458,0.9892462672261282,0.20011487650775414,0.8,0.02132435465768799,0.05165851005981512,-0.002490832336513584,0.7934400217738876,0.49994256174612295,0.5052057196408597,0.019379385697905756,94
dst_dempster_fire_specificity_silence_sensitivity_tau_0_5,CWE-668,0.030105122150576695,0.016417600664176007,0.9236663112227322,0.8673711337871748,0.07633368877726779,0.9835823993358239,0.026550572947339004,0.02257113504487595,-0.07836074767465842,0.8097572993928186,0.47004195594345416,0.47004195594345416,0.08068430145489774,1097
dst_dempster_fire_specificity_silence_sensitivity_tau_0_5,CWE-704,0.0046921408590113265,1.0,0.0,,1.0,0.0,0.009340354999994813,0.023027534461893255,,0.0046921408590113265,0.5,0.49971490457791823,0.005517971747314987,41
dst_dempster_fire_specificity_silence_sensitivity_tau_0_5,CWE-706,0.46110367194539226,0.4329378531073447,0.9821159226808851,0.9800129474576857,0.01788407731911501,0.5670621468926553,0.4452957891273007,0.4375135735427634,0.427311463201738,0.9633737253178636,0.7075268878941148,0.707448327474627,0.2691242727323537,298
dst_dempster_fire_specificity_silence_sensitivity_tau_0_5,CWE-74,0.3874410757366056,0.6152840142313826,0.8100374899684712,0.9151666357409696,0.18996251003152878,0.3847159857686173,0.4753503760540133,0.5504066769740495,0.35873317112616887,0.7782143707924064,0.712660752099927,0.7454850038957177,0.4755993322568538,1427
dst_dempster_fire_specificity_silence_sensitivity_tau_0_5,CWE-913,0.3418888000544347,0.25367965367965367,0.9939771776788018,0.990763125278977,0.006022822321198163,0.7463203463203463,0.2895488721804511,0.2666396082460816,0.2861770044346604,0.9848968053727232,0.6238284156792278,0.6238264463030299,0.14216577071218792,107
dst_dempster_fire_specificity_silence_sensitivity_tau_0_5,CWE-923,0.0379958546900669,0.8,0.2,0.9625638116846285,0.8,0.2,0.073209643826465,0.16491210191748476,,0.2229094460889792,0.5,0.5,0.02168795088321281,331
dst_dempster_fire_specificity_silence_sensitivity_tau_0_6,CWE-116,0.0,0.0,0.9975821717597577,0.9933459392883762,0.002417828240242175,1.0,,,-0.003985804340268795,0.9909601748681831,0.49879108587987886,0.49879108587987886,0.00424599741186992,58
dst_dempster_fire_specificity_silence_sensitivity_tau_0_6,CWE-190,0.4,0.02857142857142857,0.9993057919800382,0.9844149763710736,0.0006942080199618057,0.9714285714285715,0.12539184952978055,0.08622645790787382,0.10708915340566885,0.9837489728523463,0.5139386102757333,0.5139386102757333,0.029522180307498175,140
dst_dempster_fire_specificity_silence_sensitivity_tau_0_6,CWE-191,0.0,0.0,0.9994232759906481,0.9894663908216911,0.0005767240093519734,1.0,,,-0.003072021730271023,0.9889018485315088,0.49971163799532403,0.49971163799532403,0.011197421902539029,92
dst_dempster_fire_specificity_silence_sensitivity_tau_0_6,CWE-20,0.00832545315711907,0.038235294117647055,0.8160138684464977,0.9544492349397172,0.18398613155350238,0.9617647058823529,0.013671989262571727,0.022244657221560247,-0.07365507172527304,0.7857465447897988,0.4271245812820723,0.4271245812820723,0.025552827145975045,340
dst_dempster_fire_specificity_silence_sensitivity_tau_0_6,CWE-269,0.0,0.0,0.9825368182027129,0.9898689005604556,0.01746318179728708,1.0,,,-0.013287590590180018,0.972754579172841,0.49126840910135644,0.49126840910135644,0.006579792102533984,87
dst_dempster_fire_specificity_silence_sensitivity_tau_0_6,CWE-285,0.020634920634920634,0.006896551724137931,0.9883933640738569,0.9665400017835706,0.011606635926143097,0.993103448275862,0.02581612258494337,0.019881422924901186,-0.007740027310094062,0.9557040910474848,0.4976449578989974,0.49765221619576927,0.036285780713302886,291
dst_dempster_fire_specificity_silence_sensitivity_tau_0_6,CWE-287,0.40216821973798594,0.07705806451612904,0.9913748855095157,0.9332863387961596,0.008625114490484257,0.9229419354838709,0.1286242119629814,0.0917576861320406,0.1507378422785449,0.9261728925728814,0.5342164750128224,0.5342579384780439,0.08071559569579716,623
dst_dempster_fire_specificity_silence_sensitivity_tau_0_6,CWE-311,0.35377849074979084,0.47405927405927406,0.9600180358181977,0.9753198877636295,0.039981964181802394,0.5259407259407258,0.40469613712017055,0.4434743066409913,0.3777573777152964,0.9385574081482029,0.7170386549387359,0.7178130210671063,0.24891692434584814,386
dst_dempster_fire_specificity_silence_sensitivity_tau_0_6,CWE-327,0.6979589058599708,0.7514285714285714,0.9862756188301718,0.9895918801500564,0.013724381169828086,0.24857142857142858,0.723064685454703,0.739648878941486,0.7118972604293341,0.976867930850146,0.8688520951293717,0.8708975367998516,0.6538183028416462,350
dst_dempster_fire_specificity_silence_sensitivity_tau_0_6,CWE-330,0.9168755823866453,0.876,0.9976399602875174,0.9963577386493803,0.0023600397124825074,0.12400000000000003,0.8950367131841558,0.8833108265264682,0.8927759599982098,0.9941624912370909,0.9368199801437587,0.937809678675344,0.8715015239074857,250
dst_dempster_fire_specificity_silence_sensitivity_tau_0_6,CWE-345,0.4741702741702742,0.06037735849056604,0.995724269600981,0.9425654359712137,0.004275730399018984,0.939622641509434,0.10566341220225714,0.07284517509198976,0.15036150648048158,0.9389876336208502,0.5280508140457736,0.528008707932892,0.07561501636090565,530
dst_dempster_fire_specificity_silence_sensitivity_tau_0_6,CWE-400,0.25,0.00392156862745098,0.9995291805222895,0.9712555659375826,0.0004708194777105155,0.996078431372549,0.038461538461538464,0.024390243902439025,0.03098436854490162,0.9708147561532314,0.5017253745748702,0.5017253745748702,0.02510224081803499,252
dst_dempster_fire_specificity_silence_sensitivity_tau_0_6,CWE-501,0.6296399694889396,0.7555555555555555,0.9953812098125555,0.9974542343909855,0.004618790187444582,0.24444444444444446,0.6852590661349655,0.725261781430987,0.6854322746753484,0.9929134510534012,0.8754683826840555,0.8757047240355735,0.5534851836987167,90
dst_dempster_fire_specificity_silence_sensitivity_tau_0_6,CWE-610,0.6001267748478701,0.3445842068483578,0.9926925179862625,0.9796196121357011,0.007307482013737418,0.6554157931516421,0.43749567444221277,0.3765392199701103,0.44203737896638573,0.9728946561722035,0.6686383624173102,0.6686148232533623,0.26848922185936014,267
dst_dempster_fire_specificity_silence_sensitivity_tau_0_6,CWE-662,0.5,0.010526315789473684,0.9998851234922459,0.9893538809772704,0.00011487650775416428,0.9894736842105264,0.1,0.06493506493506494,0.11287503819915358,0.9892426309627702,0.5052057196408597,0.5052057196408597,0.019379385697905756,94
dst_dempster_fire_specificity_silence_sensitivity_tau_0_6,CWE-668,0.030105122150576695,0.016417600664176007,0.9236663112227322,0.8673711337871748,0.07633368877726779,0.9835823993358239,0.026550572947339004,0.02257113504487595,-0.07836074767465842,0.8097572993928186,0.47004195594345416,0.47004195594345416,0.08068430145489774,1097
dst_dempster_fire_specificity_silence_sensitivity_tau_0_6,CWE-704,0.0,0.0,0.9994298091558365,0.9953052779579421,0.0005701908441634469,1.0,,,-0.00253333948793809,0.9947402574290308,0.49971490457791823,0.49971490457791823,0.005517971747314987,41
dst_dempster_fire_specificity_silence_sensitivity_tau_0_6,CWE-706,0.46110367194539226,0.4329378531073447,0.9821159226808851,0.9800129474576857,0.01788407731911501,0.5670621468926553,0.4452957891273007,0.4375135735427634,0.427311463201738,0.9633737253178636,0.7075268878941148,0.707448327474627,0.2691242727323537,298
dst_dempster_fire_specificity_silence_sensitivity_tau_0_6,CWE-74,0.3874410757366056,0.6152840142313826,0.8100374899684712,0.9151666357409696,0.18996251003152878,0.3847159857686173,0.4753503760540133,0.5504066769740495,0.35873317112616887,0.7782143707924064,0.712660752099927,0.7454850038957177,0.4755993322568538,1427
dst_dempster_fire_specificity_silence_sensitivity_tau_0_6,CWE-913,0.3418888000544347,0.25367965367965367,0.9939771776788018,0.990763125278977,0.006022822321198163,0.7463203463203463,0.2895488721804511,0.2666396082460816,0.2861770044346604,0.9848968053727232,0.6238284156792278,0.6238264463030299,0.14216577071218792,107
dst_dempster_fire_specificity_silence_sensitivity_tau_0_6,CWE-923,,0.0,1.0,0.9621160785848722,0.0,1.0,,,,0.9621160785848722,0.5,0.5,0.02168795088321281,331
dst_dempster_fire_specificity_silence_sensitivity_tau_0_7,CWE-116,0.0,0.0,0.9975821717597577,0.9933459392883762,0.002417828240242175,1.0,,,-0.003985804340268795,0.9909601748681831,0.49879108587987886,0.49879108587987886,0.00424599741186992,58
dst_dempster_fire_specificity_silence_sensitivity_tau_0_7,CWE-190,0.4,0.02857142857142857,0.9993057919800382,0.9844149763710736,0.0006942080199618057,0.9714285714285715,0.12539184952978055,0.08622645790787382,0.10708915340566885,0.9837489728523463,0.5139386102757333,0.5139386102757333,0.029522180307498175,140
dst_dempster_fire_specificity_silence_sensitivity_tau_0_7,CWE-191,0.0,0.0,0.9994232759906481,0.9894663908216911,0.0005767240093519734,1.0,,,-0.003072021730271023,0.9889018485315088,0.49971163799532403,0.49971163799532403,0.011197421902539029,92
dst_dempster_fire_specificity_silence_sensitivity_tau_0_7,CWE-20,0.00832545315711907,0.038235294117647055,0.8160138684464977,0.9544492349397172,0.18398613155350238,0.9617647058823529,0.013671989262571727,0.022244657221560247,-0.07365507172527304,0.7857465447897988,0.4271245812820723,0.4271245812820723,0.025552827145975045,340
dst_dempster_fire_specificity_silence_sensitivity_tau_0_7,CWE-269,0.0,0.0,0.9825368182027129,0.9898689005604556,0.01746318179728708,1.0,,,-0.013287590590180018,0.972754579172841,0.49126840910135644,0.49126840910135644,0.006579792102533984,87
dst_dempster_fire_specificity_silence_sensitivity_tau_0_7,CWE-285,0.020634920634920634,0.006896551724137931,0.9883933640738569,0.9665400017835706,0.011606635926143097,0.993103448275862,0.02581612258494337,0.019881422924901186,-0.007740027310094062,0.9557040910474848,0.4976449578989974,0.49765221619576927,0.036285780713302886,291
dst_dempster_fire_specificity_silence_sensitivity_tau_0_7,CWE-287,0.40216821973798594,0.07705806451612904,0.9913748855095157,0.9332863387961596,0.008625114490484257,0.9229419354838709,0.1286242119629814,0.0917576861320406,0.1507378422785449,0.9261728925728814,0.5342164750128224,0.5342579384780439,0.08071559569579716,623
dst_dempster_fire_specificity_silence_sensitivity_tau_0_7,CWE-311,0.35377849074979084,0.47405927405927406,0.9600180358181977,0.9753198877636295,0.039981964181802394,0.5259407259407258,0.40469613712017055,0.4434743066409913,0.3777573777152964,0.9385574081482029,0.7170386549387359,0.7178130210671063,0.24891692434584814,386
dst_dempster_fire_specificity_silence_sensitivity_tau_0_7,CWE-327,0.6979589058599708,0.7514285714285714,0.9862756188301718,0.9895918801500564,0.013724381169828086,0.24857142857142858,0.723064685454703,0.739648878941486,0.7118972604293341,0.976867930850146,0.8688520951293717,0.8708975367998516,0.6538183028416462,350
dst_dempster_fire_specificity_silence_sensitivity_tau_0_7,CWE-330,0.9168755823866453,0.876,0.9976399602875174,0.9963577386493803,0.0023600397124825074,0.12400000000000003,0.8950367131841558,0.8833108265264682,0.8927759599982098,0.9941624912370909,0.9368199801437587,0.937809678675344,0.8715015239074857,250
dst_dempster_fire_specificity_silence_sensitivity_tau_0_7,CWE-345,0.4741702741702742,0.06037735849056604,0.995724269600981,0.9425654359712137,0.004275730399018984,0.939622641509434,0.10566341220225714,0.07284517509198976,0.15036150648048158,0.9389876336208502,0.5280508140457736,0.528008707932892,0.07561501636090565,530
dst_dempster_fire_specificity_silence_sensitivity_tau_0_7,CWE-400,0.25,0.00392156862745098,0.9995291805222895,0.9712555659375826,0.0004708194777105155,0.996078431372549,0.038461538461538464,0.024390243902439025,0.03098436854490162,0.9708147561532314,0.5017253745748702,0.5017253745748702,0.02510224081803499,252
dst_dempster_fire_specificity_silence_sensitivity_tau_0_7,CWE-501,0.6296399694889396,0.7555555555555555,0.9953812098125555,0.9974542343909855,0.004618790187444582,0.24444444444444446,0.6852590661349655,0.725261781430987,0.6854322746753484,0.9929134510534012,0.8754683826840555,0.8757047240355735,0.5534851836987167,90
dst_dempster_fire_specificity_silence_sensitivity_tau_0_7,CWE-610,0.6001267748478701,0.3445842068483578,0.9926925179862625,0.9796196121357011,0.007307482013737418,0.6554157931516421,0.43749567444221277,0.3765392199701103,0.44203737896638573,0.9728946561722035,0.6686383624173102,0.6686148232533623,0.26848922185936014,267
dst_dempster_fire_specificity_silence_sensitivity_tau_0_7,CWE-662,0.5,0.010526315789473684,0.9998851234922459,0.9893538809772704,0.00011487650775416428,0.9894736842105264,0.1,0.06493506493506494,0.11287503819915358,0.9892426309627702,0.5052057196408597,0.5052057196408597,0.019379385697905756,94
dst_dempster_fire_specificity_silence_sensitivity_tau_0_7,CWE-668,0.030105122150576695,0.016417600664176007,0.9236663112227322,0.8673711337871748,0.07633368877726779,0.9835823993358239,0.026550572947339004,0.02257113504487595,-0.07836074767465842,0.8097572993928186,0.47004195594345416,0.47004195594345416,0.08068430145489774,1097
dst_dempster_fire_specificity_silence_sensitivity_tau_0_7,CWE-704,0.0,0.0,0.9994298091558365,0.9953052779579421,0.0005701908441634469,1.0,,,-0.00253333948793809,0.9947402574290308,0.49971490457791823,0.49971490457791823,0.005517971747314987,41
dst_dempster_fire_specificity_silence_sensitivity_tau_0_7,CWE-706,0.46110367194539226,0.4329378531073447,0.9821159226808851,0.9800129474576857,0.01788407731911501,0.5670621468926553,0.4452957891273007,0.4375135735427634,0.427311463201738,0.9633737253178636,0.7075268878941148,0.707448327474627,0.2691242727323537,298
dst_dempster_fire_specificity_silence_sensitivity_tau_0_7,CWE-74,0.3874410757366056,0.6152840142313826,0.8100374899684712,0.9151666357409696,0.18996251003152878,0.3847159857686173,0.4753503760540133,0.5504066769740495,0.35873317112616887,0.7782143707924064,0.712660752099927,0.7454850038957177,0.4755993322568538,1427
dst_dempster_fire_specificity_silence_sensitivity_tau_0_7,CWE-913,0.3418888000544347,0.25367965367965367,0.9939771776788018,0.990763125278977,0.006022822321198163,0.7463203463203463,0.2895488721804511,0.2666396082460816,0.2861770044346604,0.9848968053727232,0.6238284156792278,0.6238264463030299,0.14216577071218792,107
dst_dempster_fire_specificity_silence_sensitivity_tau_0_7,CWE-923,,0.0,1.0,0.9621160785848722,0.0,1.0,,,,0.9621160785848722,0.5,0.5,0.02168795088321281,331
dst_dempster_fire_specificity_silence_sensitivity_tau_0_8,CWE-116,0.0,0.0,0.9975821717597577,0.9933459392883762,0.002417828240242175,1.0,,,-0.003985804340268795,0.9909601748681831,0.49879108587987886,0.49879108587987886,0.00424599741186992,58
dst_dempster_fire_specificity_silence_sensitivity_tau_0_8,CWE-190,0.4,0.02857142857142857,0.9993057919800382,0.9844149763710736,0.0006942080199618057,0.9714285714285715,0.12539184952978055,0.08622645790787382,0.10708915340566885,0.9837489728523463,0.5139386102757333,0.5139386102757333,0.029522180307498175,140
dst_dempster_fire_specificity_silence_sensitivity_tau_0_8,CWE-191,0.0,0.0,0.9994232759906481,0.9894663908216911,0.0005767240093519734,1.0,,,-0.003072021730271023,0.9889018485315088,0.49971163799532403,0.49971163799532403,0.011197421902539029,92
dst_dempster_fire_specificity_silence_sensitivity_tau_0_8,CWE-20,0.00832545315711907,0.038235294117647055,0.8160138684464977,0.9544492349397172,0.18398613155350238,0.9617647058823529,0.013671989262571727,0.022244657221560247,-0.07365507172527304,0.7857465447897988,0.4271245812820723,0.4271245812820723,0.025552827145975045,340
dst_dempster_fire_specificity_silence_sensitivity_tau_0_8,CWE-269,0.0,0.0,0.9825368182027129,0.9898689005604556,0.01746318179728708,1.0,,,-0.013287590590180018,0.972754579172841,0.49126840910135644,0.49126840910135644,0.006579792102533984,87
dst_dempster_fire_specificity_silence_sensitivity_tau_0_8,CWE-285,0.020634920634920634,0.006896551724137931,0.9883933640738569,0.9665400017835706,0.011606635926143097,0.993103448275862,0.02581612258494337,0.019881422924901186,-0.007740027310094062,0.9557040910474848,0.4976449578989974,0.49765221619576927,0.036285780713302886,291
dst_dempster_fire_specificity_silence_sensitivity_tau_0_8,CWE-287,0.40216821973798594,0.07705806451612904,0.9913748855095157,0.9332863387961596,0.008625114490484257,0.9229419354838709,0.1286242119629814,0.0917576861320406,0.1507378422785449,0.9261728925728814,0.5342164750128224,0.5342579384780439,0.08071559569579716,623
dst_dempster_fire_specificity_silence_sensitivity_tau_0_8,CWE-311,0.35377849074979084,0.47405927405927406,0.9600180358181977,0.9753198877636295,0.039981964181802394,0.5259407259407258,0.40469613712017055,0.4434743066409913,0.3777573777152964,0.9385574081482029,0.7170386549387359,0.7178130210671063,0.24891692434584814,386
dst_dempster_fire_specificity_silence_sensitivity_tau_0_8,CWE-327,0.6979589058599708,0.7514285714285714,0.9862756188301718,0.9895918801500564,0.013724381169828086,0.24857142857142858,0.723064685454703,0.739648878941486,0.7118972604293341,0.976867930850146,0.8688520951293717,0.8708975367998516,0.6538183028416462,350
dst_dempster_fire_specificity_silence_sensitivity_tau_0_8,CWE-330,0.9168755823866453,0.876,0.9976399602875174,0.9963577386493803,0.0023600397124825074,0.12400000000000003,0.8950367131841558,0.8833108265264682,0.8927759599982098,0.9941624912370909,0.9368199801437587,0.937809678675344,0.8715015239074857,250
dst_dempster_fire_specificity_silence_sensitivity_tau_0_8,CWE-345,0.4741702741702742,0.06037735849056604,0.995724269600981,0.9425654359712137,0.004275730399018984,0.939622641509434,0.10566341220225714,0.07284517509198976,0.15036150648048158,0.9389876336208502,0.5280508140457736,0.528008707932892,0.07561501636090565,530
dst_dempster_fire_specificity_silence_sensitivity_tau_0_8,CWE-400,0.25,0.00392156862745098,0.9995291805222895,0.9712555659375826,0.0004708194777105155,0.996078431372549,0.038461538461538464,0.024390243902439025,0.03098436854490162,0.9708147561532314,0.5017253745748702,0.5017253745748702,0.02510224081803499,252
dst_dempster_fire_specificity_silence_sensitivity_tau_0_8,CWE-501,0.6296399694889396,0.7555555555555555,0.9953812098125555,0.9974542343909855,0.004618790187444582,0.24444444444444446,0.6852590661349655,0.725261781430987,0.6854322746753484,0.9929134510534012,0.8754683826840555,0.8757047240355735,0.5534851836987167,90
dst_dempster_fire_specificity_silence_sensitivity_tau_0_8,CWE-610,0.6001267748478701,0.3445842068483578,0.9926925179862625,0.9796196121357011,0.007307482013737418,0.6554157931516421,0.43749567444221277,0.3765392199701103,0.44203737896638573,0.9728946561722035,0.6686383624173102,0.6686148232533623,0.26848922185936014,267
dst_dempster_fire_specificity_silence_sensitivity_tau_0_8,CWE-662,0.5,0.010526315789473684,0.9998851234922459,0.9893538809772704,0.00011487650775416428,0.9894736842105264,0.1,0.06493506493506494,0.11287503819915358,0.9892426309627702,0.5052057196408597,0.5052057196408597,0.019379385697905756,94
dst_dempster_fire_specificity_silence_sensitivity_tau_0_8,CWE-668,0.030105122150576695,0.016417600664176007,0.9236663112227322,0.8673711337871748,0.07633368877726779,0.9835823993358239,0.026550572947339004,0.02257113504487595,-0.07836074767465842,0.8097572993928186,0.47004195594345416,0.47004195594345416,0.08068430145489774,1097
dst_dempster_fire_specificity_silence_sensitivity_tau_0_8,CWE-704,0.0,0.0,0.9994298091558365,0.9953052779579421,0.0005701908441634469,1.0,,,-0.00253333948793809,0.9947402574290308,0.49971490457791823,0.49971490457791823,0.005517971747314987,41
dst_dempster_fire_specificity_silence_sensitivity_tau_0_8,CWE-706,0.46110367194539226,0.4329378531073447,0.9821159226808851,0.9800129474576857,0.01788407731911501,0.5670621468926553,0.4452957891273007,0.4375135735427634,0.427311463201738,0.9633737253178636,0.7075268878941148,0.707448327474627,0.2691242727323537,298
dst_dempster_fire_specificity_silence_sensitivity_tau_0_8,CWE-74,0.5503298398948432,0.5711544595755121,0.908675347630305,0.9156421844933973,0.09132465236969496,0.42884554042448786,0.5601360777588462,0.5665936038667455,0.4727389806902137,0.853517255441498,0.7399149036029086,0.7454850038957177,0.4755993322568538,1427
dst_dempster_fire_specificity_silence_sensitivity_tau_0_8,CWE-913,0.3418888000544347,0.25367965367965367,0.9939771776788018,0.990763125278977,0.006022822321198163,0.7463203463203463,0.2895488721804511,0.2666396082460816,0.2861770044346604,0.9848968053727232,0.6238284156792278,0.6238264463030299,0.14216577071218792,107
dst_dempster_fire_specificity_silence_sensitivity_tau_0_8,CWE-923,,0.0,1.0,0.9621160785848722,0.0,1.0,,,,0.9621160785848722,0.5,0.5,0.02168795088321281,331
dst_dempster_fire_specificity_silence_sensitivity_tau_0_9,CWE-116,0.0,0.0,0.9975821717597577,0.9933459392883762,0.002417828240242175,1.0,,,-0.003985804340268795,0.9909601748681831,0.49879108587987886,0.49879108587987886,0.00424599741186992,58
dst_dempster_fire_specificity_silence_sensitivity_tau_0_9,CWE-190,0.4,0.02857142857142857,0.9993057919800382,0.9844149763710736,0.0006942080199618057,0.9714285714285715,0.12539184952978055,0.08622645790787382,0.10708915340566885,0.9837489728523463,0.5139386102757333,0.5139386102757333,0.029522180307498175,140
dst_dempster_fire_specificity_silence_sensitivity_tau_0_9,CWE-191,0.0,0.0,0.9994232759906481,0.9894663908216911,0.0005767240093519734,1.0,,,-0.003072021730271023,0.9889018485315088,0.49971163799532403,0.49971163799532403,0.011197421902539029,92
dst_dempster_fire_specificity_silence_sensitivity_tau_0_9,CWE-20,0.00832545315711907,0.038235294117647055,0.8160138684464977,0.9544492349397172,0.18398613155350238,0.9617647058823529,0.013671989262571727,0.022244657221560247,-0.07365507172527304,0.7857465447897988,0.4271245812820723,0.4271245812820723,0.025552827145975045,340
dst_dempster_fire_specificity_silence_sensitivity_tau_0_9,CWE-269,0.0,0.0,0.9825368182027129,0.9898689005604556,0.01746318179728708,1.0,,,-0.013287590590180018,0.972754579172841,0.49126840910135644,0.49126840910135644,0.006579792102533984,87
dst_dempster_fire_specificity_silence_sensitivity_tau_0_9,CWE-285,0.020634920634920634,0.006896551724137931,0.9883933640738569,0.9665400017835706,0.011606635926143097,0.993103448275862,0.02581612258494337,0.019881422924901186,-0.007740027310094062,0.9557040910474848,0.4976449578989974,0.49765221619576927,0.036285780713302886,291
dst_dempster_fire_specificity_silence_sensitivity_tau_0_9,CWE-287,0.40216821973798594,0.07705806451612904,0.9913748855095157,0.9332863387961596,0.008625114490484257,0.9229419354838709,0.1286242119629814,0.0917576861320406,0.1507378422785449,0.9261728925728814,0.5342164750128224,0.5342579384780439,0.08071559569579716,623
dst_dempster_fire_specificity_silence_sensitivity_tau_0_9,CWE-311,0.35377849074979084,0.47405927405927406,0.9600180358181977,0.9753198877636295,0.039981964181802394,0.5259407259407258,0.40469613712017055,0.4434743066409913,0.3777573777152964,0.9385574081482029,0.7170386549387359,0.7178130210671063,0.24891692434584814,386
dst_dempster_fire_specificity_silence_sensitivity_tau_0_9,CWE-327,0.6979589058599708,0.7514285714285714,0.9862756188301718,0.9895918801500564,0.013724381169828086,0.24857142857142858,0.723064685454703,0.739648878941486,0.7118972604293341,0.976867930850146,0.8688520951293717,0.8708975367998516,0.6538183028416462,350
dst_dempster_fire_specificity_silence_sensitivity_tau_0_9,CWE-330,0.9168755823866453,0.876,0.9976399602875174,0.9963577386493803,0.0023600397124825074,0.12400000000000003,0.8950367131841558,0.8833108265264682,0.8927759599982098,0.9941624912370909,0.9368199801437587,0.937809678675344,0.8715015239074857,250
dst_dempster_fire_specificity_silence_sensitivity_tau_0_9,CWE-345,0.4741702741702742,0.06037735849056604,0.995724269600981,0.9425654359712137,0.004275730399018984,0.939622641509434,0.10566341220225714,0.07284517509198976,0.15036150648048158,0.9389876336208502,0.5280508140457736,0.528008707932892,0.07561501636090565,530
dst_dempster_fire_specificity_silence_sensitivity_tau_0_9,CWE-400,0.25,0.00392156862745098,0.9995291805222895,0.9712555659375826,0.0004708194777105155,0.996078431372549,0.038461538461538464,0.024390243902439025,0.03098436854490162,0.9708147561532314,0.5017253745748702,0.5017253745748702,0.02510224081803499,252
dst_dempster_fire_specificity_silence_sensitivity_tau_0_9,CWE-501,0.6296399694889396,0.7555555555555555,0.9953812098125555,0.9974542343909855,0.004618790187444582,0.24444444444444446,0.6852590661349655,0.725261781430987,0.6854322746753484,0.9929134510534012,0.8754683826840555,0.8757047240355735,0.5534851836987167,90
dst_dempster_fire_specificity_silence_sensitivity_tau_0_9,CWE-610,0.6001267748478701,0.3445842068483578,0.9926925179862625,0.9796196121357011,0.007307482013737418,0.6554157931516421,0.43749567444221277,0.3765392199701103,0.44203737896638573,0.9728946561722035,0.6686383624173102,0.6686148232533623,0.26848922185936014,267
dst_dempster_fire_specificity_silence_sensitivity_tau_0_9,CWE-662,0.5,0.010526315789473684,0.9998851234922459,0.9893538809772704,0.00011487650775416428,0.9894736842105264,0.1,0.06493506493506494,0.11287503819915358,0.9892426309627702,0.5052057196408597,0.5052057196408597,0.019379385697905756,94
dst_dempster_fire_specificity_silence_sensitivity_tau_0_9,CWE-668,0.030105122150576695,0.016417600664176007,0.9236663112227322,0.8673711337871748,0.07633368877726779,0.9835823993358239,0.026550572947339004,0.02257113504487595,-0.07836074767465842,0.8097572993928186,0.47004195594345416,0.47004195594345416,0.08068430145489774,1097
dst_dempster_fire_specificity_silence_sensitivity_tau_0_9,CWE-704,0.0,0.0,0.9994298091558365,0.9953052779579421,0.0005701908441634469,1.0,,,-0.00253333948793809,0.9947402574290308,0.49971490457791823,0.49971490457791823,0.005517971747314987,41
dst_dempster_fire_specificity_silence_sensitivity_tau_0_9,CWE-706,0.46110367194539226,0.4329378531073447,0.9821159226808851,0.9800129474576857,0.01788407731911501,0.5670621468926553,0.4452957891273007,0.4375135735427634,0.427311463201738,0.9633737253178636,0.7075268878941148,0.707448327474627,0.2691242727323537,298
dst_dempster_fire_specificity_silence_sensitivity_tau_0_9,CWE-74,0.6506045955085181,0.4351760520181573,0.9538211093562632,0.8963896595458148,0.046178890643736835,0.5648239479818427,0.5208139664439548,0.4657160371911705,0.4610357651989137,0.869107588509052,0.6944985806872103,0.7454850038957177,0.4755993322568538,1427
dst_dempster_fire_specificity_silence_sensitivity_tau_0_9,CWE-913,0.3418888000544347,0.25367965367965367,0.9939771776788018,0.990763125278977,0.006022822321198163,0.7463203463203463,0.2895488721804511,0.2666396082460816,0.2861770044346604,0.9848968053727232,0.6238284156792278,0.6238264463030299,0.14216577071218792,107
dst_dempster_fire_specificity_silence_sensitivity_tau_0_9,CWE-923,,0.0,1.0,0.9621160785848722,0.0,1.0,,,,0.9621160785848722,0.5,0.5,0.02168795088321281,331
dst_pcr6_fire_specificity_silence_sensitivity_tau_0_1,CWE-116,0.006638061975801049,1.0,0.0,,1.0,0.0,0.013188418502749632,0.032330328807305055,,0.006638061975801049,0.5,0.49879108587987886,0.00424599741186992,58
dst_pcr6_fire_specificity_silence_sensitivity_tau_0_1,CWE-190,0.016022949627544206,1.0,0.0,,1.0,0.0,0.03154049709024045,0.07528906002388339,,0.016022949627544206,0.5,0.5139386102757333,0.029522180307498175,140
dst_pcr6_fire_specificity_silence_sensitivity_tau_0_1,CWE-191,0.010527546976238419,1.0,0.0,,1.0,0.0,0.020835654291612292,0.05050989505847987,,0.010527546976238419,0.5,0.49971163799532403,0.011197421902539029,92
dst_pcr6_fire_specificity_silence_sensitivity_tau_0_1,CWE-20,0.038912877666893074,1.0,0.0,,1.0,0.0,0.07491059713018633,0.16835785040299608,,0.038912877666893074,0.5,0.4271245812820723,0.025552827145975045,340
dst_pcr6_fire_specificity_silence_sensitivity_tau_0_1,CWE-269,0.009956011031501184,1.0,0.0,,1.0,0.0,0.019715611289017977,0.047872431247636474,,0.009956011031501184,0.5,0.49126840910135644,0.006579792102533984,87
dst_pcr6_fire_specificity_silence_sensitivity_tau_0_1,CWE-285,0.033305935807258054,1.0,0.0,,1.0,0.0,0.06446445969072874,0.14694950287947486,,0.033305935807258054,0.5,0.49765221619576927,0.036285780713302886,291
dst_pcr6_fire_specificity_silence_sensitivity_tau_0_1,CWE-287,0.07130394576443377,1.0,0.0,,1.0,0.0,0.13311512833599382,0.2773945715517224,,0.07130394576443377,0.5,0.5342256676685038,0.07694924157958037,623
dst_pcr6_fire_specificity_silence_sensitivity_tau_0_1,CWE-311,0.04417726672688812,1.0,0.0,,1.0,0.0,0.0846161572636939,0.1877135541082559,,0.04417726672688812,0.5,0.7190260766099712,0.2592462944493387,386
dst_pcr6_fire_specificity_silence_sensitivity_tau_0_1,CWE-327,0.6979589058599708,0.7514285714285714,0.9862756188301718,0.9895918801500564,0.013724381169828086,0.24857142857142858,0.723064685454703,0.739648878941486,0.7118972604293341,0.976867930850146,0.8688520951293717,0.871091767664287,0.6681001669774289,350
dst_pcr6_fire_specificity_silence_sensitivity_tau_0_1,CWE-330,0.9168755823866453,0.876,0.9976399602875174,0.9963577386493803,0.0023600397124825074,0.12400000000000003,0.8950367131841558,0.8833108265264682,0.8927759599982098,0.9941624912370909,0.9368199801437587,0.9378596489311442,0.884901518389893,250
dst_pcr6_fire_specificity_silence_sensitivity_tau_0_1,CWE-345,0.060658309304274495,1.0,0.0,,1.0,0.0,0.11437822925614856,0.24406931076513846,,0.060658309304274495,0.5,0.528092920158655,0.08846521678324812,530
dst_pcr6_fire_specificity_silence_sensitivity_tau_0_1,CWE-400,0.028843423640496822,1.0,0.0,,1.0,0.0,0.056069144856070494,0.12929574005808936,,0.028843423640496822,0.5,0.5017253745748702,0.02510224081803499,252
dst_pcr6_fire_specificity_silence_sensitivity_tau_0_1,CWE-501,0.48171969219257926,0.788888888888889,0.79596498097426,0.9972561331406897,0.20403501902573998,0.2111111111111111,0.5314809673717624,0.5722016642350092,0.6597251824660919,0.7959174949586584,0.7924269349315745,0.8757047240355735,0.5534851836987167,90
dst_pcr6_fire_specificity_silence_sensitivity_tau_0_1,CWE-610,0.030556752898173868,1.0,0.0,,1.0,0.0,0.05930134466399937,0.1361425810349464,,0.030556752898173868,0.5,0.6688064406900073,0.28012194505552596,267
dst_pcr6_fire_specificity_silence_sensitivity_tau_0_1,CWE-662,0.010757175668488517,1.0,0.0,,1.0,0.0,0.021285309707727046,0.051566369597711804,,0.010757175668488517,0.5,0.5052057196408597,0.019379385697905756,94
dst_pcr6_fire_specificity_silence_sensitivity_tau_0_1,CWE-668,0.1255533696067458,1.0,0.0,,1.0,0.0,0.22309404619061807,0.41788528863955376,,0.1255533696067458,0.5,0.47004195594345416,0.08068430145489774,1097
dst_pcr6_fire_specificity_silence_sensitivity_tau_0_1,CWE-704,0.0046921408590113265,1.0,0.0,,1.0,0.0,0.009340354999994813,0.023027534461893255,,0.0046921408590113265,0.5,0.49971490457791823,0.005517971747314987,41
dst_pcr6_fire_specificity_silence_sensitivity_tau_0_1,CWE-706,0.03410781270049187,1.0,0.0,,1.0,0.0,0.06596518601292699,0.15006172133613097,,0.03410781270049187,0.5,0.7080189707477873,0.28976964790814047,298
dst_pcr6_fire_specificity_silence_sensitivity_tau_0_1,CWE-74,0.16332175087167142,1.0,0.0,,1.0,0.0,0.2807821274154546,0.4939198149929423,,0.16332175087167142,0.5,0.7454850038957177,0.4755993322568538,1427
dst_pcr6_fire_specificity_silence_sensitivity_tau_0_1,CWE-913,0.012245003835436072,1.0,0.0,,1.0,0.0,0.02419363899275264,0.058365197076537575,,0.012245003835436072,0.5,0.6238303850554257,0.13615130135165285,107
dst_pcr6_fire_specificity_silence_sensitivity_tau_0_1,CWE-923,0.0379958546900669,0.8,0.2,0.9625638116846285,0.8,0.2,0.073209643826465,0.16491210191748476,,0.2229094460889792,0.5,0.5,0.02168795088321281,331
dst_pcr6_fire_specificity_silence_sensitivity_tau_0_2,CWE-116,0.006638061975801049,1.0,0.0,,1.0,0.0,0.013188418502749632,0.032330328807305055,,0.006638061975801049,0.5,0.49879108587987886,0.00424599741186992,58
dst_pcr6_fire_specificity_silence_sensitivity_tau_0_2,CWE-190,0.016022949627544206,1.0,0.0,,1.0,0.0,0.03154049709024045,0.07528906002388339,,0.016022949627544206,0.5,0.5139386102757333,0.029522180307498175,140
dst_pcr6_fire_specificity_silence_sensitivity_tau_0_2,CWE-191,0.010527546976238419,1.0,0.0,,1.0,0.0,0.020835654291612292,0.05050989505847987,,0.010527546976238419,0.5,0.49971163799532403,0.011197421902539029,92
dst_pcr6_fire_specificity_silence_sensitivity_tau_0_2,CWE-20,0.038912877666893074,1.0,0.0,,1.0,0.0,0.07491059713018633,0.16835785040299608,,0.038912877666893074,0.5,0.4271245812820723,0.025552827145975045,340
dst_pcr6_fire_specificity_silence_sensitivity_tau_0_2,CWE-269,0.009956011031501184,1.0,0.0,,1.0,0.0,0.019715611289017977,0.047872431247636474,,0.009956011031501184,0.5,0.49126840910135644,0.006579792102533984,87
dst_pcr6_fire_specificity_silence_sensitivity_tau_0_2,CWE-285,0.033305935807258054,1.0,0.0,,1.0,0.0,0.06446445969072874,0.14694950287947486,,0.033305935807258054,0.5,0.49765221619576927,0.036285780713302886,291
dst_pcr6_fire_specificity_silence_sensitivity_tau_0_2,CWE-287,0.07130394576443377,1.0,0.0,,1.0,0.0,0.13311512833599382,0.2773945715517224,,0.07130394576443377,0.5,0.5342256676685038,0.07694924157958037,623
dst_pcr6_fire_specificity_silence_sensitivity_tau_0_2,CWE-311,0.04417726672688812,1.0,0.0,,1.0,0.0,0.0846161572636939,0.1877135541082559,,0.04417726672688812,0.5,0.7190260766099712,0.2592462944493387,386
dst_pcr6_fire_specificity_silence_sensitivity_tau_0_2,CWE-327,0.6979589058599708,0.7514285714285714,0.9862756188301718,0.9895918801500564,0.013724381169828086,0.24857142857142858,0.723064685454703,0.739648878941486,0.7118972604293341,0.976867930850146,0.8688520951293717,0.871091767664287,0.6681001669774289,350
dst_pcr6_fire_specificity_silence_sensitivity_tau_0_2,CWE-330,0.9168755823866453,0.876,0.9976399602875174,0.9963577386493803,0.0023600397124825074,0.12400000000000003,0.8950367131841558,0.8833108265264682,0.8927759599982098,0.9941624912370909,0.9368199801437587,0.9378596489311442,0.884901518389893,250
dst_pcr6_fire_specificity_silence_sensitivity_tau_0_2,CWE-345,0.060658309304274495,1.0,0.0,,1.0,0.0,0.11437822925614856,0.24406931076513846,,0.060658309304274495,0.5,0.528092920158655,0.08846521678324812,530
dst_pcr6_fire_specificity_silence_sensitivity_tau_0_2,CWE-400,0.028843423640496822,1.0,0.0,,1.0,0.0,0.056069144856070494,0.12929574005808936,,0.028843423640496822,0.5,0.5017253745748702,0.02510224081803499,252
dst_pcr6_fire_specificity_silence_sensitivity_tau_0_2,CWE-501,0.6296399694889396,0.7555555555555555,0.9953812098125555,0.9974542343909855,0.004618790187444582,0.24444444444444446,0.6852590661349655,0.725261781430987,0.6854322746753484,0.9929134510534012,0.8754683826840555,0.8757047240355735,0.5534851836987167,90
dst_pcr6_fire_specificity_silence_sensitivity_tau_0_2,CWE-610,0.030556752898173868,1.0,0.0,,1.0,0.0,0.05930134466399937,0.1361425810349464,,0.030556752898173868,0.5,0.6688064406900073,0.28012194505552596,267
dst_pcr6_fire_specificity_silence_sensitivity_tau_0_2,CWE-662,0.010757175668488517,1.0,0.0,,1.0,0.0,0.021285309707727046,0.051566369597711804,,0.010757175668488517,0.5,0.5052057196408597,0.019379385697905756,94
dst_pcr6_fire_specificity_silence_sensitivity_tau_0_2,CWE-668,0.1255533696067458,1.0,0.0,,1.0,0.0,0.22309404619061807,0.41788528863955376,,0.1255533696067458,0.5,0.47004195594345416,0.08068430145489774,1097
dst_pcr6_fire_specificity_silence_sensitivity_tau_0_2,CWE-704,0.0046921408590113265,1.0,0.0,,1.0,0.0,0.009340354999994813,0.023027534461893255,,0.0046921408590113265,0.5,0.49971490457791823,0.005517971747314987,41
dst_pcr6_fire_specificity_silence_sensitivity_tau_0_2,CWE-706,0.03410781270049187,1.0,0.0,,1.0,0.0,0.06596518601292699,0.15006172133613097,,0.03410781270049187,0.5,0.7080189707477873,0.28976964790814047,298
dst_pcr6_fire_specificity_silence_sensitivity_tau_0_2,CWE-74,0.3874410757366056,0.6152840142313826,0.8100374899684712,0.9151666357409696,0.18996251003152878,0.3847159857686173,0.4753503760540133,0.5504066769740495,0.35873317112616887,0.7782143707924064,0.712660752099927,0.7454850038957177,0.4755993322568538,1427
dst_pcr6_fire_specificity_silence_sensitivity_tau_0_2,CWE-913,0.012245003835436072,1.0,0.0,,1.0,0.0,0.02419363899275264,0.058365197076537575,,0.012245003835436072,0.5,0.6238303850554257,0.13615130135165285,107
dst_pcr6_fire_specificity_silence_sensitivity_tau_0_2,CWE-923,0.0379958546900669,0.8,0.2,0.9625638116846285,0.8,0.2,0.073209643826465,0.16491210191748476,,0.2229094460889792,0.5,0.5,0.02168795088321281,331
dst_pcr6_fire_specificity_silence_sensitivity_tau_0_3,CWE-116,0.006638061975801049,1.0,0.0,,1.0,0.0,0.013188418502749632,0.032330328807305055,,0.006638061975801049,0.5,0.49879108587987886,0.00424599741186992,58
dst_pcr6_fire_specificity_silence_sensitivity_tau_0_3,CWE-190,0.016022949627544206,1.0,0.0,,1.0,0.0,0.03154049709024045,0.07528906002388339,,0.016022949627544206,0.5,0.5139386102757333,0.029522180307498175,140
dst_pcr6_fire_specificity_silence_sensitivity_tau_0_3,CWE-191,0.010527546976238419,1.0,0.0,,1.0,0.0,0.020835654291612292,0.05050989505847987,,0.010527546976238419,0.5,0.49971163799532403,0.011197421902539029,92
dst_pcr6_fire_specificity_silence_sensitivity_tau_0_3,CWE-20,0.038912877666893074,1.0,0.0,,1.0,0.0,0.07491059713018633,0.16835785040299608,,0.038912877666893074,0.5,0.4271245812820723,0.025552827145975045,340
dst_pcr6_fire_specificity_silence_sensitivity_tau_0_3,CWE-269,0.009956011031501184,1.0,0.0,,1.0,0.0,0.019715611289017977,0.047872431247636474,,0.009956011031501184,0.5,0.49126840910135644,0.006579792102533984,87
dst_pcr6_fire_specificity_silence_sensitivity_tau_0_3,CWE-285,0.033305935807258054,1.0,0.0,,1.0,0.0,0.06446445969072874,0.14694950287947486,,0.033305935807258054,0.5,0.49765221619576927,0.036285780713302886,291
dst_pcr6_fire_specificity_silence_sensitivity_tau_0_3,CWE-287,0.07130394576443377,1.0,0.0,,1.0,0.0,0.13311512833599382,0.2773945715517224,,0.07130394576443377,0.5,0.5342256676685038,0.07694924157958037,623
dst_pcr6_fire_specificity_silence_sensitivity_tau_0_3,CWE-311,0.35377849074979084,0.47405927405927406,0.9600180358181977,0.9753198877636295,0.039981964181802394,0.5259407259407258,0.40469613712017055,0.4434743066409913,0.3777573777152964,0.9385574081482029,0.7170386549387359,0.7190260766099712,0.2592462944493387,386
dst_pcr6_fire_specificity_silence_sensitivity_tau_0_3,CWE-327,0.6979589058599708,0.7514285714285714,0.9862756188301718,0.9895918801500564,0.013724381169828086,0.24857142857142858,0.723064685454703,0.739648878941486,0.7118972604293341,0.976867930850146,0.8688520951293717,0.871091767664287,0.6681001669774289,350
dst_pcr6_fire_specificity_silence_sensitivity_tau_0_3,CWE-330,0.9168755823866453,0.876,0.9976399602875174,0.9963577386493803,0.0023600397124825074,0.12400000000000003,0.8950367131841558,0.8833108265264682,0.8927759599982098,0.9941624912370909,0.9368199801437587,0.9378596489311442,0.884901518389893,250
dst_pcr6_fire_specificity_silence_sensitivity_tau_0_3,CWE-345,0.060658309304274495,1.0,0.0,,1.0,0.0,0.11437822925614856,0.24406931076513846,,0.060658309304274495,0.5,0.528092920158655,0.08846521678324812,530
dst_pcr6_fire_specificity_silence_sensitivity_tau_0_3,CWE-400,0.028843423640496822,1.0,0.0,,1.0,0.0,0.056069144856070494,0.12929574005808936,,0.028843423640496822,0.5,0.5017253745748702,0.02510224081803499,252
dst_pcr6_fire_specificity_silence_sensitivity_tau_0_3,CWE-501,0.6296399694889396,0.7555555555555555,0.9953812098125555,0.9974542343909855,0.004618790187444582,0.24444444444444446,0.6852590661349655,0.725261781430987,0.6854322746753484,0.9929134510534012,0.8754683826840555,0.8757047240355735,0.5534851836987167,90
dst_pcr6_fire_specificity_silence_sensitivity_tau_0_3,CWE-610,0.030556752898173868,1.0,0.0,,1.0,0.0,0.05930134466399937,0.1361425810349464,,0.030556752898173868,0.5,0.6688064406900073,0.28012194505552596,267
dst_pcr6_fire_specificity_silence_sensitivity_tau_0_3,CWE-662,0.010757175668488517,1.0,0.0,,1.0,0.0,0.021285309707727046,0.051566369597711804,,0.010757175668488517,0.5,0.5052057196408597,0.019379385697905756,94
dst_pcr6_fire_specificity_silence_sensitivity_tau_0_3,CWE-668,0.1255533696067458,1.0,0.0,,1.0,0.0,0.22309404619061807,0.41788528863955376,,0.1255533696067458,0.5,0.47004195594345416,0.08068430145489774,1097
dst_pcr6_fire_specificity_silence_sensitivity_tau_0_3,CWE-704,0.0046921408590113265,1.0,0.0,,1.0,0.0,0.009340354999994813,0.023027534461893255,,0.0046921408590113265,0.5,0.49971490457791823,0.005517971747314987,41
dst_pcr6_fire_specificity_silence_sensitivity_tau_0_3,CWE-706,0.46110367194539226,0.4329378531073447,0.9821159226808851,0.9800129474576857,0.01788407731911501,0.5670621468926553,0.4452957891273007,0.4375135735427634,0.427311463201738,0.9633737253178636,0.7075268878941148,0.7080189707477873,0.28976964790814047,298
dst_pcr6_fire_specificity_silence_sensitivity_tau_0_3,CWE-74,0.3874410757366056,0.6152840142313826,0.8100374899684712,0.9151666357409696,0.18996251003152878,0.3847159857686173,0.4753503760540133,0.5504066769740495,0.35873317112616887,0.7782143707924064,0.712660752099927,0.7454850038957177,0.4755993322568538,1427
dst_pcr6_fire_specificity_silence_sensitivity_tau_0_3,CWE-913,0.012245003835436072,1.0,0.0,,1.0,0.0,0.02419363899275264,0.058365197076537575,,0.012245003835436072,0.5,0.6238303850554257,0.13615130135165285,107
dst_pcr6_fire_specificity_silence_sensitivity_tau_0_3,CWE-923,0.0379958546900669,0.8,0.2,0.9625638116846285,0.8,0.2,0.073209643826465,0.16491210191748476,,0.2229094460889792,0.5,0.5,0.02168795088321281,331
dst_pcr6_fire_specificity_silence_sensitivity_tau_0_4,CWE-116,0.006638061975801049,1.0,0.0,,1.0,0.0,0.013188418502749632,0.032330328807305055,,0.006638061975801049,0.5,0.49879108587987886,0.00424599741186992,58
dst_pcr6_fire_specificity_silence_sensitivity_tau_0_4,CWE-190,0.016022949627544206,1.0,0.0,,1.0,0.0,0.03154049709024045,0.07528906002388339,,0.016022949627544206,0.5,0.5139386102757333,0.029522180307498175,140
dst_pcr6_fire_specificity_silence_sensitivity_tau_0_4,CWE-191,0.010527546976238419,1.0,0.0,,1.0,0.0,0.020835654291612292,0.05050989505847987,,0.010527546976238419,0.5,0.49971163799532403,0.011197421902539029,92
dst_pcr6_fire_specificity_silence_sensitivity_tau_0_4,CWE-20,0.038912877666893074,1.0,0.0,,1.0,0.0,0.07491059713018633,0.16835785040299608,,0.038912877666893074,0.5,0.4271245812820723,0.025552827145975045,340
dst_pcr6_fire_specificity_silence_sensitivity_tau_0_4,CWE-269,0.009956011031501184,1.0,0.0,,1.0,0.0,0.019715611289017977,0.047872431247636474,,0.009956011031501184,0.5,0.49126840910135644,0.006579792102533984,87
dst_pcr6_fire_specificity_silence_sensitivity_tau_0_4,CWE-285,0.033305935807258054,1.0,0.0,,1.0,0.0,0.06446445969072874,0.14694950287947486,,0.033305935807258054,0.5,0.49765221619576927,0.036285780713302886,291
dst_pcr6_fire_specificity_silence_sensitivity_tau_0_4,CWE-287,0.07130394576443377,1.0,0.0,,1.0,0.0,0.13311512833599382,0.2773945715517224,,0.07130394576443377,0.5,0.5342256676685038,0.07694924157958037,623
dst_pcr6_fire_specificity_silence_sensitivity_tau_0_4,CWE-311,0.35377849074979084,0.47405927405927406,0.9600180358181977,0.9753198877636295,0.039981964181802394,0.5259407259407258,0.40469613712017055,0.4434743066409913,0.3777573777152964,0.9385574081482029,0.7170386549387359,0.7190260766099712,0.2592462944493387,386
dst_pcr6_fire_specificity_silence_sensitivity_tau_0_4,CWE-327,0.6979589058599708,0.7514285714285714,0.9862756188301718,0.9895918801500564,0.013724381169828086,0.24857142857142858,0.723064685454703,0.739648878941486,0.7118972604293341,0.976867930850146,0.8688520951293717,0.871091767664287,0.6681001669774289,350
dst_pcr6_fire_specificity_silence_sensitivity_tau_0_4,CWE-330,0.9168755823866453,0.876,0.9976399602875174,0.9963577386493803,0.0023600397124825074,0.12400000000000003,0.8950367131841558,0.8833108265264682,0.8927759599982098,0.9941624912370909,0.9368199801437587,0.9378596489311442,0.884901518389893,250
dst_pcr6_fire_specificity_silence_sensitivity_tau_0_4,CWE-345,0.060658309304274495,1.0,0.0,,1.0,0.0,0.11437822925614856,0.24406931076513846,,0.060658309304274495,0.5,0.528092920158655,0.08846521678324812,530
dst_pcr6_fire_specificity_silence_sensitivity_tau_0_4,CWE-400,0.028843423640496822,1.0,0.0,,1.0,0.0,0.056069144856070494,0.12929574005808936,,0.028843423640496822,0.5,0.5017253745748702,0.02510224081803499,252
dst_pcr6_fire_specificity_silence_sensitivity_tau_0_4,CWE-501,0.6296399694889396,0.7555555555555555,0.9953812098125555,0.9974542343909855,0.004618790187444582,0.24444444444444446,0.6852590661349655,0.725261781430987,0.6854322746753484,0.9929134510534012,0.8754683826840555,0.8757047240355735,0.5534851836987167,90
dst_pcr6_fire_specificity_silence_sensitivity_tau_0_4,CWE-610,0.6001267748478701,0.3445842068483578,0.9926925179862625,0.9796196121357011,0.007307482013737418,0.6554157931516421,0.43749567444221277,0.3765392199701103,0.44203737896638573,0.9728946561722035,0.6686383624173102,0.6688064406900073,0.28012194505552596,267
dst_pcr6_fire_specificity_silence_sensitivity_tau_0_4,CWE-662,0.010757175668488517,1.0,0.0,,1.0,0.0,0.021285309707727046,0.051566369597711804,,0.010757175668488517,0.5,0.5052057196408597,0.019379385697905756,94
dst_pcr6_fire_specificity_silence_sensitivity_tau_0_4,CWE-668,0.1255533696067458,1.0,0.0,,1.0,0.0,0.22309404619061807,0.41788528863955376,,0.1255533696067458,0.5,0.47004195594345416,0.08068430145489774,1097
dst_pcr6_fire_specificity_silence_sensitivity_tau_0_4,CWE-704,0.0046921408590113265,1.0,0.0,,1.0,0.0,0.009340354999994813,0.023027534461893255,,0.0046921408590113265,0.5,0.49971490457791823,0.005517971747314987,41
dst_pcr6_fire_specificity_silence_sensitivity_tau_0_4,CWE-706,0.46110367194539226,0.4329378531073447,0.9821159226808851,0.9800129474576857,0.01788407731911501,0.5670621468926553,0.4452957891273007,0.4375135735427634,0.427311463201738,0.9633737253178636,0.7075268878941148,0.7080189707477873,0.28976964790814047,298
dst_pcr6_fire_specificity_silence_sensitivity_tau_0_4,CWE-74,0.3874410757366056,0.6152840142313826,0.8100374899684712,0.9151666357409696,0.18996251003152878,0.3847159857686173,0.4753503760540133,0.5504066769740495,0.35873317112616887,0.7782143707924064,0.712660752099927,0.7454850038957177,0.4755993322568538,1427
dst_pcr6_fire_specificity_silence_sensitivity_tau_0_4,CWE-913,0.3418888000544347,0.25367965367965367,0.9939771776788018,0.990763125278977,0.006022822321198163,0.7463203463203463,0.2895488721804511,0.2666396082460816,0.2861770044346604,0.9848968053727232,0.6238284156792278,0.6238303850554257,0.13615130135165285,107
dst_pcr6_fire_specificity_silence_sensitivity_tau_0_4,CWE-923,0.0379958546900669,0.8,0.2,0.9625638116846285,0.8,0.2,0.073209643826465,0.16491210191748476,,0.2229094460889792,0.5,0.5,0.02168795088321281,331
dst_pcr6_fire_specificity_silence_sensitivity_tau_0_5,CWE-116,0.006638061975801049,1.0,0.0,,1.0,0.0,0.013188418502749632,0.032330328807305055,,0.006638061975801049,0.5,0.49879108587987886,0.00424599741186992,58
dst_pcr6_fire_specificity_silence_sensitivity_tau_0_5,CWE-190,0.4,0.02857142857142857,0.9993057919800382,0.9844149763710736,0.0006942080199618057,0.9714285714285715,0.12539184952978055,0.08622645790787382,0.10708915340566885,0.9837489728523463,0.5139386102757333,0.5139386102757333,0.029522180307498175,140
dst_pcr6_fire_specificity_silence_sensitivity_tau_0_5,CWE-191,0.010527546976238419,1.0,0.0,,1.0,0.0,0.020835654291612292,0.05050989505847987,,0.010527546976238419,0.5,0.49971163799532403,0.011197421902539029,92
dst_pcr6_fire_specificity_silence_sensitivity_tau_0_5,CWE-20,0.00832545315711907,0.038235294117647055,0.8160138684464977,0.9544492349397172,0.18398613155350238,0.9617647058823529,0.013671989262571727,0.022244657221560247,-0.07365507172527304,0.7857465447897988,0.4271245812820723,0.4271245812820723,0.025552827145975045,340
dst_pcr6_fire_specificity_silence_sensitivity_tau_0_5,CWE-269,0.009956011031501184,1.0,0.0,,1.0,0.0,0.019715611289017977,0.047872431247636474,,0.009956011031501184,0.5,0.49126840910135644,0.006579792102533984,87
dst_pcr6_fire_specificity_silence_sensitivity_tau_0_5,CWE-285,0.020634920634920634,0.006896551724137931,0.9883933640738569,0.9665400017835706,0.011606635926143097,0.993103448275862,0.02581612258494337,0.019881422924901186,-0.007740027310094062,0.9557040910474848,0.4976449578989974,0.49765221619576927,0.036285780713302886,291
dst_pcr6_fire_specificity_silence_sensitivity_tau_0_5,CWE-287,0.40216821973798594,0.07705806451612904,0.9913748855095157,0.9332863387961596,0.008625114490484257,0.9229419354838709,0.1286242119629814,0.0917576861320406,0.1507378422785449,0.9261728925728814,0.5342164750128224,0.5342256676685038,0.07694924157958037,623
dst_pcr6_fire_specificity_silence_sensitivity_tau_0_5,CWE-311,0.35377849074979084,0.47405927405927406,0.9600180358181977,0.9753198877636295,0.039981964181802394,0.5259407259407258,0.40469613712017055,0.4434743066409913,0.3777573777152964,0.9385574081482029,0.7170386549387359,0.7190260766099712,0.2592462944493387,386
dst_pcr6_fire_specificity_silence_sensitivity_tau_0_5,CWE-327,0.6979589058599708,0.7514285714285714,0.9862756188301718,0.9895918801500564,0.013724381169828086,0.24857142857142858,0.723064685454703,0.739648878941486,0.7118972604293341,0.976867930850146,0.8688520951293717,0.871091767664287,0.6681001669774289,350
dst_pcr6_fire_specificity_silence_sensitivity_tau_0_5,CWE-330,0.9168755823866453,0.876,0.9976399602875174,0.9963577386493803,0.0023600397124825074,0.12400000000000003,0.8950367131841558,0.8833108265264682,0.8927759599982098,0.9941624912370909,0.9368199801437587,0.9378596489311442,0.884901518389893,250
dst_pcr6_fire_specificity_silence_sensitivity_tau_0_5,CWE-345,0.4741702741702742,0.06037735849056604,0.995724269600981,0.9425654359712137,0.004275730399018984,0.939622641509434,0.10566341220225714,0.07284517509198976,0.15036150648048158,0.9389876336208502,0.5280508140457736,0.528092920158655,0.08846521678324812,530
dst_pcr6_fire_specificity_silence_sensitivity_tau_0_5,CWE-400,0.007361431870669746,0.2,0.7995291805222895,0.9712907168096153,0.20047081947771056,0.8,0.05720695457094785,0.13171487603305784,-0.0046844527709365156,0.7824775737051943,0.4997645902611447,0.5017253745748702,0.02510224081803499,252
dst_pcr6_fire_specificity_silence_sensitivity_tau_0_5,CWE-501,0.6296399694889396,0.7555555555555555,0.9953812098125555,0.9974542343909855,0.004618790187444582,0.24444444444444446,0.6852590661349655,0.725261781430987,0.6854322746753484,0.9929134510534012,0.8754683826840555,0.8757047240355735,0.5534851836987167,90
dst_pcr6_fire_specificity_silence_sensitivity_tau_0_5,CWE-610,0.6001267748478701,0.3445842068483578,0.9926925179862625,0.9796196121357011,0.007307482013737418,0.6554157931516421,0.43749567444221277,0.3765392199701103,0.44203737896638573,0.9728946561722035,0.6686383624173102,0.6688064406900073,0.28012194505552596,267
dst_pcr6_fire_specificity_silence_sensitivity_tau_0_5,CWE-662,0.005388542257515599,0.2,0.7998851234922458,0.9892462672261282,0.20011487650775414,0.8,0.02132435465768799,0.05165851005981512,-0.002490832336513584,0.7934400217738876,0.49994256174612295,0.5052057196408597,0.019379385697905756,94
dst_pcr6_fire_specificity_silence_sensitivity_tau_0_5,CWE-668,0.030105122150576695,0.016417600664176007,0.9236663112227322,0.8673711337871748,0.07633368877726779,0.9835823993358239,0.026550572947339004,0.02257113504487595,-0.07836074767465842,0.8097572993928186,0.47004195594345416,0.47004195594345416,0.08068430145489774,1097
dst_pcr6_fire_specificity_silence_sensitivity_tau_0_5,CWE-704,0.0046921408590113265,1.0,0.0,,1.0,0.0,0.009340354999994813,0.023027534461893255,,0.0046921408590113265,0.5,0.49971490457791823,0.005517971747314987,41
dst_pcr6_fire_specificity_silence_sensitivity_tau_0_5,CWE-706,0.46110367194539226,0.4329378531073447,0.9821159226808851,0.9800129474576857,0.01788407731911501,0.5670621468926553,0.4452957891273007,0.4375135735427634,0.427311463201738,0.9633737253178636,0.7075268878941148,0.7080189707477873,0.28976964790814047,298
dst_pcr6_fire_specificity_silence_sensitivity_tau_0_5,CWE-74,0.3874410757366056,0.6152840142313826,0.8100374899684712,0.9151666357409696,0.18996251003152878,0.3847159857686173,0.4753503760540133,0.5504066769740495,0.35873317112616887,0.7782143707924064,0.712660752099927,0.7454850038957177,0.4755993322568538,1427
dst_pcr6_fire_specificity_silence_sensitivity_tau_0_5,CWE-913,0.3418888000544347,0.25367965367965367,0.9939771776788018,0.990763125278977,0.006022822321198163,0.7463203463203463,0.2895488721804511,0.2666396082460816,0.2861770044346604,0.9848968053727232,0.6238284156792278,0.6238303850554257,0.13615130135165285,107
dst_pcr6_fire_specificity_silence_sensitivity_tau_0_5,CWE-923,0.0379958546900669,0.8,0.2,0.9625638116846285,0.8,0.2,0.073209643826465,0.16491210191748476,,0.2229094460889792,0.5,0.5,0.02168795088321281,331
dst_pcr6_fire_specificity_silence_sensitivity_tau_0_6,CWE-116,0.0,0.0,0.9975821717597577,0.9933459392883762,0.002417828240242175,1.0,,,-0.003985804340268795,0.9909601748681831,0.49879108587987886,0.49879108587987886,0.00424599741186992,58
dst_pcr6_fire_specificity_silence_sensitivity_tau_0_6,CWE-190,0.4,0.02857142857142857,0.9993057919800382,0.9844149763710736,0.0006942080199618057,0.9714285714285715,0.12539184952978055,0.08622645790787382,0.10708915340566885,0.9837489728523463,0.5139386102757333,0.5139386102757333,0.029522180307498175,140
dst_pcr6_fire_specificity_silence_sensitivity_tau_0_6,CWE-191,0.0,0.0,0.9994232759906481,0.9894663908216911,0.0005767240093519734,1.0,,,-0.003072021730271023,0.9889018485315088,0.49971163799532403,0.49971163799532403,0.011197421902539029,92
dst_pcr6_fire_specificity_silence_sensitivity_tau_0_6,CWE-20,0.00832545315711907,0.038235294117647055,0.8160138684464977,0.9544492349397172,0.18398613155350238,0.9617647058823529,0.013671989262571727,0.022244657221560247,-0.07365507172527304,0.7857465447897988,0.4271245812820723,0.4271245812820723,0.025552827145975045,340
dst_pcr6_fire_specificity_silence_sensitivity_tau_0_6,CWE-269,0.0,0.0,0.9825368182027129,0.9898689005604556,0.01746318179728708,1.0,,,-0.013287590590180018,0.972754579172841,0.49126840910135644,0.49126840910135644,0.006579792102533984,87
dst_pcr6_fire_specificity_silence_sensitivity_tau_0_6,CWE-285,0.020634920634920634,0.006896551724137931,0.9883933640738569,0.9665400017835706,0.011606635926143097,0.993103448275862,0.02581612258494337,0.019881422924901186,-0.007740027310094062,0.9557040910474848,0.4976449578989974,0.49765221619576927,0.036285780713302886,291
dst_pcr6_fire_specificity_silence_sensitivity_tau_0_6,CWE-287,0.40216821973798594,0.07705806451612904,0.9913748855095157,0.9332863387961596,0.008625114490484257,0.9229419354838709,0.1286242119629814,0.0917576861320406,0.1507378422785449,0.9261728925728814,0.5342164750128224,0.5342256676685038,0.07694924157958037,623
dst_pcr6_fire_specificity_silence_sensitivity_tau_0_6,CWE-311,0.35377849074979084,0.47405927405927406,0.9600180358181977,0.9753198877636295,0.039981964181802394,0.5259407259407258,0.40469613712017055,0.4434743066409913,0.3777573777152964,0.9385574081482029,0.7170386549387359,0.7190260766099712,0.2592462944493387,386
dst_pcr6_fire_specificity_silence_sensitivity_tau_0_6,CWE-327,0.6979589058599708,0.7514285714285714,0.9862756188301718,0.9895918801500564,0.013724381169828086,0.24857142857142858,0.723064685454703,0.739648878941486,0.7118972604293341,0.976867930850146,0.8688520951293717,0.871091767664287,0.6681001669774289,350
dst_pcr6_fire_specificity_silence_sensitivity_tau_0_6,CWE-330,0.9843137254901961,0.8720000000000001,0.9995321637426902,0.9962471569332975,0.00046783625730994154,0.128,0.9231379905171444,0.8914179841198546,0.923670505259774,0.9958848137815522,0.935766081871345,0.9378596489311442,0.884901518389893,250
dst_pcr6_fire_specificity_silence_sensitivity_tau_0_6,CWE-345,0.4741702741702742,0.06037735849056604,0.995724269600981,0.9425654359712137,0.004275730399018984,0.939622641509434,0.10566341220225714,0.07284517509198976,0.15036150648048158,0.9389876336208502,0.5280508140457736,0.528092920158655,0.08846521678324812,530
dst_pcr6_fire_specificity_silence_sensitivity_tau_0_6,CWE-400,0.25,0.00392156862745098,0.9995291805222895,0.9712555659375826,0.0004708194777105155,0.996078431372549,0.038461538461538464,0.024390243902439025,0.03098436854490162,0.9708147561532314,0.5017253745748702,0.5017253745748702,0.02510224081803499,252
dst_pcr6_fire_specificity_silence_sensitivity_tau_0_6,CWE-501,0.6296399694889396,0.7555555555555555,0.9953812098125555,0.9974542343909855,0.004618790187444582,0.24444444444444446,0.6852590661349655,0.725261781430987,0.6854322746753484,0.9929134510534012,0.8754683826840555,0.8757047240355735,0.5534851836987167,90
dst_pcr6_fire_specificity_silence_sensitivity_tau_0_6,CWE-610,0.6001267748478701,0.3445842068483578,0.9926925179862625,0.9796196121357011,0.007307482013737418,0.6554157931516421,0.43749567444221277,0.3765392199701103,0.44203737896638573,0.9728946561722035,0.6686383624173102,0.6688064406900073,0.28012194505552596,267
dst_pcr6_fire_specificity_silence_sensitivity_tau_0_6,CWE-662,0.5,0.010526315789473684,0.9998851234922459,0.9893538809772704,0.00011487650775416428,0.9894736842105264,0.1,0.06493506493506494,0.11287503819915358,0.9892426309627702,0.5052057196408597,0.5052057196408597,0.019379385697905756,94
dst_pcr6_fire_specificity_silence_sensitivity_tau_0_6,CWE-668,0.030105122150576695,0.016417600664176007,0.9236663112227322,0.8673711337871748,0.07633368877726779,0.9835823993358239,0.026550572947339004,0.02257113504487595,-0.07836074767465842,0.8097572993928186,0.47004195594345416,0.47004195594345416,0.08068430145489774,1097
dst_pcr6_fire_specificity_silence_sensitivity_tau_0_6,CWE-704,0.0,0.0,0.9994298091558365,0.9953052779579421,0.0005701908441634469,1.0,,,-0.00253333948793809,0.9947402574290308,0.49971490457791823,0.49971490457791823,0.005517971747314987,41
dst_pcr6_fire_specificity_silence_sensitivity_tau_0_6,CWE-706,0.46110367194539226,0.4329378531073447,0.9821159226808851,0.9800129474576857,0.01788407731911501,0.5670621468926553,0.4452957891273007,0.4375135735427634,0.427311463201738,0.9633737253178636,0.7075268878941148,0.7080189707477873,0.28976964790814047,298
dst_pcr6_fire_specificity_silence_sensitivity_tau_0_6,CWE-74,0.3874410757366056,0.6152840142313826,0.8100374899684712,0.9151666357409696,0.18996251003152878,0.3847159857686173,0.4753503760540133,0.5504066769740495,0.35873317112616887,0.7782143707924064,0.712660752099927,0.7454850038957177,0.4755993322568538,1427
dst_pcr6_fire_specificity_silence_sensitivity_tau_0_6,CWE-913,0.3418888000544347,0.25367965367965367,0.9939771776788018,0.990763125278977,0.006022822321198163,0.7463203463203463,0.2895488721804511,0.2666396082460816,0.2861770044346604,0.9848968053727232,0.6238284156792278,0.6238303850554257,0.13615130135165285,107
dst_pcr6_fire_specificity_silence_sensitivity_tau_0_6,CWE-923,,0.0,1.0,0.9621160785848722,0.0,1.0,,,,0.9621160785848722,0.5,0.5,0.02168795088321281,331
dst_pcr6_fire_specificity_silence_sensitivity_tau_0_7,CWE-116,0.0,0.0,0.9975821717597577,0.9933459392883762,0.002417828240242175,1.0,,,-0.003985804340268795,0.9909601748681831,0.49879108587987886,0.49879108587987886,0.00424599741186992,58
dst_pcr6_fire_specificity_silence_sensitivity_tau_0_7,CWE-190,0.4,0.02857142857142857,0.9993057919800382,0.9844149763710736,0.0006942080199618057,0.9714285714285715,0.12539184952978055,0.08622645790787382,0.10708915340566885,0.9837489728523463,0.5139386102757333,0.5139386102757333,0.029522180307498175,140
dst_pcr6_fire_specificity_silence_sensitivity_tau_0_7,CWE-191,0.0,0.0,0.9994232759906481,0.9894663908216911,0.0005767240093519734,1.0,,,-0.003072021730271023,0.9889018485315088,0.49971163799532403,0.49971163799532403,0.011197421902539029,92
dst_pcr6_fire_specificity_silence_sensitivity_tau_0_7,CWE-20,0.00832545315711907,0.038235294117647055,0.8160138684464977,0.9544492349397172,0.18398613155350238,0.9617647058823529,0.013671989262571727,0.022244657221560247,-0.07365507172527304,0.7857465447897988,0.4271245812820723,0.4271245812820723,0.025552827145975045,340
dst_pcr6_fire_specificity_silence_sensitivity_tau_0_7,CWE-269,0.0,0.0,0.9825368182027129,0.9898689005604556,0.01746318179728708,1.0,,,-0.013287590590180018,0.972754579172841,0.49126840910135644,0.49126840910135644,0.006579792102533984,87
dst_pcr6_fire_specificity_silence_sensitivity_tau_0_7,CWE-285,0.020634920634920634,0.006896551724137931,0.9883933640738569,0.9665400017835706,0.011606635926143097,0.993103448275862,0.02581612258494337,0.019881422924901186,-0.007740027310094062,0.9557040910474848,0.4976449578989974,0.49765221619576927,0.036285780713302886,291
dst_pcr6_fire_specificity_silence_sensitivity_tau_0_7,CWE-287,0.40216821973798594,0.07705806451612904,0.9913748855095157,0.9332863387961596,0.008625114490484257,0.9229419354838709,0.1286242119629814,0.0917576861320406,0.1507378422785449,0.9261728925728814,0.5342164750128224,0.5342256676685038,0.07694924157958037,623
dst_pcr6_fire_specificity_silence_sensitivity_tau_0_7,CWE-311,0.35377849074979084,0.47405927405927406,0.9600180358181977,0.9753198877636295,0.039981964181802394,0.5259407259407258,0.40469613712017055,0.4434743066409913,0.3777573777152964,0.9385574081482029,0.7170386549387359,0.7190260766099712,0.2592462944493387,386
dst_pcr6_fire_specificity_silence_sensitivity_tau_0_7,CWE-327,0.700029299234712,0.7514285714285714,0.9863937523210164,0.9895932748784017,0.013606247678983432,0.24857142857142858,0.7240924346838911,0.7400582117290424,0.7129888516141951,0.9769813738450411,0.868911161874794,0.871091767664287,0.6681001669774289,350
dst_pcr6_fire_specificity_silence_sensitivity_tau_0_7,CWE-330,1.0,0.8720000000000001,1.0,0.9962479767406632,0.0,0.128,0.9308138096454488,0.8944503889136349,0.9316690003072923,0.9963393592360976,0.9359999999999999,0.9378596489311442,0.884901518389893,250
dst_pcr6_fire_specificity_silence_sensitivity_tau_0_7,CWE-345,0.4741702741702742,0.06037735849056604,0.995724269600981,0.9425654359712137,0.004275730399018984,0.939622641509434,0.10566341220225714,0.07284517509198976,0.15036150648048158,0.9389876336208502,0.5280508140457736,0.528092920158655,0.08846521678324812,530
dst_pcr6_fire_specificity_silence_sensitivity_tau_0_7,CWE-400,0.25,0.00392156862745098,0.9995291805222895,0.9712555659375826,0.0004708194777105155,0.996078431372549,0.038461538461538464,0.024390243902439025,0.03098436854490162,0.9708147561532314,0.5017253745748702,0.5017253745748702,0.02510224081803499,252
dst_pcr6_fire_specificity_silence_sensitivity_tau_0_7,CWE-501,0.6296399694889396,0.7555555555555555,0.9953812098125555,0.9974542343909855,0.004618790187444582,0.24444444444444446,0.6852590661349655,0.725261781430987,0.6854322746753484,0.9929134510534012,0.8754683826840555,0.8757047240355735,0.5534851836987167,90
dst_pcr6_fire_specificity_silence_sensitivity_tau_0_7,CWE-610,0.6001267748478701,0.3445842068483578,0.9926925179862625,0.9796196121357011,0.007307482013737418,0.6554157931516421,0.43749567444221277,0.3765392199701103,0.44203737896638573,0.9728946561722035,0.6686383624173102,0.6688064406900073,0.28012194505552596,267
dst_pcr6_fire_specificity_silence_sensitivity_tau_0_7,CWE-662,0.5,0.010526315789473684,0.9998851234922459,0.9893538809772704,0.00011487650775416428,0.9894736842105264,0.1,0.06493506493506494,0.11287503819915358,0.9892426309627702,0.5052057196408597,0.5052057196408597,0.019379385697905756,94
dst_pcr6_fire_specificity_silence_sensitivity_tau_0_7,CWE-668,0.030105122150576695,0.016417600664176007,0.9236663112227322,0.8673711337871748,0.07633368877726779,0.9835823993358239,0.026550572947339004,0.02257113504487595,-0.07836074767465842,0.8097572993928186,0.47004195594345416,0.47004195594345416,0.08068430145489774,1097
dst_pcr6_fire_specificity_silence_sensitivity_tau_0_7,CWE-704,0.0,0.0,0.9994298091558365,0.9953052779579421,0.0005701908441634469,1.0,,,-0.00253333948793809,0.9947402574290308,0.49971490457791823,0.49971490457791823,0.005517971747314987,41
dst_pcr6_fire_specificity_silence_sensitivity_tau_0_7,CWE-706,0.46110367194539226,0.4329378531073447,0.9821159226808851,0.9800129474576857,0.01788407731911501,0.5670621468926553,0.4452957891273007,0.4375135735427634,0.427311463201738,0.9633737253178636,0.7075268878941148,0.7080189707477873,0.28976964790814047,298
dst_pcr6_fire_specificity_silence_sensitivity_tau_0_7,CWE-74,0.5503298398948432,0.5711544595755121,0.908675347630305,0.9156421844933973,0.09132465236969496,0.42884554042448786,0.5601360777588462,0.5665936038667455,0.4727389806902137,0.853517255441498,0.7399149036029086,0.7454850038957177,0.4755993322568538,1427
dst_pcr6_fire_specificity_silence_sensitivity_tau_0_7,CWE-913,0.3418888000544347,0.25367965367965367,0.9939771776788018,0.990763125278977,0.006022822321198163,0.7463203463203463,0.2895488721804511,0.2666396082460816,0.2861770044346604,0.9848968053727232,0.6238284156792278,0.6238303850554257,0.13615130135165285,107
dst_pcr6_fire_specificity_silence_sensitivity_tau_0_7,CWE-923,,0.0,1.0,0.9621160785848722,0.0,1.0,,,,0.9621160785848722,0.5,0.5,0.02168795088321281,331
dst_pcr6_fire_specificity_silence_sensitivity_tau_0_8,CWE-116,0.0,0.0,0.9975821717597577,0.9933459392883762,0.002417828240242175,1.0,,,-0.003985804340268795,0.9909601748681831,0.49879108587987886,0.49879108587987886,0.00424599741186992,58
dst_pcr6_fire_specificity_silence_sensitivity_tau_0_8,CWE-190,0.4,0.02857142857142857,0.9993057919800382,0.9844149763710736,0.0006942080199618057,0.9714285714285715,0.12539184952978055,0.08622645790787382,0.10708915340566885,0.9837489728523463,0.5139386102757333,0.5139386102757333,0.029522180307498175,140
dst_pcr6_fire_specificity_silence_sensitivity_tau_0_8,CWE-191,0.0,0.0,0.9994232759906481,0.9894663908216911,0.0005767240093519734,1.0,,,-0.003072021730271023,0.9889018485315088,0.49971163799532403,0.49971163799532403,0.011197421902539029,92
dst_pcr6_fire_specificity_silence_sensitivity_tau_0_8,CWE-20,0.00832545315711907,0.038235294117647055,0.8160138684464977,0.9544492349397172,0.18398613155350238,0.9617647058823529,0.013671989262571727,0.022244657221560247,-0.07365507172527304,0.7857465447897988,0.4271245812820723,0.4271245812820723,0.025552827145975045,340
dst_pcr6_fire_specificity_silence_sensitivity_tau_0_8,CWE-269,0.0,0.0,0.9825368182027129,0.9898689005604556,0.01746318179728708,1.0,,,-0.013287590590180018,0.972754579172841,0.49126840910135644,0.49126840910135644,0.006579792102533984,87
dst_pcr6_fire_specificity_silence_sensitivity_tau_0_8,CWE-285,0.020634920634920634,0.006896551724137931,0.9883933640738569,0.9665400017835706,0.011606635926143097,0.993103448275862,0.02581612258494337,0.019881422924901186,-0.007740027310094062,0.9557040910474848,0.4976449578989974,0.49765221619576927,0.036285780713302886,291
dst_pcr6_fire_specificity_silence_sensitivity_tau_0_8,CWE-287,0.40216821973798594,0.07705806451612904,0.9913748855095157,0.9332863387961596,0.008625114490484257,0.9229419354838709,0.1286242119629814,0.0917576861320406,0.1507378422785449,0.9261728925728814,0.5342164750128224,0.5342256676685038,0.07694924157958037,623
dst_pcr6_fire_specificity_silence_sensitivity_tau_0_8,CWE-311,0.35377849074979084,0.47405927405927406,0.9600180358181977,0.9753198877636295,0.039981964181802394,0.5259407259407258,0.40469613712017055,0.4434743066409913,0.3777573777152964,0.9385574081482029,0.7170386549387359,0.7190260766099712,0.2592462944493387,386
dst_pcr6_fire_specificity_silence_sensitivity_tau_0_8,CWE-327,0.7521160736504536,0.7228571428571429,0.9898502546991811,0.9884548271115717,0.010149745300818868,0.27714285714285714,0.7361365557727423,0.7278748835355558,0.7260229073103985,0.979158301794602,0.8563536987781619,0.871091767664287,0.6681001669774289,350
dst_pcr6_fire_specificity_silence_sensitivity_tau_0_8,CWE-330,1.0,0.8720000000000001,1.0,0.9962479767406632,0.0,0.128,0.9308138096454488,0.8944503889136349,0.9316690003072923,0.9963393592360976,0.9359999999999999,0.9378596489311442,0.884901518389893,250
dst_pcr6_fire_specificity_silence_sensitivity_tau_0_8,CWE-345,0.4741702741702742,0.06037735849056604,0.995724269600981,0.9425654359712137,0.004275730399018984,0.939622641509434,0.10566341220225714,0.07284517509198976,0.15036150648048158,0.9389876336208502,0.5280508140457736,0.528092920158655,0.08846521678324812,530
dst_pcr6_fire_specificity_silence_sensitivity_tau_0_8,CWE-400,0.25,0.00392156862745098,0.9995291805222895,0.9712555659375826,0.0004708194777105155,0.996078431372549,0.038461538461538464,0.024390243902439025,0.03098436854490162,0.9708147561532314,0.5017253745748702,0.5017253745748702,0.02510224081803499,252
dst_pcr6_fire_specificity_silence_sensitivity_tau_0_8,CWE-501,0.6604334365325077,0.6333333333333333,0.9965380189267237,0.9961895658634508,0.0034619810732764702,0.36666666666666664,0.6454007254007254,0.6378477263405585,0.6425211091098149,0.9928011125426103,0.8149356761300284,0.8757047240355735,0.5534851836987167,90
dst_pcr6_fire_specificity_silence_sensitivity_tau_0_8,CWE-610,0.6001267748478701,0.3445842068483578,0.9926925179862625,0.9796196121357011,0.007307482013737418,0.6554157931516421,0.43749567444221277,0.3765392199701103,0.44203737896638573,0.9728946561722035,0.6686383624173102,0.6688064406900073,0.28012194505552596,267
dst_pcr6_fire_specificity_silence_sensitivity_tau_0_8,CWE-662,0.5,0.010526315789473684,0.9998851234922459,0.9893538809772704,0.00011487650775416428,0.9894736842105264,0.1,0.06493506493506494,0.11287503819915358,0.9892426309627702,0.5052057196408597,0.5052057196408597,0.019379385697905756,94
dst_pcr6_fire_specificity_silence_sensitivity_tau_0_8,CWE-668,0.030105122150576695,0.016417600664176007,0.9236663112227322,0.8673711337871748,0.07633368877726779,0.9835823993358239,0.026550572947339004,0.02257113504487595,-0.07836074767465842,0.8097572993928186,0.47004195594345416,0.47004195594345416,0.08068430145489774,1097
dst_pcr6_fire_specificity_silence_sensitivity_tau_0_8,CWE-704,0.0,0.0,0.9994298091558365,0.9953052779579421,0.0005701908441634469,1.0,,,-0.00253333948793809,0.9947402574290308,0.49971490457791823,0.49971490457791823,0.005517971747314987,41
dst_pcr6_fire_specificity_silence_sensitivity_tau_0_8,CWE-706,0.46110367194539226,0.4329378531073447,0.9821159226808851,0.9800129474576857,0.01788407731911501,0.5670621468926553,0.4452957891273007,0.4375135735427634,0.427311463201738,0.9633737253178636,0.7075268878941148,0.7080189707477873,0.28976964790814047,298
dst_pcr6_fire_specificity_silence_sensitivity_tau_0_8,CWE-74,0.6506045955085181,0.4351760520181573,0.9538211093562632,0.8963896595458148,0.046178890643736835,0.5648239479818427,0.5208139664439548,0.4657160371911705,0.4610357651989137,0.869107588509052,0.6944985806872103,0.7454850038957177,0.4755993322568538,1427
dst_pcr6_fire_specificity_silence_sensitivity_tau_0_8,CWE-913,0.3418888000544347,0.25367965367965367,0.9939771776788018,0.990763125278977,0.006022822321198163,0.7463203463203463,0.2895488721804511,0.2666396082460816,0.2861770044346604,0.9848968053727232,0.6238284156792278,0.6238303850554257,0.13615130135165285,107
dst_pcr6_fire_specificity_silence_sensitivity_tau_0_8,CWE-923,,0.0,1.0,0.9621160785848722,0.0,1.0,,,,0.9621160785848722,0.5,0.5,0.02168795088321281,331
dst_pcr6_fire_specificity_silence_sensitivity_tau_0_9,CWE-116,0.0,0.0,0.9975821717597577,0.9933459392883762,0.002417828240242175,1.0,,,-0.003985804340268795,0.9909601748681831,0.49879108587987886,0.49879108587987886,0.00424599741186992,58
dst_pcr6_fire_specificity_silence_sensitivity_tau_0_9,CWE-190,0.4,0.02857142857142857,0.9993057919800382,0.9844149763710736,0.0006942080199618057,0.9714285714285715,0.12539184952978055,0.08622645790787382,0.10708915340566885,0.9837489728523463,0.5139386102757333,0.5139386102757333,0.029522180307498175,140
dst_pcr6_fire_specificity_silence_sensitivity_tau_0_9,CWE-191,0.0,0.0,0.9994232759906481,0.9894663908216911,0.0005767240093519734,1.0,,,-0.003072021730271023,0.9889018485315088,0.49971163799532403,0.49971163799532403,0.011197421902539029,92
dst_pcr6_fire_specificity_silence_sensitivity_tau_0_9,CWE-20,0.00832545315711907,0.038235294117647055,0.8160138684464977,0.9544492349397172,0.18398613155350238,0.9617647058823529,0.013671989262571727,0.022244657221560247,-0.07365507172527304,0.7857465447897988,0.4271245812820723,0.4271245812820723,0.025552827145975045,340
dst_pcr6_fire_specificity_silence_sensitivity_tau_0_9,CWE-269,0.0,0.0,0.9825368182027129,0.9898689005604556,0.01746318179728708,1.0,,,-0.013287590590180018,0.972754579172841,0.49126840910135644,0.49126840910135644,0.006579792102533984,87
dst_pcr6_fire_specificity_silence_sensitivity_tau_0_9,CWE-285,0.020634920634920634,0.006896551724137931,0.9883933640738569,0.9665400017835706,0.011606635926143097,0.993103448275862,0.02581612258494337,0.019881422924901186,-0.007740027310094062,0.9557040910474848,0.4976449578989974,0.49765221619576927,0.036285780713302886,291
dst_pcr6_fire_specificity_silence_sensitivity_tau_0_9,CWE-287,0.40216821973798594,0.07705806451612904,0.9913748855095157,0.9332863387961596,0.008625114490484257,0.9229419354838709,0.1286242119629814,0.0917576861320406,0.1507378422785449,0.9261728925728814,0.5342164750128224,0.5342256676685038,0.07694924157958037,623
dst_pcr6_fire_specificity_silence_sensitivity_tau_0_9,CWE-311,0.39138466734211413,0.45854145854145856,0.9670806811798108,0.9747808926247427,0.03291931882018918,0.5414585414585413,0.42212634771864144,0.4431926486937684,0.3946987290460561,0.9446173690569282,0.7128110698606347,0.7190260766099712,0.2592462944493387,386
dst_pcr6_fire_specificity_silence_sensitivity_tau_0_9,CWE-327,0.8286225336529596,0.49714285714285716,0.9947528951785227,0.9794264767705363,0.005247104821477373,0.5028571428571429,0.5822477594536066,0.5248044151223217,0.6085233476242762,0.974801486325758,0.7459478761606899,0.871091767664287,0.6681001669774289,350
dst_pcr6_fire_specificity_silence_sensitivity_tau_0_9,CWE-330,1.0,0.8720000000000001,1.0,0.9962479767406632,0.0,0.128,0.9308138096454488,0.8944503889136349,0.9316690003072923,0.9963393592360976,0.9359999999999999,0.9378596489311442,0.884901518389893,250
dst_pcr6_fire_specificity_silence_sensitivity_tau_0_9,CWE-345,0.4741702741702742,0.06037735849056604,0.995724269600981,0.9425654359712137,0.004275730399018984,0.939622641509434,0.10566341220225714,0.07284517509198976,0.15036150648048158,0.9389876336208502,0.5280508140457736,0.528092920158655,0.08846521678324812,530
dst_pcr6_fire_specificity_silence_sensitivity_tau_0_9,CWE-400,0.25,0.00392156862745098,0.9995291805222895,0.9712555659375826,0.0004708194777105155,0.996078431372549,0.038461538461538464,0.024390243902439025,0.03098436854490162,0.9708147561532314,0.5017253745748702,0.5017253745748702,0.02510224081803499,252
dst_pcr6_fire_specificity_silence_sensitivity_tau_0_9,CWE-501,0.691965811965812,0.3555555555555555,0.9983850984230049,0.9933353746901823,0.001614901576995048,0.6444444444444445,0.4637060669318734,0.3915755489882702,0.4889509884860733,0.9917709592701506,0.6769703269892803,0.8757047240355735,0.5534851836987167,90
dst_pcr6_fire_specificity_silence_sensitivity_tau_0_9,CWE-610,0.6001267748478701,0.3445842068483578,0.9926925179862625,0.9796196121357011,0.007307482013737418,0.6554157931516421,0.43749567444221277,0.3765392199701103,0.44203737896638573,0.9728946561722035,0.6686383624173102,0.6688064406900073,0.28012194505552596,267
dst_pcr6_fire_specificity_silence_sensitivity_tau_0_9,CWE-662,0.5,0.010526315789473684,0.9998851234922459,0.9893538809772704,0.00011487650775416428,0.9894736842105264,0.1,0.06493506493506494,0.11287503819915358,0.9892426309627702,0.5052057196408597,0.5052057196408597,0.019379385697905756,94
dst_pcr6_fire_specificity_silence_sensitivity_tau_0_9,CWE-668,0.030105122150576695,0.016417600664176007,0.9236663112227322,0.8673711337871748,0.07633368877726779,0.9835823993358239,0.026550572947339004,0.02257113504487595,-0.07836074767465842,0.8097572993928186,0.47004195594345416,0.47004195594345416,0.08068430145489774,1097
dst_pcr6_fire_specificity_silence_sensitivity_tau_0_9,CWE-704,0.0,0.0,0.9994298091558365,0.9953052779579421,0.0005701908441634469,1.0,,,-0.00253333948793809,0.9947402574290308,0.49971490457791823,0.49971490457791823,0.005517971747314987,41
dst_pcr6_fire_specificity_silence_sensitivity_tau_0_9,CWE-706,0.4827292986159981,0.4329378531073447,0.9836554127045385,0.9800439529024676,0.016344587295461458,0.5670621468926553,0.45524503181293674,0.44133220031683235,0.4385186932731133,0.9648607812780104,0.7082966329059416,0.7080189707477873,0.28976964790814047,298
dst_pcr6_fire_specificity_silence_sensitivity_tau_0_9,CWE-74,0.6506045955085181,0.4351760520181573,0.9538211093562632,0.8963896595458148,0.046178890643736835,0.5648239479818427,0.5208139664439548,0.4657160371911705,0.4610357651989137,0.869107588509052,0.6944985806872103,0.7454850038957177,0.4755993322568538,1427
dst_pcr6_fire_specificity_silence_sensitivity_tau_0_9,CWE-913,0.3418888000544347,0.25367965367965367,0.9939771776788018,0.990763125278977,0.006022822321198163,0.7463203463203463,0.2895488721804511,0.2666396082460816,0.2861770044346604,0.9848968053727232,0.6238284156792278,0.6238303850554257,0.13615130135165285,107
dst_pcr6_fire_specificity_silence_sensitivity_tau_0_9,CWE-923,,0.0,1.0,0.9621160785848722,0.0,1.0,,,,0.9621160785848722,0.5,0.5,0.02168795088321281,331
dst_yager_fire_specificity_silence_sensitivity_tau_0_1,CWE-116,0.006638061975801049,1.0,0.0,,1.0,0.0,0.013188418502749632,0.032330328807305055,,0.006638061975801049,0.5,0.49879108587987886,0.00424599741186992,58
dst_yager_fire_specificity_silence_sensitivity_tau_0_1,CWE-190,0.016022949627544206,1.0,0.0,,1.0,0.0,0.03154049709024045,0.07528906002388339,,0.016022949627544206,0.5,0.5139386102757333,0.029522180307498175,140
dst_yager_fire_specificity_silence_sensitivity_tau_0_1,CWE-191,0.010527546976238419,1.0,0.0,,1.0,0.0,0.020835654291612292,0.05050989505847987,,0.010527546976238419,0.5,0.49971163799532403,0.011197421902539029,92
dst_yager_fire_specificity_silence_sensitivity_tau_0_1,CWE-20,0.038912877666893074,1.0,0.0,,1.0,0.0,0.07491059713018633,0.16835785040299608,,0.038912877666893074,0.5,0.4271245812820723,0.025552827145975045,340
dst_yager_fire_specificity_silence_sensitivity_tau_0_1,CWE-269,0.009956011031501184,1.0,0.0,,1.0,0.0,0.019715611289017977,0.047872431247636474,,0.009956011031501184,0.5,0.49126840910135644,0.006579792102533984,87
dst_yager_fire_specificity_silence_sensitivity_tau_0_1,CWE-285,0.033305935807258054,1.0,0.0,,1.0,0.0,0.06446445969072874,0.14694950287947486,,0.033305935807258054,0.5,0.49765221619576927,0.036285780713302886,291
dst_yager_fire_specificity_silence_sensitivity_tau_0_1,CWE-287,0.07130394576443377,1.0,0.0,,1.0,0.0,0.13311512833599382,0.2773945715517224,,0.07130394576443377,0.5,0.5342059995677048,0.07614971224376707,623
dst_yager_fire_specificity_silence_sensitivity_tau_0_1,CWE-311,0.04417726672688812,1.0,0.0,,1.0,0.0,0.0846161572636939,0.1877135541082559,,0.04417726672688812,0.5,0.7190260766099712,0.2592462944493387,386
dst_yager_fire_specificity_silence_sensitivity_tau_0_1,CWE-327,0.6979589058599708,0.7514285714285714,0.9862756188301718,0.9895918801500564,0.013724381169828086,0.24857142857142858,0.723064685454703,0.739648878941486,0.7118972604293341,0.976867930850146,0.8688520951293717,0.871091767664287,0.6681001669774289,350
dst_yager_fire_specificity_silence_sensitivity_tau_0_1,CWE-330,0.9168755823866453,0.876,0.9976399602875174,0.9963577386493803,0.0023600397124825074,0.12400000000000003,0.8950367131841558,0.8833108265264682,0.8927759599982098,0.9941624912370909,0.9368199801437587,0.9378596489311442,0.884901518389893,250
dst_yager_fire_specificity_silence_sensitivity_tau_0_1,CWE-345,0.060658309304274495,1.0,0.0,,1.0,0.0,0.11437822925614856,0.24406931076513846,,0.060658309304274495,0.5,0.528092920158655,0.08846521678324812,530
dst_yager_fire_specificity_silence_sensitivity_tau_0_1,CWE-400,0.028843423640496822,1.0,0.0,,1.0,0.0,0.056069144856070494,0.12929574005808936,,0.028843423640496822,0.5,0.5017253745748702,0.02510224081803499,252
dst_yager_fire_specificity_silence_sensitivity_tau_0_1,CWE-501,0.48171969219257926,0.788888888888889,0.79596498097426,0.9972561331406897,0.20403501902573998,0.2111111111111111,0.5314809673717624,0.5722016642350092,0.6597251824660919,0.7959174949586584,0.7924269349315745,0.8757047240355735,0.5534851836987167,90
dst_yager_fire_specificity_silence_sensitivity_tau_0_1,CWE-610,0.030556752898173868,1.0,0.0,,1.0,0.0,0.05930134466399937,0.1361425810349464,,0.030556752898173868,0.5,0.6688064406900073,0.28012194505552596,267
dst_yager_fire_specificity_silence_sensitivity_tau_0_1,CWE-662,0.010757175668488517,1.0,0.0,,1.0,0.0,0.021285309707727046,0.051566369597711804,,0.010757175668488517,0.5,0.5052057196408597,0.019379385697905756,94
dst_yager_fire_specificity_silence_sensitivity_tau_0_1,CWE-668,0.1255533696067458,1.0,0.0,,1.0,0.0,0.22309404619061807,0.41788528863955376,,0.1255533696067458,0.5,0.47004195594345416,0.08068430145489774,1097
dst_yager_fire_specificity_silence_sensitivity_tau_0_1,CWE-704,0.0046921408590113265,1.0,0.0,,1.0,0.0,0.009340354999994813,0.023027534461893255,,0.0046921408590113265,0.5,0.49971490457791823,0.005517971747314987,41
dst_yager_fire_specificity_silence_sensitivity_tau_0_1,CWE-706,0.03410781270049187,1.0,0.0,,1.0,0.0,0.06596518601292699,0.15006172133613097,,0.03410781270049187,0.5,0.7080189707477873,0.28976964790814047,298
dst_yager_fire_specificity_silence_sensitivity_tau_0_1,CWE-74,0.16332175087167142,1.0,0.0,,1.0,0.0,0.2807821274154546,0.4939198149929423,,0.16332175087167142,0.5,0.7454850038957177,0.4755993322568538,1427
dst_yager_fire_specificity_silence_sensitivity_tau_0_1,CWE-913,0.012245003835436072,1.0,0.0,,1.0,0.0,0.02419363899275264,0.058365197076537575,,0.012245003835436072,0.5,0.6238303850554257,0.13615130135165285,107
dst_yager_fire_specificity_silence_sensitivity_tau_0_1,CWE-923,0.0379958546900669,0.8,0.2,0.9625638116846285,0.8,0.2,0.073209643826465,0.16491210191748476,,0.2229094460889792,0.5,0.5,0.02168795088321281,331
dst_yager_fire_specificity_silence_sensitivity_tau_0_2,CWE-116,0.006638061975801049,1.0,0.0,,1.0,0.0,0.013188418502749632,0.032330328807305055,,0.006638061975801049,0.5,0.49879108587987886,0.00424599741186992,58
dst_yager_fire_specificity_silence_sensitivity_tau_0_2,CWE-190,0.016022949627544206,1.0,0.0,,1.0,0.0,0.03154049709024045,0.07528906002388339,,0.016022949627544206,0.5,0.5139386102757333,0.029522180307498175,140
dst_yager_fire_specificity_silence_sensitivity_tau_0_2,CWE-191,0.010527546976238419,1.0,0.0,,1.0,0.0,0.020835654291612292,0.05050989505847987,,0.010527546976238419,0.5,0.49971163799532403,0.011197421902539029,92
dst_yager_fire_specificity_silence_sensitivity_tau_0_2,CWE-20,0.038912877666893074,1.0,0.0,,1.0,0.0,0.07491059713018633,0.16835785040299608,,0.038912877666893074,0.5,0.4271245812820723,0.025552827145975045,340
dst_yager_fire_specificity_silence_sensitivity_tau_0_2,CWE-269,0.009956011031501184,1.0,0.0,,1.0,0.0,0.019715611289017977,0.047872431247636474,,0.009956011031501184,0.5,0.49126840910135644,0.006579792102533984,87
dst_yager_fire_specificity_silence_sensitivity_tau_0_2,CWE-285,0.033305935807258054,1.0,0.0,,1.0,0.0,0.06446445969072874,0.14694950287947486,,0.033305935807258054,0.5,0.49765221619576927,0.036285780713302886,291
dst_yager_fire_specificity_silence_sensitivity_tau_0_2,CWE-287,0.07130394576443377,1.0,0.0,,1.0,0.0,0.13311512833599382,0.2773945715517224,,0.07130394576443377,0.5,0.5342059995677048,0.07614971224376707,623
dst_yager_fire_specificity_silence_sensitivity_tau_0_2,CWE-311,0.04417726672688812,1.0,0.0,,1.0,0.0,0.0846161572636939,0.1877135541082559,,0.04417726672688812,0.5,0.7190260766099712,0.2592462944493387,386
dst_yager_fire_specificity_silence_sensitivity_tau_0_2,CWE-327,0.6979589058599708,0.7514285714285714,0.9862756188301718,0.9895918801500564,0.013724381169828086,0.24857142857142858,0.723064685454703,0.739648878941486,0.7118972604293341,0.976867930850146,0.8688520951293717,0.871091767664287,0.6681001669774289,350
dst_yager_fire_specificity_silence_sensitivity_tau_0_2,CWE-330,0.9168755823866453,0.876,0.9976399602875174,0.9963577386493803,0.0023600397124825074,0.12400000000000003,0.8950367131841558,0.8833108265264682,0.8927759599982098,0.9941624912370909,0.9368199801437587,0.9378596489311442,0.884901518389893,250
dst_yager_fire_specificity_silence_sensitivity_tau_0_2,CWE-345,0.060658309304274495,1.0,0.0,,1.0,0.0,0.11437822925614856,0.24406931076513846,,0.060658309304274495,0.5,0.528092920158655,0.08846521678324812,530
dst_yager_fire_specificity_silence_sensitivity_tau_0_2,CWE-400,0.028843423640496822,1.0,0.0,,1.0,0.0,0.056069144856070494,0.12929574005808936,,0.028843423640496822,0.5,0.5017253745748702,0.02510224081803499,252
dst_yager_fire_specificity_silence_sensitivity_tau_0_2,CWE-501,0.6296399694889396,0.7555555555555555,0.9953812098125555,0.9974542343909855,0.004618790187444582,0.24444444444444446,0.6852590661349655,0.725261781430987,0.6854322746753484,0.9929134510534012,0.8754683826840555,0.8757047240355735,0.5534851836987167,90
dst_yager_fire_specificity_silence_sensitivity_tau_0_2,CWE-610,0.030556752898173868,1.0,0.0,,1.0,0.0,0.05930134466399937,0.1361425810349464,,0.030556752898173868,0.5,0.6688064406900073,0.28012194505552596,267
dst_yager_fire_specificity_silence_sensitivity_tau_0_2,CWE-662,0.010757175668488517,1.0,0.0,,1.0,0.0,0.021285309707727046,0.051566369597711804,,0.010757175668488517,0.5,0.5052057196408597,0.019379385697905756,94
dst_yager_fire_specificity_silence_sensitivity_tau_0_2,CWE-668,0.1255533696067458,1.0,0.0,,1.0,0.0,0.22309404619061807,0.41788528863955376,,0.1255533696067458,0.5,0.47004195594345416,0.08068430145489774,1097
dst_yager_fire_specificity_silence_sensitivity_tau_0_2,CWE-704,0.0046921408590113265,1.0,0.0,,1.0,0.0,0.009340354999994813,0.023027534461893255,,0.0046921408590113265,0.5,0.49971490457791823,0.005517971747314987,41
dst_yager_fire_specificity_silence_sensitivity_tau_0_2,CWE-706,0.03410781270049187,1.0,0.0,,1.0,0.0,0.06596518601292699,0.15006172133613097,,0.03410781270049187,0.5,0.7080189707477873,0.28976964790814047,298
dst_yager_fire_specificity_silence_sensitivity_tau_0_2,CWE-74,0.3874410757366056,0.6152840142313826,0.8100374899684712,0.9151666357409696,0.18996251003152878,0.3847159857686173,0.4753503760540133,0.5504066769740495,0.35873317112616887,0.7782143707924064,0.712660752099927,0.7454850038957177,0.4755993322568538,1427
dst_yager_fire_specificity_silence_sensitivity_tau_0_2,CWE-913,0.012245003835436072,1.0,0.0,,1.0,0.0,0.02419363899275264,0.058365197076537575,,0.012245003835436072,0.5,0.6238303850554257,0.13615130135165285,107
dst_yager_fire_specificity_silence_sensitivity_tau_0_2,CWE-923,0.0379958546900669,0.8,0.2,0.9625638116846285,0.8,0.2,0.073209643826465,0.16491210191748476,,0.2229094460889792,0.5,0.5,0.02168795088321281,331
dst_yager_fire_specificity_silence_sensitivity_tau_0_3,CWE-116,0.006638061975801049,1.0,0.0,,1.0,0.0,0.013188418502749632,0.032330328807305055,,0.006638061975801049,0.5,0.49879108587987886,0.00424599741186992,58
dst_yager_fire_specificity_silence_sensitivity_tau_0_3,CWE-190,0.016022949627544206,1.0,0.0,,1.0,0.0,0.03154049709024045,0.07528906002388339,,0.016022949627544206,0.5,0.5139386102757333,0.029522180307498175,140
dst_yager_fire_specificity_silence_sensitivity_tau_0_3,CWE-191,0.010527546976238419,1.0,0.0,,1.0,0.0,0.020835654291612292,0.05050989505847987,,0.010527546976238419,0.5,0.49971163799532403,0.011197421902539029,92
dst_yager_fire_specificity_silence_sensitivity_tau_0_3,CWE-20,0.038912877666893074,1.0,0.0,,1.0,0.0,0.07491059713018633,0.16835785040299608,,0.038912877666893074,0.5,0.4271245812820723,0.025552827145975045,340
dst_yager_fire_specificity_silence_sensitivity_tau_0_3,CWE-269,0.009956011031501184,1.0,0.0,,1.0,0.0,0.019715611289017977,0.047872431247636474,,0.009956011031501184,0.5,0.49126840910135644,0.006579792102533984,87
dst_yager_fire_specificity_silence_sensitivity_tau_0_3,CWE-285,0.033305935807258054,1.0,0.0,,1.0,0.0,0.06446445969072874,0.14694950287947486,,0.033305935807258054,0.5,0.49765221619576927,0.036285780713302886,291
dst_yager_fire_specificity_silence_sensitivity_tau_0_3,CWE-287,0.07130394576443377,1.0,0.0,,1.0,0.0,0.13311512833599382,0.2773945715517224,,0.07130394576443377,0.5,0.5342059995677048,0.07614971224376707,623
dst_yager_fire_specificity_silence_sensitivity_tau_0_3,CWE-311,0.35377849074979084,0.47405927405927406,0.9600180358181977,0.9753198877636295,0.039981964181802394,0.5259407259407258,0.40469613712017055,0.4434743066409913,0.3777573777152964,0.9385574081482029,0.7170386549387359,0.7190260766099712,0.2592462944493387,386
dst_yager_fire_specificity_silence_sensitivity_tau_0_3,CWE-327,0.6979589058599708,0.7514285714285714,0.9862756188301718,0.9895918801500564,0.013724381169828086,0.24857142857142858,0.723064685454703,0.739648878941486,0.7118972604293341,0.976867930850146,0.8688520951293717,0.871091767664287,0.6681001669774289,350
dst_yager_fire_specificity_silence_sensitivity_tau_0_3,CWE-330,0.9168755823866453,0.876,0.9976399602875174,0.9963577386493803,0.0023600397124825074,0.12400000000000003,0.8950367131841558,0.8833108265264682,0.8927759599982098,0.9941624912370909,0.9368199801437587,0.9378596489311442,0.884901518389893,250
dst_yager_fire_specificity_silence_sensitivity_tau_0_3,CWE-345,0.060658309304274495,1.0,0.0,,1.0,0.0,0.11437822925614856,0.24406931076513846,,0.060658309304274495,0.5,0.528092920158655,0.08846521678324812,530
dst_yager_fire_specificity_silence_sensitivity_tau_0_3,CWE-400,0.028843423640496822,1.0,0.0,,1.0,0.0,0.056069144856070494,0.12929574005808936,,0.028843423640496822,0.5,0.5017253745748702,0.02510224081803499,252
dst_yager_fire_specificity_silence_sensitivity_tau_0_3,CWE-501,0.6296399694889396,0.7555555555555555,0.9953812098125555,0.9974542343909855,0.004618790187444582,0.24444444444444446,0.6852590661349655,0.725261781430987,0.6854322746753484,0.9929134510534012,0.8754683826840555,0.8757047240355735,0.5534851836987167,90
dst_yager_fire_specificity_silence_sensitivity_tau_0_3,CWE-610,0.030556752898173868,1.0,0.0,,1.0,0.0,0.05930134466399937,0.1361425810349464,,0.030556752898173868,0.5,0.6688064406900073,0.28012194505552596,267
dst_yager_fire_specificity_silence_sensitivity_tau_0_3,CWE-662,0.010757175668488517,1.0,0.0,,1.0,0.0,0.021285309707727046,0.051566369597711804,,0.010757175668488517,0.5,0.5052057196408597,0.019379385697905756,94
dst_yager_fire_specificity_silence_sensitivity_tau_0_3,CWE-668,0.1255533696067458,1.0,0.0,,1.0,0.0,0.22309404619061807,0.41788528863955376,,0.1255533696067458,0.5,0.47004195594345416,0.08068430145489774,1097
dst_yager_fire_specificity_silence_sensitivity_tau_0_3,CWE-704,0.0046921408590113265,1.0,0.0,,1.0,0.0,0.009340354999994813,0.023027534461893255,,0.0046921408590113265,0.5,0.49971490457791823,0.005517971747314987,41
dst_yager_fire_specificity_silence_sensitivity_tau_0_3,CWE-706,0.46110367194539226,0.4329378531073447,0.9821159226808851,0.9800129474576857,0.01788407731911501,0.5670621468926553,0.4452957891273007,0.4375135735427634,0.427311463201738,0.9633737253178636,0.7075268878941148,0.7080189707477873,0.28976964790814047,298
dst_yager_fire_specificity_silence_sensitivity_tau_0_3,CWE-74,0.3874410757366056,0.6152840142313826,0.8100374899684712,0.9151666357409696,0.18996251003152878,0.3847159857686173,0.4753503760540133,0.5504066769740495,0.35873317112616887,0.7782143707924064,0.712660752099927,0.7454850038957177,0.4755993322568538,1427
dst_yager_fire_specificity_silence_sensitivity_tau_0_3,CWE-913,0.012245003835436072,1.0,0.0,,1.0,0.0,0.02419363899275264,0.058365197076537575,,0.012245003835436072,0.5,0.6238303850554257,0.13615130135165285,107
dst_yager_fire_specificity_silence_sensitivity_tau_0_3,CWE-923,0.0379958546900669,0.8,0.2,0.9625638116846285,0.8,0.2,0.073209643826465,0.16491210191748476,,0.2229094460889792,0.5,0.5,0.02168795088321281,331
dst_yager_fire_specificity_silence_sensitivity_tau_0_4,CWE-116,0.006638061975801049,1.0,0.0,,1.0,0.0,0.013188418502749632,0.032330328807305055,,0.006638061975801049,0.5,0.49879108587987886,0.00424599741186992,58
dst_yager_fire_specificity_silence_sensitivity_tau_0_4,CWE-190,0.016022949627544206,1.0,0.0,,1.0,0.0,0.03154049709024045,0.07528906002388339,,0.016022949627544206,0.5,0.5139386102757333,0.029522180307498175,140
dst_yager_fire_specificity_silence_sensitivity_tau_0_4,CWE-191,0.010527546976238419,1.0,0.0,,1.0,0.0,0.020835654291612292,0.05050989505847987,,0.010527546976238419,0.5,0.49971163799532403,0.011197421902539029,92
dst_yager_fire_specificity_silence_sensitivity_tau_0_4,CWE-20,0.038912877666893074,1.0,0.0,,1.0,0.0,0.07491059713018633,0.16835785040299608,,0.038912877666893074,0.5,0.4271245812820723,0.025552827145975045,340
dst_yager_fire_specificity_silence_sensitivity_tau_0_4,CWE-269,0.009956011031501184,1.0,0.0,,1.0,0.0,0.019715611289017977,0.047872431247636474,,0.009956011031501184,0.5,0.49126840910135644,0.006579792102533984,87
dst_yager_fire_specificity_silence_sensitivity_tau_0_4,CWE-285,0.033305935807258054,1.0,0.0,,1.0,0.0,0.06446445969072874,0.14694950287947486,,0.033305935807258054,0.5,0.49765221619576927,0.036285780713302886,291
dst_yager_fire_specificity_silence_sensitivity_tau_0_4,CWE-287,0.07130394576443377,1.0,0.0,,1.0,0.0,0.13311512833599382,0.2773945715517224,,0.07130394576443377,0.5,0.5342059995677048,0.07614971224376707,623
dst_yager_fire_specificity_silence_sensitivity_tau_0_4,CWE-311,0.35377849074979084,0.47405927405927406,0.9600180358181977,0.9753198877636295,0.039981964181802394,0.5259407259407258,0.40469613712017055,0.4434743066409913,0.3777573777152964,0.9385574081482029,0.7170386549387359,0.7190260766099712,0.2592462944493387,386
dst_yager_fire_specificity_silence_sensitivity_tau_0_4,CWE-327,0.6979589058599708,0.7514285714285714,0.9862756188301718,0.9895918801500564,0.013724381169828086,0.24857142857142858,0.723064685454703,0.739648878941486,0.7118972604293341,0.976867930850146,0.8688520951293717,0.871091767664287,0.6681001669774289,350
dst_yager_fire_specificity_silence_sensitivity_tau_0_4,CWE-330,0.9168755823866453,0.876,0.9976399602875174,0.9963577386493803,0.0023600397124825074,0.12400000000000003,0.8950367131841558,0.8833108265264682,0.8927759599982098,0.9941624912370909,0.9368199801437587,0.9378596489311442,0.884901518389893,250
dst_yager_fire_specificity_silence_sensitivity_tau_0_4,CWE-345,0.060658309304274495,1.0,0.0,,1.0,0.0,0.11437822925614856,0.24406931076513846,,0.060658309304274495,0.5,0.528092920158655,0.08846521678324812,530
dst_yager_fire_specificity_silence_sensitivity_tau_0_4,CWE-400,0.028843423640496822,1.0,0.0,,1.0,0.0,0.056069144856070494,0.12929574005808936,,0.028843423640496822,0.5,0.5017253745748702,0.02510224081803499,252
dst_yager_fire_specificity_silence_sensitivity_tau_0_4,CWE-501,0.6296399694889396,0.7555555555555555,0.9953812098125555,0.9974542343909855,0.004618790187444582,0.24444444444444446,0.6852590661349655,0.725261781430987,0.6854322746753484,0.9929134510534012,0.8754683826840555,0.8757047240355735,0.5534851836987167,90
dst_yager_fire_specificity_silence_sensitivity_tau_0_4,CWE-610,0.6001267748478701,0.3445842068483578,0.9926925179862625,0.9796196121357011,0.007307482013737418,0.6554157931516421,0.43749567444221277,0.3765392199701103,0.44203737896638573,0.9728946561722035,0.6686383624173102,0.6688064406900073,0.28012194505552596,267
dst_yager_fire_specificity_silence_sensitivity_tau_0_4,CWE-662,0.010757175668488517,1.0,0.0,,1.0,0.0,0.021285309707727046,0.051566369597711804,,0.010757175668488517,0.5,0.5052057196408597,0.019379385697905756,94
dst_yager_fire_specificity_silence_sensitivity_tau_0_4,CWE-668,0.1255533696067458,1.0,0.0,,1.0,0.0,0.22309404619061807,0.41788528863955376,,0.1255533696067458,0.5,0.47004195594345416,0.08068430145489774,1097
dst_yager_fire_specificity_silence_sensitivity_tau_0_4,CWE-704,0.0046921408590113265,1.0,0.0,,1.0,0.0,0.009340354999994813,0.023027534461893255,,0.0046921408590113265,0.5,0.49971490457791823,0.005517971747314987,41
dst_yager_fire_specificity_silence_sensitivity_tau_0_4,CWE-706,0.46110367194539226,0.4329378531073447,0.9821159226808851,0.9800129474576857,0.01788407731911501,0.5670621468926553,0.4452957891273007,0.4375135735427634,0.427311463201738,0.9633737253178636,0.7075268878941148,0.7080189707477873,0.28976964790814047,298
dst_yager_fire_specificity_silence_sensitivity_tau_0_4,CWE-74,0.3874410757366056,0.6152840142313826,0.8100374899684712,0.9151666357409696,0.18996251003152878,0.3847159857686173,0.4753503760540133,0.5504066769740495,0.35873317112616887,0.7782143707924064,0.712660752099927,0.7454850038957177,0.4755993322568538,1427
dst_yager_fire_specificity_silence_sensitivity_tau_0_4,CWE-913,0.3418888000544347,0.25367965367965367,0.9939771776788018,0.990763125278977,0.006022822321198163,0.7463203463203463,0.2895488721804511,0.2666396082460816,0.2861770044346604,0.9848968053727232,0.6238284156792278,0.6238303850554257,0.13615130135165285,107
dst_yager_fire_specificity_silence_sensitivity_tau_0_4,CWE-923,0.0379958546900669,0.8,0.2,0.9625638116846285,0.8,0.2,0.073209643826465,0.16491210191748476,,0.2229094460889792,0.5,0.5,0.02168795088321281,331
dst_yager_fire_specificity_silence_sensitivity_tau_0_5,CWE-116,0.006638061975801049,1.0,0.0,,1.0,0.0,0.013188418502749632,0.032330328807305055,,0.006638061975801049,0.5,0.49879108587987886,0.00424599741186992,58
dst_yager_fire_specificity_silence_sensitivity_tau_0_5,CWE-190,0.4,0.02857142857142857,0.9993057919800382,0.9844149763710736,0.0006942080199618057,0.9714285714285715,0.12539184952978055,0.08622645790787382,0.10708915340566885,0.9837489728523463,0.5139386102757333,0.5139386102757333,0.029522180307498175,140
dst_yager_fire_specificity_silence_sensitivity_tau_0_5,CWE-191,0.010527546976238419,1.0,0.0,,1.0,0.0,0.020835654291612292,0.05050989505847987,,0.010527546976238419,0.5,0.49971163799532403,0.011197421902539029,92
dst_yager_fire_specificity_silence_sensitivity_tau_0_5,CWE-20,0.00832545315711907,0.038235294117647055,0.8160138684464977,0.9544492349397172,0.18398613155350238,0.9617647058823529,0.013671989262571727,0.022244657221560247,-0.07365507172527304,0.7857465447897988,0.4271245812820723,0.4271245812820723,0.025552827145975045,340
dst_yager_fire_specificity_silence_sensitivity_tau_0_5,CWE-269,0.009956011031501184,1.0,0.0,,1.0,0.0,0.019715611289017977,0.047872431247636474,,0.009956011031501184,0.5,0.49126840910135644,0.006579792102533984,87
dst_yager_fire_specificity_silence_sensitivity_tau_0_5,CWE-285,0.020634920634920634,0.006896551724137931,0.9883933640738569,0.9665400017835706,0.011606635926143097,0.993103448275862,0.02581612258494337,0.019881422924901186,-0.007740027310094062,0.9557040910474848,0.4976449578989974,0.49765221619576927,0.036285780713302886,291
dst_yager_fire_specificity_silence_sensitivity_tau_0_5,CWE-287,0.40216821973798594,0.07705806451612904,0.9913748855095157,0.9332863387961596,0.008625114490484257,0.9229419354838709,0.1286242119629814,0.0917576861320406,0.1507378422785449,0.9261728925728814,0.5342164750128224,0.5342059995677048,0.07614971224376707,623
dst_yager_fire_specificity_silence_sensitivity_tau_0_5,CWE-311,0.35377849074979084,0.47405927405927406,0.9600180358181977,0.9753198877636295,0.039981964181802394,0.5259407259407258,0.40469613712017055,0.4434743066409913,0.3777573777152964,0.9385574081482029,0.7170386549387359,0.7190260766099712,0.2592462944493387,386
dst_yager_fire_specificity_silence_sensitivity_tau_0_5,CWE-327,0.6979589058599708,0.7514285714285714,0.9862756188301718,0.9895918801500564,0.013724381169828086,0.24857142857142858,0.723064685454703,0.739648878941486,0.7118972604293341,0.976867930850146,0.8688520951293717,0.871091767664287,0.6681001669774289,350
dst_yager_fire_specificity_silence_sensitivity_tau_0_5,CWE-330,0.9168755823866453,0.876,0.9976399602875174,0.9963577386493803,0.0023600397124825074,0.12400000000000003,0.8950367131841558,0.8833108265264682,0.8927759599982098,0.9941624912370909,0.9368199801437587,0.9378596489311442,0.884901518389893,250
dst_yager_fire_specificity_silence_sensitivity_tau_0_5,CWE-345,0.4741702741702742,0.06037735849056604,0.995724269600981,0.9425654359712137,0.004275730399018984,0.939622641509434,0.10566341220225714,0.07284517509198976,0.15036150648048158,0.9389876336208502,0.5280508140457736,0.528092920158655,0.08846521678324812,530
dst_yager_fire_specificity_silence_sensitivity_tau_0_5,CWE-400,0.007361431870669746,0.2,0.7995291805222895,0.9712907168096153,0.20047081947771056,0.8,0.05720695457094785,0.13171487603305784,-0.0046844527709365156,0.7824775737051943,0.4997645902611447,0.5017253745748702,0.02510224081803499,252
dst_yager_fire_specificity_silence_sensitivity_tau_0_5,CWE-501,0.6296399694889396,0.7555555555555555,0.9953812098125555,0.9974542343909855,0.004618790187444582,0.24444444444444446,0.6852590661349655,0.725261781430987,0.6854322746753484,0.9929134510534012,0.8754683826840555,0.8757047240355735,0.5534851836987167,90
dst_yager_fire_specificity_silence_sensitivity_tau_0_5,CWE-610,0.6001267748478701,0.3445842068483578,0.9926925179862625,0.9796196121357011,0.007307482013737418,0.6554157931516421,0.43749567444221277,0.3765392199701103,0.44203737896638573,0.9728946561722035,0.6686383624173102,0.6688064406900073,0.28012194505552596,267
dst_yager_fire_specificity_silence_sensitivity_tau_0_5,CWE-662,0.005388542257515599,0.2,0.7998851234922458,0.9892462672261282,0.20011487650775414,0.8,0.02132435465768799,0.05165851005981512,-0.002490832336513584,0.7934400217738876,0.49994256174612295,0.5052057196408597,0.019379385697905756,94
dst_yager_fire_specificity_silence_sensitivity_tau_0_5,CWE-668,0.030105122150576695,0.016417600664176007,0.9236663112227322,0.8673711337871748,0.07633368877726779,0.9835823993358239,0.026550572947339004,0.02257113504487595,-0.07836074767465842,0.8097572993928186,0.47004195594345416,0.47004195594345416,0.08068430145489774,1097
dst_yager_fire_specificity_silence_sensitivity_tau_0_5,CWE-704,0.0046921408590113265,1.0,0.0,,1.0,0.0,0.009340354999994813,0.023027534461893255,,0.0046921408590113265,0.5,0.49971490457791823,0.005517971747314987,41
dst_yager_fire_specificity_silence_sensitivity_tau_0_5,CWE-706,0.46110367194539226,0.4329378531073447,0.9821159226808851,0.9800129474576857,0.01788407731911501,0.5670621468926553,0.4452957891273007,0.4375135735427634,0.427311463201738,0.9633737253178636,0.7075268878941148,0.7080189707477873,0.28976964790814047,298
dst_yager_fire_specificity_silence_sensitivity_tau_0_5,CWE-74,0.3874410757366056,0.6152840142313826,0.8100374899684712,0.9151666357409696,0.18996251003152878,0.3847159857686173,0.4753503760540133,0.5504066769740495,0.35873317112616887,0.7782143707924064,0.712660752099927,0.7454850038957177,0.4755993322568538,1427
dst_yager_fire_specificity_silence_sensitivity_tau_0_5,CWE-913,0.3418888000544347,0.25367965367965367,0.9939771776788018,0.990763125278977,0.006022822321198163,0.7463203463203463,0.2895488721804511,0.2666396082460816,0.2861770044346604,0.9848968053727232,0.6238284156792278,0.6238303850554257,0.13615130135165285,107
dst_yager_fire_specificity_silence_sensitivity_tau_0_5,CWE-923,0.0379958546900669,0.8,0.2,0.9625638116846285,0.8,0.2,0.073209643826465,0.16491210191748476,,0.2229094460889792,0.5,0.5,0.02168795088321281,331
dst_yager_fire_specificity_silence_sensitivity_tau_0_6,CWE-116,0.0,0.0,0.9975821717597577,0.9933459392883762,0.002417828240242175,1.0,,,-0.003985804340268795,0.9909601748681831,0.49879108587987886,0.49879108587987886,0.00424599741186992,58
dst_yager_fire_specificity_silence_sensitivity_tau_0_6,CWE-190,0.4,0.02857142857142857,0.9993057919800382,0.9844149763710736,0.0006942080199618057,0.9714285714285715,0.12539184952978055,0.08622645790787382,0.10708915340566885,0.9837489728523463,0.5139386102757333,0.5139386102757333,0.029522180307498175,140
dst_yager_fire_specificity_silence_sensitivity_tau_0_6,CWE-191,0.0,0.0,0.9994232759906481,0.9894663908216911,0.0005767240093519734,1.0,,,-0.003072021730271023,0.9889018485315088,0.49971163799532403,0.49971163799532403,0.011197421902539029,92
dst_yager_fire_specificity_silence_sensitivity_tau_0_6,CWE-20,0.00832545315711907,0.038235294117647055,0.8160138684464977,0.9544492349397172,0.18398613155350238,0.9617647058823529,0.013671989262571727,0.022244657221560247,-0.07365507172527304,0.7857465447897988,0.4271245812820723,0.4271245812820723,0.025552827145975045,340
dst_yager_fire_specificity_silence_sensitivity_tau_0_6,CWE-269,0.0,0.0,0.9825368182027129,0.9898689005604556,0.01746318179728708,1.0,,,-0.013287590590180018,0.972754579172841,0.49126840910135644,0.49126840910135644,0.006579792102533984,87
dst_yager_fire_specificity_silence_sensitivity_tau_0_6,CWE-285,0.020634920634920634,0.006896551724137931,0.9883933640738569,0.9665400017835706,0.011606635926143097,0.993103448275862,0.02581612258494337,0.019881422924901186,-0.007740027310094062,0.9557040910474848,0.4976449578989974,0.49765221619576927,0.036285780713302886,291
dst_yager_fire_specificity_silence_sensitivity_tau_0_6,CWE-287,0.40216821973798594,0.07705806451612904,0.9913748855095157,0.9332863387961596,0.008625114490484257,0.9229419354838709,0.1286242119629814,0.0917576861320406,0.1507378422785449,0.9261728925728814,0.5342164750128224,0.5342059995677048,0.07614971224376707,623
dst_yager_fire_specificity_silence_sensitivity_tau_0_6,CWE-311,0.35377849074979084,0.47405927405927406,0.9600180358181977,0.9753198877636295,0.039981964181802394,0.5259407259407258,0.40469613712017055,0.4434743066409913,0.3777573777152964,0.9385574081482029,0.7170386549387359,0.7190260766099712,0.2592462944493387,386
dst_yager_fire_specificity_silence_sensitivity_tau_0_6,CWE-327,0.700029299234712,0.7514285714285714,0.9863937523210164,0.9895932748784017,0.013606247678983432,0.24857142857142858,0.7240924346838911,0.7400582117290424,0.7129888516141951,0.9769813738450411,0.868911161874794,0.871091767664287,0.6681001669774289,350
dst_yager_fire_specificity_silence_sensitivity_tau_0_6,CWE-330,1.0,0.8720000000000001,1.0,0.9962479767406632,0.0,0.128,0.9308138096454488,0.8944503889136349,0.9316690003072923,0.9963393592360976,0.9359999999999999,0.9378596489311442,0.884901518389893,250
dst_yager_fire_specificity_silence_sensitivity_tau_0_6,CWE-345,0.4741702741702742,0.06037735849056604,0.995724269600981,0.9425654359712137,0.004275730399018984,0.939622641509434,0.10566341220225714,0.07284517509198976,0.15036150648048158,0.9389876336208502,0.5280508140457736,0.528092920158655,0.08846521678324812,530
dst_yager_fire_specificity_silence_sensitivity_tau_0_6,CWE-400,0.25,0.00392156862745098,0.9995291805222895,0.9712555659375826,0.0004708194777105155,0.996078431372549,0.038461538461538464,0.024390243902439025,0.03098436854490162,0.9708147561532314,0.5017253745748702,0.5017253745748702,0.02510224081803499,252
dst_yager_fire_specificity_silence_sensitivity_tau_0_6,CWE-501,0.6296399694889396,0.7555555555555555,0.9953812098125555,0.9974542343909855,0.004618790187444582,0.24444444444444446,0.6852590661349655,0.725261781430987,0.6854322746753484,0.9929134510534012,0.8754683826840555,0.8757047240355735,0.5534851836987167,90
dst_yager_fire_specificity_silence_sensitivity_tau_0_6,CWE-610,0.6001267748478701,0.3445842068483578,0.9926925179862625,0.9796196121357011,0.007307482013737418,0.6554157931516421,0.43749567444221277,0.3765392199701103,0.44203737896638573,0.9728946561722035,0.6686383624173102,0.6688064406900073,0.28012194505552596,267
dst_yager_fire_specificity_silence_sensitivity_tau_0_6,CWE-662,0.5,0.010526315789473684,0.9998851234922459,0.9893538809772704,0.00011487650775416428,0.9894736842105264,0.1,0.06493506493506494,0.11287503819915358,0.9892426309627702,0.5052057196408597,0.5052057196408597,0.019379385697905756,94
dst_yager_fire_specificity_silence_sensitivity_tau_0_6,CWE-668,0.030105122150576695,0.016417600664176007,0.9236663112227322,0.8673711337871748,0.07633368877726779,0.9835823993358239,0.026550572947339004,0.02257113504487595,-0.07836074767465842,0.8097572993928186,0.47004195594345416,0.47004195594345416,0.08068430145489774,1097
dst_yager_fire_specificity_silence_sensitivity_tau_0_6,CWE-704,0.0,0.0,0.9994298091558365,0.9953052779579421,0.0005701908441634469,1.0,,,-0.00253333948793809,0.9947402574290308,0.49971490457791823,0.49971490457791823,0.005517971747314987,41
dst_yager_fire_specificity_silence_sensitivity_tau_0_6,CWE-706,0.46110367194539226,0.4329378531073447,0.9821159226808851,0.9800129474576857,0.01788407731911501,0.5670621468926553,0.4452957891273007,0.4375135735427634,0.427311463201738,0.9633737253178636,0.7075268878941148,0.7080189707477873,0.28976964790814047,298
dst_yager_fire_specificity_silence_sensitivity_tau_0_6,CWE-74,0.3874410757366056,0.6152840142313826,0.8100374899684712,0.9151666357409696,0.18996251003152878,0.3847159857686173,0.4753503760540133,0.5504066769740495,0.35873317112616887,0.7782143707924064,0.712660752099927,0.7454850038957177,0.4755993322568538,1427
dst_yager_fire_specificity_silence_sensitivity_tau_0_6,CWE-913,0.3418888000544347,0.25367965367965367,0.9939771776788018,0.990763125278977,0.006022822321198163,0.7463203463203463,0.2895488721804511,0.2666396082460816,0.2861770044346604,0.9848968053727232,0.6238284156792278,0.6238303850554257,0.13615130135165285,107
dst_yager_fire_specificity_silence_sensitivity_tau_0_6,CWE-923,,0.0,1.0,0.9621160785848722,0.0,1.0,,,,0.9621160785848722,0.5,0.5,0.02168795088321281,331
dst_yager_fire_specificity_silence_sensitivity_tau_0_7,CWE-116,0.0,0.0,0.9975821717597577,0.9933459392883762,0.002417828240242175,1.0,,,-0.003985804340268795,0.9909601748681831,0.49879108587987886,0.49879108587987886,0.00424599741186992,58
dst_yager_fire_specificity_silence_sensitivity_tau_0_7,CWE-190,0.4,0.02857142857142857,0.9993057919800382,0.9844149763710736,0.0006942080199618057,0.9714285714285715,0.12539184952978055,0.08622645790787382,0.10708915340566885,0.9837489728523463,0.5139386102757333,0.5139386102757333,0.029522180307498175,140
dst_yager_fire_specificity_silence_sensitivity_tau_0_7,CWE-191,0.0,0.0,0.9994232759906481,0.9894663908216911,0.0005767240093519734,1.0,,,-0.003072021730271023,0.9889018485315088,0.49971163799532403,0.49971163799532403,0.011197421902539029,92
dst_yager_fire_specificity_silence_sensitivity_tau_0_7,CWE-20,0.00832545315711907,0.038235294117647055,0.8160138684464977,0.9544492349397172,0.18398613155350238,0.9617647058823529,0.013671989262571727,0.022244657221560247,-0.07365507172527304,0.7857465447897988,0.4271245812820723,0.4271245812820723,0.025552827145975045,340
dst_yager_fire_specificity_silence_sensitivity_tau_0_7,CWE-269,0.0,0.0,0.9825368182027129,0.9898689005604556,0.01746318179728708,1.0,,,-0.013287590590180018,0.972754579172841,0.49126840910135644,0.49126840910135644,0.006579792102533984,87
dst_yager_fire_specificity_silence_sensitivity_tau_0_7,CWE-285,0.020634920634920634,0.006896551724137931,0.9883933640738569,0.9665400017835706,0.011606635926143097,0.993103448275862,0.02581612258494337,0.019881422924901186,-0.007740027310094062,0.9557040910474848,0.4976449578989974,0.49765221619576927,0.036285780713302886,291
dst_yager_fire_specificity_silence_sensitivity_tau_0_7,CWE-287,0.40216821973798594,0.07705806451612904,0.9913748855095157,0.9332863387961596,0.008625114490484257,0.9229419354838709,0.1286242119629814,0.0917576861320406,0.1507378422785449,0.9261728925728814,0.5342164750128224,0.5342059995677048,0.07614971224376707,623
dst_yager_fire_specificity_silence_sensitivity_tau_0_7,CWE-311,0.35377849074979084,0.47405927405927406,0.9600180358181977,0.9753198877636295,0.039981964181802394,0.5259407259407258,0.40469613712017055,0.4434743066409913,0.3777573777152964,0.9385574081482029,0.7170386549387359,0.7190260766099712,0.2592462944493387,386
dst_yager_fire_specificity_silence_sensitivity_tau_0_7,CWE-327,0.7492604789719323,0.6857142857142857,0.9900869410897137,0.9869372446139261,0.009913058910286324,0.3142857142857143,0.7139800493370336,0.6963169766348831,0.704389012100666,0.977902132766118,0.8379006134019997,0.871091767664287,0.6681001669774289,350
dst_yager_fire_specificity_silence_sensitivity_tau_0_7,CWE-330,1.0,0.8720000000000001,1.0,0.9962479767406632,0.0,0.128,0.9308138096454488,0.8944503889136349,0.9316690003072923,0.9963393592360976,0.9359999999999999,0.9378596489311442,0.884901518389893,250
dst_yager_fire_specificity_silence_sensitivity_tau_0_7,CWE-345,0.4741702741702742,0.06037735849056604,0.995724269600981,0.9425654359712137,0.004275730399018984,0.939622641509434,0.10566341220225714,0.07284517509198976,0.15036150648048158,0.9389876336208502,0.5280508140457736,0.528092920158655,0.08846521678324812,530
dst_yager_fire_specificity_silence_sensitivity_tau_0_7,CWE-400,0.25,0.00392156862745098,0.9995291805222895,0.9712555659375826,0.0004708194777105155,0.996078431372549,0.038461538461538464,0.024390243902439025,0.03098436854490162,0.9708147561532314,0.5017253745748702,0.5017253745748702,0.02510224081803499,252
dst_yager_fire_specificity_silence_sensitivity_tau_0_7,CWE-501,0.6604334365325077,0.6333333333333333,0.9965380189267237,0.9961895658634508,0.0034619810732764702,0.36666666666666664,0.6454007254007254,0.6378477263405585,0.6425211091098149,0.9928011125426103,0.8149356761300284,0.8757047240355735,0.5534851836987167,90
dst_yager_fire_specificity_silence_sensitivity_tau_0_7,CWE-610,0.6001267748478701,0.3445842068483578,0.9926925179862625,0.9796196121357011,0.007307482013737418,0.6554157931516421,0.43749567444221277,0.3765392199701103,0.44203737896638573,0.9728946561722035,0.6686383624173102,0.6688064406900073,0.28012194505552596,267
dst_yager_fire_specificity_silence_sensitivity_tau_0_7,CWE-662,0.5,0.010526315789473684,0.9998851234922459,0.9893538809772704,0.00011487650775416428,0.9894736842105264,0.1,0.06493506493506494,0.11287503819915358,0.9892426309627702,0.5052057196408597,0.5052057196408597,0.019379385697905756,94
dst_yager_fire_specificity_silence_sensitivity_tau_0_7,CWE-668,0.030105122150576695,0.016417600664176007,0.9236663112227322,0.8673711337871748,0.07633368877726779,0.9835823993358239,0.026550572947339004,0.02257113504487595,-0.07836074767465842,0.8097572993928186,0.47004195594345416,0.47004195594345416,0.08068430145489774,1097
dst_yager_fire_specificity_silence_sensitivity_tau_0_7,CWE-704,0.0,0.0,0.9994298091558365,0.9953052779579421,0.0005701908441634469,1.0,,,-0.00253333948793809,0.9947402574290308,0.49971490457791823,0.49971490457791823,0.005517971747314987,41
dst_yager_fire_specificity_silence_sensitivity_tau_0_7,CWE-706,0.46110367194539226,0.4329378531073447,0.9821159226808851,0.9800129474576857,0.01788407731911501,0.5670621468926553,0.4452957891273007,0.4375135735427634,0.427311463201738,0.9633737253178636,0.7075268878941148,0.7080189707477873,0.28976964790814047,298
dst_yager_fire_specificity_silence_sensitivity_tau_0_7,CWE-74,0.5503298398948432,0.5711544595755121,0.908675347630305,0.9156421844933973,0.09132465236969496,0.42884554042448786,0.5601360777588462,0.5665936038667455,0.4727389806902137,0.853517255441498,0.7399149036029086,0.7454850038957177,0.4755993322568538,1427
dst_yager_fire_specificity_silence_sensitivity_tau_0_7,CWE-913,0.3418888000544347,0.25367965367965367,0.9939771776788018,0.990763125278977,0.006022822321198163,0.7463203463203463,0.2895488721804511,0.2666396082460816,0.2861770044346604,0.9848968053727232,0.6238284156792278,0.6238303850554257,0.13615130135165285,107
dst_yager_fire_specificity_silence_sensitivity_tau_0_7,CWE-923,,0.0,1.0,0.9621160785848722,0.0,1.0,,,,0.9621160785848722,0.5,0.5,0.02168795088321281,331
dst_yager_fire_specificity_silence_sensitivity_tau_0_8,CWE-116,0.0,0.0,0.9975821717597577,0.9933459392883762,0.002417828240242175,1.0,,,-0.003985804340268795,0.9909601748681831,0.49879108587987886,0.49879108587987886,0.00424599741186992,58
dst_yager_fire_specificity_silence_sensitivity_tau_0_8,CWE-190,0.4,0.02857142857142857,0.9993057919800382,0.9844149763710736,0.0006942080199618057,0.9714285714285715,0.12539184952978055,0.08622645790787382,0.10708915340566885,0.9837489728523463,0.5139386102757333,0.5139386102757333,0.029522180307498175,140
dst_yager_fire_specificity_silence_sensitivity_tau_0_8,CWE-191,0.0,0.0,0.9994232759906481,0.9894663908216911,0.0005767240093519734,1.0,,,-0.003072021730271023,0.9889018485315088,0.49971163799532403,0.49971163799532403,0.011197421902539029,92
dst_yager_fire_specificity_silence_sensitivity_tau_0_8,CWE-20,0.00832545315711907,0.038235294117647055,0.8160138684464977,0.9544492349397172,0.18398613155350238,0.9617647058823529,0.013671989262571727,0.022244657221560247,-0.07365507172527304,0.7857465447897988,0.4271245812820723,0.4271245812820723,0.025552827145975045,340
dst_yager_fire_specificity_silence_sensitivity_tau_0_8,CWE-269,0.0,0.0,0.9825368182027129,0.9898689005604556,0.01746318179728708,1.0,,,-0.013287590590180018,0.972754579172841,0.49126840910135644,0.49126840910135644,0.006579792102533984,87
dst_yager_fire_specificity_silence_sensitivity_tau_0_8,CWE-285,0.020634920634920634,0.006896551724137931,0.9883933640738569,0.9665400017835706,0.011606635926143097,0.993103448275862,0.02581612258494337,0.019881422924901186,-0.007740027310094062,0.9557040910474848,0.4976449578989974,0.49765221619576927,0.036285780713302886,291
dst_yager_fire_specificity_silence_sensitivity_tau_0_8,CWE-287,0.40216821973798594,0.07705806451612904,0.9913748855095157,0.9332863387961596,0.008625114490484257,0.9229419354838709,0.1286242119629814,0.0917576861320406,0.1507378422785449,0.9261728925728814,0.5342164750128224,0.5342059995677048,0.07614971224376707,623
dst_yager_fire_specificity_silence_sensitivity_tau_0_8,CWE-311,0.39138466734211413,0.45854145854145856,0.9670806811798108,0.9747808926247427,0.03291931882018918,0.5414585414585413,0.42212634771864144,0.4431926486937684,0.3946987290460561,0.9446173690569282,0.7128110698606347,0.7190260766099712,0.2592462944493387,386
dst_yager_fire_specificity_silence_sensitivity_tau_0_8,CWE-327,0.8286225336529596,0.49714285714285716,0.9947528951785227,0.9794264767705363,0.005247104821477373,0.5028571428571429,0.5822477594536066,0.5248044151223217,0.6085233476242762,0.974801486325758,0.7459478761606899,0.871091767664287,0.6681001669774289,350
dst_yager_fire_specificity_silence_sensitivity_tau_0_8,CWE-330,1.0,0.8720000000000001,1.0,0.9962479767406632,0.0,0.128,0.9308138096454488,0.8944503889136349,0.9316690003072923,0.9963393592360976,0.9359999999999999,0.9378596489311442,0.884901518389893,250
dst_yager_fire_specificity_silence_sensitivity_tau_0_8,CWE-345,0.4741702741702742,0.06037735849056604,0.995724269600981,0.9425654359712137,0.004275730399018984,0.939622641509434,0.10566341220225714,0.07284517509198976,0.15036150648048158,0.9389876336208502,0.5280508140457736,0.528092920158655,0.08846521678324812,530
dst_yager_fire_specificity_silence_sensitivity_tau_0_8,CWE-400,0.25,0.00392156862745098,0.9995291805222895,0.9712555659375826,0.0004708194777105155,0.996078431372549,0.038461538461538464,0.024390243902439025,0.03098436854490162,0.9708147561532314,0.5017253745748702,0.5017253745748702,0.02510224081803499,252
dst_yager_fire_specificity_silence_sensitivity_tau_0_8,CWE-501,0.691965811965812,0.3555555555555555,0.9983850984230049,0.9933353746901823,0.001614901576995048,0.6444444444444445,0.4637060669318734,0.3915755489882702,0.4889509884860733,0.9917709592701506,0.6769703269892803,0.8757047240355735,0.5534851836987167,90
dst_yager_fire_specificity_silence_sensitivity_tau_0_8,CWE-610,0.6001267748478701,0.3445842068483578,0.9926925179862625,0.9796196121357011,0.007307482013737418,0.6554157931516421,0.43749567444221277,0.3765392199701103,0.44203737896638573,0.9728946561722035,0.6686383624173102,0.6688064406900073,0.28012194505552596,267
dst_yager_fire_specificity_silence_sensitivity_tau_0_8,CWE-662,0.5,0.010526315789473684,0.9998851234922459,0.9893538809772704,0.00011487650775416428,0.9894736842105264,0.1,0.06493506493506494,0.11287503819915358,0.9892426309627702,0.5052057196408597,0.5052057196408597,0.019379385697905756,94
dst_yager_fire_specificity_silence_sensitivity_tau_0_8,CWE-668,0.030105122150576695,0.016417600664176007,0.9236663112227322,0.8673711337871748,0.07633368877726779,0.9835823993358239,0.026550572947339004,0.02257113504487595,-0.07836074767465842,0.8097572993928186,0.47004195594345416,0.47004195594345416,0.08068430145489774,1097
dst_yager_fire_specificity_silence_sensitivity_tau_0_8,CWE-704,0.0,0.0,0.9994298091558365,0.9953052779579421,0.0005701908441634469,1.0,,,-0.00253333948793809,0.9947402574290308,0.49971490457791823,0.49971490457791823,0.005517971747314987,41
dst_yager_fire_specificity_silence_sensitivity_tau_0_8,CWE-706,0.4827292986159981,0.4329378531073447,0.9836554127045385,0.9800439529024676,0.016344587295461458,0.5670621468926553,0.45524503181293674,0.44133220031683235,0.4385186932731133,0.9648607812780104,0.7082966329059416,0.7080189707477873,0.28976964790814047,298
dst_yager_fire_specificity_silence_sensitivity_tau_0_8,CWE-74,0.6506045955085181,0.4351760520181573,0.9538211093562632,0.8963896595458148,0.046178890643736835,0.5648239479818427,0.5208139664439548,0.4657160371911705,0.4610357651989137,0.869107588509052,0.6944985806872103,0.7454850038957177,0.4755993322568538,1427
dst_yager_fire_specificity_silence_sensitivity_tau_0_8,CWE-913,0.3418888000544347,0.25367965367965367,0.9939771776788018,0.990763125278977,0.006022822321198163,0.7463203463203463,0.2895488721804511,0.2666396082460816,0.2861770044346604,0.9848968053727232,0.6238284156792278,0.6238303850554257,0.13615130135165285,107
dst_yager_fire_specificity_silence_sensitivity_tau_0_8,CWE-923,,0.0,1.0,0.9621160785848722,0.0,1.0,,,,0.9621160785848722,0.5,0.5,0.02168795088321281,331
dst_yager_fire_specificity_silence_sensitivity_tau_0_9,CWE-116,0.0,0.0,0.9975821717597577,0.9933459392883762,0.002417828240242175,1.0,,,-0.003985804340268795,0.9909601748681831,0.49879108587987886,0.49879108587987886,0.00424599741186992,58
dst_yager_fire_specificity_silence_sensitivity_tau_0_9,CWE-190,0.4,0.02857142857142857,0.9993057919800382,0.9844149763710736,0.0006942080199618057,0.9714285714285715,0.12539184952978055,0.08622645790787382,0.10708915340566885,0.9837489728523463,0.5139386102757333,0.5139386102757333,0.029522180307498175,140
dst_yager_fire_specificity_silence_sensitivity_tau_0_9,CWE-191,0.0,0.0,0.9994232759906481,0.9894663908216911,0.0005767240093519734,1.0,,,-0.003072021730271023,0.9889018485315088,0.49971163799532403,0.49971163799532403,0.011197421902539029,92
dst_yager_fire_specificity_silence_sensitivity_tau_0_9,CWE-20,0.00832545315711907,0.038235294117647055,0.8160138684464977,0.9544492349397172,0.18398613155350238,0.9617647058823529,0.013671989262571727,0.022244657221560247,-0.07365507172527304,0.7857465447897988,0.4271245812820723,0.4271245812820723,0.025552827145975045,340
dst_yager_fire_specificity_silence_sensitivity_tau_0_9,CWE-269,0.0,0.0,0.9825368182027129,0.9898689005604556,0.01746318179728708,1.0,,,-0.013287590590180018,0.972754579172841,0.49126840910135644,0.49126840910135644,0.006579792102533984,87
dst_yager_fire_specificity_silence_sensitivity_tau_0_9,CWE-285,0.020634920634920634,0.006896551724137931,0.9883933640738569,0.9665400017835706,0.011606635926143097,0.993103448275862,0.02581612258494337,0.019881422924901186,-0.007740027310094062,0.9557040910474848,0.4976449578989974,0.49765221619576927,0.036285780713302886,291
dst_yager_fire_specificity_silence_sensitivity_tau_0_9,CWE-287,0.40216821973798594,0.07705806451612904,0.9913748855095157,0.9332863387961596,0.008625114490484257,0.9229419354838709,0.1286242119629814,0.0917576861320406,0.1507378422785449,0.9261728925728814,0.5342164750128224,0.5342059995677048,0.07614971224376707,623
dst_yager_fire_specificity_silence_sensitivity_tau_0_9,CWE-311,0.4509667755991285,0.18664668664668665,0.9893453685210346,0.963398992365948,0.010654631478965447,0.8133533133533133,0.25944180092051083,0.20990224268574412,0.2672892378719953,0.9538781915650079,0.5879960275838606,0.7190260766099712,0.2592462944493387,386
dst_yager_fire_specificity_silence_sensitivity_tau_0_9,CWE-327,0.9502352941176471,0.2885714285714286,0.999402535471998,0.9711521372862798,0.0005974645280020313,0.7114285714285714,0.4414757533513945,0.3349226093672951,0.5141172283639639,0.9709260704060914,0.6439869820217132,0.871091767664287,0.6681001669774289,350
dst_yager_fire_specificity_silence_sensitivity_tau_0_9,CWE-330,1.0,0.8720000000000001,1.0,0.9962479767406632,0.0,0.128,0.9308138096454488,0.8944503889136349,0.9316690003072923,0.9963393592360976,0.9359999999999999,0.9378596489311442,0.884901518389893,250
dst_yager_fire_specificity_silence_sensitivity_tau_0_9,CWE-345,0.4741702741702742,0.06037735849056604,0.995724269600981,0.9425654359712137,0.004275730399018984,0.939622641509434,0.10566341220225714,0.07284517509198976,0.15036150648048158,0.9389876336208502,0.5280508140457736,0.528092920158655,0.08846521678324812,530
dst_yager_fire_specificity_silence_sensitivity_tau_0_9,CWE-400,0.25,0.00392156862745098,0.9995291805222895,0.9712555659375826,0.0004708194777105155,0.996078431372549,0.038461538461538464,0.024390243902439025,0.03098436854490162,0.9708147561532314,0.5017253745748702,0.5017253745748702,0.02510224081803499,252
dst_yager_fire_specificity_silence_sensitivity_tau_0_9,CWE-501,0.691965811965812,0.3555555555555555,0.9983850984230049,0.9933353746901823,0.001614901576995048,0.6444444444444445,0.4637060669318734,0.3915755489882702,0.4889509884860733,0.9917709592701506,0.6769703269892803,0.8757047240355735,0.5534851836987167,90
dst_yager_fire_specificity_silence_sensitivity_tau_0_9,CWE-610,0.6207204433497537,0.33710691823899375,0.9935135009835291,0.9794086447025656,0.006486499016470882,0.6628930817610063,0.43670090964475533,0.37092196383392834,0.44531798944159895,0.9734615852413473,0.6653102096112614,0.6688064406900073,0.28012194505552596,267
dst_yager_fire_specificity_silence_sensitivity_tau_0_9,CWE-662,0.5,0.010526315789473684,0.9998851234922459,0.9893538809772704,0.00011487650775416428,0.9894736842105264,0.1,0.06493506493506494,0.11287503819915358,0.9892426309627702,0.5052057196408597,0.5052057196408597,0.019379385697905756,94
dst_yager_fire_specificity_silence_sensitivity_tau_0_9,CWE-668,0.030105122150576695,0.016417600664176007,0.9236663112227322,0.8673711337871748,0.07633368877726779,0.9835823993358239,0.026550572947339004,0.02257113504487595,-0.07836074767465842,0.8097572993928186,0.47004195594345416,0.47004195594345416,0.08068430145489774,1097
dst_yager_fire_specificity_silence_sensitivity_tau_0_9,CWE-704,0.0,0.0,0.9994298091558365,0.9953052779579421,0.0005701908441634469,1.0,,,-0.00253333948793809,0.9947402574290308,0.49971490457791823,0.49971490457791823,0.005517971747314987,41
dst_yager_fire_specificity_silence_sensitivity_tau_0_9,CWE-706,0.4827292986159981,0.4329378531073447,0.9836554127045385,0.9800439529024676,0.016344587295461458,0.5670621468926553,0.45524503181293674,0.44133220031683235,0.4385186932731133,0.9648607812780104,0.7082966329059416,0.7080189707477873,0.28976964790814047,298
dst_yager_fire_specificity_silence_sensitivity_tau_0_9,CWE-74,0.6506045955085181,0.4351760520181573,0.9538211093562632,0.8963896595458148,0.046178890643736835,0.5648239479818427,0.5208139664439548,0.4657160371911705,0.4610357651989137,0.869107588509052,0.6944985806872103,0.7454850038957177,0.4755993322568538,1427
dst_yager_fire_specificity_silence_sensitivity_tau_0_9,CWE-913,0.3385922574157868,0.24415584415584415,0.9942075951777898,0.9906500423649399,0.005792404822210222,0.7558441558441558,0.2821131954258889,0.2578026591628058,0.2793355642637286,0.9850089301776513,0.6191817196668169,0.6238303850554257,0.13615130135165285,107
dst_yager_fire_specificity_silence_sensitivity_tau_0_9,CWE-923,,0.0,1.0,0.9621160785848722,0.0,1.0,,,,0.9621160785848722,0.5,0.5,0.02168795088321281,331
naive_bayes_tau_0_1,CWE-116,,0.0,1.0,0.9933619380241989,0.0,1.0,,,,0.9933619380241989,0.5,0.5012089141201211,0.00426204204908028,58
naive_bayes_tau_0_1,CWE-190,0.4,0.02857142857142857,0.9993057919800382,0.9844149763710736,0.0006942080199618057,0.9714285714285715,0.12539184952978055,0.08622645790787382,0.10708915340566885,0.9837489728523463,0.5139386102757333,0.5139386102757333,0.029522180307498175,140
naive_bayes_tau_0_1,CWE-191,,0.0,1.0,0.9894724530237615,0.0,1.0,,,,0.9894724530237615,0.5,0.5,0.011205068872282486,92
naive_bayes_tau_0_1,CWE-20,,0.0,1.0,0.9610871223331069,0.0,1.0,,,,0.9610871223331069,0.5,0.5728754187179277,0.031210899045303636,340
naive_bayes_tau_0_1,CWE-269,,0.0,1.0,0.9900439889684988,0.0,1.0,,,,0.9900439889684988,0.5,0.5087315908986435,0.00684482646686109,87
naive_bayes_tau_0_1,CWE-285,,0.0,1.0,0.966694064192742,0.0,1.0,,,,0.966694064192742,0.5,0.50009558245652,0.037344790763176136,291
naive_bayes_tau_0_1,CWE-287,0.40216821973798594,0.07705806451612904,0.9913748855095157,0.9332863387961596,0.008625114490484257,0.9229419354838709,0.1286242119629814,0.0917576861320406,0.1507378422785449,0.9261728925728814,0.5342164750128224,0.534238762079765,0.08071606635998385,623
naive_bayes_tau_0_1,CWE-311,0.35377849074979084,0.47405927405927406,0.9600180358181977,0.9753198877636295,0.039981964181802394,0.5259407259407258,0.40469613712017055,0.4434743066409913,0.3777573777152964,0.9385574081482029,0.7170386549387359,0.7190260766099712,0.2592462944493387,386
naive_bayes_tau_0_1,CWE-327,0.6979589058599708,0.7514285714285714,0.9862756188301718,0.9895918801500564,0.013724381169828086,0.24857142857142858,0.723064685454703,0.739648878941486,0.7118972604293341,0.976867930850146,0.8688520951293717,0.8712913435200049,0.6749621868316854,350
naive_bayes_tau_0_1,CWE-330,0.9168755823866453,0.876,0.9976399602875174,0.9963577386493803,0.0023600397124825074,0.12400000000000003,0.8950367131841558,0.8833108265264682,0.8927759599982098,0.9941624912370909,0.9368199801437587,0.9378596489311442,0.884901518389893,250
naive_bayes_tau_0_1,CWE-345,0.5659033613445378,0.06037735849056604,0.9970702133936913,0.9426387437483863,0.002929786606308713,0.939622641509434,0.10764506685519118,0.073222961007231,0.1675505837590298,0.9402516044057991,0.5287237859421288,0.5293546517256023,0.08910615312667954,530
naive_bayes_tau_0_1,CWE-400,0.0,0.0,0.9995291805222895,0.9711434279511565,0.0004708194777105155,1.0,,,-0.0046844527709365156,0.9706992827121228,0.4997645902611447,0.4997645902611447,0.020908162445888286,252
naive_bayes_tau_0_1,CWE-501,0.6296399694889396,0.7555555555555555,0.9953812098125555,0.9974542343909855,0.004618790187444582,0.24444444444444446,0.6852590661349655,0.725261781430987,0.6854322746753484,0.9929134510534012,0.8754683826840555,0.8757047240355735,0.5534851836987167,90
naive_bayes_tau_0_1,CWE-610,0.6001267748478701,0.3445842068483578,0.9926925179862625,0.9796196121357011,0.007307482013737418,0.6554157931516421,0.43749567444221277,0.3765392199701103,0.44203737896638573,0.9728946561722035,0.6686383624173102,0.6688064406900073,0.28012194505552596,267
naive_bayes_tau_0_1,CWE-662,0.0,0.0,0.9998851234922459,0.9892415968778963,0.00011487650775416428,1.0,,,-0.002490832336513584,0.9891291879678752,0.49994256174612295,0.49994256174612295,0.00877267421514677,94
naive_bayes_tau_0_1,CWE-668,0.13262886621282527,0.9835823993358239,0.07633368877726779,0.9698948778494234,0.9236663112227322,0.016417600664176007,0.2337354484458399,0.43077241734463706,0.07836074767465842,0.19024270060718146,0.5299580440565459,0.5299580440565459,0.07904967821648681,1097
naive_bayes_tau_0_1,CWE-704,,0.0,1.0,0.9953078591409886,0.0,1.0,,,,0.9953078591409886,0.5,0.5,0.005517971747314987,41
naive_bayes_tau_0_1,CWE-706,0.46110367194539226,0.4329378531073447,0.9821159226808851,0.9800129474576857,0.01788407731911501,0.5670621468926553,0.4452957891273007,0.4375135735427634,0.427311463201738,0.9633737253178636,0.7075268878941148,0.7080189707477873,0.28976964790814047,298
naive_bayes_tau_0_1,CWE-74,0.3874410757366056,0.6152840142313826,0.8100374899684712,0.9151666357409696,0.18996251003152878,0.3847159857686173,0.4753503760540133,0.5504066769740495,0.35873317112616887,0.7782143707924064,0.712660752099927,0.7454850038957177,0.4755993322568538,1427
naive_bayes_tau_0_1,CWE-913,0.3344986901643249,0.24415584415584415,0.994092784615218,0.9906491223050047,0.005907215384781978,0.7558441558441558,0.2803183236310171,0.2571363732309574,0.2773520624026581,0.9848954871827562,0.6191243143855311,0.6190935283022043,0.13414003219752657,107
naive_bayes_tau_0_1,CWE-923,,0.0,1.0,0.9621160785848722,0.0,1.0,,,,0.9621160785848722,0.5,0.5,0.02168795088321281,331
naive_bayes_tau_0_2,CWE-116,,0.0,1.0,0.9933619380241989,0.0,1.0,,,,0.9933619380241989,0.5,0.5012089141201211,0.00426204204908028,58
naive_bayes_tau_0_2,CWE-190,0.3333333333333333,0.007142857142857143,0.9995367388622552,0.9840821610382584,0.0004632611377447156,0.9928571428571429,0.0689655172413793,0.04424778761061946,0.05973062209158928,0.9836353364887099,0.5033397980025562,0.5139386102757333,0.029522180307498175,140
naive_bayes_tau_0_2,CWE-191,,0.0,1.0,0.9894724530237615,0.0,1.0,,,,0.9894724530237615,0.5,0.5,0.011205068872282486,92
naive_bayes_tau_0_2,CWE-20,,0.0,1.0,0.9610871223331069,0.0,1.0,,,,0.9610871223331069,0.5,0.5728754187179277,0.031210899045303636,340
naive_bayes_tau_0_2,CWE-269,,0.0,1.0,0.9900439889684988,0.0,1.0,,,,0.9900439889684988,0.5,0.5087315908986435,0.00684482646686109,87
naive_bayes_tau_0_2,CWE-285,,0.0,1.0,0.966694064192742,0.0,1.0,,,,0.966694064192742,0.5,0.50009558245652,0.037344790763176136,291
naive_bayes_tau_0_2,CWE-287,0.40216821973798594,0.07705806451612904,0.9913748855095157,0.9332863387961596,0.008625114490484257,0.9229419354838709,0.1286242119629814,0.0917576861320406,0.1507378422785449,0.9261728925728814,0.5342164750128224,0.534238762079765,0.08071606635998385,623
naive_bayes_tau_0_2,CWE-311,0.35377849074979084,0.47405927405927406,0.9600180358181977,0.9753198877636295,0.039981964181802394,0.5259407259407258,0.40469613712017055,0.4434743066409913,0.3777573777152964,0.9385574081482029,0.7170386549387359,0.7190260766099712,0.2592462944493387,386
naive_bayes_tau_0_2,CWE-327,0.6979589058599708,0.7514285714285714,0.9862756188301718,0.9895918801500564,0.013724381169828086,0.24857142857142858,0.723064685454703,0.739648878941486,0.7118972604293341,0.976867930850146,0.8688520951293717,0.8712913435200049,0.6749621868316854,350
naive_bayes_tau_0_2,CWE-330,0.9168755823866453,0.876,0.9976399602875174,0.9963577386493803,0.0023600397124825074,0.12400000000000003,0.8950367131841558,0.8833108265264682,0.8927759599982098,0.9941624912370909,0.9368199801437587,0.9378596489311442,0.884901518389893,250
naive_bayes_tau_0_2,CWE-345,0.5659033613445378,0.06037735849056604,0.9970702133936913,0.9426387437483863,0.002929786606308713,0.939622641509434,0.10764506685519118,0.073222961007231,0.1675505837590298,0.9402516044057991,0.5287237859421288,0.5293546517256023,0.08910615312667954,530
naive_bayes_tau_0_2,CWE-400,,0.0,1.0,0.9711565763595033,0.0,1.0,,,,0.9711565763595033,0.5,0.4997645902611447,0.020908162445888286,252
naive_bayes_tau_0_2,CWE-501,0.6296399694889396,0.7555555555555555,0.9953812098125555,0.9974542343909855,0.004618790187444582,0.24444444444444446,0.6852590661349655,0.725261781430987,0.6854322746753484,0.9929134510534012,0.8754683826840555,0.8757047240355735,0.5534851836987167,90
naive_bayes_tau_0_2,CWE-610,0.6001267748478701,0.3445842068483578,0.9926925179862625,0.9796196121357011,0.007307482013737418,0.6554157931516421,0.43749567444221277,0.3765392199701103,0.44203737896638573,0.9728946561722035,0.6686383624173102,0.6688064406900073,0.28012194505552596,267
naive_bayes_tau_0_2,CWE-662,,0.0,1.0,0.9892428243315114,0.0,1.0,,,,0.9892428243315114,0.5,0.49994256174612295,0.00877267421514677,94
naive_bayes_tau_0_2,CWE-668,,0.0,1.0,0.8744466303932542,0.0,1.0,,,,0.8744466303932542,0.5,0.5299580440565459,0.07904967821648681,1097
naive_bayes_tau_0_2,CWE-704,,0.0,1.0,0.9953078591409886,0.0,1.0,,,,0.9953078591409886,0.5,0.5,0.005517971747314987,41
naive_bayes_tau_0_2,CWE-706,0.46110367194539226,0.4329378531073447,0.9821159226808851,0.9800129474576857,0.01788407731911501,0.5670621468926553,0.4452957891273007,0.4375135735427634,0.427311463201738,0.9633737253178636,0.7075268878941148,0.7080189707477873,0.28976964790814047,298
naive_bayes_tau_0_2,CWE-74,0.3874410757366056,0.6152840142313826,0.8100374899684712,0.9151666357409696,0.18996251003152878,0.3847159857686173,0.4753503760540133,0.5504066769740495,0.35873317112616887,0.7782143707924064,0.712660752099927,0.7454850038957177,0.4755993322568538,1427
naive_bayes_tau_0_2,CWE-913,0.3385922574157868,0.24415584415584415,0.9942075951777898,0.9906500423649399,0.005792404822210222,0.7558441558441558,0.2821131954258889,0.2578026591628058,0.2793355642637286,0.9850089301776513,0.6191817196668169,0.6190935283022043,0.13414003219752657,107
naive_bayes_tau_0_2,CWE-923,,0.0,1.0,0.9621160785848722,0.0,1.0,,,,0.9621160785848722,0.5,0.5,0.02168795088321281,331
naive_bayes_tau_0_3,CWE-116,,0.0,1.0,0.9933619380241989,0.0,1.0,,,,0.9933619380241989,0.5,0.5012089141201211,0.00426204204908028,58
naive_bayes_tau_0_3,CWE-190,0.3333333333333333,0.007142857142857143,0.9995367388622552,0.9840821610382584,0.0004632611377447156,0.9928571428571429,0.0689655172413793,0.04424778761061946,0.05973062209158928,0.9836353364887099,0.5033397980025562,0.5139386102757333,0.029522180307498175,140
naive_bayes_tau_0_3,CWE-191,,0.0,1.0,0.9894724530237615,0.0,1.0,,,,0.9894724530237615,0.5,0.5,0.011205068872282486,92
naive_bayes_tau_0_3,CWE-20,,0.0,1.0,0.9610871223331069,0.0,1.0,,,,0.9610871223331069,0.5,0.5728754187179277,0.031210899045303636,340
naive_bayes_tau_0_3,CWE-269,,0.0,1.0,0.9900439889684988,0.0,1.0,,,,0.9900439889684988,0.5,0.5087315908986435,0.00684482646686109,87
naive_bayes_tau_0_3,CWE-285,,0.0,1.0,0.966694064192742,0.0,1.0,,,,0.966694064192742,0.5,0.50009558245652,0.037344790763176136,291
naive_bayes_tau_0_3,CWE-287,0.40216821973798594,0.07705806451612904,0.9913748855095157,0.9332863387961596,0.008625114490484257,0.9229419354838709,0.1286242119629814,0.0917576861320406,0.1507378422785449,0.9261728925728814,0.5342164750128224,0.534238762079765,0.08071606635998385,623
naive_bayes_tau_0_3,CWE-311,0.39138466734211413,0.45854145854145856,0.9670806811798108,0.9747808926247427,0.03291931882018918,0.5414585414585413,0.42212634771864144,0.4431926486937684,0.3946987290460561,0.9446173690569282,0.7128110698606347,0.7190260766099712,0.2592462944493387,386
naive_bayes_tau_0_3,CWE-327,0.6979589058599708,0.7514285714285714,0.9862756188301718,0.9895918801500564,0.013724381169828086,0.24857142857142858,0.723064685454703,0.739648878941486,0.7118972604293341,0.976867930850146,0.8688520951293717,0.8712913435200049,0.6749621868316854,350
naive_bayes_tau_0_3,CWE-330,0.9168755823866453,0.876,0.9976399602875174,0.9963577386493803,0.0023600397124825074,0.12400000000000003,0.8950367131841558,0.8833108265264682,0.8927759599982098,0.9941624912370909,0.9368199801437587,0.9378596489311442,0.884901518389893,250
naive_bayes_tau_0_3,CWE-345,0.5659033613445378,0.06037735849056604,0.9970702133936913,0.9426387437483863,0.002929786606308713,0.939622641509434,0.10764506685519118,0.073222961007231,0.1675505837590298,0.9402516044057991,0.5287237859421288,0.5293546517256023,0.08910615312667954,530
naive_bayes_tau_0_3,CWE-400,,0.0,1.0,0.9711565763595033,0.0,1.0,,,,0.9711565763595033,0.5,0.4997645902611447,0.020908162445888286,252
naive_bayes_tau_0_3,CWE-501,0.6296399694889396,0.7555555555555555,0.9953812098125555,0.9974542343909855,0.004618790187444582,0.24444444444444446,0.6852590661349655,0.725261781430987,0.6854322746753484,0.9929134510534012,0.8754683826840555,0.8757047240355735,0.5534851836987167,90
naive_bayes_tau_0_3,CWE-610,0.6090553462764416,0.3408805031446541,0.9930436004906511,0.979513927859983,0.006956399509348887,0.659119496855346,0.4367015734779473,0.37363070595636094,0.44310835110158403,0.9731215421619936,0.6669620518176526,0.6688064406900073,0.28012194505552596,267
naive_bayes_tau_0_3,CWE-662,,0.0,1.0,0.9892428243315114,0.0,1.0,,,,0.9892428243315114,0.5,0.49994256174612295,0.00877267421514677,94
naive_bayes_tau_0_3,CWE-668,,0.0,1.0,0.8744466303932542,0.0,1.0,,,,0.8744466303932542,0.5,0.5299580440565459,0.07904967821648681,1097
naive_bayes_tau_0_3,CWE-704,,0.0,1.0,0.9953078591409886,0.0,1.0,,,,0.9953078591409886,0.5,0.5,0.005517971747314987,41
naive_bayes_tau_0_3,CWE-706,0.4767226245336844,0.4329378531073447,0.9831859291364633,0.9800351259402357,0.016814070863536573,0.5670621468926553,0.45219353785235195,0.4400994924685924,0.43525480601046873,0.9644070092984303,0.708061891121904,0.7080189707477873,0.28976964790814047,298
naive_bayes_tau_0_3,CWE-74,0.5503298398948432,0.5711544595755121,0.908675347630305,0.9156421844933973,0.09132465236969496,0.42884554042448786,0.5601360777588462,0.5665936038667455,0.4727389806902137,0.853517255441498,0.7399149036029086,0.7454850038957177,0.4755993322568538,1427
naive_bayes_tau_0_3,CWE-913,0.3385922574157868,0.24415584415584415,0.9942075951777898,0.9906500423649399,0.005792404822210222,0.7558441558441558,0.2821131954258889,0.2578026591628058,0.2793355642637286,0.9850089301776513,0.6191817196668169,0.6190935283022043,0.13414003219752657,107
naive_bayes_tau_0_3,CWE-923,,0.0,1.0,0.9621160785848722,0.0,1.0,,,,0.9621160785848722,0.5,0.5,0.02168795088321281,331
naive_bayes_tau_0_4,CWE-116,,0.0,1.0,0.9933619380241989,0.0,1.0,,,,0.9933619380241989,0.5,0.5012089141201211,0.00426204204908028,58
naive_bayes_tau_0_4,CWE-190,,0.0,1.0,0.9839770503724559,0.0,1.0,,,,0.9839770503724559,0.5,0.5139386102757333,0.029522180307498175,140
naive_bayes_tau_0_4,CWE-191,,0.0,1.0,0.9894724530237615,0.0,1.0,,,,0.9894724530237615,0.5,0.5,0.011205068872282486,92
naive_bayes_tau_0_4,CWE-20,,0.0,1.0,0.9610871223331069,0.0,1.0,,,,0.9610871223331069,0.5,0.5728754187179277,0.031210899045303636,340
naive_bayes_tau_0_4,CWE-269,,0.0,1.0,0.9900439889684988,0.0,1.0,,,,0.9900439889684988,0.5,0.5087315908986435,0.00684482646686109,87
naive_bayes_tau_0_4,CWE-285,,0.0,1.0,0.966694064192742,0.0,1.0,,,,0.966694064192742,0.5,0.50009558245652,0.037344790763176136,291
naive_bayes_tau_0_4,CWE-287,1.0,0.008025806451612903,1.0,0.9292279808728049,0.0,0.991974193548387,0.019842269716285464,0.012505270747833936,0.09533597954948839,0.9292683691456436,0.5040129032258065,0.534238762079765,0.08071606635998385,623
naive_bayes_tau_0_4,CWE-311,0.4509667755991285,0.18664668664668665,0.9893453685210346,0.963398992365948,0.010654631478965447,0.8133533133533133,0.25944180092051083,0.20990224268574412,0.2672892378719953,0.9538781915650079,0.5879960275838606,0.7190260766099712,0.2592462944493387,386
naive_bayes_tau_0_4,CWE-327,0.700029299234712,0.7514285714285714,0.9863937523210164,0.9895932748784017,0.013606247678983432,0.24857142857142858,0.7240924346838911,0.7400582117290424,0.7129888516141951,0.9769813738450411,0.868911161874794,0.8712913435200049,0.6749621868316854,350
naive_bayes_tau_0_4,CWE-330,0.9168755823866453,0.876,0.9976399602875174,0.9963577386493803,0.0023600397124825074,0.12400000000000003,0.8950367131841558,0.8833108265264682,0.8927759599982098,0.9941624912370909,0.9368199801437587,0.9378596489311442,0.884901518389893,250
naive_bayes_tau_0_4,CWE-345,0.5659033613445378,0.06037735849056604,0.9970702133936913,0.9426387437483863,0.002929786606308713,0.939622641509434,0.10764506685519118,0.073222961007231,0.1675505837590298,0.9402516044057991,0.5287237859421288,0.5293546517256023,0.08910615312667954,530
naive_bayes_tau_0_4,CWE-400,,0.0,1.0,0.9711565763595033,0.0,1.0,,,,0.9711565763595033,0.5,0.4997645902611447,0.020908162445888286,252
naive_bayes_tau_0_4,CWE-501,0.6418277919863598,0.6888888888888889,0.9958481586239305,0.9967611672038957,0.004151841376069423,0.3111111111111111,0.6580041399326708,0.6744368200104988,0.6580686705593577,0.9926862450352221,0.8423685237564097,0.8757047240355735,0.5534851836987167,90
naive_bayes_tau_0_4,CWE-610,0.6207204433497537,0.33710691823899375,0.9935135009835291,0.9794086447025656,0.006486499016470882,0.6628930817610063,0.43670090964475533,0.37092196383392834,0.44531798944159895,0.9734615852413473,0.6653102096112614,0.6688064406900073,0.28012194505552596,267
naive_bayes_tau_0_4,CWE-662,,0.0,1.0,0.9892428243315114,0.0,1.0,,,,0.9892428243315114,0.5,0.49994256174612295,0.00877267421514677,94
naive_bayes_tau_0_4,CWE-668,,0.0,1.0,0.8744466303932542,0.0,1.0,,,,0.8744466303932542,0.5,0.5299580440565459,0.07904967821648681,1097
naive_bayes_tau_0_4,CWE-704,,0.0,1.0,0.9953078591409886,0.0,1.0,,,,0.9953078591409886,0.5,0.5,0.005517971747314987,41
naive_bayes_tau_0_4,CWE-706,0.4827292986159981,0.4329378531073447,0.9836554127045385,0.9800439529024676,0.016344587295461458,0.5670621468926553,0.45524503181293674,0.44133220031683235,0.4385186932731133,0.9648607812780104,0.7082966329059416,0.7080189707477873,0.28976964790814047,298
naive_bayes_tau_0_4,CWE-74,0.5503298398948432,0.5711544595755121,0.908675347630305,0.9156421844933973,0.09132465236969496,0.42884554042448786,0.5601360777588462,0.5665936038667455,0.4727389806902137,0.853517255441498,0.7399149036029086,0.7454850038957177,0.4755993322568538,1427
naive_bayes_tau_0_4,CWE-913,,0.0,1.0,0.987754996164564,0.0,1.0,,,,0.987754996164564,0.5,0.6190935283022043,0.13414003219752657,107
naive_bayes_tau_0_4,CWE-923,,0.0,1.0,0.9621160785848722,0.0,1.0,,,,0.9621160785848722,0.5,0.5,0.02168795088321281,331
naive_bayes_tau_0_5,CWE-116,,0.0,1.0,0.9933619380241989,0.0,1.0,,,,0.9933619380241989,0.5,0.5012089141201211,0.00426204204908028,58
naive_bayes_tau_0_5,CWE-190,,0.0,1.0,0.9839770503724559,0.0,1.0,,,,0.9839770503724559,0.5,0.5139386102757333,0.029522180307498175,140
naive_bayes_tau_0_5,CWE-191,,0.0,1.0,0.9894724530237615,0.0,1.0,,,,0.9894724530237615,0.5,0.5,0.011205068872282486,92
naive_bayes_tau_0_5,CWE-20,,0.0,1.0,0.9610871223331069,0.0,1.0,,,,0.9610871223331069,0.5,0.5728754187179277,0.031210899045303636,340
naive_bayes_tau_0_5,CWE-269,,0.0,1.0,0.9900439889684988,0.0,1.0,,,,0.9900439889684988,0.5,0.5087315908986435,0.00684482646686109,87
naive_bayes_tau_0_5,CWE-285,,0.0,1.0,0.966694064192742,0.0,1.0,,,,0.966694064192742,0.5,0.50009558245652,0.037344790763176136,291
naive_bayes_tau_0_5,CWE-287,1.0,0.0032129032258064517,1.0,0.9289076492667541,0.0,0.9967870967741936,0.015936507936507936,0.010020201046598955,0.08641453909405974,0.9289236524816028,0.5016064516129032,0.534238762079765,0.08071606635998385,623
naive_bayes_tau_0_5,CWE-311,0.4509667755991285,0.18664668664668665,0.9893453685210346,0.963398992365948,0.010654631478965447,0.8133533133533133,0.25944180092051083,0.20990224268574412,0.2672892378719953,0.9538781915650079,0.5879960275838606,0.7190260766099712,0.2592462944493387,386
naive_bayes_tau_0_5,CWE-327,0.715419256638262,0.7371428571428572,0.9874660573429701,0.9890178763139401,0.012533942657029878,0.26285714285714284,0.7242979479654894,0.7315092920542711,0.71362937449423,0.9774393401352356,0.8623044572429137,0.8712913435200049,0.6749621868316854,350
naive_bayes_tau_0_5,CWE-330,0.9168755823866453,0.876,0.9976399602875174,0.9963577386493803,0.0023600397124825074,0.12400000000000003,0.8950367131841558,0.8833108265264682,0.8927759599982098,0.9941624912370909,0.9368199801437587,0.9378596489311442,0.884901518389893,250
naive_bayes_tau_0_5,CWE-345,0.5659033613445378,0.06037735849056604,0.9970702133936913,0.9426387437483863,0.002929786606308713,0.939622641509434,0.10764506685519118,0.073222961007231,0.1675505837590298,0.9402516044057991,0.5287237859421288,0.5293546517256023,0.08910615312667954,530
naive_bayes_tau_0_5,CWE-400,,0.0,1.0,0.9711565763595033,0.0,1.0,,,,0.9711565763595033,0.5,0.4997645902611447,0.020908162445888286,252
naive_bayes_tau_0_5,CWE-501,0.6559889920880633,0.4444444444444445,0.9973507439775056,0.994241924359325,0.002649256022494461,0.5555555555555556,0.514971894971895,0.4679316229649655,0.5282691396969351,0.9916583606815246,0.720897594210975,0.8757047240355735,0.5534851836987167,90
naive_bayes_tau_0_5,CWE-610,0.6207204433497537,0.33710691823899375,0.9935135009835291,0.9794086447025656,0.006486499016470882,0.6628930817610063,0.43670090964475533,0.37092196383392834,0.44531798944159895,0.9734615852413473,0.6653102096112614,0.6688064406900073,0.28012194505552596,267
naive_bayes_tau_0_5,CWE-662,,0.0,1.0,0.9892428243315114,0.0,1.0,,,,0.9892428243315114,0.5,0.49994256174612295,0.00877267421514677,94
naive_bayes_tau_0_5,CWE-668,,0.0,1.0,0.8744466303932542,0.0,1.0,,,,0.8744466303932542,0.5,0.5299580440565459,0.07904967821648681,1097
naive_bayes_tau_0_5,CWE-704,,0.0,1.0,0.9953078591409886,0.0,1.0,,,,0.9953078591409886,0.5,0.5,0.005517971747314987,41
naive_bayes_tau_0_5,CWE-706,0.55,0.053672316384180796,0.9986977128458936,0.9676216971706895,0.0013022871541064917,0.9463276836158192,0.09722024707318826,0.0653813534902857,0.16307138150151662,0.9664627047455456,0.5261850146150371,0.7080189707477873,0.28976964790814047,298
naive_bayes_tau_0_5,CWE-74,0.6506045955085181,0.4351760520181573,0.9538211093562632,0.8963896595458148,0.046178890643736835,0.5648239479818427,0.5208139664439548,0.4657160371911705,0.4610357651989137,0.869107588509052,0.6944985806872103,0.7454850038957177,0.4755993322568538,1427
naive_bayes_tau_0_5,CWE-913,,0.0,1.0,0.987754996164564,0.0,1.0,,,,0.987754996164564,0.5,0.6190935283022043,0.13414003219752657,107
naive_bayes_tau_0_5,CWE-923,,0.0,1.0,0.9621160785848722,0.0,1.0,,,,0.9621160785848722,0.5,0.5,0.02168795088321281,331
naive_bayes_tau_0_6,CWE-116,,0.0,1.0,0.9933619380241989,0.0,1.0,,,,0.9933619380241989,0.5,0.5012089141201211,0.00426204204908028,58
naive_bayes_tau_0_6,CWE-190,,0.0,1.0,0.9839770503724559,0.0,1.0,,,,0.9839770503724559,0.5,0.5139386102757333,0.029522180307498175,140
naive_bayes_tau_0_6,CWE-191,,0.0,1.0,0.9894724530237615,0.0,1.0,,,,0.9894724530237615,0.5,0.5,0.011205068872282486,92
naive_bayes_tau_0_6,CWE-20,,0.0,1.0,0.9610871223331069,0.0,1.0,,,,0.9610871223331069,0.5,0.5728754187179277,0.031210899045303636,340
naive_bayes_tau_0_6,CWE-269,,0.0,1.0,0.9900439889684988,0.0,1.0,,,,0.9900439889684988,0.5,0.5087315908986435,0.00684482646686109,87
naive_bayes_tau_0_6,CWE-285,,0.0,1.0,0.966694064192742,0.0,1.0,,,,0.966694064192742,0.5,0.50009558245652,0.037344790763176136,291
naive_bayes_tau_0_6,CWE-287,1.0,0.0032129032258064517,1.0,0.9289076492667541,0.0,0.9967870967741936,0.015936507936507936,0.010020201046598955,0.08641453909405974,0.9289236524816028,0.5016064516129032,0.534238762079765,0.08071606635998385,623
naive_bayes_tau_0_6,CWE-311,0.4509667755991285,0.18664668664668665,0.9893453685210346,0.963398992365948,0.010654631478965447,0.8133533133533133,0.25944180092051083,0.20990224268574412,0.2672892378719953,0.9538781915650079,0.5879960275838606,0.7190260766099712,0.2592462944493387,386
naive_bayes_tau_0_6,CWE-327,0.7521160736504536,0.7228571428571429,0.9898502546991811,0.9884548271115717,0.010149745300818868,0.27714285714285714,0.7361365557727423,0.7278748835355558,0.7260229073103985,0.979158301794602,0.8563536987781619,0.8712913435200049,0.6749621868316854,350
naive_bayes_tau_0_6,CWE-330,0.9601604278074867,0.876,0.9988186566221195,0.9963631761629733,0.0011813433778804078,0.12400000000000003,0.9140195694243414,0.8903688356605286,0.9137486843509178,0.9953074465760094,0.9374093283110598,0.9378596489311442,0.884901518389893,250
naive_bayes_tau_0_6,CWE-345,0.47058823529411764,0.01509433962264151,0.9988923076923077,0.9401537074106239,0.0011076923076923076,0.9849056603773585,0.13008130081300814,0.09070294784580499,0.17003306132784546,0.9392261505455233,0.5069933236574746,0.5293546517256023,0.08910615312667954,530
naive_bayes_tau_0_6,CWE-400,,0.0,1.0,0.9711565763595033,0.0,1.0,,,,0.9711565763595033,0.5,0.4997645902611447,0.020908162445888286,252
naive_bayes_tau_0_6,CWE-501,0.691965811965812,0.3555555555555555,0.9983850984230049,0.9933353746901823,0.001614901576995048,0.6444444444444445,0.4637060669318734,0.3915755489882702,0.4889509884860733,0.9917709592701506,0.6769703269892803,0.8757047240355735,0.5534851836987167,90
naive_bayes_tau_0_6,CWE-610,0.6758928571428571,0.26163522012578616,0.9944664491669716,0.9771586308791329,0.005533550833028355,0.7383647798742138,0.34166929266191887,0.2884798700540986,0.3672807342585226,0.9720759039480447,0.6280508346463789,0.6688064406900073,0.28012194505552596,267
naive_bayes_tau_0_6,CWE-662,,0.0,1.0,0.9892428243315114,0.0,1.0,,,,0.9892428243315114,0.5,0.49994256174612295,0.00877267421514677,94
naive_bayes_tau_0_6,CWE-668,,0.0,1.0,0.8744466303932542,0.0,1.0,,,,0.8744466303932542,0.5,0.5299580440565459,0.07904967821648681,1097
naive_bayes_tau_0_6,CWE-704,,0.0,1.0,0.9953078591409886,0.0,1.0,,,,0.9953078591409886,0.5,0.5,0.005517971747314987,41
naive_bayes_tau_0_6,CWE-706,0.55,0.053672316384180796,0.9986977128458936,0.9676216971706895,0.0013022871541064917,0.9463276836158192,0.09722024707318826,0.0653813534902857,0.16307138150151662,0.9664627047455456,0.5261850146150371,0.7080189707477873,0.28976964790814047,298
naive_bayes_tau_0_6,CWE-74,0.6506045955085181,0.4351760520181573,0.9538211093562632,0.8963896595458148,0.046178890643736835,0.5648239479818427,0.5208139664439548,0.4657160371911705,0.4610357651989137,0.869107588509052,0.6944985806872103,0.7454850038957177,0.4755993322568538,1427
naive_bayes_tau_0_6,CWE-913,,0.0,1.0,0.987754996164564,0.0,1.0,,,,0.987754996164564,0.5,0.6190935283022043,0.13414003219752657,107
naive_bayes_tau_0_6,CWE-923,,0.0,1.0,0.9621160785848722,0.0,1.0,,,,0.9621160785848722,0.5,0.5,0.02168795088321281,331
naive_bayes_tau_0_7,CWE-116,,0.0,1.0,0.9933619380241989,0.0,1.0,,,,0.9933619380241989,0.5,0.5012089141201211,0.00426204204908028,58
naive_bayes_tau_0_7,CWE-190,,0.0,1.0,0.9839770503724559,0.0,1.0,,,,0.9839770503724559,0.5,0.5139386102757333,0.029522180307498175,140
naive_bayes_tau_0_7,CWE-191,,0.0,1.0,0.9894724530237615,0.0,1.0,,,,0.9894724530237615,0.5,0.5,0.011205068872282486,92
naive_bayes_tau_0_7,CWE-20,,0.0,1.0,0.9610871223331069,0.0,1.0,,,,0.9610871223331069,0.5,0.5728754187179277,0.031210899045303636,340
naive_bayes_tau_0_7,CWE-269,,0.0,1.0,0.9900439889684988,0.0,1.0,,,,0.9900439889684988,0.5,0.5087315908986435,0.00684482646686109,87
naive_bayes_tau_0_7,CWE-285,,0.0,1.0,0.966694064192742,0.0,1.0,,,,0.966694064192742,0.5,0.50009558245652,0.037344790763176136,291
naive_bayes_tau_0_7,CWE-287,1.0,0.0032129032258064517,1.0,0.9289076492667541,0.0,0.9967870967741936,0.015936507936507936,0.010020201046598955,0.08641453909405974,0.9289236524816028,0.5016064516129032,0.534238762079765,0.08071606635998385,623
naive_bayes_tau_0_7,CWE-311,0.4509667755991285,0.18664668664668665,0.9893453685210346,0.963398992365948,0.010654631478965447,0.8133533133533133,0.25944180092051083,0.20990224268574412,0.2672892378719953,0.9538781915650079,0.5879960275838606,0.7190260766099712,0.2592462944493387,386
naive_bayes_tau_0_7,CWE-327,0.9400266062537869,0.32571428571428573,0.9991658490814654,0.9726101658327853,0.0008341509185345756,0.6742857142857143,0.4807300626612775,0.3737941527106129,0.5422294608117664,0.9721822394345754,0.6624400673978756,0.8712913435200049,0.6749621868316854,350
naive_bayes_tau_0_7,CWE-330,0.9954545454545455,0.876,0.9998810232004759,0.9963654073202741,0.00011897679952409281,0.12400000000000003,0.9311838373975302,0.8971261781020917,0.9317002628317426,0.9963393592360976,0.937940511600238,0.9378596489311442,0.884901518389893,250
naive_bayes_tau_0_7,CWE-345,,0.0,1.0,0.9393416906957256,0.0,1.0,,,,0.9393416906957256,0.5,0.5293546517256023,0.08910615312667954,530
naive_bayes_tau_0_7,CWE-400,,0.0,1.0,0.9711565763595033,0.0,1.0,,,,0.9711565763595033,0.5,0.4997645902611447,0.020908162445888286,252
naive_bayes_tau_0_7,CWE-501,0.691965811965812,0.3555555555555555,0.9983850984230049,0.9933353746901823,0.001614901576995048,0.6444444444444445,0.4637060669318734,0.3915755489882702,0.4889509884860733,0.9917709592701506,0.6769703269892803,0.8757047240355735,0.5534851836987167,90
naive_bayes_tau_0_7,CWE-610,1.0,0.018658280922431863,1.0,0.9699964149859499,0.0,0.9813417190775681,0.04546657046657046,0.02896534777372928,0.14854786721465313,0.9700133981475026,0.5093291404612159,0.6688064406900073,0.28012194505552596,267
naive_bayes_tau_0_7,CWE-662,,0.0,1.0,0.9892428243315114,0.0,1.0,,,,0.9892428243315114,0.5,0.49994256174612295,0.00877267421514677,94
naive_bayes_tau_0_7,CWE-668,,0.0,1.0,0.8744466303932542,0.0,1.0,,,,0.8744466303932542,0.5,0.5299580440565459,0.07904967821648681,1097
naive_bayes_tau_0_7,CWE-704,,0.0,1.0,0.9953078591409886,0.0,1.0,,,,0.9953078591409886,0.5,0.5,0.005517971747314987,41
naive_bayes_tau_0_7,CWE-706,0.55,0.053672316384180796,0.9986977128458936,0.9676216971706895,0.0013022871541064917,0.9463276836158192,0.09722024707318826,0.0653813534902857,0.16307138150151662,0.9664627047455456,0.5261850146150371,0.7080189707477873,0.28976964790814047,298
naive_bayes_tau_0_7,CWE-74,0.6506045955085181,0.4351760520181573,0.9538211093562632,0.8963896595458148,0.046178890643736835,0.5648239479818427,0.5208139664439548,0.4657160371911705,0.4610357651989137,0.869107588509052,0.6944985806872103,0.7454850038957177,0.4755993322568538,1427
naive_bayes_tau_0_7,CWE-913,,0.0,1.0,0.987754996164564,0.0,1.0,,,,0.987754996164564,0.5,0.6190935283022043,0.13414003219752657,107
naive_bayes_tau_0_7,CWE-923,,0.0,1.0,0.9621160785848722,0.0,1.0,,,,0.9621160785848722,0.5,0.5,0.02168795088321281,331
naive_bayes_tau_0_8,CWE-116,,0.0,1.0,0.9933619380241989,0.0,1.0,,,,0.9933619380241989,0.5,0.5012089141201211,0.00426204204908028,58
naive_bayes_tau_0_8,CWE-190,,0.0,1.0,0.9839770503724559,0.0,1.0,,,,0.9839770503724559,0.5,0.5139386102757333,0.029522180307498175,140
naive_bayes_tau_0_8,CWE-191,,0.0,1.0,0.9894724530237615,0.0,1.0,,,,0.9894724530237615,0.5,0.5,0.011205068872282486,92
naive_bayes_tau_0_8,CWE-20,,0.0,1.0,0.9610871223331069,0.0,1.0,,,,0.9610871223331069,0.5,0.5728754187179277,0.031210899045303636,340
naive_bayes_tau_0_8,CWE-269,,0.0,1.0,0.9900439889684988,0.0,1.0,,,,0.9900439889684988,0.5,0.5087315908986435,0.00684482646686109,87
naive_bayes_tau_0_8,CWE-285,,0.0,1.0,0.966694064192742,0.0,1.0,,,,0.966694064192742,0.5,0.50009558245652,0.037344790763176136,291
naive_bayes_tau_0_8,CWE-287,1.0,0.0032129032258064517,1.0,0.9289076492667541,0.0,0.9967870967741936,0.015936507936507936,0.010020201046598955,0.08641453909405974,0.9289236524816028,0.5016064516129032,0.534238762079765,0.08071606635998385,623
naive_bayes_tau_0_8,CWE-311,0.4509667755991285,0.18664668664668665,0.9893453685210346,0.963398992365948,0.010654631478965447,0.8133533133533133,0.25944180092051083,0.20990224268574412,0.2672892378719953,0.9538781915650079,0.5879960275838606,0.7190260766099712,0.2592462944493387,386
naive_bayes_tau_0_8,CWE-327,0.9400266062537869,0.32571428571428573,0.9991658490814654,0.9726101658327853,0.0008341509185345756,0.6742857142857143,0.4807300626612775,0.3737941527106129,0.5422294608117664,0.9721822394345754,0.6624400673978756,0.8712913435200049,0.6749621868316854,350
naive_bayes_tau_0_8,CWE-330,1.0,0.8720000000000001,1.0,0.9962479767406632,0.0,0.128,0.9308138096454488,0.8944503889136349,0.9316690003072923,0.9963393592360976,0.9359999999999999,0.9378596489311442,0.884901518389893,250
naive_bayes_tau_0_8,CWE-345,,0.0,1.0,0.9393416906957256,0.0,1.0,,,,0.9393416906957256,0.5,0.5293546517256023,0.08910615312667954,530
naive_bayes_tau_0_8,CWE-400,,0.0,1.0,0.9711565763595033,0.0,1.0,,,,0.9711565763595033,0.5,0.4997645902611447,0.020908162445888286,252
naive_bayes_tau_0_8,CWE-501,0.691965811965812,0.3555555555555555,0.9983850984230049,0.9933353746901823,0.001614901576995048,0.6444444444444445,0.4637060669318734,0.3915755489882702,0.4889509884860733,0.9917709592701506,0.6769703269892803,0.8757047240355735,0.5534851836987167,90
naive_bayes_tau_0_8,CWE-610,1.0,0.018658280922431863,1.0,0.9699964149859499,0.0,0.9813417190775681,0.04546657046657046,0.02896534777372928,0.14854786721465313,0.9700133981475026,0.5093291404612159,0.6688064406900073,0.28012194505552596,267
naive_bayes_tau_0_8,CWE-662,,0.0,1.0,0.9892428243315114,0.0,1.0,,,,0.9892428243315114,0.5,0.49994256174612295,0.00877267421514677,94
naive_bayes_tau_0_8,CWE-668,,0.0,1.0,0.8744466303932542,0.0,1.0,,,,0.8744466303932542,0.5,0.5299580440565459,0.07904967821648681,1097
naive_bayes_tau_0_8,CWE-704,,0.0,1.0,0.9953078591409886,0.0,1.0,,,,0.9953078591409886,0.5,0.5,0.005517971747314987,41
naive_bayes_tau_0_8,CWE-706,0.55,0.053672316384180796,0.9986977128458936,0.9676216971706895,0.0013022871541064917,0.9463276836158192,0.09722024707318826,0.0653813534902857,0.16307138150151662,0.9664627047455456,0.5261850146150371,0.7080189707477873,0.28976964790814047,298
naive_bayes_tau_0_8,CWE-74,0.5970969819654031,0.17473684210526316,0.977156747888577,0.860110917413883,0.022843252111423056,0.8252631578947369,0.5045495232855113,0.4616206531709388,0.43284163547283416,0.845901474533061,0.5759467949969201,0.7454850038957177,0.4755993322568538,1427
naive_bayes_tau_0_8,CWE-913,,0.0,1.0,0.987754996164564,0.0,1.0,,,,0.987754996164564,0.5,0.6190935283022043,0.13414003219752657,107
naive_bayes_tau_0_8,CWE-923,,0.0,1.0,0.9621160785848722,0.0,1.0,,,,0.9621160785848722,0.5,0.5,0.02168795088321281,331
naive_bayes_tau_0_9,CWE-116,,0.0,1.0,0.9933619380241989,0.0,1.0,,,,0.9933619380241989,0.5,0.5012089141201211,0.00426204204908028,58
naive_bayes_tau_0_9,CWE-190,,0.0,1.0,0.9839770503724559,0.0,1.0,,,,0.9839770503724559,0.5,0.5139386102757333,0.029522180307498175,140
naive_bayes_tau_0_9,CWE-191,,0.0,1.0,0.9894724530237615,0.0,1.0,,,,0.9894724530237615,0.5,0.5,0.011205068872282486,92
naive_bayes_tau_0_9,CWE-20,,0.0,1.0,0.9610871223331069,0.0,1.0,,,,0.9610871223331069,0.5,0.5728754187179277,0.031210899045303636,340
naive_bayes_tau_0_9,CWE-269,,0.0,1.0,0.9900439889684988,0.0,1.0,,,,0.9900439889684988,0.5,0.5087315908986435,0.00684482646686109,87
naive_bayes_tau_0_9,CWE-285,,0.0,1.0,0.966694064192742,0.0,1.0,,,,0.966694064192742,0.5,0.50009558245652,0.037344790763176136,291
naive_bayes_tau_0_9,CWE-287,,0.0,1.0,0.9286960542355661,0.0,1.0,,,,0.9286960542355661,0.5,0.534238762079765,0.08071606635998385,623
naive_bayes_tau_0_9,CWE-311,,0.0,1.0,0.955822733273112,0.0,1.0,,,,0.955822733273112,0.5,0.7190260766099712,0.2592462944493387,386
naive_bayes_tau_0_9,CWE-327,0.9400266062537869,0.32571428571428573,0.9991658490814654,0.9726101658327853,0.0008341509185345756,0.6742857142857143,0.4807300626612775,0.3737941527106129,0.5422294608117664,0.9721822394345754,0.6624400673978756,0.8712913435200049,0.6749621868316854,350
naive_bayes_tau_0_9,CWE-330,1.0,0.8720000000000001,1.0,0.9962479767406632,0.0,0.128,0.9308138096454488,0.8944503889136349,0.9316690003072923,0.9963393592360976,0.9359999999999999,0.9378596489311442,0.884901518389893,250
naive_bayes_tau_0_9,CWE-345,,0.0,1.0,0.9393416906957256,0.0,1.0,,,,0.9393416906957256,0.5,0.5293546517256023,0.08910615312667954,530
naive_bayes_tau_0_9,CWE-400,,0.0,1.0,0.9711565763595033,0.0,1.0,,,,0.9711565763595033,0.5,0.4997645902611447,0.020908162445888286,252
naive_bayes_tau_0_9,CWE-501,0.691965811965812,0.3555555555555555,0.9983850984230049,0.9933353746901823,0.001614901576995048,0.6444444444444445,0.4637060669318734,0.3915755489882702,0.4889509884860733,0.9917709592701506,0.6769703269892803,0.8757047240355735,0.5534851836987167,90
naive_bayes_tau_0_9,CWE-610,1.0,0.018658280922431863,1.0,0.9699964149859499,0.0,0.9813417190775681,0.04546657046657046,0.02896534777372928,0.14854786721465313,0.9700133981475026,0.5093291404612159,0.6688064406900073,0.28012194505552596,267
naive_bayes_tau_0_9,CWE-662,,0.0,1.0,0.9892428243315114,0.0,1.0,,,,0.9892428243315114,0.5,0.49994256174612295,0.00877267421514677,94
naive_bayes_tau_0_9,CWE-668,,0.0,1.0,0.8744466303932542,0.0,1.0,,,,0.8744466303932542,0.5,0.5299580440565459,0.07904967821648681,1097
naive_bayes_tau_0_9,CWE-704,,0.0,1.0,0.9953078591409886,0.0,1.0,,,,0.9953078591409886,0.5,0.5,0.005517971747314987,41
naive_bayes_tau_0_9,CWE-706,0.55,0.053672316384180796,0.9986977128458936,0.9676216971706895,0.0013022871541064917,0.9463276836158192,0.09722024707318826,0.0653813534902857,0.16307138150151662,0.9664627047455456,0.5261850146150371,0.7080189707477873,0.28976964790814047,298
naive_bayes_tau_0_9,CWE-74,,0.0,1.0,0.8366782491283284,0.0,1.0,,,,0.8366782491283284,0.5,0.7454850038957177,0.4755993322568538,1427
naive_bayes_tau_0_9,CWE-913,,0.0,1.0,0.987754996164564,0.0,1.0,,,,0.987754996164564,0.5,0.6190935283022043,0.13414003219752657,107
naive_bayes_tau_0_9,CWE-923,,0.0,1.0,0.9621160785848722,0.0,1.0,,,,0.9621160785848722,0.5,0.5,0.02168795088321281,331
bks_tau_0_1,CWE-116,,0.0,1.0,0.9933619380241989,0.0,1.0,,,,0.9933619380241989,0.5,0.5012089141201211,0.00426204204908028,58
bks_tau_0_1,CWE-190,0.4,0.02857142857142857,0.9993057919800382,0.9844149763710736,0.0006942080199618057,0.9714285714285715,0.12539184952978055,0.08622645790787382,0.10708915340566885,0.9837489728523463,0.5139386102757333,0.5139386102757333,0.029522180307498175,140
bks_tau_0_1,CWE-191,,0.0,1.0,0.9894724530237615,0.0,1.0,,,,0.9894724530237615,0.5,0.500288362004676,0.011210235343838497,92
bks_tau_0_1,CWE-20,,0.0,1.0,0.9610871223331069,0.0,1.0,,,,0.9610871223331069,0.5,0.5728754187179277,0.031210899045303636,340
bks_tau_0_1,CWE-269,,0.0,1.0,0.9900439889684988,0.0,1.0,,,,0.9900439889684988,0.5,0.5087315908986435,0.00684482646686109,87
bks_tau_0_1,CWE-285,,0.0,1.0,0.966694064192742,0.0,1.0,,,,0.966694064192742,0.5,0.5000914626526226,0.03734465711349401,291
bks_tau_0_1,CWE-287,0.40216821973798594,0.07705806451612904,0.9913748855095157,0.9332863387961596,0.008625114490484257,0.9229419354838709,0.1286242119629814,0.0917576861320406,0.1507378422785449,0.9261728925728814,0.5342164750128224,0.534257446775524,0.08071559569579716,623
bks_tau_0_1,CWE-311,0.3760151529293364,0.45854145854145856,0.964587886369662,0.9747173232472063,0.035412113630337985,0.5414585414585413,0.4125075732810286,0.43872519814466404,0.38494490218141325,0.9422335192142015,0.7115646724555603,0.7190260766099712,0.2592462944493387,386
bks_tau_0_1,CWE-327,0.700029299234712,0.7514285714285714,0.9863937523210164,0.9895932748784017,0.013606247678983432,0.24857142857142858,0.7240924346838911,0.7400582117290424,0.7129888516141951,0.9769813738450411,0.868911161874794,0.8713461751223134,0.6864941603586601,350
bks_tau_0_1,CWE-330,1.0,0.8720000000000001,1.0,0.9962479767406632,0.0,0.128,0.9308138096454488,0.8944503889136349,0.9316690003072923,0.9963393592360976,0.9359999999999999,0.9380512622415275,0.8850184307129283,250
bks_tau_0_1,CWE-345,0.5659033613445378,0.06037735849056604,0.9970702133936913,0.9426387437483863,0.002929786606308713,0.939622641509434,0.10764506685519118,0.073222961007231,0.1675505837590298,0.9402516044057991,0.5287237859421288,0.5293546517256023,0.08910615312667954,530
bks_tau_0_1,CWE-400,0.0,0.0,0.9995291805222895,0.9711434279511565,0.0004708194777105155,1.0,,,-0.0046844527709365156,0.9706992827121228,0.4997645902611447,0.49780380594741924,0.020884926337485437,252
bks_tau_0_1,CWE-501,0.6296399694889396,0.7555555555555555,0.9953812098125555,0.9974542343909855,0.004618790187444582,0.24444444444444446,0.6852590661349655,0.725261781430987,0.6854322746753484,0.9929134510534012,0.8754683826840555,0.8757047240355735,0.5534851836987167,90
bks_tau_0_1,CWE-610,0.6001267748478701,0.3445842068483578,0.9926925179862625,0.9796196121357011,0.007307482013737418,0.6554157931516421,0.43749567444221277,0.3765392199701103,0.44203737896638573,0.9728946561722035,0.6686383624173102,0.6688064406900073,0.28012194505552596,267
bks_tau_0_1,CWE-662,0.0,0.0,0.9998851234922459,0.9892415968778963,0.00011487650775416428,1.0,,,-0.002490832336513584,0.9891291879678752,0.49994256174612295,0.49467940385138603,0.008742579471603378,94
bks_tau_0_1,CWE-668,0.13262886621282527,0.9835823993358239,0.07633368877726779,0.9698948778494234,0.9236663112227322,0.016417600664176007,0.2337354484458399,0.43077241734463706,0.07836074767465842,0.19024270060718146,0.5299580440565459,0.5300241816226834,0.07905853486940378,1097
bks_tau_0_1,CWE-704,,0.0,1.0,0.9953078591409886,0.0,1.0,,,,0.9953078591409886,0.5,0.5002850954220818,0.005524984834140693,41
bks_tau_0_1,CWE-706,0.4827292986159981,0.4329378531073447,0.9836554127045385,0.9800439529024676,0.016344587295461458,0.5670621468926553,0.45524503181293674,0.44133220031683235,0.4385186932731133,0.9648607812780104,0.7082966329059416,0.7089023971713732,0.29008034066078087,298
bks_tau_0_1,CWE-74,0.5503298398948432,0.5711544595755121,0.908675347630305,0.9156421844933973,0.09132465236969496,0.42884554042448786,0.5601360777588462,0.5665936038667455,0.4727389806902137,0.853517255441498,0.7399149036029086,0.744203379925016,0.47821929452512224,1427
bks_tau_0_1,CWE-913,0.3319986901643248,0.24415584415584415,0.9939771776788018,0.990647862120726,0.006022822321198163,0.7558441558441558,0.2794648385670057,0.2568563134848782,0.27623201114314383,0.9847813319316148,0.619066510917323,0.6143566715489828,0.1317506624606093,107
bks_tau_0_1,CWE-923,,0.0,1.0,0.9621160785848722,0.0,1.0,,,,0.9621160785848722,0.5,0.5000589275191515,0.021690749160203752,331
bks_tau_0_2,CWE-116,,0.0,1.0,0.9933619380241989,0.0,1.0,,,,0.9933619380241989,0.5,0.5012089141201211,0.00426204204908028,58
bks_tau_0_2,CWE-190,0.3333333333333333,0.007142857142857143,0.9995367388622552,0.9840821610382584,0.0004632611377447156,0.9928571428571429,0.0689655172413793,0.04424778761061946,0.05973062209158928,0.9836353364887099,0.5033397980025562,0.5139386102757333,0.029522180307498175,140
bks_tau_0_2,CWE-191,,0.0,1.0,0.9894724530237615,0.0,1.0,,,,0.9894724530237615,0.5,0.500288362004676,0.011210235343838497,92
bks_tau_0_2,CWE-20,,0.0,1.0,0.9610871223331069,0.0,1.0,,,,0.9610871223331069,0.5,0.5728754187179277,0.031210899045303636,340
bks_tau_0_2,CWE-269,,0.0,1.0,0.9900439889684988,0.0,1.0,,,,0.9900439889684988,0.5,0.5087315908986435,0.00684482646686109,87
bks_tau_0_2,CWE-285,,0.0,1.0,0.966694064192742,0.0,1.0,,,,0.966694064192742,0.5,0.5000914626526226,0.03734465711349401,291
bks_tau_0_2,CWE-287,0.40216821973798594,0.07705806451612904,0.9913748855095157,0.9332863387961596,0.008625114490484257,0.9229419354838709,0.1286242119629814,0.0917576861320406,0.1507378422785449,0.9261728925728814,0.5342164750128224,0.534257446775524,0.08071559569579716,623
bks_tau_0_2,CWE-311,0.39138466734211413,0.45854145854145856,0.9670806811798108,0.9747808926247427,0.03291931882018918,0.5414585414585413,0.42212634771864144,0.4431926486937684,0.3946987290460561,0.9446173690569282,0.7128110698606347,0.7190260766099712,0.2592462944493387,386
bks_tau_0_2,CWE-327,0.700029299234712,0.7514285714285714,0.9863937523210164,0.9895932748784017,0.013606247678983432,0.24857142857142858,0.7240924346838911,0.7400582117290424,0.7129888516141951,0.9769813738450411,0.868911161874794,0.8713461751223134,0.6864941603586601,350
bks_tau_0_2,CWE-330,1.0,0.8720000000000001,1.0,0.9962479767406632,0.0,0.128,0.9308138096454488,0.8944503889136349,0.9316690003072923,0.9963393592360976,0.9359999999999999,0.9380512622415275,0.8850184307129283,250
bks_tau_0_2,CWE-345,0.5659033613445378,0.06037735849056604,0.9970702133936913,0.9426387437483863,0.002929786606308713,0.939622641509434,0.10764506685519118,0.073222961007231,0.1675505837590298,0.9402516044057991,0.5287237859421288,0.5293546517256023,0.08910615312667954,530
bks_tau_0_2,CWE-400,0.0,0.0,0.9997649823736781,0.9711500532022951,0.00023501762632197415,1.0,,,-0.005794302944912777,0.9709282658572201,0.49988249118683903,0.49780380594741924,0.020884926337485437,252
bks_tau_0_2,CWE-501,0.6296399694889396,0.7555555555555555,0.9953812098125555,0.9974542343909855,0.004618790187444582,0.24444444444444446,0.6852590661349655,0.725261781430987,0.6854322746753484,0.9929134510534012,0.8754683826840555,0.8757047240355735,0.5534851836987167,90
bks_tau_0_2,CWE-610,0.6065922920892495,0.33710691823899375,0.9930436004906511,0.9793988340840862,0.006956399509348887,0.6628930817610063,0.4329075355375679,0.36979253168250203,0.4396017797225695,0.9730060020117914,0.6650752593648225,0.6688064406900073,0.28012194505552596,267
bks_tau_0_2,CWE-662,0.0,0.0,0.9998851234922459,0.9892415968778963,0.00011487650775416428,1.0,,,-0.002490832336513584,0.9891291879678752,0.49994256174612295,0.49467940385138603,0.008742579471603378,94
bks_tau_0_2,CWE-668,,0.0,1.0,0.8744466303932542,0.0,1.0,,,,0.8744466303932542,0.5,0.5300241816226834,0.07905853486940378,1097
bks_tau_0_2,CWE-704,,0.0,1.0,0.9953078591409886,0.0,1.0,,,,0.9953078591409886,0.5,0.5002850954220818,0.005524984834140693,41
bks_tau_0_2,CWE-706,0.4827292986159981,0.4329378531073447,0.9836554127045385,0.9800439529024676,0.016344587295461458,0.5670621468926553,0.45524503181293674,0.44133220031683235,0.4385186932731133,0.9648607812780104,0.7082966329059416,0.7089023971713732,0.29008034066078087,298
bks_tau_0_2,CWE-74,0.5503298398948432,0.5711544595755121,0.908675347630305,0.9156421844933973,0.09132465236969496,0.42884554042448786,0.5601360777588462,0.5665936038667455,0.4727389806902137,0.853517255441498,0.7399149036029086,0.744203379925016,0.47821929452512224,1427
bks_tau_0_2,CWE-913,0.3319986901643248,0.24415584415584415,0.9939771776788018,0.990647862120726,0.006022822321198163,0.7558441558441558,0.2794648385670057,0.2568563134848782,0.27623201114314383,0.9847813319316148,0.619066510917323,0.6143566715489828,0.1317506624606093,107
bks_tau_0_2,CWE-923,,0.0,1.0,0.9621160785848722,0.0,1.0,,,,0.9621160785848722,0.5,0.5000589275191515,0.021690749160203752,331
bks_tau_0_3,CWE-116,,0.0,1.0,0.9933619380241989,0.0,1.0,,,,0.9933619380241989,0.5,0.5012089141201211,0.00426204204908028,58
bks_tau_0_3,CWE-190,0.0,0.0,0.9995367388622552,0.9839697660337077,0.0004632611377447156,1.0,,,-0.0041638396800467445,0.9835211812375684,0.4997683694311276,0.5139386102757333,0.029522180307498175,140
bks_tau_0_3,CWE-191,,0.0,1.0,0.9894724530237615,0.0,1.0,,,,0.9894724530237615,0.5,0.500288362004676,0.011210235343838497,92
bks_tau_0_3,CWE-20,,0.0,1.0,0.9610871223331069,0.0,1.0,,,,0.9610871223331069,0.5,0.5728754187179277,0.031210899045303636,340
bks_tau_0_3,CWE-269,,0.0,1.0,0.9900439889684988,0.0,1.0,,,,0.9900439889684988,0.5,0.5087315908986435,0.00684482646686109,87
bks_tau_0_3,CWE-285,,0.0,1.0,0.966694064192742,0.0,1.0,,,,0.966694064192742,0.5,0.5000914626526226,0.03734465711349401,291
bks_tau_0_3,CWE-287,0.40216821973798594,0.07705806451612904,0.9913748855095157,0.9332863387961596,0.008625114490484257,0.9229419354838709,0.1286242119629814,0.0917576861320406,0.1507378422785449,0.9261728925728814,0.5342164750128224,0.534257446775524,0.08071559569579716,623
bks_tau_0_3,CWE-311,0.39138466734211413,0.45854145854145856,0.9670806811798108,0.9747808926247427,0.03291931882018918,0.5414585414585413,0.42212634771864144,0.4431926486937684,0.3946987290460561,0.9446173690569282,0.7128110698606347,0.7190260766099712,0.2592462944493387,386
bks_tau_0_3,CWE-327,0.7521160736504536,0.7228571428571429,0.9898502546991811,0.9884548271115717,0.010149745300818868,0.27714285714285714,0.7361365557727423,0.7278748835355558,0.7260229073103985,0.979158301794602,0.8563536987781619,0.8713461751223134,0.6864941603586601,350
bks_tau_0_3,CWE-330,1.0,0.8720000000000001,1.0,0.9962479767406632,0.0,0.128,0.9308138096454488,0.8944503889136349,0.9316690003072923,0.9963393592360976,0.9359999999999999,0.9380512622415275,0.8850184307129283,250
bks_tau_0_3,CWE-345,0.5659033613445378,0.06037735849056604,0.9970702133936913,0.9426387437483863,0.002929786606308713,0.939622641509434,0.10764506685519118,0.073222961007231,0.1675505837590298,0.9402516044057991,0.5287237859421288,0.5293546517256023,0.08910615312667954,530
bks_tau_0_3,CWE-400,,0.0,1.0,0.9711565763595033,0.0,1.0,,,,0.9711565763595033,0.5,0.49780380594741924,0.020884926337485437,252
bks_tau_0_3,CWE-501,0.6296399694889396,0.7555555555555555,0.9953812098125555,0.9974542343909855,0.004618790187444582,0.24444444444444446,0.6852590661349655,0.725261781430987,0.6854322746753484,0.9929134510534012,0.8754683826840555,0.8757047240355735,0.5534851836987167,90
bks_tau_0_3,CWE-610,0.6207204433497537,0.33710691823899375,0.9935135009835291,0.9794086447025656,0.006486499016470882,0.6628930817610063,0.43670090964475533,0.37092196383392834,0.44531798944159895,0.9734615852413473,0.6653102096112614,0.6688064406900073,0.28012194505552596,267
bks_tau_0_3,CWE-662,0.0,0.0,0.9998851234922459,0.9892415968778963,0.00011487650775416428,1.0,,,-0.002490832336513584,0.9891291879678752,0.49994256174612295,0.49467940385138603,0.008742579471603378,94
bks_tau_0_3,CWE-668,,0.0,1.0,0.8744466303932542,0.0,1.0,,,,0.8744466303932542,0.5,0.5300241816226834,0.07905853486940378,1097
bks_tau_0_3,CWE-704,,0.0,1.0,0.9953078591409886,0.0,1.0,,,,0.9953078591409886,0.5,0.5002850954220818,0.005524984834140693,41
bks_tau_0_3,CWE-706,0.4827292986159981,0.4329378531073447,0.9836554127045385,0.9800439529024676,0.016344587295461458,0.5670621468926553,0.45524503181293674,0.44133220031683235,0.4385186932731133,0.9648607812780104,0.7082966329059416,0.7089023971713732,0.29008034066078087,298
bks_tau_0_3,CWE-74,0.5503298398948432,0.5711544595755121,0.908675347630305,0.9156421844933973,0.09132465236969496,0.42884554042448786,0.5601360777588462,0.5665936038667455,0.4727389806902137,0.853517255441498,0.7399149036029086,0.744203379925016,0.47821929452512224,1427
bks_tau_0_3,CWE-913,0.3385922574157868,0.24415584415584415,0.9942075951777898,0.9906500423649399,0.005792404822210222,0.7558441558441558,0.2821131954258889,0.2578026591628058,0.2793355642637286,0.9850089301776513,0.6191817196668169,0.6143566715489828,0.1317506624606093,107
bks_tau_0_3,CWE-923,,0.0,1.0,0.9621160785848722,0.0,1.0,,,,0.9621160785848722,0.5,0.5000589275191515,0.021690749160203752,331
bks_tau_0_4,CWE-116,,0.0,1.0,0.9933619380241989,0.0,1.0,,,,0.9933619380241989,0.5,0.5012089141201211,0.00426204204908028,58
bks_tau_0_4,CWE-190,0.0,0.0,0.9996541786743516,0.9839716360476995,0.000345821325648415,1.0,,,-0.005244856007576836,0.9836367213877706,0.4998270893371758,0.5139386102757333,0.029522180307498175,140
bks_tau_0_4,CWE-191,,0.0,1.0,0.9894724530237615,0.0,1.0,,,,0.9894724530237615,0.5,0.500288362004676,0.011210235343838497,92
bks_tau_0_4,CWE-20,,0.0,1.0,0.9610871223331069,0.0,1.0,,,,0.9610871223331069,0.5,0.5728754187179277,0.031210899045303636,340
bks_tau_0_4,CWE-269,,0.0,1.0,0.9900439889684988,0.0,1.0,,,,0.9900439889684988,0.5,0.5087315908986435,0.00684482646686109,87
bks_tau_0_4,CWE-285,,0.0,1.0,0.966694064192742,0.0,1.0,,,,0.966694064192742,0.5,0.5000914626526226,0.03734465711349401,291
bks_tau_0_4,CWE-287,0.8888888888888888,0.008012903225806452,0.9998770743700062,0.9292206121313953,0.0001229256299938537,0.9919870967741936,0.026248687664041995,0.01662046553463441,0.1014335552915104,0.9291549261507486,0.5039449887979063,0.534257446775524,0.08071559569579716,623
bks_tau_0_4,CWE-311,0.4509667755991285,0.18664668664668665,0.9893453685210346,0.963398992365948,0.010654631478965447,0.8133533133533133,0.25944180092051083,0.20990224268574412,0.2672892378719953,0.9538781915650079,0.5879960275838606,0.7190260766099712,0.2592462944493387,386
bks_tau_0_4,CWE-327,0.7521160736504536,0.7228571428571429,0.9898502546991811,0.9884548271115717,0.010149745300818868,0.27714285714285714,0.7361365557727423,0.7278748835355558,0.7260229073103985,0.979158301794602,0.8563536987781619,0.8713461751223134,0.6864941603586601,350
bks_tau_0_4,CWE-330,1.0,0.8720000000000001,1.0,0.9962479767406632,0.0,0.128,0.9308138096454488,0.8944503889136349,0.9316690003072923,0.9963393592360976,0.9359999999999999,0.9380512622415275,0.8850184307129283,250
bks_tau_0_4,CWE-345,0.5659033613445378,0.06037735849056604,0.9970702133936913,0.9426387437483863,0.002929786606308713,0.939622641509434,0.10764506685519118,0.073222961007231,0.1675505837590298,0.9402516044057991,0.5287237859421288,0.5293546517256023,0.08910615312667954,530
bks_tau_0_4,CWE-400,,0.0,1.0,0.9711565763595033,0.0,1.0,,,,0.9711565763595033,0.5,0.49780380594741924,0.020884926337485437,252
bks_tau_0_4,CWE-501,0.6296399694889396,0.7555555555555555,0.9953812098125555,0.9974542343909855,0.004618790187444582,0.24444444444444446,0.6852590661349655,0.725261781430987,0.6854322746753484,0.9929134510534012,0.8754683826840555,0.8757047240355735,0.5534851836987167,90
bks_tau_0_4,CWE-610,0.6207204433497537,0.33710691823899375,0.9935135009835291,0.9794086447025656,0.006486499016470882,0.6628930817610063,0.43670090964475533,0.37092196383392834,0.44531798944159895,0.9734615852413473,0.6653102096112614,0.6688064406900073,0.28012194505552596,267
bks_tau_0_4,CWE-662,,0.0,1.0,0.9892428243315114,0.0,1.0,,,,0.9892428243315114,0.5,0.49467940385138603,0.008742579471603378,94
bks_tau_0_4,CWE-668,,0.0,1.0,0.8744466303932542,0.0,1.0,,,,0.8744466303932542,0.5,0.5300241816226834,0.07905853486940378,1097
bks_tau_0_4,CWE-704,,0.0,1.0,0.9953078591409886,0.0,1.0,,,,0.9953078591409886,0.5,0.5002850954220818,0.005524984834140693,41
bks_tau_0_4,CWE-706,0.4827292986159981,0.4329378531073447,0.9836554127045385,0.9800439529024676,0.016344587295461458,0.5670621468926553,0.45524503181293674,0.44133220031683235,0.4385186932731133,0.9648607812780104,0.7082966329059416,0.7089023971713732,0.29008034066078087,298
bks_tau_0_4,CWE-74,0.6506045955085181,0.4351760520181573,0.9538211093562632,0.8963896595458148,0.046178890643736835,0.5648239479818427,0.5208139664439548,0.4657160371911705,0.4610357651989137,0.869107588509052,0.6944985806872103,0.744203379925016,0.47821929452512224,1427
bks_tau_0_4,CWE-913,,0.0,1.0,0.987754996164564,0.0,1.0,,,,0.987754996164564,0.5,0.6143566715489828,0.1317506624606093,107
bks_tau_0_4,CWE-923,,0.0,1.0,0.9621160785848722,0.0,1.0,,,,0.9621160785848722,0.5,0.5000589275191515,0.021690749160203752,331
bks_tau_0_5,CWE-116,,0.0,1.0,0.9933619380241989,0.0,1.0,,,,0.9933619380241989,0.5,0.5012089141201211,0.00426204204908028,58
bks_tau_0_5,CWE-190,,0.0,1.0,0.9839770503724559,0.0,1.0,,,,0.9839770503724559,0.5,0.5139386102757333,0.029522180307498175,140
bks_tau_0_5,CWE-191,,0.0,1.0,0.9894724530237615,0.0,1.0,,,,0.9894724530237615,0.5,0.500288362004676,0.011210235343838497,92
bks_tau_0_5,CWE-20,,0.0,1.0,0.9610871223331069,0.0,1.0,,,,0.9610871223331069,0.5,0.5728754187179277,0.031210899045303636,340
bks_tau_0_5,CWE-269,,0.0,1.0,0.9900439889684988,0.0,1.0,,,,0.9900439889684988,0.5,0.5087315908986435,0.00684482646686109,87
bks_tau_0_5,CWE-285,,0.0,1.0,0.966694064192742,0.0,1.0,,,,0.966694064192742,0.5,0.5000914626526226,0.03734465711349401,291
bks_tau_0_5,CWE-287,0.8888888888888888,0.008012903225806452,0.9998770743700062,0.9292206121313953,0.0001229256299938537,0.9919870967741936,0.026248687664041995,0.01662046553463441,0.1014335552915104,0.9291549261507486,0.5039449887979063,0.534257446775524,0.08071559569579716,623
bks_tau_0_5,CWE-311,,0.0,1.0,0.955822733273112,0.0,1.0,,,,0.955822733273112,0.5,0.7190260766099712,0.2592462944493387,386
bks_tau_0_5,CWE-327,0.7521160736504536,0.7228571428571429,0.9898502546991811,0.9884548271115717,0.010149745300818868,0.27714285714285714,0.7361365557727423,0.7278748835355558,0.7260229073103985,0.979158301794602,0.8563536987781619,0.8713461751223134,0.6864941603586601,350
bks_tau_0_5,CWE-330,1.0,0.8720000000000001,1.0,0.9962479767406632,0.0,0.128,0.9308138096454488,0.8944503889136349,0.9316690003072923,0.9963393592360976,0.9359999999999999,0.9380512622415275,0.8850184307129283,250
bks_tau_0_5,CWE-345,0.5659033613445378,0.06037735849056604,0.9970702133936913,0.9426387437483863,0.002929786606308713,0.939622641509434,0.10764506685519118,0.073222961007231,0.1675505837590298,0.9402516044057991,0.5287237859421288,0.5293546517256023,0.08910615312667954,530
bks_tau_0_5,CWE-400,,0.0,1.0,0.9711565763595033,0.0,1.0,,,,0.9711565763595033,0.5,0.49780380594741924,0.020884926337485437,252
bks_tau_0_5,CWE-501,0.6238277919863597,0.6666666666666666,0.9958417354684551,0.9965357161792238,0.004158264531544912,0.3333333333333333,0.6428192432300263,0.6564398906401323,0.640253548828402,0.992457261890125,0.8312542010675609,0.8757047240355735,0.5534851836987167,90
bks_tau_0_5,CWE-610,0.6207204433497537,0.33710691823899375,0.9935135009835291,0.9794086447025656,0.006486499016470882,0.6628930817610063,0.43670090964475533,0.37092196383392834,0.44531798944159895,0.9734615852413473,0.6653102096112614,0.6688064406900073,0.28012194505552596,267
bks_tau_0_5,CWE-662,,0.0,1.0,0.9892428243315114,0.0,1.0,,,,0.9892428243315114,0.5,0.49467940385138603,0.008742579471603378,94
bks_tau_0_5,CWE-668,,0.0,1.0,0.8744466303932542,0.0,1.0,,,,0.8744466303932542,0.5,0.5300241816226834,0.07905853486940378,1097
bks_tau_0_5,CWE-704,,0.0,1.0,0.9953078591409886,0.0,1.0,,,,0.9953078591409886,0.5,0.5002850954220818,0.005524984834140693,41
bks_tau_0_5,CWE-706,0.5,0.03367231638418079,0.9989341194652788,0.966965042652655,0.0010658805347211488,0.9663276836158191,0.07740766178266179,0.05148475637898617,0.13719945621087432,0.9660060837409794,0.5163032179247298,0.7089023971713732,0.29008034066078087,298
bks_tau_0_5,CWE-74,0.6506045955085181,0.4351760520181573,0.9538211093562632,0.8963896595458148,0.046178890643736835,0.5648239479818427,0.5208139664439548,0.4657160371911705,0.4610357651989137,0.869107588509052,0.6944985806872103,0.744203379925016,0.47821929452512224,1427
bks_tau_0_5,CWE-913,,0.0,1.0,0.987754996164564,0.0,1.0,,,,0.987754996164564,0.5,0.6143566715489828,0.1317506624606093,107
bks_tau_0_5,CWE-923,,0.0,1.0,0.9621160785848722,0.0,1.0,,,,0.9621160785848722,0.5,0.5000589275191515,0.021690749160203752,331
bks_tau_0_6,CWE-116,,0.0,1.0,0.9933619380241989,0.0,1.0,,,,0.9933619380241989,0.5,0.5012089141201211,0.00426204204908028,58
bks_tau_0_6,CWE-190,,0.0,1.0,0.9839770503724559,0.0,1.0,,,,0.9839770503724559,0.5,0.5139386102757333,0.029522180307498175,140
bks_tau_0_6,CWE-191,,0.0,1.0,0.9894724530237615,0.0,1.0,,,,0.9894724530237615,0.5,0.500288362004676,0.011210235343838497,92
bks_tau_0_6,CWE-20,,0.0,1.0,0.9610871223331069,0.0,1.0,,,,0.9610871223331069,0.5,0.5728754187179277,0.031210899045303636,340
bks_tau_0_6,CWE-269,,0.0,1.0,0.9900439889684988,0.0,1.0,,,,0.9900439889684988,0.5,0.5087315908986435,0.00684482646686109,87
bks_tau_0_6,CWE-285,,0.0,1.0,0.966694064192742,0.0,1.0,,,,0.966694064192742,0.5,0.5000914626526226,0.03734465711349401,291
bks_tau_0_6,CWE-287,0.6666666666666666,0.0032,0.9998770743700062,0.9289002805253442,0.0001229256299938537,0.9968,0.03125,0.019880715705765408,0.09578582586469711,0.9288102094867078,0.5015385371850031,0.534257446775524,0.08071559569579716,623
bks_tau_0_6,CWE-311,,0.0,1.0,0.955822733273112,0.0,1.0,,,,0.955822733273112,0.5,0.7190260766099712,0.2592462944493387,386
bks_tau_0_6,CWE-327,0.7521160736504536,0.7228571428571429,0.9898502546991811,0.9884548271115717,0.010149745300818868,0.27714285714285714,0.7361365557727423,0.7278748835355558,0.7260229073103985,0.979158301794602,0.8563536987781619,0.8713461751223134,0.6864941603586601,350
bks_tau_0_6,CWE-330,1.0,0.8720000000000001,1.0,0.9962479767406632,0.0,0.128,0.9308138096454488,0.8944503889136349,0.9316690003072923,0.9963393592360976,0.9359999999999999,0.9380512622415275,0.8850184307129283,250
bks_tau_0_6,CWE-345,,0.0,1.0,0.9393416906957256,0.0,1.0,,,,0.9393416906957256,0.5,0.5293546517256023,0.08910615312667954,530
bks_tau_0_6,CWE-400,,0.0,1.0,0.9711565763595033,0.0,1.0,,,,0.9711565763595033,0.5,0.49780380594741924,0.020884926337485437,252
bks_tau_0_6,CWE-501,0.6527501256913022,0.4,0.9975814244850026,0.993784278956866,0.0024185755149973443,0.6,0.4884679716937782,0.4301811381556571,0.5030078102670366,0.9914300501792417,0.6987907122425013,0.8757047240355735,0.5534851836987167,90
bks_tau_0_6,CWE-610,0.6841517857142857,0.19371069182389938,0.9956583442802017,0.9751453963417871,0.00434165571979832,0.8062893081761006,0.31597550471628744,0.26684983756762326,0.34518200062752324,0.9711515827464272,0.5946845180520505,0.6688064406900073,0.28012194505552596,267
bks_tau_0_6,CWE-662,,0.0,1.0,0.9892428243315114,0.0,1.0,,,,0.9892428243315114,0.5,0.49467940385138603,0.008742579471603378,94
bks_tau_0_6,CWE-668,,0.0,1.0,0.8744466303932542,0.0,1.0,,,,0.8744466303932542,0.5,0.5300241816226834,0.07905853486940378,1097
bks_tau_0_6,CWE-704,,0.0,1.0,0.9953078591409886,0.0,1.0,,,,0.9953078591409886,0.5,0.5002850954220818,0.005524984834140693,41
bks_tau_0_6,CWE-706,,0.0,1.0,0.9658921872995082,0.0,1.0,,,,0.9658921872995082,0.5,0.7089023971713732,0.29008034066078087,298
bks_tau_0_6,CWE-74,0.6506045955085181,0.4351760520181573,0.9538211093562632,0.8963896595458148,0.046178890643736835,0.5648239479818427,0.5208139664439548,0.4657160371911705,0.4610357651989137,0.869107588509052,0.6944985806872103,0.744203379925016,0.47821929452512224,1427
bks_tau_0_6,CWE-913,,0.0,1.0,0.987754996164564,0.0,1.0,,,,0.987754996164564,0.5,0.6143566715489828,0.1317506624606093,107
bks_tau_0_6,CWE-923,,0.0,1.0,0.9621160785848722,0.0,1.0,,,,0.9621160785848722,0.5,0.5000589275191515,0.021690749160203752,331
bks_tau_0_7,CWE-116,,0.0,1.0,0.9933619380241989,0.0,1.0,,,,0.9933619380241989,0.5,0.5012089141201211,0.00426204204908028,58
bks_tau_0_7,CWE-190,,0.0,1.0,0.9839770503724559,0.0,1.0,,,,0.9839770503724559,0.5,0.5139386102757333,0.029522180307498175,140
bks_tau_0_7,CWE-191,,0.0,1.0,0.9894724530237615,0.0,1.0,,,,0.9894724530237615,0.5,0.500288362004676,0.011210235343838497,92
bks_tau_0_7,CWE-20,,0.0,1.0,0.9610871223331069,0.0,1.0,,,,0.9610871223331069,0.5,0.5728754187179277,0.031210899045303636,340
bks_tau_0_7,CWE-269,,0.0,1.0,0.9900439889684988,0.0,1.0,,,,0.9900439889684988,0.5,0.5087315908986435,0.00684482646686109,87
bks_tau_0_7,CWE-285,,0.0,1.0,0.966694064192742,0.0,1.0,,,,0.966694064192742,0.5,0.5000914626526226,0.03734465711349401,291
bks_tau_0_7,CWE-287,,0.0,1.0,0.9286960542355661,0.0,1.0,,,,0.9286960542355661,0.5,0.534257446775524,0.08071559569579716,623
bks_tau_0_7,CWE-311,,0.0,1.0,0.955822733273112,0.0,1.0,,,,0.955822733273112,0.5,0.7190260766099712,0.2592462944493387,386
bks_tau_0_7,CWE-327,0.9506513409961685,0.3,0.9994051645376073,0.9716004254682737,0.0005948354623927304,0.7,0.45195585390829446,0.3464222799052336,0.5222137388726393,0.9713784587547757,0.6497025822688036,0.8713461751223134,0.6864941603586601,350
bks_tau_0_7,CWE-330,1.0,0.8720000000000001,1.0,0.9962479767406632,0.0,0.128,0.9308138096454488,0.8944503889136349,0.9316690003072923,0.9963393592360976,0.9359999999999999,0.9380512622415275,0.8850184307129283,250
bks_tau_0_7,CWE-345,,0.0,1.0,0.9393416906957256,0.0,1.0,,,,0.9393416906957256,0.5,0.5293546517256023,0.08910615312667954,530
bks_tau_0_7,CWE-400,,0.0,1.0,0.9711565763595033,0.0,1.0,,,,0.9711565763595033,0.5,0.49780380594741924,0.020884926337485437,252
bks_tau_0_7,CWE-501,0.5,0.04444444444444444,0.9995415472779371,0.9901460646949627,0.0004584527220630372,0.9555555555555555,0.30769230769230765,0.25,0.32895372362338077,0.989699532382293,0.5219929958611906,0.8757047240355735,0.5534851836987167,90
bks_tau_0_7,CWE-610,,0.0,1.0,0.9694432471018262,0.0,1.0,,,,0.9694432471018262,0.5,0.6688064406900073,0.28012194505552596,267
bks_tau_0_7,CWE-662,,0.0,1.0,0.9892428243315114,0.0,1.0,,,,0.9892428243315114,0.5,0.49467940385138603,0.008742579471603378,94
bks_tau_0_7,CWE-668,,0.0,1.0,0.8744466303932542,0.0,1.0,,,,0.8744466303932542,0.5,0.5300241816226834,0.07905853486940378,1097
bks_tau_0_7,CWE-704,,0.0,1.0,0.9953078591409886,0.0,1.0,,,,0.9953078591409886,0.5,0.5002850954220818,0.005524984834140693,41
bks_tau_0_7,CWE-706,,0.0,1.0,0.9658921872995082,0.0,1.0,,,,0.9658921872995082,0.5,0.7089023971713732,0.29008034066078087,298
bks_tau_0_7,CWE-74,,0.0,1.0,0.8366782491283284,0.0,1.0,,,,0.8366782491283284,0.5,0.744203379925016,0.47821929452512224,1427
bks_tau_0_7,CWE-913,,0.0,1.0,0.987754996164564,0.0,1.0,,,,0.987754996164564,0.5,0.6143566715489828,0.1317506624606093,107
bks_tau_0_7,CWE-923,,0.0,1.0,0.9621160785848722,0.0,1.0,,,,0.9621160785848722,0.5,0.5000589275191515,0.021690749160203752,331
bks_tau_0_8,CWE-116,,0.0,1.0,0.9933619380241989,0.0,1.0,,,,0.9933619380241989,0.5,0.5012089141201211,0.00426204204908028,58
bks_tau_0_8,CWE-190,,0.0,1.0,0.9839770503724559,0.0,1.0,,,,0.9839770503724559,0.5,0.5139386102757333,0.029522180307498175,140
bks_tau_0_8,CWE-191,,0.0,1.0,0.9894724530237615,0.0,1.0,,,,0.9894724530237615,0.5,0.500288362004676,0.011210235343838497,92
bks_tau_0_8,CWE-20,,0.0,1.0,0.9610871223331069,0.0,1.0,,,,0.9610871223331069,0.5,0.5728754187179277,0.031210899045303636,340
bks_tau_0_8,CWE-269,,0.0,1.0,0.9900439889684988,0.0,1.0,,,,0.9900439889684988,0.5,0.5087315908986435,0.00684482646686109,87
bks_tau_0_8,CWE-285,,0.0,1.0,0.966694064192742,0.0,1.0,,,,0.966694064192742,0.5,0.5000914626526226,0.03734465711349401,291
bks_tau_0_8,CWE-287,,0.0,1.0,0.9286960542355661,0.0,1.0,,,,0.9286960542355661,0.5,0.534257446775524,0.08071559569579716,623
bks_tau_0_8,CWE-311,,0.0,1.0,0.955822733273112,0.0,1.0,,,,0.955822733273112,0.5,0.7190260766099712,0.2592462944493387,386
bks_tau_0_8,CWE-327,0.9478735632183908,0.27714285714285714,0.9994051645376073,0.9707004436783164,0.0005948354623927304,0.7228571428571429,0.4247049257172376,0.32166844891357066,0.5006410739593289,0.9704631988172008,0.6382740108402322,0.8713461751223134,0.6864941603586601,350
bks_tau_0_8,CWE-330,1.0,0.8720000000000001,1.0,0.9962479767406632,0.0,0.128,0.9308138096454488,0.8944503889136349,0.9316690003072923,0.9963393592360976,0.9359999999999999,0.9380512622415275,0.8850184307129283,250
bks_tau_0_8,CWE-345,,0.0,1.0,0.9393416906957256,0.0,1.0,,,,0.9393416906957256,0.5,0.5293546517256023,0.08910615312667954,530
bks_tau_0_8,CWE-400,,0.0,1.0,0.9711565763595033,0.0,1.0,,,,0.9711565763595033,0.5,0.49780380594741924,0.020884926337485437,252
bks_tau_0_8,CWE-501,,0.0,1.0,0.989699532382293,0.0,1.0,,,,0.989699532382293,0.5,0.8757047240355735,0.5534851836987167,90
bks_tau_0_8,CWE-610,,0.0,1.0,0.9694432471018262,0.0,1.0,,,,0.9694432471018262,0.5,0.6688064406900073,0.28012194505552596,267
bks_tau_0_8,CWE-662,,0.0,1.0,0.9892428243315114,0.0,1.0,,,,0.9892428243315114,0.5,0.49467940385138603,0.008742579471603378,94
bks_tau_0_8,CWE-668,,0.0,1.0,0.8744466303932542,0.0,1.0,,,,0.8744466303932542,0.5,0.5300241816226834,0.07905853486940378,1097
bks_tau_0_8,CWE-704,,0.0,1.0,0.9953078591409886,0.0,1.0,,,,0.9953078591409886,0.5,0.5002850954220818,0.005524984834140693,41
bks_tau_0_8,CWE-706,,0.0,1.0,0.9658921872995082,0.0,1.0,,,,0.9658921872995082,0.5,0.7089023971713732,0.29008034066078087,298
bks_tau_0_8,CWE-74,,0.0,1.0,0.8366782491283284,0.0,1.0,,,,0.8366782491283284,0.5,0.744203379925016,0.47821929452512224,1427
bks_tau_0_8,CWE-913,,0.0,1.0,0.987754996164564,0.0,1.0,,,,0.987754996164564,0.5,0.6143566715489828,0.1317506624606093,107
bks_tau_0_8,CWE-923,,0.0,1.0,0.9621160785848722,0.0,1.0,,,,0.9621160785848722,0.5,0.5000589275191515,0.021690749160203752,331
bks_tau_0_9,CWE-116,,0.0,1.0,0.9933619380241989,0.0,1.0,,,,0.9933619380241989,0.5,0.5012089141201211,0.00426204204908028,58
bks_tau_0_9,CWE-190,,0.0,1.0,0.9839770503724559,0.0,1.0,,,,0.9839770503724559,0.5,0.5139386102757333,0.029522180307498175,140
bks_tau_0_9,CWE-191,,0.0,1.0,0.9894724530237615,0.0,1.0,,,,0.9894724530237615,0.5,0.500288362004676,0.011210235343838497,92
bks_tau_0_9,CWE-20,,0.0,1.0,0.9610871223331069,0.0,1.0,,,,0.9610871223331069,0.5,0.5728754187179277,0.031210899045303636,340
bks_tau_0_9,CWE-269,,0.0,1.0,0.9900439889684988,0.0,1.0,,,,0.9900439889684988,0.5,0.5087315908986435,0.00684482646686109,87
bks_tau_0_9,CWE-285,,0.0,1.0,0.966694064192742,0.0,1.0,,,,0.966694064192742,0.5,0.5000914626526226,0.03734465711349401,291
bks_tau_0_9,CWE-287,,0.0,1.0,0.9286960542355661,0.0,1.0,,,,0.9286960542355661,0.5,0.534257446775524,0.08071559569579716,623
bks_tau_0_9,CWE-311,,0.0,1.0,0.955822733273112,0.0,1.0,,,,0.955822733273112,0.5,0.7190260766099712,0.2592462944493387,386
bks_tau_0_9,CWE-327,0.9616666666666667,0.26285714285714284,0.9996418509281397,0.9701450798032937,0.0003581490718601859,0.7371428571428572,0.411266190539372,0.3071374902560769,0.49314343734478283,0.9701222897262918,0.6312494968926414,0.8713461751223134,0.6864941603586601,350
bks_tau_0_9,CWE-330,1.0,0.8720000000000001,1.0,0.9962479767406632,0.0,0.128,0.9308138096454488,0.8944503889136349,0.9316690003072923,0.9963393592360976,0.9359999999999999,0.9380512622415275,0.8850184307129283,250
bks_tau_0_9,CWE-345,,0.0,1.0,0.9393416906957256,0.0,1.0,,,,0.9393416906957256,0.5,0.5293546517256023,0.08910615312667954,530
bks_tau_0_9,CWE-400,,0.0,1.0,0.9711565763595033,0.0,1.0,,,,0.9711565763595033,0.5,0.49780380594741924,0.020884926337485437,252
bks_tau_0_9,CWE-501,,0.0,1.0,0.989699532382293,0.0,1.0,,,,0.989699532382293,0.5,0.8757047240355735,0.5534851836987167,90
bks_tau_0_9,CWE-610,,0.0,1.0,0.9694432471018262,0.0,1.0,,,,0.9694432471018262,0.5,0.6688064406900073,0.28012194505552596,267
bks_tau_0_9,CWE-662,,0.0,1.0,0.9892428243315114,0.0,1.0,,,,0.9892428243315114,0.5,0.49467940385138603,0.008742579471603378,94
bks_tau_0_9,CWE-668,,0.0,1.0,0.8744466303932542,0.0,1.0,,,,0.8744466303932542,0.5,0.5300241816226834,0.07905853486940378,1097
bks_tau_0_9,CWE-704,,0.0,1.0,0.9953078591409886,0.0,1.0,,,,0.9953078591409886,0.5,0.5002850954220818,0.005524984834140693,41
bks_tau_0_9,CWE-706,,0.0,1.0,0.9658921872995082,0.0,1.0,,,,0.9658921872995082,0.5,0.7089023971713732,0.29008034066078087,298
bks_tau_0_9,CWE-74,,0.0,1.0,0.8366782491283284,0.0,1.0,,,,0.8366782491283284,0.5,0.744203379925016,0.47821929452512224,1427
bks_tau_0_9,CWE-913,,0.0,1.0,0.987754996164564,0.0,1.0,,,,0.987754996164564,0.5,0.6143566715489828,0.1317506624606093,107
bks_tau_0_9,CWE-923,,0.0,1.0,0.9621160785848722,0.0,1.0,,,,0.9621160785848722,0.5,0.5000589275191515,0.021690749160203752,331
logistic_regression_tau_0_1,CWE-116,0.006638061975801049,1.0,0.0,,1.0,0.0,0.013188418502749632,0.032330328807305055,,0.006638061975801049,0.5,0.5012089141201211,0.00426204204908028,58
logistic_regression_tau_0_1,CWE-190,0.016022949627544206,1.0,0.0,,1.0,0.0,0.03154049709024045,0.07528906002388339,,0.016022949627544206,0.5,0.5139386102757333,0.029522180307498175,140
logistic_regression_tau_0_1,CWE-191,0.010527546976238419,1.0,0.0,,1.0,0.0,0.020835654291612292,0.05050989505847987,,0.010527546976238419,0.5,0.5001160472430447,0.011205068872282486,92
logistic_regression_tau_0_1,CWE-20,0.038912877666893074,1.0,0.0,,1.0,0.0,0.07491059713018633,0.16835785040299608,,0.038912877666893074,0.5,0.5728754187179277,0.031210899045303636,340
logistic_regression_tau_0_1,CWE-269,0.010131099439544319,1.0,0.01746318179728708,1.0,0.9825368182027129,0.0,0.020058857842434157,0.04868154996635043,0.013287590590180018,0.02724542082715901,0.5087315908986435,0.5087315908986435,0.00684482646686109,87
logistic_regression_tau_0_1,CWE-285,0.03326327915621101,0.9965517241379309,0.002127968696883653,0.9705882352941176,0.9978720313031163,0.0034482758620689655,0.06437739601444116,0.14672387474555765,-0.003950205595144637,0.03524921145659843,0.49933984641740736,0.50009558245652,0.037344790763176136,291
logistic_regression_tau_0_1,CWE-287,0.07130394576443377,1.0,0.0,,1.0,0.0,0.13311512833599382,0.2773945715517224,,0.07130394576443377,0.5,0.5342365123723447,0.07849882749667603,623
logistic_regression_tau_0_1,CWE-311,0.04417726672688812,1.0,0.0,,1.0,0.0,0.0846161572636939,0.1877135541082559,,0.04417726672688812,0.5,0.7190260766099712,0.2592462944493387,386
logistic_regression_tau_0_1,CWE-327,0.04005737406886052,1.0,0.0,,1.0,0.0,0.0770289880236655,0.17262568805974626,,0.04005737406886052,0.5,0.871127576180293,0.6691613808780466,350
logistic_regression_tau_0_1,CWE-330,0.2089867719323398,0.96,0.19964973730297725,0.9941860465116279,0.8003502626970228,0.04,0.21664450446670996,0.2675072483857636,0.8590203355874146,0.22146550137079699,0.5798248686514886,0.9378596489311442,0.884901518389893,250
logistic_regression_tau_0_1,CWE-345,0.060658309304274495,1.0,0.0,,1.0,0.0,0.11437822925614856,0.24406931076513846,,0.060658309304274495,0.5,0.5293546517256023,0.08910615312667954,530
logistic_regression_tau_0_1,CWE-400,0.028843423640496822,1.0,0.0,,1.0,0.0,0.056069144856070494,0.12929574005808936,,0.028843423640496822,0.5,0.49780380594741924,0.020884926337485437,252
logistic_regression_tau_0_1,CWE-501,0.01030046761770699,1.0,0.0,,1.0,0.0,0.020390886872442122,0.04946420098461535,,0.01030046761770699,0.5,0.8757047240355735,0.5534851836987167,90
logistic_regression_tau_0_1,CWE-610,0.030556752898173868,1.0,0.0,,1.0,0.0,0.05930134466399937,0.1361425810349464,,0.030556752898173868,0.5,0.6688064406900073,0.28012194505552596,267
logistic_regression_tau_0_1,CWE-662,0.010757175668488517,1.0,0.0,,1.0,0.0,0.021285309707727046,0.051566369597711804,,0.010757175668488517,0.5,0.49994256174612295,0.00877267421514677,94
logistic_regression_tau_0_1,CWE-668,0.1255533696067458,1.0,0.0,,1.0,0.0,0.22309404619061807,0.41788528863955376,,0.1255533696067458,0.5,0.5299580440565459,0.07904967821648681,1097
logistic_regression_tau_0_1,CWE-704,0.0046921408590113265,1.0,0.0,,1.0,0.0,0.009340354999994813,0.023027534461893255,,0.0046921408590113265,0.5,0.5001141552511416,0.005520099546303411,41
logistic_regression_tau_0_1,CWE-706,0.03410781270049187,1.0,0.0,,1.0,0.0,0.06596518601292699,0.15006172133613097,,0.03410781270049187,0.5,0.7078889471071255,0.2760299412803455,298
logistic_regression_tau_0_1,CWE-74,0.16332175087167142,1.0,0.0,,1.0,0.0,0.2807821274154546,0.4939198149929423,,0.16332175087167142,0.5,0.7454850038957177,0.4755993322568538,1427
logistic_regression_tau_0_1,CWE-913,0.012245003835436072,1.0,0.0,,1.0,0.0,0.02419363899275264,0.058365197076537575,,0.012245003835436072,0.5,0.6143566715489828,0.1317506624606093,107
logistic_regression_tau_0_1,CWE-923,0.03788392141512782,1.0,0.0,,1.0,0.0,0.07300183206499923,0.16449011567310964,,0.03788392141512782,0.5,0.5,0.02168795088321281,331
logistic_regression_tau_0_2,CWE-116,0.0066493532785869645,1.0,0.001728173067828382,1.0,0.9982718269321715,0.0,0.01321070672217316,0.03238392594064467,0.003765202364122271,0.008354893624967531,0.5008640865339142,0.5012089141201211,0.00426204204908028,58
logistic_regression_tau_0_2,CWE-190,0.016022949627544206,1.0,0.0,,1.0,0.0,0.03154049709024045,0.07528906002388339,,0.016022949627544206,0.5,0.5139386102757333,0.029522180307498175,140
logistic_regression_tau_0_2,CWE-191,0.010527546976238419,1.0,0.0,,1.0,0.0,0.020835654291612292,0.05050989505847987,,0.010527546976238419,0.5,0.5001160472430447,0.011205068872282486,92
logistic_regression_tau_0_2,CWE-20,0.045550765060282716,0.9617647058823529,0.18398613155350238,0.9916745468428809,0.8160138684464977,0.038235294117647055,0.08698147044577179,0.19147572866536292,0.07365507172527304,0.21425345521020125,0.5728754187179277,0.5728754187179277,0.031210899045303636,340
logistic_regression_tau_0_2,CWE-269,0.010131099439544319,1.0,0.01746318179728708,1.0,0.9825368182027129,0.0,0.020058857842434157,0.04868154996635043,0.013287590590180018,0.02724542082715901,0.5087315908986435,0.5087315908986435,0.00684482646686109,87
logistic_regression_tau_0_2,CWE-285,0.033162908390252294,0.993103448275862,0.002484981077356444,0.8722222222222222,0.9975150189226435,0.006896551724137931,0.06418220980738085,0.1462734204204345,-0.03129326178850443,0.03547884014884853,0.4977942146766092,0.50009558245652,0.037344790763176136,291
logistic_regression_tau_0_2,CWE-287,0.07130394576443377,1.0,0.0,,1.0,0.0,0.13311512833599382,0.2773945715517224,,0.07130394576443377,0.5,0.5342365123723447,0.07849882749667603,623
logistic_regression_tau_0_2,CWE-311,0.04417726672688812,1.0,0.0,,1.0,0.0,0.0846161572636939,0.1877135541082559,,0.04417726672688812,0.5,0.7190260766099712,0.2592462944493387,386
logistic_regression_tau_0_2,CWE-327,0.29509549461087886,0.8857142857142858,0.3942678957667411,0.9880473762437407,0.6057321042332589,0.11428571428571428,0.3242074705907234,0.38609304467297745,0.6823866893872272,0.413952778579595,0.6399910907405134,0.871127576180293,0.6691613808780466,350
logistic_regression_tau_0_2,CWE-330,0.9168755823866453,0.876,0.9976399602875174,0.9963577386493803,0.0023600397124825074,0.12400000000000003,0.8950367131841558,0.8833108265264682,0.8927759599982098,0.9941624912370909,0.9368199801437587,0.9378596489311442,0.884901518389893,250
logistic_regression_tau_0_2,CWE-345,0.060658309304274495,1.0,0.0,,1.0,0.0,0.11437822925614856,0.24406931076513846,,0.060658309304274495,0.5,0.5293546517256023,0.08910615312667954,530
logistic_regression_tau_0_2,CWE-400,0.028843423640496822,1.0,0.0,,1.0,0.0,0.056069144856070494,0.12929574005808936,,0.028843423640496822,0.5,0.49780380594741924,0.020884926337485437,252
logistic_regression_tau_0_2,CWE-501,0.22450685470731088,0.8555555555555555,0.3978133023993686,0.9962565473463627,0.6021866976006314,0.14444444444444443,0.2472109728497903,0.27650266757433445,0.58529617526399,0.4025560716027631,0.6266844289774621,0.8757047240355735,0.5534851836987167,90
logistic_regression_tau_0_2,CWE-610,0.030556752898173868,1.0,0.0,,1.0,0.0,0.05930134466399937,0.1361425810349464,,0.030556752898173868,0.5,0.6688064406900073,0.28012194505552596,267
logistic_regression_tau_0_2,CWE-662,0.010757175668488517,1.0,0.0,,1.0,0.0,0.021285309707727046,0.051566369597711804,,0.010757175668488517,0.5,0.49994256174612295,0.00877267421514677,94
logistic_regression_tau_0_2,CWE-668,0.13065281168234302,0.9835823993358239,0.05979929724287625,0.9623685973117792,0.9402007027571238,0.016417600664176007,0.23065102266497545,0.42653907163454025,0.07135455506806554,0.17580852046861334,0.5216908482893501,0.5299580440565459,0.07904967821648681,1097
logistic_regression_tau_0_2,CWE-704,0.0046921408590113265,1.0,0.0,,1.0,0.0,0.009340354999994813,0.023027534461893255,,0.0046921408590113265,0.5,0.5001141552511416,0.005520099546303411,41
logistic_regression_tau_0_2,CWE-706,0.03410781270049187,1.0,0.0,,1.0,0.0,0.06596518601292699,0.15006172133613097,,0.03410781270049187,0.5,0.7078889471071255,0.2760299412803455,298
logistic_regression_tau_0_2,CWE-74,0.16332175087167142,1.0,0.0,,1.0,0.0,0.2807821274154546,0.4939198149929423,,0.16332175087167142,0.5,0.7454850038957177,0.4755993322568538,1427
logistic_regression_tau_0_2,CWE-913,0.012245003835436072,1.0,0.0,,1.0,0.0,0.02419363899275264,0.058365197076537575,,0.012245003835436072,0.5,0.6143566715489828,0.1317506624606093,107
logistic_regression_tau_0_2,CWE-923,0.03788392141512782,1.0,0.0,,1.0,0.0,0.07300183206499923,0.16449011567310964,,0.03788392141512782,0.5,0.5,0.02168795088321281,331
logistic_regression_tau_0_3,CWE-116,0.00665406071162373,1.0,0.002417828240242175,1.0,0.9975821717597577,0.0,0.013219993713420173,0.03240622248468034,0.003985804340268795,0.009039825131816847,0.5012089141201211,0.5012089141201211,0.00426204204908028,58
logistic_regression_tau_0_3,CWE-190,0.016022949627544206,1.0,0.0,,1.0,0.0,0.03154049709024045,0.07528906002388339,,0.016022949627544206,0.5,0.5139386102757333,0.029522180307498175,140
logistic_regression_tau_0_3,CWE-191,0.01052992262581756,1.0,0.00023209448608948061,1.0,0.9997679055139106,0.0,0.02084030883704325,0.0505208485008238,0.0024496811331963814,0.010757242377582167,0.5001160472430447,0.5001160472430447,0.011205068872282486,92
logistic_regression_tau_0_3,CWE-20,0.045550765060282716,0.9617647058823529,0.18398613155350238,0.9916745468428809,0.8160138684464977,0.038235294117647055,0.08698147044577179,0.19147572866536292,0.07365507172527304,0.21425345521020125,0.5728754187179277,0.5728754187179277,0.031210899045303636,340
logistic_regression_tau_0_3,CWE-269,0.010131099439544319,1.0,0.01746318179728708,1.0,0.9825368182027129,0.0,0.020058857842434157,0.04868154996635043,0.013287590590180018,0.02724542082715901,0.5087315908986435,0.5087315908986435,0.00684482646686109,87
logistic_regression_tau_0_3,CWE-285,0.033162908390252294,0.993103448275862,0.002484981077356444,0.8722222222222222,0.9975150189226435,0.006896551724137931,0.06418220980738085,0.1462734204204345,-0.03129326178850443,0.03547884014884853,0.4977942146766092,0.50009558245652,0.037344790763176136,291
logistic_regression_tau_0_3,CWE-287,0.07130394576443377,1.0,0.0,,1.0,0.0,0.13311512833599382,0.2773945715517224,,0.07130394576443377,0.5,0.5342365123723447,0.07849882749667603,623
logistic_regression_tau_0_3,CWE-311,0.04417726672688812,1.0,0.0,,1.0,0.0,0.0846161572636939,0.1877135541082559,,0.04417726672688812,0.5,0.7190260766099712,0.2592462944493387,386
logistic_regression_tau_0_3,CWE-327,0.6979589058599708,0.7514285714285714,0.9862756188301718,0.9895918801500564,0.013724381169828086,0.24857142857142858,0.723064685454703,0.739648878941486,0.7118972604293341,0.976867930850146,0.8688520951293717,0.871127576180293,0.6691613808780466,350
logistic_regression_tau_0_3,CWE-330,0.9168755823866453,0.876,0.9976399602875174,0.9963577386493803,0.0023600397124825074,0.12400000000000003,0.8950367131841558,0.8833108265264682,0.8927759599982098,0.9941624912370909,0.9368199801437587,0.9378596489311442,0.884901518389893,250
logistic_regression_tau_0_3,CWE-345,0.060735415479134615,1.0,0.0013459437927102703,1.0,0.9986540562072896,0.0,0.11451523032234837,0.2443185071229747,0.008713504739132202,0.061922280089223444,0.5006729718963552,0.5293546517256023,0.08910615312667954,530
logistic_regression_tau_0_3,CWE-400,0.028731285654070793,0.996078431372549,0.0,0.0,1.0,0.00392156862745098,0.05585109849855883,0.12879255813313156,-0.13799083249241603,0.02872795019938828,0.4980392156862745,0.49780380594741924,0.020884926337485437,252
logistic_regression_tau_0_3,CWE-501,0.6296399694889396,0.7555555555555555,0.9953812098125555,0.9974542343909855,0.004618790187444582,0.24444444444444446,0.6852590661349655,0.725261781430987,0.6854322746753484,0.9929134510534012,0.8754683826840555,0.8757047240355735,0.5534851836987167,90
logistic_regression_tau_0_3,CWE-610,0.030556752898173868,1.0,0.0,,1.0,0.0,0.05930134466399937,0.1361425810349464,,0.030556752898173868,0.5,0.6688064406900073,0.28012194505552596,267
logistic_regression_tau_0_3,CWE-662,0.010757175668488517,1.0,0.0,,1.0,0.0,0.021285309707727046,0.051566369597711804,,0.010757175668488517,0.5,0.49994256174612295,0.00877267421514677,94
logistic_regression_tau_0_3,CWE-668,0.13262886621282527,0.9835823993358239,0.07633368877726779,0.9698948778494234,0.9236663112227322,0.016417600664176007,0.2337354484458399,0.43077241734463706,0.07836074767465842,0.19024270060718146,0.5299580440565459,0.5299580440565459,0.07904967821648681,1097
logistic_regression_tau_0_3,CWE-704,0.0046931750921274705,1.0,0.00022831050228310502,1.0,0.9997716894977169,0.0,0.009342404778874916,0.0230325224906243,0.002279205609185878,0.0049194135862840535,0.5001141552511416,0.5001141552511416,0.005520099546303411,41
logistic_regression_tau_0_3,CWE-706,0.03410781270049187,1.0,0.0,,1.0,0.0,0.06596518601292699,0.15006172133613097,,0.03410781270049187,0.5,0.7078889471071255,0.2760299412803455,298
logistic_regression_tau_0_3,CWE-74,0.16332175087167142,1.0,0.0,,1.0,0.0,0.2807821274154546,0.4939198149929423,,0.16332175087167142,0.5,0.7454850038957177,0.4755993322568538,1427
logistic_regression_tau_0_3,CWE-913,0.012245003835436072,1.0,0.0,,1.0,0.0,0.02419363899275264,0.058365197076537575,,0.012245003835436072,0.5,0.6143566715489828,0.1317506624606093,107
logistic_regression_tau_0_3,CWE-923,0.03788392141512782,1.0,0.0,,1.0,0.0,0.07300183206499923,0.16449011567310964,,0.03788392141512782,0.5,0.5,0.02168795088321281,331
logistic_regression_tau_0_4,CWE-116,0.00665406071162373,1.0,0.002417828240242175,1.0,0.9975821717597577,0.0,0.013219993713420173,0.03240622248468034,0.003985804340268795,0.009039825131816847,0.5012089141201211,0.5012089141201211,0.00426204204908028,58
logistic_regression_tau_0_4,CWE-190,0.016022949627544206,1.0,0.0,,1.0,0.0,0.03154049709024045,0.07528906002388339,,0.016022949627544206,0.5,0.5139386102757333,0.029522180307498175,140
logistic_regression_tau_0_4,CWE-191,0.01052992262581756,1.0,0.00023209448608948061,1.0,0.9997679055139106,0.0,0.02084030883704325,0.0505208485008238,0.0024496811331963814,0.010757242377582167,0.5001160472430447,0.5001160472430447,0.011205068872282486,92
logistic_regression_tau_0_4,CWE-20,0.045550765060282716,0.9617647058823529,0.18398613155350238,0.9916745468428809,0.8160138684464977,0.038235294117647055,0.08698147044577179,0.19147572866536292,0.07365507172527304,0.21425345521020125,0.5728754187179277,0.5728754187179277,0.031210899045303636,340
logistic_regression_tau_0_4,CWE-269,0.010131099439544319,1.0,0.01746318179728708,1.0,0.9825368182027129,0.0,0.020058857842434157,0.04868154996635043,0.013287590590180018,0.02724542082715901,0.5087315908986435,0.5087315908986435,0.00684482646686109,87
logistic_regression_tau_0_4,CWE-285,0.033377863347256356,0.993103448275862,0.009117235710644517,0.9777777777777779,0.9908827642893556,0.006896551724137931,0.06458469092089451,0.14710912776433896,0.005036376160117093,0.04188991763168412,0.5011103419932532,0.50009558245652,0.037344790763176136,291
logistic_regression_tau_0_4,CWE-287,0.07130394576443377,1.0,0.0,,1.0,0.0,0.13311512833599382,0.2773945715517224,,0.07130394576443377,0.5,0.5342365123723447,0.07849882749667603,623
logistic_regression_tau_0_4,CWE-311,0.35377849074979084,0.47405927405927406,0.9600180358181977,0.9753198877636295,0.039981964181802394,0.5259407259407258,0.40469613712017055,0.4434743066409913,0.3777573777152964,0.9385574081482029,0.7170386549387359,0.7190260766099712,0.2592462944493387,386
logistic_regression_tau_0_4,CWE-327,0.6979589058599708,0.7514285714285714,0.9862756188301718,0.9895918801500564,0.013724381169828086,0.24857142857142858,0.723064685454703,0.739648878941486,0.7118972604293341,0.976867930850146,0.8688520951293717,0.871127576180293,0.6691613808780466,350
logistic_regression_tau_0_4,CWE-330,0.9168755823866453,0.876,0.9976399602875174,0.9963577386493803,0.0023600397124825074,0.12400000000000003,0.8950367131841558,0.8833108265264682,0.8927759599982098,0.9941624912370909,0.9368199801437587,0.9378596489311442,0.884901518389893,250
logistic_regression_tau_0_4,CWE-345,0.060735415479134615,1.0,0.0013459437927102703,1.0,0.9986540562072896,0.0,0.11451523032234837,0.2443185071229747,0.008713504739132202,0.061922280089223444,0.5006729718963552,0.5293546517256023,0.08910615312667954,530
logistic_regression_tau_0_4,CWE-400,0.028731285654070793,0.996078431372549,0.0,0.0,1.0,0.00392156862745098,0.05585109849855883,0.12879255813313156,-0.13799083249241603,0.02872795019938828,0.4980392156862745,0.49780380594741924,0.020884926337485437,252
logistic_regression_tau_0_4,CWE-501,0.6296399694889396,0.7555555555555555,0.9953812098125555,0.9974542343909855,0.004618790187444582,0.24444444444444446,0.6852590661349655,0.725261781430987,0.6854322746753484,0.9929134510534012,0.8754683826840555,0.8757047240355735,0.5534851836987167,90
logistic_regression_tau_0_4,CWE-610,0.4614192810197265,0.4653389238294898,0.7936454661697051,0.9792221076534785,0.20635453383029492,0.5346610761705101,0.34693340075224893,0.31666566499512605,0.4211797431857166,0.7836336861952982,0.6294921949995975,0.6688064406900073,0.28012194505552596,267
logistic_regression_tau_0_4,CWE-662,0.010757175668488517,1.0,0.0,,1.0,0.0,0.021285309707727046,0.051566369597711804,,0.010757175668488517,0.5,0.49994256174612295,0.00877267421514677,94
logistic_regression_tau_0_4,CWE-668,0.13262886621282527,0.9835823993358239,0.07633368877726779,0.9698948778494234,0.9236663112227322,0.016417600664176007,0.2337354484458399,0.43077241734463706,0.07836074767465842,0.19024270060718146,0.5299580440565459,0.5299580440565459,0.07904967821648681,1097
logistic_regression_tau_0_4,CWE-704,0.0046931750921274705,1.0,0.00022831050228310502,1.0,0.9997716894977169,0.0,0.009342404778874916,0.0230325224906243,0.002279205609185878,0.0049194135862840535,0.5001141552511416,0.5001141552511416,0.005520099546303411,41
logistic_regression_tau_0_4,CWE-706,0.4767226245336844,0.4329378531073447,0.9831859291364633,0.9800351259402357,0.016814070863536573,0.5670621468926553,0.45219353785235195,0.4400994924685924,0.43525480601046873,0.9644070092984303,0.708061891121904,0.7078889471071255,0.2760299412803455,298
logistic_regression_tau_0_4,CWE-74,0.4185783510527705,0.6005986995460679,0.8296778772437132,0.9140739685545523,0.17032212275628672,0.399401300453932,0.4888590363580077,0.5487945692448521,0.3773160458510545,0.7921866571665404,0.7151382883948907,0.7454850038957177,0.4755993322568538,1427
logistic_regression_tau_0_4,CWE-913,0.012245003835436072,1.0,0.0,,1.0,0.0,0.02419363899275264,0.058365197076537575,,0.012245003835436072,0.5,0.6143566715489828,0.1317506624606093,107
logistic_regression_tau_0_4,CWE-923,0.03788392141512782,1.0,0.0,,1.0,0.0,0.07300183206499923,0.16449011567310964,,0.03788392141512782,0.5,0.5,0.02168795088321281,331
logistic_regression_tau_0_5,CWE-116,0.00665406071162373,1.0,0.002417828240242175,1.0,0.9975821717597577,0.0,0.013219993713420173,0.03240622248468034,0.003985804340268795,0.009039825131816847,0.5012089141201211,0.5012089141201211,0.00426204204908028,58
logistic_regression_tau_0_5,CWE-190,0.4,0.02857142857142857,0.9993057919800382,0.9844149763710736,0.0006942080199618057,0.9714285714285715,0.12539184952978055,0.08622645790787382,0.10708915340566885,0.9837489728523463,0.5139386102757333,0.5139386102757333,0.029522180307498175,140
logistic_regression_tau_0_5,CWE-191,0.010655049586751598,0.6,0.4,0.9896637069395313,0.6,0.4,0.021085366004234284,0.05109685490159408,,0.4022585125278635,0.5,0.5001160472430447,0.011205068872282486,92
logistic_regression_tau_0_5,CWE-20,0.045550765060282716,0.9617647058823529,0.18398613155350238,0.9916745468428809,0.8160138684464977,0.038235294117647055,0.08698147044577179,0.19147572866536292,0.07365507172527304,0.21425345521020125,0.5728754187179277,0.5728754187179277,0.031210899045303636,340
logistic_regression_tau_0_5,CWE-269,0.010131099439544319,1.0,0.01746318179728708,1.0,0.9825368182027129,0.0,0.020058857842434157,0.04868154996635043,0.013287590590180018,0.02724542082715901,0.5087315908986435,0.5087315908986435,0.00684482646686109,87
logistic_regression_tau_0_5,CWE-285,0.03338587786848211,0.993103448275862,0.009356470160405281,0.9777777777777779,0.9906435298395948,0.006896551724137931,0.06459967208018233,0.14714009643008547,0.005272723612447773,0.04212099793208851,0.5012299592181336,0.50009558245652,0.037344790763176136,291
logistic_regression_tau_0_5,CWE-287,0.40216821973798594,0.07705806451612904,0.9913748855095157,0.9332863387961596,0.008625114490484257,0.9229419354838709,0.1286242119629814,0.0917576861320406,0.1507378422785449,0.9261728925728814,0.5342164750128224,0.5342365123723447,0.07849882749667603,623
logistic_regression_tau_0_5,CWE-311,0.35377849074979084,0.47405927405927406,0.9600180358181977,0.9753198877636295,0.039981964181802394,0.5259407259407258,0.40469613712017055,0.4434743066409913,0.3777573777152964,0.9385574081482029,0.7170386549387359,0.7190260766099712,0.2592462944493387,386
logistic_regression_tau_0_5,CWE-327,0.6979589058599708,0.7514285714285714,0.9862756188301718,0.9895918801500564,0.013724381169828086,0.24857142857142858,0.723064685454703,0.739648878941486,0.7118972604293341,0.976867930850146,0.8688520951293717,0.871127576180293,0.6691613808780466,350
logistic_regression_tau_0_5,CWE-330,0.9308290707587382,0.876,0.9979902229845402,0.996359763241425,0.00200977701545974,0.12400000000000003,0.9007714802092455,0.8853684396951925,0.8993374652961995,0.9945028202217759,0.9369951114922701,0.9378596489311442,0.884901518389893,250
logistic_regression_tau_0_5,CWE-345,0.5659033613445378,0.06037735849056604,0.9970702133936913,0.9426387437483863,0.002929786606308713,0.939622641509434,0.10764506685519118,0.073222961007231,0.1675505837590298,0.9402516044057991,0.5287237859421288,0.5293546517256023,0.08910615312667954,530
logistic_regression_tau_0_5,CWE-400,0.0,0.0,0.9995291805222895,0.9711434279511565,0.0004708194777105155,1.0,,,-0.0046844527709365156,0.9706992827121228,0.4997645902611447,0.49780380594741924,0.020884926337485437,252
logistic_regression_tau_0_5,CWE-501,0.6296399694889396,0.7555555555555555,0.9953812098125555,0.9974542343909855,0.004618790187444582,0.24444444444444446,0.6852590661349655,0.725261781430987,0.6854322746753484,0.9929134510534012,0.8754683826840555,0.8757047240355735,0.5534851836987167,90
logistic_regression_tau_0_5,CWE-610,0.6001267748478701,0.3445842068483578,0.9926925179862625,0.9796196121357011,0.007307482013737418,0.6554157931516421,0.43749567444221277,0.3765392199701103,0.44203737896638573,0.9728946561722035,0.6686383624173102,0.6688064406900073,0.28012194505552596,267
logistic_regression_tau_0_5,CWE-662,0.005388542257515599,0.2,0.7998851234922458,0.9892462672261282,0.20011487650775414,0.8,0.02132435465768799,0.05165851005981512,-0.002490832336513584,0.7934400217738876,0.49994256174612295,0.49994256174612295,0.00877267421514677,94
logistic_regression_tau_0_5,CWE-668,0.13262886621282527,0.9835823993358239,0.07633368877726779,0.9698948778494234,0.9236663112227322,0.016417600664176007,0.2337354484458399,0.43077241734463706,0.07836074767465842,0.19024270060718146,0.5299580440565459,0.5299580440565459,0.07904967821648681,1097
logistic_regression_tau_0_5,CWE-704,0.004765437368420094,0.6,0.4,0.9954178039051018,0.6,0.4,0.00948553298182246,0.023380168925528824,,0.40102638398309276,0.5,0.5001141552511416,0.005520099546303411,41
logistic_regression_tau_0_5,CWE-706,0.4827292986159981,0.4329378531073447,0.9836554127045385,0.9800439529024676,0.016344587295461458,0.5670621468926553,0.45524503181293674,0.44133220031683235,0.4385186932731133,0.9648607812780104,0.7082966329059416,0.7078889471071255,0.2760299412803455,298
logistic_regression_tau_0_5,CWE-74,0.5503298398948432,0.5711544595755121,0.908675347630305,0.9156421844933973,0.09132465236969496,0.42884554042448786,0.5601360777588462,0.5665936038667455,0.4727389806902137,0.853517255441498,0.7399149036029086,0.7454850038957177,0.4755993322568538,1427
logistic_regression_tau_0_5,CWE-913,0.3319986901643248,0.24415584415584415,0.9939771776788018,0.990647862120726,0.006022822321198163,0.7558441558441558,0.2794648385670057,0.2568563134848782,0.27623201114314383,0.9847813319316148,0.619066510917323,0.6143566715489828,0.1317506624606093,107
logistic_regression_tau_0_5,CWE-923,0.03788392141512782,1.0,0.0,,1.0,0.0,0.07300183206499923,0.16449011567310964,,0.03788392141512782,0.5,0.5,0.02168795088321281,331
logistic_regression_tau_0_6,CWE-116,,0.0,1.0,0.9933619380241989,0.0,1.0,,,,0.9933619380241989,0.5,0.5012089141201211,0.00426204204908028,58
logistic_regression_tau_0_6,CWE-190,0.4,0.02857142857142857,0.9993057919800382,0.9844149763710736,0.0006942080199618057,0.9714285714285715,0.12539184952978055,0.08622645790787382,0.10708915340566885,0.9837489728523463,0.5139386102757333,0.5139386102757333,0.029522180307498175,140
logistic_regression_tau_0_6,CWE-191,,0.0,1.0,0.9894724530237615,0.0,1.0,,,,0.9894724530237615,0.5,0.5001160472430447,0.011205068872282486,92
logistic_regression_tau_0_6,CWE-20,,0.0,1.0,0.9610871223331069,0.0,1.0,,,,0.9610871223331069,0.5,0.5728754187179277,0.031210899045303636,340
logistic_regression_tau_0_6,CWE-269,,0.0,1.0,0.9900439889684988,0.0,1.0,,,,0.9900439889684988,0.5,0.5087315908986435,0.00684482646686109,87
logistic_regression_tau_0_6,CWE-285,,0.0,1.0,0.966694064192742,0.0,1.0,,,,0.966694064192742,0.5,0.50009558245652,0.037344790763176136,291
logistic_regression_tau_0_6,CWE-287,0.40216821973798594,0.07705806451612904,0.9913748855095157,0.9332863387961596,0.008625114490484257,0.9229419354838709,0.1286242119629814,0.0917576861320406,0.1507378422785449,0.9261728925728814,0.5342164750128224,0.5342365123723447,0.07849882749667603,623
logistic_regression_tau_0_6,CWE-311,0.3818201415914679,0.45854145854145856,0.9655385696732864,0.9747432641451936,0.034461430326713505,0.5414585414585413,0.4160114227249979,0.4403094742047676,0.3885802689082636,0.9431426101232925,0.7120400141073725,0.7190260766099712,0.2592462944493387,386
logistic_regression_tau_0_6,CWE-327,0.700029299234712,0.7514285714285714,0.9863937523210164,0.9895932748784017,0.013606247678983432,0.24857142857142858,0.7240924346838911,0.7400582117290424,0.7129888516141951,0.9769813738450411,0.868911161874794,0.871127576180293,0.6691613808780466,350
logistic_regression_tau_0_6,CWE-330,0.9954545454545455,0.876,0.9998810232004759,0.9963654073202741,0.00011897679952409281,0.12400000000000003,0.9311838373975302,0.8971261781020917,0.9317002628317426,0.9963393592360976,0.937940511600238,0.9378596489311442,0.884901518389893,250
logistic_regression_tau_0_6,CWE-345,0.5659033613445378,0.06037735849056604,0.9970702133936913,0.9426387437483863,0.002929786606308713,0.939622641509434,0.10764506685519118,0.073222961007231,0.1675505837590298,0.9402516044057991,0.5287237859421288,0.5293546517256023,0.08910615312667954,530
logistic_regression_tau_0_6,CWE-400,0.0,0.0,0.9995291805222895,0.9711434279511565,0.0004708194777105155,1.0,,,-0.0046844527709365156,0.9706992827121228,0.4997645902611447,0.49780380594741924,0.020884926337485437,252
logistic_regression_tau_0_6,CWE-501,0.6296399694889396,0.7555555555555555,0.9953812098125555,0.9974542343909855,0.004618790187444582,0.24444444444444446,0.6852590661349655,0.725261781430987,0.6854322746753484,0.9929134510534012,0.8754683826840555,0.8757047240355735,0.5534851836987167,90
logistic_regression_tau_0_6,CWE-610,0.6001267748478701,0.3445842068483578,0.9926925179862625,0.9796196121357011,0.007307482013737418,0.6554157931516421,0.43749567444221277,0.3765392199701103,0.44203737896638573,0.9728946561722035,0.6686383624173102,0.6688064406900073,0.28012194505552596,267
logistic_regression_tau_0_6,CWE-662,0.0,0.0,0.9998851234922459,0.9892415968778963,0.00011487650775416428,1.0,,,-0.002490832336513584,0.9891291879678752,0.49994256174612295,0.49994256174612295,0.00877267421514677,94
logistic_regression_tau_0_6,CWE-668,,0.0,1.0,0.8744466303932542,0.0,1.0,,,,0.8744466303932542,0.5,0.5299580440565459,0.07904967821648681,1097
logistic_regression_tau_0_6,CWE-704,,0.0,1.0,0.9953078591409886,0.0,1.0,,,,0.9953078591409886,0.5,0.5001141552511416,0.005520099546303411,41
logistic_regression_tau_0_6,CWE-706,0.4827292986159981,0.4329378531073447,0.9836554127045385,0.9800439529024676,0.016344587295461458,0.5670621468926553,0.45524503181293674,0.44133220031683235,0.4385186932731133,0.9648607812780104,0.7082966329059416,0.7078889471071255,0.2760299412803455,298
logistic_regression_tau_0_6,CWE-74,0.5503298398948432,0.5711544595755121,0.908675347630305,0.9156421844933973,0.09132465236969496,0.42884554042448786,0.5601360777588462,0.5665936038667455,0.4727389806902137,0.853517255441498,0.7399149036029086,0.7454850038957177,0.4755993322568538,1427
logistic_regression_tau_0_6,CWE-913,0.3319986901643248,0.24415584415584415,0.9939771776788018,0.990647862120726,0.006022822321198163,0.7558441558441558,0.2794648385670057,0.2568563134848782,0.27623201114314383,0.9847813319316148,0.619066510917323,0.6143566715489828,0.1317506624606093,107
logistic_regression_tau_0_6,CWE-923,,0.0,1.0,0.9621160785848722,0.0,1.0,,,,0.9621160785848722,0.5,0.5,0.02168795088321281,331
logistic_regression_tau_0_7,CWE-116,,0.0,1.0,0.9933619380241989,0.0,1.0,,,,0.9933619380241989,0.5,0.5012089141201211,0.00426204204908028,58
logistic_regression_tau_0_7,CWE-190,0.4,0.02857142857142857,0.9993057919800382,0.9844149763710736,0.0006942080199618057,0.9714285714285715,0.12539184952978055,0.08622645790787382,0.10708915340566885,0.9837489728523463,0.5139386102757333,0.5139386102757333,0.029522180307498175,140
logistic_regression_tau_0_7,CWE-191,,0.0,1.0,0.9894724530237615,0.0,1.0,,,,0.9894724530237615,0.5,0.5001160472430447,0.011205068872282486,92
logistic_regression_tau_0_7,CWE-20,,0.0,1.0,0.9610871223331069,0.0,1.0,,,,0.9610871223331069,0.5,0.5728754187179277,0.031210899045303636,340
logistic_regression_tau_0_7,CWE-269,,0.0,1.0,0.9900439889684988,0.0,1.0,,,,0.9900439889684988,0.5,0.5087315908986435,0.00684482646686109,87
logistic_regression_tau_0_7,CWE-285,,0.0,1.0,0.966694064192742,0.0,1.0,,,,0.966694064192742,0.5,0.50009558245652,0.037344790763176136,291
logistic_regression_tau_0_7,CWE-287,0.40216821973798594,0.07705806451612904,0.9913748855095157,0.9332863387961596,0.008625114490484257,0.9229419354838709,0.1286242119629814,0.0917576861320406,0.1507378422785449,0.9261728925728814,0.5342164750128224,0.5342365123723447,0.07849882749667603,623
logistic_regression_tau_0_7,CWE-311,0.39138466734211413,0.45854145854145856,0.9670806811798108,0.9747808926247427,0.03291931882018918,0.5414585414585413,0.42212634771864144,0.4431926486937684,0.3946987290460561,0.9446173690569282,0.7128110698606347,0.7190260766099712,0.2592462944493387,386
logistic_regression_tau_0_7,CWE-327,0.700029299234712,0.7514285714285714,0.9863937523210164,0.9895932748784017,0.013606247678983432,0.24857142857142858,0.7240924346838911,0.7400582117290424,0.7129888516141951,0.9769813738450411,0.868911161874794,0.871127576180293,0.6691613808780466,350
logistic_regression_tau_0_7,CWE-330,0.9954545454545455,0.876,0.9998810232004759,0.9963654073202741,0.00011897679952409281,0.12400000000000003,0.9311838373975302,0.8971261781020917,0.9317002628317426,0.9963393592360976,0.937940511600238,0.9378596489311442,0.884901518389893,250
logistic_regression_tau_0_7,CWE-345,0.5659033613445378,0.06037735849056604,0.9970702133936913,0.9426387437483863,0.002929786606308713,0.939622641509434,0.10764506685519118,0.073222961007231,0.1675505837590298,0.9402516044057991,0.5287237859421288,0.5293546517256023,0.08910615312667954,530
logistic_regression_tau_0_7,CWE-400,0.0,0.0,0.9995291805222895,0.9711434279511565,0.0004708194777105155,1.0,,,-0.0046844527709365156,0.9706992827121228,0.4997645902611447,0.49780380594741924,0.020884926337485437,252
logistic_regression_tau_0_7,CWE-501,0.6296399694889396,0.7555555555555555,0.9953812098125555,0.9974542343909855,0.004618790187444582,0.24444444444444446,0.6852590661349655,0.725261781430987,0.6854322746753484,0.9929134510534012,0.8754683826840555,0.8757047240355735,0.5534851836987167,90
logistic_regression_tau_0_7,CWE-610,0.6001267748478701,0.3445842068483578,0.9926925179862625,0.9796196121357011,0.007307482013737418,0.6554157931516421,0.43749567444221277,0.3765392199701103,0.44203737896638573,0.9728946561722035,0.6686383624173102,0.6688064406900073,0.28012194505552596,267
logistic_regression_tau_0_7,CWE-662,0.0,0.0,0.9998851234922459,0.9892415968778963,0.00011487650775416428,1.0,,,-0.002490832336513584,0.9891291879678752,0.49994256174612295,0.49994256174612295,0.00877267421514677,94
logistic_regression_tau_0_7,CWE-668,,0.0,1.0,0.8744466303932542,0.0,1.0,,,,0.8744466303932542,0.5,0.5299580440565459,0.07904967821648681,1097
logistic_regression_tau_0_7,CWE-704,,0.0,1.0,0.9953078591409886,0.0,1.0,,,,0.9953078591409886,0.5,0.5001141552511416,0.005520099546303411,41
logistic_regression_tau_0_7,CWE-706,0.4827292986159981,0.4329378531073447,0.9836554127045385,0.9800439529024676,0.016344587295461458,0.5670621468926553,0.45524503181293674,0.44133220031683235,0.4385186932731133,0.9648607812780104,0.7082966329059416,0.7078889471071255,0.2760299412803455,298
logistic_regression_tau_0_7,CWE-74,0.5503298398948432,0.5711544595755121,0.908675347630305,0.9156421844933973,0.09132465236969496,0.42884554042448786,0.5601360777588462,0.5665936038667455,0.4727389806902137,0.853517255441498,0.7399149036029086,0.7454850038957177,0.4755993322568538,1427
logistic_regression_tau_0_7,CWE-913,0.3319986901643248,0.24415584415584415,0.9939771776788018,0.990647862120726,0.006022822321198163,0.7558441558441558,0.2794648385670057,0.2568563134848782,0.27623201114314383,0.9847813319316148,0.619066510917323,0.6143566715489828,0.1317506624606093,107
logistic_regression_tau_0_7,CWE-923,,0.0,1.0,0.9621160785848722,0.0,1.0,,,,0.9621160785848722,0.5,0.5,0.02168795088321281,331
logistic_regression_tau_0_8,CWE-116,,0.0,1.0,0.9933619380241989,0.0,1.0,,,,0.9933619380241989,0.5,0.5012089141201211,0.00426204204908028,58
logistic_regression_tau_0_8,CWE-190,0.4,0.02857142857142857,0.9993057919800382,0.9844149763710736,0.0006942080199618057,0.9714285714285715,0.12539184952978055,0.08622645790787382,0.10708915340566885,0.9837489728523463,0.5139386102757333,0.5139386102757333,0.029522180307498175,140
logistic_regression_tau_0_8,CWE-191,,0.0,1.0,0.9894724530237615,0.0,1.0,,,,0.9894724530237615,0.5,0.5001160472430447,0.011205068872282486,92
logistic_regression_tau_0_8,CWE-20,,0.0,1.0,0.9610871223331069,0.0,1.0,,,,0.9610871223331069,0.5,0.5728754187179277,0.031210899045303636,340
logistic_regression_tau_0_8,CWE-269,,0.0,1.0,0.9900439889684988,0.0,1.0,,,,0.9900439889684988,0.5,0.5087315908986435,0.00684482646686109,87
logistic_regression_tau_0_8,CWE-285,,0.0,1.0,0.966694064192742,0.0,1.0,,,,0.966694064192742,0.5,0.50009558245652,0.037344790763176136,291
logistic_regression_tau_0_8,CWE-287,0.40216821973798594,0.07705806451612904,0.9913748855095157,0.9332863387961596,0.008625114490484257,0.9229419354838709,0.1286242119629814,0.0917576861320406,0.1507378422785449,0.9261728925728814,0.5342164750128224,0.5342365123723447,0.07849882749667603,623
logistic_regression_tau_0_8,CWE-311,0.39138466734211413,0.45854145854145856,0.9670806811798108,0.9747808926247427,0.03291931882018918,0.5414585414585413,0.42212634771864144,0.4431926486937684,0.3946987290460561,0.9446173690569282,0.7128110698606347,0.7190260766099712,0.2592462944493387,386
logistic_regression_tau_0_8,CWE-327,0.700029299234712,0.7514285714285714,0.9863937523210164,0.9895932748784017,0.013606247678983432,0.24857142857142858,0.7240924346838911,0.7400582117290424,0.7129888516141951,0.9769813738450411,0.868911161874794,0.871127576180293,0.6691613808780466,350
logistic_regression_tau_0_8,CWE-330,0.9954545454545455,0.876,0.9998810232004759,0.9963654073202741,0.00011897679952409281,0.12400000000000003,0.9311838373975302,0.8971261781020917,0.9317002628317426,0.9963393592360976,0.937940511600238,0.9378596489311442,0.884901518389893,250
logistic_regression_tau_0_8,CWE-345,0.5659033613445378,0.06037735849056604,0.9970702133936913,0.9426387437483863,0.002929786606308713,0.939622641509434,0.10764506685519118,0.073222961007231,0.1675505837590298,0.9402516044057991,0.5287237859421288,0.5293546517256023,0.08910615312667954,530
logistic_regression_tau_0_8,CWE-400,0.0,0.0,0.9995291805222895,0.9711434279511565,0.0004708194777105155,1.0,,,-0.0046844527709365156,0.9706992827121228,0.4997645902611447,0.49780380594741924,0.020884926337485437,252
logistic_regression_tau_0_8,CWE-501,0.6296399694889396,0.7555555555555555,0.9953812098125555,0.9974542343909855,0.004618790187444582,0.24444444444444446,0.6852590661349655,0.725261781430987,0.6854322746753484,0.9929134510534012,0.8754683826840555,0.8757047240355735,0.5534851836987167,90
logistic_regression_tau_0_8,CWE-610,0.6065922920892495,0.33710691823899375,0.9930436004906511,0.9793988340840862,0.006956399509348887,0.6628930817610063,0.4329075355375679,0.36979253168250203,0.4396017797225695,0.9730060020117914,0.6650752593648225,0.6688064406900073,0.28012194505552596,267
logistic_regression_tau_0_8,CWE-662,0.0,0.0,0.9998851234922459,0.9892415968778963,0.00011487650775416428,1.0,,,-0.002490832336513584,0.9891291879678752,0.49994256174612295,0.49994256174612295,0.00877267421514677,94
logistic_regression_tau_0_8,CWE-668,,0.0,1.0,0.8744466303932542,0.0,1.0,,,,0.8744466303932542,0.5,0.5299580440565459,0.07904967821648681,1097
logistic_regression_tau_0_8,CWE-704,,0.0,1.0,0.9953078591409886,0.0,1.0,,,,0.9953078591409886,0.5,0.5001141552511416,0.005520099546303411,41
logistic_regression_tau_0_8,CWE-706,0.4827292986159981,0.4329378531073447,0.9836554127045385,0.9800439529024676,0.016344587295461458,0.5670621468926553,0.45524503181293674,0.44133220031683235,0.4385186932731133,0.9648607812780104,0.7082966329059416,0.7078889471071255,0.2760299412803455,298
logistic_regression_tau_0_8,CWE-74,0.5503298398948432,0.5711544595755121,0.908675347630305,0.9156421844933973,0.09132465236969496,0.42884554042448786,0.5601360777588462,0.5665936038667455,0.4727389806902137,0.853517255441498,0.7399149036029086,0.7454850038957177,0.4755993322568538,1427
logistic_regression_tau_0_8,CWE-913,0.3319986901643248,0.24415584415584415,0.9939771776788018,0.990647862120726,0.006022822321198163,0.7558441558441558,0.2794648385670057,0.2568563134848782,0.27623201114314383,0.9847813319316148,0.619066510917323,0.6143566715489828,0.1317506624606093,107
logistic_regression_tau_0_8,CWE-923,,0.0,1.0,0.9621160785848722,0.0,1.0,,,,0.9621160785848722,0.5,0.5,0.02168795088321281,331
logistic_regression_tau_0_9,CWE-116,,0.0,1.0,0.9933619380241989,0.0,1.0,,,,0.9933619380241989,0.5,0.5012089141201211,0.00426204204908028,58
logistic_regression_tau_0_9,CWE-190,0.3333333333333333,0.007142857142857143,0.9995367388622552,0.9840821610382584,0.0004632611377447156,0.9928571428571429,0.0689655172413793,0.04424778761061946,0.05973062209158928,0.9836353364887099,0.5033397980025562,0.5139386102757333,0.029522180307498175,140
logistic_regression_tau_0_9,CWE-191,,0.0,1.0,0.9894724530237615,0.0,1.0,,,,0.9894724530237615,0.5,0.5001160472430447,0.011205068872282486,92
logistic_regression_tau_0_9,CWE-20,,0.0,1.0,0.9610871223331069,0.0,1.0,,,,0.9610871223331069,0.5,0.5728754187179277,0.031210899045303636,340
logistic_regression_tau_0_9,CWE-269,,0.0,1.0,0.9900439889684988,0.0,1.0,,,,0.9900439889684988,0.5,0.5087315908986435,0.00684482646686109,87
logistic_regression_tau_0_9,CWE-285,,0.0,1.0,0.966694064192742,0.0,1.0,,,,0.966694064192742,0.5,0.50009558245652,0.037344790763176136,291
logistic_regression_tau_0_9,CWE-287,1.0,0.0048258064516129035,1.0,0.9290133394833026,0.0,0.995174193548387,0.01595767195767196,0.01003358808874538,0.08647835319387193,0.9290372888452392,0.5024129032258065,0.5342365123723447,0.07849882749667603,623
logistic_regression_tau_0_9,CWE-311,0.39138466734211413,0.45854145854145856,0.9670806811798108,0.9747808926247427,0.03291931882018918,0.5414585414585413,0.42212634771864144,0.4431926486937684,0.3946987290460561,0.9446173690569282,0.7128110698606347,0.7190260766099712,0.2592462944493387,386
logistic_regression_tau_0_9,CWE-327,0.7394761314330467,0.7228571428571429,0.9890078960950897,0.9884446352646125,0.010992103904910323,0.27714285714285714,0.7294277192766717,0.7250895455546871,0.719102849534255,0.978349987706842,0.8559325194761163,0.871127576180293,0.6691613808780466,350
logistic_regression_tau_0_9,CWE-330,0.9954545454545455,0.876,0.9998810232004759,0.9963654073202741,0.00011897679952409281,0.12400000000000003,0.9311838373975302,0.8971261781020917,0.9317002628317426,0.9963393592360976,0.937940511600238,0.9378596489311442,0.884901518389893,250
logistic_regression_tau_0_9,CWE-345,0.5659033613445378,0.06037735849056604,0.9970702133936913,0.9426387437483863,0.002929786606308713,0.939622641509434,0.10764506685519118,0.073222961007231,0.1675505837590298,0.9402516044057991,0.5287237859421288,0.5293546517256023,0.08910615312667954,530
logistic_regression_tau_0_9,CWE-400,,0.0,1.0,0.9711565763595033,0.0,1.0,,,,0.9711565763595033,0.5,0.49780380594741924,0.020884926337485437,252
logistic_regression_tau_0_9,CWE-501,0.6296399694889396,0.7555555555555555,0.9953812098125555,0.9974542343909855,0.004618790187444582,0.24444444444444446,0.6852590661349655,0.725261781430987,0.6854322746753484,0.9929134510534012,0.8754683826840555,0.8757047240355735,0.5534851836987167,90
logistic_regression_tau_0_9,CWE-610,0.6207204433497537,0.33710691823899375,0.9935135009835291,0.9794086447025656,0.006486499016470882,0.6628930817610063,0.43670090964475533,0.37092196383392834,0.44531798944159895,0.9734615852413473,0.6653102096112614,0.6688064406900073,0.28012194505552596,267
logistic_regression_tau_0_9,CWE-662,0.0,0.0,0.9998851234922459,0.9892415968778963,0.00011487650775416428,1.0,,,-0.002490832336513584,0.9891291879678752,0.49994256174612295,0.49994256174612295,0.00877267421514677,94
logistic_regression_tau_0_9,CWE-668,,0.0,1.0,0.8744466303932542,0.0,1.0,,,,0.8744466303932542,0.5,0.5299580440565459,0.07904967821648681,1097
logistic_regression_tau_0_9,CWE-704,,0.0,1.0,0.9953078591409886,0.0,1.0,,,,0.9953078591409886,0.5,0.5001141552511416,0.005520099546303411,41
logistic_regression_tau_0_9,CWE-706,0.4827292986159981,0.4329378531073447,0.9836554127045385,0.9800439529024676,0.016344587295461458,0.5670621468926553,0.45524503181293674,0.44133220031683235,0.4385186932731133,0.9648607812780104,0.7082966329059416,0.7078889471071255,0.2760299412803455,298
logistic_regression_tau_0_9,CWE-74,,0.0,1.0,0.8366782491283284,0.0,1.0,,,,0.8366782491283284,0.5,0.7454850038957177,0.4755993322568538,1427
logistic_regression_tau_0_9,CWE-913,0.3319986901643248,0.24415584415584415,0.9939771776788018,0.990647862120726,0.006022822321198163,0.7558441558441558,0.2794648385670057,0.2568563134848782,0.27623201114314383,0.9847813319316148,0.619066510917323,0.6143566715489828,0.1317506624606093,107
logistic_regression_tau_0_9,CWE-923,,0.0,1.0,0.9621160785848722,0.0,1.0,,,,0.9621160785848722,0.5,0.5,0.02168795088321281,331
logistic_interactions_tau_0_1,CWE-116,0.006638061975801049,1.0,0.0,,1.0,0.0,0.013188418502749632,0.032330328807305055,,0.006638061975801049,0.5,0.5012089141201211,0.00426204204908028,58
logistic_interactions_tau_0_1,CWE-190,0.016022949627544206,1.0,0.0,,1.0,0.0,0.03154049709024045,0.07528906002388339,,0.016022949627544206,0.5,0.5139386102757333,0.029522180307498175,140
logistic_interactions_tau_0_1,CWE-191,0.010527546976238419,1.0,0.0,,1.0,0.0,0.020835654291612292,0.05050989505847987,,0.010527546976238419,0.5,0.5001160472430447,0.011205068872282486,92
logistic_interactions_tau_0_1,CWE-20,0.038912877666893074,1.0,0.0,,1.0,0.0,0.07491059713018633,0.16835785040299608,,0.038912877666893074,0.5,0.5728754187179277,0.031210899045303636,340
logistic_interactions_tau_0_1,CWE-269,0.010131099439544319,1.0,0.01746318179728708,1.0,0.9825368182027129,0.0,0.020058857842434157,0.04868154996635043,0.013287590590180018,0.02724542082715901,0.5087315908986435,0.5087315908986435,0.00684482646686109,87
logistic_interactions_tau_0_1,CWE-285,0.033267068432558944,0.9965517241379309,0.0022460324513110435,0.9722222222222222,0.997753967548689,0.0034482758620689655,0.0643844920625648,0.14673861438914787,-0.0032280652352325153,0.03536336670773998,0.4993988782946211,0.50009558245652,0.037344790763176136,291
logistic_interactions_tau_0_1,CWE-287,0.07130394576443377,1.0,0.0,,1.0,0.0,0.13311512833599382,0.2773945715517224,,0.07130394576443377,0.5,0.5342365123723447,0.07849882749667603,623
logistic_interactions_tau_0_1,CWE-311,0.04417726672688812,1.0,0.0,,1.0,0.0,0.0846161572636939,0.1877135541082559,,0.04417726672688812,0.5,0.7190260766099712,0.2592462944493387,386
logistic_interactions_tau_0_1,CWE-327,0.04005737406886052,1.0,0.0,,1.0,0.0,0.0770289880236655,0.17262568805974626,,0.04005737406886052,0.5,0.8712913435200049,0.6749621868316854,350
logistic_interactions_tau_0_1,CWE-330,0.2089867719323398,0.96,0.19964973730297725,0.9941860465116279,0.8003502626970228,0.04,0.21664450446670996,0.2675072483857636,0.8590203355874146,0.22146550137079699,0.5798248686514886,0.9378596489311442,0.884901518389893,250
logistic_interactions_tau_0_1,CWE-345,0.060658309304274495,1.0,0.0,,1.0,0.0,0.11437822925614856,0.24406931076513846,,0.060658309304274495,0.5,0.5293546517256023,0.08910615312667954,530
logistic_interactions_tau_0_1,CWE-400,0.028843423640496822,1.0,0.0,,1.0,0.0,0.056069144856070494,0.12929574005808936,,0.028843423640496822,0.5,0.49780380594741924,0.020884926337485437,252
logistic_interactions_tau_0_1,CWE-501,0.01030046761770699,1.0,0.0,,1.0,0.0,0.020390886872442122,0.04946420098461535,,0.01030046761770699,0.5,0.8757047240355735,0.5534851836987167,90
logistic_interactions_tau_0_1,CWE-610,0.030556752898173868,1.0,0.0,,1.0,0.0,0.05930134466399937,0.1361425810349464,,0.030556752898173868,0.5,0.6688064406900073,0.28012194505552596,267
logistic_interactions_tau_0_1,CWE-662,0.010757175668488517,1.0,0.0,,1.0,0.0,0.021285309707727046,0.051566369597711804,,0.010757175668488517,0.5,0.49994256174612295,0.00877267421514677,94
logistic_interactions_tau_0_1,CWE-668,0.1255533696067458,1.0,0.0,,1.0,0.0,0.22309404619061807,0.41788528863955376,,0.1255533696067458,0.5,0.5299580440565459,0.07904967821648681,1097
logistic_interactions_tau_0_1,CWE-704,0.0046921408590113265,1.0,0.0,,1.0,0.0,0.009340354999994813,0.023027534461893255,,0.0046921408590113265,0.5,0.5001141552511416,0.005520099546303411,41
logistic_interactions_tau_0_1,CWE-706,0.03410781270049187,1.0,0.0,,1.0,0.0,0.06596518601292699,0.15006172133613097,,0.03410781270049187,0.5,0.7089023971713732,0.29008034066078087,298
logistic_interactions_tau_0_1,CWE-74,0.16332175087167142,1.0,0.0,,1.0,0.0,0.2807821274154546,0.4939198149929423,,0.16332175087167142,0.5,0.744203379925016,0.47821929452512224,1427
logistic_interactions_tau_0_1,CWE-913,0.012245003835436072,1.0,0.0,,1.0,0.0,0.02419363899275264,0.058365197076537575,,0.012245003835436072,0.5,0.6143566715489828,0.1317506624606093,107
logistic_interactions_tau_0_1,CWE-923,0.03788392141512782,1.0,0.0,,1.0,0.0,0.07300183206499923,0.16449011567310964,,0.03788392141512782,0.5,0.5,0.02168795088321281,331
logistic_interactions_tau_0_2,CWE-116,0.0066493532785869645,1.0,0.001728173067828382,1.0,0.9982718269321715,0.0,0.01321070672217316,0.03238392594064467,0.003765202364122271,0.008354893624967531,0.5008640865339142,0.5012089141201211,0.00426204204908028,58
logistic_interactions_tau_0_2,CWE-190,0.016022949627544206,1.0,0.0,,1.0,0.0,0.03154049709024045,0.07528906002388339,,0.016022949627544206,0.5,0.5139386102757333,0.029522180307498175,140
logistic_interactions_tau_0_2,CWE-191,0.010527546976238419,1.0,0.0,,1.0,0.0,0.020835654291612292,0.05050989505847987,,0.010527546976238419,0.5,0.5001160472430447,0.011205068872282486,92
logistic_interactions_tau_0_2,CWE-20,0.045550765060282716,0.9617647058823529,0.18398613155350238,0.9916745468428809,0.8160138684464977,0.038235294117647055,0.08698147044577179,0.19147572866536292,0.07365507172527304,0.21425345521020125,0.5728754187179277,0.5728754187179277,0.031210899045303636,340
logistic_interactions_tau_0_2,CWE-269,0.010131099439544319,1.0,0.01746318179728708,1.0,0.9825368182027129,0.0,0.020058857842434157,0.04868154996635043,0.013287590590180018,0.02724542082715901,0.5087315908986435,0.5087315908986435,0.00684482646686109,87
logistic_interactions_tau_0_2,CWE-285,0.033162908390252294,0.993103448275862,0.002484981077356444,0.8722222222222222,0.9975150189226435,0.006896551724137931,0.06418220980738085,0.1462734204204345,-0.03129326178850443,0.03547884014884853,0.4977942146766092,0.50009558245652,0.037344790763176136,291
logistic_interactions_tau_0_2,CWE-287,0.07130394576443377,1.0,0.0,,1.0,0.0,0.13311512833599382,0.2773945715517224,,0.07130394576443377,0.5,0.5342365123723447,0.07849882749667603,623
logistic_interactions_tau_0_2,CWE-311,0.04417726672688812,1.0,0.0,,1.0,0.0,0.0846161572636939,0.1877135541082559,,0.04417726672688812,0.5,0.7190260766099712,0.2592462944493387,386
logistic_interactions_tau_0_2,CWE-327,0.29509549461087886,0.8857142857142858,0.3942678957667411,0.9880473762437407,0.6057321042332589,0.11428571428571428,0.3242074705907234,0.38609304467297745,0.6823866893872272,0.413952778579595,0.6399910907405134,0.8712913435200049,0.6749621868316854,350
logistic_interactions_tau_0_2,CWE-330,0.9168755823866453,0.876,0.9976399602875174,0.9963577386493803,0.0023600397124825074,0.12400000000000003,0.8950367131841558,0.8833108265264682,0.8927759599982098,0.9941624912370909,0.9368199801437587,0.9378596489311442,0.884901518389893,250
logistic_interactions_tau_0_2,CWE-345,0.060658309304274495,1.0,0.0,,1.0,0.0,0.11437822925614856,0.24406931076513846,,0.060658309304274495,0.5,0.5293546517256023,0.08910615312667954,530
logistic_interactions_tau_0_2,CWE-400,0.028843423640496822,1.0,0.0,,1.0,0.0,0.056069144856070494,0.12929574005808936,,0.028843423640496822,0.5,0.49780380594741924,0.020884926337485437,252
logistic_interactions_tau_0_2,CWE-501,0.22450685470731088,0.8555555555555555,0.3978133023993686,0.9962565473463627,0.6021866976006314,0.14444444444444443,0.2472109728497903,0.27650266757433445,0.58529617526399,0.4025560716027631,0.6266844289774621,0.8757047240355735,0.5534851836987167,90
logistic_interactions_tau_0_2,CWE-610,0.030556752898173868,1.0,0.0,,1.0,0.0,0.05930134466399937,0.1361425810349464,,0.030556752898173868,0.5,0.6688064406900073,0.28012194505552596,267
logistic_interactions_tau_0_2,CWE-662,0.010757175668488517,1.0,0.0,,1.0,0.0,0.021285309707727046,0.051566369597711804,,0.010757175668488517,0.5,0.49994256174612295,0.00877267421514677,94
logistic_interactions_tau_0_2,CWE-668,0.13065281168234302,0.9835823993358239,0.05979929724287625,0.9623685973117792,0.9402007027571238,0.016417600664176007,0.23065102266497545,0.42653907163454025,0.07135455506806554,0.17580852046861334,0.5216908482893501,0.5299580440565459,0.07904967821648681,1097
logistic_interactions_tau_0_2,CWE-704,0.0046921408590113265,1.0,0.0,,1.0,0.0,0.009340354999994813,0.023027534461893255,,0.0046921408590113265,0.5,0.5001141552511416,0.005520099546303411,41
logistic_interactions_tau_0_2,CWE-706,0.03410781270049187,1.0,0.0,,1.0,0.0,0.06596518601292699,0.15006172133613097,,0.03410781270049187,0.5,0.7089023971713732,0.29008034066078087,298
logistic_interactions_tau_0_2,CWE-74,0.16332175087167142,1.0,0.0,,1.0,0.0,0.2807821274154546,0.4939198149929423,,0.16332175087167142,0.5,0.744203379925016,0.47821929452512224,1427
logistic_interactions_tau_0_2,CWE-913,0.012245003835436072,1.0,0.0,,1.0,0.0,0.02419363899275264,0.058365197076537575,,0.012245003835436072,0.5,0.6143566715489828,0.1317506624606093,107
logistic_interactions_tau_0_2,CWE-923,0.03788392141512782,1.0,0.0,,1.0,0.0,0.07300183206499923,0.16449011567310964,,0.03788392141512782,0.5,0.5,0.02168795088321281,331
logistic_interactions_tau_0_3,CWE-116,0.00665406071162373,1.0,0.002417828240242175,1.0,0.9975821717597577,0.0,0.013219993713420173,0.03240622248468034,0.003985804340268795,0.009039825131816847,0.5012089141201211,0.5012089141201211,0.00426204204908028,58
logistic_interactions_tau_0_3,CWE-190,0.016022949627544206,1.0,0.0,,1.0,0.0,0.03154049709024045,0.07528906002388339,,0.016022949627544206,0.5,0.5139386102757333,0.029522180307498175,140
logistic_interactions_tau_0_3,CWE-191,0.01052992262581756,1.0,0.00023209448608948061,1.0,0.9997679055139106,0.0,0.02084030883704325,0.0505208485008238,0.0024496811331963814,0.010757242377582167,0.5001160472430447,0.5001160472430447,0.011205068872282486,92
logistic_interactions_tau_0_3,CWE-20,0.045550765060282716,0.9617647058823529,0.18398613155350238,0.9916745468428809,0.8160138684464977,0.038235294117647055,0.08698147044577179,0.19147572866536292,0.07365507172527304,0.21425345521020125,0.5728754187179277,0.5728754187179277,0.031210899045303636,340
logistic_interactions_tau_0_3,CWE-269,0.010131099439544319,1.0,0.01746318179728708,1.0,0.9825368182027129,0.0,0.020058857842434157,0.04868154996635043,0.013287590590180018,0.02724542082715901,0.5087315908986435,0.5087315908986435,0.00684482646686109,87
logistic_interactions_tau_0_3,CWE-285,0.033162908390252294,0.993103448275862,0.002484981077356444,0.8722222222222222,0.9975150189226435,0.006896551724137931,0.06418220980738085,0.1462734204204345,-0.03129326178850443,0.03547884014884853,0.4977942146766092,0.50009558245652,0.037344790763176136,291
logistic_interactions_tau_0_3,CWE-287,0.07130394576443377,1.0,0.0,,1.0,0.0,0.13311512833599382,0.2773945715517224,,0.07130394576443377,0.5,0.5342365123723447,0.07849882749667603,623
logistic_interactions_tau_0_3,CWE-311,0.04417726672688812,1.0,0.0,,1.0,0.0,0.0846161572636939,0.1877135541082559,,0.04417726672688812,0.5,0.7190260766099712,0.2592462944493387,386
logistic_interactions_tau_0_3,CWE-327,0.6979589058599708,0.7514285714285714,0.9862756188301718,0.9895918801500564,0.013724381169828086,0.24857142857142858,0.723064685454703,0.739648878941486,0.7118972604293341,0.976867930850146,0.8688520951293717,0.8712913435200049,0.6749621868316854,350
logistic_interactions_tau_0_3,CWE-330,0.9595588235294118,0.876,0.9988105856813331,0.9963620235983399,0.0011894143186668375,0.12400000000000003,0.914226869230023,0.8905588290317812,0.9136831524871984,0.9952998314297462,0.9374052928406666,0.9378596489311442,0.884901518389893,250
logistic_interactions_tau_0_3,CWE-345,0.060735415479134615,1.0,0.0013459437927102703,1.0,0.9986540562072896,0.0,0.11451523032234837,0.2443185071229747,0.008713504739132202,0.061922280089223444,0.5006729718963552,0.5293546517256023,0.08910615312667954,530
logistic_interactions_tau_0_3,CWE-400,0.028731285654070793,0.996078431372549,0.0,0.0,1.0,0.00392156862745098,0.05585109849855883,0.12879255813313156,-0.13799083249241603,0.02872795019938828,0.4980392156862745,0.49780380594741924,0.020884926337485437,252
logistic_interactions_tau_0_3,CWE-501,0.6296399694889396,0.7555555555555555,0.9953812098125555,0.9974542343909855,0.004618790187444582,0.24444444444444446,0.6852590661349655,0.725261781430987,0.6854322746753484,0.9929134510534012,0.8754683826840555,0.8757047240355735,0.5534851836987167,90
logistic_interactions_tau_0_3,CWE-610,0.030556752898173868,1.0,0.0,,1.0,0.0,0.05930134466399937,0.1361425810349464,,0.030556752898173868,0.5,0.6688064406900073,0.28012194505552596,267
logistic_interactions_tau_0_3,CWE-662,0.010757175668488517,1.0,0.0,,1.0,0.0,0.021285309707727046,0.051566369597711804,,0.010757175668488517,0.5,0.49994256174612295,0.00877267421514677,94
logistic_interactions_tau_0_3,CWE-668,0.13262886621282527,0.9835823993358239,0.07633368877726779,0.9698948778494234,0.9236663112227322,0.016417600664176007,0.2337354484458399,0.43077241734463706,0.07836074767465842,0.19024270060718146,0.5299580440565459,0.5299580440565459,0.07904967821648681,1097
logistic_interactions_tau_0_3,CWE-704,0.0046931750921274705,1.0,0.00022831050228310502,1.0,0.9997716894977169,0.0,0.009342404778874916,0.0230325224906243,0.002279205609185878,0.0049194135862840535,0.5001141552511416,0.5001141552511416,0.005520099546303411,41
logistic_interactions_tau_0_3,CWE-706,0.03415857057785312,1.0,0.0015394900236535539,1.0,0.9984605099763465,0.0,0.06606011621258331,0.1502582383326398,0.007930008717275552,0.03559486866063894,0.5007697450118267,0.7089023971713732,0.29008034066078087,298
logistic_interactions_tau_0_3,CWE-74,0.16407582408875118,0.9853146853146854,0.019640387275242047,0.8711656441717791,0.980359612724758,0.014685314685314685,0.28123519268517,0.49215399062800086,0.03150517631974087,0.17729403724580536,0.5024775362949636,0.744203379925016,0.47821929452512224,1427
logistic_interactions_tau_0_3,CWE-913,0.012245003835436072,1.0,0.0,,1.0,0.0,0.02419363899275264,0.058365197076537575,,0.012245003835436072,0.5,0.6143566715489828,0.1317506624606093,107
logistic_interactions_tau_0_3,CWE-923,0.03788392141512782,1.0,0.0,,1.0,0.0,0.07300183206499923,0.16449011567310964,,0.03788392141512782,0.5,0.5,0.02168795088321281,331
logistic_interactions_tau_0_4,CWE-116,0.00665406071162373,1.0,0.002417828240242175,1.0,0.9975821717597577,0.0,0.013219993713420173,0.03240622248468034,0.003985804340268795,0.009039825131816847,0.5012089141201211,0.5012089141201211,0.00426204204908028,58
logistic_interactions_tau_0_4,CWE-190,0.016022949627544206,1.0,0.0,,1.0,0.0,0.03154049709024045,0.07528906002388339,,0.016022949627544206,0.5,0.5139386102757333,0.029522180307498175,140
logistic_interactions_tau_0_4,CWE-191,0.01052992262581756,1.0,0.00023209448608948061,1.0,0.9997679055139106,0.0,0.02084030883704325,0.0505208485008238,0.0024496811331963814,0.010757242377582167,0.5001160472430447,0.5001160472430447,0.011205068872282486,92
logistic_interactions_tau_0_4,CWE-20,0.045550765060282716,0.9617647058823529,0.18398613155350238,0.9916745468428809,0.8160138684464977,0.038235294117647055,0.08698147044577179,0.19147572866536292,0.07365507172527304,0.21425345521020125,0.5728754187179277,0.5728754187179277,0.031210899045303636,340
logistic_interactions_tau_0_4,CWE-269,0.010131099439544319,1.0,0.01746318179728708,1.0,0.9825368182027129,0.0,0.020058857842434157,0.04868154996635043,0.013287590590180018,0.02724542082715901,0.5087315908986435,0.5087315908986435,0.00684482646686109,87
logistic_interactions_tau_0_4,CWE-285,0.03338587786848211,0.993103448275862,0.009356470160405281,0.9777777777777779,0.9906435298395948,0.006896551724137931,0.06459967208018233,0.14714009643008547,0.005272723612447773,0.04212099793208851,0.5012299592181336,0.50009558245652,0.037344790763176136,291
logistic_interactions_tau_0_4,CWE-287,0.07130394576443377,1.0,0.0,,1.0,0.0,0.13311512833599382,0.2773945715517224,,0.07130394576443377,0.5,0.5342365123723447,0.07849882749667603,623
logistic_interactions_tau_0_4,CWE-311,0.35377849074979084,0.47405927405927406,0.9600180358181977,0.9753198877636295,0.039981964181802394,0.5259407259407258,0.40469613712017055,0.4434743066409913,0.3777573777152964,0.9385574081482029,0.7170386549387359,0.7190260766099712,0.2592462944493387,386
logistic_interactions_tau_0_4,CWE-327,0.700029299234712,0.7514285714285714,0.9863937523210164,0.9895932748784017,0.013606247678983432,0.24857142857142858,0.7240924346838911,0.7400582117290424,0.7129888516141951,0.9769813738450411,0.868911161874794,0.8712913435200049,0.6749621868316854,350
logistic_interactions_tau_0_4,CWE-330,0.9954545454545455,0.876,0.9998810232004759,0.9963654073202741,0.00011897679952409281,0.12400000000000003,0.9311838373975302,0.8971261781020917,0.9317002628317426,0.9963393592360976,0.937940511600238,0.9378596489311442,0.884901518389893,250
logistic_interactions_tau_0_4,CWE-345,0.060735415479134615,1.0,0.0013459437927102703,1.0,0.9986540562072896,0.0,0.11451523032234837,0.2443185071229747,0.008713504739132202,0.061922280089223444,0.5006729718963552,0.5293546517256023,0.08910615312667954,530
logistic_interactions_tau_0_4,CWE-400,0.028731285654070793,0.996078431372549,0.0,0.0,1.0,0.00392156862745098,0.05585109849855883,0.12879255813313156,-0.13799083249241603,0.02872795019938828,0.4980392156862745,0.49780380594741924,0.020884926337485437,252
logistic_interactions_tau_0_4,CWE-501,0.6296399694889396,0.7555555555555555,0.9953812098125555,0.9974542343909855,0.004618790187444582,0.24444444444444446,0.6852590661349655,0.725261781430987,0.6854322746753484,0.9929134510534012,0.8754683826840555,0.8757047240355735,0.5534851836987167,90
logistic_interactions_tau_0_4,CWE-610,0.4614192810197265,0.4653389238294898,0.7936454661697051,0.9792221076534785,0.20635453383029492,0.5346610761705101,0.34693340075224893,0.31666566499512605,0.4211797431857166,0.7836336861952982,0.6294921949995975,0.6688064406900073,0.28012194505552596,267
logistic_interactions_tau_0_4,CWE-662,0.010757175668488517,1.0,0.0,,1.0,0.0,0.021285309707727046,0.051566369597711804,,0.010757175668488517,0.5,0.49994256174612295,0.00877267421514677,94
logistic_interactions_tau_0_4,CWE-668,0.13262886621282527,0.9835823993358239,0.07633368877726779,0.9698948778494234,0.9236663112227322,0.016417600664176007,0.2337354484458399,0.43077241734463706,0.07836074767465842,0.19024270060718146,0.5299580440565459,0.5299580440565459,0.07904967821648681,1097
logistic_interactions_tau_0_4,CWE-704,0.0046931750921274705,1.0,0.00022831050228310502,1.0,0.9997716894977169,0.0,0.009342404778874916,0.0230325224906243,0.002279205609185878,0.0049194135862840535,0.5001141552511416,0.5001141552511416,0.005520099546303411,41
logistic_interactions_tau_0_4,CWE-706,0.4827292986159981,0.4329378531073447,0.9836554127045385,0.9800439529024676,0.016344587295461458,0.5670621468926553,0.45524503181293674,0.44133220031683235,0.4385186932731133,0.9648607812780104,0.7082966329059416,0.7089023971713732,0.29008034066078087,298
logistic_interactions_tau_0_4,CWE-74,0.5503298398948432,0.5711544595755121,0.908675347630305,0.9156421844933973,0.09132465236969496,0.42884554042448786,0.5601360777588462,0.5665936038667455,0.4727389806902137,0.853517255441498,0.7399149036029086,0.744203379925016,0.47821929452512224,1427
logistic_interactions_tau_0_4,CWE-913,0.012245003835436072,1.0,0.0,,1.0,0.0,0.02419363899275264,0.058365197076537575,,0.012245003835436072,0.5,0.6143566715489828,0.1317506624606093,107
logistic_interactions_tau_0_4,CWE-923,0.03788392141512782,1.0,0.0,,1.0,0.0,0.07300183206499923,0.16449011567310964,,0.03788392141512782,0.5,0.5,0.02168795088321281,331
logistic_interactions_tau_0_5,CWE-116,0.00665406071162373,1.0,0.002417828240242175,1.0,0.9975821717597577,0.0,0.013219993713420173,0.03240622248468034,0.003985804340268795,0.009039825131816847,0.5012089141201211,0.5012089141201211,0.00426204204908028,58
logistic_interactions_tau_0_5,CWE-190,0.4,0.02857142857142857,0.9993057919800382,0.9844149763710736,0.0006942080199618057,0.9714285714285715,0.12539184952978055,0.08622645790787382,0.10708915340566885,0.9837489728523463,0.5139386102757333,0.5139386102757333,0.029522180307498175,140
logistic_interactions_tau_0_5,CWE-191,0.010655049586751598,0.6,0.4,0.9896637069395313,0.6,0.4,0.021085366004234284,0.05109685490159408,,0.4022585125278635,0.5,0.5001160472430447,0.011205068872282486,92
logistic_interactions_tau_0_5,CWE-20,0.045550765060282716,0.9617647058823529,0.18398613155350238,0.9916745468428809,0.8160138684464977,0.038235294117647055,0.08698147044577179,0.19147572866536292,0.07365507172527304,0.21425345521020125,0.5728754187179277,0.5728754187179277,0.031210899045303636,340
logistic_interactions_tau_0_5,CWE-269,0.010131099439544319,1.0,0.01746318179728708,1.0,0.9825368182027129,0.0,0.020058857842434157,0.04868154996635043,0.013287590590180018,0.02724542082715901,0.5087315908986435,0.5087315908986435,0.00684482646686109,87
logistic_interactions_tau_0_5,CWE-285,0.03338587786848211,0.993103448275862,0.009356470160405281,0.9777777777777779,0.9906435298395948,0.006896551724137931,0.06459967208018233,0.14714009643008547,0.005272723612447773,0.04212099793208851,0.5012299592181336,0.50009558245652,0.037344790763176136,291
logistic_interactions_tau_0_5,CWE-287,0.40216821973798594,0.07705806451612904,0.9913748855095157,0.9332863387961596,0.008625114490484257,0.9229419354838709,0.1286242119629814,0.0917576861320406,0.1507378422785449,0.9261728925728814,0.5342164750128224,0.5342365123723447,0.07849882749667603,623
logistic_interactions_tau_0_5,CWE-311,0.35377849074979084,0.47405927405927406,0.9600180358181977,0.9753198877636295,0.039981964181802394,0.5259407259407258,0.40469613712017055,0.4434743066409913,0.3777573777152964,0.9385574081482029,0.7170386549387359,0.7190260766099712,0.2592462944493387,386
logistic_interactions_tau_0_5,CWE-327,0.700029299234712,0.7514285714285714,0.9863937523210164,0.9895932748784017,0.013606247678983432,0.24857142857142858,0.7240924346838911,0.7400582117290424,0.7129888516141951,0.9769813738450411,0.868911161874794,0.8712913435200049,0.6749621868316854,350
logistic_interactions_tau_0_5,CWE-330,0.9954545454545455,0.876,0.9998810232004759,0.9963654073202741,0.00011897679952409281,0.12400000000000003,0.9311838373975302,0.8971261781020917,0.9317002628317426,0.9963393592360976,0.937940511600238,0.9378596489311442,0.884901518389893,250
logistic_interactions_tau_0_5,CWE-345,0.5659033613445378,0.06037735849056604,0.9970702133936913,0.9426387437483863,0.002929786606308713,0.939622641509434,0.10764506685519118,0.073222961007231,0.1675505837590298,0.9402516044057991,0.5287237859421288,0.5293546517256023,0.08910615312667954,530
logistic_interactions_tau_0_5,CWE-400,0.0,0.0,0.9995291805222895,0.9711434279511565,0.0004708194777105155,1.0,,,-0.0046844527709365156,0.9706992827121228,0.4997645902611447,0.49780380594741924,0.020884926337485437,252
logistic_interactions_tau_0_5,CWE-501,0.6296399694889396,0.7555555555555555,0.9953812098125555,0.9974542343909855,0.004618790187444582,0.24444444444444446,0.6852590661349655,0.725261781430987,0.6854322746753484,0.9929134510534012,0.8754683826840555,0.8757047240355735,0.5534851836987167,90
logistic_interactions_tau_0_5,CWE-610,0.6001267748478701,0.3445842068483578,0.9926925179862625,0.9796196121357011,0.007307482013737418,0.6554157931516421,0.43749567444221277,0.3765392199701103,0.44203737896638573,0.9728946561722035,0.6686383624173102,0.6688064406900073,0.28012194505552596,267
logistic_interactions_tau_0_5,CWE-662,0.005388542257515599,0.2,0.7998851234922458,0.9892462672261282,0.20011487650775414,0.8,0.02132435465768799,0.05165851005981512,-0.002490832336513584,0.7934400217738876,0.49994256174612295,0.49994256174612295,0.00877267421514677,94
logistic_interactions_tau_0_5,CWE-668,0.13262886621282527,0.9835823993358239,0.07633368877726779,0.9698948778494234,0.9236663112227322,0.016417600664176007,0.2337354484458399,0.43077241734463706,0.07836074767465842,0.19024270060718146,0.5299580440565459,0.5299580440565459,0.07904967821648681,1097
logistic_interactions_tau_0_5,CWE-704,0.004765437368420094,0.6,0.4,0.9954178039051018,0.6,0.4,0.00948553298182246,0.023380168925528824,,0.40102638398309276,0.5,0.5001141552511416,0.005520099546303411,41
logistic_interactions_tau_0_5,CWE-706,0.4827292986159981,0.4329378531073447,0.9836554127045385,0.9800439529024676,0.016344587295461458,0.5670621468926553,0.45524503181293674,0.44133220031683235,0.4385186932731133,0.9648607812780104,0.7082966329059416,0.7089023971713732,0.29008034066078087,298
logistic_interactions_tau_0_5,CWE-74,0.5503298398948432,0.5711544595755121,0.908675347630305,0.9156421844933973,0.09132465236969496,0.42884554042448786,0.5601360777588462,0.5665936038667455,0.4727389806902137,0.853517255441498,0.7399149036029086,0.744203379925016,0.47821929452512224,1427
logistic_interactions_tau_0_5,CWE-913,0.3319986901643248,0.24415584415584415,0.9939771776788018,0.990647862120726,0.006022822321198163,0.7558441558441558,0.2794648385670057,0.2568563134848782,0.27623201114314383,0.9847813319316148,0.619066510917323,0.6143566715489828,0.1317506624606093,107
logistic_interactions_tau_0_5,CWE-923,0.03788392141512782,1.0,0.0,,1.0,0.0,0.07300183206499923,0.16449011567310964,,0.03788392141512782,0.5,0.5,0.02168795088321281,331
logistic_interactions_tau_0_6,CWE-116,,0.0,1.0,0.9933619380241989,0.0,1.0,,,,0.9933619380241989,0.5,0.5012089141201211,0.00426204204908028,58
logistic_interactions_tau_0_6,CWE-190,0.4,0.02857142857142857,0.9993057919800382,0.9844149763710736,0.0006942080199618057,0.9714285714285715,0.12539184952978055,0.08622645790787382,0.10708915340566885,0.9837489728523463,0.5139386102757333,0.5139386102757333,0.029522180307498175,140
logistic_interactions_tau_0_6,CWE-191,,0.0,1.0,0.9894724530237615,0.0,1.0,,,,0.9894724530237615,0.5,0.5001160472430447,0.011205068872282486,92
logistic_interactions_tau_0_6,CWE-20,,0.0,1.0,0.9610871223331069,0.0,1.0,,,,0.9610871223331069,0.5,0.5728754187179277,0.031210899045303636,340
logistic_interactions_tau_0_6,CWE-269,,0.0,1.0,0.9900439889684988,0.0,1.0,,,,0.9900439889684988,0.5,0.5087315908986435,0.00684482646686109,87
logistic_interactions_tau_0_6,CWE-285,0.0,0.0,0.999043062200957,0.9666624130314562,0.0009569377990430621,1.0,,,-0.012800007497769298,0.9657697429911243,0.4995215311004785,0.50009558245652,0.037344790763176136,291
logistic_interactions_tau_0_6,CWE-287,0.40216821973798594,0.07705806451612904,0.9913748855095157,0.9332863387961596,0.008625114490484257,0.9229419354838709,0.1286242119629814,0.0917576861320406,0.1507378422785449,0.9261728925728814,0.5342164750128224,0.5342365123723447,0.07849882749667603,623
logistic_interactions_tau_0_6,CWE-311,0.3610815384783705,0.46626706626706627,0.9617109015981251,0.974998236444218,0.038289098401874944,0.5337329337329337,0.4065625051679495,0.44025056852963873,0.37907726175206347,0.9398283498004268,0.7139889839325957,0.7190260766099712,0.2592462944493387,386
logistic_interactions_tau_0_6,CWE-327,0.700029299234712,0.7514285714285714,0.9863937523210164,0.9895932748784017,0.013606247678983432,0.24857142857142858,0.7240924346838911,0.7400582117290424,0.7129888516141951,0.9769813738450411,0.868911161874794,0.8712913435200049,0.6749621868316854,350
logistic_interactions_tau_0_6,CWE-330,0.9954545454545455,0.876,0.9998810232004759,0.9963654073202741,0.00011897679952409281,0.12400000000000003,0.9311838373975302,0.8971261781020917,0.9317002628317426,0.9963393592360976,0.937940511600238,0.9378596489311442,0.884901518389893,250
logistic_interactions_tau_0_6,CWE-345,0.5659033613445378,0.06037735849056604,0.9970702133936913,0.9426387437483863,0.002929786606308713,0.939622641509434,0.10764506685519118,0.073222961007231,0.1675505837590298,0.9402516044057991,0.5287237859421288,0.5293546517256023,0.08910615312667954,530
logistic_interactions_tau_0_6,CWE-400,0.0,0.0,0.9995291805222895,0.9711434279511565,0.0004708194777105155,1.0,,,-0.0046844527709365156,0.9706992827121228,0.4997645902611447,0.49780380594741924,0.020884926337485437,252
logistic_interactions_tau_0_6,CWE-501,0.6296399694889396,0.7555555555555555,0.9953812098125555,0.9974542343909855,0.004618790187444582,0.24444444444444446,0.6852590661349655,0.725261781430987,0.6854322746753484,0.9929134510534012,0.8754683826840555,0.8757047240355735,0.5534851836987167,90
logistic_interactions_tau_0_6,CWE-610,0.6001267748478701,0.3445842068483578,0.9926925179862625,0.9796196121357011,0.007307482013737418,0.6554157931516421,0.43749567444221277,0.3765392199701103,0.44203737896638573,0.9728946561722035,0.6686383624173102,0.6688064406900073,0.28012194505552596,267
logistic_interactions_tau_0_6,CWE-662,0.0,0.0,0.9998851234922459,0.9892415968778963,0.00011487650775416428,1.0,,,-0.002490832336513584,0.9891291879678752,0.49994256174612295,0.49994256174612295,0.00877267421514677,94
logistic_interactions_tau_0_6,CWE-668,,0.0,1.0,0.8744466303932542,0.0,1.0,,,,0.8744466303932542,0.5,0.5299580440565459,0.07904967821648681,1097
logistic_interactions_tau_0_6,CWE-704,,0.0,1.0,0.9953078591409886,0.0,1.0,,,,0.9953078591409886,0.5,0.5001141552511416,0.005520099546303411,41
logistic_interactions_tau_0_6,CWE-706,0.4827292986159981,0.4329378531073447,0.9836554127045385,0.9800439529024676,0.016344587295461458,0.5670621468926553,0.45524503181293674,0.44133220031683235,0.4385186932731133,0.9648607812780104,0.7082966329059416,0.7089023971713732,0.29008034066078087,298
logistic_interactions_tau_0_6,CWE-74,0.5503298398948432,0.5711544595755121,0.908675347630305,0.9156421844933973,0.09132465236969496,0.42884554042448786,0.5601360777588462,0.5665936038667455,0.4727389806902137,0.853517255441498,0.7399149036029086,0.744203379925016,0.47821929452512224,1427
logistic_interactions_tau_0_6,CWE-913,0.3319986901643248,0.24415584415584415,0.9939771776788018,0.990647862120726,0.006022822321198163,0.7558441558441558,0.2794648385670057,0.2568563134848782,0.27623201114314383,0.9847813319316148,0.619066510917323,0.6143566715489828,0.1317506624606093,107
logistic_interactions_tau_0_6,CWE-923,,0.0,1.0,0.9621160785848722,0.0,1.0,,,,0.9621160785848722,0.5,0.5,0.02168795088321281,331
logistic_interactions_tau_0_7,CWE-116,,0.0,1.0,0.9933619380241989,0.0,1.0,,,,0.9933619380241989,0.5,0.5012089141201211,0.00426204204908028,58
logistic_interactions_tau_0_7,CWE-190,0.4,0.02857142857142857,0.9993057919800382,0.9844149763710736,0.0006942080199618057,0.9714285714285715,0.12539184952978055,0.08622645790787382,0.10708915340566885,0.9837489728523463,0.5139386102757333,0.5139386102757333,0.029522180307498175,140
logistic_interactions_tau_0_7,CWE-191,,0.0,1.0,0.9894724530237615,0.0,1.0,,,,0.9894724530237615,0.5,0.5001160472430447,0.011205068872282486,92
logistic_interactions_tau_0_7,CWE-20,,0.0,1.0,0.9610871223331069,0.0,1.0,,,,0.9610871223331069,0.5,0.5728754187179277,0.031210899045303636,340
logistic_interactions_tau_0_7,CWE-269,,0.0,1.0,0.9900439889684988,0.0,1.0,,,,0.9900439889684988,0.5,0.5087315908986435,0.00684482646686109,87
logistic_interactions_tau_0_7,CWE-285,,0.0,1.0,0.966694064192742,0.0,1.0,,,,0.966694064192742,0.5,0.50009558245652,0.037344790763176136,291
logistic_interactions_tau_0_7,CWE-287,0.40216821973798594,0.07705806451612904,0.9913748855095157,0.9332863387961596,0.008625114490484257,0.9229419354838709,0.1286242119629814,0.0917576861320406,0.1507378422785449,0.9261728925728814,0.5342164750128224,0.5342365123723447,0.07849882749667603,623
logistic_interactions_tau_0_7,CWE-311,0.3818201415914679,0.45854145854145856,0.9655385696732864,0.9747432641451936,0.034461430326713505,0.5414585414585413,0.4160114227249979,0.4403094742047676,0.3885802689082636,0.9431426101232925,0.7120400141073725,0.7190260766099712,0.2592462944493387,386
logistic_interactions_tau_0_7,CWE-327,0.700029299234712,0.7514285714285714,0.9863937523210164,0.9895932748784017,0.013606247678983432,0.24857142857142858,0.7240924346838911,0.7400582117290424,0.7129888516141951,0.9769813738450411,0.868911161874794,0.8712913435200049,0.6749621868316854,350
logistic_interactions_tau_0_7,CWE-330,0.9954545454545455,0.876,0.9998810232004759,0.9963654073202741,0.00011897679952409281,0.12400000000000003,0.9311838373975302,0.8971261781020917,0.9317002628317426,0.9963393592360976,0.937940511600238,0.9378596489311442,0.884901518389893,250
logistic_interactions_tau_0_7,CWE-345,0.5659033613445378,0.06037735849056604,0.9970702133936913,0.9426387437483863,0.002929786606308713,0.939622641509434,0.10764506685519118,0.073222961007231,0.1675505837590298,0.9402516044057991,0.5287237859421288,0.5293546517256023,0.08910615312667954,530
logistic_interactions_tau_0_7,CWE-400,0.0,0.0,0.9995291805222895,0.9711434279511565,0.0004708194777105155,1.0,,,-0.0046844527709365156,0.9706992827121228,0.4997645902611447,0.49780380594741924,0.020884926337485437,252
logistic_interactions_tau_0_7,CWE-501,0.6296399694889396,0.7555555555555555,0.9953812098125555,0.9974542343909855,0.004618790187444582,0.24444444444444446,0.6852590661349655,0.725261781430987,0.6854322746753484,0.9929134510534012,0.8754683826840555,0.8757047240355735,0.5534851836987167,90
logistic_interactions_tau_0_7,CWE-610,0.6001267748478701,0.3445842068483578,0.9926925179862625,0.9796196121357011,0.007307482013737418,0.6554157931516421,0.43749567444221277,0.3765392199701103,0.44203737896638573,0.9728946561722035,0.6686383624173102,0.6688064406900073,0.28012194505552596,267
logistic_interactions_tau_0_7,CWE-662,0.0,0.0,0.9998851234922459,0.9892415968778963,0.00011487650775416428,1.0,,,-0.002490832336513584,0.9891291879678752,0.49994256174612295,0.49994256174612295,0.00877267421514677,94
logistic_interactions_tau_0_7,CWE-668,,0.0,1.0,0.8744466303932542,0.0,1.0,,,,0.8744466303932542,0.5,0.5299580440565459,0.07904967821648681,1097
logistic_interactions_tau_0_7,CWE-704,,0.0,1.0,0.9953078591409886,0.0,1.0,,,,0.9953078591409886,0.5,0.5001141552511416,0.005520099546303411,41
logistic_interactions_tau_0_7,CWE-706,0.4827292986159981,0.4329378531073447,0.9836554127045385,0.9800439529024676,0.016344587295461458,0.5670621468926553,0.45524503181293674,0.44133220031683235,0.4385186932731133,0.9648607812780104,0.7082966329059416,0.7089023971713732,0.29008034066078087,298
logistic_interactions_tau_0_7,CWE-74,0.5503298398948432,0.5711544595755121,0.908675347630305,0.9156421844933973,0.09132465236969496,0.42884554042448786,0.5601360777588462,0.5665936038667455,0.4727389806902137,0.853517255441498,0.7399149036029086,0.744203379925016,0.47821929452512224,1427
logistic_interactions_tau_0_7,CWE-913,0.3319986901643248,0.24415584415584415,0.9939771776788018,0.990647862120726,0.006022822321198163,0.7558441558441558,0.2794648385670057,0.2568563134848782,0.27623201114314383,0.9847813319316148,0.619066510917323,0.6143566715489828,0.1317506624606093,107
logistic_interactions_tau_0_7,CWE-923,,0.0,1.0,0.9621160785848722,0.0,1.0,,,,0.9621160785848722,0.5,0.5,0.02168795088321281,331
logistic_interactions_tau_0_8,CWE-116,,0.0,1.0,0.9933619380241989,0.0,1.0,,,,0.9933619380241989,0.5,0.5012089141201211,0.00426204204908028,58
logistic_interactions_tau_0_8,CWE-190,0.4,0.02857142857142857,0.9993057919800382,0.9844149763710736,0.0006942080199618057,0.9714285714285715,0.12539184952978055,0.08622645790787382,0.10708915340566885,0.9837489728523463,0.5139386102757333,0.5139386102757333,0.029522180307498175,140
logistic_interactions_tau_0_8,CWE-191,,0.0,1.0,0.9894724530237615,0.0,1.0,,,,0.9894724530237615,0.5,0.5001160472430447,0.011205068872282486,92
logistic_interactions_tau_0_8,CWE-20,,0.0,1.0,0.9610871223331069,0.0,1.0,,,,0.9610871223331069,0.5,0.5728754187179277,0.031210899045303636,340
logistic_interactions_tau_0_8,CWE-269,,0.0,1.0,0.9900439889684988,0.0,1.0,,,,0.9900439889684988,0.5,0.5087315908986435,0.00684482646686109,87
logistic_interactions_tau_0_8,CWE-285,,0.0,1.0,0.966694064192742,0.0,1.0,,,,0.966694064192742,0.5,0.50009558245652,0.037344790763176136,291
logistic_interactions_tau_0_8,CWE-287,0.40216821973798594,0.07705806451612904,0.9913748855095157,0.9332863387961596,0.008625114490484257,0.9229419354838709,0.1286242119629814,0.0917576861320406,0.1507378422785449,0.9261728925728814,0.5342164750128224,0.5342365123723447,0.07849882749667603,623
logistic_interactions_tau_0_8,CWE-311,0.39138466734211413,0.45854145854145856,0.9670806811798108,0.9747808926247427,0.03291931882018918,0.5414585414585413,0.42212634771864144,0.4431926486937684,0.3946987290460561,0.9446173690569282,0.7128110698606347,0.7190260766099712,0.2592462944493387,386
logistic_interactions_tau_0_8,CWE-327,0.700029299234712,0.7514285714285714,0.9863937523210164,0.9895932748784017,0.013606247678983432,0.24857142857142858,0.7240924346838911,0.7400582117290424,0.7129888516141951,0.9769813738450411,0.868911161874794,0.8712913435200049,0.6749621868316854,350
logistic_interactions_tau_0_8,CWE-330,0.9954545454545455,0.876,0.9998810232004759,0.9963654073202741,0.00011897679952409281,0.12400000000000003,0.9311838373975302,0.8971261781020917,0.9317002628317426,0.9963393592360976,0.937940511600238,0.9378596489311442,0.884901518389893,250
logistic_interactions_tau_0_8,CWE-345,0.5659033613445378,0.06037735849056604,0.9970702133936913,0.9426387437483863,0.002929786606308713,0.939622641509434,0.10764506685519118,0.073222961007231,0.1675505837590298,0.9402516044057991,0.5287237859421288,0.5293546517256023,0.08910615312667954,530
logistic_interactions_tau_0_8,CWE-400,0.0,0.0,0.9995291805222895,0.9711434279511565,0.0004708194777105155,1.0,,,-0.0046844527709365156,0.9706992827121228,0.4997645902611447,0.49780380594741924,0.020884926337485437,252
logistic_interactions_tau_0_8,CWE-501,0.6296399694889396,0.7555555555555555,0.9953812098125555,0.9974542343909855,0.004618790187444582,0.24444444444444446,0.6852590661349655,0.725261781430987,0.6854322746753484,0.9929134510534012,0.8754683826840555,0.8757047240355735,0.5534851836987167,90
logistic_interactions_tau_0_8,CWE-610,0.6065922920892495,0.33710691823899375,0.9930436004906511,0.9793988340840862,0.006956399509348887,0.6628930817610063,0.4329075355375679,0.36979253168250203,0.4396017797225695,0.9730060020117914,0.6650752593648225,0.6688064406900073,0.28012194505552596,267
logistic_interactions_tau_0_8,CWE-662,0.0,0.0,0.9998851234922459,0.9892415968778963,0.00011487650775416428,1.0,,,-0.002490832336513584,0.9891291879678752,0.49994256174612295,0.49994256174612295,0.00877267421514677,94
logistic_interactions_tau_0_8,CWE-668,,0.0,1.0,0.8744466303932542,0.0,1.0,,,,0.8744466303932542,0.5,0.5299580440565459,0.07904967821648681,1097
logistic_interactions_tau_0_8,CWE-704,,0.0,1.0,0.9953078591409886,0.0,1.0,,,,0.9953078591409886,0.5,0.5001141552511416,0.005520099546303411,41
logistic_interactions_tau_0_8,CWE-706,0.4827292986159981,0.4329378531073447,0.9836554127045385,0.9800439529024676,0.016344587295461458,0.5670621468926553,0.45524503181293674,0.44133220031683235,0.4385186932731133,0.9648607812780104,0.7082966329059416,0.7089023971713732,0.29008034066078087,298
logistic_interactions_tau_0_8,CWE-74,0.6506045955085181,0.4351760520181573,0.9538211093562632,0.8963896595458148,0.046178890643736835,0.5648239479818427,0.5208139664439548,0.4657160371911705,0.4610357651989137,0.869107588509052,0.6944985806872103,0.744203379925016,0.47821929452512224,1427
logistic_interactions_tau_0_8,CWE-913,0.3319986901643248,0.24415584415584415,0.9939771776788018,0.990647862120726,0.006022822321198163,0.7558441558441558,0.2794648385670057,0.2568563134848782,0.27623201114314383,0.9847813319316148,0.619066510917323,0.6143566715489828,0.1317506624606093,107
logistic_interactions_tau_0_8,CWE-923,,0.0,1.0,0.9621160785848722,0.0,1.0,,,,0.9621160785848722,0.5,0.5,0.02168795088321281,331
logistic_interactions_tau_0_9,CWE-116,,0.0,1.0,0.9933619380241989,0.0,1.0,,,,0.9933619380241989,0.5,0.5012089141201211,0.00426204204908028,58
logistic_interactions_tau_0_9,CWE-190,0.3333333333333333,0.007142857142857143,0.9995367388622552,0.9840821610382584,0.0004632611377447156,0.9928571428571429,0.0689655172413793,0.04424778761061946,0.05973062209158928,0.9836353364887099,0.5033397980025562,0.5139386102757333,0.029522180307498175,140
logistic_interactions_tau_0_9,CWE-191,,0.0,1.0,0.9894724530237615,0.0,1.0,,,,0.9894724530237615,0.5,0.5001160472430447,0.011205068872282486,92
logistic_interactions_tau_0_9,CWE-20,,0.0,1.0,0.9610871223331069,0.0,1.0,,,,0.9610871223331069,0.5,0.5728754187179277,0.031210899045303636,340
logistic_interactions_tau_0_9,CWE-269,,0.0,1.0,0.9900439889684988,0.0,1.0,,,,0.9900439889684988,0.5,0.5087315908986435,0.00684482646686109,87
logistic_interactions_tau_0_9,CWE-285,,0.0,1.0,0.966694064192742,0.0,1.0,,,,0.966694064192742,0.5,0.50009558245652,0.037344790763176136,291
logistic_interactions_tau_0_9,CWE-287,1.0,0.0048258064516129035,1.0,0.9290133394833026,0.0,0.995174193548387,0.01595767195767196,0.01003358808874538,0.08647835319387193,0.9290372888452392,0.5024129032258065,0.5342365123723447,0.07849882749667603,623
logistic_interactions_tau_0_9,CWE-311,0.39138466734211413,0.45854145854145856,0.9670806811798108,0.9747808926247427,0.03291931882018918,0.5414585414585413,0.42212634771864144,0.4431926486937684,0.3946987290460561,0.9446173690569282,0.7128110698606347,0.7190260766099712,0.2592462944493387,386
logistic_interactions_tau_0_9,CWE-327,0.7394761314330467,0.7228571428571429,0.9890078960950897,0.9884446352646125,0.010992103904910323,0.27714285714285714,0.7294277192766717,0.7250895455546871,0.719102849534255,0.978349987706842,0.8559325194761163,0.8712913435200049,0.6749621868316854,350
logistic_interactions_tau_0_9,CWE-330,1.0,0.8720000000000001,1.0,0.9962479767406632,0.0,0.128,0.9308138096454488,0.8944503889136349,0.9316690003072923,0.9963393592360976,0.9359999999999999,0.9378596489311442,0.884901518389893,250
logistic_interactions_tau_0_9,CWE-345,0.5659033613445378,0.06037735849056604,0.9970702133936913,0.9426387437483863,0.002929786606308713,0.939622641509434,0.10764506685519118,0.073222961007231,0.1675505837590298,0.9402516044057991,0.5287237859421288,0.5293546517256023,0.08910615312667954,530
logistic_interactions_tau_0_9,CWE-400,,0.0,1.0,0.9711565763595033,0.0,1.0,,,,0.9711565763595033,0.5,0.49780380594741924,0.020884926337485437,252
logistic_interactions_tau_0_9,CWE-501,0.6296399694889396,0.7555555555555555,0.9953812098125555,0.9974542343909855,0.004618790187444582,0.24444444444444446,0.6852590661349655,0.725261781430987,0.6854322746753484,0.9929134510534012,0.8754683826840555,0.8757047240355735,0.5534851836987167,90
logistic_interactions_tau_0_9,CWE-610,0.6207204433497537,0.33710691823899375,0.9935135009835291,0.9794086447025656,0.006486499016470882,0.6628930817610063,0.43670090964475533,0.37092196383392834,0.44531798944159895,0.9734615852413473,0.6653102096112614,0.6688064406900073,0.28012194505552596,267
logistic_interactions_tau_0_9,CWE-662,0.0,0.0,0.9998851234922459,0.9892415968778963,0.00011487650775416428,1.0,,,-0.002490832336513584,0.9891291879678752,0.49994256174612295,0.49994256174612295,0.00877267421514677,94
logistic_interactions_tau_0_9,CWE-668,,0.0,1.0,0.8744466303932542,0.0,1.0,,,,0.8744466303932542,0.5,0.5299580440565459,0.07904967821648681,1097
logistic_interactions_tau_0_9,CWE-704,,0.0,1.0,0.9953078591409886,0.0,1.0,,,,0.9953078591409886,0.5,0.5001141552511416,0.005520099546303411,41
logistic_interactions_tau_0_9,CWE-706,0.4827292986159981,0.4329378531073447,0.9836554127045385,0.9800439529024676,0.016344587295461458,0.5670621468926553,0.45524503181293674,0.44133220031683235,0.4385186932731133,0.9648607812780104,0.7082966329059416,0.7089023971713732,0.29008034066078087,298
logistic_interactions_tau_0_9,CWE-74,0.6371804755684434,0.34356766040976566,0.9614283016107583,0.883416001831203,0.038571698389241675,0.6564323395902344,0.5122462716142656,0.4590247457370835,0.4503727548811608,0.8603316069848026,0.652497981010262,0.744203379925016,0.47821929452512224,1427
logistic_interactions_tau_0_9,CWE-913,0.3319986901643248,0.24415584415584415,0.9939771776788018,0.990647862120726,0.006022822321198163,0.7558441558441558,0.2794648385670057,0.2568563134848782,0.27623201114314383,0.9847813319316148,0.619066510917323,0.6143566715489828,0.1317506624606093,107
logistic_interactions_tau_0_9,CWE-923,,0.0,1.0,0.9621160785848722,0.0,1.0,,,,0.9621160785848722,0.5,0.5,0.02168795088321281,331
decision_tree_tau_0_1,CWE-116,0.00665406071162373,1.0,0.002417828240242175,1.0,0.9975821717597577,0.0,0.013219993713420173,0.03240622248468034,0.003985804340268795,0.009039825131816847,0.5012089141201211,0.5012089141201211,0.00426204204908028,58
decision_tree_tau_0_1,CWE-190,0.016022949627544206,1.0,0.0,,1.0,0.0,0.03154049709024045,0.07528906002388339,,0.016022949627544206,0.5,0.5139386102757333,0.029522180307498175,140
decision_tree_tau_0_1,CWE-191,0.01052992262581756,1.0,0.00023209448608948061,1.0,0.9997679055139106,0.0,0.02084030883704325,0.0505208485008238,0.0024496811331963814,0.010757242377582167,0.5001160472430447,0.5001160472430447,0.011205068872282486,92
decision_tree_tau_0_1,CWE-20,0.038912877666893074,1.0,0.0,,1.0,0.0,0.07491059713018633,0.16835785040299608,,0.038912877666893074,0.5,0.5728754187179277,0.031210899045303636,340
decision_tree_tau_0_1,CWE-269,0.010131099439544319,1.0,0.01746318179728708,1.0,0.9825368182027129,0.0,0.020058857842434157,0.04868154996635043,0.013287590590180018,0.02724542082715901,0.5087315908986435,0.5087315908986435,0.00684482646686109,87
decision_tree_tau_0_1,CWE-285,0.03318202613049127,0.993103448275862,0.0030765352062251073,0.9488888888888889,0.996923464793775,0.006896551724137931,0.06421801181855416,0.14634779245800053,-0.009115461570840358,0.036050636171420715,0.49808999174104357,0.5000945403455577,0.03734485610663771,291
decision_tree_tau_0_1,CWE-287,0.07130394576443377,1.0,0.0,,1.0,0.0,0.13311512833599382,0.2773945715517224,,0.07130394576443377,0.5,0.5342421986167321,0.07813918533695596,623
decision_tree_tau_0_1,CWE-311,0.04417726672688812,1.0,0.0,,1.0,0.0,0.0846161572636939,0.1877135541082559,,0.04417726672688812,0.5,0.7190260766099712,0.2592462944493387,386
decision_tree_tau_0_1,CWE-327,0.04005737406886052,1.0,0.0,,1.0,0.0,0.0770289880236655,0.17262568805974626,,0.04005737406886052,0.5,0.8710724063413201,0.6713070197316372,350
decision_tree_tau_0_1,CWE-330,0.22299308961939585,0.96,0.20189080021593564,0.9988392338943702,0.7981091997840644,0.04,0.22247911033889095,0.2697773564490479,0.1849329694960971,0.2236423693698038,0.5809454001079678,0.9380713445251319,0.8716535951529808,250
decision_tree_tau_0_1,CWE-345,0.060735415479134615,1.0,0.0013459437927102703,1.0,0.9986540562072896,0.0,0.11451523032234837,0.2443185071229747,0.008713504739132202,0.061922280089223444,0.5006729718963552,0.5293546517256023,0.08910615312667954,530
decision_tree_tau_0_1,CWE-400,0.028731285654070793,0.996078431372549,0.0,0.0,1.0,0.00392156862745098,0.05585109849855883,0.12879255813313156,-0.13799083249241603,0.02872795019938828,0.4980392156862745,0.49780380594741924,0.020884926337485437,252
decision_tree_tau_0_1,CWE-501,0.01030046761770699,1.0,0.0,,1.0,0.0,0.020390886872442122,0.04946420098461535,,0.01030046761770699,0.5,0.8756409403897003,0.5454703281838612,90
decision_tree_tau_0_1,CWE-610,0.030556752898173868,1.0,0.0,,1.0,0.0,0.05930134466399937,0.1361425810349464,,0.030556752898173868,0.5,0.6688064406900073,0.28012194505552596,267
decision_tree_tau_0_1,CWE-662,0.010757175668488517,1.0,0.0,,1.0,0.0,0.021285309707727046,0.051566369597711804,,0.010757175668488517,0.5,0.5,0.00877267421514677,94
decision_tree_tau_0_1,CWE-668,0.1255533696067458,1.0,0.0,,1.0,0.0,0.22309404619061807,0.41788528863955376,,0.1255533696067458,0.5,0.5299580440565459,0.07904967821648681,1097
decision_tree_tau_0_1,CWE-704,0.0046931750921274705,1.0,0.00022831050228310502,1.0,0.9997716894977169,0.0,0.009342404778874916,0.0230325224906243,0.002279205609185878,0.0049194135862840535,0.5001141552511416,0.5001141552511416,0.005520099546303411,41
decision_tree_tau_0_1,CWE-706,0.03415857057785312,1.0,0.0015394900236535539,1.0,0.9984605099763465,0.0,0.06606011621258331,0.1502582383326398,0.007930008717275552,0.03559486866063894,0.5007697450118267,0.7089023971713732,0.29008034066078087,298
decision_tree_tau_0_1,CWE-74,0.16332175087167142,1.0,0.0,,1.0,0.0,0.2807821274154546,0.4939198149929423,,0.16332175087167142,0.5,0.744203379925016,0.47821929452512224,1427
decision_tree_tau_0_1,CWE-913,0.012245003835436072,1.0,0.0,,1.0,0.0,0.02419363899275264,0.058365197076537575,,0.012245003835436072,0.5,0.619181719666817,0.13466226087251187,107
decision_tree_tau_0_1,CWE-923,0.03788392141512782,1.0,0.0,,1.0,0.0,0.07300183206499923,0.16449011567310964,,0.03788392141512782,0.5,0.5,0.02168795088321281,331
decision_tree_tau_0_2,CWE-116,0.00665406071162373,1.0,0.002417828240242175,1.0,0.9975821717597577,0.0,0.013219993713420173,0.03240622248468034,0.003985804340268795,0.009039825131816847,0.5012089141201211,0.5012089141201211,0.00426204204908028,58
decision_tree_tau_0_2,CWE-190,0.016022949627544206,1.0,0.0,,1.0,0.0,0.03154049709024045,0.07528906002388339,,0.016022949627544206,0.5,0.5139386102757333,0.029522180307498175,140
decision_tree_tau_0_2,CWE-191,0.01052992262581756,1.0,0.00023209448608948061,1.0,0.9997679055139106,0.0,0.02084030883704325,0.0505208485008238,0.0024496811331963814,0.010757242377582167,0.5001160472430447,0.5001160472430447,0.011205068872282486,92
decision_tree_tau_0_2,CWE-20,0.045550765060282716,0.9617647058823529,0.18398613155350238,0.9916745468428809,0.8160138684464977,0.038235294117647055,0.08698147044577179,0.19147572866536292,0.07365507172527304,0.21425345521020125,0.5728754187179277,0.5728754187179277,0.031210899045303636,340
decision_tree_tau_0_2,CWE-269,0.010131099439544319,1.0,0.01746318179728708,1.0,0.9825368182027129,0.0,0.020058857842434157,0.04868154996635043,0.013287590590180018,0.02724542082715901,0.5087315908986435,0.5087315908986435,0.00684482646686109,87
decision_tree_tau_0_2,CWE-285,0.03318202613049127,0.993103448275862,0.0030765352062251073,0.9488888888888889,0.996923464793775,0.006896551724137931,0.06421801181855416,0.14634779245800053,-0.009115461570840358,0.036050636171420715,0.49808999174104357,0.5000945403455577,0.03734485610663771,291
decision_tree_tau_0_2,CWE-287,0.07130394576443377,1.0,0.0,,1.0,0.0,0.13311512833599382,0.2773945715517224,,0.07130394576443377,0.5,0.5342421986167321,0.07813918533695596,623
decision_tree_tau_0_2,CWE-311,0.04417726672688812,1.0,0.0,,1.0,0.0,0.0846161572636939,0.1877135541082559,,0.04417726672688812,0.5,0.7190260766099712,0.2592462944493387,386
decision_tree_tau_0_2,CWE-327,0.29716588798562005,0.8857142857142858,0.3943860292575857,0.9880508630646039,0.6056139707424142,0.11428571428571428,0.3252352198199115,0.38650237746053373,0.6851156673493797,0.4140662215744901,0.6400501574859356,0.8710724063413201,0.6713070197316372,350
decision_tree_tau_0_2,CWE-330,0.9954545454545455,0.876,0.9998810232004759,0.9963654073202741,0.00011897679952409281,0.12400000000000003,0.9311838373975302,0.8971261781020917,0.9317002628317426,0.9963393592360976,0.937940511600238,0.9380713445251319,0.8716535951529808,250
decision_tree_tau_0_2,CWE-345,0.060735415479134615,1.0,0.0013459437927102703,1.0,0.9986540562072896,0.0,0.11451523032234837,0.2443185071229747,0.008713504739132202,0.061922280089223444,0.5006729718963552,0.5293546517256023,0.08910615312667954,530
decision_tree_tau_0_2,CWE-400,0.028731285654070793,0.996078431372549,0.0,0.0,1.0,0.00392156862745098,0.05585109849855883,0.12879255813313156,-0.13799083249241603,0.02872795019938828,0.4980392156862745,0.49780380594741924,0.020884926337485437,252
decision_tree_tau_0_2,CWE-501,0.22450685470731088,0.8555555555555555,0.3978133023993686,0.9962565473463627,0.6021866976006314,0.14444444444444443,0.2472109728497903,0.27650266757433445,0.58529617526399,0.4025560716027631,0.6266844289774621,0.8756409403897003,0.5454703281838612,90
decision_tree_tau_0_2,CWE-610,0.030556752898173868,1.0,0.0,,1.0,0.0,0.05930134466399937,0.1361425810349464,,0.030556752898173868,0.5,0.6688064406900073,0.28012194505552596,267
decision_tree_tau_0_2,CWE-662,0.010757175668488517,1.0,0.0,,1.0,0.0,0.021285309707727046,0.051566369597711804,,0.010757175668488517,0.5,0.5,0.00877267421514677,94
decision_tree_tau_0_2,CWE-668,0.13065281168234302,0.9835823993358239,0.05979929724287625,0.9623685973117792,0.9402007027571238,0.016417600664176007,0.23065102266497545,0.42653907163454025,0.07135455506806554,0.17580852046861334,0.5216908482893501,0.5299580440565459,0.07904967821648681,1097
decision_tree_tau_0_2,CWE-704,0.0046931750921274705,1.0,0.00022831050228310502,1.0,0.9997716894977169,0.0,0.009342404778874916,0.0230325224906243,0.002279205609185878,0.0049194135862840535,0.5001141552511416,0.5001141552511416,0.005520099546303411,41
decision_tree_tau_0_2,CWE-706,0.03415857057785312,1.0,0.0015394900236535539,1.0,0.9984605099763465,0.0,0.06606011621258331,0.1502582383326398,0.007930008717275552,0.03559486866063894,0.5007697450118267,0.7089023971713732,0.29008034066078087,298
decision_tree_tau_0_2,CWE-74,0.16332175087167142,1.0,0.0,,1.0,0.0,0.2807821274154546,0.4939198149929423,,0.16332175087167142,0.5,0.744203379925016,0.47821929452512224,1427
decision_tree_tau_0_2,CWE-913,0.012245003835436072,1.0,0.0,,1.0,0.0,0.02419363899275264,0.058365197076537575,,0.012245003835436072,0.5,0.619181719666817,0.13466226087251187,107
decision_tree_tau_0_2,CWE-923,0.03788392141512782,1.0,0.0,,1.0,0.0,0.07300183206499923,0.16449011567310964,,0.03788392141512782,0.5,0.5,0.02168795088321281,331
decision_tree_tau_0_3,CWE-116,0.00665406071162373,1.0,0.002417828240242175,1.0,0.9975821717597577,0.0,0.013219993713420173,0.03240622248468034,0.003985804340268795,0.009039825131816847,0.5012089141201211,0.5012089141201211,0.00426204204908028,58
decision_tree_tau_0_3,CWE-190,0.016022949627544206,1.0,0.0,,1.0,0.0,0.03154049709024045,0.07528906002388339,,0.016022949627544206,0.5,0.5139386102757333,0.029522180307498175,140
decision_tree_tau_0_3,CWE-191,0.01052992262581756,1.0,0.00023209448608948061,1.0,0.9997679055139106,0.0,0.02084030883704325,0.0505208485008238,0.0024496811331963814,0.010757242377582167,0.5001160472430447,0.5001160472430447,0.011205068872282486,92
decision_tree_tau_0_3,CWE-20,0.045550765060282716,0.9617647058823529,0.18398613155350238,0.9916745468428809,0.8160138684464977,0.038235294117647055,0.08698147044577179,0.19147572866536292,0.07365507172527304,0.21425345521020125,0.5728754187179277,0.5728754187179277,0.031210899045303636,340
decision_tree_tau_0_3,CWE-269,0.010131099439544319,1.0,0.01746318179728708,1.0,0.9825368182027129,0.0,0.020058857842434157,0.04868154996635043,0.013287590590180018,0.02724542082715901,0.5087315908986435,0.5087315908986435,0.00684482646686109,87
decision_tree_tau_0_3,CWE-285,0.03318202613049127,0.993103448275862,0.0030765352062251073,0.9488888888888889,0.996923464793775,0.006896551724137931,0.06421801181855416,0.14634779245800053,-0.009115461570840358,0.036050636171420715,0.49808999174104357,0.5000945403455577,0.03734485610663771,291
decision_tree_tau_0_3,CWE-287,0.07130394576443377,1.0,0.0,,1.0,0.0,0.13311512833599382,0.2773945715517224,,0.07130394576443377,0.5,0.5342421986167321,0.07813918533695596,623
decision_tree_tau_0_3,CWE-311,0.04417726672688812,1.0,0.0,,1.0,0.0,0.0846161572636939,0.1877135541082559,,0.04417726672688812,0.5,0.7190260766099712,0.2592462944493387,386
decision_tree_tau_0_3,CWE-327,0.700029299234712,0.7514285714285714,0.9863937523210164,0.9895932748784017,0.013606247678983432,0.24857142857142858,0.7240924346838911,0.7400582117290424,0.7129888516141951,0.9769813738450411,0.868911161874794,0.8710724063413201,0.6713070197316372,350
decision_tree_tau_0_3,CWE-330,0.9954545454545455,0.876,0.9998810232004759,0.9963654073202741,0.00011897679952409281,0.12400000000000003,0.9311838373975302,0.8971261781020917,0.9317002628317426,0.9963393592360976,0.937940511600238,0.9380713445251319,0.8716535951529808,250
decision_tree_tau_0_3,CWE-345,0.060735415479134615,1.0,0.0013459437927102703,1.0,0.9986540562072896,0.0,0.11451523032234837,0.2443185071229747,0.008713504739132202,0.061922280089223444,0.5006729718963552,0.5293546517256023,0.08910615312667954,530
decision_tree_tau_0_3,CWE-400,0.028731285654070793,0.996078431372549,0.0,0.0,1.0,0.00392156862745098,0.05585109849855883,0.12879255813313156,-0.13799083249241603,0.02872795019938828,0.4980392156862745,0.49780380594741924,0.020884926337485437,252
decision_tree_tau_0_3,CWE-501,0.6296399694889396,0.7555555555555555,0.9953812098125555,0.9974542343909855,0.004618790187444582,0.24444444444444446,0.6852590661349655,0.725261781430987,0.6854322746753484,0.9929134510534012,0.8754683826840555,0.8756409403897003,0.5454703281838612,90
decision_tree_tau_0_3,CWE-610,0.030556752898173868,1.0,0.0,,1.0,0.0,0.05930134466399937,0.1361425810349464,,0.030556752898173868,0.5,0.6688064406900073,0.28012194505552596,267
decision_tree_tau_0_3,CWE-662,0.010757175668488517,1.0,0.0,,1.0,0.0,0.021285309707727046,0.051566369597711804,,0.010757175668488517,0.5,0.5,0.00877267421514677,94
decision_tree_tau_0_3,CWE-668,0.13262886621282527,0.9835823993358239,0.07633368877726779,0.9698948778494234,0.9236663112227322,0.016417600664176007,0.2337354484458399,0.43077241734463706,0.07836074767465842,0.19024270060718146,0.5299580440565459,0.5299580440565459,0.07904967821648681,1097
decision_tree_tau_0_3,CWE-704,0.0046931750921274705,1.0,0.00022831050228310502,1.0,0.9997716894977169,0.0,0.009342404778874916,0.0230325224906243,0.002279205609185878,0.0049194135862840535,0.5001141552511416,0.5001141552511416,0.005520099546303411,41
decision_tree_tau_0_3,CWE-706,0.03415857057785312,1.0,0.0015394900236535539,1.0,0.9984605099763465,0.0,0.06606011621258331,0.1502582383326398,0.007930008717275552,0.03559486866063894,0.5007697450118267,0.7089023971713732,0.29008034066078087,298
decision_tree_tau_0_3,CWE-74,0.16407582408875118,0.9853146853146854,0.019640387275242047,0.8711656441717791,0.980359612724758,0.014685314685314685,0.28123519268517,0.49215399062800086,0.03150517631974087,0.17729403724580536,0.5024775362949636,0.744203379925016,0.47821929452512224,1427
decision_tree_tau_0_3,CWE-913,0.012245003835436072,1.0,0.0,,1.0,0.0,0.02419363899275264,0.058365197076537575,,0.012245003835436072,0.5,0.619181719666817,0.13466226087251187,107
decision_tree_tau_0_3,CWE-923,0.03788392141512782,1.0,0.0,,1.0,0.0,0.07300183206499923,0.16449011567310964,,0.03788392141512782,0.5,0.5,0.02168795088321281,331
decision_tree_tau_0_4,CWE-116,0.00665406071162373,1.0,0.002417828240242175,1.0,0.9975821717597577,0.0,0.013219993713420173,0.03240622248468034,0.003985804340268795,0.009039825131816847,0.5012089141201211,0.5012089141201211,0.00426204204908028,58
decision_tree_tau_0_4,CWE-190,0.016022949627544206,1.0,0.0,,1.0,0.0,0.03154049709024045,0.07528906002388339,,0.016022949627544206,0.5,0.5139386102757333,0.029522180307498175,140
decision_tree_tau_0_4,CWE-191,0.01052992262581756,1.0,0.00023209448608948061,1.0,0.9997679055139106,0.0,0.02084030883704325,0.0505208485008238,0.0024496811331963814,0.010757242377582167,0.5001160472430447,0.5001160472430447,0.011205068872282486,92
decision_tree_tau_0_4,CWE-20,0.045550765060282716,0.9617647058823529,0.18398613155350238,0.9916745468428809,0.8160138684464977,0.038235294117647055,0.08698147044577179,0.19147572866536292,0.07365507172527304,0.21425345521020125,0.5728754187179277,0.5728754187179277,0.031210899045303636,340
decision_tree_tau_0_4,CWE-269,0.010131099439544319,1.0,0.01746318179728708,1.0,0.9825368182027129,0.0,0.020058857842434157,0.04868154996635043,0.013287590590180018,0.02724542082715901,0.5087315908986435,0.5087315908986435,0.00684482646686109,87
decision_tree_tau_0_4,CWE-285,0.03338587786848211,0.993103448275862,0.009356470160405281,0.9777777777777779,0.9906435298395948,0.006896551724137931,0.06459967208018233,0.14714009643008547,0.005272723612447773,0.04212099793208851,0.5012299592181336,0.5000945403455577,0.03734485610663771,291
decision_tree_tau_0_4,CWE-287,0.07130394576443377,1.0,0.0,,1.0,0.0,0.13311512833599382,0.2773945715517224,,0.07130394576443377,0.5,0.5342421986167321,0.07813918533695596,623
decision_tree_tau_0_4,CWE-311,0.35377849074979084,0.47405927405927406,0.9600180358181977,0.9753198877636295,0.039981964181802394,0.5259407259407258,0.40469613712017055,0.4434743066409913,0.3777573777152964,0.9385574081482029,0.7170386549387359,0.7190260766099712,0.2592462944493387,386
decision_tree_tau_0_4,CWE-327,0.700029299234712,0.7514285714285714,0.9863937523210164,0.9895932748784017,0.013606247678983432,0.24857142857142858,0.7240924346838911,0.7400582117290424,0.7129888516141951,0.9769813738450411,0.868911161874794,0.8710724063413201,0.6713070197316372,350
decision_tree_tau_0_4,CWE-330,0.9954545454545455,0.876,0.9998810232004759,0.9963654073202741,0.00011897679952409281,0.12400000000000003,0.9311838373975302,0.8971261781020917,0.9317002628317426,0.9963393592360976,0.937940511600238,0.9380713445251319,0.8716535951529808,250
decision_tree_tau_0_4,CWE-345,0.060735415479134615,1.0,0.0013459437927102703,1.0,0.9986540562072896,0.0,0.11451523032234837,0.2443185071229747,0.008713504739132202,0.061922280089223444,0.5006729718963552,0.5293546517256023,0.08910615312667954,530
decision_tree_tau_0_4,CWE-400,0.028731285654070793,0.996078431372549,0.0,0.0,1.0,0.00392156862745098,0.05585109849855883,0.12879255813313156,-0.13799083249241603,0.02872795019938828,0.4980392156862745,0.49780380594741924,0.020884926337485437,252
decision_tree_tau_0_4,CWE-501,0.6296399694889396,0.7555555555555555,0.9953812098125555,0.9974542343909855,0.004618790187444582,0.24444444444444446,0.6852590661349655,0.725261781430987,0.6854322746753484,0.9929134510534012,0.8754683826840555,0.8756409403897003,0.5454703281838612,90
decision_tree_tau_0_4,CWE-610,0.4614192810197265,0.4653389238294898,0.7936454661697051,0.9792221076534785,0.20635453383029492,0.5346610761705101,0.34693340075224893,0.31666566499512605,0.4211797431857166,0.7836336861952982,0.6294921949995975,0.6688064406900073,0.28012194505552596,267
decision_tree_tau_0_4,CWE-662,0.010757175668488517,1.0,0.0,,1.0,0.0,0.021285309707727046,0.051566369597711804,,0.010757175668488517,0.5,0.5,0.00877267421514677,94
decision_tree_tau_0_4,CWE-668,0.13262886621282527,0.9835823993358239,0.07633368877726779,0.9698948778494234,0.9236663112227322,0.016417600664176007,0.2337354484458399,0.43077241734463706,0.07836074767465842,0.19024270060718146,0.5299580440565459,0.5299580440565459,0.07904967821648681,1097
decision_tree_tau_0_4,CWE-704,0.0046931750921274705,1.0,0.00022831050228310502,1.0,0.9997716894977169,0.0,0.009342404778874916,0.0230325224906243,0.002279205609185878,0.0049194135862840535,0.5001141552511416,0.5001141552511416,0.005520099546303411,41
decision_tree_tau_0_4,CWE-706,0.4827292986159981,0.4329378531073447,0.9836554127045385,0.9800439529024676,0.016344587295461458,0.5670621468926553,0.45524503181293674,0.44133220031683235,0.4385186932731133,0.9648607812780104,0.7082966329059416,0.7089023971713732,0.29008034066078087,298
decision_tree_tau_0_4,CWE-74,0.5503298398948432,0.5711544595755121,0.908675347630305,0.9156421844933973,0.09132465236969496,0.42884554042448786,0.5601360777588462,0.5665936038667455,0.4727389806902137,0.853517255441498,0.7399149036029086,0.744203379925016,0.47821929452512224,1427
decision_tree_tau_0_4,CWE-913,0.012245003835436072,1.0,0.0,,1.0,0.0,0.02419363899275264,0.058365197076537575,,0.012245003835436072,0.5,0.619181719666817,0.13466226087251187,107
decision_tree_tau_0_4,CWE-923,0.03788392141512782,1.0,0.0,,1.0,0.0,0.07300183206499923,0.16449011567310964,,0.03788392141512782,0.5,0.5,0.02168795088321281,331
decision_tree_tau_0_5,CWE-116,0.00665406071162373,1.0,0.002417828240242175,1.0,0.9975821717597577,0.0,0.013219993713420173,0.03240622248468034,0.003985804340268795,0.009039825131816847,0.5012089141201211,0.5012089141201211,0.00426204204908028,58
decision_tree_tau_0_5,CWE-190,0.4,0.02857142857142857,0.9993057919800382,0.9844149763710736,0.0006942080199618057,0.9714285714285715,0.12539184952978055,0.08622645790787382,0.10708915340566885,0.9837489728523463,0.5139386102757333,0.5139386102757333,0.029522180307498175,140
decision_tree_tau_0_5,CWE-191,0.01052992262581756,1.0,0.00023209448608948061,1.0,0.9997679055139106,0.0,0.02084030883704325,0.0505208485008238,0.0024496811331963814,0.010757242377582167,0.5001160472430447,0.5001160472430447,0.011205068872282486,92
decision_tree_tau_0_5,CWE-20,0.045550765060282716,0.9617647058823529,0.18398613155350238,0.9916745468428809,0.8160138684464977,0.038235294117647055,0.08698147044577179,0.19147572866536292,0.07365507172527304,0.21425345521020125,0.5728754187179277,0.5728754187179277,0.031210899045303636,340
decision_tree_tau_0_5,CWE-269,0.010131099439544319,1.0,0.01746318179728708,1.0,0.9825368182027129,0.0,0.020058857842434157,0.04868154996635043,0.013287590590180018,0.02724542082715901,0.5087315908986435,0.5087315908986435,0.00684482646686109,87
decision_tree_tau_0_5,CWE-285,0.03338587786848211,0.993103448275862,0.009356470160405281,0.9777777777777779,0.9906435298395948,0.006896551724137931,0.06459967208018233,0.14714009643008547,0.005272723612447773,0.04212099793208851,0.5012299592181336,0.5000945403455577,0.03734485610663771,291
decision_tree_tau_0_5,CWE-287,0.40216821973798594,0.07705806451612904,0.9913748855095157,0.9332863387961596,0.008625114490484257,0.9229419354838709,0.1286242119629814,0.0917576861320406,0.1507378422785449,0.9261728925728814,0.5342164750128224,0.5342421986167321,0.07813918533695596,623
decision_tree_tau_0_5,CWE-311,0.35377849074979084,0.47405927405927406,0.9600180358181977,0.9753198877636295,0.039981964181802394,0.5259407259407258,0.40469613712017055,0.4434743066409913,0.3777573777152964,0.9385574081482029,0.7170386549387359,0.7190260766099712,0.2592462944493387,386
decision_tree_tau_0_5,CWE-327,0.700029299234712,0.7514285714285714,0.9863937523210164,0.9895932748784017,0.013606247678983432,0.24857142857142858,0.7240924346838911,0.7400582117290424,0.7129888516141951,0.9769813738450411,0.868911161874794,0.8710724063413201,0.6713070197316372,350
decision_tree_tau_0_5,CWE-330,0.9954545454545455,0.876,0.9998810232004759,0.9963654073202741,0.00011897679952409281,0.12400000000000003,0.9311838373975302,0.8971261781020917,0.9317002628317426,0.9963393592360976,0.937940511600238,0.9380713445251319,0.8716535951529808,250
decision_tree_tau_0_5,CWE-345,0.5659033613445378,0.06037735849056604,0.9970702133936913,0.9426387437483863,0.002929786606308713,0.939622641509434,0.10764506685519118,0.073222961007231,0.1675505837590298,0.9402516044057991,0.5287237859421288,0.5293546517256023,0.08910615312667954,530
decision_tree_tau_0_5,CWE-400,0.007221259387637204,0.19607843137254902,0.7995291805222895,0.7770325734476923,0.20047081947771056,0.803921568627451,0.05611672278338945,0.12919896640826878,-0.0380110477013064,0.7823621002640858,0.49780380594741924,0.49780380594741924,0.020884926337485437,252
decision_tree_tau_0_5,CWE-501,0.6296399694889396,0.7555555555555555,0.9953812098125555,0.9974542343909855,0.004618790187444582,0.24444444444444446,0.6852590661349655,0.725261781430987,0.6854322746753484,0.9929134510534012,0.8754683826840555,0.8756409403897003,0.5454703281838612,90
decision_tree_tau_0_5,CWE-610,0.6001267748478701,0.3445842068483578,0.9926925179862625,0.9796196121357011,0.007307482013737418,0.6554157931516421,0.43749567444221277,0.3765392199701103,0.44203737896638573,0.9728946561722035,0.6686383624173102,0.6688064406900073,0.28012194505552596,267
decision_tree_tau_0_5,CWE-662,0.010969976905311778,0.2,0.8,0.9892960246407173,0.2,0.8,0.021701884637350087,0.05254424778761062,,0.7936308150936362,0.5,0.5,0.00877267421514677,94
decision_tree_tau_0_5,CWE-668,0.13262886621282527,0.9835823993358239,0.07633368877726779,0.9698948778494234,0.9236663112227322,0.016417600664176007,0.2337354484458399,0.43077241734463706,0.07836074767465842,0.19024270060718146,0.5299580440565459,0.5299580440565459,0.07904967821648681,1097
decision_tree_tau_0_5,CWE-704,0.0046931750921274705,1.0,0.00022831050228310502,1.0,0.9997716894977169,0.0,0.009342404778874916,0.0230325224906243,0.002279205609185878,0.0049194135862840535,0.5001141552511416,0.5001141552511416,0.005520099546303411,41
decision_tree_tau_0_5,CWE-706,0.4827292986159981,0.4329378531073447,0.9836554127045385,0.9800439529024676,0.016344587295461458,0.5670621468926553,0.45524503181293674,0.44133220031683235,0.4385186932731133,0.9648607812780104,0.7082966329059416,0.7089023971713732,0.29008034066078087,298
decision_tree_tau_0_5,CWE-74,0.5503298398948432,0.5711544595755121,0.908675347630305,0.9156421844933973,0.09132465236969496,0.42884554042448786,0.5601360777588462,0.5665936038667455,0.4727389806902137,0.853517255441498,0.7399149036029086,0.744203379925016,0.47821929452512224,1427
decision_tree_tau_0_5,CWE-913,0.3385922574157868,0.24415584415584415,0.9942075951777898,0.9906500423649399,0.005792404822210222,0.7558441558441558,0.2821131954258889,0.2578026591628058,0.2793355642637286,0.9850089301776513,0.6191817196668169,0.619181719666817,0.13466226087251187,107
decision_tree_tau_0_5,CWE-923,0.037888734221266096,0.4,0.6,0.9621192871222978,0.4,0.6,0.07301108308828658,0.16451056875656073,,0.592427065961885,0.5,0.5,0.02168795088321281,331
decision_tree_tau_0_6,CWE-116,,0.0,1.0,0.9933619380241989,0.0,1.0,,,,0.9933619380241989,0.5,0.5012089141201211,0.00426204204908028,58
decision_tree_tau_0_6,CWE-190,0.4,0.02857142857142857,0.9993057919800382,0.9844149763710736,0.0006942080199618057,0.9714285714285715,0.12539184952978055,0.08622645790787382,0.10708915340566885,0.9837489728523463,0.5139386102757333,0.5139386102757333,0.029522180307498175,140
decision_tree_tau_0_6,CWE-191,,0.0,1.0,0.9894724530237615,0.0,1.0,,,,0.9894724530237615,0.5,0.5001160472430447,0.011205068872282486,92
decision_tree_tau_0_6,CWE-20,,0.0,1.0,0.9610871223331069,0.0,1.0,,,,0.9610871223331069,0.5,0.5728754187179277,0.031210899045303636,340
decision_tree_tau_0_6,CWE-269,,0.0,1.0,0.9900439889684988,0.0,1.0,,,,0.9900439889684988,0.5,0.5087315908986435,0.00684482646686109,87
decision_tree_tau_0_6,CWE-285,0.0,0.0,0.9977498342342621,0.9666210889846839,0.0022501657657378145,1.0,,,-0.009481901160194893,0.9645191531723153,0.49887491711713106,0.5000945403455577,0.03734485610663771,291
decision_tree_tau_0_6,CWE-287,0.40216821973798594,0.07705806451612904,0.9913748855095157,0.9332863387961596,0.008625114490484257,0.9229419354838709,0.1286242119629814,0.0917576861320406,0.1507378422785449,0.9261728925728814,0.5342164750128224,0.5342421986167321,0.07813918533695596,623
decision_tree_tau_0_6,CWE-311,0.3610815384783705,0.46626706626706627,0.9617109015981251,0.974998236444218,0.038289098401874944,0.5337329337329337,0.4065625051679495,0.44025056852963873,0.37907726175206347,0.9398283498004268,0.7139889839325957,0.7190260766099712,0.2592462944493387,386
decision_tree_tau_0_6,CWE-327,0.700029299234712,0.7514285714285714,0.9863937523210164,0.9895932748784017,0.013606247678983432,0.24857142857142858,0.7240924346838911,0.7400582117290424,0.7129888516141951,0.9769813738450411,0.868911161874794,0.8710724063413201,0.6713070197316372,350
decision_tree_tau_0_6,CWE-330,0.9954545454545455,0.876,0.9998810232004759,0.9963654073202741,0.00011897679952409281,0.12400000000000003,0.9311838373975302,0.8971261781020917,0.9317002628317426,0.9963393592360976,0.937940511600238,0.9380713445251319,0.8716535951529808,250
decision_tree_tau_0_6,CWE-345,0.5659033613445378,0.06037735849056604,0.9970702133936913,0.9426387437483863,0.002929786606308713,0.939622641509434,0.10764506685519118,0.073222961007231,0.1675505837590298,0.9402516044057991,0.5287237859421288,0.5293546517256023,0.08910615312667954,530
decision_tree_tau_0_6,CWE-400,0.0,0.0,0.9995291805222895,0.9711434279511565,0.0004708194777105155,1.0,,,-0.0046844527709365156,0.9706992827121228,0.4997645902611447,0.49780380594741924,0.020884926337485437,252
decision_tree_tau_0_6,CWE-501,0.6296399694889396,0.7555555555555555,0.9953812098125555,0.9974542343909855,0.004618790187444582,0.24444444444444446,0.6852590661349655,0.725261781430987,0.6854322746753484,0.9929134510534012,0.8754683826840555,0.8756409403897003,0.5454703281838612,90
decision_tree_tau_0_6,CWE-610,0.6001267748478701,0.3445842068483578,0.9926925179862625,0.9796196121357011,0.007307482013737418,0.6554157931516421,0.43749567444221277,0.3765392199701103,0.44203737896638573,0.9728946561722035,0.6686383624173102,0.6688064406900073,0.28012194505552596,267
decision_tree_tau_0_6,CWE-662,,0.0,1.0,0.9892428243315114,0.0,1.0,,,,0.9892428243315114,0.5,0.5,0.00877267421514677,94
decision_tree_tau_0_6,CWE-668,,0.0,1.0,0.8744466303932542,0.0,1.0,,,,0.8744466303932542,0.5,0.5299580440565459,0.07904967821648681,1097
decision_tree_tau_0_6,CWE-704,,0.0,1.0,0.9953078591409886,0.0,1.0,,,,0.9953078591409886,0.5,0.5001141552511416,0.005520099546303411,41
decision_tree_tau_0_6,CWE-706,0.4827292986159981,0.4329378531073447,0.9836554127045385,0.9800439529024676,0.016344587295461458,0.5670621468926553,0.45524503181293674,0.44133220031683235,0.4385186932731133,0.9648607812780104,0.7082966329059416,0.7089023971713732,0.29008034066078087,298
decision_tree_tau_0_6,CWE-74,0.5503298398948432,0.5711544595755121,0.908675347630305,0.9156421844933973,0.09132465236969496,0.42884554042448786,0.5601360777588462,0.5665936038667455,0.4727389806902137,0.853517255441498,0.7399149036029086,0.744203379925016,0.47821929452512224,1427
decision_tree_tau_0_6,CWE-913,0.3385922574157868,0.24415584415584415,0.9942075951777898,0.9906500423649399,0.005792404822210222,0.7558441558441558,0.2821131954258889,0.2578026591628058,0.2793355642637286,0.9850089301776513,0.6191817196668169,0.619181719666817,0.13466226087251187,107
decision_tree_tau_0_6,CWE-923,,0.0,1.0,0.9621160785848722,0.0,1.0,,,,0.9621160785848722,0.5,0.5,0.02168795088321281,331
decision_tree_tau_0_7,CWE-116,,0.0,1.0,0.9933619380241989,0.0,1.0,,,,0.9933619380241989,0.5,0.5012089141201211,0.00426204204908028,58
decision_tree_tau_0_7,CWE-190,0.4,0.02857142857142857,0.9993057919800382,0.9844149763710736,0.0006942080199618057,0.9714285714285715,0.12539184952978055,0.08622645790787382,0.10708915340566885,0.9837489728523463,0.5139386102757333,0.5139386102757333,0.029522180307498175,140
decision_tree_tau_0_7,CWE-191,,0.0,1.0,0.9894724530237615,0.0,1.0,,,,0.9894724530237615,0.5,0.5001160472430447,0.011205068872282486,92
decision_tree_tau_0_7,CWE-20,,0.0,1.0,0.9610871223331069,0.0,1.0,,,,0.9610871223331069,0.5,0.5728754187179277,0.031210899045303636,340
decision_tree_tau_0_7,CWE-269,,0.0,1.0,0.9900439889684988,0.0,1.0,,,,0.9900439889684988,0.5,0.5087315908986435,0.00684482646686109,87
decision_tree_tau_0_7,CWE-285,,0.0,1.0,0.966694064192742,0.0,1.0,,,,0.966694064192742,0.5,0.5000945403455577,0.03734485610663771,291
decision_tree_tau_0_7,CWE-287,0.40216821973798594,0.07705806451612904,0.9913748855095157,0.9332863387961596,0.008625114490484257,0.9229419354838709,0.1286242119629814,0.0917576861320406,0.1507378422785449,0.9261728925728814,0.5342164750128224,0.5342421986167321,0.07813918533695596,623
decision_tree_tau_0_7,CWE-311,0.3760151529293364,0.45854145854145856,0.964587886369662,0.9747173232472063,0.035412113630337985,0.5414585414585413,0.4125075732810286,0.43872519814466404,0.38494490218141325,0.9422335192142015,0.7115646724555603,0.7190260766099712,0.2592462944493387,386
decision_tree_tau_0_7,CWE-327,0.700029299234712,0.7514285714285714,0.9863937523210164,0.9895932748784017,0.013606247678983432,0.24857142857142858,0.7240924346838911,0.7400582117290424,0.7129888516141951,0.9769813738450411,0.868911161874794,0.8710724063413201,0.6713070197316372,350
decision_tree_tau_0_7,CWE-330,0.9954545454545455,0.876,0.9998810232004759,0.9963654073202741,0.00011897679952409281,0.12400000000000003,0.9311838373975302,0.8971261781020917,0.9317002628317426,0.9963393592360976,0.937940511600238,0.9380713445251319,0.8716535951529808,250
decision_tree_tau_0_7,CWE-345,0.5659033613445378,0.06037735849056604,0.9970702133936913,0.9426387437483863,0.002929786606308713,0.939622641509434,0.10764506685519118,0.073222961007231,0.1675505837590298,0.9402516044057991,0.5287237859421288,0.5293546517256023,0.08910615312667954,530
decision_tree_tau_0_7,CWE-400,0.0,0.0,0.9995291805222895,0.9711434279511565,0.0004708194777105155,1.0,,,-0.0046844527709365156,0.9706992827121228,0.4997645902611447,0.49780380594741924,0.020884926337485437,252
decision_tree_tau_0_7,CWE-501,0.6296399694889396,0.7555555555555555,0.9953812098125555,0.9974542343909855,0.004618790187444582,0.24444444444444446,0.6852590661349655,0.725261781430987,0.6854322746753484,0.9929134510534012,0.8754683826840555,0.8756409403897003,0.5454703281838612,90
decision_tree_tau_0_7,CWE-610,0.6001267748478701,0.3445842068483578,0.9926925179862625,0.9796196121357011,0.007307482013737418,0.6554157931516421,0.43749567444221277,0.3765392199701103,0.44203737896638573,0.9728946561722035,0.6686383624173102,0.6688064406900073,0.28012194505552596,267
decision_tree_tau_0_7,CWE-662,,0.0,1.0,0.9892428243315114,0.0,1.0,,,,0.9892428243315114,0.5,0.5,0.00877267421514677,94
decision_tree_tau_0_7,CWE-668,,0.0,1.0,0.8744466303932542,0.0,1.0,,,,0.8744466303932542,0.5,0.5299580440565459,0.07904967821648681,1097
decision_tree_tau_0_7,CWE-704,,0.0,1.0,0.9953078591409886,0.0,1.0,,,,0.9953078591409886,0.5,0.5001141552511416,0.005520099546303411,41
decision_tree_tau_0_7,CWE-706,0.4827292986159981,0.4329378531073447,0.9836554127045385,0.9800439529024676,0.016344587295461458,0.5670621468926553,0.45524503181293674,0.44133220031683235,0.4385186932731133,0.9648607812780104,0.7082966329059416,0.7089023971713732,0.29008034066078087,298
decision_tree_tau_0_7,CWE-74,0.5503298398948432,0.5711544595755121,0.908675347630305,0.9156421844933973,0.09132465236969496,0.42884554042448786,0.5601360777588462,0.5665936038667455,0.4727389806902137,0.853517255441498,0.7399149036029086,0.744203379925016,0.47821929452512224,1427
decision_tree_tau_0_7,CWE-913,0.3385922574157868,0.24415584415584415,0.9942075951777898,0.9906500423649399,0.005792404822210222,0.7558441558441558,0.2821131954258889,0.2578026591628058,0.2793355642637286,0.9850089301776513,0.6191817196668169,0.619181719666817,0.13466226087251187,107
decision_tree_tau_0_7,CWE-923,,0.0,1.0,0.9621160785848722,0.0,1.0,,,,0.9621160785848722,0.5,0.5,0.02168795088321281,331
decision_tree_tau_0_8,CWE-116,,0.0,1.0,0.9933619380241989,0.0,1.0,,,,0.9933619380241989,0.5,0.5012089141201211,0.00426204204908028,58
decision_tree_tau_0_8,CWE-190,0.4,0.02857142857142857,0.9993057919800382,0.9844149763710736,0.0006942080199618057,0.9714285714285715,0.12539184952978055,0.08622645790787382,0.10708915340566885,0.9837489728523463,0.5139386102757333,0.5139386102757333,0.029522180307498175,140
decision_tree_tau_0_8,CWE-191,,0.0,1.0,0.9894724530237615,0.0,1.0,,,,0.9894724530237615,0.5,0.5001160472430447,0.011205068872282486,92
decision_tree_tau_0_8,CWE-20,,0.0,1.0,0.9610871223331069,0.0,1.0,,,,0.9610871223331069,0.5,0.5728754187179277,0.031210899045303636,340
decision_tree_tau_0_8,CWE-269,,0.0,1.0,0.9900439889684988,0.0,1.0,,,,0.9900439889684988,0.5,0.5087315908986435,0.00684482646686109,87
decision_tree_tau_0_8,CWE-285,,0.0,1.0,0.966694064192742,0.0,1.0,,,,0.966694064192742,0.5,0.5000945403455577,0.03734485610663771,291
decision_tree_tau_0_8,CWE-287,0.40216821973798594,0.07705806451612904,0.9913748855095157,0.9332863387961596,0.008625114490484257,0.9229419354838709,0.1286242119629814,0.0917576861320406,0.1507378422785449,0.9261728925728814,0.5342164750128224,0.5342421986167321,0.07813918533695596,623
decision_tree_tau_0_8,CWE-311,0.39138466734211413,0.45854145854145856,0.9670806811798108,0.9747808926247427,0.03291931882018918,0.5414585414585413,0.42212634771864144,0.4431926486937684,0.3946987290460561,0.9446173690569282,0.7128110698606347,0.7190260766099712,0.2592462944493387,386
decision_tree_tau_0_8,CWE-327,0.700029299234712,0.7514285714285714,0.9863937523210164,0.9895932748784017,0.013606247678983432,0.24857142857142858,0.7240924346838911,0.7400582117290424,0.7129888516141951,0.9769813738450411,0.868911161874794,0.8710724063413201,0.6713070197316372,350
decision_tree_tau_0_8,CWE-330,0.9954545454545455,0.876,0.9998810232004759,0.9963654073202741,0.00011897679952409281,0.12400000000000003,0.9311838373975302,0.8971261781020917,0.9317002628317426,0.9963393592360976,0.937940511600238,0.9380713445251319,0.8716535951529808,250
decision_tree_tau_0_8,CWE-345,0.5659033613445378,0.06037735849056604,0.9970702133936913,0.9426387437483863,0.002929786606308713,0.939622641509434,0.10764506685519118,0.073222961007231,0.1675505837590298,0.9402516044057991,0.5287237859421288,0.5293546517256023,0.08910615312667954,530
decision_tree_tau_0_8,CWE-400,0.0,0.0,0.9995291805222895,0.9711434279511565,0.0004708194777105155,1.0,,,-0.0046844527709365156,0.9706992827121228,0.4997645902611447,0.49780380594741924,0.020884926337485437,252
decision_tree_tau_0_8,CWE-501,0.6296399694889396,0.7555555555555555,0.9953812098125555,0.9974542343909855,0.004618790187444582,0.24444444444444446,0.6852590661349655,0.725261781430987,0.6854322746753484,0.9929134510534012,0.8754683826840555,0.8756409403897003,0.5454703281838612,90
decision_tree_tau_0_8,CWE-610,0.6001267748478701,0.3445842068483578,0.9926925179862625,0.9796196121357011,0.007307482013737418,0.6554157931516421,0.43749567444221277,0.3765392199701103,0.44203737896638573,0.9728946561722035,0.6686383624173102,0.6688064406900073,0.28012194505552596,267
decision_tree_tau_0_8,CWE-662,,0.0,1.0,0.9892428243315114,0.0,1.0,,,,0.9892428243315114,0.5,0.5,0.00877267421514677,94
decision_tree_tau_0_8,CWE-668,,0.0,1.0,0.8744466303932542,0.0,1.0,,,,0.8744466303932542,0.5,0.5299580440565459,0.07904967821648681,1097
decision_tree_tau_0_8,CWE-704,,0.0,1.0,0.9953078591409886,0.0,1.0,,,,0.9953078591409886,0.5,0.5001141552511416,0.005520099546303411,41
decision_tree_tau_0_8,CWE-706,0.4827292986159981,0.4329378531073447,0.9836554127045385,0.9800439529024676,0.016344587295461458,0.5670621468926553,0.45524503181293674,0.44133220031683235,0.4385186932731133,0.9648607812780104,0.7082966329059416,0.7089023971713732,0.29008034066078087,298
decision_tree_tau_0_8,CWE-74,0.6506045955085181,0.4351760520181573,0.9538211093562632,0.8963896595458148,0.046178890643736835,0.5648239479818427,0.5208139664439548,0.4657160371911705,0.4610357651989137,0.869107588509052,0.6944985806872103,0.744203379925016,0.47821929452512224,1427
decision_tree_tau_0_8,CWE-913,0.3385922574157868,0.24415584415584415,0.9942075951777898,0.9906500423649399,0.005792404822210222,0.7558441558441558,0.2821131954258889,0.2578026591628058,0.2793355642637286,0.9850089301776513,0.6191817196668169,0.619181719666817,0.13466226087251187,107
decision_tree_tau_0_8,CWE-923,,0.0,1.0,0.9621160785848722,0.0,1.0,,,,0.9621160785848722,0.5,0.5,0.02168795088321281,331
decision_tree_tau_0_9,CWE-116,,0.0,1.0,0.9933619380241989,0.0,1.0,,,,0.9933619380241989,0.5,0.5012089141201211,0.00426204204908028,58
decision_tree_tau_0_9,CWE-190,0.4,0.02857142857142857,0.9993057919800382,0.9844149763710736,0.0006942080199618057,0.9714285714285715,0.12539184952978055,0.08622645790787382,0.10708915340566885,0.9837489728523463,0.5139386102757333,0.5139386102757333,0.029522180307498175,140
decision_tree_tau_0_9,CWE-191,,0.0,1.0,0.9894724530237615,0.0,1.0,,,,0.9894724530237615,0.5,0.5001160472430447,0.011205068872282486,92
decision_tree_tau_0_9,CWE-20,,0.0,1.0,0.9610871223331069,0.0,1.0,,,,0.9610871223331069,0.5,0.5728754187179277,0.031210899045303636,340
decision_tree_tau_0_9,CWE-269,,0.0,1.0,0.9900439889684988,0.0,1.0,,,,0.9900439889684988,0.5,0.5087315908986435,0.00684482646686109,87
decision_tree_tau_0_9,CWE-285,,0.0,1.0,0.966694064192742,0.0,1.0,,,,0.966694064192742,0.5,0.5000945403455577,0.03734485610663771,291
decision_tree_tau_0_9,CWE-287,0.8888888888888888,0.008012903225806452,0.9998770743700062,0.9292206121313953,0.0001229256299938537,0.9919870967741936,0.026248687664041995,0.01662046553463441,0.1014335552915104,0.9291549261507486,0.5039449887979063,0.5342421986167321,0.07813918533695596,623
decision_tree_tau_0_9,CWE-311,0.39138466734211413,0.45854145854145856,0.9670806811798108,0.9747808926247427,0.03291931882018918,0.5414585414585413,0.42212634771864144,0.4431926486937684,0.3946987290460561,0.9446173690569282,0.7128110698606347,0.7190260766099712,0.2592462944493387,386
decision_tree_tau_0_9,CWE-327,0.700029299234712,0.7514285714285714,0.9863937523210164,0.9895932748784017,0.013606247678983432,0.24857142857142858,0.7240924346838911,0.7400582117290424,0.7129888516141951,0.9769813738450411,0.868911161874794,0.8710724063413201,0.6713070197316372,350
decision_tree_tau_0_9,CWE-330,0.9954545454545455,0.876,0.9998810232004759,0.9963654073202741,0.00011897679952409281,0.12400000000000003,0.9311838373975302,0.8971261781020917,0.9317002628317426,0.9963393592360976,0.937940511600238,0.9380713445251319,0.8716535951529808,250
decision_tree_tau_0_9,CWE-345,0.5659033613445378,0.06037735849056604,0.9970702133936913,0.9426387437483863,0.002929786606308713,0.939622641509434,0.10764506685519118,0.073222961007231,0.1675505837590298,0.9402516044057991,0.5287237859421288,0.5293546517256023,0.08910615312667954,530
decision_tree_tau_0_9,CWE-400,0.0,0.0,0.9995291805222895,0.9711434279511565,0.0004708194777105155,1.0,,,-0.0046844527709365156,0.9706992827121228,0.4997645902611447,0.49780380594741924,0.020884926337485437,252
decision_tree_tau_0_9,CWE-501,0.6296399694889396,0.7555555555555555,0.9953812098125555,0.9974542343909855,0.004618790187444582,0.24444444444444446,0.6852590661349655,0.725261781430987,0.6854322746753484,0.9929134510534012,0.8754683826840555,0.8756409403897003,0.5454703281838612,90
decision_tree_tau_0_9,CWE-610,0.6065922920892495,0.33710691823899375,0.9930436004906511,0.9793988340840862,0.006956399509348887,0.6628930817610063,0.4329075355375679,0.36979253168250203,0.4396017797225695,0.9730060020117914,0.6650752593648225,0.6688064406900073,0.28012194505552596,267
decision_tree_tau_0_9,CWE-662,,0.0,1.0,0.9892428243315114,0.0,1.0,,,,0.9892428243315114,0.5,0.5,0.00877267421514677,94
decision_tree_tau_0_9,CWE-668,,0.0,1.0,0.8744466303932542,0.0,1.0,,,,0.8744466303932542,0.5,0.5299580440565459,0.07904967821648681,1097
decision_tree_tau_0_9,CWE-704,,0.0,1.0,0.9953078591409886,0.0,1.0,,,,0.9953078591409886,0.5,0.5001141552511416,0.005520099546303411,41
decision_tree_tau_0_9,CWE-706,0.4827292986159981,0.4329378531073447,0.9836554127045385,0.9800439529024676,0.016344587295461458,0.5670621468926553,0.45524503181293674,0.44133220031683235,0.4385186932731133,0.9648607812780104,0.7082966329059416,0.7089023971713732,0.29008034066078087,298
decision_tree_tau_0_9,CWE-74,0.6371804755684434,0.34356766040976566,0.9614283016107583,0.883416001831203,0.038571698389241675,0.6564323395902344,0.5122462716142656,0.4590247457370835,0.4503727548811608,0.8603316069848026,0.652497981010262,0.744203379925016,0.47821929452512224,1427
decision_tree_tau_0_9,CWE-913,0.3385922574157868,0.24415584415584415,0.9942075951777898,0.9906500423649399,0.005792404822210222,0.7558441558441558,0.2821131954258889,0.2578026591628058,0.2793355642637286,0.9850089301776513,0.6191817196668169,0.619181719666817,0.13466226087251187,107
decision_tree_tau_0_9,CWE-923,,0.0,1.0,0.9621160785848722,0.0,1.0,,,,0.9621160785848722,0.5,0.5,0.02168795088321281,331
