fold,strategy,cwe,tp,fp,tn,fn,support,positive_support,negative_support,precision,recall,specificity,npv,fpr,fnr,accuracy,balanced_accuracy,f1,f2,mcc,roc_auc,pr_auc
0,dst_dempster,CWE-113,0,1,2016,115,2132,115,2017,0.0,0.0,0.9995042141794744,0.9460347254809949,0.0004957858205255329,1.0,0.9455909943714822,0.4997521070897372,,,-0.00517254462593515,0.4997521070897372,0.04372047197254851
0,dst_dempster,CWE-116,0,0,2110,22,2132,22,2110,,0.0,1.0,0.9896810506566605,0.0,1.0,0.9896810506566605,0.5,,,,0.5359543300301595,0.01871687673962822
0,dst_dempster,CWE-117,0,1,2030,101,2132,101,2031,0.0,0.0,0.999507631708518,0.9526044110746129,0.0004923682914820286,1.0,0.9521575984990619,0.499753815854259,,,-0.004830743746358051,0.499753815854259,0.0351496547230052
0,dst_dempster,CWE-1333,2,5,2093,32,2132,34,2098,0.2857142857142857,0.058823529411764705,0.9976167778836987,0.9849411764705882,0.0023832221163012394,0.9411764705882353,0.9826454033771107,0.5282201536477317,0.0975609756097561,0.06993006993006992,0.12359562070279828,0.5282201536477318,0.07979464559297911
0,dst_dempster,CWE-185,0,0,2122,10,2132,10,2122,,0.0,1.0,0.9953095684803002,0.0,1.0,0.9953095684803002,0.5,,,,0.5,0.004806074161910317
0,dst_dempster,CWE-20,0,15,1941,176,2132,176,1956,0.0,0.0,0.9923312883435583,0.9168634860651866,0.007668711656441718,1.0,0.9104127579737336,0.49616564417177916,,,-0.025249751552992215,0.48289790156162854,0.06924909388309584
0,dst_dempster,CWE-200,5,2,1901,224,2132,229,1903,0.7142857142857143,0.021834061135371178,0.998949027850762,0.8945882352941177,0.0010509721492380452,0.9781659388646288,0.8939962476547842,0.5103915444930666,0.0423728813559322,0.027085590465872156,0.1124912506618003,0.5091065130442165,0.09005978612714016
0,dst_dempster,CWE-208,14,75,1935,108,2132,122,2010,0.15730337078651685,0.11475409836065574,0.9626865671641791,0.947136563876652,0.03731343283582089,0.8852459016393442,0.9141651031894934,0.5387203327624174,0.13270142180094785,0.12131715771230502,0.0899327418001145,0.5387203327624174,0.05466111689270409
0,dst_dempster,CWE-209,4,7,1997,124,2132,128,2004,0.36363636363636365,0.03125,0.9965069860279441,0.9415370108439416,0.003493013972055888,0.96875,0.9385553470919324,0.513878493013972,0.05755395683453238,0.03824091778202677,0.09203636830921995,0.513878493013972,0.05512632774258599
0,dst_dempster,CWE-215,3,38,1982,109,2132,112,2020,0.07317073170731707,0.026785714285714284,0.9811881188118812,0.9478718316594931,0.01881188118811881,0.9732142857142857,0.9310506566604128,0.5039869165487977,0.0392156862745098,0.030674846625766868,0.01295337362359786,0.5039869165487978,0.037491518140996515
0,dst_dempster,CWE-22,0,0,2046,86,2132,86,2046,,0.0,1.0,0.9596622889305816,0.0,1.0,0.9596622889305816,0.5,,,,0.6080753142831162,0.21573947206331448
0,dst_dempster,CWE-23,17,32,2017,66,2132,83,2049,0.3469387755102041,0.20481927710843373,0.984382625671059,0.9683149303888622,0.015617374328940947,0.7951807228915663,0.9540337711069419,0.5946009513897463,0.25757575757575757,0.22309711286089237,0.24422653626170512,0.5946009513897464,0.16601677763826453
0,dst_dempster,CWE-259,6,14,2006,106,2132,112,2020,0.3,0.05357142857142857,0.9930693069306931,0.9498106060606061,0.006930693069306931,0.9464285714285714,0.9437148217636022,0.5233203677510608,0.09090909090909091,0.0641025641025641,0.10794142116396946,0.5768078147100424,0.09353837616068032
0,dst_dempster,CWE-276,6,3,2076,47,2132,53,2079,0.6666666666666666,0.11320754716981132,0.9985569985569985,0.9778615167216204,0.001443001443001443,0.8867924528301887,0.9765478424015009,0.555882272863405,0.1935483870967742,0.13574660633484162,0.26839411249973033,0.555882272863405,0.09600629885986914
0,dst_dempster,CWE-284,0,1,1733,398,2132,398,1734,0.0,0.0,0.9994232987312572,0.8132332238385734,0.0005767012687427913,1.0,0.8128517823639775,0.4997116493656286,,,-0.01037827715814603,0.4997116493656286,0.11977755453504645
0,dst_dempster,CWE-287,0,0,1920,212,2132,212,1920,,0.0,1.0,0.900562851782364,0.0,1.0,0.900562851782364,0.5,,,,0.5034148977987422,0.06749476368352633
0,dst_dempster,CWE-295,0,1,2072,59,2132,59,2073,0.0,0.0,0.9995176073323685,0.9723134678554669,0.000482392667631452,1.0,0.9718574108818011,0.49975880366618425,,,-0.0036545560740896092,0.4992764109985528,0.023001307838222726
0,dst_dempster,CWE-312,1,26,2070,35,2132,36,2096,0.037037037037037035,0.027777777777777776,0.9875954198473282,0.9833729216152018,0.012404580152671756,0.9722222222222222,0.9713883677298312,0.507686598812553,0.031746031746031744,0.02923976608187134,0.01771345047925761,0.507686598812553,0.012480827298530664
0,dst_dempster,CWE-315,1,5,2099,27,2132,28,2104,0.16666666666666666,0.03571428571428571,0.9976235741444867,0.9873000940733773,0.002376425855513308,0.9642857142857143,0.9849906191369606,0.5166689299293862,0.058823529411764705,0.0423728813559322,0.07164441564044419,0.5166689299293862,0.020295189662628464
0,dst_dempster,CWE-319,0,0,2061,71,2132,71,2061,,0.0,1.0,0.9666979362101313,0.0,1.0,0.9666979362101313,0.5,,,,0.5070490873430784,0.024404281336297504
0,dst_dempster,CWE-321,6,18,1999,109,2132,115,2017,0.25,0.05217391304347826,0.9910758552305404,0.948292220113852,0.008924144769459593,0.9478260869565217,0.9404315196998124,0.5216248841370094,0.08633093525179857,0.06198347107438017,0.0926071950253586,0.5216248841370094,0.05673160762395237
0,dst_dempster,CWE-326,1,0,2093,38,2132,39,2093,1.0,0.02564102564102564,1.0,0.9821679962458939,0.0,0.9743589743589743,0.9821763602251408,0.5128205128205128,0.05,0.03184713375796178,0.15869402879609473,0.537996006223431,0.07791277096423126
0,dst_dempster,CWE-327,3,16,2074,39,2132,42,2090,0.15789473684210525,0.07142857142857142,0.9923444976076555,0.9815428300993848,0.007655502392344498,0.9285714285714286,0.974202626641651,0.5318865345181135,0.09836065573770492,0.08021390374331551,0.0942993191004217,0.7973741171109592,0.20702257948224986
0,dst_dempster,CWE-328,5,28,2054,45,2132,50,2082,0.15151515151515152,0.1,0.9865513928914506,0.9785612196283945,0.013448607108549471,0.9,0.9657598499061913,0.5432756964457253,0.12048192771084337,0.1072961373390558,0.10610509462197933,0.5432756964457253,0.04317842048392311
0,dst_dempster,CWE-330,24,32,2033,43,2132,67,2065,0.42857142857142855,0.3582089552238806,0.9845036319612591,0.9792870905587668,0.01549636803874092,0.6417910447761194,0.9648217636022514,0.6713562935925699,0.39024390243902435,0.37037037037037035,0.37386929306458033,0.6713562935925699,0.17711176780482837
0,dst_dempster,CWE-347,0,0,2104,28,2132,28,2104,,0.0,1.0,0.9868667917448405,0.0,1.0,0.9868667917448405,0.5,,,,0.5,0.009012521252487997
0,dst_dempster,CWE-352,0,0,2095,37,2132,37,2095,,0.0,1.0,0.9826454033771107,0.0,1.0,0.9826454033771107,0.5,,,,0.5,0.016645982997221757
0,dst_dempster,CWE-359,4,23,1995,110,2132,114,2018,0.14814814814814814,0.03508771929824561,0.9886025768087215,0.9477434679334917,0.011397423191278493,0.9649122807017544,0.9376172607879925,0.5118451480534836,0.05673758865248227,0.041407867494824016,0.04766236229090684,0.5118451480534836,0.044153202626377695
0,dst_dempster,CWE-377,0,0,2116,16,2132,16,2116,,0.0,1.0,0.9924953095684803,0.0,1.0,0.9924953095684803,0.5,,,,0.7115134688090737,0.029892574279242
0,dst_dempster,CWE-400,0,0,2055,77,2132,77,2055,,0.0,1.0,0.9638836772983115,0.0,1.0,0.9638836772983115,0.5,,,,0.5268145479824312,0.06946440452109537
0,dst_dempster,CWE-477,0,232,1895,5,2132,5,2127,0.0,0.0,0.8909261871180065,0.9973684210526316,0.10907381288199341,1.0,0.8888367729831145,0.44546309355900326,,,-0.01694214713929307,0.44546309355900326,0.001738961934153076
0,dst_dempster,CWE-497,1,10,1979,142,2132,143,1989,0.09090909090909091,0.006993006993006993,0.9949723479135244,0.933050447901933,0.005027652086475616,0.993006993006993,0.9287054409005628,0.5009826774532657,0.012987012987012986,0.008576329331046312,0.006862142315667527,0.5009826774532656,0.0438999317713496
0,dst_dempster,CWE-502,2,0,2091,39,2132,41,2091,1.0,0.04878048780487805,1.0,0.9816901408450704,0.0,0.9512195121951219,0.9817073170731707,0.524390243902439,0.09302325581395349,0.060240963855421686,0.21883172517636004,0.6688945655597158,0.303004425409421
0,dst_dempster,CWE-521,0,3,2064,65,2132,65,2067,0.0,0.0,0.9985486211901307,0.9694692343823391,0.001451378809869376,1.0,0.9681050656660413,0.49927431059506533,,,-0.006656703859010216,0.49927431059506533,0.02172811544614147
0,dst_dempster,CWE-522,0,0,2041,91,2132,91,2041,,0.0,1.0,0.9573170731707317,0.0,1.0,0.9573170731707317,0.5,,,,0.5,0.028491821263304514
0,dst_dempster,CWE-532,0,0,2002,130,2132,130,2002,,0.0,1.0,0.9390243902439024,0.0,1.0,0.9390243902439024,0.5,,,,0.5108967955121801,0.04797406645504806
0,dst_dempster,CWE-601,1,1,2085,45,2132,46,2086,0.5,0.021739130434782608,0.9995206136145733,0.9788732394366197,0.00047938638542665386,0.9782608695652174,0.9784240150093808,0.510629872024678,0.041666666666666664,0.026881720430107524,0.10089956641387754,0.5189305515027721,0.055563007013356466
0,dst_dempster,CWE-605,0,19,2102,11,2132,11,2121,0.0,0.0,0.991041961338991,0.9947941315664931,0.008958038661008957,1.0,0.9859287054409006,0.4955209806694955,,,-0.0068289362781827605,0.4955209806694955,0.003451119114275854
0,dst_dempster,CWE-611,1,0,2114,17,2132,18,2114,1.0,0.05555555555555555,1.0,0.992022524636321,0.0,0.9444444444444444,0.9920262664165104,0.5277777777777778,0.10526315789473684,0.06849315068493152,0.23476022337652436,0.7423262903395353,0.19621313695925713
0,dst_dempster,CWE-614,0,2,2059,71,2132,71,2061,0.0,0.0,0.9990295972828724,0.9666666666666667,0.0009704027171276079,1.0,0.9657598499061913,0.4995147986414362,,,-0.005687420965392568,0.5300824842309558,0.03782163040003345
0,dst_dempster,CWE-643,7,8,2074,43,2132,50,2082,0.4666666666666667,0.14,0.9961575408261287,0.9796882380727444,0.0038424591738712775,0.86,0.976078799249531,0.5680787704130643,0.2153846153846154,0.16279069767441862,0.24652502137713966,0.5680787704130643,0.1034475837400162
0,dst_dempster,CWE-668,0,1,1789,342,2132,342,1790,0.0,0.0,0.9994413407821229,0.8395119662130455,0.0005586592178770949,1.0,0.8391181988742964,0.49972067039106144,,,-0.009468797148215437,0.49972067039106144,0.10128399385366717
0,dst_dempster,CWE-706,0,3,2023,106,2132,106,2026,0.0,0.0,0.9985192497532083,0.9502113668388915,0.0014807502467917078,1.0,0.948874296435272,0.49925962487660414,,,-0.008586299018828382,0.49925962487660414,0.0545472497016898
0,dst_dempster,CWE-73,3,46,1962,121,2132,124,2008,0.061224489795918366,0.024193548387096774,0.9770916334661355,0.941910705712914,0.022908366533864542,0.9758064516129032,0.9216697936210131,0.5006425909266161,0.034682080924855495,0.027522935779816515,0.002007310731871535,0.5006425909266161,0.04592467244449719
0,dst_dempster,CWE-732,7,0,2077,48,2132,55,2077,1.0,0.12727272727272726,1.0,0.9774117647058823,0.0,0.8727272727272727,0.9774859287054409,0.5636363636363636,0.22580645161290322,0.1541850220264317,0.35270080941580906,0.5636363636363636,0.1599853852539568
0,dst_dempster,CWE-74,6,1,1788,337,2132,343,1789,0.8571428571428571,0.01749271137026239,0.9994410285075461,0.8414117647058823,0.0005589714924538849,0.9825072886297376,0.8414634146341463,0.5084668699389042,0.03428571428571429,0.021754894851341553,0.10876186030418677,0.5084668699389042,0.1872930074108867
0,dst_dempster,CWE-770,0,0,2075,57,2132,57,2075,,0.0,1.0,0.973264540337711,0.0,1.0,0.973264540337711,0.5,,,,0.4995180722891566,0.04494246552279272
0,dst_dempster,CWE-776,0,0,2095,37,2132,37,2095,,0.0,1.0,0.9826454033771107,0.0,1.0,0.9826454033771107,0.5,,,,0.49952267303102627,0.02898837025499813
0,dst_dempster,CWE-78,1,0,2022,109,2132,110,2022,1.0,0.00909090909090909,1.0,0.9488503050211169,0.0,0.990909090909091,0.948874296435272,0.5045454545454545,0.018018018018018018,0.011337868480725625,0.09287578728510643,0.5988580163654348,0.1790599821840374
0,dst_dempster,CWE-79,0,0,2006,126,2132,126,2006,,0.0,1.0,0.9409005628517824,0.0,1.0,0.9409005628517824,0.5,,,,0.558946177340993,0.10074834020168583
0,dst_dempster,CWE-798,0,2,2014,116,2132,116,2016,0.0,0.0,0.9990079365079365,0.9455399061032864,0.000992063492063492,1.0,0.9446529080675422,0.49950396825396826,,,-0.00735036536025791,0.5254601122058019,0.05986714365348893
0,dst_dempster,CWE-80,1,3,2006,122,2132,123,2009,0.25,0.008130081300813009,0.9985067197610752,0.9426691729323309,0.0014932802389248383,0.991869918699187,0.9413696060037523,0.5033184005309441,0.015748031496062995,0.010080645161290324,0.035759012451554203,0.5033184005309441,0.05282688625564226
0,dst_dempster,CWE-827,0,3,2110,19,2132,19,2113,0.0,0.0,0.9985802176999526,0.9910756223579145,0.001419782300047326,1.0,0.9896810506566605,0.4992901088499763,,,-0.003559588939073031,0.4992901088499763,0.005451271879378384
0,dst_dempster,CWE-829,0,8,2101,23,2132,23,2109,0.0,0.0,0.9962067330488383,0.9891713747645952,0.003793266951161688,1.0,0.9854596622889306,0.49810336652441917,,,-0.006409045656880347,0.49810336652441917,0.006346484798345829
0,dst_dempster,CWE-88,1,10,2056,65,2132,66,2066,0.09090909090909091,0.015151515151515152,0.995159728944821,0.9693540782649693,0.00484027105517909,0.9848484848484849,0.9648217636022514,0.5051556220481681,0.025974025974025976,0.018181818181818184,0.024927660286768395,0.505155622048168,0.03606590934380958
0,dst_dempster,CWE-89,7,23,2001,101,2132,108,2024,0.23333333333333334,0.06481481481481481,0.9886363636363636,0.9519505233111323,0.011363636363636364,0.9351851851851852,0.9418386491557224,0.5267255892255892,0.10144927536231883,0.07575757575757576,0.09951703615776496,0.7700396171863563,0.31702341905282977
0,dst_dempster,CWE-90,0,0,2092,40,2132,40,2092,,0.0,1.0,0.9812382739212008,0.0,1.0,0.9812382739212008,0.5,,,,0.5,0.014951630478639446
0,dst_dempster,CWE-916,5,28,2054,45,2132,50,2082,0.15151515151515152,0.1,0.9865513928914506,0.9785612196283945,0.013448607108549471,0.9,0.9657598499061913,0.5432756964457253,0.12048192771084337,0.1072961373390558,0.10610509462197933,0.5432756964457253,0.04317842048392311
0,dst_dempster,CWE-918,0,4,2106,22,2132,22,2110,0.0,0.0,0.9981042654028436,0.9896616541353384,0.0018957345971563982,1.0,0.9878048780487805,0.4990521327014218,,,-0.004427048670729505,0.4985781990521327,0.013386754830331084
0,dst_dempster,CWE-93,0,1,2092,39,2132,39,2093,0.0,0.0,0.9995222169135213,0.981698732989207,0.00047778308647873863,1.0,0.9812382739212008,0.49976110845676064,,,-0.002957031592473815,0.49976110845676064,0.01672154246729537
0,dst_dempster,CWE-939,0,2,2019,111,2132,111,2021,0.0,0.0,0.9990103908955963,0.9478873239436619,0.0009896091044037606,1.0,0.9469981238273921,0.49950519544779814,,,-0.0071813075884685496,0.49950519544779814,0.034036354286901785
0,dst_dempster,CWE-94,0,1,2047,84,2132,84,2048,0.0,0.0,0.99951171875,0.9605818864382919,0.00048828125,1.0,0.9601313320825516,0.499755859375,,,-0.0043871546317120836,0.5701729910714286,0.0962299655041886
0,dst_dempster,CWE-942,0,0,2054,78,2132,78,2054,,0.0,1.0,0.9634146341463414,0.0,1.0,0.9634146341463414,0.5,,,,0.5,0.031017938710480884
0,dst_dempster,CWE-95,1,3,2052,76,2132,77,2055,0.25,0.012987012987012988,0.9985401459854014,0.9642857142857143,0.00145985401459854,0.987012987012987,0.9629455909943715,0.5057635794862072,0.02469135802469136,0.016025641025641028,0.04970015587590053,0.6049009384775809,0.11407364810322837
0,dst_dempster,CWE-96,0,14,2042,76,2132,76,2056,0.0,0.0,0.9931906614785992,0.9641170915958451,0.006809338521400778,1.0,0.9577861163227017,0.4965953307392996,,,-0.01563134256730072,0.4965953307392996,0.03109408458686813
0,dst_dempster,CWE-99,4,45,2045,38,2132,42,2090,0.08163265306122448,0.09523809523809523,0.9784688995215312,0.9817570811329813,0.0215311004784689,0.9047619047619048,0.9610694183864915,0.5368534973798131,0.0879120879120879,0.09216589861751151,0.06835398164018268,0.5368534973798131,0.034478081591599596
0,dst_pcr6,CWE-113,0,1,2016,115,2132,115,2017,0.0,0.0,0.9995042141794744,0.9460347254809949,0.0004957858205255329,1.0,0.9455909943714822,0.4997521070897372,,,-0.00517254462593515,0.4997521070897372,0.04372047197254851
0,dst_pcr6,CWE-116,0,0,2110,22,2132,22,2110,,0.0,1.0,0.9896810506566605,0.0,1.0,0.9896810506566605,0.5,,,,0.5359543300301595,0.01871687673962822
0,dst_pcr6,CWE-117,0,1,2030,101,2132,101,2031,0.0,0.0,0.999507631708518,0.9526044110746129,0.0004923682914820286,1.0,0.9521575984990619,0.499753815854259,,,-0.004830743746358051,0.499753815854259,0.0351496547230052
0,dst_pcr6,CWE-1333,2,5,2093,32,2132,34,2098,0.2857142857142857,0.058823529411764705,0.9976167778836987,0.9849411764705882,0.0023832221163012394,0.9411764705882353,0.9826454033771107,0.5282201536477317,0.0975609756097561,0.06993006993006992,0.12359562070279828,0.5282201536477318,0.07979464559297911
0,dst_pcr6,CWE-185,0,0,2122,10,2132,10,2122,,0.0,1.0,0.9953095684803002,0.0,1.0,0.9953095684803002,0.5,,,,0.5,0.004806074161910317
0,dst_pcr6,CWE-20,0,15,1941,176,2132,176,1956,0.0,0.0,0.9923312883435583,0.9168634860651866,0.007668711656441718,1.0,0.9104127579737336,0.49616564417177916,,,-0.025249751552992215,0.48289790156162854,0.06924909388309584
0,dst_pcr6,CWE-200,5,2,1901,224,2132,229,1903,0.7142857142857143,0.021834061135371178,0.998949027850762,0.8945882352941177,0.0010509721492380452,0.9781659388646288,0.8939962476547842,0.5103915444930666,0.0423728813559322,0.027085590465872156,0.1124912506618003,0.5091065130442165,0.09005978612714016
0,dst_pcr6,CWE-208,14,75,1935,108,2132,122,2010,0.15730337078651685,0.11475409836065574,0.9626865671641791,0.947136563876652,0.03731343283582089,0.8852459016393442,0.9141651031894934,0.5387203327624174,0.13270142180094785,0.12131715771230502,0.0899327418001145,0.5387203327624174,0.05466111689270409
0,dst_pcr6,CWE-209,4,7,1997,124,2132,128,2004,0.36363636363636365,0.03125,0.9965069860279441,0.9415370108439416,0.003493013972055888,0.96875,0.9385553470919324,0.513878493013972,0.05755395683453238,0.03824091778202677,0.09203636830921995,0.513878493013972,0.05512632774258599
0,dst_pcr6,CWE-215,3,38,1982,109,2132,112,2020,0.07317073170731707,0.026785714285714284,0.9811881188118812,0.9478718316594931,0.01881188118811881,0.9732142857142857,0.9310506566604128,0.5039869165487977,0.0392156862745098,0.030674846625766868,0.01295337362359786,0.5039869165487978,0.037491518140996515
0,dst_pcr6,CWE-22,0,0,2046,86,2132,86,2046,,0.0,1.0,0.9596622889305816,0.0,1.0,0.9596622889305816,0.5,,,,0.6081776125849644,0.2171945464570707
0,dst_pcr6,CWE-23,17,32,2017,66,2132,83,2049,0.3469387755102041,0.20481927710843373,0.984382625671059,0.9683149303888622,0.015617374328940947,0.7951807228915663,0.9540337711069419,0.5946009513897463,0.25757575757575757,0.22309711286089237,0.24422653626170512,0.5946009513897464,0.16601677763826453
0,dst_pcr6,CWE-259,6,14,2006,106,2132,112,2020,0.3,0.05357142857142857,0.9930693069306931,0.9498106060606061,0.006930693069306931,0.9464285714285714,0.9437148217636022,0.5233203677510608,0.09090909090909091,0.0641025641025641,0.10794142116396946,0.5768078147100424,0.09353837616068032
0,dst_pcr6,CWE-276,6,3,2076,47,2132,53,2079,0.6666666666666666,0.11320754716981132,0.9985569985569985,0.9778615167216204,0.001443001443001443,0.8867924528301887,0.9765478424015009,0.555882272863405,0.1935483870967742,0.13574660633484162,0.26839411249973033,0.555882272863405,0.09600629885986914
0,dst_pcr6,CWE-284,0,1,1733,398,2132,398,1734,0.0,0.0,0.9994232987312572,0.8132332238385734,0.0005767012687427913,1.0,0.8128517823639775,0.4997116493656286,,,-0.01037827715814603,0.4997116493656286,0.11977755453504645
0,dst_pcr6,CWE-287,0,0,1920,212,2132,212,1920,,0.0,1.0,0.900562851782364,0.0,1.0,0.900562851782364,0.5,,,,0.5034148977987422,0.06749476368352633
0,dst_pcr6,CWE-295,0,1,2072,59,2132,59,2073,0.0,0.0,0.9995176073323685,0.9723134678554669,0.000482392667631452,1.0,0.9718574108818011,0.49975880366618425,,,-0.0036545560740896092,0.4992764109985528,0.023001307838222726
0,dst_pcr6,CWE-312,1,26,2070,35,2132,36,2096,0.037037037037037035,0.027777777777777776,0.9875954198473282,0.9833729216152018,0.012404580152671756,0.9722222222222222,0.9713883677298312,0.507686598812553,0.031746031746031744,0.02923976608187134,0.01771345047925761,0.507686598812553,0.012480827298530664
0,dst_pcr6,CWE-315,1,5,2099,27,2132,28,2104,0.16666666666666666,0.03571428571428571,0.9976235741444867,0.9873000940733773,0.002376425855513308,0.9642857142857143,0.9849906191369606,0.5166689299293862,0.058823529411764705,0.0423728813559322,0.07164441564044419,0.5166689299293862,0.020295189662628464
0,dst_pcr6,CWE-319,0,0,2061,71,2132,71,2061,,0.0,1.0,0.9666979362101313,0.0,1.0,0.9666979362101313,0.5,,,,0.5070490873430784,0.024404281336297504
0,dst_pcr6,CWE-321,6,18,1999,109,2132,115,2017,0.25,0.05217391304347826,0.9910758552305404,0.948292220113852,0.008924144769459593,0.9478260869565217,0.9404315196998124,0.5216248841370094,0.08633093525179857,0.06198347107438017,0.0926071950253586,0.5216248841370094,0.05673160762395237
0,dst_pcr6,CWE-326,1,0,2093,38,2132,39,2093,1.0,0.02564102564102564,1.0,0.9821679962458939,0.0,0.9743589743589743,0.9821763602251408,0.5128205128205128,0.05,0.03184713375796178,0.15869402879609473,0.537996006223431,0.07791277096423126
0,dst_pcr6,CWE-327,3,16,2074,39,2132,42,2090,0.15789473684210525,0.07142857142857142,0.9923444976076555,0.9815428300993848,0.007655502392344498,0.9285714285714286,0.974202626641651,0.5318865345181135,0.09836065573770492,0.08021390374331551,0.0942993191004217,0.7973741171109592,0.20702257948224986
0,dst_pcr6,CWE-328,5,28,2054,45,2132,50,2082,0.15151515151515152,0.1,0.9865513928914506,0.9785612196283945,0.013448607108549471,0.9,0.9657598499061913,0.5432756964457253,0.12048192771084337,0.1072961373390558,0.10610509462197933,0.5432756964457253,0.04317842048392311
0,dst_pcr6,CWE-330,24,32,2033,43,2132,67,2065,0.42857142857142855,0.3582089552238806,0.9845036319612591,0.9792870905587668,0.01549636803874092,0.6417910447761194,0.9648217636022514,0.6713562935925699,0.39024390243902435,0.37037037037037035,0.37386929306458033,0.6713562935925699,0.17711176780482837
0,dst_pcr6,CWE-347,0,0,2104,28,2132,28,2104,,0.0,1.0,0.9868667917448405,0.0,1.0,0.9868667917448405,0.5,,,,0.5,0.009012521252487997
0,dst_pcr6,CWE-352,0,0,2095,37,2132,37,2095,,0.0,1.0,0.9826454033771107,0.0,1.0,0.9826454033771107,0.5,,,,0.5,0.016645982997221757
0,dst_pcr6,CWE-359,4,23,1995,110,2132,114,2018,0.14814814814814814,0.03508771929824561,0.9886025768087215,0.9477434679334917,0.011397423191278493,0.9649122807017544,0.9376172607879925,0.5118451480534836,0.05673758865248227,0.041407867494824016,0.04766236229090684,0.5118451480534836,0.044153202626377695
0,dst_pcr6,CWE-377,0,0,2116,16,2132,16,2116,,0.0,1.0,0.9924953095684803,0.0,1.0,0.9924953095684803,0.5,,,,0.7134038279773157,0.0349545781298608
0,dst_pcr6,CWE-400,0,0,2055,77,2132,77,2055,,0.0,1.0,0.9638836772983115,0.0,1.0,0.9638836772983115,0.5,,,,0.5268145479824312,0.06946440452109537
0,dst_pcr6,CWE-477,0,232,1895,5,2132,5,2127,0.0,0.0,0.8909261871180065,0.9973684210526316,0.10907381288199341,1.0,0.8888367729831145,0.44546309355900326,,,-0.01694214713929307,0.44546309355900326,0.001738961934153076
0,dst_pcr6,CWE-497,1,10,1979,142,2132,143,1989,0.09090909090909091,0.006993006993006993,0.9949723479135244,0.933050447901933,0.005027652086475616,0.993006993006993,0.9287054409005628,0.5009826774532657,0.012987012987012986,0.008576329331046312,0.006862142315667527,0.5009826774532656,0.0438999317713496
0,dst_pcr6,CWE-502,2,0,2091,39,2132,41,2091,1.0,0.04878048780487805,1.0,0.9816901408450704,0.0,0.9512195121951219,0.9817073170731707,0.524390243902439,0.09302325581395349,0.060240963855421686,0.21883172517636004,0.6688945655597158,0.303004425409421
0,dst_pcr6,CWE-521,0,3,2064,65,2132,65,2067,0.0,0.0,0.9985486211901307,0.9694692343823391,0.001451378809869376,1.0,0.9681050656660413,0.49927431059506533,,,-0.006656703859010216,0.49927431059506533,0.02172811544614147
0,dst_pcr6,CWE-522,0,0,2041,91,2132,91,2041,,0.0,1.0,0.9573170731707317,0.0,1.0,0.9573170731707317,0.5,,,,0.5,0.028491821263304514
0,dst_pcr6,CWE-532,0,0,2002,130,2132,130,2002,,0.0,1.0,0.9390243902439024,0.0,1.0,0.9390243902439024,0.5,,,,0.5108967955121801,0.04797406645504806
0,dst_pcr6,CWE-601,1,1,2085,45,2132,46,2086,0.5,0.021739130434782608,0.9995206136145733,0.9788732394366197,0.00047938638542665386,0.9782608695652174,0.9784240150093808,0.510629872024678,0.041666666666666664,0.026881720430107524,0.10089956641387754,0.5188992871732877,0.053147548076158395
0,dst_pcr6,CWE-605,0,19,2102,11,2132,11,2121,0.0,0.0,0.991041961338991,0.9947941315664931,0.008958038661008957,1.0,0.9859287054409006,0.4955209806694955,,,-0.0068289362781827605,0.4955209806694955,0.003451119114275854
0,dst_pcr6,CWE-611,1,0,2114,17,2132,18,2114,1.0,0.05555555555555555,1.0,0.992022524636321,0.0,0.9444444444444444,0.9920262664165104,0.5277777777777778,0.10526315789473684,0.06849315068493152,0.23476022337652436,0.7423262903395353,0.19621313695925713
0,dst_pcr6,CWE-614,0,2,2059,71,2132,71,2061,0.0,0.0,0.9990295972828724,0.9666666666666667,0.0009704027171276079,1.0,0.9657598499061913,0.4995147986414362,,,-0.005687420965392568,0.5300824842309558,0.03782163040003345
0,dst_pcr6,CWE-643,7,8,2074,43,2132,50,2082,0.4666666666666667,0.14,0.9961575408261287,0.9796882380727444,0.0038424591738712775,0.86,0.976078799249531,0.5680787704130643,0.2153846153846154,0.16279069767441862,0.24652502137713966,0.5680787704130643,0.1034475837400162
0,dst_pcr6,CWE-668,0,1,1789,342,2132,342,1790,0.0,0.0,0.9994413407821229,0.8395119662130455,0.0005586592178770949,1.0,0.8391181988742964,0.49972067039106144,,,-0.009468797148215437,0.49972067039106144,0.10128399385366717
0,dst_pcr6,CWE-706,0,3,2023,106,2132,106,2026,0.0,0.0,0.9985192497532083,0.9502113668388915,0.0014807502467917078,1.0,0.948874296435272,0.49925962487660414,,,-0.008586299018828382,0.49925962487660414,0.0545472497016898
0,dst_pcr6,CWE-73,3,46,1962,121,2132,124,2008,0.061224489795918366,0.024193548387096774,0.9770916334661355,0.941910705712914,0.022908366533864542,0.9758064516129032,0.9216697936210131,0.5006425909266161,0.034682080924855495,0.027522935779816515,0.002007310731871535,0.5006425909266161,0.04592467244449719
0,dst_pcr6,CWE-732,7,0,2077,48,2132,55,2077,1.0,0.12727272727272726,1.0,0.9774117647058823,0.0,0.8727272727272727,0.9774859287054409,0.5636363636363636,0.22580645161290322,0.1541850220264317,0.35270080941580906,0.5636363636363636,0.1599853852539568
0,dst_pcr6,CWE-74,6,1,1788,337,2132,343,1789,0.8571428571428571,0.01749271137026239,0.9994410285075461,0.8414117647058823,0.0005589714924538849,0.9825072886297376,0.8414634146341463,0.5084668699389042,0.03428571428571429,0.021754894851341553,0.10876186030418677,0.5084668699389042,0.1872930074108867
0,dst_pcr6,CWE-770,0,0,2075,57,2132,57,2075,,0.0,1.0,0.973264540337711,0.0,1.0,0.973264540337711,0.5,,,,0.4995180722891566,0.04494246552279272
0,dst_pcr6,CWE-776,0,0,2095,37,2132,37,2095,,0.0,1.0,0.9826454033771107,0.0,1.0,0.9826454033771107,0.5,,,,0.49952267303102627,0.02898837025499813
0,dst_pcr6,CWE-78,1,0,2022,109,2132,110,2022,1.0,0.00909090909090909,1.0,0.9488503050211169,0.0,0.990909090909091,0.948874296435272,0.5045454545454545,0.018018018018018018,0.011337868480725625,0.09287578728510643,0.598893984353925,0.18006966853855136
0,dst_pcr6,CWE-79,0,0,2006,126,2132,126,2006,,0.0,1.0,0.9409005628517824,0.0,1.0,0.9409005628517824,0.5,,,,0.5587246197914194,0.0984893720930891
0,dst_pcr6,CWE-798,0,2,2014,116,2132,116,2016,0.0,0.0,0.9990079365079365,0.9455399061032864,0.000992063492063492,1.0,0.9446529080675422,0.49950396825396826,,,-0.00735036536025791,0.5254601122058019,0.05986714365348893
0,dst_pcr6,CWE-80,1,3,2006,122,2132,123,2009,0.25,0.008130081300813009,0.9985067197610752,0.9426691729323309,0.0014932802389248383,0.991869918699187,0.9413696060037523,0.5033184005309441,0.015748031496062995,0.010080645161290324,0.035759012451554203,0.5033184005309441,0.05282688625564226
0,dst_pcr6,CWE-827,0,3,2110,19,2132,19,2113,0.0,0.0,0.9985802176999526,0.9910756223579145,0.001419782300047326,1.0,0.9896810506566605,0.4992901088499763,,,-0.003559588939073031,0.4992901088499763,0.005451271879378384
0,dst_pcr6,CWE-829,0,8,2101,23,2132,23,2109,0.0,0.0,0.9962067330488383,0.9891713747645952,0.003793266951161688,1.0,0.9854596622889306,0.49810336652441917,,,-0.006409045656880347,0.49810336652441917,0.006346484798345829
0,dst_pcr6,CWE-88,1,10,2056,65,2132,66,2066,0.09090909090909091,0.015151515151515152,0.995159728944821,0.9693540782649693,0.00484027105517909,0.9848484848484849,0.9648217636022514,0.5051556220481681,0.025974025974025976,0.018181818181818184,0.024927660286768395,0.505155622048168,0.03606590934380958
0,dst_pcr6,CWE-89,7,23,2001,101,2132,108,2024,0.23333333333333334,0.06481481481481481,0.9886363636363636,0.9519505233111323,0.011363636363636364,0.9351851851851852,0.9418386491557224,0.5267255892255892,0.10144927536231883,0.07575757575757576,0.09951703615776496,0.7700396171863563,0.31702341905282977
0,dst_pcr6,CWE-90,0,0,2092,40,2132,40,2092,,0.0,1.0,0.9812382739212008,0.0,1.0,0.9812382739212008,0.5,,,,0.5,0.014951630478639446
0,dst_pcr6,CWE-916,5,28,2054,45,2132,50,2082,0.15151515151515152,0.1,0.9865513928914506,0.9785612196283945,0.013448607108549471,0.9,0.9657598499061913,0.5432756964457253,0.12048192771084337,0.1072961373390558,0.10610509462197933,0.5432756964457253,0.04317842048392311
0,dst_pcr6,CWE-918,0,4,2106,22,2132,22,2110,0.0,0.0,0.9981042654028436,0.9896616541353384,0.0018957345971563982,1.0,0.9878048780487805,0.4990521327014218,,,-0.004427048670729505,0.4985781990521327,0.013386754830331084
0,dst_pcr6,CWE-93,0,1,2092,39,2132,39,2093,0.0,0.0,0.9995222169135213,0.981698732989207,0.00047778308647873863,1.0,0.9812382739212008,0.49976110845676064,,,-0.002957031592473815,0.49976110845676064,0.01672154246729537
0,dst_pcr6,CWE-939,0,2,2019,111,2132,111,2021,0.0,0.0,0.9990103908955963,0.9478873239436619,0.0009896091044037606,1.0,0.9469981238273921,0.49950519544779814,,,-0.0071813075884685496,0.49950519544779814,0.034036354286901785
0,dst_pcr6,CWE-94,0,1,2047,84,2132,84,2048,0.0,0.0,0.99951171875,0.9605818864382919,0.00048828125,1.0,0.9601313320825516,0.499755859375,,,-0.0043871546317120836,0.5701788039434523,0.09689134116556425
0,dst_pcr6,CWE-942,0,0,2054,78,2132,78,2054,,0.0,1.0,0.9634146341463414,0.0,1.0,0.9634146341463414,0.5,,,,0.5,0.031017938710480884
0,dst_pcr6,CWE-95,1,3,2052,76,2132,77,2055,0.25,0.012987012987012988,0.9985401459854014,0.9642857142857143,0.00145985401459854,0.987012987012987,0.9629455909943715,0.5057635794862072,0.02469135802469136,0.016025641025641028,0.04970015587590053,0.6049009384775809,0.11407364810322837
0,dst_pcr6,CWE-96,0,14,2042,76,2132,76,2056,0.0,0.0,0.9931906614785992,0.9641170915958451,0.006809338521400778,1.0,0.9577861163227017,0.4965953307392996,,,-0.01563134256730072,0.4965953307392996,0.03109408458686813
0,dst_pcr6,CWE-99,4,45,2045,38,2132,42,2090,0.08163265306122448,0.09523809523809523,0.9784688995215312,0.9817570811329813,0.0215311004784689,0.9047619047619048,0.9610694183864915,0.5368534973798131,0.0879120879120879,0.09216589861751151,0.06835398164018268,0.5368534973798131,0.034478081591599596
0,logistic_regression,CWE-113,0,1,2016,115,2132,115,2017,0.0,0.0,0.9995042141794744,0.9460347254809949,0.0004957858205255329,1.0,0.9455909943714822,0.4997521070897372,,,-0.00517254462593515,0.4997521070897372,0.04372047197254851
0,logistic_regression,CWE-116,2,31,2079,20,2132,22,2110,0.06060606060606061,0.09090909090909091,0.9853080568720379,0.9904716531681753,0.014691943127962086,0.9090909090909091,0.976078799249531,0.5381085738905644,0.07272727272727272,0.08264462809917354,0.062393891199805276,0.5402628177509694,0.018777704883035966
0,logistic_regression,CWE-117,0,1,2030,101,2132,101,2031,0.0,0.0,0.999507631708518,0.9526044110746129,0.0004923682914820286,1.0,0.9521575984990619,0.499753815854259,,,-0.004830743746358051,0.499753815854259,0.0351496547230052
0,logistic_regression,CWE-1333,2,5,2093,32,2132,34,2098,0.2857142857142857,0.058823529411764705,0.9976167778836987,0.9849411764705882,0.0023832221163012394,0.9411764705882353,0.9826454033771107,0.5282201536477317,0.0975609756097561,0.06993006993006992,0.12359562070279828,0.5282201536477318,0.07979464559297911
0,logistic_regression,CWE-185,10,2122,0,0,2132,10,2122,0.004690431519699813,1.0,0.0,,1.0,0.0,0.004690431519699813,0.5,0.009337068160597574,0.02302025782688766,,0.5,0.004806074161910317
0,logistic_regression,CWE-20,164,1654,302,12,2132,176,1956,0.09020902090209021,0.9318181818181818,0.15439672801635992,0.9617834394904459,0.84560327198364,0.06818181818181818,0.21857410881801126,0.5431074549172709,0.16449348044132397,0.3251387787470261,0.06695166379425144,0.5611971904629113,0.08484140255409096
0,logistic_regression,CWE-200,5,3,1900,224,2132,229,1903,0.625,0.021834061135371178,0.9984235417761429,0.8945386064030132,0.0015764582238570678,0.9781659388646288,0.8935272045028143,0.510128801455757,0.04219409282700421,0.027056277056277053,0.10258950621634585,0.5111510898672975,0.08540376590036713
0,logistic_regression,CWE-208,14,75,1935,108,2132,122,2010,0.15730337078651685,0.11475409836065574,0.9626865671641791,0.947136563876652,0.03731343283582089,0.8852459016393442,0.9141651031894934,0.5387203327624174,0.13270142180094785,0.12131715771230502,0.0899327418001145,0.5387203327624174,0.05466111689270409
0,logistic_regression,CWE-209,4,7,1997,124,2132,128,2004,0.36363636363636365,0.03125,0.9965069860279441,0.9415370108439416,0.003493013972055888,0.96875,0.9385553470919324,0.513878493013972,0.05755395683453238,0.03824091778202677,0.09203636830921995,0.513878493013972,0.05512632774258599
0,logistic_regression,CWE-215,109,1982,38,3,2132,112,2020,0.05212816834050694,0.9732142857142857,0.01881188118811881,0.926829268292683,0.9811881188118812,0.026785714285714284,0.06894934333958724,0.49601308345120226,0.09895596913300046,0.21465143757384797,-0.01295337362359786,0.49601308345120226,0.03660095289800548
0,logistic_regression,CWE-22,20,35,2011,66,2132,86,2046,0.36363636363636365,0.23255813953488372,0.9828934506353861,0.9682233991333654,0.01710654936461388,0.7674418604651163,0.952626641651032,0.6077257950851349,0.28368794326241137,0.2506265664160401,0.267394303608485,0.6080753142831162,0.21573947206331448
0,logistic_regression,CWE-23,17,32,2017,66,2132,83,2049,0.3469387755102041,0.20481927710843373,0.984382625671059,0.9683149303888622,0.015617374328940947,0.7951807228915663,0.9540337711069419,0.5946009513897463,0.25757575757575757,0.22309711286089237,0.24422653626170512,0.5946009513897464,0.16601677763826453
0,logistic_regression,CWE-259,22,104,1916,90,2132,112,2020,0.1746031746031746,0.19642857142857142,0.9485148514851485,0.9551345962113659,0.05148514851485148,0.8035714285714286,0.9090056285178236,0.5724717114568599,0.1848739495798319,0.1916376306620209,0.1371299988443638,0.5768078147100424,0.09353837616068032
0,logistic_regression,CWE-276,6,3,2076,47,2132,53,2079,0.6666666666666666,0.11320754716981132,0.9985569985569985,0.9778615167216204,0.001443001443001443,0.8867924528301887,0.9765478424015009,0.555882272863405,0.1935483870967742,0.13574660633484162,0.26839411249973033,0.555882272863405,0.09600629885986914
0,logistic_regression,CWE-284,398,1734,0,0,2132,398,1734,0.18667917448405252,1.0,0.0,,1.0,0.0,0.18667917448405252,0.5,0.3146245059288537,0.5343716433941998,,0.5,0.11984799958829666
0,logistic_regression,CWE-287,2,5,1915,210,2132,212,1920,0.2857142857142857,0.009433962264150943,0.9973958333333334,0.9011764705882352,0.0026041666666666665,0.9905660377358491,0.899155722326454,0.5034148977987422,0.0182648401826484,0.011695906432748536,0.035727099862785744,0.5034148977987422,0.06749476368352633
0,logistic_regression,CWE-295,0,3,2070,59,2132,59,2073,0.0,0.0,0.9985528219971056,0.9722874589008924,0.001447178002894356,1.0,0.9709193245778611,0.4992764109985528,,,-0.006332849270504885,0.4992764109985528,0.023001307838222726
0,logistic_regression,CWE-312,35,2070,26,1,2132,36,2096,0.0166270783847981,0.9722222222222222,0.012404580152671756,0.9629629629629629,0.9875954198473282,0.027777777777777776,0.028611632270168854,0.492313401187447,0.03269500233535731,0.07781236104935528,-0.01771345047925761,0.492313401187447,0.010516501526573586
0,logistic_regression,CWE-315,27,2099,5,1,2132,28,2104,0.012699905926622766,0.9642857142857143,0.002376425855513308,0.8333333333333334,0.9976235741444867,0.03571428571428571,0.0150093808630394,0.4833310700706138,0.025069637883008356,0.06032171581769437,-0.07164441564044419,0.4833310700706138,0.008267161562834033
0,logistic_regression,CWE-319,2,29,2032,69,2132,71,2061,0.06451612903225806,0.028169014084507043,0.9859291606016497,0.9671584959543075,0.014070839398350316,0.971830985915493,0.9540337711069419,0.5070490873430784,0.0392156862745098,0.031746031746031744,0.021131833715489663,0.5070490873430784,0.024404281336297504
0,logistic_regression,CWE-321,6,18,1999,109,2132,115,2017,0.25,0.05217391304347826,0.9910758552305404,0.948292220113852,0.008924144769459593,0.9478260869565217,0.9404315196998124,0.5216248841370094,0.08633093525179857,0.06198347107438017,0.0926071950253586,0.5216248841370094,0.05673160762395237
0,logistic_regression,CWE-326,3,2,2091,36,2132,39,2093,0.6,0.07692307692307693,0.9990444338270426,0.9830747531734838,0.0009555661729574773,0.9230769230769231,0.9821763602251408,0.5379837553750597,0.13636363636363635,0.09316770186335403,0.21046315017083125,0.537996006223431,0.07791277096423126
0,logistic_regression,CWE-327,26,53,2037,16,2132,42,2090,0.3291139240506329,0.6190476190476191,0.9746411483253589,0.9922065270336093,0.025358851674641147,0.38095238095238093,0.9676360225140713,0.7968443836864889,0.4297520661157025,0.5263157894736843,0.4367657753715749,0.7976475279106858,0.19756028112766685
0,logistic_regression,CWE-328,5,28,2054,45,2132,50,2082,0.15151515151515152,0.1,0.9865513928914506,0.9785612196283945,0.013448607108549471,0.9,0.9657598499061913,0.5432756964457253,0.12048192771084337,0.1072961373390558,0.10610509462197933,0.5432756964457253,0.04317842048392311
0,logistic_regression,CWE-330,24,32,2033,43,2132,67,2065,0.42857142857142855,0.3582089552238806,0.9845036319612591,0.9792870905587668,0.01549636803874092,0.6417910447761194,0.9648217636022514,0.6713562935925699,0.39024390243902435,0.37037037037037035,0.37386929306458033,0.6713562935925699,0.17711176780482837
0,logistic_regression,CWE-347,0,0,2104,28,2132,28,2104,,0.0,1.0,0.9868667917448405,0.0,1.0,0.9868667917448405,0.5,,,,0.5,0.009012521252487997
0,logistic_regression,CWE-352,37,2095,0,0,2132,37,2095,0.017354596622889306,1.0,0.0,,1.0,0.0,0.017354596622889306,0.5,0.03411710465652374,0.08114035087719298,,0.5,0.016645982997221757
0,logistic_regression,CWE-359,4,23,1995,110,2132,114,2018,0.14814814814814814,0.03508771929824561,0.9886025768087215,0.9477434679334917,0.011397423191278493,0.9649122807017544,0.9376172607879925,0.5118451480534836,0.05673758865248227,0.041407867494824016,0.04766236229090684,0.5118451480534836,0.044153202626377695
0,logistic_regression,CWE-377,8,162,1954,8,2132,16,2116,0.047058823529411764,0.5,0.9234404536862004,0.9959225280326198,0.07655954631379962,0.5,0.9202626641651032,0.7117202268431002,0.08602150537634408,0.17094017094017094,0.13490753502111258,0.7134038279773157,0.0349545781298608
0,logistic_regression,CWE-400,7,78,1977,70,2132,77,2055,0.08235294117647059,0.09090909090909091,0.962043795620438,0.9658036150464093,0.03795620437956204,0.9090909090909091,0.9305816135084428,0.5264764432647644,0.08641975308641975,0.089058524173028,0.05049780844079316,0.5268145479824312,0.06946440452109537
0,logistic_regression,CWE-477,5,1895,232,0,2132,5,2127,0.002631578947368421,1.0,0.10907381288199341,1.0,0.8909261871180065,0.0,0.11116322701688555,0.5545369064409967,0.005249343832020998,0.013020833333333332,0.01694214713929307,0.5545369064409967,0.0020177202175727066
0,logistic_regression,CWE-497,142,1979,10,1,2132,143,1989,0.06694955209806695,0.993006993006993,0.005027652086475616,0.9090909090909091,0.9949723479135244,0.006993006993006993,0.07129455909943715,0.4990173225467343,0.12544169611307424,0.26364649090233944,-0.006862142315667527,0.4990173225467343,0.04341666229795852
0,logistic_regression,CWE-502,14,9,2082,27,2132,41,2091,0.6086956521739131,0.34146341463414637,0.9956958393113343,0.9871977240398293,0.00430416068866571,0.6585365853658537,0.9831144465290806,0.6685796269727403,0.4375,0.3743315508021391,0.44823092949424964,0.6688595723833852,0.3007188623742906
0,logistic_regression,CWE-521,0,3,2064,65,2132,65,2067,0.0,0.0,0.9985486211901307,0.9694692343823391,0.001451378809869376,1.0,0.9681050656660413,0.49927431059506533,,,-0.006656703859010216,0.49927431059506533,0.02172811544614147
0,logistic_regression,CWE-522,0,0,2041,91,2132,91,2041,,0.0,1.0,0.9573170731707317,0.0,1.0,0.9573170731707317,0.5,,,,0.5,0.028491821263304514
0,logistic_regression,CWE-532,4,17,1985,126,2132,130,2002,0.19047619047619047,0.03076923076923077,0.9915084915084915,0.9403126480341071,0.008491508491508492,0.9692307692307692,0.9329268292682927,0.5111388611388612,0.052980132450331126,0.036968576709796676,0.05397849035827398,0.5113809267655421,0.048098541370143015
0,logistic_regression,CWE-601,2,12,2074,44,2132,46,2086,0.14285714285714285,0.043478260869565216,0.9942473633748802,0.9792256846081209,0.005752636625119847,0.9565217391304348,0.9737335834896811,0.5188628121222227,0.06666666666666667,0.050505050505050504,0.0678649458531722,0.5189305515027721,0.055563007013356466
0,logistic_regression,CWE-605,0,19,2102,11,2132,11,2121,0.0,0.0,0.991041961338991,0.9947941315664931,0.008958038661008957,1.0,0.9859287054409006,0.4955209806694955,,,-0.0068289362781827605,0.4955209806694955,0.003451119114275854
0,logistic_regression,CWE-611,9,36,2078,9,2132,18,2114,0.2,0.5,0.9829706717123936,0.9956875898418783,0.017029328287606435,0.5,0.9788930581613509,0.7414853358561968,0.28571428571428575,0.3846153846153846,0.3074270103808566,0.7415904551666141,0.14327437138541654
0,logistic_regression,CWE-614,5,21,2040,66,2132,71,2061,0.19230769230769232,0.07042253521126761,0.9898107714701602,0.9686609686609686,0.010189228529839884,0.9295774647887324,0.9591932457786116,0.5301166533407139,0.10309278350515465,0.08064516129032258,0.09846661729857546,0.5300824842309558,0.03782163040003345
0,logistic_regression,CWE-643,7,8,2074,43,2132,50,2082,0.4666666666666667,0.14,0.9961575408261287,0.9796882380727444,0.0038424591738712775,0.86,0.976078799249531,0.5680787704130643,0.2153846153846154,0.16279069767441862,0.24652502137713966,0.5680787704130643,0.1034475837400162
0,logistic_regression,CWE-668,342,1790,0,0,2132,342,1790,0.16041275797373358,1.0,0.0,,1.0,0.0,0.16041275797373358,0.5,0.2764753435731609,0.4885714285714286,,0.49972067039106144,0.10128399385366717
0,logistic_regression,CWE-706,106,2023,3,0,2132,106,2026,0.0497886331611085,1.0,0.0014807502467917078,1.0,0.9985192497532083,0.0,0.05112570356472795,0.5007403751233959,0.0948545861297539,0.20759890325107716,0.008586299018828382,0.5007403751233959,0.05501568066770899
0,logistic_regression,CWE-73,121,1962,46,3,2132,124,2008,0.05808929428708593,0.9758064516129032,0.022908366533864542,0.9387755102040817,0.9770916334661355,0.024193548387096774,0.07833020637898687,0.4993574090733839,0.10965111010421386,0.234587049243893,-0.002007310731871535,0.4993574090733839,0.045411143795950175
0,logistic_regression,CWE-732,7,0,2077,48,2132,55,2077,1.0,0.12727272727272726,1.0,0.9774117647058823,0.0,0.8727272727272727,0.9774859287054409,0.5636363636363636,0.22580645161290322,0.1541850220264317,0.35270080941580906,0.5636363636363636,0.1599853852539568
0,logistic_regression,CWE-74,6,1,1788,337,2132,343,1789,0.8571428571428571,0.01749271137026239,0.9994410285075461,0.8414117647058823,0.0005589714924538849,0.9825072886297376,0.8414634146341463,0.5084668699389042,0.03428571428571429,0.021754894851341553,0.10876186030418677,0.5084668699389042,0.1872930074108867
0,logistic_regression,CWE-770,57,2075,0,0,2132,57,2075,0.02673545966228893,1.0,0.0,,1.0,0.0,0.02673545966228893,0.5,0.052078574691640026,0.12076271186440679,,0.5,0.045435648820465364
0,logistic_regression,CWE-776,0,2,2093,37,2132,37,2095,0.0,0.0,0.9990453460620525,0.9826291079812206,0.0009546539379474941,1.0,0.9817073170731707,0.49952267303102627,,,-0.0040722463667352445,0.49952267303102627,0.02898837025499813
0,logistic_regression,CWE-78,32,210,1812,78,2132,110,2022,0.1322314049586777,0.2909090909090909,0.8961424332344213,0.9587301587301588,0.10385756676557864,0.7090909090909091,0.8649155722326454,0.5935257620717561,0.1818181818181818,0.2346041055718475,0.1304396378654664,0.5985702724575128,0.1659452684378979
0,logistic_regression,CWE-79,18,52,1954,108,2132,126,2006,0.2571428571428571,0.14285714285714285,0.9740777666999003,0.9476236663433559,0.0259222333000997,0.8571428571428571,0.924953095684803,0.5584674547785216,0.1836734693877551,0.15679442508710803,0.15473963585381245,0.558985741189131,0.10066181339145369
0,logistic_regression,CWE-798,7,15,2001,109,2132,116,2016,0.3181818181818182,0.0603448275862069,0.9925595238095238,0.9483412322274881,0.00744047619047619,0.9396551724137931,0.9418386491557224,0.5264521756978654,0.10144927536231883,0.0720164609053498,0.11874438561008259,0.5273843732895457,0.07113522036273753
0,logistic_regression,CWE-80,1,3,2006,122,2132,123,2009,0.25,0.008130081300813009,0.9985067197610752,0.9426691729323309,0.0014932802389248383,0.991869918699187,0.9413696060037523,0.5033184005309441,0.015748031496062995,0.010080645161290324,0.035759012451554203,0.5033184005309441,0.05282688625564226
0,logistic_regression,CWE-827,19,2110,3,0,2132,19,2113,0.008924377642085486,1.0,0.001419782300047326,1.0,0.9985802176999526,0.0,0.010318949343339587,0.5007098911500236,0.017690875232774673,0.04308390022675737,0.003559588939073031,0.5007098911500236,0.005460341174756825
0,logistic_regression,CWE-829,23,2101,8,0,2132,23,2109,0.010828625235404897,1.0,0.003793266951161688,1.0,0.9962067330488383,0.0,0.014540337711069419,0.5018966334755809,0.021425244527247325,0.05189530685920578,0.006409045656880347,0.5018966334755809,0.006373868727089594
0,logistic_regression,CWE-88,65,2056,10,1,2132,66,2066,0.030645921735030647,0.9848484848484849,0.00484027105517909,0.9090909090909091,0.995159728944821,0.015151515151515152,0.03517823639774859,0.49484437795183195,0.059442158207590315,0.13626834381551362,-0.024927660286768395,0.49484437795183195,0.027755575574634254
0,logistic_regression,CWE-89,61,43,1981,47,2132,108,2024,0.5865384615384616,0.5648148148148148,0.9787549407114624,0.9768244575936884,0.021245059288537548,0.4351851851851852,0.9577861163227017,0.7717848777631386,0.5754716981132075,0.5690298507462687,0.5533778494168633,0.77538290513834,0.5167879494947063
0,logistic_regression,CWE-90,0,0,2092,40,2132,40,2092,,0.0,1.0,0.9812382739212008,0.0,1.0,0.9812382739212008,0.5,,,,0.5,0.014951630478639446
0,logistic_regression,CWE-916,5,28,2054,45,2132,50,2082,0.15151515151515152,0.1,0.9865513928914506,0.9785612196283945,0.013448607108549471,0.9,0.9657598499061913,0.5432756964457253,0.12048192771084337,0.1072961373390558,0.10610509462197933,0.5432756964457253,0.04317842048392311
0,logistic_regression,CWE-918,0,6,2104,22,2132,22,2110,0.0,0.0,0.9971563981042654,0.9896519285042333,0.002843601895734597,1.0,0.9868667917448405,0.4985781990521327,,,-0.005424554887044589,0.4985781990521327,0.013386754830331084
0,logistic_regression,CWE-93,39,2092,1,0,2132,39,2093,0.018301267010793053,1.0,0.00047778308647873863,1.0,0.9995222169135213,0.0,0.01876172607879925,0.5002388915432394,0.03594470046082949,0.08526453869698294,0.002957031592473815,0.5002388915432394,0.016745931697743514
0,logistic_regression,CWE-939,111,2019,2,0,2132,111,2021,0.05211267605633803,1.0,0.0009896091044037606,1.0,0.9990103908955963,0.0,0.05300187617260788,0.5004948045522019,0.09906291834002678,0.21561771561771562,0.0071813075884685496,0.5004948045522019,0.03418015999403198
0,logistic_regression,CWE-94,15,84,1964,69,2132,84,2048,0.15151515151515152,0.17857142857142858,0.958984375,0.9660600098376783,0.041015625,0.8214285714285714,0.9282363977485929,0.5687779017857143,0.16393442622950818,0.17241379310344826,0.1271736835981756,0.5701032366071429,0.09371772596054354
0,logistic_regression,CWE-942,78,2054,0,0,2132,78,2054,0.036585365853658534,1.0,0.0,,1.0,0.0,0.036585365853658534,0.5,0.07058823529411765,0.1595744680851064,,0.5,0.031017938710480884
0,logistic_regression,CWE-95,18,51,2004,59,2132,77,2055,0.2608695652173913,0.23376623376623376,0.9751824817518249,0.9714008725157538,0.024817518248175182,0.7662337662337663,0.948405253283302,0.6044743577590294,0.2465753424657534,0.23872679045092837,0.2203011793367386,0.6049641356210699,0.11541875747743731
0,logistic_regression,CWE-96,0,14,2042,76,2132,76,2056,0.0,0.0,0.9931906614785992,0.9641170915958451,0.006809338521400778,1.0,0.9577861163227017,0.4965953307392996,,,-0.01563134256730072,0.4965953307392996,0.03109408458686813
0,logistic_regression,CWE-99,38,2045,45,4,2132,42,2090,0.018242918867018725,0.9047619047619048,0.0215311004784689,0.9183673469387755,0.9784688995215312,0.09523809523809523,0.038930581613508444,0.46314650262018686,0.03576470588235295,0.0844069302532208,-0.06835398164018268,0.4631465026201868,0.014654250089925422
0,naive_bayes,CWE-113,0,0,2017,115,2132,115,2017,,0.0,1.0,0.9460600375234521,0.0,1.0,0.9460600375234521,0.5,,,,0.4997521070897372,0.04372047197254851
0,naive_bayes,CWE-116,0,0,2110,22,2132,22,2110,,0.0,1.0,0.9896810506566605,0.0,1.0,0.9896810506566605,0.5,,,,0.5402628177509694,0.018777704883035966
0,naive_bayes,CWE-117,0,0,2031,101,2132,101,2031,,0.0,1.0,0.952626641651032,0.0,1.0,0.952626641651032,0.5,,,,0.499753815854259,0.0351496547230052
0,naive_bayes,CWE-1333,0,0,2098,34,2132,34,2098,,0.0,1.0,0.9840525328330206,0.0,1.0,0.9840525328330206,0.5,,,,0.5282201536477318,0.07979464559297911
0,naive_bayes,CWE-185,0,0,2122,10,2132,10,2122,,0.0,1.0,0.9953095684803002,0.0,1.0,0.9953095684803002,0.5,,,,0.5,0.004806074161910317
0,naive_bayes,CWE-20,0,0,1956,176,2132,176,1956,,0.0,1.0,0.9174484052532833,0.0,1.0,0.9174484052532833,0.5,,,,0.5611971904629113,0.08484140255409096
0,naive_bayes,CWE-200,5,3,1900,224,2132,229,1903,0.625,0.021834061135371178,0.9984235417761429,0.8945386064030132,0.0015764582238570678,0.9781659388646288,0.8935272045028143,0.510128801455757,0.04219409282700421,0.027056277056277053,0.10258950621634585,0.5091065130442165,0.09005978612714016
0,naive_bayes,CWE-208,0,0,2010,122,2132,122,2010,,0.0,1.0,0.9427767354596623,0.0,1.0,0.9427767354596623,0.5,,,,0.5387203327624174,0.05466111689270409
0,naive_bayes,CWE-209,0,0,2004,128,2132,128,2004,,0.0,1.0,0.9399624765478424,0.0,1.0,0.9399624765478424,0.5,,,,0.513878493013972,0.05512632774258599
0,naive_bayes,CWE-215,0,0,2020,112,2132,112,2020,,0.0,1.0,0.9474671669793621,0.0,1.0,0.9474671669793621,0.5,,,,0.49601308345120226,0.03660095289800548
0,naive_bayes,CWE-22,5,2,2044,81,2132,86,2046,0.7142857142857143,0.05813953488372093,0.9990224828934506,0.9618823529411765,0.0009775171065493646,0.9418604651162791,0.9610694183864915,0.5285810088885858,0.10752688172043011,0.07122507122507123,0.19659890915053235,0.6080753142831162,0.21573947206331448
0,naive_bayes,CWE-23,0,0,2049,83,2132,83,2049,,0.0,1.0,0.9610694183864915,0.0,1.0,0.9610694183864915,0.5,,,,0.5946009513897464,0.16601677763826453
0,naive_bayes,CWE-259,0,0,2020,112,2132,112,2020,,0.0,1.0,0.9474671669793621,0.0,1.0,0.9474671669793621,0.5,,,,0.5768078147100424,0.09353837616068032
0,naive_bayes,CWE-276,6,3,2076,47,2132,53,2079,0.6666666666666666,0.11320754716981132,0.9985569985569985,0.9778615167216204,0.001443001443001443,0.8867924528301887,0.9765478424015009,0.555882272863405,0.1935483870967742,0.13574660633484162,0.26839411249973033,0.555882272863405,0.09600629885986914
0,naive_bayes,CWE-284,0,0,1734,398,2132,398,1734,,0.0,1.0,0.8133208255159474,0.0,1.0,0.8133208255159474,0.5,,,,0.5,0.11984799958829666
0,naive_bayes,CWE-287,0,0,1920,212,2132,212,1920,,0.0,1.0,0.900562851782364,0.0,1.0,0.900562851782364,0.5,,,,0.5034148977987422,0.06749476368352633
0,naive_bayes,CWE-295,0,2,2071,59,2132,59,2073,0.0,0.0,0.9990352146647371,0.9723004694835681,0.000964785335262904,1.0,0.9713883677298312,0.49951760733236855,,,-0.0051695358433732535,0.4992764109985528,0.023001307838222726
0,naive_bayes,CWE-312,0,0,2096,36,2132,36,2096,,0.0,1.0,0.9831144465290806,0.0,1.0,0.9831144465290806,0.5,,,,0.492313401187447,0.010516501526573586
0,naive_bayes,CWE-315,0,0,2104,28,2132,28,2104,,0.0,1.0,0.9868667917448405,0.0,1.0,0.9868667917448405,0.5,,,,0.4833310700706138,0.008267161562834033
0,naive_bayes,CWE-319,0,0,2061,71,2132,71,2061,,0.0,1.0,0.9666979362101313,0.0,1.0,0.9666979362101313,0.5,,,,0.5070490873430784,0.024404281336297504
0,naive_bayes,CWE-321,0,0,2017,115,2132,115,2017,,0.0,1.0,0.9460600375234521,0.0,1.0,0.9460600375234521,0.5,,,,0.5216248841370094,0.05673160762395237
0,naive_bayes,CWE-326,1,0,2093,38,2132,39,2093,1.0,0.02564102564102564,1.0,0.9821679962458939,0.0,0.9743589743589743,0.9821763602251408,0.5128205128205128,0.05,0.03184713375796178,0.15869402879609473,0.537996006223431,0.07791277096423126
0,naive_bayes,CWE-327,20,28,2062,22,2132,42,2090,0.4166666666666667,0.47619047619047616,0.9866028708133971,0.989443378119002,0.013397129186602871,0.5238095238095238,0.9765478424015009,0.7313966735019366,0.4444444444444445,0.46296296296296297,0.43352627011318756,0.7973741171109592,0.20702257948224986
0,naive_bayes,CWE-328,0,0,2082,50,2132,50,2082,,0.0,1.0,0.9765478424015009,0.0,1.0,0.9765478424015009,0.5,,,,0.5432756964457253,0.04317842048392311
0,naive_bayes,CWE-330,0,0,2065,67,2132,67,2065,,0.0,1.0,0.9685741088180112,0.0,1.0,0.9685741088180112,0.5,,,,0.6713562935925699,0.17711176780482837
0,naive_bayes,CWE-347,0,0,2104,28,2132,28,2104,,0.0,1.0,0.9868667917448405,0.0,1.0,0.9868667917448405,0.5,,,,0.5,0.009012521252487997
0,naive_bayes,CWE-352,0,0,2095,37,2132,37,2095,,0.0,1.0,0.9826454033771107,0.0,1.0,0.9826454033771107,0.5,,,,0.5,0.016645982997221757
0,naive_bayes,CWE-359,0,0,2018,114,2132,114,2018,,0.0,1.0,0.9465290806754222,0.0,1.0,0.9465290806754222,0.5,,,,0.5118451480534836,0.044153202626377695
0,naive_bayes,CWE-377,1,14,2102,15,2132,16,2116,0.06666666666666667,0.0625,0.9933837429111532,0.992914501653283,0.006616257088846881,0.9375,0.9863977485928705,0.5279418714555766,0.06451612903225808,0.06329113924050632,0.05770284822032796,0.7134038279773157,0.0349545781298608
0,naive_bayes,CWE-400,0,0,2055,77,2132,77,2055,,0.0,1.0,0.9638836772983115,0.0,1.0,0.9638836772983115,0.5,,,,0.5268145479824312,0.06946440452109537
0,naive_bayes,CWE-477,0,0,2127,5,2132,5,2127,,0.0,1.0,0.9976547842401501,0.0,1.0,0.9976547842401501,0.5,,,,0.5545369064409967,0.0020177202175727066
0,naive_bayes,CWE-497,0,0,1989,143,2132,143,1989,,0.0,1.0,0.9329268292682927,0.0,1.0,0.9329268292682927,0.5,,,,0.4990173225467343,0.04341666229795852
0,naive_bayes,CWE-502,12,6,2085,29,2132,41,2091,0.6666666666666666,0.2926829268292683,0.9971305595408895,0.9862819299905392,0.0028694404591104736,0.7073170731707317,0.9835834896810507,0.6449067431850789,0.4067796610169492,0.32967032967032966,0.43500955072012715,0.6688945655597158,0.303004425409421
0,naive_bayes,CWE-521,0,0,2067,65,2132,65,2067,,0.0,1.0,0.9695121951219512,0.0,1.0,0.9695121951219512,0.5,,,,0.49927431059506533,0.02172811544614147
0,naive_bayes,CWE-522,0,0,2041,91,2132,91,2041,,0.0,1.0,0.9573170731707317,0.0,1.0,0.9573170731707317,0.5,,,,0.5,0.028491821263304514
0,naive_bayes,CWE-532,0,0,2002,130,2132,130,2002,,0.0,1.0,0.9390243902439024,0.0,1.0,0.9390243902439024,0.5,,,,0.5113809267655421,0.048098541370143015
0,naive_bayes,CWE-601,1,1,2085,45,2132,46,2086,0.5,0.021739130434782608,0.9995206136145733,0.9788732394366197,0.00047938638542665386,0.9782608695652174,0.9784240150093808,0.510629872024678,0.041666666666666664,0.026881720430107524,0.10089956641387754,0.5188992871732877,0.053147548076158395
0,naive_bayes,CWE-605,0,0,2121,11,2132,11,2121,,0.0,1.0,0.9948405253283302,0.0,1.0,0.9948405253283302,0.5,,,,0.4955209806694955,0.003451119114275854
0,naive_bayes,CWE-611,1,0,2114,17,2132,18,2114,1.0,0.05555555555555555,1.0,0.992022524636321,0.0,0.9444444444444444,0.9920262664165104,0.5277777777777778,0.10526315789473684,0.06849315068493152,0.23476022337652436,0.7423262903395353,0.19621313695925713
0,naive_bayes,CWE-614,0,2,2059,71,2132,71,2061,0.0,0.0,0.9990295972828724,0.9666666666666667,0.0009704027171276079,1.0,0.9657598499061913,0.4995147986414362,,,-0.005687420965392568,0.5300824842309558,0.03782163040003345
0,naive_bayes,CWE-643,0,0,2082,50,2132,50,2082,,0.0,1.0,0.9765478424015009,0.0,1.0,0.9765478424015009,0.5,,,,0.5680787704130643,0.1034475837400162
0,naive_bayes,CWE-668,0,0,1790,342,2132,342,1790,,0.0,1.0,0.8395872420262664,0.0,1.0,0.8395872420262664,0.5,,,,0.5,0.10142210228111612
0,naive_bayes,CWE-706,0,0,2026,106,2132,106,2026,,0.0,1.0,0.950281425891182,0.0,1.0,0.950281425891182,0.5,,,,0.5007403751233959,0.05501568066770899
0,naive_bayes,CWE-73,0,0,2008,124,2132,124,2008,,0.0,1.0,0.9418386491557224,0.0,1.0,0.9418386491557224,0.5,,,,0.4993574090733839,0.045411143795950175
0,naive_bayes,CWE-732,7,0,2077,48,2132,55,2077,1.0,0.12727272727272726,1.0,0.9774117647058823,0.0,0.8727272727272727,0.9774859287054409,0.5636363636363636,0.22580645161290322,0.1541850220264317,0.35270080941580906,0.5636363636363636,0.1599853852539568
0,naive_bayes,CWE-74,6,1,1788,337,2132,343,1789,0.8571428571428571,0.01749271137026239,0.9994410285075461,0.8414117647058823,0.0005589714924538849,0.9825072886297376,0.8414634146341463,0.5084668699389042,0.03428571428571429,0.021754894851341553,0.10876186030418677,0.5084668699389042,0.1872930074108867
0,naive_bayes,CWE-770,0,0,2075,57,2132,57,2075,,0.0,1.0,0.973264540337711,0.0,1.0,0.973264540337711,0.5,,,,0.5,0.045435648820465364
0,naive_bayes,CWE-776,0,0,2095,37,2132,37,2095,,0.0,1.0,0.9826454033771107,0.0,1.0,0.9826454033771107,0.5,,,,0.49952267303102627,0.02898837025499813
0,naive_bayes,CWE-78,12,14,2008,98,2132,110,2022,0.46153846153846156,0.10909090909090909,0.9930761622156281,0.9534662867996201,0.006923837784371909,0.8909090909090909,0.9474671669793621,0.5510835356532686,0.1764705882352941,0.12875536480686695,0.20591216505104382,0.5988580163654348,0.1790599821840374
0,naive_bayes,CWE-79,10,18,1988,116,2132,126,2006,0.35714285714285715,0.07936507936507936,0.9910269192422732,0.9448669201520913,0.00897308075772682,0.9206349206349206,0.9371482176360225,0.5351959993036762,0.12987012987012986,0.09398496240601505,0.1458049101462391,0.558985741189131,0.10066181339145369
0,naive_bayes,CWE-798,0,0,2016,116,2132,116,2016,,0.0,1.0,0.9455909943714822,0.0,1.0,0.9455909943714822,0.5,,,,0.5264521756978654,0.07104275251434722
0,naive_bayes,CWE-80,0,0,2009,123,2132,123,2009,,0.0,1.0,0.9423076923076923,0.0,1.0,0.9423076923076923,0.5,,,,0.5033184005309441,0.05282688625564226
0,naive_bayes,CWE-827,0,0,2113,19,2132,19,2113,,0.0,1.0,0.9910881801125704,0.0,1.0,0.9910881801125704,0.5,,,,0.5,0.005454472709518794
0,naive_bayes,CWE-829,0,0,2109,23,2132,23,2109,,0.0,1.0,0.9892120075046904,0.0,1.0,0.9892120075046904,0.5,,,,0.5018966334755809,0.006373868727089594
0,naive_bayes,CWE-88,0,0,2066,66,2132,66,2066,,0.0,1.0,0.9690431519699813,0.0,1.0,0.9690431519699813,0.5,,,,0.49484437795183195,0.027755575574634254
0,naive_bayes,CWE-89,42,29,1995,66,2132,108,2024,0.5915492957746479,0.3888888888888889,0.9856719367588933,0.9679767103347889,0.01432806324110672,0.6111111111111112,0.9554409005628518,0.6872804128238911,0.4692737430167597,0.41749502982107356,0.45779528483783744,0.7700396171863563,0.31702341905282977
0,naive_bayes,CWE-90,0,0,2092,40,2132,40,2092,,0.0,1.0,0.9812382739212008,0.0,1.0,0.9812382739212008,0.5,,,,0.5,0.014951630478639446
0,naive_bayes,CWE-916,0,0,2082,50,2132,50,2082,,0.0,1.0,0.9765478424015009,0.0,1.0,0.9765478424015009,0.5,,,,0.5432756964457253,0.04317842048392311
0,naive_bayes,CWE-918,0,4,2106,22,2132,22,2110,0.0,0.0,0.9981042654028436,0.9896616541353384,0.0018957345971563982,1.0,0.9878048780487805,0.4990521327014218,,,-0.004427048670729505,0.4985781990521327,0.013386754830331084
0,naive_bayes,CWE-93,0,0,2093,39,2132,39,2093,,0.0,1.0,0.9817073170731707,0.0,1.0,0.9817073170731707,0.5,,,,0.5,0.016734471018987493
0,naive_bayes,CWE-939,0,0,2021,111,2132,111,2021,,0.0,1.0,0.9479362101313321,0.0,1.0,0.9479362101313321,0.5,,,,0.5004948045522019,0.03418015999403198
0,naive_bayes,CWE-94,3,2,2046,81,2132,84,2048,0.6,0.03571428571428571,0.9990234375,0.9619181946403385,0.0009765625,0.9642857142857143,0.9610694183864915,0.5173688616071429,0.06741573033707865,0.04398826979472141,0.1397131300718984,0.5701729910714286,0.0962299655041886
0,naive_bayes,CWE-942,0,0,2054,78,2132,78,2054,,0.0,1.0,0.9634146341463414,0.0,1.0,0.9634146341463414,0.5,,,,0.5,0.031017938710480884
0,naive_bayes,CWE-95,8,14,2041,69,2132,77,2055,0.36363636363636365,0.1038961038961039,0.9931873479318735,0.9672985781990522,0.006812652068126521,0.8961038961038961,0.9610694183864915,0.5485417259139886,0.16161616161616163,0.12121212121212122,0.1792437069575194,0.6049009384775809,0.11407364810322837
0,naive_bayes,CWE-96,0,0,2056,76,2132,76,2056,,0.0,1.0,0.9643527204502814,0.0,1.0,0.9643527204502814,0.5,,,,0.4965953307392996,0.03109408458686813
0,naive_bayes,CWE-99,0,0,2090,42,2132,42,2090,,0.0,1.0,0.9803001876172608,0.0,1.0,0.9803001876172608,0.5,,,,0.4631465026201868,0.014654250089925422
0,traditional_2_of_5,CWE-113,0,0,2017,115,2132,115,2017,,0.0,1.0,0.9460600375234521,0.0,1.0,0.9460600375234521,0.5,,,,0.4997521070897372,0.04372047197254851
0,traditional_2_of_5,CWE-116,0,0,2110,22,2132,22,2110,,0.0,1.0,0.9896810506566605,0.0,1.0,0.9896810506566605,0.5,,,,0.535738905644119,0.013982028254779734
0,traditional_2_of_5,CWE-117,0,0,2031,101,2132,101,2031,,0.0,1.0,0.952626641651032,0.0,1.0,0.952626641651032,0.5,,,,0.499753815854259,0.0351496547230052
0,traditional_2_of_5,CWE-1333,0,0,2098,34,2132,34,2098,,0.0,1.0,0.9840525328330206,0.0,1.0,0.9840525328330206,0.5,,,,0.5282201536477318,0.07979464559297911
0,traditional_2_of_5,CWE-185,0,0,2122,10,2132,10,2122,,0.0,1.0,0.9953095684803002,0.0,1.0,0.9953095684803002,0.5,,,,0.5,0.004806074161910317
0,traditional_2_of_5,CWE-20,0,15,1941,176,2132,176,1956,0.0,0.0,0.9923312883435583,0.9168634860651866,0.007668711656441718,1.0,0.9104127579737336,0.49616564417177916,,,-0.025249751552992215,0.4784390105038111,0.06110302636693074
0,traditional_2_of_5,CWE-200,5,2,1901,224,2132,229,1903,0.7142857142857143,0.021834061135371178,0.998949027850762,0.8945882352941177,0.0010509721492380452,0.9781659388646288,0.8939962476547842,0.5103915444930666,0.0423728813559322,0.027085590465872156,0.1124912506618003,0.5091065130442165,0.09005978612714016
0,traditional_2_of_5,CWE-208,0,0,2010,122,2132,122,2010,,0.0,1.0,0.9427767354596623,0.0,1.0,0.9427767354596623,0.5,,,,0.5387203327624174,0.05466111689270409
0,traditional_2_of_5,CWE-209,0,0,2004,128,2132,128,2004,,0.0,1.0,0.9399624765478424,0.0,1.0,0.9399624765478424,0.5,,,,0.513878493013972,0.05512632774258599
0,traditional_2_of_5,CWE-215,0,0,2020,112,2132,112,2020,,0.0,1.0,0.9474671669793621,0.0,1.0,0.9474671669793621,0.5,,,,0.5039869165487978,0.037491518140996515
0,traditional_2_of_5,CWE-22,5,2,2044,81,2132,86,2046,0.7142857142857143,0.05813953488372093,0.9990224828934506,0.9618823529411765,0.0009775171065493646,0.9418604651162791,0.9610694183864915,0.5285810088885858,0.10752688172043011,0.07122507122507123,0.19659890915053235,0.6081094137170656,0.1985795002521799
0,traditional_2_of_5,CWE-23,0,0,2049,83,2132,83,2049,,0.0,1.0,0.9610694183864915,0.0,1.0,0.9610694183864915,0.5,,,,0.5946009513897464,0.16601677763826453
0,traditional_2_of_5,CWE-259,6,14,2006,106,2132,112,2020,0.3,0.05357142857142857,0.9930693069306931,0.9498106060606061,0.006930693069306931,0.9464285714285714,0.9437148217636022,0.5233203677510608,0.09090909090909091,0.0641025641025641,0.10794142116396946,0.5769006364922207,0.09298522900702341
0,traditional_2_of_5,CWE-276,0,0,2079,53,2132,53,2079,,0.0,1.0,0.975140712945591,0.0,1.0,0.975140712945591,0.5,,,,0.555882272863405,0.09600629885986914
0,traditional_2_of_5,CWE-284,0,0,1734,398,2132,398,1734,,0.0,1.0,0.8133208255159474,0.0,1.0,0.8133208255159474,0.5,,,,0.4997116493656286,0.11977755453504645
0,traditional_2_of_5,CWE-287,0,0,1920,212,2132,212,1920,,0.0,1.0,0.900562851782364,0.0,1.0,0.900562851782364,0.5,,,,0.5034148977987422,0.06749476368352633
0,traditional_2_of_5,CWE-295,0,2,2071,59,2132,59,2073,0.0,0.0,0.9990352146647371,0.9723004694835681,0.000964785335262904,1.0,0.9713883677298312,0.49951760733236855,,,-0.0051695358433732535,0.4992764109985528,0.023001307838222726
0,traditional_2_of_5,CWE-312,0,0,2096,36,2132,36,2096,,0.0,1.0,0.9831144465290806,0.0,1.0,0.9831144465290806,0.5,,,,0.507686598812553,0.012480827298530664
0,traditional_2_of_5,CWE-315,0,0,2104,28,2132,28,2104,,0.0,1.0,0.9868667917448405,0.0,1.0,0.9868667917448405,0.5,,,,0.5166689299293862,0.020295189662628464
0,traditional_2_of_5,CWE-319,0,0,2061,71,2132,71,2061,,0.0,1.0,0.9666979362101313,0.0,1.0,0.9666979362101313,0.5,,,,0.5070490873430784,0.024404281336297504
0,traditional_2_of_5,CWE-321,0,0,2017,115,2132,115,2017,,0.0,1.0,0.9460600375234521,0.0,1.0,0.9460600375234521,0.5,,,,0.5216248841370094,0.05673160762395237
0,traditional_2_of_5,CWE-326,1,0,2093,38,2132,39,2093,1.0,0.02564102564102564,1.0,0.9821679962458939,0.0,0.9743589743589743,0.9821763602251408,0.5128205128205128,0.05,0.03184713375796178,0.15869402879609473,0.537996006223431,0.07791277096423126
0,traditional_2_of_5,CWE-327,20,28,2062,22,2132,42,2090,0.4166666666666667,0.47619047619047616,0.9866028708133971,0.989443378119002,0.013397129186602871,0.5238095238095238,0.9765478424015009,0.7313966735019366,0.4444444444444445,0.46296296296296297,0.43352627011318756,0.7968899521531101,0.20586379080289208
0,traditional_2_of_5,CWE-328,0,0,2082,50,2132,50,2082,,0.0,1.0,0.9765478424015009,0.0,1.0,0.9765478424015009,0.5,,,,0.5432756964457253,0.04317842048392311
0,traditional_2_of_5,CWE-330,0,0,2065,67,2132,67,2065,,0.0,1.0,0.9685741088180112,0.0,1.0,0.9685741088180112,0.5,,,,0.6713562935925699,0.17711176780482837
0,traditional_2_of_5,CWE-347,0,0,2104,28,2132,28,2104,,0.0,1.0,0.9868667917448405,0.0,1.0,0.9868667917448405,0.5,,,,0.5,0.009012521252487997
0,traditional_2_of_5,CWE-352,0,0,2095,37,2132,37,2095,,0.0,1.0,0.9826454033771107,0.0,1.0,0.9826454033771107,0.5,,,,0.5,0.016645982997221757
0,traditional_2_of_5,CWE-359,0,0,2018,114,2132,114,2018,,0.0,1.0,0.9465290806754222,0.0,1.0,0.9465290806754222,0.5,,,,0.5118451480534836,0.044153202626377695
0,traditional_2_of_5,CWE-377,1,14,2102,15,2132,16,2116,0.06666666666666667,0.0625,0.9933837429111532,0.992914501653283,0.006616257088846881,0.9375,0.9863977485928705,0.5279418714555766,0.06451612903225808,0.06329113924050632,0.05770284822032796,0.7124586483931947,0.030428369812852157
0,traditional_2_of_5,CWE-400,0,0,2055,77,2132,77,2055,,0.0,1.0,0.9638836772983115,0.0,1.0,0.9638836772983115,0.5,,,,0.5264764432647644,0.056823229791137936
0,traditional_2_of_5,CWE-477,0,0,2127,5,2132,5,2127,,0.0,1.0,0.9976547842401501,0.0,1.0,0.9976547842401501,0.5,,,,0.44546309355900326,0.001738961934153076
0,traditional_2_of_5,CWE-497,0,0,1989,143,2132,143,1989,,0.0,1.0,0.9329268292682927,0.0,1.0,0.9329268292682927,0.5,,,,0.5009826774532656,0.0438999317713496
0,traditional_2_of_5,CWE-502,11,6,2085,30,2132,41,2091,0.6470588235294118,0.2682926829268293,0.9971305595408895,0.9858156028368794,0.0028694404591104736,0.7317073170731707,0.9831144465290806,0.6327116212338594,0.3793103448275862,0.30386740331491713,0.40985312286359193,0.6687370962662281,0.25031644871630954
0,traditional_2_of_5,CWE-521,0,0,2067,65,2132,65,2067,,0.0,1.0,0.9695121951219512,0.0,1.0,0.9695121951219512,0.5,,,,0.49927431059506533,0.02172811544614147
0,traditional_2_of_5,CWE-522,0,0,2041,91,2132,91,2041,,0.0,1.0,0.9573170731707317,0.0,1.0,0.9573170731707317,0.5,,,,0.5,0.028491821263304514
0,traditional_2_of_5,CWE-532,0,0,2002,130,2132,130,2002,,0.0,1.0,0.9390243902439024,0.0,1.0,0.9390243902439024,0.5,,,,0.5108891108891109,0.04755493430514668
0,traditional_2_of_5,CWE-601,1,1,2085,45,2132,46,2086,0.5,0.021739130434782608,0.9995206136145733,0.9788732394366197,0.00047938638542665386,0.9782608695652174,0.9784240150093808,0.510629872024678,0.041666666666666664,0.026881720430107524,0.10089956641387754,0.5189149193380299,0.053147548076158395
0,traditional_2_of_5,CWE-605,0,0,2121,11,2132,11,2121,,0.0,1.0,0.9948405253283302,0.0,1.0,0.9948405253283302,0.5,,,,0.4955209806694955,0.003451119114275854
0,traditional_2_of_5,CWE-611,1,0,2114,17,2132,18,2114,1.0,0.05555555555555555,1.0,0.992022524636321,0.0,0.9444444444444444,0.9920262664165104,0.5277777777777778,0.10526315789473684,0.06849315068493152,0.23476022337652436,0.7419583727530747,0.14440029224817952
0,traditional_2_of_5,CWE-614,0,2,2059,71,2132,71,2061,0.0,0.0,0.9990295972828724,0.9666666666666667,0.0009704027171276079,1.0,0.9657598499061913,0.4995147986414362,,,-0.005687420965392568,0.5300824842309558,0.03782163040003345
0,traditional_2_of_5,CWE-643,0,0,2082,50,2132,50,2082,,0.0,1.0,0.9765478424015009,0.0,1.0,0.9765478424015009,0.5,,,,0.5680787704130643,0.1034475837400162
0,traditional_2_of_5,CWE-668,0,0,1790,342,2132,342,1790,,0.0,1.0,0.8395872420262664,0.0,1.0,0.8395872420262664,0.5,,,,0.49972067039106144,0.10128399385366717
0,traditional_2_of_5,CWE-706,0,0,2026,106,2132,106,2026,,0.0,1.0,0.950281425891182,0.0,1.0,0.950281425891182,0.5,,,,0.49925962487660414,0.0545472497016898
0,traditional_2_of_5,CWE-73,0,0,2008,124,2132,124,2008,,0.0,1.0,0.9418386491557224,0.0,1.0,0.9418386491557224,0.5,,,,0.5006425909266161,0.04592467244449719
0,traditional_2_of_5,CWE-732,7,0,2077,48,2132,55,2077,1.0,0.12727272727272726,1.0,0.9774117647058823,0.0,0.8727272727272727,0.9774859287054409,0.5636363636363636,0.22580645161290322,0.1541850220264317,0.35270080941580906,0.5636363636363636,0.1599853852539568
0,traditional_2_of_5,CWE-74,0,0,1789,343,2132,343,1789,,0.0,1.0,0.8391181988742964,0.0,1.0,0.8391181988742964,0.5,,,,0.5084668699389042,0.1872930074108867
0,traditional_2_of_5,CWE-770,0,0,2075,57,2132,57,2075,,0.0,1.0,0.973264540337711,0.0,1.0,0.973264540337711,0.5,,,,0.4995180722891566,0.04494246552279272
0,traditional_2_of_5,CWE-776,0,0,2095,37,2132,37,2095,,0.0,1.0,0.9826454033771107,0.0,1.0,0.9826454033771107,0.5,,,,0.49952267303102627,0.02898837025499813
0,traditional_2_of_5,CWE-78,13,22,2000,97,2132,110,2022,0.37142857142857144,0.11818181818181818,0.9891196834817013,0.9537434430138293,0.010880316518298714,0.8818181818181818,0.9441838649155723,0.5536507508317597,0.1793103448275862,0.13684210526315788,0.18679251978765435,0.5983904325150616,0.1787180596904759
0,traditional_2_of_5,CWE-79,10,18,1988,116,2132,126,2006,0.35714285714285715,0.07936507936507936,0.9910269192422732,0.9448669201520913,0.00897308075772682,0.9206349206349206,0.9371482176360225,0.5351959993036762,0.12987012987012986,0.09398496240601505,0.1458049101462391,0.5588551804902752,0.0993992228422423
0,traditional_2_of_5,CWE-798,0,2,2014,116,2132,116,2016,0.0,0.0,0.9990079365079365,0.9455399061032864,0.000992063492063492,1.0,0.9446529080675422,0.49950396825396826,,,-0.00735036536025791,0.5254301792556103,0.05562665276007449
0,traditional_2_of_5,CWE-80,0,0,2009,123,2132,123,2009,,0.0,1.0,0.9423076923076923,0.0,1.0,0.9423076923076923,0.5,,,,0.5033184005309441,0.05282688625564226
0,traditional_2_of_5,CWE-827,0,0,2113,19,2132,19,2113,,0.0,1.0,0.9910881801125704,0.0,1.0,0.9910881801125704,0.5,,,,0.4992901088499763,0.005451271879378384
0,traditional_2_of_5,CWE-829,0,0,2109,23,2132,23,2109,,0.0,1.0,0.9892120075046904,0.0,1.0,0.9892120075046904,0.5,,,,0.49810336652441917,0.006346484798345829
0,traditional_2_of_5,CWE-88,0,0,2066,66,2132,66,2066,,0.0,1.0,0.9690431519699813,0.0,1.0,0.9690431519699813,0.5,,,,0.505155622048168,0.03606590934380958
0,traditional_2_of_5,CWE-89,42,29,1995,66,2132,108,2024,0.5915492957746479,0.3888888888888889,0.9856719367588933,0.9679767103347889,0.01432806324110672,0.6111111111111112,0.9554409005628518,0.6872804128238911,0.4692737430167597,0.41749502982107356,0.45779528483783744,0.7699732835602401,0.31817290159657546
0,traditional_2_of_5,CWE-90,0,0,2092,40,2132,40,2092,,0.0,1.0,0.9812382739212008,0.0,1.0,0.9812382739212008,0.5,,,,0.5,0.014951630478639446
0,traditional_2_of_5,CWE-916,0,0,2082,50,2132,50,2082,,0.0,1.0,0.9765478424015009,0.0,1.0,0.9765478424015009,0.5,,,,0.5432756964457253,0.04317842048392311
0,traditional_2_of_5,CWE-918,0,4,2106,22,2132,22,2110,0.0,0.0,0.9981042654028436,0.9896616541353384,0.0018957345971563982,1.0,0.9878048780487805,0.4990521327014218,,,-0.004427048670729505,0.4985781990521327,0.013386754830331084
0,traditional_2_of_5,CWE-93,0,0,2093,39,2132,39,2093,,0.0,1.0,0.9817073170731707,0.0,1.0,0.9817073170731707,0.5,,,,0.49976110845676064,0.01672154246729537
0,traditional_2_of_5,CWE-939,0,0,2021,111,2132,111,2021,,0.0,1.0,0.9479362101313321,0.0,1.0,0.9479362101313321,0.5,,,,0.49950519544779814,0.034036354286901785
0,traditional_2_of_5,CWE-94,3,3,2045,81,2132,84,2048,0.5,0.03571428571428571,0.99853515625,0.9619002822201317,0.00146484375,0.9642857142857143,0.9606003752345216,0.5171247209821429,0.06666666666666667,0.043859649122807015,0.12577689338342554,0.5693708147321429,0.0819453745652953
0,traditional_2_of_5,CWE-942,0,0,2054,78,2132,78,2054,,0.0,1.0,0.9634146341463414,0.0,1.0,0.9634146341463414,0.5,,,,0.5,0.031017938710480884
0,traditional_2_of_5,CWE-95,8,14,2041,69,2132,77,2055,0.36363636363636365,0.1038961038961039,0.9931873479318735,0.9672985781990522,0.006812652068126521,0.8961038961038961,0.9610694183864915,0.5485417259139886,0.16161616161616163,0.12121212121212122,0.1792437069575194,0.6049356969064998,0.11685138340617321
0,traditional_2_of_5,CWE-96,0,0,2056,76,2132,76,2056,,0.0,1.0,0.9643527204502814,0.0,1.0,0.9643527204502814,0.5,,,,0.4965953307392996,0.03109408458686813
0,traditional_2_of_5,CWE-99,0,0,2090,42,2132,42,2090,,0.0,1.0,0.9803001876172608,0.0,1.0,0.9803001876172608,0.5,,,,0.5368534973798131,0.034478081591599596
0,traditional_2_of_supported,CWE-113,0,0,2017,115,2132,115,2017,,0.0,1.0,0.9460600375234521,0.0,1.0,0.9460600375234521,0.5,,,,0.4997521070897372,0.04372047197254851
0,traditional_2_of_supported,CWE-116,0,0,2110,22,2132,22,2110,,0.0,1.0,0.9896810506566605,0.0,1.0,0.9896810506566605,0.5,,,,0.535738905644119,0.013982028254779734
0,traditional_2_of_supported,CWE-117,0,0,2031,101,2132,101,2031,,0.0,1.0,0.952626641651032,0.0,1.0,0.952626641651032,0.5,,,,0.499753815854259,0.0351496547230052
0,traditional_2_of_supported,CWE-1333,0,0,2098,34,2132,34,2098,,0.0,1.0,0.9840525328330206,0.0,1.0,0.9840525328330206,0.5,,,,0.5282201536477318,0.07979464559297911
0,traditional_2_of_supported,CWE-185,0,0,2122,10,2132,10,2122,,0.0,1.0,0.9953095684803002,0.0,1.0,0.9953095684803002,0.5,,,,0.5,0.004806074161910317
0,traditional_2_of_supported,CWE-20,0,15,1941,176,2132,176,1956,0.0,0.0,0.9923312883435583,0.9168634860651866,0.007668711656441718,1.0,0.9104127579737336,0.49616564417177916,,,-0.025249751552992215,0.4784390105038111,0.06110302636693074
0,traditional_2_of_supported,CWE-200,5,2,1901,224,2132,229,1903,0.7142857142857143,0.021834061135371178,0.998949027850762,0.8945882352941177,0.0010509721492380452,0.9781659388646288,0.8939962476547842,0.5103915444930666,0.0423728813559322,0.027085590465872156,0.1124912506618003,0.5091065130442165,0.09005978612714016
0,traditional_2_of_supported,CWE-208,0,0,2010,122,2132,122,2010,,0.0,1.0,0.9427767354596623,0.0,1.0,0.9427767354596623,0.5,,,,0.5387203327624174,0.05466111689270409
0,traditional_2_of_supported,CWE-209,0,0,2004,128,2132,128,2004,,0.0,1.0,0.9399624765478424,0.0,1.0,0.9399624765478424,0.5,,,,0.513878493013972,0.05512632774258599
0,traditional_2_of_supported,CWE-215,0,0,2020,112,2132,112,2020,,0.0,1.0,0.9474671669793621,0.0,1.0,0.9474671669793621,0.5,,,,0.5039869165487978,0.037491518140996515
0,traditional_2_of_supported,CWE-22,5,2,2044,81,2132,86,2046,0.7142857142857143,0.05813953488372093,0.9990224828934506,0.9618823529411765,0.0009775171065493646,0.9418604651162791,0.9610694183864915,0.5285810088885858,0.10752688172043011,0.07122507122507123,0.19659890915053235,0.6081094137170656,0.1985795002521799
0,traditional_2_of_supported,CWE-23,0,0,2049,83,2132,83,2049,,0.0,1.0,0.9610694183864915,0.0,1.0,0.9610694183864915,0.5,,,,0.5946009513897464,0.16601677763826453
0,traditional_2_of_supported,CWE-259,6,14,2006,106,2132,112,2020,0.3,0.05357142857142857,0.9930693069306931,0.9498106060606061,0.006930693069306931,0.9464285714285714,0.9437148217636022,0.5233203677510608,0.09090909090909091,0.0641025641025641,0.10794142116396946,0.5769006364922207,0.09298522900702341
0,traditional_2_of_supported,CWE-276,0,0,2079,53,2132,53,2079,,0.0,1.0,0.975140712945591,0.0,1.0,0.975140712945591,0.5,,,,0.555882272863405,0.09600629885986914
0,traditional_2_of_supported,CWE-284,0,0,1734,398,2132,398,1734,,0.0,1.0,0.8133208255159474,0.0,1.0,0.8133208255159474,0.5,,,,0.4997116493656286,0.11977755453504645
0,traditional_2_of_supported,CWE-287,0,0,1920,212,2132,212,1920,,0.0,1.0,0.900562851782364,0.0,1.0,0.900562851782364,0.5,,,,0.5034148977987422,0.06749476368352633
0,traditional_2_of_supported,CWE-295,0,2,2071,59,2132,59,2073,0.0,0.0,0.9990352146647371,0.9723004694835681,0.000964785335262904,1.0,0.9713883677298312,0.49951760733236855,,,-0.0051695358433732535,0.4992764109985528,0.023001307838222726
0,traditional_2_of_supported,CWE-312,0,0,2096,36,2132,36,2096,,0.0,1.0,0.9831144465290806,0.0,1.0,0.9831144465290806,0.5,,,,0.507686598812553,0.012480827298530664
0,traditional_2_of_supported,CWE-315,0,0,2104,28,2132,28,2104,,0.0,1.0,0.9868667917448405,0.0,1.0,0.9868667917448405,0.5,,,,0.5166689299293862,0.020295189662628464
0,traditional_2_of_supported,CWE-319,0,0,2061,71,2132,71,2061,,0.0,1.0,0.9666979362101313,0.0,1.0,0.9666979362101313,0.5,,,,0.5070490873430784,0.024404281336297504
0,traditional_2_of_supported,CWE-321,0,0,2017,115,2132,115,2017,,0.0,1.0,0.9460600375234521,0.0,1.0,0.9460600375234521,0.5,,,,0.5216248841370094,0.05673160762395237
0,traditional_2_of_supported,CWE-326,1,0,2093,38,2132,39,2093,1.0,0.02564102564102564,1.0,0.9821679962458939,0.0,0.9743589743589743,0.9821763602251408,0.5128205128205128,0.05,0.03184713375796178,0.15869402879609473,0.537996006223431,0.07791277096423126
0,traditional_2_of_supported,CWE-327,20,28,2062,22,2132,42,2090,0.4166666666666667,0.47619047619047616,0.9866028708133971,0.989443378119002,0.013397129186602871,0.5238095238095238,0.9765478424015009,0.7313966735019366,0.4444444444444445,0.46296296296296297,0.43352627011318756,0.7968899521531101,0.20586379080289208
0,traditional_2_of_supported,CWE-328,0,0,2082,50,2132,50,2082,,0.0,1.0,0.9765478424015009,0.0,1.0,0.9765478424015009,0.5,,,,0.5432756964457253,0.04317842048392311
0,traditional_2_of_supported,CWE-330,0,0,2065,67,2132,67,2065,,0.0,1.0,0.9685741088180112,0.0,1.0,0.9685741088180112,0.5,,,,0.6713562935925699,0.17711176780482837
0,traditional_2_of_supported,CWE-347,0,0,2104,28,2132,28,2104,,0.0,1.0,0.9868667917448405,0.0,1.0,0.9868667917448405,0.5,,,,0.5,0.009012521252487997
0,traditional_2_of_supported,CWE-352,0,0,2095,37,2132,37,2095,,0.0,1.0,0.9826454033771107,0.0,1.0,0.9826454033771107,0.5,,,,0.5,0.016645982997221757
0,traditional_2_of_supported,CWE-359,0,0,2018,114,2132,114,2018,,0.0,1.0,0.9465290806754222,0.0,1.0,0.9465290806754222,0.5,,,,0.5118451480534836,0.044153202626377695
0,traditional_2_of_supported,CWE-377,1,14,2102,15,2132,16,2116,0.06666666666666667,0.0625,0.9933837429111532,0.992914501653283,0.006616257088846881,0.9375,0.9863977485928705,0.5279418714555766,0.06451612903225808,0.06329113924050632,0.05770284822032796,0.7124586483931947,0.030428369812852157
0,traditional_2_of_supported,CWE-400,0,0,2055,77,2132,77,2055,,0.0,1.0,0.9638836772983115,0.0,1.0,0.9638836772983115,0.5,,,,0.5264764432647644,0.056823229791137936
0,traditional_2_of_supported,CWE-477,0,0,2127,5,2132,5,2127,,0.0,1.0,0.9976547842401501,0.0,1.0,0.9976547842401501,0.5,,,,0.44546309355900326,0.001738961934153076
0,traditional_2_of_supported,CWE-497,0,0,1989,143,2132,143,1989,,0.0,1.0,0.9329268292682927,0.0,1.0,0.9329268292682927,0.5,,,,0.5009826774532656,0.0438999317713496
0,traditional_2_of_supported,CWE-502,11,6,2085,30,2132,41,2091,0.6470588235294118,0.2682926829268293,0.9971305595408895,0.9858156028368794,0.0028694404591104736,0.7317073170731707,0.9831144465290806,0.6327116212338594,0.3793103448275862,0.30386740331491713,0.40985312286359193,0.6687370962662281,0.25031644871630954
0,traditional_2_of_supported,CWE-521,0,0,2067,65,2132,65,2067,,0.0,1.0,0.9695121951219512,0.0,1.0,0.9695121951219512,0.5,,,,0.49927431059506533,0.02172811544614147
0,traditional_2_of_supported,CWE-522,0,0,2041,91,2132,91,2041,,0.0,1.0,0.9573170731707317,0.0,1.0,0.9573170731707317,0.5,,,,0.5,0.028491821263304514
0,traditional_2_of_supported,CWE-532,0,0,2002,130,2132,130,2002,,0.0,1.0,0.9390243902439024,0.0,1.0,0.9390243902439024,0.5,,,,0.5108891108891109,0.04755493430514668
0,traditional_2_of_supported,CWE-601,1,1,2085,45,2132,46,2086,0.5,0.021739130434782608,0.9995206136145733,0.9788732394366197,0.00047938638542665386,0.9782608695652174,0.9784240150093808,0.510629872024678,0.041666666666666664,0.026881720430107524,0.10089956641387754,0.5189149193380299,0.053147548076158395
0,traditional_2_of_supported,CWE-605,0,0,2121,11,2132,11,2121,,0.0,1.0,0.9948405253283302,0.0,1.0,0.9948405253283302,0.5,,,,0.4955209806694955,0.003451119114275854
0,traditional_2_of_supported,CWE-611,1,0,2114,17,2132,18,2114,1.0,0.05555555555555555,1.0,0.992022524636321,0.0,0.9444444444444444,0.9920262664165104,0.5277777777777778,0.10526315789473684,0.06849315068493152,0.23476022337652436,0.7419583727530747,0.14440029224817952
0,traditional_2_of_supported,CWE-614,0,2,2059,71,2132,71,2061,0.0,0.0,0.9990295972828724,0.9666666666666667,0.0009704027171276079,1.0,0.9657598499061913,0.4995147986414362,,,-0.005687420965392568,0.5300824842309558,0.03782163040003345
0,traditional_2_of_supported,CWE-643,0,0,2082,50,2132,50,2082,,0.0,1.0,0.9765478424015009,0.0,1.0,0.9765478424015009,0.5,,,,0.5680787704130643,0.1034475837400162
0,traditional_2_of_supported,CWE-668,0,0,1790,342,2132,342,1790,,0.0,1.0,0.8395872420262664,0.0,1.0,0.8395872420262664,0.5,,,,0.49972067039106144,0.10128399385366717
0,traditional_2_of_supported,CWE-706,0,0,2026,106,2132,106,2026,,0.0,1.0,0.950281425891182,0.0,1.0,0.950281425891182,0.5,,,,0.49925962487660414,0.0545472497016898
0,traditional_2_of_supported,CWE-73,0,0,2008,124,2132,124,2008,,0.0,1.0,0.9418386491557224,0.0,1.0,0.9418386491557224,0.5,,,,0.5006425909266161,0.04592467244449719
0,traditional_2_of_supported,CWE-732,7,0,2077,48,2132,55,2077,1.0,0.12727272727272726,1.0,0.9774117647058823,0.0,0.8727272727272727,0.9774859287054409,0.5636363636363636,0.22580645161290322,0.1541850220264317,0.35270080941580906,0.5636363636363636,0.1599853852539568
0,traditional_2_of_supported,CWE-74,0,0,1789,343,2132,343,1789,,0.0,1.0,0.8391181988742964,0.0,1.0,0.8391181988742964,0.5,,,,0.5084668699389042,0.1872930074108867
0,traditional_2_of_supported,CWE-770,0,0,2075,57,2132,57,2075,,0.0,1.0,0.973264540337711,0.0,1.0,0.973264540337711,0.5,,,,0.4995180722891566,0.04494246552279272
0,traditional_2_of_supported,CWE-776,0,0,2095,37,2132,37,2095,,0.0,1.0,0.9826454033771107,0.0,1.0,0.9826454033771107,0.5,,,,0.49952267303102627,0.02898837025499813
0,traditional_2_of_supported,CWE-78,13,22,2000,97,2132,110,2022,0.37142857142857144,0.11818181818181818,0.9891196834817013,0.9537434430138293,0.010880316518298714,0.8818181818181818,0.9441838649155723,0.5536507508317597,0.1793103448275862,0.13684210526315788,0.18679251978765435,0.5983904325150616,0.1787180596904759
0,traditional_2_of_supported,CWE-79,10,18,1988,116,2132,126,2006,0.35714285714285715,0.07936507936507936,0.9910269192422732,0.9448669201520913,0.00897308075772682,0.9206349206349206,0.9371482176360225,0.5351959993036762,0.12987012987012986,0.09398496240601505,0.1458049101462391,0.5588551804902752,0.0993992228422423
0,traditional_2_of_supported,CWE-798,0,2,2014,116,2132,116,2016,0.0,0.0,0.9990079365079365,0.9455399061032864,0.000992063492063492,1.0,0.9446529080675422,0.49950396825396826,,,-0.00735036536025791,0.5254301792556103,0.05562665276007449
0,traditional_2_of_supported,CWE-80,0,0,2009,123,2132,123,2009,,0.0,1.0,0.9423076923076923,0.0,1.0,0.9423076923076923,0.5,,,,0.5033184005309441,0.05282688625564226
0,traditional_2_of_supported,CWE-827,0,0,2113,19,2132,19,2113,,0.0,1.0,0.9910881801125704,0.0,1.0,0.9910881801125704,0.5,,,,0.4992901088499763,0.005451271879378384
0,traditional_2_of_supported,CWE-829,0,0,2109,23,2132,23,2109,,0.0,1.0,0.9892120075046904,0.0,1.0,0.9892120075046904,0.5,,,,0.49810336652441917,0.006346484798345829
0,traditional_2_of_supported,CWE-88,0,0,2066,66,2132,66,2066,,0.0,1.0,0.9690431519699813,0.0,1.0,0.9690431519699813,0.5,,,,0.505155622048168,0.03606590934380958
0,traditional_2_of_supported,CWE-89,42,29,1995,66,2132,108,2024,0.5915492957746479,0.3888888888888889,0.9856719367588933,0.9679767103347889,0.01432806324110672,0.6111111111111112,0.9554409005628518,0.6872804128238911,0.4692737430167597,0.41749502982107356,0.45779528483783744,0.7699732835602401,0.31817290159657546
0,traditional_2_of_supported,CWE-90,0,0,2092,40,2132,40,2092,,0.0,1.0,0.9812382739212008,0.0,1.0,0.9812382739212008,0.5,,,,0.5,0.014951630478639446
0,traditional_2_of_supported,CWE-916,0,0,2082,50,2132,50,2082,,0.0,1.0,0.9765478424015009,0.0,1.0,0.9765478424015009,0.5,,,,0.5432756964457253,0.04317842048392311
0,traditional_2_of_supported,CWE-918,0,4,2106,22,2132,22,2110,0.0,0.0,0.9981042654028436,0.9896616541353384,0.0018957345971563982,1.0,0.9878048780487805,0.4990521327014218,,,-0.004427048670729505,0.4985781990521327,0.013386754830331084
0,traditional_2_of_supported,CWE-93,0,0,2093,39,2132,39,2093,,0.0,1.0,0.9817073170731707,0.0,1.0,0.9817073170731707,0.5,,,,0.49976110845676064,0.01672154246729537
0,traditional_2_of_supported,CWE-939,0,0,2021,111,2132,111,2021,,0.0,1.0,0.9479362101313321,0.0,1.0,0.9479362101313321,0.5,,,,0.49950519544779814,0.034036354286901785
0,traditional_2_of_supported,CWE-94,3,3,2045,81,2132,84,2048,0.5,0.03571428571428571,0.99853515625,0.9619002822201317,0.00146484375,0.9642857142857143,0.9606003752345216,0.5171247209821429,0.06666666666666667,0.043859649122807015,0.12577689338342554,0.5693708147321429,0.0819453745652953
0,traditional_2_of_supported,CWE-942,0,0,2054,78,2132,78,2054,,0.0,1.0,0.9634146341463414,0.0,1.0,0.9634146341463414,0.5,,,,0.5,0.031017938710480884
0,traditional_2_of_supported,CWE-95,8,14,2041,69,2132,77,2055,0.36363636363636365,0.1038961038961039,0.9931873479318735,0.9672985781990522,0.006812652068126521,0.8961038961038961,0.9610694183864915,0.5485417259139886,0.16161616161616163,0.12121212121212122,0.1792437069575194,0.6049356969064998,0.11685138340617321
0,traditional_2_of_supported,CWE-96,0,0,2056,76,2132,76,2056,,0.0,1.0,0.9643527204502814,0.0,1.0,0.9643527204502814,0.5,,,,0.4965953307392996,0.03109408458686813
0,traditional_2_of_supported,CWE-99,0,0,2090,42,2132,42,2090,,0.0,1.0,0.9803001876172608,0.0,1.0,0.9803001876172608,0.5,,,,0.5368534973798131,0.034478081591599596
0,weighted_fire_ppv_silence_npv,CWE-113,0,1,2016,115,2132,115,2017,0.0,0.0,0.9995042141794744,0.9460347254809949,0.0004957858205255329,1.0,0.9455909943714822,0.4997521070897372,,,-0.00517254462593515,0.4997521070897372,0.04372047197254851
0,weighted_fire_ppv_silence_npv,CWE-116,0,0,2110,22,2132,22,2110,,0.0,1.0,0.9896810506566605,0.0,1.0,0.9896810506566605,0.5,,,,0.5381085738905644,0.018739676495875088
0,weighted_fire_ppv_silence_npv,CWE-117,0,1,2030,101,2132,101,2031,0.0,0.0,0.999507631708518,0.9526044110746129,0.0004923682914820286,1.0,0.9521575984990619,0.499753815854259,,,-0.004830743746358051,0.499753815854259,0.0351496547230052
0,weighted_fire_ppv_silence_npv,CWE-1333,2,5,2093,32,2132,34,2098,0.2857142857142857,0.058823529411764705,0.9976167778836987,0.9849411764705882,0.0023832221163012394,0.9411764705882353,0.9826454033771107,0.5282201536477317,0.0975609756097561,0.06993006993006992,0.12359562070279828,0.5282201536477318,0.07979464559297911
0,weighted_fire_ppv_silence_npv,CWE-185,0,0,2122,10,2132,10,2122,,0.0,1.0,0.9953095684803002,0.0,1.0,0.9953095684803002,0.5,,,,0.5,0.004806074161910317
0,weighted_fire_ppv_silence_npv,CWE-20,0,15,1941,176,2132,176,1956,0.0,0.0,0.9923312883435583,0.9168634860651866,0.007668711656441718,1.0,0.9104127579737336,0.49616564417177916,,,-0.025249751552992215,0.48289790156162854,0.06924909388309584
0,weighted_fire_ppv_silence_npv,CWE-200,5,2,1901,224,2132,229,1903,0.7142857142857143,0.021834061135371178,0.998949027850762,0.8945882352941177,0.0010509721492380452,0.9781659388646288,0.8939962476547842,0.5103915444930666,0.0423728813559322,0.027085590465872156,0.1124912506618003,0.5091065130442165,0.09005978612714016
0,weighted_fire_ppv_silence_npv,CWE-208,14,75,1935,108,2132,122,2010,0.15730337078651685,0.11475409836065574,0.9626865671641791,0.947136563876652,0.03731343283582089,0.8852459016393442,0.9141651031894934,0.5387203327624174,0.13270142180094785,0.12131715771230502,0.0899327418001145,0.5387203327624174,0.05466111689270409
0,weighted_fire_ppv_silence_npv,CWE-209,4,7,1997,124,2132,128,2004,0.36363636363636365,0.03125,0.9965069860279441,0.9415370108439416,0.003493013972055888,0.96875,0.9385553470919324,0.513878493013972,0.05755395683453238,0.03824091778202677,0.09203636830921995,0.513878493013972,0.05512632774258599
0,weighted_fire_ppv_silence_npv,CWE-215,3,38,1982,109,2132,112,2020,0.07317073170731707,0.026785714285714284,0.9811881188118812,0.9478718316594931,0.01881188118811881,0.9732142857142857,0.9310506566604128,0.5039869165487977,0.0392156862745098,0.030674846625766868,0.01295337362359786,0.5039869165487978,0.037491518140996515
0,weighted_fire_ppv_silence_npv,CWE-22,0,0,2046,86,2132,86,2046,,0.0,1.0,0.9596622889305816,0.0,1.0,0.9596622889305816,0.5,,,,0.6081776125849644,0.2171945464570707
0,weighted_fire_ppv_silence_npv,CWE-23,17,32,2017,66,2132,83,2049,0.3469387755102041,0.20481927710843373,0.984382625671059,0.9683149303888622,0.015617374328940947,0.7951807228915663,0.9540337711069419,0.5946009513897463,0.25757575757575757,0.22309711286089237,0.24422653626170512,0.5946009513897464,0.16601677763826453
0,weighted_fire_ppv_silence_npv,CWE-259,6,14,2006,106,2132,112,2020,0.3,0.05357142857142857,0.9930693069306931,0.9498106060606061,0.006930693069306931,0.9464285714285714,0.9437148217636022,0.5233203677510608,0.09090909090909091,0.0641025641025641,0.10794142116396946,0.5768078147100424,0.09353837616068032
0,weighted_fire_ppv_silence_npv,CWE-276,6,3,2076,47,2132,53,2079,0.6666666666666666,0.11320754716981132,0.9985569985569985,0.9778615167216204,0.001443001443001443,0.8867924528301887,0.9765478424015009,0.555882272863405,0.1935483870967742,0.13574660633484162,0.26839411249973033,0.555882272863405,0.09600629885986914
0,weighted_fire_ppv_silence_npv,CWE-284,0,0,1734,398,2132,398,1734,,0.0,1.0,0.8133208255159474,0.0,1.0,0.8133208255159474,0.5,,,,0.5,0.11984799958829666
0,weighted_fire_ppv_silence_npv,CWE-287,0,0,1920,212,2132,212,1920,,0.0,1.0,0.900562851782364,0.0,1.0,0.900562851782364,0.5,,,,0.5034148977987422,0.06749476368352633
0,weighted_fire_ppv_silence_npv,CWE-295,0,1,2072,59,2132,59,2073,0.0,0.0,0.9995176073323685,0.9723134678554669,0.000482392667631452,1.0,0.9718574108818011,0.49975880366618425,,,-0.0036545560740896092,0.4992764109985528,0.023001307838222726
0,weighted_fire_ppv_silence_npv,CWE-312,0,0,2096,36,2132,36,2096,,0.0,1.0,0.9831144465290806,0.0,1.0,0.9831144465290806,0.5,,,,0.5,0.01051302755973438
0,weighted_fire_ppv_silence_npv,CWE-315,0,0,2104,28,2132,28,2104,,0.0,1.0,0.9868667917448405,0.0,1.0,0.9868667917448405,0.5,,,,0.5,0.008323874638966942
0,weighted_fire_ppv_silence_npv,CWE-319,0,0,2061,71,2132,71,2061,,0.0,1.0,0.9666979362101313,0.0,1.0,0.9666979362101313,0.5,,,,0.5070490873430784,0.024404281336297504
0,weighted_fire_ppv_silence_npv,CWE-321,6,18,1999,109,2132,115,2017,0.25,0.05217391304347826,0.9910758552305404,0.948292220113852,0.008924144769459593,0.9478260869565217,0.9404315196998124,0.5216248841370094,0.08633093525179857,0.06198347107438017,0.0926071950253586,0.5216248841370094,0.05673160762395237
0,weighted_fire_ppv_silence_npv,CWE-326,1,0,2093,38,2132,39,2093,1.0,0.02564102564102564,1.0,0.9821679962458939,0.0,0.9743589743589743,0.9821763602251408,0.5128205128205128,0.05,0.03184713375796178,0.15869402879609473,0.537996006223431,0.07791277096423126
0,weighted_fire_ppv_silence_npv,CWE-327,3,16,2074,39,2132,42,2090,0.15789473684210525,0.07142857142857142,0.9923444976076555,0.9815428300993848,0.007655502392344498,0.9285714285714286,0.974202626641651,0.5318865345181135,0.09836065573770492,0.08021390374331551,0.0942993191004217,0.7973741171109592,0.20702257948224986
0,weighted_fire_ppv_silence_npv,CWE-328,5,28,2054,45,2132,50,2082,0.15151515151515152,0.1,0.9865513928914506,0.9785612196283945,0.013448607108549471,0.9,0.9657598499061913,0.5432756964457253,0.12048192771084337,0.1072961373390558,0.10610509462197933,0.5432756964457253,0.04317842048392311
0,weighted_fire_ppv_silence_npv,CWE-330,24,32,2033,43,2132,67,2065,0.42857142857142855,0.3582089552238806,0.9845036319612591,0.9792870905587668,0.01549636803874092,0.6417910447761194,0.9648217636022514,0.6713562935925699,0.39024390243902435,0.37037037037037035,0.37386929306458033,0.6713562935925699,0.17711176780482837
0,weighted_fire_ppv_silence_npv,CWE-347,0,0,2104,28,2132,28,2104,,0.0,1.0,0.9868667917448405,0.0,1.0,0.9868667917448405,0.5,,,,0.5,0.009012521252487997
0,weighted_fire_ppv_silence_npv,CWE-352,0,0,2095,37,2132,37,2095,,0.0,1.0,0.9826454033771107,0.0,1.0,0.9826454033771107,0.5,,,,0.5,0.016645982997221757
0,weighted_fire_ppv_silence_npv,CWE-359,4,23,1995,110,2132,114,2018,0.14814814814814814,0.03508771929824561,0.9886025768087215,0.9477434679334917,0.011397423191278493,0.9649122807017544,0.9376172607879925,0.5118451480534836,0.05673758865248227,0.041407867494824016,0.04766236229090684,0.5118451480534836,0.044153202626377695
0,weighted_fire_ppv_silence_npv,CWE-377,0,0,2116,16,2132,16,2116,,0.0,1.0,0.9924953095684803,0.0,1.0,0.9924953095684803,0.5,,,,0.7134038279773157,0.0349545781298608
0,weighted_fire_ppv_silence_npv,CWE-400,0,0,2055,77,2132,77,2055,,0.0,1.0,0.9638836772983115,0.0,1.0,0.9638836772983115,0.5,,,,0.5268145479824312,0.06946440452109537
0,weighted_fire_ppv_silence_npv,CWE-477,0,0,2127,5,2132,5,2127,,0.0,1.0,0.9976547842401501,0.0,1.0,0.9976547842401501,0.5,,,,0.5,0.0017400774509686873
0,weighted_fire_ppv_silence_npv,CWE-497,1,10,1979,142,2132,143,1989,0.09090909090909091,0.006993006993006993,0.9949723479135244,0.933050447901933,0.005027652086475616,0.993006993006993,0.9287054409005628,0.5009826774532657,0.012987012987012986,0.008576329331046312,0.006862142315667527,0.5009826774532656,0.0438999317713496
0,weighted_fire_ppv_silence_npv,CWE-502,11,6,2085,30,2132,41,2091,0.6470588235294118,0.2682926829268293,0.9971305595408895,0.9858156028368794,0.0028694404591104736,0.7317073170731707,0.9831144465290806,0.6327116212338594,0.3793103448275862,0.30386740331491713,0.40985312286359193,0.6688945655597158,0.303004425409421
0,weighted_fire_ppv_silence_npv,CWE-521,0,3,2064,65,2132,65,2067,0.0,0.0,0.9985486211901307,0.9694692343823391,0.001451378809869376,1.0,0.9681050656660413,0.49927431059506533,,,-0.006656703859010216,0.49927431059506533,0.02172811544614147
0,weighted_fire_ppv_silence_npv,CWE-522,0,0,2041,91,2132,91,2041,,0.0,1.0,0.9573170731707317,0.0,1.0,0.9573170731707317,0.5,,,,0.5,0.028491821263304514
0,weighted_fire_ppv_silence_npv,CWE-532,0,0,2002,130,2132,130,2002,,0.0,1.0,0.9390243902439024,0.0,1.0,0.9390243902439024,0.5,,,,0.5111388611388611,0.048076346177644926
0,weighted_fire_ppv_silence_npv,CWE-601,1,1,2085,45,2132,46,2086,0.5,0.021739130434782608,0.9995206136145733,0.9788732394366197,0.00047938638542665386,0.9782608695652174,0.9784240150093808,0.510629872024678,0.041666666666666664,0.026881720430107524,0.10089956641387754,0.5188992871732877,0.053147548076158395
0,weighted_fire_ppv_silence_npv,CWE-605,0,19,2102,11,2132,11,2121,0.0,0.0,0.991041961338991,0.9947941315664931,0.008958038661008957,1.0,0.9859287054409006,0.4955209806694955,,,-0.0068289362781827605,0.4955209806694955,0.003451119114275854
0,weighted_fire_ppv_silence_npv,CWE-611,1,0,2114,17,2132,18,2114,1.0,0.05555555555555555,1.0,0.992022524636321,0.0,0.9444444444444444,0.9920262664165104,0.5277777777777778,0.10526315789473684,0.06849315068493152,0.23476022337652436,0.7423262903395353,0.19621313695925713
0,weighted_fire_ppv_silence_npv,CWE-614,0,2,2059,71,2132,71,2061,0.0,0.0,0.9990295972828724,0.9666666666666667,0.0009704027171276079,1.0,0.9657598499061913,0.4995147986414362,,,-0.005687420965392568,0.5300824842309558,0.03782163040003345
0,weighted_fire_ppv_silence_npv,CWE-643,7,8,2074,43,2132,50,2082,0.4666666666666667,0.14,0.9961575408261287,0.9796882380727444,0.0038424591738712775,0.86,0.976078799249531,0.5680787704130643,0.2153846153846154,0.16279069767441862,0.24652502137713966,0.5680787704130643,0.1034475837400162
0,weighted_fire_ppv_silence_npv,CWE-668,0,1,1789,342,2132,342,1790,0.0,0.0,0.9994413407821229,0.8395119662130455,0.0005586592178770949,1.0,0.8391181988742964,0.49972067039106144,,,-0.009468797148215437,0.49972067039106144,0.10128399385366717
0,weighted_fire_ppv_silence_npv,CWE-706,0,0,2026,106,2132,106,2026,,0.0,1.0,0.950281425891182,0.0,1.0,0.950281425891182,0.5,,,,0.5,0.05496322735700618
0,weighted_fire_ppv_silence_npv,CWE-73,3,46,1962,121,2132,124,2008,0.061224489795918366,0.024193548387096774,0.9770916334661355,0.941910705712914,0.022908366533864542,0.9758064516129032,0.9216697936210131,0.5006425909266161,0.034682080924855495,0.027522935779816515,0.002007310731871535,0.5006425909266161,0.04592467244449719
0,weighted_fire_ppv_silence_npv,CWE-732,7,0,2077,48,2132,55,2077,1.0,0.12727272727272726,1.0,0.9774117647058823,0.0,0.8727272727272727,0.9774859287054409,0.5636363636363636,0.22580645161290322,0.1541850220264317,0.35270080941580906,0.5636363636363636,0.1599853852539568
0,weighted_fire_ppv_silence_npv,CWE-74,6,1,1788,337,2132,343,1789,0.8571428571428571,0.01749271137026239,0.9994410285075461,0.8414117647058823,0.0005589714924538849,0.9825072886297376,0.8414634146341463,0.5084668699389042,0.03428571428571429,0.021754894851341553,0.10876186030418677,0.5084668699389042,0.1872930074108867
0,weighted_fire_ppv_silence_npv,CWE-770,0,0,2075,57,2132,57,2075,,0.0,1.0,0.973264540337711,0.0,1.0,0.973264540337711,0.5,,,,0.5,0.045435648820465364
0,weighted_fire_ppv_silence_npv,CWE-776,0,0,2095,37,2132,37,2095,,0.0,1.0,0.9826454033771107,0.0,1.0,0.9826454033771107,0.5,,,,0.49952267303102627,0.02898837025499813
0,weighted_fire_ppv_silence_npv,CWE-78,8,3,2019,102,2132,110,2022,0.7272727272727273,0.07272727272727272,0.9985163204747775,0.9519094766619519,0.001483679525222552,0.9272727272727272,0.950750469043152,0.535621796601025,0.13223140495867766,0.08869179600886917,0.21997131778301046,0.5988580163654348,0.1790599821840374
0,weighted_fire_ppv_silence_npv,CWE-79,0,0,2006,126,2132,126,2006,,0.0,1.0,0.9409005628517824,0.0,1.0,0.9409005628517824,0.5,,,,0.5587246197914194,0.0984893720930891
0,weighted_fire_ppv_silence_npv,CWE-798,0,2,2014,116,2132,116,2016,0.0,0.0,0.9990079365079365,0.9455399061032864,0.000992063492063492,1.0,0.9446529080675422,0.49950396825396826,,,-0.00735036536025791,0.525926211001642,0.05991835327019747
0,weighted_fire_ppv_silence_npv,CWE-80,1,3,2006,122,2132,123,2009,0.25,0.008130081300813009,0.9985067197610752,0.9426691729323309,0.0014932802389248383,0.991869918699187,0.9413696060037523,0.5033184005309441,0.015748031496062995,0.010080645161290324,0.035759012451554203,0.5033184005309441,0.05282688625564226
0,weighted_fire_ppv_silence_npv,CWE-827,0,0,2113,19,2132,19,2113,,0.0,1.0,0.9910881801125704,0.0,1.0,0.9910881801125704,0.5,,,,0.5,0.005454472709518794
0,weighted_fire_ppv_silence_npv,CWE-829,0,0,2109,23,2132,23,2109,,0.0,1.0,0.9892120075046904,0.0,1.0,0.9892120075046904,0.5,,,,0.5,0.0063478313358232554
0,weighted_fire_ppv_silence_npv,CWE-88,0,0,2066,66,2132,66,2066,,0.0,1.0,0.9690431519699813,0.0,1.0,0.9690431519699813,0.5,,,,0.5,0.02806287138422508
0,weighted_fire_ppv_silence_npv,CWE-89,42,28,1996,66,2132,108,2024,0.6,0.3888888888888889,0.9861660079051383,0.967992240543162,0.01383399209486166,0.6111111111111112,0.9559099437148217,0.6875274483970136,0.47191011235955055,0.4183266932270917,0.4615498577149861,0.7700396171863563,0.31702341905282977
0,weighted_fire_ppv_silence_npv,CWE-90,0,0,2092,40,2132,40,2092,,0.0,1.0,0.9812382739212008,0.0,1.0,0.9812382739212008,0.5,,,,0.5,0.014951630478639446
0,weighted_fire_ppv_silence_npv,CWE-916,5,28,2054,45,2132,50,2082,0.15151515151515152,0.1,0.9865513928914506,0.9785612196283945,0.013448607108549471,0.9,0.9657598499061913,0.5432756964457253,0.12048192771084337,0.1072961373390558,0.10610509462197933,0.5432756964457253,0.04317842048392311
0,weighted_fire_ppv_silence_npv,CWE-918,0,4,2106,22,2132,22,2110,0.0,0.0,0.9981042654028436,0.9896616541353384,0.0018957345971563982,1.0,0.9878048780487805,0.4990521327014218,,,-0.004427048670729505,0.4985781990521327,0.013386754830331084
0,weighted_fire_ppv_silence_npv,CWE-93,0,0,2093,39,2132,39,2093,,0.0,1.0,0.9817073170731707,0.0,1.0,0.9817073170731707,0.5,,,,0.5,0.016734471018987493
0,weighted_fire_ppv_silence_npv,CWE-939,0,0,2021,111,2132,111,2021,,0.0,1.0,0.9479362101313321,0.0,1.0,0.9479362101313321,0.5,,,,0.5,0.034159158796010704
0,weighted_fire_ppv_silence_npv,CWE-94,0,1,2047,84,2132,84,2048,0.0,0.0,0.99951171875,0.9605818864382919,0.00048828125,1.0,0.9601313320825516,0.499755859375,,,-0.0043871546317120836,0.5701729910714286,0.0962299655041886
0,weighted_fire_ppv_silence_npv,CWE-942,0,0,2054,78,2132,78,2054,,0.0,1.0,0.9634146341463414,0.0,1.0,0.9634146341463414,0.5,,,,0.5,0.031017938710480884
0,weighted_fire_ppv_silence_npv,CWE-95,1,3,2052,76,2132,77,2055,0.25,0.012987012987012988,0.9985401459854014,0.9642857142857143,0.00145985401459854,0.987012987012987,0.9629455909943715,0.5057635794862072,0.02469135802469136,0.016025641025641028,0.04970015587590053,0.6049009384775809,0.11407364810322837
0,weighted_fire_ppv_silence_npv,CWE-96,0,14,2042,76,2132,76,2056,0.0,0.0,0.9931906614785992,0.9641170915958451,0.006809338521400778,1.0,0.9577861163227017,0.4965953307392996,,,-0.01563134256730072,0.4965953307392996,0.03109408458686813
0,weighted_fire_ppv_silence_npv,CWE-99,0,0,2090,42,2132,42,2090,,0.0,1.0,0.9803001876172608,0.0,1.0,0.9803001876172608,0.5,,,,0.5,0.01506426504174261
0,weighted_fire_ppv_silence_sensitivity,CWE-113,0,1,2016,115,2132,115,2017,0.0,0.0,0.9995042141794744,0.9460347254809949,0.0004957858205255329,1.0,0.9455909943714822,0.4997521070897372,,,-0.00517254462593515,0.4997521070897372,0.04372047197254851
0,weighted_fire_ppv_silence_sensitivity,CWE-116,2,31,2079,20,2132,22,2110,0.06060606060606061,0.09090909090909091,0.9853080568720379,0.9904716531681753,0.014691943127962086,0.9090909090909091,0.976078799249531,0.5381085738905644,0.07272727272727272,0.08264462809917354,0.062393891199805276,0.5381085738905644,0.018739676495875088
0,weighted_fire_ppv_silence_sensitivity,CWE-117,0,1,2030,101,2132,101,2031,0.0,0.0,0.999507631708518,0.9526044110746129,0.0004923682914820286,1.0,0.9521575984990619,0.499753815854259,,,-0.004830743746358051,0.499753815854259,0.0351496547230052
0,weighted_fire_ppv_silence_sensitivity,CWE-1333,2,5,2093,32,2132,34,2098,0.2857142857142857,0.058823529411764705,0.9976167778836987,0.9849411764705882,0.0023832221163012394,0.9411764705882353,0.9826454033771107,0.5282201536477317,0.0975609756097561,0.06993006993006992,0.12359562070279828,0.5282201536477318,0.07979464559297911
0,weighted_fire_ppv_silence_sensitivity,CWE-185,0,0,2122,10,2132,10,2122,,0.0,1.0,0.9953095684803002,0.0,1.0,0.9953095684803002,0.5,,,,0.5,0.004806074161910317
0,weighted_fire_ppv_silence_sensitivity,CWE-20,11,36,1920,165,2132,176,1956,0.23404255319148937,0.0625,0.9815950920245399,0.920863309352518,0.018404907975460124,0.9375,0.9057223264540337,0.52204754601227,0.09865470852017938,0.07323568575233022,0.08264737300131643,0.48289790156162854,0.06924909388309584
0,weighted_fire_ppv_silence_sensitivity,CWE-200,5,7,1896,224,2132,229,1903,0.4166666666666667,0.021834061135371178,0.9963215974776668,0.8943396226415095,0.0036784025223331584,0.9781659388646288,0.8916510318949343,0.509077829306519,0.04149377593360996,0.02693965517241379,0.07514335642747788,0.5091065130442165,0.09005978612714016
0,weighted_fire_ppv_silence_sensitivity,CWE-208,14,75,1935,108,2132,122,2010,0.15730337078651685,0.11475409836065574,0.9626865671641791,0.947136563876652,0.03731343283582089,0.8852459016393442,0.9141651031894934,0.5387203327624174,0.13270142180094785,0.12131715771230502,0.0899327418001145,0.5387203327624174,0.05466111689270409
0,weighted_fire_ppv_silence_sensitivity,CWE-209,4,7,1997,124,2132,128,2004,0.36363636363636365,0.03125,0.9965069860279441,0.9415370108439416,0.003493013972055888,0.96875,0.9385553470919324,0.513878493013972,0.05755395683453238,0.03824091778202677,0.09203636830921995,0.513878493013972,0.05512632774258599
0,weighted_fire_ppv_silence_sensitivity,CWE-215,3,38,1982,109,2132,112,2020,0.07317073170731707,0.026785714285714284,0.9811881188118812,0.9478718316594931,0.01881188118811881,0.9732142857142857,0.9310506566604128,0.5039869165487977,0.0392156862745098,0.030674846625766868,0.01295337362359786,0.5039869165487978,0.037491518140996515
0,weighted_fire_ppv_silence_sensitivity,CWE-22,20,35,2011,66,2132,86,2046,0.36363636363636365,0.23255813953488372,0.9828934506353861,0.9682233991333654,0.01710654936461388,0.7674418604651163,0.952626641651032,0.6077257950851349,0.28368794326241137,0.2506265664160401,0.267394303608485,0.6080412148491668,0.19752241779974858
0,weighted_fire_ppv_silence_sensitivity,CWE-23,17,32,2017,66,2132,83,2049,0.3469387755102041,0.20481927710843373,0.984382625671059,0.9683149303888622,0.015617374328940947,0.7951807228915663,0.9540337711069419,0.5946009513897463,0.25757575757575757,0.22309711286089237,0.24422653626170512,0.5946009513897464,0.16601677763826453
0,weighted_fire_ppv_silence_sensitivity,CWE-259,22,104,1916,90,2132,112,2020,0.1746031746031746,0.19642857142857142,0.9485148514851485,0.9551345962113659,0.05148514851485148,0.8035714285714286,0.9090056285178236,0.5724717114568599,0.1848739495798319,0.1916376306620209,0.1371299988443638,0.5768078147100424,0.09353837616068032
0,weighted_fire_ppv_silence_sensitivity,CWE-276,6,3,2076,47,2132,53,2079,0.6666666666666666,0.11320754716981132,0.9985569985569985,0.9778615167216204,0.001443001443001443,0.8867924528301887,0.9765478424015009,0.555882272863405,0.1935483870967742,0.13574660633484162,0.26839411249973033,0.555882272863405,0.09600629885986914
0,weighted_fire_ppv_silence_sensitivity,CWE-284,0,0,1734,398,2132,398,1734,,0.0,1.0,0.8133208255159474,0.0,1.0,0.8133208255159474,0.5,,,,0.5,0.11984799958829666
0,weighted_fire_ppv_silence_sensitivity,CWE-287,2,5,1915,210,2132,212,1920,0.2857142857142857,0.009433962264150943,0.9973958333333334,0.9011764705882352,0.0026041666666666665,0.9905660377358491,0.899155722326454,0.5034148977987422,0.0182648401826484,0.011695906432748536,0.035727099862785744,0.5034148977987422,0.06749476368352633
0,weighted_fire_ppv_silence_sensitivity,CWE-295,0,3,2070,59,2132,59,2073,0.0,0.0,0.9985528219971056,0.9722874589008924,0.001447178002894356,1.0,0.9709193245778611,0.4992764109985528,,,-0.006332849270504885,0.4992764109985528,0.023001307838222726
0,weighted_fire_ppv_silence_sensitivity,CWE-312,0,0,2096,36,2132,36,2096,,0.0,1.0,0.9831144465290806,0.0,1.0,0.9831144465290806,0.5,,,,0.5,0.01051302755973438
0,weighted_fire_ppv_silence_sensitivity,CWE-315,0,0,2104,28,2132,28,2104,,0.0,1.0,0.9868667917448405,0.0,1.0,0.9868667917448405,0.5,,,,0.5,0.008323874638966942
0,weighted_fire_ppv_silence_sensitivity,CWE-319,2,29,2032,69,2132,71,2061,0.06451612903225806,0.028169014084507043,0.9859291606016497,0.9671584959543075,0.014070839398350316,0.971830985915493,0.9540337711069419,0.5070490873430784,0.0392156862745098,0.031746031746031744,0.021131833715489663,0.5070490873430784,0.024404281336297504
0,weighted_fire_ppv_silence_sensitivity,CWE-321,6,18,1999,109,2132,115,2017,0.25,0.05217391304347826,0.9910758552305404,0.948292220113852,0.008924144769459593,0.9478260869565217,0.9404315196998124,0.5216248841370094,0.08633093525179857,0.06198347107438017,0.0926071950253586,0.5216248841370094,0.05673160762395237
0,weighted_fire_ppv_silence_sensitivity,CWE-326,3,2,2091,36,2132,39,2093,0.6,0.07692307692307693,0.9990444338270426,0.9830747531734838,0.0009555661729574773,0.9230769230769231,0.9821763602251408,0.5379837553750597,0.13636363636363635,0.09316770186335403,0.21046315017083125,0.537996006223431,0.07791277096423126
0,weighted_fire_ppv_silence_sensitivity,CWE-327,20,28,2062,22,2132,42,2090,0.4166666666666667,0.47619047619047616,0.9866028708133971,0.989443378119002,0.013397129186602871,0.5238095238095238,0.9765478424015009,0.7313966735019366,0.4444444444444445,0.46296296296296297,0.43352627011318756,0.7973741171109592,0.20702257948224986
0,weighted_fire_ppv_silence_sensitivity,CWE-328,5,28,2054,45,2132,50,2082,0.15151515151515152,0.1,0.9865513928914506,0.9785612196283945,0.013448607108549471,0.9,0.9657598499061913,0.5432756964457253,0.12048192771084337,0.1072961373390558,0.10610509462197933,0.5432756964457253,0.04317842048392311
0,weighted_fire_ppv_silence_sensitivity,CWE-330,24,32,2033,43,2132,67,2065,0.42857142857142855,0.3582089552238806,0.9845036319612591,0.9792870905587668,0.01549636803874092,0.6417910447761194,0.9648217636022514,0.6713562935925699,0.39024390243902435,0.37037037037037035,0.37386929306458033,0.6713562935925699,0.17711176780482837
0,weighted_fire_ppv_silence_sensitivity,CWE-347,0,0,2104,28,2132,28,2104,,0.0,1.0,0.9868667917448405,0.0,1.0,0.9868667917448405,0.5,,,,0.5,0.009012521252487997
0,weighted_fire_ppv_silence_sensitivity,CWE-352,0,0,2095,37,2132,37,2095,,0.0,1.0,0.9826454033771107,0.0,1.0,0.9826454033771107,0.5,,,,0.5,0.016645982997221757
0,weighted_fire_ppv_silence_sensitivity,CWE-359,4,23,1995,110,2132,114,2018,0.14814814814814814,0.03508771929824561,0.9886025768087215,0.9477434679334917,0.011397423191278493,0.9649122807017544,0.9376172607879925,0.5118451480534836,0.05673758865248227,0.041407867494824016,0.04766236229090684,0.5118451480534836,0.044153202626377695
0,weighted_fire_ppv_silence_sensitivity,CWE-377,1,14,2102,15,2132,16,2116,0.06666666666666667,0.0625,0.9933837429111532,0.992914501653283,0.006616257088846881,0.9375,0.9863977485928705,0.5279418714555766,0.06451612903225808,0.06329113924050632,0.05770284822032796,0.7134038279773157,0.0349545781298608
0,weighted_fire_ppv_silence_sensitivity,CWE-400,7,78,1977,70,2132,77,2055,0.08235294117647059,0.09090909090909091,0.962043795620438,0.9658036150464093,0.03795620437956204,0.9090909090909091,0.9305816135084428,0.5264764432647644,0.08641975308641975,0.089058524173028,0.05049780844079316,0.5268145479824312,0.06946440452109537
0,weighted_fire_ppv_silence_sensitivity,CWE-477,0,0,2127,5,2132,5,2127,,0.0,1.0,0.9976547842401501,0.0,1.0,0.9976547842401501,0.5,,,,0.5,0.0017400774509686873
0,weighted_fire_ppv_silence_sensitivity,CWE-497,1,10,1979,142,2132,143,1989,0.09090909090909091,0.006993006993006993,0.9949723479135244,0.933050447901933,0.005027652086475616,0.993006993006993,0.9287054409005628,0.5009826774532657,0.012987012987012986,0.008576329331046312,0.006862142315667527,0.5009826774532656,0.0438999317713496
0,weighted_fire_ppv_silence_sensitivity,CWE-502,14,9,2082,27,2132,41,2091,0.6086956521739131,0.34146341463414637,0.9956958393113343,0.9871977240398293,0.00430416068866571,0.6585365853658537,0.9831144465290806,0.6685796269727403,0.4375,0.3743315508021391,0.44823092949424964,0.6688945655597158,0.303004425409421
0,weighted_fire_ppv_silence_sensitivity,CWE-521,0,3,2064,65,2132,65,2067,0.0,0.0,0.9985486211901307,0.9694692343823391,0.001451378809869376,1.0,0.9681050656660413,0.49927431059506533,,,-0.006656703859010216,0.49927431059506533,0.02172811544614147
0,weighted_fire_ppv_silence_sensitivity,CWE-522,0,0,2041,91,2132,91,2041,,0.0,1.0,0.9573170731707317,0.0,1.0,0.9573170731707317,0.5,,,,0.5,0.028491821263304514
0,weighted_fire_ppv_silence_sensitivity,CWE-532,4,17,1985,126,2132,130,2002,0.19047619047619047,0.03076923076923077,0.9915084915084915,0.9403126480341071,0.008491508491508492,0.9692307692307692,0.9329268292682927,0.5111388611388612,0.052980132450331126,0.036968576709796676,0.05397849035827398,0.5111388611388611,0.048076346177644926
0,weighted_fire_ppv_silence_sensitivity,CWE-601,2,12,2074,44,2132,46,2086,0.14285714285714285,0.043478260869565216,0.9942473633748802,0.9792256846081209,0.005752636625119847,0.9565217391304348,0.9737335834896811,0.5188628121222227,0.06666666666666667,0.050505050505050504,0.0678649458531722,0.5189305515027721,0.055563007013356466
0,weighted_fire_ppv_silence_sensitivity,CWE-605,0,19,2102,11,2132,11,2121,0.0,0.0,0.991041961338991,0.9947941315664931,0.008958038661008957,1.0,0.9859287054409006,0.4955209806694955,,,-0.0068289362781827605,0.4955209806694955,0.003451119114275854
0,weighted_fire_ppv_silence_sensitivity,CWE-611,9,36,2078,9,2132,18,2114,0.2,0.5,0.9829706717123936,0.9956875898418783,0.017029328287606435,0.5,0.9788930581613509,0.7414853358561968,0.28571428571428575,0.3846153846153846,0.3074270103808566,0.7415904551666141,0.14327437138541654
0,weighted_fire_ppv_silence_sensitivity,CWE-614,5,21,2040,66,2132,71,2061,0.19230769230769232,0.07042253521126761,0.9898107714701602,0.9686609686609686,0.010189228529839884,0.9295774647887324,0.9591932457786116,0.5301166533407139,0.10309278350515465,0.08064516129032258,0.09846661729857546,0.5300824842309558,0.03782163040003345
0,weighted_fire_ppv_silence_sensitivity,CWE-643,7,8,2074,43,2132,50,2082,0.4666666666666667,0.14,0.9961575408261287,0.9796882380727444,0.0038424591738712775,0.86,0.976078799249531,0.5680787704130643,0.2153846153846154,0.16279069767441862,0.24652502137713966,0.5680787704130643,0.1034475837400162
0,weighted_fire_ppv_silence_sensitivity,CWE-668,0,1,1789,342,2132,342,1790,0.0,0.0,0.9994413407821229,0.8395119662130455,0.0005586592178770949,1.0,0.8391181988742964,0.49972067039106144,,,-0.009468797148215437,0.49972067039106144,0.10128399385366717
0,weighted_fire_ppv_silence_sensitivity,CWE-706,0,0,2026,106,2132,106,2026,,0.0,1.0,0.950281425891182,0.0,1.0,0.950281425891182,0.5,,,,0.5,0.05496322735700618
0,weighted_fire_ppv_silence_sensitivity,CWE-73,3,46,1962,121,2132,124,2008,0.061224489795918366,0.024193548387096774,0.9770916334661355,0.941910705712914,0.022908366533864542,0.9758064516129032,0.9216697936210131,0.5006425909266161,0.034682080924855495,0.027522935779816515,0.002007310731871535,0.5006425909266161,0.04592467244449719
0,weighted_fire_ppv_silence_sensitivity,CWE-732,7,0,2077,48,2132,55,2077,1.0,0.12727272727272726,1.0,0.9774117647058823,0.0,0.8727272727272727,0.9774859287054409,0.5636363636363636,0.22580645161290322,0.1541850220264317,0.35270080941580906,0.5636363636363636,0.1599853852539568
0,weighted_fire_ppv_silence_sensitivity,CWE-74,6,1,1788,337,2132,343,1789,0.8571428571428571,0.01749271137026239,0.9994410285075461,0.8414117647058823,0.0005589714924538849,0.9825072886297376,0.8414634146341463,0.5084668699389042,0.03428571428571429,0.021754894851341553,0.10876186030418677,0.5084668699389042,0.1872930074108867
0,weighted_fire_ppv_silence_sensitivity,CWE-770,0,0,2075,57,2132,57,2075,,0.0,1.0,0.973264540337711,0.0,1.0,0.973264540337711,0.5,,,,0.5,0.045435648820465364
0,weighted_fire_ppv_silence_sensitivity,CWE-776,0,2,2093,37,2132,37,2095,0.0,0.0,0.9990453460620525,0.9826291079812206,0.0009546539379474941,1.0,0.9817073170731707,0.49952267303102627,,,-0.0040722463667352445,0.49952267303102627,0.02898837025499813
0,weighted_fire_ppv_silence_sensitivity,CWE-78,14,22,2000,96,2132,110,2022,0.3888888888888889,0.12727272727272726,0.9891196834817013,0.9541984732824428,0.010880316518298714,0.8727272727272727,0.9446529080675422,0.5581962053772143,0.19178082191780818,0.14705882352941177,0.19983184226368686,0.5988400323711897,0.17706879155648317
0,weighted_fire_ppv_silence_sensitivity,CWE-79,18,52,1954,108,2132,126,2006,0.2571428571428571,0.14285714285714285,0.9740777666999003,0.9476236663433559,0.0259222333000997,0.8571428571428571,0.924953095684803,0.5584674547785216,0.1836734693877551,0.15679442508710803,0.15473963585381245,0.558985741189131,0.10066181339145369
0,weighted_fire_ppv_silence_sensitivity,CWE-798,7,17,1999,109,2132,116,2016,0.2916666666666667,0.0603448275862069,0.9915674603174603,0.948292220113852,0.008432539682539682,0.9396551724137931,0.9409005628517824,0.5259561439518337,0.1,0.07172131147540985,0.11161010176320856,0.5259561439518337,0.05991835327019747
0,weighted_fire_ppv_silence_sensitivity,CWE-80,1,3,2006,122,2132,123,2009,0.25,0.008130081300813009,0.9985067197610752,0.9426691729323309,0.0014932802389248383,0.991869918699187,0.9413696060037523,0.5033184005309441,0.015748031496062995,0.010080645161290324,0.035759012451554203,0.5033184005309441,0.05282688625564226
0,weighted_fire_ppv_silence_sensitivity,CWE-827,0,0,2113,19,2132,19,2113,,0.0,1.0,0.9910881801125704,0.0,1.0,0.9910881801125704,0.5,,,,0.5,0.005454472709518794
0,weighted_fire_ppv_silence_sensitivity,CWE-829,0,0,2109,23,2132,23,2109,,0.0,1.0,0.9892120075046904,0.0,1.0,0.9892120075046904,0.5,,,,0.5,0.0063478313358232554
0,weighted_fire_ppv_silence_sensitivity,CWE-88,0,0,2066,66,2132,66,2066,,0.0,1.0,0.9690431519699813,0.0,1.0,0.9690431519699813,0.5,,,,0.5,0.02806287138422508
0,weighted_fire_ppv_silence_sensitivity,CWE-89,61,44,1980,47,2132,108,2024,0.580952380952381,0.5648148148148148,0.9782608695652174,0.9768130241736557,0.021739130434782608,0.4351851851851852,0.9573170731707317,0.7715378421900161,0.5727699530516432,0.5679702048417132,0.5503715373384858,0.7700396171863563,0.31702341905282977
0,weighted_fire_ppv_silence_sensitivity,CWE-90,0,0,2092,40,2132,40,2092,,0.0,1.0,0.9812382739212008,0.0,1.0,0.9812382739212008,0.5,,,,0.5,0.014951630478639446
0,weighted_fire_ppv_silence_sensitivity,CWE-916,5,28,2054,45,2132,50,2082,0.15151515151515152,0.1,0.9865513928914506,0.9785612196283945,0.013448607108549471,0.9,0.9657598499061913,0.5432756964457253,0.12048192771084337,0.1072961373390558,0.10610509462197933,0.5432756964457253,0.04317842048392311
0,weighted_fire_ppv_silence_sensitivity,CWE-918,0,6,2104,22,2132,22,2110,0.0,0.0,0.9971563981042654,0.9896519285042333,0.002843601895734597,1.0,0.9868667917448405,0.4985781990521327,,,-0.005424554887044589,0.4985781990521327,0.013386754830331084
0,weighted_fire_ppv_silence_sensitivity,CWE-93,0,0,2093,39,2132,39,2093,,0.0,1.0,0.9817073170731707,0.0,1.0,0.9817073170731707,0.5,,,,0.5,0.016734471018987493
0,weighted_fire_ppv_silence_sensitivity,CWE-939,0,0,2021,111,2132,111,2021,,0.0,1.0,0.9479362101313321,0.0,1.0,0.9479362101313321,0.5,,,,0.5,0.034159158796010704
0,weighted_fire_ppv_silence_sensitivity,CWE-94,12,42,2006,72,2132,84,2048,0.2222222222222222,0.14285714285714285,0.9794921875,0.9653512993262753,0.0205078125,0.8571428571428571,0.9465290806754222,0.5611746651785714,0.17391304347826086,0.15384615384615385,0.15149090650659455,0.5701555524553571,0.09107123534545843
0,weighted_fire_ppv_silence_sensitivity,CWE-942,0,0,2054,78,2132,78,2054,,0.0,1.0,0.9634146341463414,0.0,1.0,0.9634146341463414,0.5,,,,0.5,0.031017938710480884
0,weighted_fire_ppv_silence_sensitivity,CWE-95,18,51,2004,59,2132,77,2055,0.2608695652173913,0.23376623376623376,0.9751824817518249,0.9714008725157538,0.024817518248175182,0.7662337662337663,0.948405253283302,0.6044743577590294,0.2465753424657534,0.23872679045092837,0.2203011793367386,0.6049641356210699,0.11541875747743731
0,weighted_fire_ppv_silence_sensitivity,CWE-96,0,14,2042,76,2132,76,2056,0.0,0.0,0.9931906614785992,0.9641170915958451,0.006809338521400778,1.0,0.9577861163227017,0.4965953307392996,,,-0.01563134256730072,0.4965953307392996,0.03109408458686813
0,weighted_fire_ppv_silence_sensitivity,CWE-99,0,0,2090,42,2132,42,2090,,0.0,1.0,0.9803001876172608,0.0,1.0,0.9803001876172608,0.5,,,,0.5,0.01506426504174261
0,weighted_fire_specificity_silence_npv,CWE-113,0,1,2016,115,2132,115,2017,0.0,0.0,0.9995042141794744,0.9460347254809949,0.0004957858205255329,1.0,0.9455909943714822,0.4997521070897372,,,-0.00517254462593515,0.4997521070897372,0.04372047197254851
0,weighted_fire_specificity_silence_npv,CWE-116,0,10,2100,22,2132,22,2110,0.0,0.0,0.995260663507109,0.9896324222431668,0.004739336492890996,1.0,0.9849906191369606,0.4976303317535545,,,-0.0070096675816934744,0.5355234812580784,0.013374996397747878
0,weighted_fire_specificity_silence_npv,CWE-117,0,1,2030,101,2132,101,2031,0.0,0.0,0.999507631708518,0.9526044110746129,0.0004923682914820286,1.0,0.9521575984990619,0.499753815854259,,,-0.004830743746358051,0.499753815854259,0.0351496547230052
0,weighted_fire_specificity_silence_npv,CWE-1333,2,5,2093,32,2132,34,2098,0.2857142857142857,0.058823529411764705,0.9976167778836987,0.9849411764705882,0.0023832221163012394,0.9411764705882353,0.9826454033771107,0.5282201536477317,0.0975609756097561,0.06993006993006992,0.12359562070279828,0.5282201536477318,0.07979464559297911
0,weighted_fire_specificity_silence_npv,CWE-185,0,0,2122,10,2132,10,2122,,0.0,1.0,0.9953095684803002,0.0,1.0,0.9953095684803002,0.5,,,,0.5,0.004806074161910317
0,weighted_fire_specificity_silence_npv,CWE-20,11,36,1920,165,2132,176,1956,0.23404255319148937,0.0625,0.9815950920245399,0.920863309352518,0.018404907975460124,0.9375,0.9057223264540337,0.52204754601227,0.09865470852017938,0.07323568575233022,0.08264737300131643,0.48289790156162854,0.06924909388309584
0,weighted_fire_specificity_silence_npv,CWE-200,5,7,1896,224,2132,229,1903,0.4166666666666667,0.021834061135371178,0.9963215974776668,0.8943396226415095,0.0036784025223331584,0.9781659388646288,0.8916510318949343,0.509077829306519,0.04149377593360996,0.02693965517241379,0.07514335642747788,0.5091065130442165,0.09005978612714016
0,weighted_fire_specificity_silence_npv,CWE-208,14,75,1935,108,2132,122,2010,0.15730337078651685,0.11475409836065574,0.9626865671641791,0.947136563876652,0.03731343283582089,0.8852459016393442,0.9141651031894934,0.5387203327624174,0.13270142180094785,0.12131715771230502,0.0899327418001145,0.5387203327624174,0.05466111689270409
0,weighted_fire_specificity_silence_npv,CWE-209,4,7,1997,124,2132,128,2004,0.36363636363636365,0.03125,0.9965069860279441,0.9415370108439416,0.003493013972055888,0.96875,0.9385553470919324,0.513878493013972,0.05755395683453238,0.03824091778202677,0.09203636830921995,0.513878493013972,0.05512632774258599
0,weighted_fire_specificity_silence_npv,CWE-215,3,38,1982,109,2132,112,2020,0.07317073170731707,0.026785714285714284,0.9811881188118812,0.9478718316594931,0.01881188118811881,0.9732142857142857,0.9310506566604128,0.5039869165487977,0.0392156862745098,0.030674846625766868,0.01295337362359786,0.5039869165487978,0.037491518140996515
0,weighted_fire_specificity_silence_npv,CWE-22,5,2,2044,81,2132,86,2046,0.7142857142857143,0.05813953488372093,0.9990224828934506,0.9618823529411765,0.0009775171065493646,0.9418604651162791,0.9610694183864915,0.5285810088885858,0.10752688172043011,0.07122507122507123,0.19659890915053235,0.6081776125849644,0.2171945464570707
0,weighted_fire_specificity_silence_npv,CWE-23,17,32,2017,66,2132,83,2049,0.3469387755102041,0.20481927710843373,0.984382625671059,0.9683149303888622,0.015617374328940947,0.7951807228915663,0.9540337711069419,0.5946009513897463,0.25757575757575757,0.22309711286089237,0.24422653626170512,0.5946009513897464,0.16601677763826453
0,weighted_fire_specificity_silence_npv,CWE-259,7,17,2003,105,2132,112,2020,0.2916666666666667,0.0625,0.9915841584158416,0.9501897533206831,0.008415841584158416,0.9375,0.9427767354596623,0.5270420792079208,0.10294117647058823,0.07415254237288135,0.11437045480579387,0.5769934582743989,0.09475718780452268
0,weighted_fire_specificity_silence_npv,CWE-276,6,3,2076,47,2132,53,2079,0.6666666666666666,0.11320754716981132,0.9985569985569985,0.9778615167216204,0.001443001443001443,0.8867924528301887,0.9765478424015009,0.555882272863405,0.1935483870967742,0.13574660633484162,0.26839411249973033,0.555882272863405,0.09600629885986914
0,weighted_fire_specificity_silence_npv,CWE-284,0,1,1733,398,2132,398,1734,0.0,0.0,0.9994232987312572,0.8132332238385734,0.0005767012687427913,1.0,0.8128517823639775,0.4997116493656286,,,-0.01037827715814603,0.4997116493656286,0.11977755453504645
0,weighted_fire_specificity_silence_npv,CWE-287,2,5,1915,210,2132,212,1920,0.2857142857142857,0.009433962264150943,0.9973958333333334,0.9011764705882352,0.0026041666666666665,0.9905660377358491,0.899155722326454,0.5034148977987422,0.0182648401826484,0.011695906432748536,0.035727099862785744,0.5034148977987422,0.06749476368352633
0,weighted_fire_specificity_silence_npv,CWE-295,0,2,2071,59,2132,59,2073,0.0,0.0,0.9990352146647371,0.9723004694835681,0.000964785335262904,1.0,0.9713883677298312,0.49951760733236855,,,-0.0051695358433732535,0.4992764109985528,0.023001307838222726
0,weighted_fire_specificity_silence_npv,CWE-312,1,26,2070,35,2132,36,2096,0.037037037037037035,0.027777777777777776,0.9875954198473282,0.9833729216152018,0.012404580152671756,0.9722222222222222,0.9713883677298312,0.507686598812553,0.031746031746031744,0.02923976608187134,0.01771345047925761,0.507686598812553,0.012480827298530664
0,weighted_fire_specificity_silence_npv,CWE-315,1,5,2099,27,2132,28,2104,0.16666666666666666,0.03571428571428571,0.9976235741444867,0.9873000940733773,0.002376425855513308,0.9642857142857143,0.9849906191369606,0.5166689299293862,0.058823529411764705,0.0423728813559322,0.07164441564044419,0.5166689299293862,0.020295189662628464
0,weighted_fire_specificity_silence_npv,CWE-319,2,29,2032,69,2132,71,2061,0.06451612903225806,0.028169014084507043,0.9859291606016497,0.9671584959543075,0.014070839398350316,0.971830985915493,0.9540337711069419,0.5070490873430784,0.0392156862745098,0.031746031746031744,0.021131833715489663,0.5070490873430784,0.024404281336297504
0,weighted_fire_specificity_silence_npv,CWE-321,6,18,1999,109,2132,115,2017,0.25,0.05217391304347826,0.9910758552305404,0.948292220113852,0.008924144769459593,0.9478260869565217,0.9404315196998124,0.5216248841370094,0.08633093525179857,0.06198347107438017,0.0926071950253586,0.5216248841370094,0.05673160762395237
0,weighted_fire_specificity_silence_npv,CWE-326,1,0,2093,38,2132,39,2093,1.0,0.02564102564102564,1.0,0.9821679962458939,0.0,0.9743589743589743,0.9821763602251408,0.5128205128205128,0.05,0.03184713375796178,0.15869402879609473,0.537996006223431,0.07791277096423126
0,weighted_fire_specificity_silence_npv,CWE-327,20,28,2062,22,2132,42,2090,0.4166666666666667,0.47619047619047616,0.9866028708133971,0.989443378119002,0.013397129186602871,0.5238095238095238,0.9765478424015009,0.7313966735019366,0.4444444444444445,0.46296296296296297,0.43352627011318756,0.7973741171109592,0.20702257948224986
0,weighted_fire_specificity_silence_npv,CWE-328,5,28,2054,45,2132,50,2082,0.15151515151515152,0.1,0.9865513928914506,0.9785612196283945,0.013448607108549471,0.9,0.9657598499061913,0.5432756964457253,0.12048192771084337,0.1072961373390558,0.10610509462197933,0.5432756964457253,0.04317842048392311
0,weighted_fire_specificity_silence_npv,CWE-330,24,32,2033,43,2132,67,2065,0.42857142857142855,0.3582089552238806,0.9845036319612591,0.9792870905587668,0.01549636803874092,0.6417910447761194,0.9648217636022514,0.6713562935925699,0.39024390243902435,0.37037037037037035,0.37386929306458033,0.6713562935925699,0.17711176780482837
0,weighted_fire_specificity_silence_npv,CWE-347,0,0,2104,28,2132,28,2104,,0.0,1.0,0.9868667917448405,0.0,1.0,0.9868667917448405,0.5,,,,0.5,0.009012521252487997
0,weighted_fire_specificity_silence_npv,CWE-352,0,0,2095,37,2132,37,2095,,0.0,1.0,0.9826454033771107,0.0,1.0,0.9826454033771107,0.5,,,,0.5,0.016645982997221757
0,weighted_fire_specificity_silence_npv,CWE-359,4,23,1995,110,2132,114,2018,0.14814814814814814,0.03508771929824561,0.9886025768087215,0.9477434679334917,0.011397423191278493,0.9649122807017544,0.9376172607879925,0.5118451480534836,0.05673758865248227,0.041407867494824016,0.04766236229090684,0.5118451480534836,0.044153202626377695
0,weighted_fire_specificity_silence_npv,CWE-377,1,14,2102,15,2132,16,2116,0.06666666666666667,0.0625,0.9933837429111532,0.992914501653283,0.006616257088846881,0.9375,0.9863977485928705,0.5279418714555766,0.06451612903225808,0.06329113924050632,0.05770284822032796,0.7134038279773157,0.0349545781298608
0,weighted_fire_specificity_silence_npv,CWE-400,2,7,2048,75,2132,77,2055,0.2222222222222222,0.025974025974025976,0.9965936739659368,0.9646726330664155,0.0034063260340632603,0.974025974025974,0.9615384615384616,0.5112838499699813,0.046511627906976744,0.03154574132492114,0.06494449179473752,0.5268145479824312,0.06946440452109537
0,weighted_fire_specificity_silence_npv,CWE-477,0,232,1895,5,2132,5,2127,0.0,0.0,0.8909261871180065,0.9973684210526316,0.10907381288199341,1.0,0.8888367729831145,0.44546309355900326,,,-0.01694214713929307,0.44546309355900326,0.001738961934153076
0,weighted_fire_specificity_silence_npv,CWE-497,1,10,1979,142,2132,143,1989,0.09090909090909091,0.006993006993006993,0.9949723479135244,0.933050447901933,0.005027652086475616,0.993006993006993,0.9287054409005628,0.5009826774532657,0.012987012987012986,0.008576329331046312,0.006862142315667527,0.5009826774532656,0.0438999317713496
0,weighted_fire_specificity_silence_npv,CWE-502,11,6,2085,30,2132,41,2091,0.6470588235294118,0.2682926829268293,0.9971305595408895,0.9858156028368794,0.0028694404591104736,0.7317073170731707,0.9831144465290806,0.6327116212338594,0.3793103448275862,0.30386740331491713,0.40985312286359193,0.6688945655597158,0.303004425409421
0,weighted_fire_specificity_silence_npv,CWE-521,0,3,2064,65,2132,65,2067,0.0,0.0,0.9985486211901307,0.9694692343823391,0.001451378809869376,1.0,0.9681050656660413,0.49927431059506533,,,-0.006656703859010216,0.49927431059506533,0.02172811544614147
0,weighted_fire_specificity_silence_npv,CWE-522,0,0,2041,91,2132,91,2041,,0.0,1.0,0.9573170731707317,0.0,1.0,0.9573170731707317,0.5,,,,0.5,0.028491821263304514
0,weighted_fire_specificity_silence_npv,CWE-532,4,18,1984,126,2132,130,2002,0.18181818181818182,0.03076923076923077,0.991008991008991,0.9402843601895735,0.008991008991008992,0.9692307692307692,0.9324577861163227,0.5108891108891109,0.052631578947368425,0.036900369003690044,0.051567201199304344,0.5108814262660416,0.04755493430514668
0,weighted_fire_specificity_silence_npv,CWE-601,2,12,2074,44,2132,46,2086,0.14285714285714285,0.043478260869565216,0.9942473633748802,0.9792256846081209,0.005752636625119847,0.9565217391304348,0.9737335834896811,0.5188628121222227,0.06666666666666667,0.050505050505050504,0.0678649458531722,0.5188992871732877,0.053147548076158395
0,weighted_fire_specificity_silence_npv,CWE-605,0,19,2102,11,2132,11,2121,0.0,0.0,0.991041961338991,0.9947941315664931,0.008958038661008957,1.0,0.9859287054409006,0.4955209806694955,,,-0.0068289362781827605,0.4955209806694955,0.003451119114275854
0,weighted_fire_specificity_silence_npv,CWE-611,2,1,2113,16,2132,18,2114,0.6666666666666666,0.1111111111111111,0.9995269631031221,0.9924847346171912,0.0004730368968779565,0.8888888888888888,0.9920262664165104,0.5553190371071166,0.1904761904761905,0.1333333333333333,0.27005044279478463,0.7423262903395353,0.19621313695925713
0,weighted_fire_specificity_silence_npv,CWE-614,5,21,2040,66,2132,71,2061,0.19230769230769232,0.07042253521126761,0.9898107714701602,0.9686609686609686,0.010189228529839884,0.9295774647887324,0.9591932457786116,0.5301166533407139,0.10309278350515465,0.08064516129032258,0.09846661729857546,0.5300824842309558,0.03782163040003345
0,weighted_fire_specificity_silence_npv,CWE-643,7,8,2074,43,2132,50,2082,0.4666666666666667,0.14,0.9961575408261287,0.9796882380727444,0.0038424591738712775,0.86,0.976078799249531,0.5680787704130643,0.2153846153846154,0.16279069767441862,0.24652502137713966,0.5680787704130643,0.1034475837400162
0,weighted_fire_specificity_silence_npv,CWE-668,0,1,1789,342,2132,342,1790,0.0,0.0,0.9994413407821229,0.8395119662130455,0.0005586592178770949,1.0,0.8391181988742964,0.49972067039106144,,,-0.009468797148215437,0.49972067039106144,0.10128399385366717
0,weighted_fire_specificity_silence_npv,CWE-706,0,3,2023,106,2132,106,2026,0.0,0.0,0.9985192497532083,0.9502113668388915,0.0014807502467917078,1.0,0.948874296435272,0.49925962487660414,,,-0.008586299018828382,0.49925962487660414,0.0545472497016898
0,weighted_fire_specificity_silence_npv,CWE-73,3,46,1962,121,2132,124,2008,0.061224489795918366,0.024193548387096774,0.9770916334661355,0.941910705712914,0.022908366533864542,0.9758064516129032,0.9216697936210131,0.5006425909266161,0.034682080924855495,0.027522935779816515,0.002007310731871535,0.5006425909266161,0.04592467244449719
0,weighted_fire_specificity_silence_npv,CWE-732,7,0,2077,48,2132,55,2077,1.0,0.12727272727272726,1.0,0.9774117647058823,0.0,0.8727272727272727,0.9774859287054409,0.5636363636363636,0.22580645161290322,0.1541850220264317,0.35270080941580906,0.5636363636363636,0.1599853852539568
0,weighted_fire_specificity_silence_npv,CWE-74,6,1,1788,337,2132,343,1789,0.8571428571428571,0.01749271137026239,0.9994410285075461,0.8414117647058823,0.0005589714924538849,0.9825072886297376,0.8414634146341463,0.5084668699389042,0.03428571428571429,0.021754894851341553,0.10876186030418677,0.5084668699389042,0.1872930074108867
0,weighted_fire_specificity_silence_npv,CWE-770,0,2,2073,57,2132,57,2075,0.0,0.0,0.9990361445783132,0.9732394366197183,0.0009638554216867469,1.0,0.9723264540337712,0.4995180722891566,,,-0.005078711854543072,0.4995180722891566,0.04494246552279272
0,weighted_fire_specificity_silence_npv,CWE-776,0,2,2093,37,2132,37,2095,0.0,0.0,0.9990453460620525,0.9826291079812206,0.0009546539379474941,1.0,0.9817073170731707,0.49952267303102627,,,-0.0040722463667352445,0.49952267303102627,0.02898837025499813
0,weighted_fire_specificity_silence_npv,CWE-78,9,5,2017,101,2132,110,2022,0.6428571428571429,0.08181818181818182,0.9975272007912958,0.9523135033050047,0.002472799208704253,0.9181818181818182,0.950281425891182,0.5396726913047388,0.14516129032258066,0.09911894273127753,0.2173109353844523,0.5988400323711897,0.17706879155648317
0,weighted_fire_specificity_silence_npv,CWE-79,10,18,1988,116,2132,126,2006,0.35714285714285715,0.07936507936507936,0.9910269192422732,0.9448669201520913,0.00897308075772682,0.9206349206349206,0.9371482176360225,0.5351959993036762,0.12987012987012986,0.09398496240601505,0.1458049101462391,0.5587246197914194,0.0984893720930891
0,weighted_fire_specificity_silence_npv,CWE-798,7,19,1997,109,2132,116,2016,0.2692307692307692,0.0603448275862069,0.9905753968253969,0.9482431149097815,0.009424603174603174,0.9396551724137931,0.9399624765478424,0.5254601122058019,0.09859154929577464,0.07142857142857144,0.10523221457376991,0.5254002463054187,0.05562665276007449
0,weighted_fire_specificity_silence_npv,CWE-80,1,3,2006,122,2132,123,2009,0.25,0.008130081300813009,0.9985067197610752,0.9426691729323309,0.0014932802389248383,0.991869918699187,0.9413696060037523,0.5033184005309441,0.015748031496062995,0.010080645161290324,0.035759012451554203,0.5033184005309441,0.05282688625564226
0,weighted_fire_specificity_silence_npv,CWE-827,0,3,2110,19,2132,19,2113,0.0,0.0,0.9985802176999526,0.9910756223579145,0.001419782300047326,1.0,0.9896810506566605,0.4992901088499763,,,-0.003559588939073031,0.4992901088499763,0.005451271879378384
0,weighted_fire_specificity_silence_npv,CWE-829,0,8,2101,23,2132,23,2109,0.0,0.0,0.9962067330488383,0.9891713747645952,0.003793266951161688,1.0,0.9854596622889306,0.49810336652441917,,,-0.006409045656880347,0.49810336652441917,0.006346484798345829
0,weighted_fire_specificity_silence_npv,CWE-88,1,10,2056,65,2132,66,2066,0.09090909090909091,0.015151515151515152,0.995159728944821,0.9693540782649693,0.00484027105517909,0.9848484848484849,0.9648217636022514,0.5051556220481681,0.025974025974025976,0.018181818181818184,0.024927660286768395,0.505155622048168,0.03606590934380958
0,weighted_fire_specificity_silence_npv,CWE-89,42,29,1995,66,2132,108,2024,0.5915492957746479,0.3888888888888889,0.9856719367588933,0.9679767103347889,0.01432806324110672,0.6111111111111112,0.9554409005628518,0.6872804128238911,0.4692737430167597,0.41749502982107356,0.45779528483783744,0.7700670655833699,0.31701375082904365
0,weighted_fire_specificity_silence_npv,CWE-90,0,0,2092,40,2132,40,2092,,0.0,1.0,0.9812382739212008,0.0,1.0,0.9812382739212008,0.5,,,,0.5,0.014951630478639446
0,weighted_fire_specificity_silence_npv,CWE-916,5,28,2054,45,2132,50,2082,0.15151515151515152,0.1,0.9865513928914506,0.9785612196283945,0.013448607108549471,0.9,0.9657598499061913,0.5432756964457253,0.12048192771084337,0.1072961373390558,0.10610509462197933,0.5432756964457253,0.04317842048392311
0,weighted_fire_specificity_silence_npv,CWE-918,0,6,2104,22,2132,22,2110,0.0,0.0,0.9971563981042654,0.9896519285042333,0.002843601895734597,1.0,0.9868667917448405,0.4985781990521327,,,-0.005424554887044589,0.4985781990521327,0.013386754830331084
0,weighted_fire_specificity_silence_npv,CWE-93,0,1,2092,39,2132,39,2093,0.0,0.0,0.9995222169135213,0.981698732989207,0.00047778308647873863,1.0,0.9812382739212008,0.49976110845676064,,,-0.002957031592473815,0.49976110845676064,0.01672154246729537
0,weighted_fire_specificity_silence_npv,CWE-939,0,2,2019,111,2132,111,2021,0.0,0.0,0.9990103908955963,0.9478873239436619,0.0009896091044037606,1.0,0.9469981238273921,0.49950519544779814,,,-0.0071813075884685496,0.49950519544779814,0.034036354286901785
0,weighted_fire_specificity_silence_npv,CWE-94,3,3,2045,81,2132,84,2048,0.5,0.03571428571428571,0.99853515625,0.9619002822201317,0.00146484375,0.9642857142857143,0.9606003752345216,0.5171247209821429,0.06666666666666667,0.043859649122807015,0.12577689338342554,0.5701729910714286,0.0962299655041886
0,weighted_fire_specificity_silence_npv,CWE-942,0,0,2054,78,2132,78,2054,,0.0,1.0,0.9634146341463414,0.0,1.0,0.9634146341463414,0.5,,,,0.5,0.031017938710480884
0,weighted_fire_specificity_silence_npv,CWE-95,8,14,2041,69,2132,77,2055,0.36363636363636365,0.1038961038961039,0.9931873479318735,0.9672985781990522,0.006812652068126521,0.8961038961038961,0.9610694183864915,0.5485417259139886,0.16161616161616163,0.12121212121212122,0.1792437069575194,0.6049009384775809,0.11407364810322837
0,weighted_fire_specificity_silence_npv,CWE-96,0,14,2042,76,2132,76,2056,0.0,0.0,0.9931906614785992,0.9641170915958451,0.006809338521400778,1.0,0.9577861163227017,0.4965953307392996,,,-0.01563134256730072,0.4965953307392996,0.03109408458686813
0,weighted_fire_specificity_silence_npv,CWE-99,4,45,2045,38,2132,42,2090,0.08163265306122448,0.09523809523809523,0.9784688995215312,0.9817570811329813,0.0215311004784689,0.9047619047619048,0.9610694183864915,0.5368534973798131,0.0879120879120879,0.09216589861751151,0.06835398164018268,0.5368534973798131,0.034478081591599596
0,weighted_fire_specificity_silence_sensitivity,CWE-113,0,1,2016,115,2132,115,2017,0.0,0.0,0.9995042141794744,0.9460347254809949,0.0004957858205255329,1.0,0.9455909943714822,0.4997521070897372,,,-0.00517254462593515,0.4997521070897372,0.04372047197254851
0,weighted_fire_specificity_silence_sensitivity,CWE-116,2,41,2069,20,2132,22,2110,0.046511627906976744,0.09090909090909091,0.9805687203791469,0.990426041168023,0.01943127962085308,0.9090909090909091,0.9713883677298312,0.5357389056441189,0.06153846153846154,0.07633587786259541,0.05138310753127148,0.5359543300301595,0.01871687673962822
0,weighted_fire_specificity_silence_sensitivity,CWE-117,0,1,2030,101,2132,101,2031,0.0,0.0,0.999507631708518,0.9526044110746129,0.0004923682914820286,1.0,0.9521575984990619,0.499753815854259,,,-0.004830743746358051,0.499753815854259,0.0351496547230052
0,weighted_fire_specificity_silence_sensitivity,CWE-1333,2,5,2093,32,2132,34,2098,0.2857142857142857,0.058823529411764705,0.9976167778836987,0.9849411764705882,0.0023832221163012394,0.9411764705882353,0.9826454033771107,0.5282201536477317,0.0975609756097561,0.06993006993006992,0.12359562070279828,0.5282201536477318,0.07979464559297911
0,weighted_fire_specificity_silence_sensitivity,CWE-185,0,0,2122,10,2132,10,2122,,0.0,1.0,0.9953095684803002,0.0,1.0,0.9953095684803002,0.5,,,,0.5,0.004806074161910317
0,weighted_fire_specificity_silence_sensitivity,CWE-20,23,338,1618,153,2132,176,1956,0.06371191135734072,0.13068181818181818,0.8271983640081799,0.9136081309994354,0.17280163599182005,0.8693181818181818,0.7696998123827392,0.478940091094999,0.0856610800744879,0.107981220657277,-0.030907534419153386,0.47398011944599366,0.06082813310138189
0,weighted_fire_specificity_silence_sensitivity,CWE-200,5,7,1896,224,2132,229,1903,0.4166666666666667,0.021834061135371178,0.9963215974776668,0.8943396226415095,0.0036784025223331584,0.9781659388646288,0.8916510318949343,0.509077829306519,0.04149377593360996,0.02693965517241379,0.07514335642747788,0.5091065130442165,0.09005978612714016
0,weighted_fire_specificity_silence_sensitivity,CWE-208,14,75,1935,108,2132,122,2010,0.15730337078651685,0.11475409836065574,0.9626865671641791,0.947136563876652,0.03731343283582089,0.8852459016393442,0.9141651031894934,0.5387203327624174,0.13270142180094785,0.12131715771230502,0.0899327418001145,0.5387203327624174,0.05466111689270409
0,weighted_fire_specificity_silence_sensitivity,CWE-209,4,7,1997,124,2132,128,2004,0.36363636363636365,0.03125,0.9965069860279441,0.9415370108439416,0.003493013972055888,0.96875,0.9385553470919324,0.513878493013972,0.05755395683453238,0.03824091778202677,0.09203636830921995,0.513878493013972,0.05512632774258599
0,weighted_fire_specificity_silence_sensitivity,CWE-215,3,38,1982,109,2132,112,2020,0.07317073170731707,0.026785714285714284,0.9811881188118812,0.9478718316594931,0.01881188118811881,0.9732142857142857,0.9310506566604128,0.5039869165487977,0.0392156862745098,0.030674846625766868,0.01295337362359786,0.5039869165487978,0.037491518140996515
0,weighted_fire_specificity_silence_sensitivity,CWE-22,20,35,2011,66,2132,86,2046,0.36363636363636365,0.23255813953488372,0.9828934506353861,0.9682233991333654,0.01710654936461388,0.7674418604651163,0.952626641651032,0.6077257950851349,0.28368794326241137,0.2506265664160401,0.267394303608485,0.6080412148491668,0.19752241779974858
0,weighted_fire_specificity_silence_sensitivity,CWE-23,17,32,2017,66,2132,83,2049,0.3469387755102041,0.20481927710843373,0.984382625671059,0.9683149303888622,0.015617374328940947,0.7951807228915663,0.9540337711069419,0.5946009513897463,0.25757575757575757,0.22309711286089237,0.24422653626170512,0.5946009513897464,0.16601677763826453
0,weighted_fire_specificity_silence_sensitivity,CWE-259,23,107,1913,89,2132,112,2020,0.17692307692307693,0.20535714285714285,0.947029702970297,0.9555444555444556,0.05297029702970297,0.7946428571428571,0.9080675422138836,0.5761934229137199,0.1900826446280992,0.19896193771626297,0.14207853267566942,0.5768078147100424,0.09353837616068032
0,weighted_fire_specificity_silence_sensitivity,CWE-276,6,3,2076,47,2132,53,2079,0.6666666666666666,0.11320754716981132,0.9985569985569985,0.9778615167216204,0.001443001443001443,0.8867924528301887,0.9765478424015009,0.555882272863405,0.1935483870967742,0.13574660633484162,0.26839411249973033,0.555882272863405,0.09600629885986914
0,weighted_fire_specificity_silence_sensitivity,CWE-284,0,1,1733,398,2132,398,1734,0.0,0.0,0.9994232987312572,0.8132332238385734,0.0005767012687427913,1.0,0.8128517823639775,0.4997116493656286,,,-0.01037827715814603,0.4997116493656286,0.11977755453504645
0,weighted_fire_specificity_silence_sensitivity,CWE-287,2,5,1915,210,2132,212,1920,0.2857142857142857,0.009433962264150943,0.9973958333333334,0.9011764705882352,0.0026041666666666665,0.9905660377358491,0.899155722326454,0.5034148977987422,0.0182648401826484,0.011695906432748536,0.035727099862785744,0.5034148977987422,0.06749476368352633
0,weighted_fire_specificity_silence_sensitivity,CWE-295,0,3,2070,59,2132,59,2073,0.0,0.0,0.9985528219971056,0.9722874589008924,0.001447178002894356,1.0,0.9709193245778611,0.4992764109985528,,,-0.006332849270504885,0.4992764109985528,0.023001307838222726
0,weighted_fire_specificity_silence_sensitivity,CWE-312,1,26,2070,35,2132,36,2096,0.037037037037037035,0.027777777777777776,0.9875954198473282,0.9833729216152018,0.012404580152671756,0.9722222222222222,0.9713883677298312,0.507686598812553,0.031746031746031744,0.02923976608187134,0.01771345047925761,0.507686598812553,0.012480827298530664
0,weighted_fire_specificity_silence_sensitivity,CWE-315,1,5,2099,27,2132,28,2104,0.16666666666666666,0.03571428571428571,0.9976235741444867,0.9873000940733773,0.002376425855513308,0.9642857142857143,0.9849906191369606,0.5166689299293862,0.058823529411764705,0.0423728813559322,0.07164441564044419,0.5166689299293862,0.020295189662628464
0,weighted_fire_specificity_silence_sensitivity,CWE-319,2,29,2032,69,2132,71,2061,0.06451612903225806,0.028169014084507043,0.9859291606016497,0.9671584959543075,0.014070839398350316,0.971830985915493,0.9540337711069419,0.5070490873430784,0.0392156862745098,0.031746031746031744,0.021131833715489663,0.5070490873430784,0.024404281336297504
0,weighted_fire_specificity_silence_sensitivity,CWE-321,6,18,1999,109,2132,115,2017,0.25,0.05217391304347826,0.9910758552305404,0.948292220113852,0.008924144769459593,0.9478260869565217,0.9404315196998124,0.5216248841370094,0.08633093525179857,0.06198347107438017,0.0926071950253586,0.5216248841370094,0.05673160762395237
0,weighted_fire_specificity_silence_sensitivity,CWE-326,3,2,2091,36,2132,39,2093,0.6,0.07692307692307693,0.9990444338270426,0.9830747531734838,0.0009555661729574773,0.9230769230769231,0.9821763602251408,0.5379837553750597,0.13636363636363635,0.09316770186335403,0.21046315017083125,0.537996006223431,0.07791277096423126
0,weighted_fire_specificity_silence_sensitivity,CWE-327,26,57,2033,16,2132,42,2090,0.3132530120481928,0.6190476190476191,0.9727272727272728,0.9921913128355295,0.02727272727272727,0.38095238095238093,0.9657598499061913,0.7958874458874459,0.41600000000000004,0.5179282868525896,0.42515206961900076,0.7973741171109592,0.20702257948224986
0,weighted_fire_specificity_silence_sensitivity,CWE-328,5,28,2054,45,2132,50,2082,0.15151515151515152,0.1,0.9865513928914506,0.9785612196283945,0.013448607108549471,0.9,0.9657598499061913,0.5432756964457253,0.12048192771084337,0.1072961373390558,0.10610509462197933,0.5432756964457253,0.04317842048392311
0,weighted_fire_specificity_silence_sensitivity,CWE-330,24,32,2033,43,2132,67,2065,0.42857142857142855,0.3582089552238806,0.9845036319612591,0.9792870905587668,0.01549636803874092,0.6417910447761194,0.9648217636022514,0.6713562935925699,0.39024390243902435,0.37037037037037035,0.37386929306458033,0.6713562935925699,0.17711176780482837
0,weighted_fire_specificity_silence_sensitivity,CWE-347,0,0,2104,28,2132,28,2104,,0.0,1.0,0.9868667917448405,0.0,1.0,0.9868667917448405,0.5,,,,0.5,0.009012521252487997
0,weighted_fire_specificity_silence_sensitivity,CWE-352,0,0,2095,37,2132,37,2095,,0.0,1.0,0.9826454033771107,0.0,1.0,0.9826454033771107,0.5,,,,0.5,0.016645982997221757
0,weighted_fire_specificity_silence_sensitivity,CWE-359,4,23,1995,110,2132,114,2018,0.14814814814814814,0.03508771929824561,0.9886025768087215,0.9477434679334917,0.011397423191278493,0.9649122807017544,0.9376172607879925,0.5118451480534836,0.05673758865248227,0.041407867494824016,0.04766236229090684,0.5118451480534836,0.044153202626377695
0,weighted_fire_specificity_silence_sensitivity,CWE-377,8,162,1954,8,2132,16,2116,0.047058823529411764,0.5,0.9234404536862004,0.9959225280326198,0.07655954631379962,0.5,0.9202626641651032,0.7117202268431002,0.08602150537634408,0.17094017094017094,0.13490753502111258,0.7115134688090737,0.029892574279242
0,weighted_fire_specificity_silence_sensitivity,CWE-400,7,78,1977,70,2132,77,2055,0.08235294117647059,0.09090909090909091,0.962043795620438,0.9658036150464093,0.03795620437956204,0.9090909090909091,0.9305816135084428,0.5264764432647644,0.08641975308641975,0.089058524173028,0.05049780844079316,0.5261383385470977,0.053698018601515664
0,weighted_fire_specificity_silence_sensitivity,CWE-477,0,232,1895,5,2132,5,2127,0.0,0.0,0.8909261871180065,0.9973684210526316,0.10907381288199341,1.0,0.8888367729831145,0.44546309355900326,,,-0.01694214713929307,0.44546309355900326,0.001738961934153076
0,weighted_fire_specificity_silence_sensitivity,CWE-497,1,10,1979,142,2132,143,1989,0.09090909090909091,0.006993006993006993,0.9949723479135244,0.933050447901933,0.005027652086475616,0.993006993006993,0.9287054409005628,0.5009826774532657,0.012987012987012986,0.008576329331046312,0.006862142315667527,0.5009826774532656,0.0438999317713496
0,weighted_fire_specificity_silence_sensitivity,CWE-502,14,9,2082,27,2132,41,2091,0.6086956521739131,0.34146341463414637,0.9956958393113343,0.9871977240398293,0.00430416068866571,0.6585365853658537,0.9831144465290806,0.6685796269727403,0.4375,0.3743315508021391,0.44823092949424964,0.6688595723833852,0.3007188623742906
0,weighted_fire_specificity_silence_sensitivity,CWE-521,0,3,2064,65,2132,65,2067,0.0,0.0,0.9985486211901307,0.9694692343823391,0.001451378809869376,1.0,0.9681050656660413,0.49927431059506533,,,-0.006656703859010216,0.49927431059506533,0.02172811544614147
0,weighted_fire_specificity_silence_sensitivity,CWE-522,0,0,2041,91,2132,91,2041,,0.0,1.0,0.9573170731707317,0.0,1.0,0.9573170731707317,0.5,,,,0.5,0.028491821263304514
0,weighted_fire_specificity_silence_sensitivity,CWE-532,4,18,1984,126,2132,130,2002,0.18181818181818182,0.03076923076923077,0.991008991008991,0.9402843601895735,0.008991008991008992,0.9692307692307692,0.9324577861163227,0.5108891108891109,0.052631578947368425,0.036900369003690044,0.051567201199304344,0.5108967955121801,0.04797406645504806
0,weighted_fire_specificity_silence_sensitivity,CWE-601,2,12,2074,44,2132,46,2086,0.14285714285714285,0.043478260869565216,0.9942473633748802,0.9792256846081209,0.005752636625119847,0.9565217391304348,0.9737335834896811,0.5188628121222227,0.06666666666666667,0.050505050505050504,0.0678649458531722,0.5189305515027721,0.055563007013356466
0,weighted_fire_specificity_silence_sensitivity,CWE-605,0,19,2102,11,2132,11,2121,0.0,0.0,0.991041961338991,0.9947941315664931,0.008958038661008957,1.0,0.9859287054409006,0.4955209806694955,,,-0.0068289362781827605,0.4955209806694955,0.003451119114275854
0,weighted_fire_specificity_silence_sensitivity,CWE-611,9,36,2078,9,2132,18,2114,0.2,0.5,0.9829706717123936,0.9956875898418783,0.017029328287606435,0.5,0.9788930581613509,0.7414853358561968,0.28571428571428575,0.3846153846153846,0.3074270103808566,0.7415904551666141,0.14327437138541654
0,weighted_fire_specificity_silence_sensitivity,CWE-614,5,21,2040,66,2132,71,2061,0.19230769230769232,0.07042253521126761,0.9898107714701602,0.9686609686609686,0.010189228529839884,0.9295774647887324,0.9591932457786116,0.5301166533407139,0.10309278350515465,0.08064516129032258,0.09846661729857546,0.5300824842309558,0.03782163040003345
0,weighted_fire_specificity_silence_sensitivity,CWE-643,7,8,2074,43,2132,50,2082,0.4666666666666667,0.14,0.9961575408261287,0.9796882380727444,0.0038424591738712775,0.86,0.976078799249531,0.5680787704130643,0.2153846153846154,0.16279069767441862,0.24652502137713966,0.5680787704130643,0.1034475837400162
0,weighted_fire_specificity_silence_sensitivity,CWE-668,0,1,1789,342,2132,342,1790,0.0,0.0,0.9994413407821229,0.8395119662130455,0.0005586592178770949,1.0,0.8391181988742964,0.49972067039106144,,,-0.009468797148215437,0.49972067039106144,0.10128399385366717
0,weighted_fire_specificity_silence_sensitivity,CWE-706,0,3,2023,106,2132,106,2026,0.0,0.0,0.9985192497532083,0.9502113668388915,0.0014807502467917078,1.0,0.948874296435272,0.49925962487660414,,,-0.008586299018828382,0.49925962487660414,0.0545472497016898
0,weighted_fire_specificity_silence_sensitivity,CWE-73,3,46,1962,121,2132,124,2008,0.061224489795918366,0.024193548387096774,0.9770916334661355,0.941910705712914,0.022908366533864542,0.9758064516129032,0.9216697936210131,0.5006425909266161,0.034682080924855495,0.027522935779816515,0.002007310731871535,0.5006425909266161,0.04592467244449719
0,weighted_fire_specificity_silence_sensitivity,CWE-732,7,0,2077,48,2132,55,2077,1.0,0.12727272727272726,1.0,0.9774117647058823,0.0,0.8727272727272727,0.9774859287054409,0.5636363636363636,0.22580645161290322,0.1541850220264317,0.35270080941580906,0.5636363636363636,0.1599853852539568
0,weighted_fire_specificity_silence_sensitivity,CWE-74,6,1,1788,337,2132,343,1789,0.8571428571428571,0.01749271137026239,0.9994410285075461,0.8414117647058823,0.0005589714924538849,0.9825072886297376,0.8414634146341463,0.5084668699389042,0.03428571428571429,0.021754894851341553,0.10876186030418677,0.5084668699389042,0.1872930074108867
0,weighted_fire_specificity_silence_sensitivity,CWE-770,0,2,2073,57,2132,57,2075,0.0,0.0,0.9990361445783132,0.9732394366197183,0.0009638554216867469,1.0,0.9723264540337712,0.4995180722891566,,,-0.005078711854543072,0.4995180722891566,0.04494246552279272
0,weighted_fire_specificity_silence_sensitivity,CWE-776,0,2,2093,37,2132,37,2095,0.0,0.0,0.9990453460620525,0.9826291079812206,0.0009546539379474941,1.0,0.9817073170731707,0.49952267303102627,,,-0.0040722463667352445,0.49952267303102627,0.02898837025499813
0,weighted_fire_specificity_silence_sensitivity,CWE-78,32,210,1812,78,2132,110,2022,0.1322314049586777,0.2909090909090909,0.8961424332344213,0.9587301587301588,0.10385756676557864,0.7090909090909091,0.8649155722326454,0.5935257620717561,0.1818181818181818,0.2346041055718475,0.1304396378654664,0.5979947846416689,0.17338707138753304
0,weighted_fire_specificity_silence_sensitivity,CWE-79,18,52,1954,108,2132,126,2006,0.2571428571428571,0.14285714285714285,0.9740777666999003,0.9476236663433559,0.0259222333000997,0.8571428571428571,0.924953095684803,0.5584674547785216,0.1836734693877551,0.15679442508710803,0.15473963585381245,0.558985741189131,0.10066181339145369
0,weighted_fire_specificity_silence_sensitivity,CWE-798,7,19,1997,109,2132,116,2016,0.2692307692307692,0.0603448275862069,0.9905753968253969,0.9482431149097815,0.009424603174603174,0.9396551724137931,0.9399624765478424,0.5254601122058019,0.09859154929577464,0.07142857142857144,0.10523221457376991,0.5254900451559934,0.05986714365348893
0,weighted_fire_specificity_silence_sensitivity,CWE-80,1,3,2006,122,2132,123,2009,0.25,0.008130081300813009,0.9985067197610752,0.9426691729323309,0.0014932802389248383,0.991869918699187,0.9413696060037523,0.5033184005309441,0.015748031496062995,0.010080645161290324,0.035759012451554203,0.5033184005309441,0.05282688625564226
0,weighted_fire_specificity_silence_sensitivity,CWE-827,0,3,2110,19,2132,19,2113,0.0,0.0,0.9985802176999526,0.9910756223579145,0.001419782300047326,1.0,0.9896810506566605,0.4992901088499763,,,-0.003559588939073031,0.4992901088499763,0.005451271879378384
0,weighted_fire_specificity_silence_sensitivity,CWE-829,0,8,2101,23,2132,23,2109,0.0,0.0,0.9962067330488383,0.9891713747645952,0.003793266951161688,1.0,0.9854596622889306,0.49810336652441917,,,-0.006409045656880347,0.49810336652441917,0.006346484798345829
0,weighted_fire_specificity_silence_sensitivity,CWE-88,1,10,2056,65,2132,66,2066,0.09090909090909091,0.015151515151515152,0.995159728944821,0.9693540782649693,0.00484027105517909,0.9848484848484849,0.9648217636022514,0.5051556220481681,0.025974025974025976,0.018181818181818184,0.024927660286768395,0.505155622048168,0.03606590934380958
0,weighted_fire_specificity_silence_sensitivity,CWE-89,61,44,1980,47,2132,108,2024,0.580952380952381,0.5648148148148148,0.9782608695652174,0.9768130241736557,0.021739130434782608,0.4351851851851852,0.9573170731707317,0.7715378421900161,0.5727699530516432,0.5679702048417132,0.5503715373384858,0.7700396171863563,0.31702341905282977
0,weighted_fire_specificity_silence_sensitivity,CWE-90,0,0,2092,40,2132,40,2092,,0.0,1.0,0.9812382739212008,0.0,1.0,0.9812382739212008,0.5,,,,0.5,0.014951630478639446
0,weighted_fire_specificity_silence_sensitivity,CWE-916,5,28,2054,45,2132,50,2082,0.15151515151515152,0.1,0.9865513928914506,0.9785612196283945,0.013448607108549471,0.9,0.9657598499061913,0.5432756964457253,0.12048192771084337,0.1072961373390558,0.10610509462197933,0.5432756964457253,0.04317842048392311
0,weighted_fire_specificity_silence_sensitivity,CWE-918,0,6,2104,22,2132,22,2110,0.0,0.0,0.9971563981042654,0.9896519285042333,0.002843601895734597,1.0,0.9868667917448405,0.4985781990521327,,,-0.005424554887044589,0.4985781990521327,0.013386754830331084
0,weighted_fire_specificity_silence_sensitivity,CWE-93,0,1,2092,39,2132,39,2093,0.0,0.0,0.9995222169135213,0.981698732989207,0.00047778308647873863,1.0,0.9812382739212008,0.49976110845676064,,,-0.002957031592473815,0.49976110845676064,0.01672154246729537
0,weighted_fire_specificity_silence_sensitivity,CWE-939,0,2,2019,111,2132,111,2021,0.0,0.0,0.9990103908955963,0.9478873239436619,0.0009896091044037606,1.0,0.9469981238273921,0.49950519544779814,,,-0.0071813075884685496,0.49950519544779814,0.034036354286901785
0,weighted_fire_specificity_silence_sensitivity,CWE-94,15,84,1964,69,2132,84,2048,0.15151515151515152,0.17857142857142858,0.958984375,0.9660600098376783,0.041015625,0.8214285714285714,0.9282363977485929,0.5687779017857143,0.16393442622950818,0.17241379310344826,0.1271736835981756,0.5698939732142857,0.08755601160749532
0,weighted_fire_specificity_silence_sensitivity,CWE-942,0,0,2054,78,2132,78,2054,,0.0,1.0,0.9634146341463414,0.0,1.0,0.9634146341463414,0.5,,,,0.5,0.031017938710480884
0,weighted_fire_specificity_silence_sensitivity,CWE-95,18,51,2004,59,2132,77,2055,0.2608695652173913,0.23376623376623376,0.9751824817518249,0.9714008725157538,0.024817518248175182,0.7662337662337663,0.948405253283302,0.6044743577590294,0.2465753424657534,0.23872679045092837,0.2203011793367386,0.6049641356210699,0.11541875747743731
0,weighted_fire_specificity_silence_sensitivity,CWE-96,0,14,2042,76,2132,76,2056,0.0,0.0,0.9931906614785992,0.9641170915958451,0.006809338521400778,1.0,0.9577861163227017,0.4965953307392996,,,-0.01563134256730072,0.4965953307392996,0.03109408458686813
0,weighted_fire_specificity_silence_sensitivity,CWE-99,4,45,2045,38,2132,42,2090,0.08163265306122448,0.09523809523809523,0.9784688995215312,0.9817570811329813,0.0215311004784689,0.9047619047619048,0.9610694183864915,0.5368534973798131,0.0879120879120879,0.09216589861751151,0.06835398164018268,0.5368534973798131,0.034478081591599596
1,dst_dempster,CWE-113,0,0,2024,110,2134,110,2024,,0.0,1.0,0.9484536082474226,0.0,1.0,0.9484536082474226,0.5,,,,0.5,0.0365519763213525
1,dst_dempster,CWE-116,0,0,2108,26,2134,26,2108,,0.0,1.0,0.9878163074039362,0.0,1.0,0.9878163074039362,0.5,,,,0.5470734199386951,0.01896479417716385
1,dst_dempster,CWE-117,1,1,2036,96,2134,97,2037,0.5,0.010309278350515464,0.9995090819833088,0.9549718574108818,0.0004909180166912126,0.9896907216494846,0.9545454545454546,0.5049091801669121,0.020202020202020204,0.01282051282051282,0.0668362000551299,0.5049091801669121,0.03636359801197168
1,dst_dempster,CWE-1333,0,0,2099,35,2134,35,2099,,0.0,1.0,0.9835988753514526,0.0,1.0,0.9835988753514526,0.5,,,,0.5,0.027038267000185922
1,dst_dempster,CWE-185,0,0,2123,11,2134,11,2123,,0.0,1.0,0.9948453608247423,0.0,1.0,0.9948453608247423,0.5,,,,0.5,0.005299223546473044
1,dst_dempster,CWE-20,0,11,1952,171,2134,171,1963,0.0,0.0,0.9943963321446765,0.9194536033914272,0.0056036678553234845,1.0,0.9147141518275539,0.49719816607233824,,,-0.021245123053011385,0.47916275661134494,0.0656141254926277
1,dst_dempster,CWE-200,12,5,1907,210,2134,222,1912,0.7058823529411765,0.05405405405405406,0.9973849372384938,0.9008030231459613,0.002615062761506276,0.9459459459459459,0.8992502343017807,0.5257194956462738,0.100418410041841,0.06629834254143648,0.176655834259337,0.5247300124392175,0.10715496562152015
1,dst_dempster,CWE-208,12,88,1921,113,2134,125,2009,0.12,0.096,0.9561971129915381,0.9444444444444444,0.043802887008461924,0.904,0.9058106841611996,0.5260985564957691,0.10666666666666666,0.1,0.05799839608423293,0.5260985564957691,0.046294983170844003
1,dst_dempster,CWE-209,2,10,1998,124,2134,126,2008,0.16666666666666666,0.015873015873015872,0.9950199203187251,0.941564561734213,0.0049800796812749,0.9841269841269841,0.9372071227741331,0.5054464680958705,0.028985507246376812,0.019379844961240306,0.03433592673752269,0.5054464680958705,0.04766270818823809
1,dst_dempster,CWE-215,4,46,1976,108,2134,112,2022,0.08,0.03571428571428571,0.9772502472799208,0.9481765834932822,0.02274975272007913,0.9642857142857143,0.9278350515463918,0.5064822664971033,0.04938271604938271,0.040160642570281124,0.019112724723667034,0.5064822664971033,0.03573501041326479
1,dst_dempster,CWE-22,0,0,2048,86,2134,86,2048,,0.0,1.0,0.9597000937207123,0.0,1.0,0.9597000937207123,0.5,,,,0.5806941542514535,0.1811606222528054
1,dst_dempster,CWE-23,12,24,2025,73,2134,85,2049,0.3333333333333333,0.1411764705882353,0.9882869692532943,0.9652049571020019,0.01171303074670571,0.8588235294117647,0.9545454545454546,0.5647317199207648,0.19834710743801653,0.15957446808510636,0.19659550860629577,0.5647317199207648,0.14962342851223095
1,dst_dempster,CWE-259,4,11,2013,106,2134,110,2024,0.26666666666666666,0.03636363636363636,0.9945652173913043,0.9499764039641341,0.005434782608695652,0.9636363636363636,0.9451733833177132,0.5154644268774703,0.064,0.04395604395604395,0.08185671535409496,0.5498248293208767,0.06776680676490829
1,dst_dempster,CWE-276,7,2,2078,47,2134,54,2080,0.7777777777777778,0.12962962962962962,0.9990384615384615,0.9778823529411764,0.0009615384615384616,0.8703703703703703,0.9770384254920338,0.5643340455840455,0.2222222222222222,0.15555555555555553,0.3118162064284634,0.5643340455840455,0.12340443031202834
1,dst_dempster,CWE-284,0,0,1731,403,2134,403,1731,,0.0,1.0,0.8111527647610122,0.0,1.0,0.8111527647610122,0.5,,,,0.5,0.12050454880306374
1,dst_dempster,CWE-287,5,4,1910,215,2134,220,1914,0.5555555555555556,0.022727272727272728,0.9979101358411703,0.8988235294117647,0.0020898641588296763,0.9772727272727273,0.8973758200562324,0.5103187042842215,0.04366812227074236,0.028121484814398197,0.09683597896146807,0.5103187042842215,0.07967870599391307
1,dst_dempster,CWE-295,1,0,2074,59,2134,60,2074,1.0,0.016666666666666666,1.0,0.9723394280356306,0.0,0.9833333333333333,0.9723523898781631,0.5083333333333333,0.03278688524590164,0.02074688796680498,0.12730144199468904,0.5073850851816136,0.04476174222435354
1,dst_dempster,CWE-312,0,29,2065,40,2134,40,2094,0.0,0.0,0.9861509073543457,0.9809976247030879,0.013849092645654251,1.0,0.9676663542642924,0.49307545367717287,,,-0.01622238132872075,0.49307545367717287,0.011028075790202863
1,dst_dempster,CWE-315,0,4,2100,30,2134,30,2104,0.0,0.0,0.9980988593155894,0.9859154929577465,0.0019011406844106464,1.0,0.9840674789128397,0.4990494296577947,,,-0.005174613933222113,0.4990494296577947,0.008486078222494087
1,dst_dempster,CWE-319,1,1,2056,76,2134,77,2057,0.5,0.012987012987012988,0.9995138551288284,0.9643527204502814,0.0004861448711716091,0.987012987012987,0.9639175257731959,0.5062504340579207,0.025316455696202535,0.016129032258064516,0.07618931760805532,0.5269463157163692,0.035557629169988156
1,dst_dempster,CWE-321,4,15,2005,110,2134,114,2020,0.21052631578947367,0.03508771929824561,0.9925742574257426,0.9479905437352246,0.007425742574257425,0.9649122807017544,0.9414245548266167,0.513830988361994,0.06015037593984962,0.042105263157894736,0.06621849951887998,0.5138309883619941,0.04771495517996048
1,dst_dempster,CWE-326,1,0,2095,38,2134,39,2095,1.0,0.02564102564102564,1.0,0.9821847163619315,0.0,0.9743589743589743,0.9821930646672915,0.5128205128205128,0.05,0.03184713375796178,0.15869537956871896,0.5230830426534484,0.04357833459132449
1,dst_dempster,CWE-327,3,17,2075,39,2134,42,2092,0.15,0.07142857142857142,0.9918738049713193,0.9815515610217597,0.008126195028680689,0.9285714285714286,0.9737582005623243,0.5316511881999454,0.09677419354838708,0.0797872340425532,0.09125528166518707,0.7616145406537376,0.18686701746947496
1,dst_dempster,CWE-328,4,23,2058,49,2134,53,2081,0.14814814814814814,0.07547169811320754,0.9889476213358962,0.9767441860465116,0.011052378664103796,0.9245283018867925,0.9662605435801312,0.5322096597245519,0.1,0.08368200836820083,0.08969659510388348,0.5322096597245519,0.04343108090994871
1,dst_dempster,CWE-330,20,34,2035,45,2134,65,2069,0.37037037037037035,0.3076923076923077,0.9835669405509908,0.9783653846153846,0.016433059449009184,0.6923076923076923,0.9629803186504218,0.6456296241216493,0.33613445378151263,0.3184713375796179,0.3187044302056533,0.6456296241216493,0.1542078603936903
1,dst_dempster,CWE-347,1,0,2103,30,2134,31,2103,1.0,0.03225806451612903,1.0,0.9859353023909986,0.0,0.967741935483871,0.985941893158388,0.5161290322580645,0.0625,0.04,0.1783377822932034,0.5161290322580645,0.04312692590304352
1,dst_dempster,CWE-352,0,0,2097,37,2134,37,2097,,0.0,1.0,0.9826616682286785,0.0,1.0,0.9826616682286785,0.5,,,,0.5,0.014465761563349406
1,dst_dempster,CWE-359,2,27,1992,113,2134,115,2019,0.06896551724137931,0.017391304347826087,0.986627043090639,0.9463182897862232,0.01337295690936107,0.9826086956521739,0.9343955014058107,0.5020091737192325,0.027777777777777776,0.02044989775051125,0.007836813562881313,0.5020091737192325,0.03535805030374894
1,dst_dempster,CWE-377,0,0,2119,15,2134,15,2119,,0.0,1.0,0.992970946579194,0.0,1.0,0.992970946579194,0.5,,,,0.662104766399245,0.02419636654128465
1,dst_dempster,CWE-400,0,0,2060,74,2134,74,2060,,0.0,1.0,0.9653233364573571,0.0,1.0,0.9653233364573571,0.5,,,,0.5058711624245604,0.042539353426147876
1,dst_dempster,CWE-477,0,206,1923,5,2134,5,2129,0.0,0.0,0.9032409581963363,0.9974066390041494,0.0967590418036637,1.0,0.901124648547329,0.45162047909816816,,,-0.015840805693193172,0.45162047909816816,0.0015270033142326506
1,dst_dempster,CWE-497,1,11,1978,144,2134,145,1989,0.08333333333333333,0.006896551724137931,0.9944695827048768,0.9321394910461829,0.005530417295123178,0.993103448275862,0.9273664479850047,0.5006830672145074,0.012738853503184714,0.008445945945945945,0.004597603516937481,0.5006830672145074,0.04163704846003179
1,dst_dempster,CWE-502,0,0,2092,42,2134,42,2092,,0.0,1.0,0.9803186504217432,0.0,1.0,0.9803186504217432,0.5,,,,0.6288297823909679,0.17623143029694585
1,dst_dempster,CWE-521,0,2,2067,65,2134,65,2069,0.0,0.0,0.9990333494441759,0.9695121951219512,0.0009666505558240696,1.0,0.9686035613870665,0.49951667472208794,,,-0.0054287248531512105,0.49951667472208794,0.023208696880783655
1,dst_dempster,CWE-522,1,0,2042,91,2134,92,2042,1.0,0.010869565217391304,1.0,0.9573370839193625,0.0,0.9891304347826086,0.957357075913777,0.5054347826086957,0.02150537634408602,0.013550135501355013,0.10200900876240648,0.5054347826086957,0.041672601789675585
1,dst_dempster,CWE-532,0,0,2003,131,2134,131,2003,,0.0,1.0,0.9386129334582943,0.0,1.0,0.9386129334582943,0.5,,,,0.5162523390486788,0.060626331086603424
1,dst_dempster,CWE-601,3,4,2083,44,2134,47,2087,0.42857142857142855,0.06382978723404255,0.9980833732630571,0.9793135872120358,0.0019166267369429804,0.9361702127659575,0.9775070290534208,0.5309565802485499,0.1111111111111111,0.07692307692307693,0.1589133425693501,0.5605572490289431,0.09657387293095131
1,dst_dempster,CWE-605,5,23,2097,9,2134,14,2120,0.17857142857142858,0.35714285714285715,0.9891509433962264,0.9957264957264957,0.010849056603773584,0.6428571428571429,0.9850046860356139,0.6731469002695418,0.2380952380952381,0.29761904761904767,0.24567924338698555,0.6731469002695418,0.07227700941587205
1,dst_dempster,CWE-611,0,1,2113,20,2134,20,2114,0.0,0.0,0.9995269631031221,0.9906235349273323,0.0004730368968779565,1.0,0.9901593252108716,0.49976348155156103,,,-0.002106042245934119,0.6656929990539262,0.05124750593489445
1,dst_dempster,CWE-614,1,5,2052,76,2134,77,2057,0.16666666666666666,0.012987012987012988,0.997569275644142,0.9642857142857143,0.0024307243558580457,0.987012987012987,0.9620431115276477,0.5052781443155775,0.024096385542168676,0.01592356687898089,0.037180251885514305,0.5340680224005455,0.04343416782306004
1,dst_dempster,CWE-643,3,7,2080,44,2134,47,2087,0.3,0.06382978723404255,0.9966459032103497,0.9792843691148776,0.0033540967896502154,0.9361702127659575,0.9761012183692596,0.5302378452221962,0.10526315789473684,0.07575757575757576,0.12996120595219463,0.5302378452221962,0.03188048247532087
1,dst_dempster,CWE-668,1,0,1784,349,2134,350,1784,1.0,0.002857142857142857,1.0,0.8363806844819504,0.0,0.9971428571428571,0.8364573570759137,0.5014285714285714,0.005698005698005697,0.0035688793718772305,0.04888413953952609,0.5014285714285714,0.10455402144352764
1,dst_dempster,CWE-706,0,2,2022,110,2134,110,2024,0.0,0.0,0.9990118577075099,0.948405253283302,0.0009881422924901185,1.0,0.9475164011246485,0.49950592885375494,,,-0.0071402346810931164,0.49950592885375494,0.06248153381283819
1,dst_dempster,CWE-73,0,36,1977,121,2134,121,2013,0.0,0.0,0.9821162444113264,0.94232602478551,0.01788375558867362,1.0,0.9264292408622306,0.4910581222056632,,,-0.0321158415203955,0.4910581222056632,0.03990899818714472
1,dst_dempster,CWE-732,7,1,2077,49,2134,56,2078,0.875,0.125,0.9995187680461982,0.9769520225776105,0.00048123195380173246,0.875,0.9765698219306467,0.5622593840230992,0.21875,0.15086206896551724,0.3257054133505167,0.5620488450433109,0.13682307630723933
1,dst_dempster,CWE-74,9,0,1792,333,2134,342,1792,1.0,0.02631578947368421,1.0,0.8432941176470589,0.0,0.9736842105263158,0.8439550140581068,0.5131578947368421,0.05128205128205127,0.032679738562091505,0.14896962933563435,0.5131578947368421,0.19018371624521996
1,dst_dempster,CWE-770,0,0,2076,58,2134,58,2076,,0.0,1.0,0.9728209934395501,0.0,1.0,0.9728209934395501,0.5,,,,0.4995183044315992,0.03664374990897209
1,dst_dempster,CWE-776,0,0,2098,36,2134,36,2098,,0.0,1.0,0.9831302717900656,0.0,1.0,0.9831302717900656,0.5,,,,0.4990467111534795,0.022936905030270367
1,dst_dempster,CWE-78,4,1,2023,106,2134,110,2024,0.8,0.03636363636363636,0.9995059288537549,0.9502113668388915,0.0004940711462450593,0.9636363636363636,0.9498594189315839,0.5179347826086956,0.06956521739130435,0.0449438202247191,0.16404193229066735,0.6251302551203737,0.18750967667676563
1,dst_dempster,CWE-79,0,0,2009,125,2134,125,2009,,0.0,1.0,0.9414245548266167,0.0,1.0,0.9414245548266167,0.5,,,,0.5758287705326033,0.15836247050092556
1,dst_dempster,CWE-798,0,1,2019,114,2134,114,2020,0.0,0.0,0.9995049504950495,0.9465541490857946,0.0004950495049504951,1.0,0.9461105904404874,0.49975247524752475,,,-0.005143767300018083,0.5133446239360778,0.04765546839610843
1,dst_dempster,CWE-80,1,0,2011,122,2134,123,2011,1.0,0.008130081300813009,1.0,0.9428035630567276,0.0,0.991869918699187,0.9428303655107779,0.5040650406504065,0.01612903225806452,0.010141987829614606,0.08755038331353769,0.5040650406504065,0.05564192228926768
1,dst_dempster,CWE-827,0,1,2110,23,2134,23,2111,0.0,0.0,0.9995262908574135,0.9892170651664323,0.0004737091425864519,1.0,0.9887535145267105,0.49976314542870676,,,-0.002260082922057278,0.49976314542870676,0.006735216819477641
1,dst_dempster,CWE-829,0,12,2096,26,2134,26,2108,0.0,0.0,0.9943074003795066,0.9877474081055608,0.0056925996204933585,1.0,0.9821930646672915,0.4971537001897533,,,-0.008351592660585444,0.4971537001897533,0.007571444959473678
1,dst_dempster,CWE-88,0,11,2058,65,2134,65,2069,0.0,0.0,0.9946834219429677,0.96938294865756,0.005316578057032383,1.0,0.9643861293345829,0.49734171097148383,,,-0.012758445960940935,0.49734171097148383,0.024564009951180837
1,dst_dempster,CWE-89,9,24,2000,101,2134,110,2024,0.2727272727272727,0.08181818181818182,0.9881422924901185,0.9519276534983341,0.011857707509881422,0.9181818181818182,0.9414245548266167,0.5349802371541502,0.1258741258741259,0.09513742071881606,0.12536732107865944,0.7429055874955084,0.29099434644509
1,dst_dempster,CWE-90,1,0,2096,37,2134,38,2096,1.0,0.02631578947368421,1.0,0.9826535396155649,0.0,0.9736842105263158,0.9826616682286785,0.5131578947368421,0.05128205128205127,0.032679738562091505,0.16080828235539926,0.5131578947368421,0.03943389138735831
1,dst_dempster,CWE-916,4,23,2058,49,2134,53,2081,0.14814814814814814,0.07547169811320754,0.9889476213358962,0.9767441860465116,0.011052378664103796,0.9245283018867925,0.9662605435801312,0.5322096597245519,0.1,0.08368200836820083,0.08969659510388348,0.5322096597245519,0.04343108090994871
1,dst_dempster,CWE-918,1,2,2109,22,2134,23,2111,0.3333333333333333,0.043478260869565216,0.9990525817148271,0.9896762083528859,0.0009474182851729038,0.9565217391304348,0.9887535145267105,0.5212654212921962,0.07692307692307691,0.05263157894736842,0.11720865143287548,0.5205857516528329,0.03220650764125004
1,dst_dempster,CWE-93,0,1,2094,39,2134,39,2095,0.0,0.0,0.9995226730310263,0.9817158931082982,0.00047732696897374703,1.0,0.9812558575445174,0.49976133651551313,,,-0.002954233796267322,0.49976133651551313,0.01298609384777646
1,dst_dempster,CWE-939,0,2,2015,117,2134,117,2017,0.0,0.0,0.999008428358949,0.9451219512195121,0.0009915716410510659,1.0,0.944236176194939,0.4995042141794745,,,-0.007376687392518998,0.4995042141794745,0.037438869266230836
1,dst_dempster,CWE-94,0,0,2049,85,2134,85,2049,,0.0,1.0,0.9601686972820993,0.0,1.0,0.9601686972820993,0.5,,,,0.5811644130565843,0.08379788896272193
1,dst_dempster,CWE-942,0,0,2057,77,2134,77,2057,,0.0,1.0,0.9639175257731959,0.0,1.0,0.9639175257731959,0.5,,,,0.5,0.03183269981684936
1,dst_dempster,CWE-95,0,2,2054,78,2134,78,2056,0.0,0.0,0.9990272373540856,0.9634146341463414,0.0009727626459143969,1.0,0.9625117150890347,0.4995136186770428,,,-0.005965641398001651,0.5801905617080715,0.10582565791032458
1,dst_dempster,CWE-96,2,17,2041,74,2134,76,2058,0.10526315789473684,0.02631578947368421,0.9917395529640428,0.9650118203309692,0.00826044703595724,0.9736842105263158,0.957357075913777,0.5090276712188635,0.042105263157894736,0.030959752321981424,0.03562076356100372,0.5090276712188635,0.03649307409648346
1,dst_dempster,CWE-99,0,36,2057,41,2134,41,2093,0.0,0.0,0.9827998088867654,0.9804575786463299,0.017200191113234592,1.0,0.9639175257731959,0.4913999044433827,,,-0.018333940713836823,0.4913999044433827,0.013130339472599836
1,dst_pcr6,CWE-113,0,0,2024,110,2134,110,2024,,0.0,1.0,0.9484536082474226,0.0,1.0,0.9484536082474226,0.5,,,,0.5,0.0365519763213525
1,dst_pcr6,CWE-116,0,0,2108,26,2134,26,2108,,0.0,1.0,0.9878163074039362,0.0,1.0,0.9878163074039362,0.5,,,,0.5470734199386951,0.01896479417716385
1,dst_pcr6,CWE-117,1,1,2036,96,2134,97,2037,0.5,0.010309278350515464,0.9995090819833088,0.9549718574108818,0.0004909180166912126,0.9896907216494846,0.9545454545454546,0.5049091801669121,0.020202020202020204,0.01282051282051282,0.0668362000551299,0.5049091801669121,0.03636359801197168
1,dst_pcr6,CWE-1333,0,0,2099,35,2134,35,2099,,0.0,1.0,0.9835988753514526,0.0,1.0,0.9835988753514526,0.5,,,,0.5,0.027038267000185922
1,dst_pcr6,CWE-185,0,0,2123,11,2134,11,2123,,0.0,1.0,0.9948453608247423,0.0,1.0,0.9948453608247423,0.5,,,,0.5,0.005299223546473044
1,dst_pcr6,CWE-20,0,11,1952,171,2134,171,1963,0.0,0.0,0.9943963321446765,0.9194536033914272,0.0056036678553234845,1.0,0.9147141518275539,0.49719816607233824,,,-0.021245123053011385,0.47916275661134494,0.0656141254926277
1,dst_pcr6,CWE-200,12,5,1907,210,2134,222,1912,0.7058823529411765,0.05405405405405406,0.9973849372384938,0.9008030231459613,0.002615062761506276,0.9459459459459459,0.8992502343017807,0.5257194956462738,0.100418410041841,0.06629834254143648,0.176655834259337,0.5247300124392175,0.10715496562152015
1,dst_pcr6,CWE-208,12,88,1921,113,2134,125,2009,0.12,0.096,0.9561971129915381,0.9444444444444444,0.043802887008461924,0.904,0.9058106841611996,0.5260985564957691,0.10666666666666666,0.1,0.05799839608423293,0.5260985564957691,0.046294983170844003
1,dst_pcr6,CWE-209,2,10,1998,124,2134,126,2008,0.16666666666666666,0.015873015873015872,0.9950199203187251,0.941564561734213,0.0049800796812749,0.9841269841269841,0.9372071227741331,0.5054464680958705,0.028985507246376812,0.019379844961240306,0.03433592673752269,0.5054464680958705,0.04766270818823809
1,dst_pcr6,CWE-215,4,46,1976,108,2134,112,2022,0.08,0.03571428571428571,0.9772502472799208,0.9481765834932822,0.02274975272007913,0.9642857142857143,0.9278350515463918,0.5064822664971033,0.04938271604938271,0.040160642570281124,0.019112724723667034,0.5064822664971033,0.03573501041326479
1,dst_pcr6,CWE-22,0,0,2048,86,2134,86,2048,,0.0,1.0,0.9597000937207123,0.0,1.0,0.9597000937207123,0.5,,,,0.5805067905159884,0.16753367004466274
1,dst_pcr6,CWE-23,12,24,2025,73,2134,85,2049,0.3333333333333333,0.1411764705882353,0.9882869692532943,0.9652049571020019,0.01171303074670571,0.8588235294117647,0.9545454545454546,0.5647317199207648,0.19834710743801653,0.15957446808510636,0.19659550860629577,0.5647317199207648,0.14962342851223095
1,dst_pcr6,CWE-259,4,11,2013,106,2134,110,2024,0.26666666666666666,0.03636363636363636,0.9945652173913043,0.9499764039641341,0.005434782608695652,0.9636363636363636,0.9451733833177132,0.5154644268774703,0.064,0.04395604395604395,0.08185671535409496,0.5498248293208767,0.06776680676490829
1,dst_pcr6,CWE-276,7,2,2078,47,2134,54,2080,0.7777777777777778,0.12962962962962962,0.9990384615384615,0.9778823529411764,0.0009615384615384616,0.8703703703703703,0.9770384254920338,0.5643340455840455,0.2222222222222222,0.15555555555555553,0.3118162064284634,0.5643340455840455,0.12340443031202834
1,dst_pcr6,CWE-284,0,0,1731,403,2134,403,1731,,0.0,1.0,0.8111527647610122,0.0,1.0,0.8111527647610122,0.5,,,,0.5,0.12050454880306374
1,dst_pcr6,CWE-287,5,4,1910,215,2134,220,1914,0.5555555555555556,0.022727272727272728,0.9979101358411703,0.8988235294117647,0.0020898641588296763,0.9772727272727273,0.8973758200562324,0.5103187042842215,0.04366812227074236,0.028121484814398197,0.09683597896146807,0.5103187042842215,0.07967870599391307
1,dst_pcr6,CWE-295,1,0,2074,59,2134,60,2074,1.0,0.016666666666666666,1.0,0.9723394280356306,0.0,0.9833333333333333,0.9723523898781631,0.5083333333333333,0.03278688524590164,0.02074688796680498,0.12730144199468904,0.5073850851816136,0.04476174222435354
1,dst_pcr6,CWE-312,0,29,2065,40,2134,40,2094,0.0,0.0,0.9861509073543457,0.9809976247030879,0.013849092645654251,1.0,0.9676663542642924,0.49307545367717287,,,-0.01622238132872075,0.49307545367717287,0.011028075790202863
1,dst_pcr6,CWE-315,0,4,2100,30,2134,30,2104,0.0,0.0,0.9980988593155894,0.9859154929577465,0.0019011406844106464,1.0,0.9840674789128397,0.4990494296577947,,,-0.005174613933222113,0.4990494296577947,0.008486078222494087
1,dst_pcr6,CWE-319,1,1,2056,76,2134,77,2057,0.5,0.012987012987012988,0.9995138551288284,0.9643527204502814,0.0004861448711716091,0.987012987012987,0.9639175257731959,0.5062504340579207,0.025316455696202535,0.016129032258064516,0.07618931760805532,0.5269463157163692,0.035557629169988156
1,dst_pcr6,CWE-321,4,15,2005,110,2134,114,2020,0.21052631578947367,0.03508771929824561,0.9925742574257426,0.9479905437352246,0.007425742574257425,0.9649122807017544,0.9414245548266167,0.513830988361994,0.06015037593984962,0.042105263157894736,0.06621849951887998,0.5138309883619941,0.04771495517996048
1,dst_pcr6,CWE-326,1,0,2095,38,2134,39,2095,1.0,0.02564102564102564,1.0,0.9821847163619315,0.0,0.9743589743589743,0.9821930646672915,0.5128205128205128,0.05,0.03184713375796178,0.15869537956871896,0.5230830426534484,0.04357833459132449
1,dst_pcr6,CWE-327,3,17,2075,39,2134,42,2092,0.15,0.07142857142857142,0.9918738049713193,0.9815515610217597,0.008126195028680689,0.9285714285714286,0.9737582005623243,0.5316511881999454,0.09677419354838708,0.0797872340425532,0.09125528166518707,0.7616145406537376,0.18686701746947496
1,dst_pcr6,CWE-328,4,23,2058,49,2134,53,2081,0.14814814814814814,0.07547169811320754,0.9889476213358962,0.9767441860465116,0.011052378664103796,0.9245283018867925,0.9662605435801312,0.5322096597245519,0.1,0.08368200836820083,0.08969659510388348,0.5322096597245519,0.04343108090994871
1,dst_pcr6,CWE-330,20,34,2035,45,2134,65,2069,0.37037037037037035,0.3076923076923077,0.9835669405509908,0.9783653846153846,0.016433059449009184,0.6923076923076923,0.9629803186504218,0.6456296241216493,0.33613445378151263,0.3184713375796179,0.3187044302056533,0.6456296241216493,0.1542078603936903
1,dst_pcr6,CWE-347,1,0,2103,30,2134,31,2103,1.0,0.03225806451612903,1.0,0.9859353023909986,0.0,0.967741935483871,0.985941893158388,0.5161290322580645,0.0625,0.04,0.1783377822932034,0.5161290322580645,0.04312692590304352
1,dst_pcr6,CWE-352,0,0,2097,37,2134,37,2097,,0.0,1.0,0.9826616682286785,0.0,1.0,0.9826616682286785,0.5,,,,0.5,0.014465761563349406
1,dst_pcr6,CWE-359,2,27,1992,113,2134,115,2019,0.06896551724137931,0.017391304347826087,0.986627043090639,0.9463182897862232,0.01337295690936107,0.9826086956521739,0.9343955014058107,0.5020091737192325,0.027777777777777776,0.02044989775051125,0.007836813562881313,0.5020091737192325,0.03535805030374894
1,dst_pcr6,CWE-377,0,0,2119,15,2134,15,2119,,0.0,1.0,0.992970946579194,0.0,1.0,0.992970946579194,0.5,,,,0.6687431178228724,0.03695584313748432
1,dst_pcr6,CWE-400,0,0,2060,74,2134,74,2060,,0.0,1.0,0.9653233364573571,0.0,1.0,0.9653233364573571,0.5,,,,0.5058711624245604,0.042539353426147876
1,dst_pcr6,CWE-477,0,206,1923,5,2134,5,2129,0.0,0.0,0.9032409581963363,0.9974066390041494,0.0967590418036637,1.0,0.901124648547329,0.45162047909816816,,,-0.015840805693193172,0.45162047909816816,0.0015270033142326506
1,dst_pcr6,CWE-497,1,11,1978,144,2134,145,1989,0.08333333333333333,0.006896551724137931,0.9944695827048768,0.9321394910461829,0.005530417295123178,0.993103448275862,0.9273664479850047,0.5006830672145074,0.012738853503184714,0.008445945945945945,0.004597603516937481,0.5006830672145074,0.04163704846003179
1,dst_pcr6,CWE-502,4,3,2089,38,2134,42,2092,0.5714285714285714,0.09523809523809523,0.998565965583174,0.9821344616831218,0.0014340344168260039,0.9047619047619048,0.9807872539831303,0.5469020304106347,0.16326530612244897,0.11428571428571427,0.22787378178811082,0.6288297823909679,0.17623143029694585
1,dst_pcr6,CWE-521,0,2,2067,65,2134,65,2069,0.0,0.0,0.9990333494441759,0.9695121951219512,0.0009666505558240696,1.0,0.9686035613870665,0.49951667472208794,,,-0.0054287248531512105,0.49951667472208794,0.023208696880783655
1,dst_pcr6,CWE-522,1,0,2042,91,2134,92,2042,1.0,0.010869565217391304,1.0,0.9573370839193625,0.0,0.9891304347826086,0.957357075913777,0.5054347826086957,0.02150537634408602,0.013550135501355013,0.10200900876240648,0.5054347826086957,0.041672601789675585
1,dst_pcr6,CWE-532,0,0,2003,131,2134,131,2003,,0.0,1.0,0.9386129334582943,0.0,1.0,0.9386129334582943,0.5,,,,0.5162523390486788,0.060626331086603424
1,dst_pcr6,CWE-601,3,4,2083,44,2134,47,2087,0.42857142857142855,0.06382978723404255,0.9980833732630571,0.9793135872120358,0.0019166267369429804,0.9361702127659575,0.9775070290534208,0.5309565802485499,0.1111111111111111,0.07692307692307693,0.1589133425693501,0.5605572490289431,0.09657387293095131
1,dst_pcr6,CWE-605,5,23,2097,9,2134,14,2120,0.17857142857142858,0.35714285714285715,0.9891509433962264,0.9957264957264957,0.010849056603773584,0.6428571428571429,0.9850046860356139,0.6731469002695418,0.2380952380952381,0.29761904761904767,0.24567924338698555,0.6731469002695418,0.07227700941587205
1,dst_pcr6,CWE-611,0,1,2113,20,2134,20,2114,0.0,0.0,0.9995269631031221,0.9906235349273323,0.0004730368968779565,1.0,0.9901593252108716,0.49976348155156103,,,-0.002106042245934119,0.6656929990539262,0.05124750593489445
1,dst_pcr6,CWE-614,1,5,2052,76,2134,77,2057,0.16666666666666666,0.012987012987012988,0.997569275644142,0.9642857142857143,0.0024307243558580457,0.987012987012987,0.9620431115276477,0.5052781443155775,0.024096385542168676,0.01592356687898089,0.037180251885514305,0.5340680224005455,0.04343416782306004
1,dst_pcr6,CWE-643,3,7,2080,44,2134,47,2087,0.3,0.06382978723404255,0.9966459032103497,0.9792843691148776,0.0033540967896502154,0.9361702127659575,0.9761012183692596,0.5302378452221962,0.10526315789473684,0.07575757575757576,0.12996120595219463,0.5302378452221962,0.03188048247532087
1,dst_pcr6,CWE-668,1,0,1784,349,2134,350,1784,1.0,0.002857142857142857,1.0,0.8363806844819504,0.0,0.9971428571428571,0.8364573570759137,0.5014285714285714,0.005698005698005697,0.0035688793718772305,0.04888413953952609,0.5014285714285714,0.10455402144352764
1,dst_pcr6,CWE-706,0,2,2022,110,2134,110,2024,0.0,0.0,0.9990118577075099,0.948405253283302,0.0009881422924901185,1.0,0.9475164011246485,0.49950592885375494,,,-0.0071402346810931164,0.49950592885375494,0.06248153381283819
1,dst_pcr6,CWE-73,0,36,1977,121,2134,121,2013,0.0,0.0,0.9821162444113264,0.94232602478551,0.01788375558867362,1.0,0.9264292408622306,0.4910581222056632,,,-0.0321158415203955,0.4910581222056632,0.03990899818714472
1,dst_pcr6,CWE-732,7,1,2077,49,2134,56,2078,0.875,0.125,0.9995187680461982,0.9769520225776105,0.00048123195380173246,0.875,0.9765698219306467,0.5622593840230992,0.21875,0.15086206896551724,0.3257054133505167,0.5620488450433109,0.13682307630723933
1,dst_pcr6,CWE-74,9,0,1792,333,2134,342,1792,1.0,0.02631578947368421,1.0,0.8432941176470589,0.0,0.9736842105263158,0.8439550140581068,0.5131578947368421,0.05128205128205127,0.032679738562091505,0.14896962933563435,0.5131578947368421,0.19018371624521996
1,dst_pcr6,CWE-770,0,0,2076,58,2134,58,2076,,0.0,1.0,0.9728209934395501,0.0,1.0,0.9728209934395501,0.5,,,,0.4995183044315992,0.03664374990897209
1,dst_pcr6,CWE-776,0,0,2098,36,2134,36,2098,,0.0,1.0,0.9831302717900656,0.0,1.0,0.9831302717900656,0.5,,,,0.4990467111534795,0.022936905030270367
1,dst_pcr6,CWE-78,4,1,2023,106,2134,110,2024,0.8,0.03636363636363636,0.9995059288537549,0.9502113668388915,0.0004940711462450593,0.9636363636363636,0.9498594189315839,0.5179347826086956,0.06956521739130435,0.0449438202247191,0.16404193229066735,0.6251302551203737,0.18750967667676563
1,dst_pcr6,CWE-79,0,0,2009,125,2134,125,2009,,0.0,1.0,0.9414245548266167,0.0,1.0,0.9414245548266167,0.5,,,,0.5755540069686411,0.1501399409890866
1,dst_pcr6,CWE-798,0,1,2019,114,2134,114,2020,0.0,0.0,0.9995049504950495,0.9465541490857946,0.0004950495049504951,1.0,0.9461105904404874,0.49975247524752475,,,-0.005143767300018083,0.5133446239360778,0.04765546839610843
1,dst_pcr6,CWE-80,1,0,2011,122,2134,123,2011,1.0,0.008130081300813009,1.0,0.9428035630567276,0.0,0.991869918699187,0.9428303655107779,0.5040650406504065,0.01612903225806452,0.010141987829614606,0.08755038331353769,0.5040650406504065,0.05564192228926768
1,dst_pcr6,CWE-827,0,1,2110,23,2134,23,2111,0.0,0.0,0.9995262908574135,0.9892170651664323,0.0004737091425864519,1.0,0.9887535145267105,0.49976314542870676,,,-0.002260082922057278,0.49976314542870676,0.006735216819477641
1,dst_pcr6,CWE-829,0,12,2096,26,2134,26,2108,0.0,0.0,0.9943074003795066,0.9877474081055608,0.0056925996204933585,1.0,0.9821930646672915,0.4971537001897533,,,-0.008351592660585444,0.4971537001897533,0.007571444959473678
1,dst_pcr6,CWE-88,0,11,2058,65,2134,65,2069,0.0,0.0,0.9946834219429677,0.96938294865756,0.005316578057032383,1.0,0.9643861293345829,0.49734171097148383,,,-0.012758445960940935,0.49734171097148383,0.024564009951180837
1,dst_pcr6,CWE-89,9,24,2000,101,2134,110,2024,0.2727272727272727,0.08181818181818182,0.9881422924901185,0.9519276534983341,0.011857707509881422,0.9181818181818182,0.9414245548266167,0.5349802371541502,0.1258741258741259,0.09513742071881606,0.12536732107865944,0.7429055874955084,0.29099434644509
1,dst_pcr6,CWE-90,1,0,2096,37,2134,38,2096,1.0,0.02631578947368421,1.0,0.9826535396155649,0.0,0.9736842105263158,0.9826616682286785,0.5131578947368421,0.05128205128205127,0.032679738562091505,0.16080828235539926,0.5131578947368421,0.03943389138735831
1,dst_pcr6,CWE-916,4,23,2058,49,2134,53,2081,0.14814814814814814,0.07547169811320754,0.9889476213358962,0.9767441860465116,0.011052378664103796,0.9245283018867925,0.9662605435801312,0.5322096597245519,0.1,0.08368200836820083,0.08969659510388348,0.5322096597245519,0.04343108090994871
1,dst_pcr6,CWE-918,1,2,2109,22,2134,23,2111,0.3333333333333333,0.043478260869565216,0.9990525817148271,0.9896762083528859,0.0009474182851729038,0.9565217391304348,0.9887535145267105,0.5212654212921962,0.07692307692307691,0.05263157894736842,0.11720865143287548,0.5205857516528329,0.03220650764125004
1,dst_pcr6,CWE-93,0,1,2094,39,2134,39,2095,0.0,0.0,0.9995226730310263,0.9817158931082982,0.00047732696897374703,1.0,0.9812558575445174,0.49976133651551313,,,-0.002954233796267322,0.49976133651551313,0.01298609384777646
1,dst_pcr6,CWE-939,0,2,2015,117,2134,117,2017,0.0,0.0,0.999008428358949,0.9451219512195121,0.0009915716410510659,1.0,0.944236176194939,0.4995042141794745,,,-0.007376687392518998,0.4995042141794745,0.037438869266230836
1,dst_pcr6,CWE-94,0,0,2049,85,2134,85,2049,,0.0,1.0,0.9601686972820993,0.0,1.0,0.9601686972820993,0.5,,,,0.5811644130565843,0.08379788896272193
1,dst_pcr6,CWE-942,0,0,2057,77,2134,77,2057,,0.0,1.0,0.9639175257731959,0.0,1.0,0.9639175257731959,0.5,,,,0.5,0.03183269981684936
1,dst_pcr6,CWE-95,0,2,2054,78,2134,78,2056,0.0,0.0,0.9990272373540856,0.9634146341463414,0.0009727626459143969,1.0,0.9625117150890347,0.4995136186770428,,,-0.005965641398001651,0.5801905617080715,0.10582565791032458
1,dst_pcr6,CWE-96,2,17,2041,74,2134,76,2058,0.10526315789473684,0.02631578947368421,0.9917395529640428,0.9650118203309692,0.00826044703595724,0.9736842105263158,0.957357075913777,0.5090276712188635,0.042105263157894736,0.030959752321981424,0.03562076356100372,0.5090276712188635,0.03649307409648346
1,dst_pcr6,CWE-99,0,36,2057,41,2134,41,2093,0.0,0.0,0.9827998088867654,0.9804575786463299,0.017200191113234592,1.0,0.9639175257731959,0.4913999044433827,,,-0.018333940713836823,0.4913999044433827,0.013130339472599836
1,logistic_regression,CWE-113,0,0,2024,110,2134,110,2024,,0.0,1.0,0.9484536082474226,0.0,1.0,0.9484536082474226,0.5,,,,0.5,0.0365519763213525
1,logistic_regression,CWE-116,3,43,2065,23,2134,26,2108,0.06521739130434782,0.11538461538461539,0.9796015180265655,0.9889846743295019,0.020398481973434534,0.8846153846153846,0.9690721649484536,0.5474930667055904,0.08333333333333334,0.10000000000000002,0.07175266292938844,0.5479127134724858,0.018975427816200815
1,logistic_regression,CWE-117,1,1,2036,96,2134,97,2037,0.5,0.010309278350515464,0.9995090819833088,0.9549718574108818,0.0004909180166912126,0.9896907216494846,0.9545454545454546,0.5049091801669121,0.020202020202020204,0.01282051282051282,0.0668362000551299,0.5049091801669121,0.03636359801197168
1,logistic_regression,CWE-1333,0,0,2099,35,2134,35,2099,,0.0,1.0,0.9835988753514526,0.0,1.0,0.9835988753514526,0.5,,,,0.5,0.027038267000185922
1,logistic_regression,CWE-185,11,2123,0,0,2134,11,2123,0.005154639175257732,1.0,0.0,,1.0,0.0,0.005154639175257732,0.5,0.010256410256410256,0.025252525252525252,,0.5,0.005299223546473044
1,logistic_regression,CWE-20,162,1663,300,9,2134,171,1963,0.08876712328767124,0.9473684210526315,0.15282730514518594,0.970873786407767,0.8471726948548141,0.05263157894736842,0.21649484536082475,0.5500978630989087,0.1623246492985972,0.3228377839776803,0.07730306758488235,0.5701262836153042,0.07794045326475457
1,logistic_regression,CWE-200,12,5,1907,210,2134,222,1912,0.7058823529411765,0.05405405405405406,0.9973849372384938,0.9008030231459613,0.002615062761506276,0.9459459459459459,0.8992502343017807,0.5257194956462738,0.100418410041841,0.06629834254143648,0.176655834259337,0.5267089788533303,0.1074448950721663
1,logistic_regression,CWE-208,12,88,1921,113,2134,125,2009,0.12,0.096,0.9561971129915381,0.9444444444444444,0.043802887008461924,0.904,0.9058106841611996,0.5260985564957691,0.10666666666666666,0.1,0.05799839608423293,0.5260985564957691,0.046294983170844003
1,logistic_regression,CWE-209,2,10,1998,124,2134,126,2008,0.16666666666666666,0.015873015873015872,0.9950199203187251,0.941564561734213,0.0049800796812749,0.9841269841269841,0.9372071227741331,0.5054464680958705,0.028985507246376812,0.019379844961240306,0.03433592673752269,0.5054464680958705,0.04766270818823809
1,logistic_regression,CWE-215,108,1976,46,4,2134,112,2022,0.05182341650671785,0.9642857142857143,0.02274975272007913,0.92,0.9772502472799208,0.03571428571428571,0.07216494845360824,0.49351773350289674,0.09836065573770492,0.2132701421800948,-0.019112724723667034,0.4935177335028967,0.032593548118691244
1,logistic_regression,CWE-22,15,28,2020,71,2134,86,2048,0.3488372093023256,0.1744186046511628,0.986328125,0.9660449545671927,0.013671875,0.8255813953488372,0.9536082474226805,0.5803733648255814,0.23255813953488372,0.19379844961240308,0.22498061709291003,0.5806941542514535,0.1811606222528054
1,logistic_regression,CWE-23,12,24,2025,73,2134,85,2049,0.3333333333333333,0.1411764705882353,0.9882869692532943,0.9652049571020019,0.01171303074670571,0.8588235294117647,0.9545454545454546,0.5647317199207648,0.19834710743801653,0.15957446808510636,0.19659550860629577,0.5647317199207648,0.14962342851223095
1,logistic_regression,CWE-259,16,95,1929,94,2134,110,2024,0.14414414414414414,0.14545454545454545,0.9530632411067194,0.953534354918438,0.04693675889328063,0.8545454545454545,0.9114339268978444,0.5492588932806324,0.1447963800904977,0.14519056261343014,0.09809724523284112,0.5498248293208767,0.06776680676490829
1,logistic_regression,CWE-276,7,2,2078,47,2134,54,2080,0.7777777777777778,0.12962962962962962,0.9990384615384615,0.9778823529411764,0.0009615384615384616,0.8703703703703703,0.9770384254920338,0.5643340455840455,0.2222222222222222,0.15555555555555553,0.3118162064284634,0.5643340455840455,0.12340443031202834
1,logistic_regression,CWE-284,403,1731,0,0,2134,403,1731,0.1888472352389878,1.0,0.0,,1.0,0.0,0.1888472352389878,0.5,0.3176980685849428,0.5379071009076348,,0.5,0.12050454880306374
1,logistic_regression,CWE-287,5,4,1910,215,2134,220,1914,0.5555555555555556,0.022727272727272728,0.9979101358411703,0.8988235294117647,0.0020898641588296763,0.9772727272727273,0.8973758200562324,0.5103187042842215,0.04366812227074236,0.028121484814398197,0.09683597896146807,0.5103187042842215,0.07967870599391307
1,logistic_regression,CWE-295,1,3,2071,59,2134,60,2074,0.25,0.016666666666666666,0.9985535197685632,0.9723004694835681,0.0014464802314368371,0.9833333333333333,0.9709465791940018,0.507610093217615,0.03125,0.020491803278688523,0.05816747020611285,0.5078351012536162,0.03234053907057181
1,logistic_regression,CWE-312,40,2065,29,0,2134,40,2094,0.019002375296912115,1.0,0.013849092645654251,1.0,0.9861509073543457,0.0,0.03233364573570759,0.5069245463228271,0.037296037296037296,0.08830022075055188,0.01622238132872075,0.5069245463228271,0.011206266979500444
1,logistic_regression,CWE-315,0,4,2100,30,2134,30,2104,0.0,0.0,0.9980988593155894,0.9859154929577465,0.0019011406844106464,1.0,0.9840674789128397,0.4990494296577947,,,-0.005174613933222113,0.4990494296577947,0.008486078222494087
1,logistic_regression,CWE-319,6,50,2007,71,2134,77,2057,0.10714285714285714,0.07792207792207792,0.9756927564414195,0.965832531280077,0.024307243558580455,0.922077922077922,0.9432989690721649,0.5268074171817487,0.09022556390977444,0.08241758241758243,0.06255048651215676,0.5269463157163692,0.035557629169988156
1,logistic_regression,CWE-321,4,15,2005,110,2134,114,2020,0.21052631578947367,0.03508771929824561,0.9925742574257426,0.9479905437352246,0.007425742574257425,0.9649122807017544,0.9414245548266167,0.513830988361994,0.06015037593984962,0.042105263157894736,0.06621849951887998,0.5138309883619941,0.04771495517996048
1,logistic_regression,CWE-326,2,11,2084,37,2134,39,2095,0.15384615384615385,0.05128205128205128,0.9947494033412888,0.9825553983969826,0.005250596658711217,0.9487179487179487,0.9775070290534208,0.52301572731167,0.07692307692307693,0.05917159763313609,0.07923863869750086,0.5230830426534484,0.04357833459132449
1,logistic_regression,CWE-327,23,53,2039,19,2134,42,2092,0.3026315789473684,0.5476190476190477,0.9746653919694073,0.9907677356656949,0.025334608030592735,0.4523809523809524,0.9662605435801312,0.7611422197942275,0.3898305084745763,0.4713114754098361,0.39145612347786884,0.7615234908494947,0.17606234746973928
1,logistic_regression,CWE-328,4,23,2058,49,2134,53,2081,0.14814814814814814,0.07547169811320754,0.9889476213358962,0.9767441860465116,0.011052378664103796,0.9245283018867925,0.9662605435801312,0.5322096597245519,0.1,0.08368200836820083,0.08969659510388348,0.5322096597245519,0.04343108090994871
1,logistic_regression,CWE-330,20,34,2035,45,2134,65,2069,0.37037037037037035,0.3076923076923077,0.9835669405509908,0.9783653846153846,0.016433059449009184,0.6923076923076923,0.9629803186504218,0.6456296241216493,0.33613445378151263,0.3184713375796179,0.3187044302056533,0.6456296241216493,0.1542078603936903
1,logistic_regression,CWE-347,1,0,2103,30,2134,31,2103,1.0,0.03225806451612903,1.0,0.9859353023909986,0.0,0.967741935483871,0.985941893158388,0.5161290322580645,0.0625,0.04,0.1783377822932034,0.5161290322580645,0.04312692590304352
1,logistic_regression,CWE-352,37,2097,0,0,2134,37,2097,0.017338331771321464,1.0,0.0,,1.0,0.0,0.017338331771321464,0.5,0.03408567480423769,0.0810692375109553,,0.5,0.014465761563349406
1,logistic_regression,CWE-359,2,27,1992,113,2134,115,2019,0.06896551724137931,0.017391304347826087,0.986627043090639,0.9463182897862232,0.01337295690936107,0.9826086956521739,0.9343955014058107,0.5020091737192325,0.027777777777777776,0.02044989775051125,0.007836813562881313,0.5020091737192325,0.03535805030374894
1,logistic_regression,CWE-377,6,151,1968,9,2134,15,2119,0.03821656050955414,0.4,0.928739971684757,0.9954476479514416,0.07126002831524304,0.6,0.9250234301780693,0.6643699858423785,0.06976744186046512,0.13824884792626727,0.10519872117215821,0.662104766399245,0.02419636654128465
1,logistic_regression,CWE-400,4,87,1973,70,2134,74,2060,0.04395604395604396,0.05405405405405406,0.9577669902912621,0.9657366617719041,0.04223300970873786,0.9459459459459459,0.9264292408622306,0.5059105221726581,0.048484848484848485,0.0516795865633075,0.010704106886432599,0.5058711624245604,0.042539353426147876
1,logistic_regression,CWE-477,5,1923,206,0,2134,5,2129,0.0025933609958506223,1.0,0.0967590418036637,1.0,0.9032409581963363,0.0,0.09887535145267104,0.5483795209018318,0.005173305742369374,0.012833675564681724,0.015840805693193172,0.5483795209018318,0.0017087476435861456
1,logistic_regression,CWE-497,144,1978,11,1,2134,145,1989,0.06786050895381715,0.993103448275862,0.005530417295123178,0.9166666666666666,0.9944695827048768,0.006896551724137931,0.07263355201499531,0.4993169327854926,0.1270401411557124,0.2664692820133234,-0.004597603516937481,0.4993169327854926,0.041011930745773945
1,logistic_regression,CWE-502,11,9,2083,31,2134,42,2092,0.55,0.2619047619047619,0.995697896749522,0.9853358561967833,0.004302103250478011,0.7380952380952381,0.9812558575445174,0.628801329327142,0.3548387096774194,0.2925531914893617,0.37135419726894,0.6288297823909679,0.17623143029694585
1,logistic_regression,CWE-521,0,2,2067,65,2134,65,2069,0.0,0.0,0.9990333494441759,0.9695121951219512,0.0009666505558240696,1.0,0.9686035613870665,0.49951667472208794,,,-0.0054287248531512105,0.49951667472208794,0.023208696880783655
1,logistic_regression,CWE-522,1,0,2042,91,2134,92,2042,1.0,0.010869565217391304,1.0,0.9573370839193625,0.0,0.9891304347826086,0.957357075913777,0.5054347826086957,0.02150537634408602,0.013550135501355013,0.10200900876240648,0.5054347826086957,0.041672601789675585
1,logistic_regression,CWE-532,6,19,1984,125,2134,131,2003,0.24,0.04580152671755725,0.9905142286570144,0.9407302038880986,0.009485771342985522,0.9541984732824428,0.9325210871602624,0.5181578776872858,0.07692307692307691,0.0546448087431694,0.08101452877846456,0.5200634163258928,0.06089669142275409
1,logistic_regression,CWE-601,6,14,2073,41,2134,47,2087,0.3,0.1276595744680851,0.9932918064206996,0.9806054872280038,0.006708193579300431,0.8723404255319149,0.9742268041237113,0.5604756904443924,0.17910447761194026,0.14423076923076925,0.18422709129006323,0.5605776386750808,0.0974813377735983
1,logistic_regression,CWE-605,5,23,2097,9,2134,14,2120,0.17857142857142858,0.35714285714285715,0.9891509433962264,0.9957264957264957,0.010849056603773584,0.6428571428571429,0.9850046860356139,0.6731469002695418,0.2380952380952381,0.29761904761904767,0.24567924338698555,0.6731469002695418,0.07227700941587205
1,logistic_regression,CWE-611,7,39,2075,13,2134,20,2114,0.15217391304347827,0.35,0.9815515610217597,0.9937739463601533,0.018448438978240302,0.65,0.9756326148078726,0.6657757805108798,0.21212121212121213,0.2777777777777778,0.2199755454887164,0.6656929990539262,0.05124750593489445
1,logistic_regression,CWE-614,6,20,2037,71,2134,77,2057,0.23076923076923078,0.07792207792207792,0.9902771025765679,0.9663187855787476,0.009722897423432183,0.922077922077922,0.957357075913777,0.5340995902493229,0.11650485436893206,0.08982035928143713,0.1159363670339718,0.5340680224005455,0.04343416782306004
1,logistic_regression,CWE-643,3,7,2080,44,2134,47,2087,0.3,0.06382978723404255,0.9966459032103497,0.9792843691148776,0.0033540967896502154,0.9361702127659575,0.9761012183692596,0.5302378452221962,0.10526315789473684,0.07575757575757576,0.12996120595219463,0.5302378452221962,0.03188048247532087
1,logistic_regression,CWE-668,350,1784,0,0,2134,350,1784,0.1640112464854733,1.0,0.0,,1.0,0.0,0.1640112464854733,0.5,0.2818035426731079,0.4951895868704018,,0.5,0.10134364927671868
1,logistic_regression,CWE-706,110,2022,2,0,2134,110,2024,0.051594746716697934,1.0,0.0009881422924901185,1.0,0.9990118577075099,0.0,0.05248359887535145,0.5004940711462451,0.09812667261373773,0.21384136858475894,0.0071402346810931164,0.5004940711462451,0.06286088639414944
1,logistic_regression,CWE-73,121,1977,36,0,2134,121,2013,0.05767397521448999,1.0,0.01788375558867362,1.0,0.9821162444113264,0.0,0.07357075913776945,0.5089418777943369,0.10905813429472737,0.23431448489542991,0.0321158415203955,0.5089418777943369,0.04103107722199477
1,logistic_regression,CWE-732,7,2,2076,49,2134,56,2078,0.7777777777777778,0.125,0.9990375360923965,0.9769411764705882,0.0009624639076034649,0.875,0.9761012183692596,0.5620187680461983,0.2153846153846154,0.1502145922746781,0.30596319962897084,0.5620488450433109,0.13682307630723933
1,logistic_regression,CWE-74,9,0,1792,333,2134,342,1792,1.0,0.02631578947368421,1.0,0.8432941176470589,0.0,0.9736842105263158,0.8439550140581068,0.5131578947368421,0.05128205128205127,0.032679738562091505,0.14896962933563435,0.5131578947368421,0.19018371624521996
1,logistic_regression,CWE-770,58,2076,0,0,2134,58,2076,0.02717900656044986,1.0,0.0,,1.0,0.0,0.02717900656044986,0.5,0.052919708029197085,0.12256973795435333,,0.5,0.03696237418683173
1,logistic_regression,CWE-776,0,3,2095,36,2134,36,2098,0.0,0.0,0.9985700667302193,0.9831065227592679,0.0014299332697807435,1.0,0.9817244611059044,0.49928503336510965,,,-0.004914930838659538,0.49952335557673977,0.023060276819722662
1,logistic_regression,CWE-78,37,188,1836,73,2134,110,2024,0.16444444444444445,0.33636363636363636,0.9071146245059288,0.961760083813515,0.09288537549407115,0.6636363636363637,0.8776944704779757,0.6217391304347826,0.2208955223880597,0.2781954887218045,0.17529420713221486,0.625601868487244,0.19956100413991512
1,logistic_regression,CWE-79,22,53,1956,103,2134,125,2009,0.29333333333333333,0.176,0.9736187157789945,0.9499757163671685,0.026381284221005476,0.824,0.9268978444236177,0.5748093578894973,0.21999999999999997,0.19130434782608696,0.1907972419968293,0.5758287705326033,0.15836247050092556
1,logistic_regression,CWE-798,4,14,2006,110,2134,114,2020,0.2222222222222222,0.03508771929824561,0.9930693069306931,0.9480151228733459,0.006930693069306931,0.9649122807017544,0.9418931583880038,0.5140785131144694,0.06060606060606061,0.04219409282700422,0.0692342212421054,0.5147950321347924,0.050043394019717316
1,logistic_regression,CWE-80,1,0,2011,122,2134,123,2011,1.0,0.008130081300813009,1.0,0.9428035630567276,0.0,0.991869918699187,0.9428303655107779,0.5040650406504065,0.01612903225806452,0.010141987829614606,0.08755038331353769,0.5040650406504065,0.05564192228926768
1,logistic_regression,CWE-827,23,2110,1,0,2134,23,2111,0.010782934833567745,1.0,0.0004737091425864519,1.0,0.9995262908574135,0.0,0.011246485473289597,0.5002368545712932,0.021335807050092765,0.05168539325842697,0.002260082922057278,0.5002368545712932,0.006739043082444205
1,logistic_regression,CWE-829,26,2096,12,0,2134,26,2108,0.012252591894439209,1.0,0.0056925996204933585,1.0,0.9943074003795066,0.0,0.01780693533270853,0.5028462998102466,0.02420856610800745,0.05840071877807727,0.008351592660585444,0.5028462998102466,0.007623465475388286
1,logistic_regression,CWE-88,65,2069,0,0,2134,65,2069,0.030459231490159326,1.0,0.0,,1.0,0.0,0.030459231490159326,0.5,0.05911778080945885,0.1357560568086884,,0.5,0.024785677361879806
1,logistic_regression,CWE-89,56,41,1983,54,2134,110,2024,0.5773195876288659,0.509090909090909,0.9797430830039525,0.9734904270986745,0.020256916996047432,0.4909090909090909,0.9554826616682287,0.7444169960474307,0.5410628019323671,0.5214152700186219,0.5188975413172557,0.7472848544735896,0.47777361759672377
1,logistic_regression,CWE-90,1,0,2096,37,2134,38,2096,1.0,0.02631578947368421,1.0,0.9826535396155649,0.0,0.9736842105263158,0.9826616682286785,0.5131578947368421,0.05128205128205127,0.032679738562091505,0.16080828235539926,0.5131578947368421,0.03943389138735831
1,logistic_regression,CWE-916,4,23,2058,49,2134,53,2081,0.14814814814814814,0.07547169811320754,0.9889476213358962,0.9767441860465116,0.011052378664103796,0.9245283018867925,0.9662605435801312,0.5322096597245519,0.1,0.08368200836820083,0.08969659510388348,0.5322096597245519,0.04343108090994871
1,logistic_regression,CWE-918,1,5,2106,22,2134,23,2111,0.16666666666666666,0.043478260869565216,0.9976314542870678,0.9896616541353384,0.0023685457129322598,0.9565217391304348,0.9873477038425492,0.5205548575783165,0.06896551724137931,0.0510204081632653,0.08016615706821155,0.5205857516528329,0.03220650764125004
1,logistic_regression,CWE-93,39,2094,1,0,2134,39,2095,0.01828410689170183,1.0,0.00047732696897374703,1.0,0.9995226730310263,0.0,0.01874414245548266,0.5002386634844869,0.03591160220994475,0.08519003931847968,0.002954233796267322,0.5002386634844869,0.012996594867639072
1,logistic_regression,CWE-939,117,2015,2,0,2134,117,2017,0.054878048780487805,1.0,0.0009915716410510659,1.0,0.999008428358949,0.0,0.05576382380506092,0.5004957858205256,0.10404624277456646,0.22500000000000003,0.007376687392518998,0.5004957858205256,0.03770821841521353
1,logistic_regression,CWE-94,17,80,1969,68,2134,85,2049,0.17525773195876287,0.2,0.9609565641776476,0.9666175748649976,0.03904343582235237,0.8,0.9306466729147141,0.5804782820888238,0.18681318681318682,0.19450800915331812,0.15111506188332796,0.5811644130565843,0.08379788896272193
1,logistic_regression,CWE-942,77,2057,0,0,2134,77,2057,0.03608247422680412,1.0,0.0,,1.0,0.0,0.03608247422680412,0.5,0.06965174129353233,0.15765765765765763,,0.5,0.03183269981684936
1,logistic_regression,CWE-95,14,42,2014,64,2134,78,2056,0.25,0.1794871794871795,0.9795719844357976,0.9692011549566891,0.020428015564202335,0.8205128205128205,0.950328022492971,0.5795295819614885,0.208955223880597,0.19021739130434784,0.1867242684772441,0.5801905617080715,0.10582565791032458
1,logistic_regression,CWE-96,2,17,2041,74,2134,76,2058,0.10526315789473684,0.02631578947368421,0.9917395529640428,0.9650118203309692,0.00826044703595724,0.9736842105263158,0.957357075913777,0.5090276712188635,0.042105263157894736,0.030959752321981424,0.03562076356100372,0.5090276712188635,0.03649307409648346
1,logistic_regression,CWE-99,0,36,2057,41,2134,41,2093,0.0,0.0,0.9827998088867654,0.9804575786463299,0.017200191113234592,1.0,0.9639175257731959,0.4913999044433827,,,-0.018333940713836823,0.4913999044433827,0.013130339472599836
1,naive_bayes,CWE-113,0,0,2024,110,2134,110,2024,,0.0,1.0,0.9484536082474226,0.0,1.0,0.9484536082474226,0.5,,,,0.5,0.0365519763213525
1,naive_bayes,CWE-116,0,0,2108,26,2134,26,2108,,0.0,1.0,0.9878163074039362,0.0,1.0,0.9878163074039362,0.5,,,,0.5479127134724858,0.018975427816200815
1,naive_bayes,CWE-117,0,0,2037,97,2134,97,2037,,0.0,1.0,0.9545454545454546,0.0,1.0,0.9545454545454546,0.5,,,,0.5049091801669121,0.03636359801197168
1,naive_bayes,CWE-1333,0,0,2099,35,2134,35,2099,,0.0,1.0,0.9835988753514526,0.0,1.0,0.9835988753514526,0.5,,,,0.5,0.027038267000185922
1,naive_bayes,CWE-185,0,0,2123,11,2134,11,2123,,0.0,1.0,0.9948453608247423,0.0,1.0,0.9948453608247423,0.5,,,,0.5,0.005299223546473044
1,naive_bayes,CWE-20,0,0,1963,171,2134,171,1963,,0.0,1.0,0.9198687910028116,0.0,1.0,0.9198687910028116,0.5,,,,0.5701262836153042,0.07794045326475457
1,naive_bayes,CWE-200,12,5,1907,210,2134,222,1912,0.7058823529411765,0.05405405405405406,0.9973849372384938,0.9008030231459613,0.002615062761506276,0.9459459459459459,0.8992502343017807,0.5257194956462738,0.100418410041841,0.06629834254143648,0.176655834259337,0.5247300124392175,0.10715496562152015
1,naive_bayes,CWE-208,0,0,2009,125,2134,125,2009,,0.0,1.0,0.9414245548266167,0.0,1.0,0.9414245548266167,0.5,,,,0.5260985564957691,0.046294983170844003
1,naive_bayes,CWE-209,0,0,2008,126,2134,126,2008,,0.0,1.0,0.9409559512652296,0.0,1.0,0.9409559512652296,0.5,,,,0.5054464680958705,0.04766270818823809
1,naive_bayes,CWE-215,0,0,2022,112,2134,112,2022,,0.0,1.0,0.9475164011246485,0.0,1.0,0.9475164011246485,0.5,,,,0.4935177335028967,0.032593548118691244
1,naive_bayes,CWE-22,4,2,2046,82,2134,86,2048,0.6666666666666666,0.046511627906976744,0.9990234375,0.9614661654135338,0.0009765625,0.9534883720930233,0.9606373008434864,0.5227675327034884,0.08695652173913045,0.05714285714285714,0.16912146402228628,0.5805067905159884,0.16753367004466274
1,naive_bayes,CWE-23,0,0,2049,85,2134,85,2049,,0.0,1.0,0.9601686972820993,0.0,1.0,0.9601686972820993,0.5,,,,0.5647317199207648,0.14962342851223095
1,naive_bayes,CWE-259,0,0,2024,110,2134,110,2024,,0.0,1.0,0.9484536082474226,0.0,1.0,0.9484536082474226,0.5,,,,0.5498248293208767,0.06776680676490829
1,naive_bayes,CWE-276,7,2,2078,47,2134,54,2080,0.7777777777777778,0.12962962962962962,0.9990384615384615,0.9778823529411764,0.0009615384615384616,0.8703703703703703,0.9770384254920338,0.5643340455840455,0.2222222222222222,0.15555555555555553,0.3118162064284634,0.5643340455840455,0.12340443031202834
1,naive_bayes,CWE-284,0,0,1731,403,2134,403,1731,,0.0,1.0,0.8111527647610122,0.0,1.0,0.8111527647610122,0.5,,,,0.5,0.12050454880306374
1,naive_bayes,CWE-287,0,0,1914,220,2134,220,1914,,0.0,1.0,0.8969072164948454,0.0,1.0,0.8969072164948454,0.5,,,,0.5103187042842215,0.07967870599391307
1,naive_bayes,CWE-295,1,0,2074,59,2134,60,2074,1.0,0.016666666666666666,1.0,0.9723394280356306,0.0,0.9833333333333333,0.9723523898781631,0.5083333333333333,0.03278688524590164,0.02074688796680498,0.12730144199468904,0.5073850851816136,0.04476174222435354
1,naive_bayes,CWE-312,0,0,2094,40,2134,40,2094,,0.0,1.0,0.9812558575445174,0.0,1.0,0.9812558575445174,0.5,,,,0.5069245463228271,0.011206266979500444
1,naive_bayes,CWE-315,0,0,2104,30,2134,30,2104,,0.0,1.0,0.985941893158388,0.0,1.0,0.985941893158388,0.5,,,,0.4990494296577947,0.008486078222494087
1,naive_bayes,CWE-319,0,0,2057,77,2134,77,2057,,0.0,1.0,0.9639175257731959,0.0,1.0,0.9639175257731959,0.5,,,,0.5269463157163692,0.035557629169988156
1,naive_bayes,CWE-321,0,0,2020,114,2134,114,2020,,0.0,1.0,0.9465791940018744,0.0,1.0,0.9465791940018744,0.5,,,,0.5138309883619941,0.04771495517996048
1,naive_bayes,CWE-326,1,0,2095,38,2134,39,2095,1.0,0.02564102564102564,1.0,0.9821847163619315,0.0,0.9743589743589743,0.9821930646672915,0.5128205128205128,0.05,0.03184713375796178,0.15869537956871896,0.5230830426534484,0.04357833459132449
1,naive_bayes,CWE-327,20,32,2060,22,2134,42,2092,0.38461538461538464,0.47619047619047616,0.9847036328871893,0.989433237271854,0.015296367112810707,0.5238095238095238,0.9746954076850984,0.7304470545388327,0.42553191489361697,0.45454545454545453,0.4152069439887143,0.7616145406537376,0.18686701746947496
1,naive_bayes,CWE-328,0,0,2081,53,2134,53,2081,,0.0,1.0,0.9751640112464854,0.0,1.0,0.9751640112464854,0.5,,,,0.5322096597245519,0.04343108090994871
1,naive_bayes,CWE-330,0,0,2069,65,2134,65,2069,,0.0,1.0,0.9695407685098407,0.0,1.0,0.9695407685098407,0.5,,,,0.6456296241216493,0.1542078603936903
1,naive_bayes,CWE-347,0,0,2103,31,2134,31,2103,,0.0,1.0,0.985473289597001,0.0,1.0,0.985473289597001,0.5,,,,0.5161290322580645,0.04312692590304352
1,naive_bayes,CWE-352,0,0,2097,37,2134,37,2097,,0.0,1.0,0.9826616682286785,0.0,1.0,0.9826616682286785,0.5,,,,0.5,0.014465761563349406
1,naive_bayes,CWE-359,0,0,2019,115,2134,115,2019,,0.0,1.0,0.9461105904404874,0.0,1.0,0.9461105904404874,0.5,,,,0.5020091737192325,0.03535805030374894
1,naive_bayes,CWE-377,1,14,2105,14,2134,15,2119,0.06666666666666667,0.06666666666666667,0.9933931099575272,0.9933931099575272,0.0066068900424728644,0.9333333333333333,0.9868791002811621,0.530029888312097,0.06666666666666667,0.06666666666666667,0.0600597766241938,0.6687431178228724,0.03695584313748432
1,naive_bayes,CWE-400,0,0,2060,74,2134,74,2060,,0.0,1.0,0.9653233364573571,0.0,1.0,0.9653233364573571,0.5,,,,0.5058711624245604,0.042539353426147876
1,naive_bayes,CWE-477,0,0,2129,5,2134,5,2129,,0.0,1.0,0.9976569821930646,0.0,1.0,0.9976569821930646,0.5,,,,0.5483795209018318,0.0017087476435861456
1,naive_bayes,CWE-497,0,0,1989,145,2134,145,1989,,0.0,1.0,0.9320524835988754,0.0,1.0,0.9320524835988754,0.5,,,,0.4993169327854926,0.041011930745773945
1,naive_bayes,CWE-502,9,7,2085,33,2134,42,2092,0.5625,0.21428571428571427,0.9966539196940727,0.9844192634560907,0.0033460803059273425,0.7857142857142857,0.9812558575445174,0.6054698169898934,0.31034482758620685,0.24456521739130432,0.33965710540178967,0.6288297823909679,0.17623143029694585
1,naive_bayes,CWE-521,0,0,2069,65,2134,65,2069,,0.0,1.0,0.9695407685098407,0.0,1.0,0.9695407685098407,0.5,,,,0.49951667472208794,0.023208696880783655
1,naive_bayes,CWE-522,0,0,2042,92,2134,92,2042,,0.0,1.0,0.9568884723523898,0.0,1.0,0.9568884723523898,0.5,,,,0.5054347826086957,0.041672601789675585
1,naive_bayes,CWE-532,0,0,2003,131,2134,131,2003,,0.0,1.0,0.9386129334582943,0.0,1.0,0.9386129334582943,0.5,,,,0.5200634163258928,0.06089669142275409
1,naive_bayes,CWE-601,3,4,2083,44,2134,47,2087,0.42857142857142855,0.06382978723404255,0.9980833732630571,0.9793135872120358,0.0019166267369429804,0.9361702127659575,0.9775070290534208,0.5309565802485499,0.1111111111111111,0.07692307692307693,0.1589133425693501,0.5605572490289431,0.09657387293095131
1,naive_bayes,CWE-605,0,0,2120,14,2134,14,2120,,0.0,1.0,0.993439550140581,0.0,1.0,0.993439550140581,0.5,,,,0.6731469002695418,0.07227700941587205
1,naive_bayes,CWE-611,0,1,2113,20,2134,20,2114,0.0,0.0,0.9995269631031221,0.9906235349273323,0.0004730368968779565,1.0,0.9901593252108716,0.49976348155156103,,,-0.002106042245934119,0.6656929990539262,0.05124750593489445
1,naive_bayes,CWE-614,1,5,2052,76,2134,77,2057,0.16666666666666666,0.012987012987012988,0.997569275644142,0.9642857142857143,0.0024307243558580457,0.987012987012987,0.9620431115276477,0.5052781443155775,0.024096385542168676,0.01592356687898089,0.037180251885514305,0.5340680224005455,0.04343416782306004
1,naive_bayes,CWE-643,0,0,2087,47,2134,47,2087,,0.0,1.0,0.9779756326148079,0.0,1.0,0.9779756326148079,0.5,,,,0.5302378452221962,0.03188048247532087
1,naive_bayes,CWE-668,0,0,1784,350,2134,350,1784,,0.0,1.0,0.8359887535145267,0.0,1.0,0.8359887535145267,0.5,,,,0.5,0.10134364927671868
1,naive_bayes,CWE-706,0,0,2024,110,2134,110,2024,,0.0,1.0,0.9484536082474226,0.0,1.0,0.9484536082474226,0.5,,,,0.5004940711462451,0.06286088639414944
1,naive_bayes,CWE-73,0,0,2013,121,2134,121,2013,,0.0,1.0,0.9432989690721649,0.0,1.0,0.9432989690721649,0.5,,,,0.5089418777943369,0.04103107722199477
1,naive_bayes,CWE-732,7,2,2076,49,2134,56,2078,0.7777777777777778,0.125,0.9990375360923965,0.9769411764705882,0.0009624639076034649,0.875,0.9761012183692596,0.5620187680461983,0.2153846153846154,0.1502145922746781,0.30596319962897084,0.5620488450433109,0.13682307630723933
1,naive_bayes,CWE-74,9,0,1792,333,2134,342,1792,1.0,0.02631578947368421,1.0,0.8432941176470589,0.0,0.9736842105263158,0.8439550140581068,0.5131578947368421,0.05128205128205127,0.032679738562091505,0.14896962933563435,0.5131578947368421,0.19018371624521996
1,naive_bayes,CWE-770,0,0,2076,58,2134,58,2076,,0.0,1.0,0.9728209934395501,0.0,1.0,0.9728209934395501,0.5,,,,0.5,0.03696237418683173
1,naive_bayes,CWE-776,0,0,2098,36,2134,36,2098,,0.0,1.0,0.9831302717900656,0.0,1.0,0.9831302717900656,0.5,,,,0.49928503336510965,0.023053754149805997
1,naive_bayes,CWE-78,12,24,2000,98,2134,110,2024,0.3333333333333333,0.10909090909090909,0.9881422924901185,0.9532888465204957,0.011857707509881422,0.8909090909090909,0.9428303655107779,0.5486166007905138,0.16438356164383564,0.12605042016806722,0.166940684649731,0.6251302551203737,0.18750967667676563
1,naive_bayes,CWE-79,15,16,1993,110,2134,125,2009,0.4838709677419355,0.12,0.9920358387257342,0.9476937708036138,0.007964161274265804,0.88,0.9409559512652296,0.5560179193628672,0.19230769230769232,0.14124293785310735,0.21988796567207314,0.5758287705326033,0.15836247050092556
1,naive_bayes,CWE-798,0,0,2020,114,2134,114,2020,,0.0,1.0,0.9465791940018744,0.0,1.0,0.9465791940018744,0.5,,,,0.5143173527879104,0.049993653822874295
1,naive_bayes,CWE-80,0,0,2011,123,2134,123,2011,,0.0,1.0,0.9423617619493908,0.0,1.0,0.9423617619493908,0.5,,,,0.5040650406504065,0.05564192228926768
1,naive_bayes,CWE-827,0,0,2111,23,2134,23,2111,,0.0,1.0,0.9892221180880975,0.0,1.0,0.9892221180880975,0.5,,,,0.5002368545712932,0.006739043082444205
1,naive_bayes,CWE-829,0,0,2108,26,2134,26,2108,,0.0,1.0,0.9878163074039362,0.0,1.0,0.9878163074039362,0.5,,,,0.5028462998102466,0.007623465475388286
1,naive_bayes,CWE-88,0,0,2069,65,2134,65,2069,,0.0,1.0,0.9695407685098407,0.0,1.0,0.9695407685098407,0.5,,,,0.49734171097148383,0.024564009951180837
1,naive_bayes,CWE-89,42,30,1994,68,2134,110,2024,0.5833333333333334,0.38181818181818183,0.9851778656126482,0.9670223084384093,0.014822134387351778,0.6181818181818182,0.9540768509840675,0.683498023715415,0.46153846153846156,0.41015625,0.44942000980317665,0.7429055874955084,0.29099434644509
1,naive_bayes,CWE-90,0,0,2096,38,2134,38,2096,,0.0,1.0,0.9821930646672915,0.0,1.0,0.9821930646672915,0.5,,,,0.5131578947368421,0.03943389138735831
1,naive_bayes,CWE-916,0,0,2081,53,2134,53,2081,,0.0,1.0,0.9751640112464854,0.0,1.0,0.9751640112464854,0.5,,,,0.5322096597245519,0.04343108090994871
1,naive_bayes,CWE-918,1,2,2109,22,2134,23,2111,0.3333333333333333,0.043478260869565216,0.9990525817148271,0.9896762083528859,0.0009474182851729038,0.9565217391304348,0.9887535145267105,0.5212654212921962,0.07692307692307691,0.05263157894736842,0.11720865143287548,0.5205857516528329,0.03220650764125004
1,naive_bayes,CWE-93,0,0,2095,39,2134,39,2095,,0.0,1.0,0.9817244611059044,0.0,1.0,0.9817244611059044,0.5,,,,0.5,0.012988879272383033
1,naive_bayes,CWE-939,0,0,2017,117,2134,117,2017,,0.0,1.0,0.9451733833177132,0.0,1.0,0.9451733833177132,0.5,,,,0.5004957858205256,0.03770821841521353
1,naive_bayes,CWE-94,2,2,2047,83,2134,85,2049,0.5,0.023529411764705882,0.9990239141044412,0.9610328638497653,0.0009760858955588092,0.9764705882352941,0.9601686972820993,0.5112766629345735,0.0449438202247191,0.029069767441860465,0.10196972302987721,0.5811644130565843,0.08379788896272193
1,naive_bayes,CWE-942,0,0,2057,77,2134,77,2057,,0.0,1.0,0.9639175257731959,0.0,1.0,0.9639175257731959,0.5,,,,0.5,0.03183269981684936
1,naive_bayes,CWE-95,8,8,2048,70,2134,78,2056,0.5,0.10256410256410256,0.9961089494163424,0.9669499527856469,0.0038910505836575876,0.8974358974358975,0.9634489222118088,0.5493365259902225,0.1702127659574468,0.1219512195121951,0.21465175741997655,0.5801905617080715,0.10582565791032458
1,naive_bayes,CWE-96,0,0,2058,76,2134,76,2058,,0.0,1.0,0.9643861293345829,0.0,1.0,0.9643861293345829,0.5,,,,0.5090276712188635,0.03649307409648346
1,naive_bayes,CWE-99,0,0,2093,41,2134,41,2093,,0.0,1.0,0.9807872539831303,0.0,1.0,0.9807872539831303,0.5,,,,0.4913999044433827,0.013130339472599836
1,traditional_2_of_5,CWE-113,0,0,2024,110,2134,110,2024,,0.0,1.0,0.9484536082474226,0.0,1.0,0.9484536082474226,0.5,,,,0.5,0.0365519763213525
1,traditional_2_of_5,CWE-116,0,0,2108,26,2134,26,2108,,0.0,1.0,0.9878163074039362,0.0,1.0,0.9878163074039362,0.5,,,,0.5470186834038826,0.017750885395016854
1,traditional_2_of_5,CWE-117,0,0,2037,97,2134,97,2037,,0.0,1.0,0.9545454545454546,0.0,1.0,0.9545454545454546,0.5,,,,0.5049091801669121,0.03636359801197168
1,traditional_2_of_5,CWE-1333,0,0,2099,35,2134,35,2099,,0.0,1.0,0.9835988753514526,0.0,1.0,0.9835988753514526,0.5,,,,0.5,0.027038267000185922
1,traditional_2_of_5,CWE-185,0,0,2123,11,2134,11,2123,,0.0,1.0,0.9948453608247423,0.0,1.0,0.9948453608247423,0.5,,,,0.4997644842204428,0.005277070674445301
1,traditional_2_of_5,CWE-20,0,11,1952,171,2134,171,1963,0.0,0.0,0.9943963321446765,0.9194536033914272,0.0056036678553234845,1.0,0.9147141518275539,0.49719816607233824,,,-0.021245123053011385,0.4742025721461065,0.05668573585662757
1,traditional_2_of_5,CWE-200,12,5,1907,210,2134,222,1912,0.7058823529411765,0.05405405405405406,0.9973849372384938,0.9008030231459613,0.002615062761506276,0.9459459459459459,0.8992502343017807,0.5257194956462738,0.100418410041841,0.06629834254143648,0.176655834259337,0.5247300124392175,0.10715496562152015
1,traditional_2_of_5,CWE-208,0,0,2009,125,2134,125,2009,,0.0,1.0,0.9414245548266167,0.0,1.0,0.9414245548266167,0.5,,,,0.5260985564957691,0.046294983170844003
1,traditional_2_of_5,CWE-209,0,0,2008,126,2134,126,2008,,0.0,1.0,0.9409559512652296,0.0,1.0,0.9409559512652296,0.5,,,,0.5054464680958705,0.04766270818823809
1,traditional_2_of_5,CWE-215,0,0,2022,112,2134,112,2022,,0.0,1.0,0.9475164011246485,0.0,1.0,0.9475164011246485,0.5,,,,0.5064822664971033,0.03573501041326479
1,traditional_2_of_5,CWE-22,4,2,2046,82,2134,86,2048,0.6666666666666666,0.046511627906976744,0.9990234375,0.9614661654135338,0.0009765625,0.9534883720930233,0.9606373008434864,0.5227675327034884,0.08695652173913045,0.05714285714285714,0.16912146402228628,0.5806061500726745,0.19085054473342558
1,traditional_2_of_5,CWE-23,0,0,2049,85,2134,85,2049,,0.0,1.0,0.9601686972820993,0.0,1.0,0.9601686972820993,0.5,,,,0.5647317199207648,0.14962342851223095
1,traditional_2_of_5,CWE-259,4,11,2013,106,2134,110,2024,0.26666666666666666,0.03636363636363636,0.9945652173913043,0.9499764039641341,0.005434782608695652,0.9636363636363636,0.9451733833177132,0.5154644268774703,0.064,0.04395604395604395,0.08185671535409496,0.5497170319798779,0.06725031992440318
1,traditional_2_of_5,CWE-276,0,0,2080,54,2134,54,2080,,0.0,1.0,0.9746954076850984,0.0,1.0,0.9746954076850984,0.5,,,,0.5643340455840455,0.12340443031202834
1,traditional_2_of_5,CWE-284,0,0,1731,403,2134,403,1731,,0.0,1.0,0.8111527647610122,0.0,1.0,0.8111527647610122,0.5,,,,0.5,0.12050454880306374
1,traditional_2_of_5,CWE-287,0,0,1914,220,2134,220,1914,,0.0,1.0,0.8969072164948454,0.0,1.0,0.8969072164948454,0.5,,,,0.5100574712643678,0.07881749708944655
1,traditional_2_of_5,CWE-295,1,1,2073,59,2134,60,2074,0.5,0.016666666666666666,0.9995178399228544,0.9723264540337712,0.00048216007714561236,0.9833333333333333,0.971883786316776,0.5080922532947605,0.03225806451612903,0.02066115702479339,0.08743209140650063,0.5073850851816136,0.04476174222435354
1,traditional_2_of_5,CWE-312,0,0,2094,40,2134,40,2094,,0.0,1.0,0.9812558575445174,0.0,1.0,0.9812558575445174,0.5,,,,0.49307545367717287,0.011028075790202863
1,traditional_2_of_5,CWE-315,0,0,2104,30,2134,30,2104,,0.0,1.0,0.985941893158388,0.0,1.0,0.985941893158388,0.5,,,,0.4990494296577947,0.008486078222494087
1,traditional_2_of_5,CWE-319,1,1,2056,76,2134,77,2057,0.5,0.012987012987012988,0.9995138551288284,0.9643527204502814,0.0004861448711716091,0.987012987012987,0.9639175257731959,0.5062504340579207,0.025316455696202535,0.016129032258064516,0.07618931760805532,0.5269463157163692,0.035557629169988156
1,traditional_2_of_5,CWE-321,0,0,2020,114,2134,114,2020,,0.0,1.0,0.9465791940018744,0.0,1.0,0.9465791940018744,0.5,,,,0.5138309883619941,0.04771495517996048
1,traditional_2_of_5,CWE-326,1,0,2095,38,2134,39,2095,1.0,0.02564102564102564,1.0,0.9821847163619315,0.0,0.9743589743589743,0.9821930646672915,0.5128205128205128,0.05,0.03184713375796178,0.15869537956871896,0.5230830426534484,0.04357833459132449
1,traditional_2_of_5,CWE-327,20,32,2060,22,2134,42,2092,0.38461538461538464,0.47619047619047616,0.9847036328871893,0.989433237271854,0.015296367112810707,0.5238095238095238,0.9746954076850984,0.7304470545388327,0.42553191489361697,0.45454545454545453,0.4152069439887143,0.76122188837294,0.18529018597542993
1,traditional_2_of_5,CWE-328,0,0,2081,53,2134,53,2081,,0.0,1.0,0.9751640112464854,0.0,1.0,0.9751640112464854,0.5,,,,0.5322096597245519,0.04343108090994871
1,traditional_2_of_5,CWE-330,0,0,2069,65,2134,65,2069,,0.0,1.0,0.9695407685098407,0.0,1.0,0.9695407685098407,0.5,,,,0.6456296241216493,0.1542078603936903
1,traditional_2_of_5,CWE-347,0,0,2103,31,2134,31,2103,,0.0,1.0,0.985473289597001,0.0,1.0,0.985473289597001,0.5,,,,0.5161290322580645,0.04312692590304352
1,traditional_2_of_5,CWE-352,0,0,2097,37,2134,37,2097,,0.0,1.0,0.9826616682286785,0.0,1.0,0.9826616682286785,0.5,,,,0.5,0.014465761563349406
1,traditional_2_of_5,CWE-359,0,0,2019,115,2134,115,2019,,0.0,1.0,0.9461105904404874,0.0,1.0,0.9461105904404874,0.5,,,,0.5020091737192325,0.03535805030374894
1,traditional_2_of_5,CWE-377,1,14,2105,14,2134,15,2119,0.06666666666666667,0.06666666666666667,0.9933931099575272,0.9933931099575272,0.0066068900424728644,0.9333333333333333,0.9868791002811621,0.530029888312097,0.06666666666666667,0.06666666666666667,0.0600597766241938,0.6654239421110587,0.029326295529065634
1,traditional_2_of_5,CWE-400,0,0,2060,74,2134,74,2060,,0.0,1.0,0.9653233364573571,0.0,1.0,0.9653233364573571,0.5,,,,0.5059105221726581,0.042539353426147876
1,traditional_2_of_5,CWE-477,0,0,2129,5,2134,5,2129,,0.0,1.0,0.9976569821930646,0.0,1.0,0.9976569821930646,0.5,,,,0.45162047909816816,0.0015270033142326506
1,traditional_2_of_5,CWE-497,0,0,1989,145,2134,145,1989,,0.0,1.0,0.9320524835988754,0.0,1.0,0.9320524835988754,0.5,,,,0.5006830672145074,0.04163704846003179
1,traditional_2_of_5,CWE-502,9,7,2085,33,2134,42,2092,0.5625,0.21428571428571427,0.9966539196940727,0.9844192634560907,0.0033460803059273425,0.7857142857142857,0.9812558575445174,0.6054698169898934,0.31034482758620685,0.24456521739130432,0.33965710540178967,0.6288240917782026,0.17898902323311022
1,traditional_2_of_5,CWE-521,0,0,2069,65,2134,65,2069,,0.0,1.0,0.9695407685098407,0.0,1.0,0.9695407685098407,0.5,,,,0.49951667472208794,0.023208696880783655
1,traditional_2_of_5,CWE-522,0,0,2042,92,2134,92,2042,,0.0,1.0,0.9568884723523898,0.0,1.0,0.9568884723523898,0.5,,,,0.5054347826086957,0.041672601789675585
1,traditional_2_of_5,CWE-532,0,0,2003,131,2134,131,2003,,0.0,1.0,0.9386129334582943,0.0,1.0,0.9386129334582943,0.5,,,,0.5161608731940257,0.047294232735421105
1,traditional_2_of_5,CWE-601,3,4,2083,44,2134,47,2087,0.42857142857142855,0.06382978723404255,0.9980833732630571,0.9793135872120358,0.0019166267369429804,0.9361702127659575,0.9775070290534208,0.5309565802485499,0.1111111111111111,0.07692307692307693,0.1589133425693501,0.560567443852012,0.09531898993326482
1,traditional_2_of_5,CWE-605,0,0,2120,14,2134,14,2120,,0.0,1.0,0.993439550140581,0.0,1.0,0.993439550140581,0.5,,,,0.6731469002695418,0.07227700941587205
1,traditional_2_of_5,CWE-611,0,1,2113,20,2134,20,2114,0.0,0.0,0.9995269631031221,0.9906235349273323,0.0004730368968779565,1.0,0.9901593252108716,0.49976348155156103,,,-0.002106042245934119,0.6656929990539262,0.05124750593489445
1,traditional_2_of_5,CWE-614,1,5,2052,76,2134,77,2057,0.16666666666666666,0.012987012987012988,0.997569275644142,0.9642857142857143,0.0024307243558580457,0.987012987012987,0.9620431115276477,0.5052781443155775,0.024096385542168676,0.01592356687898089,0.037180251885514305,0.5340680224005455,0.04343416782306004
1,traditional_2_of_5,CWE-643,0,0,2087,47,2134,47,2087,,0.0,1.0,0.9779756326148079,0.0,1.0,0.9779756326148079,0.5,,,,0.5302378452221962,0.03188048247532087
1,traditional_2_of_5,CWE-668,0,0,1784,350,2134,350,1784,,0.0,1.0,0.8359887535145267,0.0,1.0,0.8359887535145267,0.5,,,,0.5014285714285714,0.10455402144352764
1,traditional_2_of_5,CWE-706,0,0,2024,110,2134,110,2024,,0.0,1.0,0.9484536082474226,0.0,1.0,0.9484536082474226,0.5,,,,0.49950592885375494,0.06248153381283819
1,traditional_2_of_5,CWE-73,0,0,2013,121,2134,121,2013,,0.0,1.0,0.9432989690721649,0.0,1.0,0.9432989690721649,0.5,,,,0.4910581222056632,0.03990899818714472
1,traditional_2_of_5,CWE-732,7,1,2077,49,2134,56,2078,0.875,0.125,0.9995187680461982,0.9769520225776105,0.00048123195380173246,0.875,0.9765698219306467,0.5622593840230992,0.21875,0.15086206896551724,0.3257054133505167,0.5620488450433109,0.13682307630723933
1,traditional_2_of_5,CWE-74,0,0,1792,342,2134,342,1792,,0.0,1.0,0.8397375820056232,0.0,1.0,0.8397375820056232,0.5,,,,0.5131578947368421,0.19018371624521996
1,traditional_2_of_5,CWE-770,0,0,2076,58,2134,58,2076,,0.0,1.0,0.9728209934395501,0.0,1.0,0.9728209934395501,0.5,,,,0.4995183044315992,0.03664374990897209
1,traditional_2_of_5,CWE-776,0,0,2098,36,2134,36,2098,,0.0,1.0,0.9831302717900656,0.0,1.0,0.9831302717900656,0.5,,,,0.4990467111534795,0.022936905030270367
1,traditional_2_of_5,CWE-78,12,24,2000,98,2134,110,2024,0.3333333333333333,0.10909090909090909,0.9881422924901185,0.9532888465204957,0.011857707509881422,0.8909090909090909,0.9428303655107779,0.5486166007905138,0.16438356164383564,0.12605042016806722,0.166940684649731,0.6250291951131872,0.18012807771181633
1,traditional_2_of_5,CWE-79,15,16,1993,110,2134,125,2009,0.4838709677419355,0.12,0.9920358387257342,0.9476937708036138,0.007964161274265804,0.88,0.9409559512652296,0.5560179193628672,0.19230769230769232,0.14124293785310735,0.21988796567207314,0.5756913887506222,0.15272158771465766
1,traditional_2_of_5,CWE-798,0,1,2019,114,2134,114,2020,0.0,0.0,0.9995049504950495,0.9465541490857946,0.0004950495049504951,1.0,0.9461105904404874,0.49975247524752475,,,-0.005143767300018083,0.5133272537780094,0.045345741086381126
1,traditional_2_of_5,CWE-80,0,0,2011,123,2134,123,2011,,0.0,1.0,0.9423617619493908,0.0,1.0,0.9423617619493908,0.5,,,,0.5040650406504065,0.05564192228926768
1,traditional_2_of_5,CWE-827,0,0,2111,23,2134,23,2111,,0.0,1.0,0.9892221180880975,0.0,1.0,0.9892221180880975,0.5,,,,0.49976314542870676,0.006735216819477641
1,traditional_2_of_5,CWE-829,0,0,2108,26,2134,26,2108,,0.0,1.0,0.9878163074039362,0.0,1.0,0.9878163074039362,0.5,,,,0.4971537001897533,0.007571444959473678
1,traditional_2_of_5,CWE-88,0,0,2069,65,2134,65,2069,,0.0,1.0,0.9695407685098407,0.0,1.0,0.9695407685098407,0.5,,,,0.49734171097148383,0.024564009951180837
1,traditional_2_of_5,CWE-89,42,30,1994,68,2134,110,2024,0.5833333333333334,0.38181818181818183,0.9851778656126482,0.9670223084384093,0.014822134387351778,0.6181818181818182,0.9540768509840675,0.683498023715415,0.46153846153846156,0.41015625,0.44942000980317665,0.7428539346029465,0.2904593271488861
1,traditional_2_of_5,CWE-90,0,0,2096,38,2134,38,2096,,0.0,1.0,0.9821930646672915,0.0,1.0,0.9821930646672915,0.5,,,,0.5131578947368421,0.03943389138735831
1,traditional_2_of_5,CWE-916,0,0,2081,53,2134,53,2081,,0.0,1.0,0.9751640112464854,0.0,1.0,0.9751640112464854,0.5,,,,0.5322096597245519,0.04343108090994871
1,traditional_2_of_5,CWE-918,1,2,2109,22,2134,23,2111,0.3333333333333333,0.043478260869565216,0.9990525817148271,0.9896762083528859,0.0009474182851729038,0.9565217391304348,0.9887535145267105,0.5212654212921962,0.07692307692307691,0.05263157894736842,0.11720865143287548,0.5205857516528329,0.03220650764125004
1,traditional_2_of_5,CWE-93,0,0,2095,39,2134,39,2095,,0.0,1.0,0.9817244611059044,0.0,1.0,0.9817244611059044,0.5,,,,0.49976133651551313,0.01298609384777646
1,traditional_2_of_5,CWE-939,0,0,2017,117,2134,117,2017,,0.0,1.0,0.9451733833177132,0.0,1.0,0.9451733833177132,0.5,,,,0.4995042141794745,0.037438869266230836
1,traditional_2_of_5,CWE-94,2,2,2047,83,2134,85,2049,0.5,0.023529411764705882,0.9990239141044412,0.9610328638497653,0.0009760858955588092,0.9764705882352941,0.9601686972820993,0.5112766629345735,0.0449438202247191,0.029069767441860465,0.10196972302987721,0.5808400080383544,0.0815228094615666
1,traditional_2_of_5,CWE-942,0,0,2057,77,2134,77,2057,,0.0,1.0,0.9639175257731959,0.0,1.0,0.9639175257731959,0.5,,,,0.5,0.03183269981684936
1,traditional_2_of_5,CWE-95,8,8,2048,70,2134,78,2056,0.5,0.10256410256410256,0.9961089494163424,0.9669499527856469,0.0038910505836575876,0.8974358974358975,0.9634489222118088,0.5493365259902225,0.1702127659574468,0.1219512195121951,0.21465175741997655,0.5801780903920982,0.10175636537949358
1,traditional_2_of_5,CWE-96,0,0,2058,76,2134,76,2058,,0.0,1.0,0.9643861293345829,0.0,1.0,0.9643861293345829,0.5,,,,0.5090276712188635,0.03649307409648346
1,traditional_2_of_5,CWE-99,0,0,2093,41,2134,41,2093,,0.0,1.0,0.9807872539831303,0.0,1.0,0.9807872539831303,0.5,,,,0.4913999044433827,0.013130339472599836
1,traditional_2_of_supported,CWE-113,0,0,2024,110,2134,110,2024,,0.0,1.0,0.9484536082474226,0.0,1.0,0.9484536082474226,0.5,,,,0.5,0.0365519763213525
1,traditional_2_of_supported,CWE-116,0,0,2108,26,2134,26,2108,,0.0,1.0,0.9878163074039362,0.0,1.0,0.9878163074039362,0.5,,,,0.5470186834038826,0.017750885395016854
1,traditional_2_of_supported,CWE-117,0,0,2037,97,2134,97,2037,,0.0,1.0,0.9545454545454546,0.0,1.0,0.9545454545454546,0.5,,,,0.5049091801669121,0.03636359801197168
1,traditional_2_of_supported,CWE-1333,0,0,2099,35,2134,35,2099,,0.0,1.0,0.9835988753514526,0.0,1.0,0.9835988753514526,0.5,,,,0.5,0.027038267000185922
1,traditional_2_of_supported,CWE-185,0,0,2123,11,2134,11,2123,,0.0,1.0,0.9948453608247423,0.0,1.0,0.9948453608247423,0.5,,,,0.5,0.005299223546473044
1,traditional_2_of_supported,CWE-20,0,11,1952,171,2134,171,1963,0.0,0.0,0.9943963321446765,0.9194536033914272,0.0056036678553234845,1.0,0.9147141518275539,0.49719816607233824,,,-0.021245123053011385,0.4742025721461065,0.05668573585662757
1,traditional_2_of_supported,CWE-200,12,5,1907,210,2134,222,1912,0.7058823529411765,0.05405405405405406,0.9973849372384938,0.9008030231459613,0.002615062761506276,0.9459459459459459,0.8992502343017807,0.5257194956462738,0.100418410041841,0.06629834254143648,0.176655834259337,0.5247300124392175,0.10715496562152015
1,traditional_2_of_supported,CWE-208,0,0,2009,125,2134,125,2009,,0.0,1.0,0.9414245548266167,0.0,1.0,0.9414245548266167,0.5,,,,0.5260985564957691,0.046294983170844003
1,traditional_2_of_supported,CWE-209,0,0,2008,126,2134,126,2008,,0.0,1.0,0.9409559512652296,0.0,1.0,0.9409559512652296,0.5,,,,0.5054464680958705,0.04766270818823809
1,traditional_2_of_supported,CWE-215,0,0,2022,112,2134,112,2022,,0.0,1.0,0.9475164011246485,0.0,1.0,0.9475164011246485,0.5,,,,0.5064822664971033,0.03573501041326479
1,traditional_2_of_supported,CWE-22,4,2,2046,82,2134,86,2048,0.6666666666666666,0.046511627906976744,0.9990234375,0.9614661654135338,0.0009765625,0.9534883720930233,0.9606373008434864,0.5227675327034884,0.08695652173913045,0.05714285714285714,0.16912146402228628,0.5806061500726745,0.19085054473342558
1,traditional_2_of_supported,CWE-23,0,0,2049,85,2134,85,2049,,0.0,1.0,0.9601686972820993,0.0,1.0,0.9601686972820993,0.5,,,,0.5647317199207648,0.14962342851223095
1,traditional_2_of_supported,CWE-259,4,11,2013,106,2134,110,2024,0.26666666666666666,0.03636363636363636,0.9945652173913043,0.9499764039641341,0.005434782608695652,0.9636363636363636,0.9451733833177132,0.5154644268774703,0.064,0.04395604395604395,0.08185671535409496,0.5497170319798779,0.06725031992440318
1,traditional_2_of_supported,CWE-276,0,0,2080,54,2134,54,2080,,0.0,1.0,0.9746954076850984,0.0,1.0,0.9746954076850984,0.5,,,,0.5643340455840455,0.12340443031202834
1,traditional_2_of_supported,CWE-284,0,0,1731,403,2134,403,1731,,0.0,1.0,0.8111527647610122,0.0,1.0,0.8111527647610122,0.5,,,,0.5,0.12050454880306374
1,traditional_2_of_supported,CWE-287,0,0,1914,220,2134,220,1914,,0.0,1.0,0.8969072164948454,0.0,1.0,0.8969072164948454,0.5,,,,0.5103187042842215,0.07967870599391307
1,traditional_2_of_supported,CWE-295,1,1,2073,59,2134,60,2074,0.5,0.016666666666666666,0.9995178399228544,0.9723264540337712,0.00048216007714561236,0.9833333333333333,0.971883786316776,0.5080922532947605,0.03225806451612903,0.02066115702479339,0.08743209140650063,0.5073850851816136,0.04476174222435354
1,traditional_2_of_supported,CWE-312,0,0,2094,40,2134,40,2094,,0.0,1.0,0.9812558575445174,0.0,1.0,0.9812558575445174,0.5,,,,0.49307545367717287,0.011028075790202863
1,traditional_2_of_supported,CWE-315,0,0,2104,30,2134,30,2104,,0.0,1.0,0.985941893158388,0.0,1.0,0.985941893158388,0.5,,,,0.4990494296577947,0.008486078222494087
1,traditional_2_of_supported,CWE-319,1,1,2056,76,2134,77,2057,0.5,0.012987012987012988,0.9995138551288284,0.9643527204502814,0.0004861448711716091,0.987012987012987,0.9639175257731959,0.5062504340579207,0.025316455696202535,0.016129032258064516,0.07618931760805532,0.5269463157163692,0.035557629169988156
1,traditional_2_of_supported,CWE-321,0,0,2020,114,2134,114,2020,,0.0,1.0,0.9465791940018744,0.0,1.0,0.9465791940018744,0.5,,,,0.5138309883619941,0.04771495517996048
1,traditional_2_of_supported,CWE-326,1,0,2095,38,2134,39,2095,1.0,0.02564102564102564,1.0,0.9821847163619315,0.0,0.9743589743589743,0.9821930646672915,0.5128205128205128,0.05,0.03184713375796178,0.15869537956871896,0.5230830426534484,0.04357833459132449
1,traditional_2_of_supported,CWE-327,20,32,2060,22,2134,42,2092,0.38461538461538464,0.47619047619047616,0.9847036328871893,0.989433237271854,0.015296367112810707,0.5238095238095238,0.9746954076850984,0.7304470545388327,0.42553191489361697,0.45454545454545453,0.4152069439887143,0.76122188837294,0.18529018597542993
1,traditional_2_of_supported,CWE-328,0,0,2081,53,2134,53,2081,,0.0,1.0,0.9751640112464854,0.0,1.0,0.9751640112464854,0.5,,,,0.5322096597245519,0.04343108090994871
1,traditional_2_of_supported,CWE-330,0,0,2069,65,2134,65,2069,,0.0,1.0,0.9695407685098407,0.0,1.0,0.9695407685098407,0.5,,,,0.6456296241216493,0.1542078603936903
1,traditional_2_of_supported,CWE-347,0,0,2103,31,2134,31,2103,,0.0,1.0,0.985473289597001,0.0,1.0,0.985473289597001,0.5,,,,0.5161290322580645,0.04312692590304352
1,traditional_2_of_supported,CWE-352,0,0,2097,37,2134,37,2097,,0.0,1.0,0.9826616682286785,0.0,1.0,0.9826616682286785,0.5,,,,0.5,0.014465761563349406
1,traditional_2_of_supported,CWE-359,0,0,2019,115,2134,115,2019,,0.0,1.0,0.9461105904404874,0.0,1.0,0.9461105904404874,0.5,,,,0.5020091737192325,0.03535805030374894
1,traditional_2_of_supported,CWE-377,1,14,2105,14,2134,15,2119,0.06666666666666667,0.06666666666666667,0.9933931099575272,0.9933931099575272,0.0066068900424728644,0.9333333333333333,0.9868791002811621,0.530029888312097,0.06666666666666667,0.06666666666666667,0.0600597766241938,0.6654239421110587,0.029326295529065634
1,traditional_2_of_supported,CWE-400,0,0,2060,74,2134,74,2060,,0.0,1.0,0.9653233364573571,0.0,1.0,0.9653233364573571,0.5,,,,0.5059105221726581,0.042539353426147876
1,traditional_2_of_supported,CWE-477,0,0,2129,5,2134,5,2129,,0.0,1.0,0.9976569821930646,0.0,1.0,0.9976569821930646,0.5,,,,0.45162047909816816,0.0015270033142326506
1,traditional_2_of_supported,CWE-497,0,0,1989,145,2134,145,1989,,0.0,1.0,0.9320524835988754,0.0,1.0,0.9320524835988754,0.5,,,,0.5006830672145074,0.04163704846003179
1,traditional_2_of_supported,CWE-502,9,7,2085,33,2134,42,2092,0.5625,0.21428571428571427,0.9966539196940727,0.9844192634560907,0.0033460803059273425,0.7857142857142857,0.9812558575445174,0.6054698169898934,0.31034482758620685,0.24456521739130432,0.33965710540178967,0.6288240917782026,0.17898902323311022
1,traditional_2_of_supported,CWE-521,0,0,2069,65,2134,65,2069,,0.0,1.0,0.9695407685098407,0.0,1.0,0.9695407685098407,0.5,,,,0.49951667472208794,0.023208696880783655
1,traditional_2_of_supported,CWE-522,0,0,2042,92,2134,92,2042,,0.0,1.0,0.9568884723523898,0.0,1.0,0.9568884723523898,0.5,,,,0.5054347826086957,0.041672601789675585
1,traditional_2_of_supported,CWE-532,0,0,2003,131,2134,131,2003,,0.0,1.0,0.9386129334582943,0.0,1.0,0.9386129334582943,0.5,,,,0.5161608731940257,0.047294232735421105
1,traditional_2_of_supported,CWE-601,3,4,2083,44,2134,47,2087,0.42857142857142855,0.06382978723404255,0.9980833732630571,0.9793135872120358,0.0019166267369429804,0.9361702127659575,0.9775070290534208,0.5309565802485499,0.1111111111111111,0.07692307692307693,0.1589133425693501,0.560567443852012,0.09531898993326482
1,traditional_2_of_supported,CWE-605,0,0,2120,14,2134,14,2120,,0.0,1.0,0.993439550140581,0.0,1.0,0.993439550140581,0.5,,,,0.6731469002695418,0.07227700941587205
1,traditional_2_of_supported,CWE-611,0,1,2113,20,2134,20,2114,0.0,0.0,0.9995269631031221,0.9906235349273323,0.0004730368968779565,1.0,0.9901593252108716,0.49976348155156103,,,-0.002106042245934119,0.6656929990539262,0.05124750593489445
1,traditional_2_of_supported,CWE-614,1,5,2052,76,2134,77,2057,0.16666666666666666,0.012987012987012988,0.997569275644142,0.9642857142857143,0.0024307243558580457,0.987012987012987,0.9620431115276477,0.5052781443155775,0.024096385542168676,0.01592356687898089,0.037180251885514305,0.5340680224005455,0.04343416782306004
1,traditional_2_of_supported,CWE-643,0,0,2087,47,2134,47,2087,,0.0,1.0,0.9779756326148079,0.0,1.0,0.9779756326148079,0.5,,,,0.5302378452221962,0.03188048247532087
1,traditional_2_of_supported,CWE-668,0,0,1784,350,2134,350,1784,,0.0,1.0,0.8359887535145267,0.0,1.0,0.8359887535145267,0.5,,,,0.5014285714285714,0.10455402144352764
1,traditional_2_of_supported,CWE-706,0,0,2024,110,2134,110,2024,,0.0,1.0,0.9484536082474226,0.0,1.0,0.9484536082474226,0.5,,,,0.49950592885375494,0.06248153381283819
1,traditional_2_of_supported,CWE-73,0,0,2013,121,2134,121,2013,,0.0,1.0,0.9432989690721649,0.0,1.0,0.9432989690721649,0.5,,,,0.4910581222056632,0.03990899818714472
1,traditional_2_of_supported,CWE-732,7,1,2077,49,2134,56,2078,0.875,0.125,0.9995187680461982,0.9769520225776105,0.00048123195380173246,0.875,0.9765698219306467,0.5622593840230992,0.21875,0.15086206896551724,0.3257054133505167,0.5620488450433109,0.13682307630723933
1,traditional_2_of_supported,CWE-74,0,0,1792,342,2134,342,1792,,0.0,1.0,0.8397375820056232,0.0,1.0,0.8397375820056232,0.5,,,,0.5131578947368421,0.19018371624521996
1,traditional_2_of_supported,CWE-770,0,0,2076,58,2134,58,2076,,0.0,1.0,0.9728209934395501,0.0,1.0,0.9728209934395501,0.5,,,,0.4995183044315992,0.03664374990897209
1,traditional_2_of_supported,CWE-776,0,0,2098,36,2134,36,2098,,0.0,1.0,0.9831302717900656,0.0,1.0,0.9831302717900656,0.5,,,,0.4990467111534795,0.022936905030270367
1,traditional_2_of_supported,CWE-78,12,24,2000,98,2134,110,2024,0.3333333333333333,0.10909090909090909,0.9881422924901185,0.9532888465204957,0.011857707509881422,0.8909090909090909,0.9428303655107779,0.5486166007905138,0.16438356164383564,0.12605042016806722,0.166940684649731,0.6250291951131872,0.18012807771181633
1,traditional_2_of_supported,CWE-79,15,16,1993,110,2134,125,2009,0.4838709677419355,0.12,0.9920358387257342,0.9476937708036138,0.007964161274265804,0.88,0.9409559512652296,0.5560179193628672,0.19230769230769232,0.14124293785310735,0.21988796567207314,0.5756913887506222,0.15272158771465766
1,traditional_2_of_supported,CWE-798,0,1,2019,114,2134,114,2020,0.0,0.0,0.9995049504950495,0.9465541490857946,0.0004950495049504951,1.0,0.9461105904404874,0.49975247524752475,,,-0.005143767300018083,0.5133272537780094,0.045345741086381126
1,traditional_2_of_supported,CWE-80,0,0,2011,123,2134,123,2011,,0.0,1.0,0.9423617619493908,0.0,1.0,0.9423617619493908,0.5,,,,0.5040650406504065,0.05564192228926768
1,traditional_2_of_supported,CWE-827,0,0,2111,23,2134,23,2111,,0.0,1.0,0.9892221180880975,0.0,1.0,0.9892221180880975,0.5,,,,0.49976314542870676,0.006735216819477641
1,traditional_2_of_supported,CWE-829,0,0,2108,26,2134,26,2108,,0.0,1.0,0.9878163074039362,0.0,1.0,0.9878163074039362,0.5,,,,0.4971537001897533,0.007571444959473678
1,traditional_2_of_supported,CWE-88,0,0,2069,65,2134,65,2069,,0.0,1.0,0.9695407685098407,0.0,1.0,0.9695407685098407,0.5,,,,0.49734171097148383,0.024564009951180837
1,traditional_2_of_supported,CWE-89,42,30,1994,68,2134,110,2024,0.5833333333333334,0.38181818181818183,0.9851778656126482,0.9670223084384093,0.014822134387351778,0.6181818181818182,0.9540768509840675,0.683498023715415,0.46153846153846156,0.41015625,0.44942000980317665,0.7428539346029465,0.2904593271488861
1,traditional_2_of_supported,CWE-90,0,0,2096,38,2134,38,2096,,0.0,1.0,0.9821930646672915,0.0,1.0,0.9821930646672915,0.5,,,,0.5131578947368421,0.03943389138735831
1,traditional_2_of_supported,CWE-916,0,0,2081,53,2134,53,2081,,0.0,1.0,0.9751640112464854,0.0,1.0,0.9751640112464854,0.5,,,,0.5322096597245519,0.04343108090994871
1,traditional_2_of_supported,CWE-918,1,2,2109,22,2134,23,2111,0.3333333333333333,0.043478260869565216,0.9990525817148271,0.9896762083528859,0.0009474182851729038,0.9565217391304348,0.9887535145267105,0.5212654212921962,0.07692307692307691,0.05263157894736842,0.11720865143287548,0.5205857516528329,0.03220650764125004
1,traditional_2_of_supported,CWE-93,0,0,2095,39,2134,39,2095,,0.0,1.0,0.9817244611059044,0.0,1.0,0.9817244611059044,0.5,,,,0.49976133651551313,0.01298609384777646
1,traditional_2_of_supported,CWE-939,0,0,2017,117,2134,117,2017,,0.0,1.0,0.9451733833177132,0.0,1.0,0.9451733833177132,0.5,,,,0.4995042141794745,0.037438869266230836
1,traditional_2_of_supported,CWE-94,2,2,2047,83,2134,85,2049,0.5,0.023529411764705882,0.9990239141044412,0.9610328638497653,0.0009760858955588092,0.9764705882352941,0.9601686972820993,0.5112766629345735,0.0449438202247191,0.029069767441860465,0.10196972302987721,0.5808400080383544,0.0815228094615666
1,traditional_2_of_supported,CWE-942,0,0,2057,77,2134,77,2057,,0.0,1.0,0.9639175257731959,0.0,1.0,0.9639175257731959,0.5,,,,0.5,0.03183269981684936
1,traditional_2_of_supported,CWE-95,8,8,2048,70,2134,78,2056,0.5,0.10256410256410256,0.9961089494163424,0.9669499527856469,0.0038910505836575876,0.8974358974358975,0.9634489222118088,0.5493365259902225,0.1702127659574468,0.1219512195121951,0.21465175741997655,0.5801780903920982,0.10175636537949358
1,traditional_2_of_supported,CWE-96,0,0,2058,76,2134,76,2058,,0.0,1.0,0.9643861293345829,0.0,1.0,0.9643861293345829,0.5,,,,0.5090276712188635,0.03649307409648346
1,traditional_2_of_supported,CWE-99,0,0,2093,41,2134,41,2093,,0.0,1.0,0.9807872539831303,0.0,1.0,0.9807872539831303,0.5,,,,0.4913999044433827,0.013130339472599836
1,weighted_fire_ppv_silence_npv,CWE-113,0,0,2024,110,2134,110,2024,,0.0,1.0,0.9484536082474226,0.0,1.0,0.9484536082474226,0.5,,,,0.5,0.0365519763213525
1,weighted_fire_ppv_silence_npv,CWE-116,0,0,2108,26,2134,26,2108,,0.0,1.0,0.9878163074039362,0.0,1.0,0.9878163074039362,0.5,,,,0.5474930667055904,0.018966992705414618
1,weighted_fire_ppv_silence_npv,CWE-117,1,1,2036,96,2134,97,2037,0.5,0.010309278350515464,0.9995090819833088,0.9549718574108818,0.0004909180166912126,0.9896907216494846,0.9545454545454546,0.5049091801669121,0.020202020202020204,0.01282051282051282,0.0668362000551299,0.5049091801669121,0.03636359801197168
1,weighted_fire_ppv_silence_npv,CWE-1333,0,0,2099,35,2134,35,2099,,0.0,1.0,0.9835988753514526,0.0,1.0,0.9835988753514526,0.5,,,,0.5,0.027038267000185922
1,weighted_fire_ppv_silence_npv,CWE-185,0,0,2123,11,2134,11,2123,,0.0,1.0,0.9948453608247423,0.0,1.0,0.9948453608247423,0.5,,,,0.5,0.005299223546473044
1,weighted_fire_ppv_silence_npv,CWE-20,0,11,1952,171,2134,171,1963,0.0,0.0,0.9943963321446765,0.9194536033914272,0.0056036678553234845,1.0,0.9147141518275539,0.49719816607233824,,,-0.021245123053011385,0.47916275661134494,0.0656141254926277
1,weighted_fire_ppv_silence_npv,CWE-200,12,5,1907,210,2134,222,1912,0.7058823529411765,0.05405405405405406,0.9973849372384938,0.9008030231459613,0.002615062761506276,0.9459459459459459,0.8992502343017807,0.5257194956462738,0.100418410041841,0.06629834254143648,0.176655834259337,0.5247300124392175,0.10715496562152015
1,weighted_fire_ppv_silence_npv,CWE-208,12,88,1921,113,2134,125,2009,0.12,0.096,0.9561971129915381,0.9444444444444444,0.043802887008461924,0.904,0.9058106841611996,0.5260985564957691,0.10666666666666666,0.1,0.05799839608423293,0.5260985564957691,0.046294983170844003
1,weighted_fire_ppv_silence_npv,CWE-209,2,10,1998,124,2134,126,2008,0.16666666666666666,0.015873015873015872,0.9950199203187251,0.941564561734213,0.0049800796812749,0.9841269841269841,0.9372071227741331,0.5054464680958705,0.028985507246376812,0.019379844961240306,0.03433592673752269,0.5054464680958705,0.04766270818823809
1,weighted_fire_ppv_silence_npv,CWE-215,4,46,1976,108,2134,112,2022,0.08,0.03571428571428571,0.9772502472799208,0.9481765834932822,0.02274975272007913,0.9642857142857143,0.9278350515463918,0.5064822664971033,0.04938271604938271,0.040160642570281124,0.019112724723667034,0.5064822664971033,0.03573501041326479
1,weighted_fire_ppv_silence_npv,CWE-22,0,0,2048,86,2134,86,2048,,0.0,1.0,0.9597000937207123,0.0,1.0,0.9597000937207123,0.5,,,,0.5805067905159884,0.16753367004466274
1,weighted_fire_ppv_silence_npv,CWE-23,12,24,2025,73,2134,85,2049,0.3333333333333333,0.1411764705882353,0.9882869692532943,0.9652049571020019,0.01171303074670571,0.8588235294117647,0.9545454545454546,0.5647317199207648,0.19834710743801653,0.15957446808510636,0.19659550860629577,0.5647317199207648,0.14962342851223095
1,weighted_fire_ppv_silence_npv,CWE-259,4,11,2013,106,2134,110,2024,0.26666666666666666,0.03636363636363636,0.9945652173913043,0.9499764039641341,0.005434782608695652,0.9636363636363636,0.9451733833177132,0.5154644268774703,0.064,0.04395604395604395,0.08185671535409496,0.5498248293208767,0.06776680676490829
1,weighted_fire_ppv_silence_npv,CWE-276,7,2,2078,47,2134,54,2080,0.7777777777777778,0.12962962962962962,0.9990384615384615,0.9778823529411764,0.0009615384615384616,0.8703703703703703,0.9770384254920338,0.5643340455840455,0.2222222222222222,0.15555555555555553,0.3118162064284634,0.5643340455840455,0.12340443031202834
1,weighted_fire_ppv_silence_npv,CWE-284,0,0,1731,403,2134,403,1731,,0.0,1.0,0.8111527647610122,0.0,1.0,0.8111527647610122,0.5,,,,0.5,0.12050454880306374
1,weighted_fire_ppv_silence_npv,CWE-287,5,4,1910,215,2134,220,1914,0.5555555555555556,0.022727272727272728,0.9979101358411703,0.8988235294117647,0.0020898641588296763,0.9772727272727273,0.8973758200562324,0.5103187042842215,0.04366812227074236,0.028121484814398197,0.09683597896146807,0.5103187042842215,0.07967870599391307
1,weighted_fire_ppv_silence_npv,CWE-295,1,0,2074,59,2134,60,2074,1.0,0.016666666666666666,1.0,0.9723394280356306,0.0,0.9833333333333333,0.9723523898781631,0.5083333333333333,0.03278688524590164,0.02074688796680498,0.12730144199468904,0.5073850851816136,0.04476174222435354
1,weighted_fire_ppv_silence_npv,CWE-312,0,29,2065,40,2134,40,2094,0.0,0.0,0.9861509073543457,0.9809976247030879,0.013849092645654251,1.0,0.9676663542642924,0.49307545367717287,,,-0.01622238132872075,0.49307545367717287,0.011028075790202863
1,weighted_fire_ppv_silence_npv,CWE-315,0,4,2100,30,2134,30,2104,0.0,0.0,0.9980988593155894,0.9859154929577465,0.0019011406844106464,1.0,0.9840674789128397,0.4990494296577947,,,-0.005174613933222113,0.4990494296577947,0.008486078222494087
1,weighted_fire_ppv_silence_npv,CWE-319,1,1,2056,76,2134,77,2057,0.5,0.012987012987012988,0.9995138551288284,0.9643527204502814,0.0004861448711716091,0.987012987012987,0.9639175257731959,0.5062504340579207,0.025316455696202535,0.016129032258064516,0.07618931760805532,0.5269463157163692,0.035557629169988156
1,weighted_fire_ppv_silence_npv,CWE-321,4,15,2005,110,2134,114,2020,0.21052631578947367,0.03508771929824561,0.9925742574257426,0.9479905437352246,0.007425742574257425,0.9649122807017544,0.9414245548266167,0.513830988361994,0.06015037593984962,0.042105263157894736,0.06621849951887998,0.5138309883619941,0.04771495517996048
1,weighted_fire_ppv_silence_npv,CWE-326,1,0,2095,38,2134,39,2095,1.0,0.02564102564102564,1.0,0.9821847163619315,0.0,0.9743589743589743,0.9821930646672915,0.5128205128205128,0.05,0.03184713375796178,0.15869537956871896,0.5230830426534484,0.04357833459132449
1,weighted_fire_ppv_silence_npv,CWE-327,3,17,2075,39,2134,42,2092,0.15,0.07142857142857142,0.9918738049713193,0.9815515610217597,0.008126195028680689,0.9285714285714286,0.9737582005623243,0.5316511881999454,0.09677419354838708,0.0797872340425532,0.09125528166518707,0.7616145406537376,0.18686701746947496
1,weighted_fire_ppv_silence_npv,CWE-328,4,23,2058,49,2134,53,2081,0.14814814814814814,0.07547169811320754,0.9889476213358962,0.9767441860465116,0.011052378664103796,0.9245283018867925,0.9662605435801312,0.5322096597245519,0.1,0.08368200836820083,0.08969659510388348,0.5322096597245519,0.04343108090994871
1,weighted_fire_ppv_silence_npv,CWE-330,20,34,2035,45,2134,65,2069,0.37037037037037035,0.3076923076923077,0.9835669405509908,0.9783653846153846,0.016433059449009184,0.6923076923076923,0.9629803186504218,0.6456296241216493,0.33613445378151263,0.3184713375796179,0.3187044302056533,0.6456296241216493,0.1542078603936903
1,weighted_fire_ppv_silence_npv,CWE-347,1,0,2103,30,2134,31,2103,1.0,0.03225806451612903,1.0,0.9859353023909986,0.0,0.967741935483871,0.985941893158388,0.5161290322580645,0.0625,0.04,0.1783377822932034,0.5161290322580645,0.04312692590304352
1,weighted_fire_ppv_silence_npv,CWE-352,0,0,2097,37,2134,37,2097,,0.0,1.0,0.9826616682286785,0.0,1.0,0.9826616682286785,0.5,,,,0.5,0.014465761563349406
1,weighted_fire_ppv_silence_npv,CWE-359,2,27,1992,113,2134,115,2019,0.06896551724137931,0.017391304347826087,0.986627043090639,0.9463182897862232,0.01337295690936107,0.9826086956521739,0.9343955014058107,0.5020091737192325,0.027777777777777776,0.02044989775051125,0.007836813562881313,0.5020091737192325,0.03535805030374894
1,weighted_fire_ppv_silence_npv,CWE-377,0,0,2119,15,2134,15,2119,,0.0,1.0,0.992970946579194,0.0,1.0,0.992970946579194,0.5,,,,0.6687431178228724,0.03695584313748432
1,weighted_fire_ppv_silence_npv,CWE-400,0,0,2060,74,2134,74,2060,,0.0,1.0,0.9653233364573571,0.0,1.0,0.9653233364573571,0.5,,,,0.5058711624245604,0.042539353426147876
1,weighted_fire_ppv_silence_npv,CWE-477,0,0,2129,5,2134,5,2129,,0.0,1.0,0.9976569821930646,0.0,1.0,0.9976569821930646,0.5,,,,0.5,0.0015276636752641452
1,weighted_fire_ppv_silence_npv,CWE-497,1,11,1978,144,2134,145,1989,0.08333333333333333,0.006896551724137931,0.9944695827048768,0.9321394910461829,0.005530417295123178,0.993103448275862,0.9273664479850047,0.5006830672145074,0.012738853503184714,0.008445945945945945,0.004597603516937481,0.5006830672145074,0.04163704846003179
1,weighted_fire_ppv_silence_npv,CWE-502,9,7,2085,33,2134,42,2092,0.5625,0.21428571428571427,0.9966539196940727,0.9844192634560907,0.0033460803059273425,0.7857142857142857,0.9812558575445174,0.6054698169898934,0.31034482758620685,0.24456521739130432,0.33965710540178967,0.6288297823909679,0.17623143029694585
1,weighted_fire_ppv_silence_npv,CWE-521,0,2,2067,65,2134,65,2069,0.0,0.0,0.9990333494441759,0.9695121951219512,0.0009666505558240696,1.0,0.9686035613870665,0.49951667472208794,,,-0.0054287248531512105,0.49951667472208794,0.023208696880783655
1,weighted_fire_ppv_silence_npv,CWE-522,1,0,2042,91,2134,92,2042,1.0,0.010869565217391304,1.0,0.9573370839193625,0.0,0.9891304347826086,0.957357075913777,0.5054347826086957,0.02150537634408602,0.013550135501355013,0.10200900876240648,0.5054347826086957,0.041672601789675585
1,weighted_fire_ppv_silence_npv,CWE-532,0,0,2003,131,2134,131,2003,,0.0,1.0,0.9386129334582943,0.0,1.0,0.9386129334582943,0.5,,,,0.5181578776872858,0.06073078741984647
1,weighted_fire_ppv_silence_npv,CWE-601,3,4,2083,44,2134,47,2087,0.42857142857142855,0.06382978723404255,0.9980833732630571,0.9793135872120358,0.0019166267369429804,0.9361702127659575,0.9775070290534208,0.5309565802485499,0.1111111111111111,0.07692307692307693,0.1589133425693501,0.5605572490289431,0.09657387293095131
1,weighted_fire_ppv_silence_npv,CWE-605,5,23,2097,9,2134,14,2120,0.17857142857142858,0.35714285714285715,0.9891509433962264,0.9957264957264957,0.010849056603773584,0.6428571428571429,0.9850046860356139,0.6731469002695418,0.2380952380952381,0.29761904761904767,0.24567924338698555,0.6731469002695418,0.07227700941587205
1,weighted_fire_ppv_silence_npv,CWE-611,0,1,2113,20,2134,20,2114,0.0,0.0,0.9995269631031221,0.9906235349273323,0.0004730368968779565,1.0,0.9901593252108716,0.49976348155156103,,,-0.002106042245934119,0.6656929990539262,0.05124750593489445
1,weighted_fire_ppv_silence_npv,CWE-614,1,5,2052,76,2134,77,2057,0.16666666666666666,0.012987012987012988,0.997569275644142,0.9642857142857143,0.0024307243558580457,0.987012987012987,0.9620431115276477,0.5052781443155775,0.024096385542168676,0.01592356687898089,0.037180251885514305,0.5340680224005455,0.04343416782306004
1,weighted_fire_ppv_silence_npv,CWE-643,3,7,2080,44,2134,47,2087,0.3,0.06382978723404255,0.9966459032103497,0.9792843691148776,0.0033540967896502154,0.9361702127659575,0.9761012183692596,0.5302378452221962,0.10526315789473684,0.07575757575757576,0.12996120595219463,0.5302378452221962,0.03188048247532087
1,weighted_fire_ppv_silence_npv,CWE-668,0,0,1784,350,2134,350,1784,,0.0,1.0,0.8359887535145267,0.0,1.0,0.8359887535145267,0.5,,,,0.5,0.10134364927671868
1,weighted_fire_ppv_silence_npv,CWE-706,0,0,2024,110,2134,110,2024,,0.0,1.0,0.9484536082474226,0.0,1.0,0.9484536082474226,0.5,,,,0.5,0.062825325229188
1,weighted_fire_ppv_silence_npv,CWE-73,0,36,1977,121,2134,121,2013,0.0,0.0,0.9821162444113264,0.94232602478551,0.01788375558867362,1.0,0.9264292408622306,0.4910581222056632,,,-0.0321158415203955,0.4910581222056632,0.03990899818714472
1,weighted_fire_ppv_silence_npv,CWE-732,7,1,2077,49,2134,56,2078,0.875,0.125,0.9995187680461982,0.9769520225776105,0.00048123195380173246,0.875,0.9765698219306467,0.5622593840230992,0.21875,0.15086206896551724,0.3257054133505167,0.5620488450433109,0.13682307630723933
1,weighted_fire_ppv_silence_npv,CWE-74,9,0,1792,333,2134,342,1792,1.0,0.02631578947368421,1.0,0.8432941176470589,0.0,0.9736842105263158,0.8439550140581068,0.5131578947368421,0.05128205128205127,0.032679738562091505,0.14896962933563435,0.5131578947368421,0.19018371624521996
1,weighted_fire_ppv_silence_npv,CWE-770,0,0,2076,58,2134,58,2076,,0.0,1.0,0.9728209934395501,0.0,1.0,0.9728209934395501,0.5,,,,0.5,0.03696237418683173
1,weighted_fire_ppv_silence_npv,CWE-776,0,0,2098,36,2134,36,2098,,0.0,1.0,0.9831302717900656,0.0,1.0,0.9831302717900656,0.5,,,,0.49928503336510965,0.023053754149805997
1,weighted_fire_ppv_silence_npv,CWE-78,7,3,2021,103,2134,110,2024,0.7,0.06363636363636363,0.9985177865612648,0.9515065913370998,0.0014822134387351778,0.9363636363636364,0.950328022492971,0.5310770750988142,0.11666666666666667,0.07777777777777778,0.20123080910415048,0.6251302551203737,0.18750967667676563
1,weighted_fire_ppv_silence_npv,CWE-79,0,0,2009,125,2134,125,2009,,0.0,1.0,0.9414245548266167,0.0,1.0,0.9414245548266167,0.5,,,,0.5755540069686411,0.1501399409890866
1,weighted_fire_ppv_silence_npv,CWE-798,0,1,2019,114,2134,114,2020,0.0,0.0,0.9995049504950495,0.9465541490857946,0.0004950495049504951,1.0,0.9461105904404874,0.49975247524752475,,,-0.005143767300018083,0.5138223032829599,0.04771495517996048
1,weighted_fire_ppv_silence_npv,CWE-80,1,0,2011,122,2134,123,2011,1.0,0.008130081300813009,1.0,0.9428035630567276,0.0,0.991869918699187,0.9428303655107779,0.5040650406504065,0.01612903225806452,0.010141987829614606,0.08755038331353769,0.5040650406504065,0.05564192228926768
1,weighted_fire_ppv_silence_npv,CWE-827,0,0,2111,23,2134,23,2111,,0.0,1.0,0.9892221180880975,0.0,1.0,0.9892221180880975,0.5,,,,0.5,0.006735216819477641
1,weighted_fire_ppv_silence_npv,CWE-829,0,0,2108,26,2134,26,2108,,0.0,1.0,0.9878163074039362,0.0,1.0,0.9878163074039362,0.5,,,,0.5,0.007574236264180552
1,weighted_fire_ppv_silence_npv,CWE-88,0,11,2058,65,2134,65,2069,0.0,0.0,0.9946834219429677,0.96938294865756,0.005316578057032383,1.0,0.9643861293345829,0.49734171097148383,,,-0.012758445960940935,0.49734171097148383,0.024564009951180837
1,weighted_fire_ppv_silence_npv,CWE-89,42,30,1994,68,2134,110,2024,0.5833333333333334,0.38181818181818183,0.9851778656126482,0.9670223084384093,0.014822134387351778,0.6181818181818182,0.9540768509840675,0.683498023715415,0.46153846153846156,0.41015625,0.44942000980317665,0.7429055874955084,0.29099434644509
1,weighted_fire_ppv_silence_npv,CWE-90,1,0,2096,37,2134,38,2096,1.0,0.02631578947368421,1.0,0.9826535396155649,0.0,0.9736842105263158,0.9826616682286785,0.5131578947368421,0.05128205128205127,0.032679738562091505,0.16080828235539926,0.5131578947368421,0.03943389138735831
1,weighted_fire_ppv_silence_npv,CWE-916,4,23,2058,49,2134,53,2081,0.14814814814814814,0.07547169811320754,0.9889476213358962,0.9767441860465116,0.011052378664103796,0.9245283018867925,0.9662605435801312,0.5322096597245519,0.1,0.08368200836820083,0.08969659510388348,0.5322096597245519,0.04343108090994871
1,weighted_fire_ppv_silence_npv,CWE-918,1,2,2109,22,2134,23,2111,0.3333333333333333,0.043478260869565216,0.9990525817148271,0.9896762083528859,0.0009474182851729038,0.9565217391304348,0.9887535145267105,0.5212654212921962,0.07692307692307691,0.05263157894736842,0.11720865143287548,0.5205857516528329,0.03220650764125004
1,weighted_fire_ppv_silence_npv,CWE-93,0,0,2095,39,2134,39,2095,,0.0,1.0,0.9817244611059044,0.0,1.0,0.9817244611059044,0.5,,,,0.5,0.012988879272383033
1,weighted_fire_ppv_silence_npv,CWE-939,0,0,2017,117,2134,117,2017,,0.0,1.0,0.9451733833177132,0.0,1.0,0.9451733833177132,0.5,,,,0.5,0.03769210731771391
1,weighted_fire_ppv_silence_npv,CWE-94,0,0,2049,85,2134,85,2049,,0.0,1.0,0.9601686972820993,0.0,1.0,0.9601686972820993,0.5,,,,0.5811644130565843,0.08379788896272193
1,weighted_fire_ppv_silence_npv,CWE-942,0,0,2057,77,2134,77,2057,,0.0,1.0,0.9639175257731959,0.0,1.0,0.9639175257731959,0.5,,,,0.5,0.03183269981684936
1,weighted_fire_ppv_silence_npv,CWE-95,0,2,2054,78,2134,78,2056,0.0,0.0,0.9990272373540856,0.9634146341463414,0.0009727626459143969,1.0,0.9625117150890347,0.4995136186770428,,,-0.005965641398001651,0.5801905617080715,0.10582565791032458
1,weighted_fire_ppv_silence_npv,CWE-96,2,17,2041,74,2134,76,2058,0.10526315789473684,0.02631578947368421,0.9917395529640428,0.9650118203309692,0.00826044703595724,0.9736842105263158,0.957357075913777,0.5090276712188635,0.042105263157894736,0.030959752321981424,0.03562076356100372,0.5090276712188635,0.03649307409648346
1,weighted_fire_ppv_silence_npv,CWE-99,0,36,2057,41,2134,41,2093,0.0,0.0,0.9827998088867654,0.9804575786463299,0.017200191113234592,1.0,0.9639175257731959,0.4913999044433827,,,-0.018333940713836823,0.4913999044433827,0.013130339472599836
1,weighted_fire_ppv_silence_sensitivity,CWE-113,0,0,2024,110,2134,110,2024,,0.0,1.0,0.9484536082474226,0.0,1.0,0.9484536082474226,0.5,,,,0.5,0.0365519763213525
1,weighted_fire_ppv_silence_sensitivity,CWE-116,3,43,2065,23,2134,26,2108,0.06521739130434782,0.11538461538461539,0.9796015180265655,0.9889846743295019,0.020398481973434534,0.8846153846153846,0.9690721649484536,0.5474930667055904,0.08333333333333334,0.10000000000000002,0.07175266292938844,0.5474930667055904,0.018966992705414618
1,weighted_fire_ppv_silence_sensitivity,CWE-117,1,1,2036,96,2134,97,2037,0.5,0.010309278350515464,0.9995090819833088,0.9549718574108818,0.0004909180166912126,0.9896907216494846,0.9545454545454546,0.5049091801669121,0.020202020202020204,0.01282051282051282,0.0668362000551299,0.5049091801669121,0.03636359801197168
1,weighted_fire_ppv_silence_sensitivity,CWE-1333,0,0,2099,35,2134,35,2099,,0.0,1.0,0.9835988753514526,0.0,1.0,0.9835988753514526,0.5,,,,0.5,0.027038267000185922
1,weighted_fire_ppv_silence_sensitivity,CWE-185,0,0,2123,11,2134,11,2123,,0.0,1.0,0.9948453608247423,0.0,1.0,0.9948453608247423,0.5,,,,0.5,0.005299223546473044
1,weighted_fire_ppv_silence_sensitivity,CWE-20,12,41,1922,159,2134,171,1963,0.22641509433962265,0.07017543859649122,0.9791136016301579,0.9235944257568477,0.020886398369842078,0.9298245614035088,0.9062792877225867,0.5246445201133245,0.10714285714285714,0.08141112618724558,0.08598735529375967,0.47916275661134494,0.0656141254926277
1,weighted_fire_ppv_silence_sensitivity,CWE-200,12,9,1903,210,2134,222,1912,0.5714285714285714,0.05405405405405406,0.9952928870292888,0.9006152389966872,0.004707112970711297,0.9459459459459459,0.8973758200562324,0.5246734705416713,0.09876543209876544,0.06600660066006601,0.1526234520046374,0.5247300124392175,0.10715496562152015
1,weighted_fire_ppv_silence_sensitivity,CWE-208,12,88,1921,113,2134,125,2009,0.12,0.096,0.9561971129915381,0.9444444444444444,0.043802887008461924,0.904,0.9058106841611996,0.5260985564957691,0.10666666666666666,0.1,0.05799839608423293,0.5260985564957691,0.046294983170844003
1,weighted_fire_ppv_silence_sensitivity,CWE-209,2,10,1998,124,2134,126,2008,0.16666666666666666,0.015873015873015872,0.9950199203187251,0.941564561734213,0.0049800796812749,0.9841269841269841,0.9372071227741331,0.5054464680958705,0.028985507246376812,0.019379844961240306,0.03433592673752269,0.5054464680958705,0.04766270818823809
1,weighted_fire_ppv_silence_sensitivity,CWE-215,4,46,1976,108,2134,112,2022,0.08,0.03571428571428571,0.9772502472799208,0.9481765834932822,0.02274975272007913,0.9642857142857143,0.9278350515463918,0.5064822664971033,0.04938271604938271,0.040160642570281124,0.019112724723667034,0.5064822664971033,0.03573501041326479
1,weighted_fire_ppv_silence_sensitivity,CWE-22,15,28,2020,71,2134,86,2048,0.3488372093023256,0.1744186046511628,0.986328125,0.9660449545671927,0.013671875,0.8255813953488372,0.9536082474226805,0.5803733648255814,0.23255813953488372,0.19379844961240308,0.22498061709291003,0.5806941542514535,0.1811606222528054
1,weighted_fire_ppv_silence_sensitivity,CWE-23,12,24,2025,73,2134,85,2049,0.3333333333333333,0.1411764705882353,0.9882869692532943,0.9652049571020019,0.01171303074670571,0.8588235294117647,0.9545454545454546,0.5647317199207648,0.19834710743801653,0.15957446808510636,0.19659550860629577,0.5647317199207648,0.14962342851223095
1,weighted_fire_ppv_silence_sensitivity,CWE-259,16,91,1933,94,2134,110,2024,0.14953271028037382,0.14545454545454545,0.9550395256916996,0.9536260483473114,0.04496047430830039,0.8545454545454545,0.9133083411433927,0.5502470355731225,0.14746543778801846,0.14625228519195613,0.10181769801409238,0.5498248293208767,0.06776680676490829
1,weighted_fire_ppv_silence_sensitivity,CWE-276,7,2,2078,47,2134,54,2080,0.7777777777777778,0.12962962962962962,0.9990384615384615,0.9778823529411764,0.0009615384615384616,0.8703703703703703,0.9770384254920338,0.5643340455840455,0.2222222222222222,0.15555555555555553,0.3118162064284634,0.5643340455840455,0.12340443031202834
1,weighted_fire_ppv_silence_sensitivity,CWE-284,0,0,1731,403,2134,403,1731,,0.0,1.0,0.8111527647610122,0.0,1.0,0.8111527647610122,0.5,,,,0.5,0.12050454880306374
1,weighted_fire_ppv_silence_sensitivity,CWE-287,5,4,1910,215,2134,220,1914,0.5555555555555556,0.022727272727272728,0.9979101358411703,0.8988235294117647,0.0020898641588296763,0.9772727272727273,0.8973758200562324,0.5103187042842215,0.04366812227074236,0.028121484814398197,0.09683597896146807,0.5103187042842215,0.07967870599391307
1,weighted_fire_ppv_silence_sensitivity,CWE-295,1,4,2070,59,2134,60,2074,0.2,0.016666666666666666,0.9980713596914176,0.9722874589008924,0.0019286403085824494,0.9833333333333333,0.9704779756326148,0.5073690131790421,0.03076923076923077,0.02040816326530612,0.05039024816815953,0.5073850851816136,0.04476174222435354
1,weighted_fire_ppv_silence_sensitivity,CWE-312,0,29,2065,40,2134,40,2094,0.0,0.0,0.9861509073543457,0.9809976247030879,0.013849092645654251,1.0,0.9676663542642924,0.49307545367717287,,,-0.01622238132872075,0.49307545367717287,0.011028075790202863
1,weighted_fire_ppv_silence_sensitivity,CWE-315,0,4,2100,30,2134,30,2104,0.0,0.0,0.9980988593155894,0.9859154929577465,0.0019011406844106464,1.0,0.9840674789128397,0.4990494296577947,,,-0.005174613933222113,0.4990494296577947,0.008486078222494087
1,weighted_fire_ppv_silence_sensitivity,CWE-319,6,50,2007,71,2134,77,2057,0.10714285714285714,0.07792207792207792,0.9756927564414195,0.965832531280077,0.024307243558580455,0.922077922077922,0.9432989690721649,0.5268074171817487,0.09022556390977444,0.08241758241758243,0.06255048651215676,0.5269463157163692,0.035557629169988156
1,weighted_fire_ppv_silence_sensitivity,CWE-321,4,15,2005,110,2134,114,2020,0.21052631578947367,0.03508771929824561,0.9925742574257426,0.9479905437352246,0.007425742574257425,0.9649122807017544,0.9414245548266167,0.513830988361994,0.06015037593984962,0.042105263157894736,0.06621849951887998,0.5138309883619941,0.04771495517996048
1,weighted_fire_ppv_silence_sensitivity,CWE-326,2,11,2084,37,2134,39,2095,0.15384615384615385,0.05128205128205128,0.9947494033412888,0.9825553983969826,0.005250596658711217,0.9487179487179487,0.9775070290534208,0.52301572731167,0.07692307692307693,0.05917159763313609,0.07923863869750086,0.5230830426534484,0.04357833459132449
1,weighted_fire_ppv_silence_sensitivity,CWE-327,20,32,2060,22,2134,42,2092,0.38461538461538464,0.47619047619047616,0.9847036328871893,0.989433237271854,0.015296367112810707,0.5238095238095238,0.9746954076850984,0.7304470545388327,0.42553191489361697,0.45454545454545453,0.4152069439887143,0.7616145406537376,0.18686701746947496
1,weighted_fire_ppv_silence_sensitivity,CWE-328,4,23,2058,49,2134,53,2081,0.14814814814814814,0.07547169811320754,0.9889476213358962,0.9767441860465116,0.011052378664103796,0.9245283018867925,0.9662605435801312,0.5322096597245519,0.1,0.08368200836820083,0.08969659510388348,0.5322096597245519,0.04343108090994871
1,weighted_fire_ppv_silence_sensitivity,CWE-330,20,34,2035,45,2134,65,2069,0.37037037037037035,0.3076923076923077,0.9835669405509908,0.9783653846153846,0.016433059449009184,0.6923076923076923,0.9629803186504218,0.6456296241216493,0.33613445378151263,0.3184713375796179,0.3187044302056533,0.6456296241216493,0.1542078603936903
1,weighted_fire_ppv_silence_sensitivity,CWE-347,1,0,2103,30,2134,31,2103,1.0,0.03225806451612903,1.0,0.9859353023909986,0.0,0.967741935483871,0.985941893158388,0.5161290322580645,0.0625,0.04,0.1783377822932034,0.5161290322580645,0.04312692590304352
1,weighted_fire_ppv_silence_sensitivity,CWE-352,0,0,2097,37,2134,37,2097,,0.0,1.0,0.9826616682286785,0.0,1.0,0.9826616682286785,0.5,,,,0.5,0.014465761563349406
1,weighted_fire_ppv_silence_sensitivity,CWE-359,2,27,1992,113,2134,115,2019,0.06896551724137931,0.017391304347826087,0.986627043090639,0.9463182897862232,0.01337295690936107,0.9826086956521739,0.9343955014058107,0.5020091737192325,0.027777777777777776,0.02044989775051125,0.007836813562881313,0.5020091737192325,0.03535805030374894
1,weighted_fire_ppv_silence_sensitivity,CWE-377,1,11,2108,14,2134,15,2119,0.08333333333333333,0.06666666666666667,0.9948088721094857,0.9934024505183789,0.005191127890514393,0.9333333333333333,0.9882849109653233,0.5307377693880762,0.07407407407407407,0.06944444444444445,0.06868313952997762,0.6688375019663363,0.03981298599462717
1,weighted_fire_ppv_silence_sensitivity,CWE-400,4,87,1973,70,2134,74,2060,0.04395604395604396,0.05405405405405406,0.9577669902912621,0.9657366617719041,0.04223300970873786,0.9459459459459459,0.9264292408622306,0.5059105221726581,0.048484848484848485,0.0516795865633075,0.010704106886432599,0.5058711624245604,0.042539353426147876
1,weighted_fire_ppv_silence_sensitivity,CWE-477,0,0,2129,5,2134,5,2129,,0.0,1.0,0.9976569821930646,0.0,1.0,0.9976569821930646,0.5,,,,0.5,0.0015276636752641452
1,weighted_fire_ppv_silence_sensitivity,CWE-497,1,11,1978,144,2134,145,1989,0.08333333333333333,0.006896551724137931,0.9944695827048768,0.9321394910461829,0.005530417295123178,0.993103448275862,0.9273664479850047,0.5006830672145074,0.012738853503184714,0.008445945945945945,0.004597603516937481,0.5006830672145074,0.04163704846003179
1,weighted_fire_ppv_silence_sensitivity,CWE-502,11,9,2083,31,2134,42,2092,0.55,0.2619047619047619,0.995697896749522,0.9853358561967833,0.004302103250478011,0.7380952380952381,0.9812558575445174,0.628801329327142,0.3548387096774194,0.2925531914893617,0.37135419726894,0.6288297823909679,0.17623143029694585
1,weighted_fire_ppv_silence_sensitivity,CWE-521,0,2,2067,65,2134,65,2069,0.0,0.0,0.9990333494441759,0.9695121951219512,0.0009666505558240696,1.0,0.9686035613870665,0.49951667472208794,,,-0.0054287248531512105,0.49951667472208794,0.023208696880783655
1,weighted_fire_ppv_silence_sensitivity,CWE-522,1,0,2042,91,2134,92,2042,1.0,0.010869565217391304,1.0,0.9573370839193625,0.0,0.9891304347826086,0.957357075913777,0.5054347826086957,0.02150537634408602,0.013550135501355013,0.10200900876240648,0.5054347826086957,0.041672601789675585
1,weighted_fire_ppv_silence_sensitivity,CWE-532,6,19,1984,125,2134,131,2003,0.24,0.04580152671755725,0.9905142286570144,0.9407302038880986,0.009485771342985522,0.9541984732824428,0.9325210871602624,0.5181578776872858,0.07692307692307691,0.0546448087431694,0.08101452877846456,0.5181578776872858,0.06073078741984647
1,weighted_fire_ppv_silence_sensitivity,CWE-601,6,14,2073,41,2134,47,2087,0.3,0.1276595744680851,0.9932918064206996,0.9806054872280038,0.006708193579300431,0.8723404255319149,0.9742268041237113,0.5604756904443924,0.17910447761194026,0.14423076923076925,0.18422709129006323,0.5605776386750808,0.0974813377735983
1,weighted_fire_ppv_silence_sensitivity,CWE-605,5,23,2097,9,2134,14,2120,0.17857142857142858,0.35714285714285715,0.9891509433962264,0.9957264957264957,0.010849056603773584,0.6428571428571429,0.9850046860356139,0.6731469002695418,0.2380952380952381,0.29761904761904767,0.24567924338698555,0.6731469002695418,0.07227700941587205
1,weighted_fire_ppv_silence_sensitivity,CWE-611,7,39,2075,13,2134,20,2114,0.15217391304347827,0.35,0.9815515610217597,0.9937739463601533,0.018448438978240302,0.65,0.9756326148078726,0.6657757805108798,0.21212121212121213,0.2777777777777778,0.2199755454887164,0.6656929990539262,0.05124750593489445
1,weighted_fire_ppv_silence_sensitivity,CWE-614,6,20,2037,71,2134,77,2057,0.23076923076923078,0.07792207792207792,0.9902771025765679,0.9663187855787476,0.009722897423432183,0.922077922077922,0.957357075913777,0.5340995902493229,0.11650485436893206,0.08982035928143713,0.1159363670339718,0.5340680224005455,0.04343416782306004
1,weighted_fire_ppv_silence_sensitivity,CWE-643,3,7,2080,44,2134,47,2087,0.3,0.06382978723404255,0.9966459032103497,0.9792843691148776,0.0033540967896502154,0.9361702127659575,0.9761012183692596,0.5302378452221962,0.10526315789473684,0.07575757575757576,0.12996120595219463,0.5302378452221962,0.03188048247532087
1,weighted_fire_ppv_silence_sensitivity,CWE-668,0,0,1784,350,2134,350,1784,,0.0,1.0,0.8359887535145267,0.0,1.0,0.8359887535145267,0.5,,,,0.5,0.10134364927671868
1,weighted_fire_ppv_silence_sensitivity,CWE-706,0,0,2024,110,2134,110,2024,,0.0,1.0,0.9484536082474226,0.0,1.0,0.9484536082474226,0.5,,,,0.5,0.062825325229188
1,weighted_fire_ppv_silence_sensitivity,CWE-73,0,36,1977,121,2134,121,2013,0.0,0.0,0.9821162444113264,0.94232602478551,0.01788375558867362,1.0,0.9264292408622306,0.4910581222056632,,,-0.0321158415203955,0.4910581222056632,0.03990899818714472
1,weighted_fire_ppv_silence_sensitivity,CWE-732,7,2,2076,49,2134,56,2078,0.7777777777777778,0.125,0.9990375360923965,0.9769411764705882,0.0009624639076034649,0.875,0.9761012183692596,0.5620187680461983,0.2153846153846154,0.1502145922746781,0.30596319962897084,0.5620488450433109,0.13682307630723933
1,weighted_fire_ppv_silence_sensitivity,CWE-74,9,0,1792,333,2134,342,1792,1.0,0.02631578947368421,1.0,0.8432941176470589,0.0,0.9736842105263158,0.8439550140581068,0.5131578947368421,0.05128205128205127,0.032679738562091505,0.14896962933563435,0.5131578947368421,0.19018371624521996
1,weighted_fire_ppv_silence_sensitivity,CWE-770,0,0,2076,58,2134,58,2076,,0.0,1.0,0.9728209934395501,0.0,1.0,0.9728209934395501,0.5,,,,0.5,0.03696237418683173
1,weighted_fire_ppv_silence_sensitivity,CWE-776,0,3,2095,36,2134,36,2098,0.0,0.0,0.9985700667302193,0.9831065227592679,0.0014299332697807435,1.0,0.9817244611059044,0.49928503336510965,,,-0.004914930838659538,0.49928503336510965,0.023053754149805997
1,weighted_fire_ppv_silence_sensitivity,CWE-78,12,24,2000,98,2134,110,2024,0.3333333333333333,0.10909090909090909,0.9881422924901185,0.9532888465204957,0.011857707509881422,0.8909090909090909,0.9428303655107779,0.5486166007905138,0.16438356164383564,0.12605042016806722,0.166940684649731,0.6251482213438735,0.1884769187570108
1,weighted_fire_ppv_silence_sensitivity,CWE-79,22,53,1956,103,2134,125,2009,0.29333333333333333,0.176,0.9736187157789945,0.9499757163671685,0.026381284221005476,0.824,0.9268978444236177,0.5748093578894973,0.21999999999999997,0.19130434782608696,0.1907972419968293,0.5758287705326033,0.15836247050092556
1,weighted_fire_ppv_silence_sensitivity,CWE-798,4,15,2005,110,2134,114,2020,0.21052631578947367,0.03508771929824561,0.9925742574257426,0.9479905437352246,0.007425742574257425,0.9649122807017544,0.9414245548266167,0.513830988361994,0.06015037593984962,0.042105263157894736,0.06621849951887998,0.5138309883619941,0.04771495517996048
1,weighted_fire_ppv_silence_sensitivity,CWE-80,1,0,2011,122,2134,123,2011,1.0,0.008130081300813009,1.0,0.9428035630567276,0.0,0.991869918699187,0.9428303655107779,0.5040650406504065,0.01612903225806452,0.010141987829614606,0.08755038331353769,0.5040650406504065,0.05564192228926768
1,weighted_fire_ppv_silence_sensitivity,CWE-827,0,0,2111,23,2134,23,2111,,0.0,1.0,0.9892221180880975,0.0,1.0,0.9892221180880975,0.5,,,,0.5,0.006735216819477641
1,weighted_fire_ppv_silence_sensitivity,CWE-829,0,0,2108,26,2134,26,2108,,0.0,1.0,0.9878163074039362,0.0,1.0,0.9878163074039362,0.5,,,,0.5,0.007574236264180552
1,weighted_fire_ppv_silence_sensitivity,CWE-88,0,11,2058,65,2134,65,2069,0.0,0.0,0.9946834219429677,0.96938294865756,0.005316578057032383,1.0,0.9643861293345829,0.49734171097148383,,,-0.012758445960940935,0.49734171097148383,0.024564009951180837
1,weighted_fire_ppv_silence_sensitivity,CWE-89,56,41,1983,54,2134,110,2024,0.5773195876288659,0.509090909090909,0.9797430830039525,0.9734904270986745,0.020256916996047432,0.4909090909090909,0.9554826616682287,0.7444169960474307,0.5410628019323671,0.5214152700186219,0.5188975413172557,0.7429055874955084,0.29099434644509
1,weighted_fire_ppv_silence_sensitivity,CWE-90,1,0,2096,37,2134,38,2096,1.0,0.02631578947368421,1.0,0.9826535396155649,0.0,0.9736842105263158,0.9826616682286785,0.5131578947368421,0.05128205128205127,0.032679738562091505,0.16080828235539926,0.5131578947368421,0.03943389138735831
1,weighted_fire_ppv_silence_sensitivity,CWE-916,4,23,2058,49,2134,53,2081,0.14814814814814814,0.07547169811320754,0.9889476213358962,0.9767441860465116,0.011052378664103796,0.9245283018867925,0.9662605435801312,0.5322096597245519,0.1,0.08368200836820083,0.08969659510388348,0.5322096597245519,0.04343108090994871
1,weighted_fire_ppv_silence_sensitivity,CWE-918,1,5,2106,22,2134,23,2111,0.16666666666666666,0.043478260869565216,0.9976314542870678,0.9896616541353384,0.0023685457129322598,0.9565217391304348,0.9873477038425492,0.5205548575783165,0.06896551724137931,0.0510204081632653,0.08016615706821155,0.5205857516528329,0.03220650764125004
1,weighted_fire_ppv_silence_sensitivity,CWE-93,0,0,2095,39,2134,39,2095,,0.0,1.0,0.9817244611059044,0.0,1.0,0.9817244611059044,0.5,,,,0.5,0.012988879272383033
1,weighted_fire_ppv_silence_sensitivity,CWE-939,0,0,2017,117,2134,117,2017,,0.0,1.0,0.9451733833177132,0.0,1.0,0.9451733833177132,0.5,,,,0.5,0.03769210731771391
1,weighted_fire_ppv_silence_sensitivity,CWE-94,10,35,2014,75,2134,85,2049,0.2222222222222222,0.11764705882352941,0.9829184968277208,0.9640976543800862,0.01708150317227916,0.8823529411764706,0.9484536082474226,0.5502827778256251,0.15384615384615383,0.12987012987012989,0.1368844838518359,0.5811644130565843,0.08379788896272193
1,weighted_fire_ppv_silence_sensitivity,CWE-942,0,0,2057,77,2134,77,2057,,0.0,1.0,0.9639175257731959,0.0,1.0,0.9639175257731959,0.5,,,,0.5,0.03183269981684936
1,weighted_fire_ppv_silence_sensitivity,CWE-95,14,42,2014,64,2134,78,2056,0.25,0.1794871794871795,0.9795719844357976,0.9692011549566891,0.020428015564202335,0.8205128205128205,0.950328022492971,0.5795295819614885,0.208955223880597,0.19021739130434784,0.1867242684772441,0.5801905617080715,0.10582565791032458
1,weighted_fire_ppv_silence_sensitivity,CWE-96,2,17,2041,74,2134,76,2058,0.10526315789473684,0.02631578947368421,0.9917395529640428,0.9650118203309692,0.00826044703595724,0.9736842105263158,0.957357075913777,0.5090276712188635,0.042105263157894736,0.030959752321981424,0.03562076356100372,0.5090276712188635,0.03649307409648346
1,weighted_fire_ppv_silence_sensitivity,CWE-99,0,36,2057,41,2134,41,2093,0.0,0.0,0.9827998088867654,0.9804575786463299,0.017200191113234592,1.0,0.9639175257731959,0.4913999044433827,,,-0.018333940713836823,0.4913999044433827,0.013130339472599836
1,weighted_fire_specificity_silence_npv,CWE-113,0,0,2024,110,2134,110,2024,,0.0,1.0,0.9484536082474226,0.0,1.0,0.9484536082474226,0.5,,,,0.5,0.0365519763213525
1,weighted_fire_specificity_silence_npv,CWE-116,0,2,2106,26,2134,26,2108,0.0,0.0,0.9990512333965844,0.9878048780487805,0.0009487666034155598,1.0,0.9868791002811621,0.4995256166982922,,,-0.0034015179599550948,0.5469639468690702,0.017750885395016854
1,weighted_fire_specificity_silence_npv,CWE-117,1,1,2036,96,2134,97,2037,0.5,0.010309278350515464,0.9995090819833088,0.9549718574108818,0.0004909180166912126,0.9896907216494846,0.9545454545454546,0.5049091801669121,0.020202020202020204,0.01282051282051282,0.0668362000551299,0.5049091801669121,0.03636359801197168
1,weighted_fire_specificity_silence_npv,CWE-1333,0,0,2099,35,2134,35,2099,,0.0,1.0,0.9835988753514526,0.0,1.0,0.9835988753514526,0.5,,,,0.5,0.027038267000185922
1,weighted_fire_specificity_silence_npv,CWE-185,0,0,2123,11,2134,11,2123,,0.0,1.0,0.9948453608247423,0.0,1.0,0.9948453608247423,0.5,,,,0.5,0.005299223546473044
1,weighted_fire_specificity_silence_npv,CWE-20,12,41,1922,159,2134,171,1963,0.22641509433962265,0.07017543859649122,0.9791136016301579,0.9235944257568477,0.020886398369842078,0.9298245614035088,0.9062792877225867,0.5246445201133245,0.10714285714285714,0.08141112618724558,0.08598735529375967,0.47916275661134494,0.0656141254926277
1,weighted_fire_specificity_silence_npv,CWE-200,12,9,1903,210,2134,222,1912,0.5714285714285714,0.05405405405405406,0.9952928870292888,0.9006152389966872,0.004707112970711297,0.9459459459459459,0.8973758200562324,0.5246734705416713,0.09876543209876544,0.06600660066006601,0.1526234520046374,0.5247300124392175,0.10715496562152015
1,weighted_fire_specificity_silence_npv,CWE-208,12,88,1921,113,2134,125,2009,0.12,0.096,0.9561971129915381,0.9444444444444444,0.043802887008461924,0.904,0.9058106841611996,0.5260985564957691,0.10666666666666666,0.1,0.05799839608423293,0.5260985564957691,0.046294983170844003
1,weighted_fire_specificity_silence_npv,CWE-209,2,10,1998,124,2134,126,2008,0.16666666666666666,0.015873015873015872,0.9950199203187251,0.941564561734213,0.0049800796812749,0.9841269841269841,0.9372071227741331,0.5054464680958705,0.028985507246376812,0.019379844961240306,0.03433592673752269,0.5054464680958705,0.04766270818823809
1,weighted_fire_specificity_silence_npv,CWE-215,4,46,1976,108,2134,112,2022,0.08,0.03571428571428571,0.9772502472799208,0.9481765834932822,0.02274975272007913,0.9642857142857143,0.9278350515463918,0.5064822664971033,0.04938271604938271,0.040160642570281124,0.019112724723667034,0.5064822664971033,0.03573501041326479
1,weighted_fire_specificity_silence_npv,CWE-22,4,2,2046,82,2134,86,2048,0.6666666666666666,0.046511627906976744,0.9990234375,0.9614661654135338,0.0009765625,0.9534883720930233,0.9606373008434864,0.5227675327034884,0.08695652173913045,0.05714285714285714,0.16912146402228628,0.5805067905159884,0.16753367004466274
1,weighted_fire_specificity_silence_npv,CWE-23,12,24,2025,73,2134,85,2049,0.3333333333333333,0.1411764705882353,0.9882869692532943,0.9652049571020019,0.01171303074670571,0.8588235294117647,0.9545454545454546,0.5647317199207648,0.19834710743801653,0.15957446808510636,0.19659550860629577,0.5647317199207648,0.14962342851223095
1,weighted_fire_specificity_silence_npv,CWE-259,4,15,2009,106,2134,110,2024,0.21052631578947367,0.03636363636363636,0.9925889328063241,0.9498817966903074,0.007411067193675889,0.9636363636363636,0.9432989690721649,0.5144762845849802,0.062015503875968984,0.04357298474945534,0.06814856544340211,0.5496092346388789,0.06655431662741315
1,weighted_fire_specificity_silence_npv,CWE-276,7,2,2078,47,2134,54,2080,0.7777777777777778,0.12962962962962962,0.9990384615384615,0.9778823529411764,0.0009615384615384616,0.8703703703703703,0.9770384254920338,0.5643340455840455,0.2222222222222222,0.15555555555555553,0.3118162064284634,0.5643340455840455,0.12340443031202834
1,weighted_fire_specificity_silence_npv,CWE-284,0,0,1731,403,2134,403,1731,,0.0,1.0,0.8111527647610122,0.0,1.0,0.8111527647610122,0.5,,,,0.5,0.12050454880306374
1,weighted_fire_specificity_silence_npv,CWE-287,5,4,1910,215,2134,220,1914,0.5555555555555556,0.022727272727272728,0.9979101358411703,0.8988235294117647,0.0020898641588296763,0.9772727272727273,0.8973758200562324,0.5103187042842215,0.04366812227074236,0.028121484814398197,0.09683597896146807,0.5103187042842215,0.07967870599391307
1,weighted_fire_specificity_silence_npv,CWE-295,1,1,2073,59,2134,60,2074,0.5,0.016666666666666666,0.9995178399228544,0.9723264540337712,0.00048216007714561236,0.9833333333333333,0.971883786316776,0.5080922532947605,0.03225806451612903,0.02066115702479339,0.08743209140650063,0.5073850851816136,0.04476174222435354
1,weighted_fire_specificity_silence_npv,CWE-312,0,29,2065,40,2134,40,2094,0.0,0.0,0.9861509073543457,0.9809976247030879,0.013849092645654251,1.0,0.9676663542642924,0.49307545367717287,,,-0.01622238132872075,0.49307545367717287,0.011028075790202863
1,weighted_fire_specificity_silence_npv,CWE-315,0,4,2100,30,2134,30,2104,0.0,0.0,0.9980988593155894,0.9859154929577465,0.0019011406844106464,1.0,0.9840674789128397,0.4990494296577947,,,-0.005174613933222113,0.4990494296577947,0.008486078222494087
1,weighted_fire_specificity_silence_npv,CWE-319,6,50,2007,71,2134,77,2057,0.10714285714285714,0.07792207792207792,0.9756927564414195,0.965832531280077,0.024307243558580455,0.922077922077922,0.9432989690721649,0.5268074171817487,0.09022556390977444,0.08241758241758243,0.06255048651215676,0.5269463157163692,0.035557629169988156
1,weighted_fire_specificity_silence_npv,CWE-321,4,15,2005,110,2134,114,2020,0.21052631578947367,0.03508771929824561,0.9925742574257426,0.9479905437352246,0.007425742574257425,0.9649122807017544,0.9414245548266167,0.513830988361994,0.06015037593984962,0.042105263157894736,0.06621849951887998,0.5138309883619941,0.04771495517996048
1,weighted_fire_specificity_silence_npv,CWE-326,1,0,2095,38,2134,39,2095,1.0,0.02564102564102564,1.0,0.9821847163619315,0.0,0.9743589743589743,0.9821930646672915,0.5128205128205128,0.05,0.03184713375796178,0.15869537956871896,0.5230830426534484,0.04357833459132449
1,weighted_fire_specificity_silence_npv,CWE-327,20,32,2060,22,2134,42,2092,0.38461538461538464,0.47619047619047616,0.9847036328871893,0.989433237271854,0.015296367112810707,0.5238095238095238,0.9746954076850984,0.7304470545388327,0.42553191489361697,0.45454545454545453,0.4152069439887143,0.7616145406537376,0.18686701746947496
1,weighted_fire_specificity_silence_npv,CWE-328,4,23,2058,49,2134,53,2081,0.14814814814814814,0.07547169811320754,0.9889476213358962,0.9767441860465116,0.011052378664103796,0.9245283018867925,0.9662605435801312,0.5322096597245519,0.1,0.08368200836820083,0.08969659510388348,0.5322096597245519,0.04343108090994871
1,weighted_fire_specificity_silence_npv,CWE-330,20,34,2035,45,2134,65,2069,0.37037037037037035,0.3076923076923077,0.9835669405509908,0.9783653846153846,0.016433059449009184,0.6923076923076923,0.9629803186504218,0.6456296241216493,0.33613445378151263,0.3184713375796179,0.3187044302056533,0.6456296241216493,0.1542078603936903
1,weighted_fire_specificity_silence_npv,CWE-347,1,0,2103,30,2134,31,2103,1.0,0.03225806451612903,1.0,0.9859353023909986,0.0,0.967741935483871,0.985941893158388,0.5161290322580645,0.0625,0.04,0.1783377822932034,0.5161290322580645,0.04312692590304352
1,weighted_fire_specificity_silence_npv,CWE-352,0,0,2097,37,2134,37,2097,,0.0,1.0,0.9826616682286785,0.0,1.0,0.9826616682286785,0.5,,,,0.5,0.014465761563349406
1,weighted_fire_specificity_silence_npv,CWE-359,2,27,1992,113,2134,115,2019,0.06896551724137931,0.017391304347826087,0.986627043090639,0.9463182897862232,0.01337295690936107,0.9826086956521739,0.9343955014058107,0.5020091737192325,0.027777777777777776,0.02044989775051125,0.007836813562881313,0.5020091737192325,0.03535805030374894
1,weighted_fire_specificity_silence_npv,CWE-377,1,14,2105,14,2134,15,2119,0.06666666666666667,0.06666666666666667,0.9933931099575272,0.9933931099575272,0.0066068900424728644,0.9333333333333333,0.9868791002811621,0.530029888312097,0.06666666666666667,0.06666666666666667,0.0600597766241938,0.6687431178228724,0.03695584313748432
1,weighted_fire_specificity_silence_npv,CWE-400,0,3,2057,74,2134,74,2060,0.0,0.0,0.9985436893203884,0.9652745190051619,0.0014563106796116505,1.0,0.9639175257731959,0.4992718446601942,,,-0.007111335235202608,0.5058711624245604,0.042539353426147876
1,weighted_fire_specificity_silence_npv,CWE-477,0,206,1923,5,2134,5,2129,0.0,0.0,0.9032409581963363,0.9974066390041494,0.0967590418036637,1.0,0.901124648547329,0.45162047909816816,,,-0.015840805693193172,0.45162047909816816,0.0015270033142326506
1,weighted_fire_specificity_silence_npv,CWE-497,1,11,1978,144,2134,145,1989,0.08333333333333333,0.006896551724137931,0.9944695827048768,0.9321394910461829,0.005530417295123178,0.993103448275862,0.9273664479850047,0.5006830672145074,0.012738853503184714,0.008445945945945945,0.004597603516937481,0.5006830672145074,0.04163704846003179
1,weighted_fire_specificity_silence_npv,CWE-502,9,7,2085,33,2134,42,2092,0.5625,0.21428571428571427,0.9966539196940727,0.9844192634560907,0.0033460803059273425,0.7857142857142857,0.9812558575445174,0.6054698169898934,0.31034482758620685,0.24456521739130432,0.33965710540178967,0.6288297823909679,0.17623143029694585
1,weighted_fire_specificity_silence_npv,CWE-521,0,2,2067,65,2134,65,2069,0.0,0.0,0.9990333494441759,0.9695121951219512,0.0009666505558240696,1.0,0.9686035613870665,0.49951667472208794,,,-0.0054287248531512105,0.49951667472208794,0.023208696880783655
1,weighted_fire_specificity_silence_npv,CWE-522,1,0,2042,91,2134,92,2042,1.0,0.010869565217391304,1.0,0.9573370839193625,0.0,0.9891304347826086,0.957357075913777,0.5054347826086957,0.02150537634408602,0.013550135501355013,0.10200900876240648,0.5054347826086957,0.041672601789675585
1,weighted_fire_specificity_silence_npv,CWE-532,6,27,1976,125,2134,131,2003,0.18181818181818182,0.04580152671755725,0.9865202196704943,0.9405045216563541,0.01347978032950574,0.9541984732824428,0.9287722586691659,0.5161608731940258,0.07317073170731707,0.053859964093357277,0.06287832217230974,0.5160694073393726,0.047294232735421105
1,weighted_fire_specificity_silence_npv,CWE-601,6,14,2073,41,2134,47,2087,0.3,0.1276595744680851,0.9932918064206996,0.9806054872280038,0.006708193579300431,0.8723404255319149,0.9742268041237113,0.5604756904443924,0.17910447761194026,0.14423076923076925,0.18422709129006323,0.5605572490289431,0.09657387293095131
1,weighted_fire_specificity_silence_npv,CWE-605,5,23,2097,9,2134,14,2120,0.17857142857142858,0.35714285714285715,0.9891509433962264,0.9957264957264957,0.010849056603773584,0.6428571428571429,0.9850046860356139,0.6731469002695418,0.2380952380952381,0.29761904761904767,0.24567924338698555,0.6731469002695418,0.07227700941587205
1,weighted_fire_specificity_silence_npv,CWE-611,0,1,2113,20,2134,20,2114,0.0,0.0,0.9995269631031221,0.9906235349273323,0.0004730368968779565,1.0,0.9901593252108716,0.49976348155156103,,,-0.002106042245934119,0.6656929990539262,0.05124750593489445
1,weighted_fire_specificity_silence_npv,CWE-614,6,20,2037,71,2134,77,2057,0.23076923076923078,0.07792207792207792,0.9902771025765679,0.9663187855787476,0.009722897423432183,0.922077922077922,0.957357075913777,0.5340995902493229,0.11650485436893206,0.08982035928143713,0.1159363670339718,0.5340680224005455,0.04343416782306004
1,weighted_fire_specificity_silence_npv,CWE-643,3,7,2080,44,2134,47,2087,0.3,0.06382978723404255,0.9966459032103497,0.9792843691148776,0.0033540967896502154,0.9361702127659575,0.9761012183692596,0.5302378452221962,0.10526315789473684,0.07575757575757576,0.12996120595219463,0.5302378452221962,0.03188048247532087
1,weighted_fire_specificity_silence_npv,CWE-668,1,0,1784,349,2134,350,1784,1.0,0.002857142857142857,1.0,0.8363806844819504,0.0,0.9971428571428571,0.8364573570759137,0.5014285714285714,0.005698005698005697,0.0035688793718772305,0.04888413953952609,0.5014285714285714,0.10455402144352764
1,weighted_fire_specificity_silence_npv,CWE-706,0,2,2022,110,2134,110,2024,0.0,0.0,0.9990118577075099,0.948405253283302,0.0009881422924901185,1.0,0.9475164011246485,0.49950592885375494,,,-0.0071402346810931164,0.49950592885375494,0.06248153381283819
1,weighted_fire_specificity_silence_npv,CWE-73,0,36,1977,121,2134,121,2013,0.0,0.0,0.9821162444113264,0.94232602478551,0.01788375558867362,1.0,0.9264292408622306,0.4910581222056632,,,-0.0321158415203955,0.4910581222056632,0.03990899818714472
1,weighted_fire_specificity_silence_npv,CWE-732,7,2,2076,49,2134,56,2078,0.7777777777777778,0.125,0.9990375360923965,0.9769411764705882,0.0009624639076034649,0.875,0.9761012183692596,0.5620187680461983,0.2153846153846154,0.1502145922746781,0.30596319962897084,0.5620488450433109,0.13682307630723933
1,weighted_fire_specificity_silence_npv,CWE-74,9,0,1792,333,2134,342,1792,1.0,0.02631578947368421,1.0,0.8432941176470589,0.0,0.9736842105263158,0.8439550140581068,0.5131578947368421,0.05128205128205127,0.032679738562091505,0.14896962933563435,0.5131578947368421,0.19018371624521996
1,weighted_fire_specificity_silence_npv,CWE-770,0,2,2074,58,2134,58,2076,0.0,0.0,0.9990366088631984,0.9727954971857411,0.0009633911368015414,1.0,0.971883786316776,0.4995183044315992,,,-0.005119431305560181,0.4995183044315992,0.03664374990897209
1,weighted_fire_specificity_silence_npv,CWE-776,0,4,2094,36,2134,36,2098,0.0,0.0,0.998093422306959,0.9830985915492958,0.0019065776930409914,1.0,0.9812558575445174,0.4990467111534795,,,-0.005676605352945296,0.4990467111534795,0.022936905030270367
1,weighted_fire_specificity_silence_npv,CWE-78,7,8,2016,103,2134,110,2024,0.4666666666666667,0.06363636363636363,0.9960474308300395,0.9513921661160925,0.003952569169960474,0.9363636363636364,0.9479850046860356,0.5298418972332016,0.11199999999999999,0.07692307692307691,0.1579599235587008,0.6251302551203737,0.18750967667676563
1,weighted_fire_specificity_silence_npv,CWE-79,15,16,1993,110,2134,125,2009,0.4838709677419355,0.12,0.9920358387257342,0.9476937708036138,0.007964161274265804,0.88,0.9409559512652296,0.5560179193628672,0.19230769230769232,0.14124293785310735,0.21988796567207314,0.5755540069686411,0.1501399409890866
1,weighted_fire_specificity_silence_npv,CWE-798,4,17,2003,110,2134,114,2020,0.19047619047619047,0.03508771929824561,0.9915841584158416,0.9479413156649313,0.008415841584158416,0.9649122807017544,0.9404873477038426,0.5133359388570435,0.05925925925925926,0.041928721174004195,0.06076063526070902,0.5133098836199409,0.045345741086381126
1,weighted_fire_specificity_silence_npv,CWE-80,1,0,2011,122,2134,123,2011,1.0,0.008130081300813009,1.0,0.9428035630567276,0.0,0.991869918699187,0.9428303655107779,0.5040650406504065,0.01612903225806452,0.010141987829614606,0.08755038331353769,0.5040650406504065,0.05564192228926768
1,weighted_fire_specificity_silence_npv,CWE-827,0,1,2110,23,2134,23,2111,0.0,0.0,0.9995262908574135,0.9892170651664323,0.0004737091425864519,1.0,0.9887535145267105,0.49976314542870676,,,-0.002260082922057278,0.49976314542870676,0.006735216819477641
1,weighted_fire_specificity_silence_npv,CWE-829,0,12,2096,26,2134,26,2108,0.0,0.0,0.9943074003795066,0.9877474081055608,0.0056925996204933585,1.0,0.9821930646672915,0.4971537001897533,,,-0.008351592660585444,0.4971537001897533,0.007571444959473678
1,weighted_fire_specificity_silence_npv,CWE-88,0,11,2058,65,2134,65,2069,0.0,0.0,0.9946834219429677,0.96938294865756,0.005316578057032383,1.0,0.9643861293345829,0.49734171097148383,,,-0.012758445960940935,0.49734171097148383,0.024564009951180837
1,weighted_fire_specificity_silence_npv,CWE-89,42,30,1994,68,2134,110,2024,0.5833333333333334,0.38181818181818183,0.9851778656126482,0.9670223084384093,0.014822134387351778,0.6181818181818182,0.9540768509840675,0.683498023715415,0.46153846153846156,0.41015625,0.44942000980317665,0.7428022817103844,0.28939272040341146
1,weighted_fire_specificity_silence_npv,CWE-90,1,0,2096,37,2134,38,2096,1.0,0.02631578947368421,1.0,0.9826535396155649,0.0,0.9736842105263158,0.9826616682286785,0.5131578947368421,0.05128205128205127,0.032679738562091505,0.16080828235539926,0.5131578947368421,0.03943389138735831
1,weighted_fire_specificity_silence_npv,CWE-916,4,23,2058,49,2134,53,2081,0.14814814814814814,0.07547169811320754,0.9889476213358962,0.9767441860465116,0.011052378664103796,0.9245283018867925,0.9662605435801312,0.5322096597245519,0.1,0.08368200836820083,0.08969659510388348,0.5322096597245519,0.04343108090994871
1,weighted_fire_specificity_silence_npv,CWE-918,1,5,2106,22,2134,23,2111,0.16666666666666666,0.043478260869565216,0.9976314542870678,0.9896616541353384,0.0023685457129322598,0.9565217391304348,0.9873477038425492,0.5205548575783165,0.06896551724137931,0.0510204081632653,0.08016615706821155,0.5205857516528329,0.03220650764125004
1,weighted_fire_specificity_silence_npv,CWE-93,0,1,2094,39,2134,39,2095,0.0,0.0,0.9995226730310263,0.9817158931082982,0.00047732696897374703,1.0,0.9812558575445174,0.49976133651551313,,,-0.002954233796267322,0.49976133651551313,0.01298609384777646
1,weighted_fire_specificity_silence_npv,CWE-939,0,2,2015,117,2134,117,2017,0.0,0.0,0.999008428358949,0.9451219512195121,0.0009915716410510659,1.0,0.944236176194939,0.4995042141794745,,,-0.007376687392518998,0.4995042141794745,0.037438869266230836
1,weighted_fire_specificity_silence_npv,CWE-94,2,2,2047,83,2134,85,2049,0.5,0.023529411764705882,0.9990239141044412,0.9610328638497653,0.0009760858955588092,0.9764705882352941,0.9601686972820993,0.5112766629345735,0.0449438202247191,0.029069767441860465,0.10196972302987721,0.5811644130565843,0.08379788896272193
1,weighted_fire_specificity_silence_npv,CWE-942,0,0,2057,77,2134,77,2057,,0.0,1.0,0.9639175257731959,0.0,1.0,0.9639175257731959,0.5,,,,0.5,0.03183269981684936
1,weighted_fire_specificity_silence_npv,CWE-95,8,8,2048,70,2134,78,2056,0.5,0.10256410256410256,0.9961089494163424,0.9669499527856469,0.0038910505836575876,0.8974358974358975,0.9634489222118088,0.5493365259902225,0.1702127659574468,0.1219512195121951,0.21465175741997655,0.5801905617080715,0.10582565791032458
1,weighted_fire_specificity_silence_npv,CWE-96,2,17,2041,74,2134,76,2058,0.10526315789473684,0.02631578947368421,0.9917395529640428,0.9650118203309692,0.00826044703595724,0.9736842105263158,0.957357075913777,0.5090276712188635,0.042105263157894736,0.030959752321981424,0.03562076356100372,0.5090276712188635,0.03649307409648346
1,weighted_fire_specificity_silence_npv,CWE-99,0,36,2057,41,2134,41,2093,0.0,0.0,0.9827998088867654,0.9804575786463299,0.017200191113234592,1.0,0.9639175257731959,0.4913999044433827,,,-0.018333940713836823,0.4913999044433827,0.013130339472599836
1,weighted_fire_specificity_silence_sensitivity,CWE-113,0,0,2024,110,2134,110,2024,,0.0,1.0,0.9484536082474226,0.0,1.0,0.9484536082474226,0.5,,,,0.5,0.0365519763213525
1,weighted_fire_specificity_silence_sensitivity,CWE-116,3,45,2063,23,2134,26,2108,0.0625,0.11538461538461539,0.9786527514231499,0.9889741131351869,0.021347248576850095,0.8846153846153846,0.9681349578256795,0.5470186834038826,0.08108108108108109,0.09868421052631579,0.06957363047878115,0.5470734199386951,0.01896479417716385
1,weighted_fire_specificity_silence_sensitivity,CWE-117,1,1,2036,96,2134,97,2037,0.5,0.010309278350515464,0.9995090819833088,0.9549718574108818,0.0004909180166912126,0.9896907216494846,0.9545454545454546,0.5049091801669121,0.020202020202020204,0.01282051282051282,0.0668362000551299,0.5049091801669121,0.03636359801197168
1,weighted_fire_specificity_silence_sensitivity,CWE-1333,0,0,2099,35,2134,35,2099,,0.0,1.0,0.9835988753514526,0.0,1.0,0.9835988753514526,0.5,,,,0.5,0.027038267000185922
1,weighted_fire_specificity_silence_sensitivity,CWE-185,0,0,2123,11,2134,11,2123,,0.0,1.0,0.9948453608247423,0.0,1.0,0.9948453608247423,0.5,,,,0.5,0.005299223546473044
1,weighted_fire_specificity_silence_sensitivity,CWE-20,21,341,1622,150,2134,171,1963,0.058011049723756904,0.12280701754385964,0.826286296484972,0.9153498871331829,0.17371370351502802,0.8771929824561403,0.7699156513589503,0.4745466570144158,0.07879924953095685,0.10038240917782025,-0.03682535026296279,0.469242387680868,0.05570733381479024
1,weighted_fire_specificity_silence_sensitivity,CWE-200,12,9,1903,210,2134,222,1912,0.5714285714285714,0.05405405405405406,0.9952928870292888,0.9006152389966872,0.004707112970711297,0.9459459459459459,0.8973758200562324,0.5246734705416713,0.09876543209876544,0.06600660066006601,0.1526234520046374,0.5247300124392175,0.10715496562152015
1,weighted_fire_specificity_silence_sensitivity,CWE-208,12,88,1921,113,2134,125,2009,0.12,0.096,0.9561971129915381,0.9444444444444444,0.043802887008461924,0.904,0.9058106841611996,0.5260985564957691,0.10666666666666666,0.1,0.05799839608423293,0.5260985564957691,0.046294983170844003
1,weighted_fire_specificity_silence_sensitivity,CWE-209,2,10,1998,124,2134,126,2008,0.16666666666666666,0.015873015873015872,0.9950199203187251,0.941564561734213,0.0049800796812749,0.9841269841269841,0.9372071227741331,0.5054464680958705,0.028985507246376812,0.019379844961240306,0.03433592673752269,0.5054464680958705,0.04766270818823809
1,weighted_fire_specificity_silence_sensitivity,CWE-215,4,46,1976,108,2134,112,2022,0.08,0.03571428571428571,0.9772502472799208,0.9481765834932822,0.02274975272007913,0.9642857142857143,0.9278350515463918,0.5064822664971033,0.04938271604938271,0.040160642570281124,0.019112724723667034,0.5064822664971033,0.03573501041326479
1,weighted_fire_specificity_silence_sensitivity,CWE-22,15,28,2020,71,2134,86,2048,0.3488372093023256,0.1744186046511628,0.986328125,0.9660449545671927,0.013671875,0.8255813953488372,0.9536082474226805,0.5803733648255814,0.23255813953488372,0.19379844961240308,0.22498061709291003,0.5807055096293605,0.19220713388071242
1,weighted_fire_specificity_silence_sensitivity,CWE-23,12,24,2025,73,2134,85,2049,0.3333333333333333,0.1411764705882353,0.9882869692532943,0.9652049571020019,0.01171303074670571,0.8588235294117647,0.9545454545454546,0.5647317199207648,0.19834710743801653,0.15957446808510636,0.19659550860629577,0.5647317199207648,0.14962342851223095
1,weighted_fire_specificity_silence_sensitivity,CWE-259,16,95,1929,94,2134,110,2024,0.14414414414414414,0.14545454545454545,0.9530632411067194,0.953534354918438,0.04693675889328063,0.8545454545454545,0.9114339268978444,0.5492588932806324,0.1447963800904977,0.14519056261343014,0.09809724523284112,0.5498248293208767,0.06776680676490829
1,weighted_fire_specificity_silence_sensitivity,CWE-276,7,2,2078,47,2134,54,2080,0.7777777777777778,0.12962962962962962,0.9990384615384615,0.9778823529411764,0.0009615384615384616,0.8703703703703703,0.9770384254920338,0.5643340455840455,0.2222222222222222,0.15555555555555553,0.3118162064284634,0.5643340455840455,0.12340443031202834
1,weighted_fire_specificity_silence_sensitivity,CWE-284,0,0,1731,403,2134,403,1731,,0.0,1.0,0.8111527647610122,0.0,1.0,0.8111527647610122,0.5,,,,0.5,0.12050454880306374
1,weighted_fire_specificity_silence_sensitivity,CWE-287,5,4,1910,215,2134,220,1914,0.5555555555555556,0.022727272727272728,0.9979101358411703,0.8988235294117647,0.0020898641588296763,0.9772727272727273,0.8973758200562324,0.5103187042842215,0.04366812227074236,0.028121484814398197,0.09683597896146807,0.5103187042842215,0.07967870599391307
1,weighted_fire_specificity_silence_sensitivity,CWE-295,1,4,2070,59,2134,60,2074,0.2,0.016666666666666666,0.9980713596914176,0.9722874589008924,0.0019286403085824494,0.9833333333333333,0.9704779756326148,0.5073690131790421,0.03076923076923077,0.02040816326530612,0.05039024816815953,0.5073850851816136,0.04476174222435354
1,weighted_fire_specificity_silence_sensitivity,CWE-312,0,29,2065,40,2134,40,2094,0.0,0.0,0.9861509073543457,0.9809976247030879,0.013849092645654251,1.0,0.9676663542642924,0.49307545367717287,,,-0.01622238132872075,0.49307545367717287,0.011028075790202863
1,weighted_fire_specificity_silence_sensitivity,CWE-315,0,4,2100,30,2134,30,2104,0.0,0.0,0.9980988593155894,0.9859154929577465,0.0019011406844106464,1.0,0.9840674789128397,0.4990494296577947,,,-0.005174613933222113,0.4990494296577947,0.008486078222494087
1,weighted_fire_specificity_silence_sensitivity,CWE-319,6,50,2007,71,2134,77,2057,0.10714285714285714,0.07792207792207792,0.9756927564414195,0.965832531280077,0.024307243558580455,0.922077922077922,0.9432989690721649,0.5268074171817487,0.09022556390977444,0.08241758241758243,0.06255048651215676,0.5269463157163692,0.035557629169988156
1,weighted_fire_specificity_silence_sensitivity,CWE-321,4,15,2005,110,2134,114,2020,0.21052631578947367,0.03508771929824561,0.9925742574257426,0.9479905437352246,0.007425742574257425,0.9649122807017544,0.9414245548266167,0.513830988361994,0.06015037593984962,0.042105263157894736,0.06621849951887998,0.5138309883619941,0.04771495517996048
1,weighted_fire_specificity_silence_sensitivity,CWE-326,2,11,2084,37,2134,39,2095,0.15384615384615385,0.05128205128205128,0.9947494033412888,0.9825553983969826,0.005250596658711217,0.9487179487179487,0.9775070290534208,0.52301572731167,0.07692307692307693,0.05917159763313609,0.07923863869750086,0.5230830426534484,0.04357833459132449
1,weighted_fire_specificity_silence_sensitivity,CWE-327,23,56,2036,19,2134,42,2092,0.2911392405063291,0.5476190476190477,0.9732313575525813,0.9907542579075426,0.02676864244741874,0.4523809523809524,0.96485473289597,0.7604252025858145,0.38016528925619836,0.465587044534413,0.3831766470756184,0.7616145406537376,0.18686701746947496
1,weighted_fire_specificity_silence_sensitivity,CWE-328,4,23,2058,49,2134,53,2081,0.14814814814814814,0.07547169811320754,0.9889476213358962,0.9767441860465116,0.011052378664103796,0.9245283018867925,0.9662605435801312,0.5322096597245519,0.1,0.08368200836820083,0.08969659510388348,0.5322096597245519,0.04343108090994871
1,weighted_fire_specificity_silence_sensitivity,CWE-330,20,34,2035,45,2134,65,2069,0.37037037037037035,0.3076923076923077,0.9835669405509908,0.9783653846153846,0.016433059449009184,0.6923076923076923,0.9629803186504218,0.6456296241216493,0.33613445378151263,0.3184713375796179,0.3187044302056533,0.6456296241216493,0.1542078603936903
1,weighted_fire_specificity_silence_sensitivity,CWE-347,1,0,2103,30,2134,31,2103,1.0,0.03225806451612903,1.0,0.9859353023909986,0.0,0.967741935483871,0.985941893158388,0.5161290322580645,0.0625,0.04,0.1783377822932034,0.5161290322580645,0.04312692590304352
1,weighted_fire_specificity_silence_sensitivity,CWE-352,0,0,2097,37,2134,37,2097,,0.0,1.0,0.9826616682286785,0.0,1.0,0.9826616682286785,0.5,,,,0.5,0.014465761563349406
1,weighted_fire_specificity_silence_sensitivity,CWE-359,2,27,1992,113,2134,115,2019,0.06896551724137931,0.017391304347826087,0.986627043090639,0.9463182897862232,0.01337295690936107,0.9826086956521739,0.9343955014058107,0.5020091737192325,0.027777777777777776,0.02044989775051125,0.007836813562881313,0.5020091737192325,0.03535805030374894
1,weighted_fire_specificity_silence_sensitivity,CWE-377,6,151,1968,9,2134,15,2119,0.03821656050955414,0.4,0.928739971684757,0.9954476479514416,0.07126002831524304,0.6,0.9250234301780693,0.6643699858423785,0.06976744186046512,0.13824884792626727,0.10519872117215821,0.662104766399245,0.02419636654128465
1,weighted_fire_specificity_silence_sensitivity,CWE-400,4,87,1973,70,2134,74,2060,0.04395604395604396,0.05405405405405406,0.9577669902912621,0.9657366617719041,0.04223300970873786,0.9459459459459459,0.9264292408622306,0.5059105221726581,0.048484848484848485,0.0516795865633075,0.010704106886432599,0.5059498819207557,0.043043017905962405
1,weighted_fire_specificity_silence_sensitivity,CWE-477,0,206,1923,5,2134,5,2129,0.0,0.0,0.9032409581963363,0.9974066390041494,0.0967590418036637,1.0,0.901124648547329,0.45162047909816816,,,-0.015840805693193172,0.45162047909816816,0.0015270033142326506
1,weighted_fire_specificity_silence_sensitivity,CWE-497,1,11,1978,144,2134,145,1989,0.08333333333333333,0.006896551724137931,0.9944695827048768,0.9321394910461829,0.005530417295123178,0.993103448275862,0.9273664479850047,0.5006830672145074,0.012738853503184714,0.008445945945945945,0.004597603516937481,0.5006830672145074,0.04163704846003179
1,weighted_fire_specificity_silence_sensitivity,CWE-502,11,9,2083,31,2134,42,2092,0.55,0.2619047619047619,0.995697896749522,0.9853358561967833,0.004302103250478011,0.7380952380952381,0.9812558575445174,0.628801329327142,0.3548387096774194,0.2925531914893617,0.37135419726894,0.6288297823909679,0.17623143029694585
1,weighted_fire_specificity_silence_sensitivity,CWE-521,0,2,2067,65,2134,65,2069,0.0,0.0,0.9990333494441759,0.9695121951219512,0.0009666505558240696,1.0,0.9686035613870665,0.49951667472208794,,,-0.0054287248531512105,0.49951667472208794,0.023208696880783655
1,weighted_fire_specificity_silence_sensitivity,CWE-522,1,0,2042,91,2134,92,2042,1.0,0.010869565217391304,1.0,0.9573370839193625,0.0,0.9891304347826086,0.957357075913777,0.5054347826086957,0.02150537634408602,0.013550135501355013,0.10200900876240648,0.5054347826086957,0.041672601789675585
1,weighted_fire_specificity_silence_sensitivity,CWE-532,6,27,1976,125,2134,131,2003,0.18181818181818182,0.04580152671755725,0.9865202196704943,0.9405045216563541,0.01347978032950574,0.9541984732824428,0.9287722586691659,0.5161608731940258,0.07317073170731707,0.053859964093357277,0.06287832217230974,0.5162523390486788,0.060626331086603424
1,weighted_fire_specificity_silence_sensitivity,CWE-601,6,14,2073,41,2134,47,2087,0.3,0.1276595744680851,0.9932918064206996,0.9806054872280038,0.006708193579300431,0.8723404255319149,0.9742268041237113,0.5604756904443924,0.17910447761194026,0.14423076923076925,0.18422709129006323,0.5605776386750808,0.0974813377735983
1,weighted_fire_specificity_silence_sensitivity,CWE-605,5,23,2097,9,2134,14,2120,0.17857142857142858,0.35714285714285715,0.9891509433962264,0.9957264957264957,0.010849056603773584,0.6428571428571429,0.9850046860356139,0.6731469002695418,0.2380952380952381,0.29761904761904767,0.24567924338698555,0.6731469002695418,0.07227700941587205
1,weighted_fire_specificity_silence_sensitivity,CWE-611,7,39,2075,13,2134,20,2114,0.15217391304347827,0.35,0.9815515610217597,0.9937739463601533,0.018448438978240302,0.65,0.9756326148078726,0.6657757805108798,0.21212121212121213,0.2777777777777778,0.2199755454887164,0.6656929990539262,0.05124750593489445
1,weighted_fire_specificity_silence_sensitivity,CWE-614,6,20,2037,71,2134,77,2057,0.23076923076923078,0.07792207792207792,0.9902771025765679,0.9663187855787476,0.009722897423432183,0.922077922077922,0.957357075913777,0.5340995902493229,0.11650485436893206,0.08982035928143713,0.1159363670339718,0.5340680224005455,0.04343416782306004
1,weighted_fire_specificity_silence_sensitivity,CWE-643,3,7,2080,44,2134,47,2087,0.3,0.06382978723404255,0.9966459032103497,0.9792843691148776,0.0033540967896502154,0.9361702127659575,0.9761012183692596,0.5302378452221962,0.10526315789473684,0.07575757575757576,0.12996120595219463,0.5302378452221962,0.03188048247532087
1,weighted_fire_specificity_silence_sensitivity,CWE-668,1,0,1784,349,2134,350,1784,1.0,0.002857142857142857,1.0,0.8363806844819504,0.0,0.9971428571428571,0.8364573570759137,0.5014285714285714,0.005698005698005697,0.0035688793718772305,0.04888413953952609,0.5014285714285714,0.10455402144352764
1,weighted_fire_specificity_silence_sensitivity,CWE-706,0,2,2022,110,2134,110,2024,0.0,0.0,0.9990118577075099,0.948405253283302,0.0009881422924901185,1.0,0.9475164011246485,0.49950592885375494,,,-0.0071402346810931164,0.49950592885375494,0.06248153381283819
1,weighted_fire_specificity_silence_sensitivity,CWE-73,0,36,1977,121,2134,121,2013,0.0,0.0,0.9821162444113264,0.94232602478551,0.01788375558867362,1.0,0.9264292408622306,0.4910581222056632,,,-0.0321158415203955,0.4910581222056632,0.03990899818714472
1,weighted_fire_specificity_silence_sensitivity,CWE-732,7,2,2076,49,2134,56,2078,0.7777777777777778,0.125,0.9990375360923965,0.9769411764705882,0.0009624639076034649,0.875,0.9761012183692596,0.5620187680461983,0.2153846153846154,0.1502145922746781,0.30596319962897084,0.5620488450433109,0.13682307630723933
1,weighted_fire_specificity_silence_sensitivity,CWE-74,9,0,1792,333,2134,342,1792,1.0,0.02631578947368421,1.0,0.8432941176470589,0.0,0.9736842105263158,0.8439550140581068,0.5131578947368421,0.05128205128205127,0.032679738562091505,0.14896962933563435,0.5131578947368421,0.19018371624521996
1,weighted_fire_specificity_silence_sensitivity,CWE-770,0,2,2074,58,2134,58,2076,0.0,0.0,0.9990366088631984,0.9727954971857411,0.0009633911368015414,1.0,0.971883786316776,0.4995183044315992,,,-0.005119431305560181,0.4995183044315992,0.03664374990897209
1,weighted_fire_specificity_silence_sensitivity,CWE-776,0,4,2094,36,2134,36,2098,0.0,0.0,0.998093422306959,0.9830985915492958,0.0019065776930409914,1.0,0.9812558575445174,0.4990467111534795,,,-0.005676605352945296,0.4990467111534795,0.022936905030270367
1,weighted_fire_specificity_silence_sensitivity,CWE-78,37,188,1836,73,2134,110,2024,0.16444444444444445,0.33636363636363636,0.9071146245059288,0.961760083813515,0.09288537549407115,0.6636363636363637,0.8776944704779757,0.6217391304347826,0.2208955223880597,0.2781954887218045,0.17529420713221486,0.6251482213438735,0.1884769187570108
1,weighted_fire_specificity_silence_sensitivity,CWE-79,22,53,1956,103,2134,125,2009,0.29333333333333333,0.176,0.9736187157789945,0.9499757163671685,0.026381284221005476,0.824,0.9268978444236177,0.5748093578894973,0.21999999999999997,0.19130434782608696,0.1907972419968293,0.5758287705326033,0.15836247050092556
1,weighted_fire_specificity_silence_sensitivity,CWE-798,4,17,2003,110,2134,114,2020,0.19047619047619047,0.03508771929824561,0.9915841584158416,0.9479413156649313,0.008415841584158416,0.9649122807017544,0.9404873477038426,0.5133359388570435,0.05925925925925926,0.041928721174004195,0.06076063526070902,0.513353309015112,0.04765546839610843
1,weighted_fire_specificity_silence_sensitivity,CWE-80,1,0,2011,122,2134,123,2011,1.0,0.008130081300813009,1.0,0.9428035630567276,0.0,0.991869918699187,0.9428303655107779,0.5040650406504065,0.01612903225806452,0.010141987829614606,0.08755038331353769,0.5040650406504065,0.05564192228926768
1,weighted_fire_specificity_silence_sensitivity,CWE-827,0,1,2110,23,2134,23,2111,0.0,0.0,0.9995262908574135,0.9892170651664323,0.0004737091425864519,1.0,0.9887535145267105,0.49976314542870676,,,-0.002260082922057278,0.49976314542870676,0.006735216819477641
1,weighted_fire_specificity_silence_sensitivity,CWE-829,0,12,2096,26,2134,26,2108,0.0,0.0,0.9943074003795066,0.9877474081055608,0.0056925996204933585,1.0,0.9821930646672915,0.4971537001897533,,,-0.008351592660585444,0.4971537001897533,0.007571444959473678
1,weighted_fire_specificity_silence_sensitivity,CWE-88,0,11,2058,65,2134,65,2069,0.0,0.0,0.9946834219429677,0.96938294865756,0.005316578057032383,1.0,0.9643861293345829,0.49734171097148383,,,-0.012758445960940935,0.49734171097148383,0.024564009951180837
1,weighted_fire_specificity_silence_sensitivity,CWE-89,56,41,1983,54,2134,110,2024,0.5773195876288659,0.509090909090909,0.9797430830039525,0.9734904270986745,0.020256916996047432,0.4909090909090909,0.9554826616682287,0.7444169960474307,0.5410628019323671,0.5214152700186219,0.5188975413172557,0.7429055874955084,0.29099434644509
1,weighted_fire_specificity_silence_sensitivity,CWE-90,1,0,2096,37,2134,38,2096,1.0,0.02631578947368421,1.0,0.9826535396155649,0.0,0.9736842105263158,0.9826616682286785,0.5131578947368421,0.05128205128205127,0.032679738562091505,0.16080828235539926,0.5131578947368421,0.03943389138735831
1,weighted_fire_specificity_silence_sensitivity,CWE-916,4,23,2058,49,2134,53,2081,0.14814814814814814,0.07547169811320754,0.9889476213358962,0.9767441860465116,0.011052378664103796,0.9245283018867925,0.9662605435801312,0.5322096597245519,0.1,0.08368200836820083,0.08969659510388348,0.5322096597245519,0.04343108090994871
1,weighted_fire_specificity_silence_sensitivity,CWE-918,1,5,2106,22,2134,23,2111,0.16666666666666666,0.043478260869565216,0.9976314542870678,0.9896616541353384,0.0023685457129322598,0.9565217391304348,0.9873477038425492,0.5205548575783165,0.06896551724137931,0.0510204081632653,0.08016615706821155,0.5205857516528329,0.03220650764125004
1,weighted_fire_specificity_silence_sensitivity,CWE-93,0,1,2094,39,2134,39,2095,0.0,0.0,0.9995226730310263,0.9817158931082982,0.00047732696897374703,1.0,0.9812558575445174,0.49976133651551313,,,-0.002954233796267322,0.49976133651551313,0.01298609384777646
1,weighted_fire_specificity_silence_sensitivity,CWE-939,0,2,2015,117,2134,117,2017,0.0,0.0,0.999008428358949,0.9451219512195121,0.0009915716410510659,1.0,0.944236176194939,0.4995042141794745,,,-0.007376687392518998,0.4995042141794745,0.037438869266230836
1,weighted_fire_specificity_silence_sensitivity,CWE-94,17,80,1969,68,2134,85,2049,0.17525773195876287,0.2,0.9609565641776476,0.9666175748649976,0.03904343582235237,0.8,0.9306466729147141,0.5804782820888238,0.18681318681318682,0.19450800915331812,0.15111506188332796,0.5813366635087417,0.08594569541832002
1,weighted_fire_specificity_silence_sensitivity,CWE-942,0,0,2057,77,2134,77,2057,,0.0,1.0,0.9639175257731959,0.0,1.0,0.9639175257731959,0.5,,,,0.5,0.03183269981684936
1,weighted_fire_specificity_silence_sensitivity,CWE-95,14,42,2014,64,2134,78,2056,0.25,0.1794871794871795,0.9795719844357976,0.9692011549566891,0.020428015564202335,0.8205128205128205,0.950328022492971,0.5795295819614885,0.208955223880597,0.19021739130434784,0.1867242684772441,0.5801905617080715,0.10582565791032458
1,weighted_fire_specificity_silence_sensitivity,CWE-96,2,17,2041,74,2134,76,2058,0.10526315789473684,0.02631578947368421,0.9917395529640428,0.9650118203309692,0.00826044703595724,0.9736842105263158,0.957357075913777,0.5090276712188635,0.042105263157894736,0.030959752321981424,0.03562076356100372,0.5090276712188635,0.03649307409648346
1,weighted_fire_specificity_silence_sensitivity,CWE-99,0,36,2057,41,2134,41,2093,0.0,0.0,0.9827998088867654,0.9804575786463299,0.017200191113234592,1.0,0.9639175257731959,0.4913999044433827,,,-0.018333940713836823,0.4913999044433827,0.013130339472599836
2,dst_dempster,CWE-113,0,0,2035,110,2145,110,2035,,0.0,1.0,0.9487179487179487,0.0,1.0,0.9487179487179487,0.5,,,,0.5,0.0425046204438324
2,dst_dempster,CWE-116,0,0,2121,24,2145,24,2121,,0.0,1.0,0.9888111888111888,0.0,1.0,0.9888111888111888,0.5,,,,0.5306852113782807,0.014357644409804839
2,dst_dempster,CWE-117,2,0,2049,94,2145,96,2049,1.0,0.020833333333333332,1.0,0.9561362575828278,0.0,0.9791666666666666,0.9561771561771562,0.5104166666666666,0.04081632653061225,0.025906735751295335,0.14113647780183872,0.5104166666666666,0.06000374083453238
2,dst_dempster,CWE-1333,1,5,2104,35,2145,36,2109,0.16666666666666666,0.027777777777777776,0.9976292081555239,0.9836372136512389,0.002370791844476055,0.9722222222222222,0.9813519813519813,0.5127034929666509,0.04761904761904762,0.033333333333333326,0.06179618574764702,0.5127034929666509,0.03582710150384191
2,dst_dempster,CWE-185,0,0,2135,10,2145,10,2135,,0.0,1.0,0.9953379953379954,0.0,1.0,0.9953379953379954,0.5,,,,0.5,0.006199035726280778
2,dst_dempster,CWE-20,0,24,1949,172,2145,172,1973,0.0,0.0,0.9878357830714648,0.918906176331919,0.012164216928535226,1.0,0.9086247086247087,0.4939178915357324,,,-0.031407687954749595,0.48089469465693846,0.06728046423245954
2,dst_dempster,CWE-200,5,6,1918,216,2145,221,1924,0.45454545454545453,0.02262443438914027,0.9968814968814969,0.8987816307403936,0.0031185031185031187,0.9773755656108597,0.8965034965034965,0.5097529656353186,0.04310344827586207,0.027932960893854747,0.08301791277573958,0.508990978447992,0.09450293903948116
2,dst_dempster,CWE-208,10,82,1938,115,2145,125,2020,0.10869565217391304,0.08,0.9594059405940594,0.9439844130540672,0.040594059405940595,0.92,0.9081585081585082,0.5197029702970297,0.09216589861751152,0.08445945945945946,0.045562128142405345,0.5197029702970297,0.06036589212407466
2,dst_dempster,CWE-209,2,8,2004,131,2145,133,2012,0.2,0.015037593984962405,0.9960238568588469,0.9386416861826697,0.003976143141153081,0.9849624060150376,0.9351981351981352,0.5055307254219046,0.027972027972027972,0.018450184501845015,0.039160926912069384,0.5055307254219047,0.057965530725169745
2,dst_dempster,CWE-215,4,47,1986,108,2145,112,2033,0.0784313725490196,0.03571428571428571,0.9768814559763895,0.9484240687679083,0.023118544023610427,0.9642857142857143,0.9277389277389277,0.5062978708453376,0.04907975460122699,0.04008016032064128,0.018391960249443576,0.5062978708453376,0.046139390291510256
2,dst_dempster,CWE-22,0,0,2062,83,2145,83,2062,,0.0,1.0,0.9613053613053613,0.0,1.0,0.9613053613053613,0.5,,,,0.5694261040281398,0.13095802826830885
2,dst_dempster,CWE-23,12,34,2028,71,2145,83,2062,0.2608695652173913,0.14457831325301204,0.9835111542192047,0.9661743687470223,0.016488845780795344,0.8554216867469879,0.951048951048951,0.5640447337361083,0.18604651162790697,0.15873015873015872,0.17053426809383176,0.5640447337361083,0.11894224609954446
2,dst_dempster,CWE-259,1,19,2019,106,2145,107,2038,0.05,0.009345794392523364,0.9906771344455348,0.9501176470588235,0.009322865554465163,0.9906542056074766,0.9417249417249417,0.5000114644190291,0.01574803149606299,0.011160714285714284,5.193756212789099e-05,0.5687842212908019,0.062178777242694994
2,dst_dempster,CWE-276,3,2,2092,48,2145,51,2094,0.6,0.058823529411764705,0.9990448901623686,0.9775700934579439,0.0009551098376313276,0.9411764705882353,0.9766899766899767,0.5289342097870666,0.10714285714285714,0.07177033492822966,0.182819770543822,0.5289342097870667,0.05984814962461276
2,dst_dempster,CWE-284,0,1,1731,413,2145,413,1732,0.0,0.0,0.9994226327944573,0.8073694029850746,0.0005773672055427252,1.0,0.806993006993007,0.49971131639722866,,,-0.010546022449271303,0.49971131639722866,0.12459455289457419
2,dst_dempster,CWE-287,0,0,1914,231,2145,231,1914,,0.0,1.0,0.8923076923076924,0.0,1.0,0.8923076923076924,0.5,,,,0.5095163457232422,0.07989716362799311
2,dst_dempster,CWE-295,1,3,2081,60,2145,61,2084,0.25,0.01639344262295082,0.9985604606525912,0.9719757122839795,0.0014395393474088292,0.9836065573770492,0.9706293706293706,0.507476951637771,0.030769230769230767,0.020161290322580648,0.057614263260187294,0.5151938265001101,0.04206094966647751
2,dst_dempster,CWE-312,0,24,2081,40,2145,40,2105,0.0,0.0,0.9885985748218528,0.9811409712399811,0.01140142517814727,1.0,0.9701631701631701,0.4942992874109264,,,-0.014663553639547355,0.4942992874109264,0.011615500865753482
2,dst_dempster,CWE-315,0,6,2107,32,2145,32,2113,0.0,0.0,0.9971604353999054,0.9850397381954185,0.002839564600094652,1.0,0.9822843822843823,0.4985802176999527,,,-0.0065177166115471755,0.4985802176999527,0.009526248935595746
2,dst_dempster,CWE-319,0,0,2069,76,2145,76,2069,,0.0,1.0,0.9645687645687646,0.0,1.0,0.9645687645687646,0.5,,,,0.5234698939228206,0.0317358504327077
2,dst_dempster,CWE-321,2,24,2012,107,2145,109,2036,0.07692307692307693,0.01834862385321101,0.9882121807465619,0.9495044832468146,0.011787819253438114,0.981651376146789,0.938927738927739,0.5032804022998865,0.02962962962962963,0.021645021645021644,0.013167613995078943,0.5032804022998865,0.03651513069646068
2,dst_dempster,CWE-326,0,0,2106,39,2145,39,2106,,0.0,1.0,0.9818181818181818,0.0,1.0,0.9818181818181818,0.5,,,,0.5123456790123457,0.02132792823018663
2,dst_dempster,CWE-327,3,12,2091,39,2145,42,2103,0.2,0.07142857142857142,0.9942938659058488,0.9816901408450704,0.005706134094151213,0.9285714285714286,0.9762237762237762,0.5328612186672101,0.10526315789473682,0.08196721311475409,0.10927542677094482,0.7885050834408894,0.23259847366162023
2,dst_dempster,CWE-328,4,22,2073,46,2145,50,2095,0.15384615384615385,0.08,0.9894988066825776,0.9782916470033034,0.010501193317422435,0.92,0.9682983682983684,0.5347494033412888,0.10526315789473685,0.08849557522123894,0.09583015953601123,0.5347494033412887,0.03484935349301039
2,dst_dempster,CWE-330,18,23,2061,43,2145,61,2084,0.43902439024390244,0.29508196721311475,0.9889635316698656,0.9795627376425855,0.011036468330134356,0.7049180327868853,0.9692307692307692,0.6420227494414902,0.3529411764705882,0.31578947368421056,0.34481558776614407,0.6420227494414902,0.1616224687153637
2,dst_dempster,CWE-347,0,0,2113,32,2145,32,2113,,0.0,1.0,0.985081585081585,0.0,1.0,0.985081585081585,0.5,,,,0.5,0.00973827242017727
2,dst_dempster,CWE-352,0,1,2105,39,2145,39,2106,0.0,0.0,0.9995251661918328,0.9818097014925373,0.0004748338081671415,1.0,0.9813519813519813,0.4997625830959164,,,-0.002938940066077493,0.4997625830959164,0.026768592780548647
2,dst_dempster,CWE-359,3,21,2012,109,2145,112,2033,0.125,0.026785714285714284,0.9896704377766847,0.9486091466289486,0.010329562223315297,0.9732142857142857,0.9393939393939394,0.5082280760311995,0.04411764705882353,0.03177966101694915,0.03480407030951124,0.5082280760311995,0.04675249739456191
2,dst_dempster,CWE-377,1,1,2128,15,2145,16,2129,0.5,0.0625,0.9995302959135745,0.9930004666355576,0.0004697040864255519,0.9375,0.9925407925407925,0.5310151479567873,0.1111111111111111,0.07575757575757576,0.17487413997196363,0.751086190699859,0.11245243295549213
2,dst_dempster,CWE-400,0,0,2067,78,2145,78,2067,,0.0,1.0,0.9636363636363636,0.0,1.0,0.9636363636363636,0.5,,,,0.5182538796472033,0.05202087185151692
2,dst_dempster,CWE-477,0,232,1908,5,2145,5,2140,0.0,0.0,0.891588785046729,0.9973863042341872,0.10841121495327102,1.0,0.8895104895104895,0.4457943925233645,,,-0.016833120135316335,0.4457943925233645,0.0018493101897389542
2,dst_dempster,CWE-497,0,10,1989,146,2145,146,1999,0.0,0.0,0.9949974987493747,0.931615925058548,0.0050025012506253125,1.0,0.9272727272727272,0.49749874937468735,,,-0.018495713568756105,0.49749874937468735,0.04802846148742899
2,dst_dempster,CWE-502,2,1,2102,40,2145,42,2103,0.6666666666666666,0.047619047619047616,0.9995244888254874,0.9813258636788048,0.00047551117451260106,0.9523809523809523,0.9808857808857809,0.5235717682222675,0.08888888888888889,0.05847953216374269,0.17478174810353683,0.6406550732513643,0.20678466233334897
2,dst_dempster,CWE-521,0,3,2077,65,2145,65,2080,0.0,0.0,0.9985576923076923,0.9696545284780579,0.0014423076923076924,1.0,0.9682983682983684,0.49927884615384616,,,-0.006615701550312039,0.49927884615384616,0.023419231217037477
2,dst_dempster,CWE-522,1,0,2054,90,2145,91,2054,1.0,0.01098901098901099,1.0,0.9580223880597015,0.0,0.989010989010989,0.958041958041958,0.5054945054945055,0.02173913043478261,0.013698630136986302,0.10260467119048045,0.5054945054945055,0.041611852894162
2,dst_dempster,CWE-532,0,0,2016,129,2145,129,2016,,0.0,1.0,0.9398601398601398,0.0,1.0,0.9398601398601398,0.5,,,,0.5195701827242525,0.06869949363910005
2,dst_dempster,CWE-601,4,6,2091,44,2145,48,2097,0.4,0.08333333333333333,0.9971387696709585,0.9793911007025761,0.002861230329041488,0.9166666666666666,0.9766899766899767,0.5402360515021459,0.13793103448275862,0.099009900990099,0.17472950447663202,0.55879430933079,0.06857210883836022
2,dst_dempster,CWE-605,4,10,2121,10,2145,14,2131,0.2857142857142857,0.2857142857142857,0.99530736743313,0.99530736743313,0.004692632566870014,0.7142857142857143,0.9906759906759907,0.6405108265737078,0.2857142857142857,0.2857142857142857,0.2810216531474157,0.6405108265737078,0.09569024645195248
2,dst_dempster,CWE-611,2,0,2125,18,2145,20,2125,1.0,0.1,1.0,0.9916005599626692,0.0,0.9,0.9916083916083916,0.55,0.18181818181818182,0.12195121951219513,0.3148968974065431,0.7928,0.22680392738693186
2,dst_dempster,CWE-614,1,3,2066,75,2145,76,2069,0.25,0.013157894736842105,0.9985500241662639,0.9649696403549743,0.0014499758337361043,0.9868421052631579,0.9636363636363636,0.505853959451553,0.025,0.016233766233766236,0.05016818828606333,0.528077382920811,0.046722232174395806
2,dst_dempster,CWE-643,3,10,2085,47,2145,50,2095,0.23076923076923078,0.06,0.9952267303102625,0.9779549718574109,0.00477326968973747,0.94,0.9734265734265735,0.5276133651551312,0.09523809523809523,0.07042253521126761,0.10736459028788835,0.5276133651551312,0.03856588301716791
2,dst_dempster,CWE-668,0,0,1806,339,2145,339,1806,,0.0,1.0,0.8419580419580419,0.0,1.0,0.8419580419580419,0.5,,,,0.5,0.10448004043929064
2,dst_dempster,CWE-706,0,5,2036,104,2145,104,2041,0.0,0.0,0.9975502204801567,0.9514018691588785,0.002449779519843214,1.0,0.9491841491841492,0.49877511024007837,,,-0.010911219255300496,0.49877511024007837,0.05265671559462321
2,dst_dempster,CWE-73,3,43,1979,120,2145,123,2022,0.06521739130434782,0.024390243902439025,0.9787339268051434,0.9428299190090519,0.02126607319485658,0.975609756097561,0.924009324009324,0.5015620853537912,0.03550295857988166,0.02788104089219331,0.005014097242370718,0.5015620853537912,0.04664720134773185
2,dst_dempster,CWE-732,3,2,2088,52,2145,55,2090,0.6,0.05454545454545454,0.999043062200957,0.9757009345794393,0.0009569377990430622,0.9454545454545454,0.9748251748251748,0.5267942583732057,0.09999999999999999,0.06666666666666667,0.17564441116538557,0.5263418877772945,0.05794656727618535
2,dst_dempster,CWE-74,8,1,1809,327,2145,335,1810,0.8888888888888888,0.023880597014925373,0.9994475138121547,0.8469101123595506,0.0005524861878453039,0.9761194029850746,0.8470862470862471,0.51166405541354,0.046511627906976744,0.02965159377316531,0.13101450548537907,0.51166405541354,0.188570793388005
2,dst_dempster,CWE-770,0,0,2087,58,2145,58,2087,,0.0,1.0,0.972960372960373,0.0,1.0,0.972960372960373,0.5,,,,0.49952084331576424,0.03901678229425722
2,dst_dempster,CWE-776,0,0,2108,37,2145,37,2108,,0.0,1.0,0.9827505827505828,0.0,1.0,0.9827505827505828,0.5,,,,0.4992884250474383,0.022055087607082708
2,dst_dempster,CWE-78,0,0,2042,103,2145,103,2042,,0.0,1.0,0.951981351981352,0.0,1.0,0.951981351981352,0.5,,,,0.5709089698848454,0.09052460490733326
2,dst_dempster,CWE-79,0,0,2020,125,2145,125,2020,,0.0,1.0,0.9417249417249417,0.0,1.0,0.9417249417249417,0.5,,,,0.5923247524752475,0.12923827054990894
2,dst_dempster,CWE-798,0,0,2036,109,2145,109,2036,,0.0,1.0,0.9491841491841492,0.0,1.0,0.9491841491841492,0.5,,,,0.5023161082172275,0.03646680641246939
2,dst_dempster,CWE-80,1,2,2021,121,2145,122,2023,0.3333333333333333,0.00819672131147541,0.9990113692535838,0.9435107376283847,0.0009886307464162135,0.9918032786885246,0.9426573426573427,0.5036040452825296,0.016,0.010183299389002037,0.04467121148896388,0.5036040452825296,0.052476840384514424
2,dst_dempster,CWE-827,0,2,2123,20,2145,20,2125,0.0,0.0,0.9990588235294118,0.9906672888474102,0.0009411764705882353,1.0,0.9897435897435898,0.4995294117647059,,,-0.0029637355050027583,0.4995294117647059,0.005497607002860042
2,dst_dempster,CWE-829,0,4,2120,21,2145,21,2124,0.0,0.0,0.9981167608286252,0.9901914992993928,0.0018832391713747645,1.0,0.9883449883449883,0.4990583804143126,,,-0.004297877700893813,0.4990583804143126,0.005866743232091712
2,dst_dempster,CWE-88,0,3,2078,64,2145,64,2081,0.0,0.0,0.9985583853916387,0.9701213818860878,0.0014416146083613647,1.0,0.9687645687645687,0.49927919269581933,,,-0.006563036823808499,0.49927919269581933,0.02747886715520565
2,dst_dempster,CWE-89,9,20,2016,100,2145,109,2036,0.3103448275862069,0.08256880733944955,0.9901768172888016,0.9527410207939508,0.009823182711198428,0.9174311926605505,0.9440559440559441,0.5363728123141256,0.13043478260869568,0.09677419354838711,0.13834140512250098,0.743930354535787,0.31660816874238296
2,dst_dempster,CWE-90,0,1,2105,39,2145,39,2106,0.0,0.0,0.9995251661918328,0.9818097014925373,0.0004748338081671415,1.0,0.9813519813519813,0.4997625830959164,,,-0.002938940066077493,0.4997625830959164,0.013679545135095221
2,dst_dempster,CWE-916,4,22,2073,46,2145,50,2095,0.15384615384615385,0.08,0.9894988066825776,0.9782916470033034,0.010501193317422435,0.92,0.9682983682983684,0.5347494033412888,0.10526315789473685,0.08849557522123894,0.09583015953601123,0.5347494033412887,0.03484935349301039
2,dst_dempster,CWE-918,0,2,2119,24,2145,24,2121,0.0,0.0,0.9990570485619991,0.9888007466168922,0.000942951438000943,1.0,0.9878787878787879,0.49952852428099953,,,-0.003249669534297052,0.49905704856199906,0.011180247967676063
2,dst_dempster,CWE-93,0,2,2104,39,2145,39,2106,0.0,0.0,0.9990503323836657,0.9818012132524498,0.000949667616334283,1.0,0.9808857808857809,0.49952516619183285,,,-0.004157258523440887,0.49952516619183285,0.013901404552295995
2,dst_dempster,CWE-939,0,3,2035,107,2145,107,2038,0.0,0.0,0.9985279685966634,0.9500466853408029,0.0014720314033366045,1.0,0.9487179487179487,0.4992639842983317,,,-0.008575129612961705,0.4992639842983317,0.03162204244669331
2,dst_dempster,CWE-94,0,1,2058,86,2145,86,2059,0.0,0.0,0.9995143273433705,0.9598880597014925,0.00048567265662943174,1.0,0.9594405594405594,0.49975716367168527,,,-0.004413759464145875,0.5916707139388052,0.10931324199181364
2,dst_dempster,CWE-942,0,0,2065,80,2145,80,2065,,0.0,1.0,0.9627039627039627,0.0,1.0,0.9627039627039627,0.5,,,,0.5,0.027064629864536376
2,dst_dempster,CWE-95,0,0,2067,78,2145,78,2067,,0.0,1.0,0.9636363636363636,0.0,1.0,0.9636363636363636,0.5,,,,0.6050574969297756,0.11194106235423337
2,dst_dempster,CWE-96,2,20,2048,75,2145,77,2068,0.09090909090909091,0.025974025974025976,0.9903288201160542,0.9646726330664155,0.009671179883945842,0.974025974025974,0.9557109557109557,0.50815142304504,0.04040404040404041,0.030303030303030304,0.0301021642310648,0.50815142304504,0.03598951266359659
2,dst_dempster,CWE-99,0,46,2057,42,2145,42,2103,0.0,0.0,0.9781264859724204,0.9799904716531682,0.021873514027579647,1.0,0.958974358974359,0.4890632429862102,,,-0.020920771949898945,0.4890632429862102,0.013989122404538529
2,dst_pcr6,CWE-113,0,0,2035,110,2145,110,2035,,0.0,1.0,0.9487179487179487,0.0,1.0,0.9487179487179487,0.5,,,,0.5,0.0425046204438324
2,dst_pcr6,CWE-116,0,0,2121,24,2145,24,2121,,0.0,1.0,0.9888111888111888,0.0,1.0,0.9888111888111888,0.5,,,,0.5306852113782807,0.014357644409804839
2,dst_pcr6,CWE-117,2,0,2049,94,2145,96,2049,1.0,0.020833333333333332,1.0,0.9561362575828278,0.0,0.9791666666666666,0.9561771561771562,0.5104166666666666,0.04081632653061225,0.025906735751295335,0.14113647780183872,0.5104166666666666,0.06000374083453238
2,dst_pcr6,CWE-1333,1,5,2104,35,2145,36,2109,0.16666666666666666,0.027777777777777776,0.9976292081555239,0.9836372136512389,0.002370791844476055,0.9722222222222222,0.9813519813519813,0.5127034929666509,0.04761904761904762,0.033333333333333326,0.06179618574764702,0.5127034929666509,0.03582710150384191
2,dst_pcr6,CWE-185,0,0,2135,10,2145,10,2135,,0.0,1.0,0.9953379953379954,0.0,1.0,0.9953379953379954,0.5,,,,0.5,0.006199035726280778
2,dst_pcr6,CWE-20,0,24,1949,172,2145,172,1973,0.0,0.0,0.9878357830714648,0.918906176331919,0.012164216928535226,1.0,0.9086247086247087,0.4939178915357324,,,-0.031407687954749595,0.48089469465693846,0.06728046423245954
2,dst_pcr6,CWE-200,5,6,1918,216,2145,221,1924,0.45454545454545453,0.02262443438914027,0.9968814968814969,0.8987816307403936,0.0031185031185031187,0.9773755656108597,0.8965034965034965,0.5097529656353186,0.04310344827586207,0.027932960893854747,0.08301791277573958,0.508990978447992,0.09450293903948116
2,dst_pcr6,CWE-208,10,82,1938,115,2145,125,2020,0.10869565217391304,0.08,0.9594059405940594,0.9439844130540672,0.040594059405940595,0.92,0.9081585081585082,0.5197029702970297,0.09216589861751152,0.08445945945945946,0.045562128142405345,0.5197029702970297,0.06036589212407466
2,dst_pcr6,CWE-209,2,8,2004,131,2145,133,2012,0.2,0.015037593984962405,0.9960238568588469,0.9386416861826697,0.003976143141153081,0.9849624060150376,0.9351981351981352,0.5055307254219046,0.027972027972027972,0.018450184501845015,0.039160926912069384,0.5055307254219047,0.057965530725169745
2,dst_pcr6,CWE-215,4,47,1986,108,2145,112,2033,0.0784313725490196,0.03571428571428571,0.9768814559763895,0.9484240687679083,0.023118544023610427,0.9642857142857143,0.9277389277389277,0.5062978708453376,0.04907975460122699,0.04008016032064128,0.018391960249443576,0.5062978708453376,0.046139390291510256
2,dst_pcr6,CWE-22,0,0,2062,83,2145,83,2062,,0.0,1.0,0.9613053613053613,0.0,1.0,0.9613053613053613,0.5,,,,0.5691923854486812,0.12083107408360357
2,dst_pcr6,CWE-23,12,34,2028,71,2145,83,2062,0.2608695652173913,0.14457831325301204,0.9835111542192047,0.9661743687470223,0.016488845780795344,0.8554216867469879,0.951048951048951,0.5640447337361083,0.18604651162790697,0.15873015873015872,0.17053426809383176,0.5640447337361083,0.11894224609954446
2,dst_pcr6,CWE-259,1,19,2019,106,2145,107,2038,0.05,0.009345794392523364,0.9906771344455348,0.9501176470588235,0.009322865554465163,0.9906542056074766,0.9417249417249417,0.5000114644190291,0.01574803149606299,0.011160714285714284,5.193756212789099e-05,0.5687750497555786,0.06216757333163497
2,dst_pcr6,CWE-276,3,2,2092,48,2145,51,2094,0.6,0.058823529411764705,0.9990448901623686,0.9775700934579439,0.0009551098376313276,0.9411764705882353,0.9766899766899767,0.5289342097870666,0.10714285714285714,0.07177033492822966,0.182819770543822,0.5289342097870667,0.05984814962461276
2,dst_pcr6,CWE-284,0,1,1731,413,2145,413,1732,0.0,0.0,0.9994226327944573,0.8073694029850746,0.0005773672055427252,1.0,0.806993006993007,0.49971131639722866,,,-0.010546022449271303,0.49971131639722866,0.12459455289457419
2,dst_pcr6,CWE-287,0,0,1914,231,2145,231,1914,,0.0,1.0,0.8923076923076924,0.0,1.0,0.8923076923076924,0.5,,,,0.5095163457232422,0.07989716362799311
2,dst_pcr6,CWE-295,1,3,2081,60,2145,61,2084,0.25,0.01639344262295082,0.9985604606525912,0.9719757122839795,0.0014395393474088292,0.9836065573770492,0.9706293706293706,0.507476951637771,0.030769230769230767,0.020161290322580648,0.057614263260187294,0.5151938265001101,0.04206094966647751
2,dst_pcr6,CWE-312,0,24,2081,40,2145,40,2105,0.0,0.0,0.9885985748218528,0.9811409712399811,0.01140142517814727,1.0,0.9701631701631701,0.4942992874109264,,,-0.014663553639547355,0.4942992874109264,0.011615500865753482
2,dst_pcr6,CWE-315,0,6,2107,32,2145,32,2113,0.0,0.0,0.9971604353999054,0.9850397381954185,0.002839564600094652,1.0,0.9822843822843823,0.4985802176999527,,,-0.0065177166115471755,0.4985802176999527,0.009526248935595746
2,dst_pcr6,CWE-319,0,0,2069,76,2145,76,2069,,0.0,1.0,0.9645687645687646,0.0,1.0,0.9645687645687646,0.5,,,,0.5234698939228206,0.0317358504327077
2,dst_pcr6,CWE-321,2,24,2012,107,2145,109,2036,0.07692307692307693,0.01834862385321101,0.9882121807465619,0.9495044832468146,0.011787819253438114,0.981651376146789,0.938927738927739,0.5032804022998865,0.02962962962962963,0.021645021645021644,0.013167613995078943,0.5032804022998865,0.03651513069646068
2,dst_pcr6,CWE-326,0,0,2106,39,2145,39,2106,,0.0,1.0,0.9818181818181818,0.0,1.0,0.9818181818181818,0.5,,,,0.5123456790123457,0.02132792823018663
2,dst_pcr6,CWE-327,3,12,2091,39,2145,42,2103,0.2,0.07142857142857142,0.9942938659058488,0.9816901408450704,0.005706134094151213,0.9285714285714286,0.9762237762237762,0.5328612186672101,0.10526315789473682,0.08196721311475409,0.10927542677094482,0.7885050834408894,0.23259847366162023
2,dst_pcr6,CWE-328,4,22,2073,46,2145,50,2095,0.15384615384615385,0.08,0.9894988066825776,0.9782916470033034,0.010501193317422435,0.92,0.9682983682983684,0.5347494033412888,0.10526315789473685,0.08849557522123894,0.09583015953601123,0.5347494033412887,0.03484935349301039
2,dst_pcr6,CWE-330,18,23,2061,43,2145,61,2084,0.43902439024390244,0.29508196721311475,0.9889635316698656,0.9795627376425855,0.011036468330134356,0.7049180327868853,0.9692307692307692,0.6420227494414902,0.3529411764705882,0.31578947368421056,0.34481558776614407,0.6420227494414902,0.1616224687153637
2,dst_pcr6,CWE-347,0,0,2113,32,2145,32,2113,,0.0,1.0,0.985081585081585,0.0,1.0,0.985081585081585,0.5,,,,0.5,0.00973827242017727
2,dst_pcr6,CWE-352,0,1,2105,39,2145,39,2106,0.0,0.0,0.9995251661918328,0.9818097014925373,0.0004748338081671415,1.0,0.9813519813519813,0.4997625830959164,,,-0.002938940066077493,0.4997625830959164,0.026768592780548647
2,dst_pcr6,CWE-359,3,21,2012,109,2145,112,2033,0.125,0.026785714285714284,0.9896704377766847,0.9486091466289486,0.010329562223315297,0.9732142857142857,0.9393939393939394,0.5082280760311995,0.04411764705882353,0.03177966101694915,0.03480407030951124,0.5082280760311995,0.04675249739456191
2,dst_pcr6,CWE-377,1,1,2128,15,2145,16,2129,0.5,0.0625,0.9995302959135745,0.9930004666355576,0.0004697040864255519,0.9375,0.9925407925407925,0.5310151479567873,0.1111111111111111,0.07575757575757576,0.17487413997196363,0.7499706434945984,0.10277057646607052
2,dst_pcr6,CWE-400,0,0,2067,78,2145,78,2067,,0.0,1.0,0.9636363636363636,0.0,1.0,0.9636363636363636,0.5,,,,0.5182538796472033,0.05202087185151692
2,dst_pcr6,CWE-477,0,232,1908,5,2145,5,2140,0.0,0.0,0.891588785046729,0.9973863042341872,0.10841121495327102,1.0,0.8895104895104895,0.4457943925233645,,,-0.016833120135316335,0.4457943925233645,0.0018493101897389542
2,dst_pcr6,CWE-497,0,10,1989,146,2145,146,1999,0.0,0.0,0.9949974987493747,0.931615925058548,0.0050025012506253125,1.0,0.9272727272727272,0.49749874937468735,,,-0.018495713568756105,0.49749874937468735,0.04802846148742899
2,dst_pcr6,CWE-502,2,1,2102,40,2145,42,2103,0.6666666666666666,0.047619047619047616,0.9995244888254874,0.9813258636788048,0.00047551117451260106,0.9523809523809523,0.9808857808857809,0.5235717682222675,0.08888888888888889,0.05847953216374269,0.17478174810353683,0.6406550732513643,0.20678466233334897
2,dst_pcr6,CWE-521,0,3,2077,65,2145,65,2080,0.0,0.0,0.9985576923076923,0.9696545284780579,0.0014423076923076924,1.0,0.9682983682983684,0.49927884615384616,,,-0.006615701550312039,0.49927884615384616,0.023419231217037477
2,dst_pcr6,CWE-522,1,0,2054,90,2145,91,2054,1.0,0.01098901098901099,1.0,0.9580223880597015,0.0,0.989010989010989,0.958041958041958,0.5054945054945055,0.02173913043478261,0.013698630136986302,0.10260467119048045,0.5054945054945055,0.041611852894162
2,dst_pcr6,CWE-532,0,0,2016,129,2145,129,2016,,0.0,1.0,0.9398601398601398,0.0,1.0,0.9398601398601398,0.5,,,,0.5195701827242525,0.06869949363910005
2,dst_pcr6,CWE-601,4,6,2091,44,2145,48,2097,0.4,0.08333333333333333,0.9971387696709585,0.9793911007025761,0.002861230329041488,0.9166666666666666,0.9766899766899767,0.5402360515021459,0.13793103448275862,0.099009900990099,0.17472950447663202,0.55879430933079,0.06857210883836022
2,dst_pcr6,CWE-605,4,10,2121,10,2145,14,2131,0.2857142857142857,0.2857142857142857,0.99530736743313,0.99530736743313,0.004692632566870014,0.7142857142857143,0.9906759906759907,0.6405108265737078,0.2857142857142857,0.2857142857142857,0.2810216531474157,0.6405108265737078,0.09569024645195248
2,dst_pcr6,CWE-611,2,0,2125,18,2145,20,2125,1.0,0.1,1.0,0.9916005599626692,0.0,0.9,0.9916083916083916,0.55,0.18181818181818182,0.12195121951219513,0.3148968974065431,0.7928,0.22680392738693186
2,dst_pcr6,CWE-614,1,3,2066,75,2145,76,2069,0.25,0.013157894736842105,0.9985500241662639,0.9649696403549743,0.0014499758337361043,0.9868421052631579,0.9636363636363636,0.505853959451553,0.025,0.016233766233766236,0.05016818828606333,0.528077382920811,0.046722232174395806
2,dst_pcr6,CWE-643,3,10,2085,47,2145,50,2095,0.23076923076923078,0.06,0.9952267303102625,0.9779549718574109,0.00477326968973747,0.94,0.9734265734265735,0.5276133651551312,0.09523809523809523,0.07042253521126761,0.10736459028788835,0.5276133651551312,0.03856588301716791
2,dst_pcr6,CWE-668,0,0,1806,339,2145,339,1806,,0.0,1.0,0.8419580419580419,0.0,1.0,0.8419580419580419,0.5,,,,0.5,0.10448004043929064
2,dst_pcr6,CWE-706,0,5,2036,104,2145,104,2041,0.0,0.0,0.9975502204801567,0.9514018691588785,0.002449779519843214,1.0,0.9491841491841492,0.49877511024007837,,,-0.010911219255300496,0.49877511024007837,0.05265671559462321
2,dst_pcr6,CWE-73,3,43,1979,120,2145,123,2022,0.06521739130434782,0.024390243902439025,0.9787339268051434,0.9428299190090519,0.02126607319485658,0.975609756097561,0.924009324009324,0.5015620853537912,0.03550295857988166,0.02788104089219331,0.005014097242370718,0.5015620853537912,0.04664720134773185
2,dst_pcr6,CWE-732,3,2,2088,52,2145,55,2090,0.6,0.05454545454545454,0.999043062200957,0.9757009345794393,0.0009569377990430622,0.9454545454545454,0.9748251748251748,0.5267942583732057,0.09999999999999999,0.06666666666666667,0.17564441116538557,0.5263418877772945,0.05794656727618535
2,dst_pcr6,CWE-74,8,1,1809,327,2145,335,1810,0.8888888888888888,0.023880597014925373,0.9994475138121547,0.8469101123595506,0.0005524861878453039,0.9761194029850746,0.8470862470862471,0.51166405541354,0.046511627906976744,0.02965159377316531,0.13101450548537907,0.51166405541354,0.188570793388005
2,dst_pcr6,CWE-770,0,0,2087,58,2145,58,2087,,0.0,1.0,0.972960372960373,0.0,1.0,0.972960372960373,0.5,,,,0.49952084331576424,0.03901678229425722
2,dst_pcr6,CWE-776,0,0,2108,37,2145,37,2108,,0.0,1.0,0.9827505827505828,0.0,1.0,0.9827505827505828,0.5,,,,0.4992884250474383,0.022055087607082708
2,dst_pcr6,CWE-78,0,0,2042,103,2145,103,2042,,0.0,1.0,0.951981351981352,0.0,1.0,0.951981351981352,0.5,,,,0.5709374970284226,0.09127498170598322
2,dst_pcr6,CWE-79,0,0,2020,125,2145,125,2020,,0.0,1.0,0.9417249417249417,0.0,1.0,0.9417249417249417,0.5,,,,0.5923247524752475,0.12923827054990894
2,dst_pcr6,CWE-798,0,0,2036,109,2145,109,2036,,0.0,1.0,0.9491841491841492,0.0,1.0,0.9491841491841492,0.5,,,,0.5023161082172275,0.03646680641246939
2,dst_pcr6,CWE-80,1,2,2021,121,2145,122,2023,0.3333333333333333,0.00819672131147541,0.9990113692535838,0.9435107376283847,0.0009886307464162135,0.9918032786885246,0.9426573426573427,0.5036040452825296,0.016,0.010183299389002037,0.04467121148896388,0.5036040452825296,0.052476840384514424
2,dst_pcr6,CWE-827,0,2,2123,20,2145,20,2125,0.0,0.0,0.9990588235294118,0.9906672888474102,0.0009411764705882353,1.0,0.9897435897435898,0.4995294117647059,,,-0.0029637355050027583,0.4995294117647059,0.005497607002860042
2,dst_pcr6,CWE-829,0,4,2120,21,2145,21,2124,0.0,0.0,0.9981167608286252,0.9901914992993928,0.0018832391713747645,1.0,0.9883449883449883,0.4990583804143126,,,-0.004297877700893813,0.4990583804143126,0.005866743232091712
2,dst_pcr6,CWE-88,0,3,2078,64,2145,64,2081,0.0,0.0,0.9985583853916387,0.9701213818860878,0.0014416146083613647,1.0,0.9687645687645687,0.49927919269581933,,,-0.006563036823808499,0.49927919269581933,0.02747886715520565
2,dst_pcr6,CWE-89,9,20,2016,100,2145,109,2036,0.3103448275862069,0.08256880733944955,0.9901768172888016,0.9527410207939508,0.009823182711198428,0.9174311926605505,0.9440559440559441,0.5363728123141256,0.13043478260869568,0.09677419354838711,0.13834140512250098,0.743930354535787,0.31660816874238296
2,dst_pcr6,CWE-90,0,1,2105,39,2145,39,2106,0.0,0.0,0.9995251661918328,0.9818097014925373,0.0004748338081671415,1.0,0.9813519813519813,0.4997625830959164,,,-0.002938940066077493,0.4997625830959164,0.013679545135095221
2,dst_pcr6,CWE-916,4,22,2073,46,2145,50,2095,0.15384615384615385,0.08,0.9894988066825776,0.9782916470033034,0.010501193317422435,0.92,0.9682983682983684,0.5347494033412888,0.10526315789473685,0.08849557522123894,0.09583015953601123,0.5347494033412887,0.03484935349301039
2,dst_pcr6,CWE-918,0,2,2119,24,2145,24,2121,0.0,0.0,0.9990570485619991,0.9888007466168922,0.000942951438000943,1.0,0.9878787878787879,0.49952852428099953,,,-0.003249669534297052,0.49905704856199906,0.011180247967676063
2,dst_pcr6,CWE-93,0,2,2104,39,2145,39,2106,0.0,0.0,0.9990503323836657,0.9818012132524498,0.000949667616334283,1.0,0.9808857808857809,0.49952516619183285,,,-0.004157258523440887,0.49952516619183285,0.013901404552295995
2,dst_pcr6,CWE-939,0,3,2035,107,2145,107,2038,0.0,0.0,0.9985279685966634,0.9500466853408029,0.0014720314033366045,1.0,0.9487179487179487,0.4992639842983317,,,-0.008575129612961705,0.4992639842983317,0.03162204244669331
2,dst_pcr6,CWE-94,0,1,2058,86,2145,86,2059,0.0,0.0,0.9995143273433705,0.9598880597014925,0.00048567265662943174,1.0,0.9594405594405594,0.49975716367168527,,,-0.004413759464145875,0.5916707139388052,0.10931324199181364
2,dst_pcr6,CWE-942,0,0,2065,80,2145,80,2065,,0.0,1.0,0.9627039627039627,0.0,1.0,0.9627039627039627,0.5,,,,0.5,0.027064629864536376
2,dst_pcr6,CWE-95,0,0,2067,78,2145,78,2067,,0.0,1.0,0.9636363636363636,0.0,1.0,0.9636363636363636,0.5,,,,0.6050574969297756,0.11194106235423337
2,dst_pcr6,CWE-96,2,20,2048,75,2145,77,2068,0.09090909090909091,0.025974025974025976,0.9903288201160542,0.9646726330664155,0.009671179883945842,0.974025974025974,0.9557109557109557,0.50815142304504,0.04040404040404041,0.030303030303030304,0.0301021642310648,0.50815142304504,0.03598951266359659
2,dst_pcr6,CWE-99,0,46,2057,42,2145,42,2103,0.0,0.0,0.9781264859724204,0.9799904716531682,0.021873514027579647,1.0,0.958974358974359,0.4890632429862102,,,-0.020920771949898945,0.4890632429862102,0.013989122404538529
2,logistic_regression,CWE-113,0,0,2035,110,2145,110,2035,,0.0,1.0,0.9487179487179487,0.0,1.0,0.9487179487179487,0.5,,,,0.5,0.0425046204438324
2,logistic_regression,CWE-116,2,42,2079,22,2145,24,2121,0.045454545454545456,0.08333333333333333,0.9801980198019802,0.9895287958115183,0.019801980198019802,0.9166666666666666,0.9701631701631701,0.5317656765676567,0.05882352941176471,0.07142857142857144,0.047143811978111023,0.5328461417570328,0.014394263084603634
2,logistic_regression,CWE-117,2,0,2049,94,2145,96,2049,1.0,0.020833333333333332,1.0,0.9561362575828278,0.0,0.9791666666666666,0.9561771561771562,0.5104166666666666,0.04081632653061225,0.025906735751295335,0.14113647780183872,0.5104166666666666,0.06000374083453238
2,logistic_regression,CWE-1333,1,5,2104,35,2145,36,2109,0.16666666666666666,0.027777777777777776,0.9976292081555239,0.9836372136512389,0.002370791844476055,0.9722222222222222,0.9813519813519813,0.5127034929666509,0.04761904761904762,0.033333333333333326,0.06179618574764702,0.5127034929666509,0.03582710150384191
2,logistic_regression,CWE-185,10,2135,0,0,2145,10,2135,0.004662004662004662,1.0,0.0,,1.0,0.0,0.004662004662004662,0.5,0.009280742459396751,0.02288329519450801,,0.5,0.006199035726280778
2,logistic_regression,CWE-20,159,1660,313,13,2145,172,1973,0.08741066520065971,0.9244186046511628,0.15864166244298022,0.9601226993865031,0.8413583375570197,0.0755813953488372,0.22004662004662004,0.5415301335470715,0.15971873430436967,0.31711208615875547,0.0628341782670309,0.5569711453458904,0.08653734289764761
2,logistic_regression,CWE-200,5,6,1918,216,2145,221,1924,0.45454545454545453,0.02262443438914027,0.9968814968814969,0.8987816307403936,0.0031185031185031187,0.9773755656108597,0.8965034965034965,0.5097529656353186,0.04310344827586207,0.027932960893854747,0.08301791277573958,0.5105149528226451,0.09547570504586488
2,logistic_regression,CWE-208,10,82,1938,115,2145,125,2020,0.10869565217391304,0.08,0.9594059405940594,0.9439844130540672,0.040594059405940595,0.92,0.9081585081585082,0.5197029702970297,0.09216589861751152,0.08445945945945946,0.045562128142405345,0.5197029702970297,0.06036589212407466
2,logistic_regression,CWE-209,2,8,2004,131,2145,133,2012,0.2,0.015037593984962405,0.9960238568588469,0.9386416861826697,0.003976143141153081,0.9849624060150376,0.9351981351981352,0.5055307254219046,0.027972027972027972,0.018450184501845015,0.039160926912069384,0.5055307254219047,0.057965530725169745
2,logistic_regression,CWE-215,108,1986,47,4,2145,112,2033,0.05157593123209169,0.9642857142857143,0.023118544023610427,0.9215686274509803,0.9768814559763895,0.03571428571428571,0.07226107226107226,0.4937021291546624,0.09791477787851316,0.21243115656963021,-0.018391960249443576,0.4937021291546624,0.045836809022536715
2,logistic_regression,CWE-22,13,38,2024,70,2145,83,2062,0.2549019607843137,0.1566265060240964,0.9815712900096993,0.9665711556829035,0.01842870999030068,0.8433734939759037,0.9496503496503497,0.5690988980168978,0.19402985074626866,0.16971279373368148,0.17494883988328008,0.5694261040281398,0.13095802826830885
2,logistic_regression,CWE-23,12,34,2028,71,2145,83,2062,0.2608695652173913,0.14457831325301204,0.9835111542192047,0.9661743687470223,0.016488845780795344,0.8554216867469879,0.951048951048951,0.5640447337361083,0.18604651162790697,0.15873015873015872,0.17053426809383176,0.5640447337361083,0.11894224609954446
2,logistic_regression,CWE-259,21,117,1921,86,2145,107,2038,0.15217391304347827,0.19626168224299065,0.9425907752698724,0.9571499750871948,0.05740922473012758,0.8037383177570093,0.9053613053613053,0.5694262287564316,0.17142857142857143,0.18551236749116606,0.12320669840477538,0.5687842212908019,0.062178777242694994
2,logistic_regression,CWE-276,3,2,2092,48,2145,51,2094,0.6,0.058823529411764705,0.9990448901623686,0.9775700934579439,0.0009551098376313276,0.9411764705882353,0.9766899766899767,0.5289342097870666,0.10714285714285714,0.07177033492822966,0.182819770543822,0.5289342097870667,0.05984814962461276
2,logistic_regression,CWE-284,413,1732,0,0,2145,413,1732,0.19254079254079254,1.0,0.0,,1.0,0.0,0.19254079254079254,0.5,0.3229085222830336,0.5438504082170134,,0.5,0.12465899484494704
2,logistic_regression,CWE-287,5,5,1909,226,2145,231,1914,0.5,0.021645021645021644,0.9973876698014629,0.8941451990632319,0.002612330198537095,0.9783549783549783,0.8923076923076924,0.5095163457232422,0.04149377593360995,0.02676659528907923,0.08661203125942563,0.5095163457232422,0.07989716362799311
2,logistic_regression,CWE-295,2,5,2079,59,2145,61,2084,0.2857142857142857,0.03278688524590164,0.9976007677543186,0.9724041159962582,0.0023992322456813818,0.9672131147540983,0.9701631701631701,0.5151938265001101,0.05882352941176471,0.0398406374501992,0.08856417122150168,0.5151938265001101,0.04206094966647751
2,logistic_regression,CWE-312,40,2081,24,0,2145,40,2105,0.01885902876001886,1.0,0.01140142517814727,1.0,0.9885985748218528,0.0,0.029836829836829837,0.5057007125890737,0.03701989819527997,0.08768084173608066,0.014663553639547355,0.5057007125890737,0.011851387257242812
2,logistic_regression,CWE-315,0,6,2107,32,2145,32,2113,0.0,0.0,0.9971604353999054,0.9850397381954185,0.002839564600094652,1.0,0.9822843822843823,0.4985802176999527,,,-0.0065177166115471755,0.4985802176999527,0.009526248935595746
2,logistic_regression,CWE-319,5,39,2030,71,2145,76,2069,0.11363636363636363,0.06578947368421052,0.9811503141614306,0.9662065683008091,0.018849685838569358,0.9342105263157895,0.9487179487179487,0.5234698939228206,0.08333333333333333,0.0718390804597701,0.06121936201974713,0.5234698939228206,0.0317358504327077
2,logistic_regression,CWE-321,2,24,2012,107,2145,109,2036,0.07692307692307693,0.01834862385321101,0.9882121807465619,0.9495044832468146,0.011787819253438114,0.981651376146789,0.938927738927739,0.5032804022998865,0.02962962962962963,0.021645021645021644,0.013167613995078943,0.5032804022998865,0.03651513069646068
2,logistic_regression,CWE-326,1,2,2104,38,2145,39,2106,0.3333333333333333,0.02564102564102564,0.9990503323836657,0.9822595704948646,0.000949667616334283,0.9743589743589743,0.9813519813519813,0.5123456790123456,0.047619047619047616,0.031446540880503145,0.08827467008419813,0.5123456790123457,0.02132792823018663
2,logistic_regression,CWE-327,25,37,2066,17,2145,42,2103,0.4032258064516129,0.5952380952380952,0.9824060865430337,0.9918386941910706,0.01759391345696624,0.40476190476190477,0.9748251748251748,0.7888220908905645,0.4807692307692307,0.5434782608695652,0.4777098598778481,0.790146729162421,0.2707408089735245
2,logistic_regression,CWE-328,4,22,2073,46,2145,50,2095,0.15384615384615385,0.08,0.9894988066825776,0.9782916470033034,0.010501193317422435,0.92,0.9682983682983684,0.5347494033412888,0.10526315789473685,0.08849557522123894,0.09583015953601123,0.5347494033412887,0.03484935349301039
2,logistic_regression,CWE-330,18,23,2061,43,2145,61,2084,0.43902439024390244,0.29508196721311475,0.9889635316698656,0.9795627376425855,0.011036468330134356,0.7049180327868853,0.9692307692307692,0.6420227494414902,0.3529411764705882,0.31578947368421056,0.34481558776614407,0.6420227494414902,0.1616224687153637
2,logistic_regression,CWE-347,0,0,2113,32,2145,32,2113,,0.0,1.0,0.985081585081585,0.0,1.0,0.985081585081585,0.5,,,,0.5,0.00973827242017727
2,logistic_regression,CWE-352,39,2106,0,0,2145,39,2106,0.01818181818181818,1.0,0.0,,1.0,0.0,0.01818181818181818,0.5,0.03571428571428572,0.0847457627118644,,0.5,0.027770947278977297
2,logistic_regression,CWE-359,3,21,2012,109,2145,112,2033,0.125,0.026785714285714284,0.9896704377766847,0.9486091466289486,0.010329562223315297,0.9732142857142857,0.9393939393939394,0.5082280760311995,0.04411764705882353,0.03177966101694915,0.03480407030951124,0.5082280760311995,0.04675249739456191
2,logistic_regression,CWE-377,9,154,1975,7,2145,16,2129,0.05521472392638037,0.5625,0.927665570690465,0.9964682139253279,0.07233442930953499,0.4375,0.924941724941725,0.7450827853452324,0.1005586592178771,0.19823788546255508,0.1591640560146745,0.7498238609675905,0.09040793910343316
2,logistic_regression,CWE-400,6,84,1983,72,2145,78,2067,0.06666666666666667,0.07692307692307693,0.9593613933236574,0.964963503649635,0.040638606676342524,0.9230769230769231,0.9272727272727272,0.5181422351233672,0.07142857142857144,0.07462686567164178,0.033877484761135834,0.5182538796472033,0.05202087185151692
2,logistic_regression,CWE-477,5,1908,232,0,2145,5,2140,0.0026136957658128594,1.0,0.10841121495327102,1.0,0.891588785046729,0.0,0.11048951048951049,0.5542056074766355,0.005213764337851929,0.012933264355923435,0.016833120135316335,0.5542056074766355,0.0021605154392184346
2,logistic_regression,CWE-497,146,1989,10,0,2145,146,1999,0.06838407494145199,1.0,0.0050025012506253125,1.0,0.9949974987493747,0.0,0.07272727272727272,0.5025012506253127,0.12801402893467778,0.2684810592129459,0.018495713568756105,0.5025012506253127,0.051958969312071585
2,logistic_regression,CWE-502,12,10,2093,30,2145,42,2103,0.5454545454545454,0.2857142857142857,0.995244888254874,0.9858690532265661,0.004755111745126011,0.7142857142857143,0.9813519813519813,0.6404795869845799,0.37499999999999994,0.3157894736842105,0.386368010316287,0.6406550732513643,0.20678466233334897
2,logistic_regression,CWE-521,0,3,2077,65,2145,65,2080,0.0,0.0,0.9985576923076923,0.9696545284780579,0.0014423076923076924,1.0,0.9682983682983684,0.49927884615384616,,,-0.006615701550312039,0.49927884615384616,0.023419231217037477
2,logistic_regression,CWE-522,1,0,2054,90,2145,91,2054,1.0,0.01098901098901099,1.0,0.9580223880597015,0.0,0.989010989010989,0.958041958041958,0.5054945054945055,0.02173913043478261,0.013698630136986302,0.10260467119048045,0.5054945054945055,0.041611852894162
2,logistic_regression,CWE-532,6,12,2004,123,2145,129,2016,0.3333333333333333,0.046511627906976744,0.9940476190476191,0.9421720733427362,0.005952380952380952,0.9534883720930233,0.9370629370629371,0.520279623477298,0.08163265306122448,0.056179775280898875,0.10570852296149563,0.5209890642303433,0.06963889506890597
2,logistic_regression,CWE-601,6,16,2081,42,2145,48,2097,0.2727272727272727,0.125,0.9923700524558894,0.9802166745171926,0.007629947544110634,0.875,0.972960372960373,0.5586850262279447,0.17142857142857143,0.14018691588785046,0.17230218906468547,0.55879430933079,0.06857210883836022
2,logistic_regression,CWE-605,4,10,2121,10,2145,14,2131,0.2857142857142857,0.2857142857142857,0.99530736743313,0.99530736743313,0.004692632566870014,0.7142857142857143,0.9906759906759907,0.6405108265737078,0.2857142857142857,0.2857142857142857,0.2810216531474157,0.6405108265737078,0.09569024645195248
2,logistic_regression,CWE-611,12,34,2091,8,2145,20,2125,0.2608695652173913,0.6,0.984,0.9961886612672701,0.016,0.4,0.9804195804195804,0.792,0.36363636363636365,0.4761904761904763,0.3874558094377245,0.7928,0.22680392738693186
2,logistic_regression,CWE-614,5,20,2049,71,2145,76,2069,0.2,0.06578947368421052,0.9903334944417593,0.9665094339622642,0.009666505558240696,0.9342105263157895,0.9575757575757575,0.5280614840629849,0.099009900990099,0.07598784194528875,0.09666955909146079,0.528077382920811,0.046722232174395806
2,logistic_regression,CWE-643,3,10,2085,47,2145,50,2095,0.23076923076923078,0.06,0.9952267303102625,0.9779549718574109,0.00477326968973747,0.94,0.9734265734265735,0.5276133651551312,0.09523809523809523,0.07042253521126761,0.10736459028788835,0.5276133651551312,0.03856588301716791
2,logistic_regression,CWE-668,339,1806,0,0,2145,339,1806,0.15804195804195803,1.0,0.0,,1.0,0.0,0.15804195804195803,0.5,0.27294685990338163,0.48414738646101113,,0.5,0.10448004043929064
2,logistic_regression,CWE-706,104,2036,5,0,2145,104,2041,0.048598130841121495,1.0,0.002449779519843214,1.0,0.9975502204801567,0.0,0.05081585081585081,0.5012248897599216,0.09269162210338681,0.20344287949921752,0.010911219255300496,0.5012248897599216,0.05327960998085917
2,logistic_regression,CWE-73,120,1979,43,3,2145,123,2022,0.05717008099094807,0.975609756097561,0.02126607319485658,0.9347826086956522,0.9787339268051434,0.024390243902439025,0.075990675990676,0.4984379146462088,0.10801080108010801,0.23157082207641838,-0.005014097242370718,0.4984379146462088,0.04532116009392814
2,logistic_regression,CWE-732,3,4,2086,52,2145,55,2090,0.42857142857142855,0.05454545454545454,0.9980861244019139,0.9756782039289055,0.0019138755980861245,0.9454545454545454,0.9738927738927738,0.5263157894736842,0.09677419354838708,0.06607929515418502,0.1458639655548484,0.5263418877772945,0.05794656727618535
2,logistic_regression,CWE-74,8,1,1809,327,2145,335,1810,0.8888888888888888,0.023880597014925373,0.9994475138121547,0.8469101123595506,0.0005524861878453039,0.9761194029850746,0.8470862470862471,0.51166405541354,0.046511627906976744,0.02965159377316531,0.13101450548537907,0.51166405541354,0.188570793388005
2,logistic_regression,CWE-770,58,2087,0,0,2145,58,2087,0.02703962703962704,1.0,0.0,,1.0,0.0,0.02703962703962704,0.5,0.052655469813890146,0.12200252419015566,,0.5,0.03928664390192051
2,logistic_regression,CWE-776,0,3,2105,37,2145,37,2108,0.0,0.0,0.9985768500948766,0.9827264239028944,0.0014231499051233396,1.0,0.9813519813519813,0.4992884250474383,,,-0.004958113369391275,0.4992884250474383,0.022055087607082708
2,logistic_regression,CWE-78,25,210,1832,78,2145,103,2042,0.10638297872340426,0.24271844660194175,0.8971596474045054,0.9591623036649215,0.10284035259549461,0.7572815533980582,0.8657342657342657,0.5699390470032235,0.14792899408284024,0.19319938176197834,0.09575149696789784,0.5712750682274184,0.09620936846972505
2,logistic_regression,CWE-79,26,47,1973,99,2145,125,2020,0.3561643835616438,0.208,0.9767326732673267,0.9522200772200772,0.023267326732673267,0.792,0.931934731934732,0.5923663366336633,0.26262626262626265,0.2268760907504363,0.238681138413387,0.5926336633663366,0.13318718336053084
2,logistic_regression,CWE-798,2,24,2012,107,2145,109,2036,0.07692307692307693,0.01834862385321101,0.9882121807465619,0.9495044832468146,0.011787819253438114,0.981651376146789,0.938927738927739,0.5032804022998865,0.02962962962962963,0.021645021645021644,0.013167613995078943,0.5042446963825453,0.036589979551537734
2,logistic_regression,CWE-80,1,2,2021,121,2145,122,2023,0.3333333333333333,0.00819672131147541,0.9990113692535838,0.9435107376283847,0.0009886307464162135,0.9918032786885246,0.9426573426573427,0.5036040452825296,0.016,0.010183299389002037,0.04467121148896388,0.5036040452825296,0.052476840384514424
2,logistic_regression,CWE-827,20,2123,2,0,2145,20,2125,0.009332711152589827,1.0,0.0009411764705882353,1.0,0.9990588235294118,0.0,0.010256410256410256,0.5004705882352941,0.01849283402681461,0.044984255510571294,0.0029637355050027583,0.5004705882352941,0.0055034457382394965
2,logistic_regression,CWE-829,21,2120,4,0,2145,21,2124,0.009808500700607193,1.0,0.0018832391713747645,1.0,0.9981167608286252,0.0,0.011655011655011656,0.5009416195856874,0.01942645698427382,0.04719101123595506,0.004297877700893813,0.5009416195856874,0.005879442972697362
2,logistic_regression,CWE-88,64,2078,3,0,2145,64,2081,0.029878618113912233,1.0,0.0014416146083613647,1.0,0.9985583853916387,0.0,0.031235431235431235,0.5007208073041807,0.058023572076155945,0.13344453711426188,0.006563036823808499,0.5007208073041807,0.02761574045558297
2,logistic_regression,CWE-89,55,27,2009,54,2145,109,2036,0.6707317073170732,0.5045871559633027,0.9867387033398821,0.9738245273873001,0.013261296660117878,0.4954128440366973,0.9622377622377623,0.7456629296515924,0.5759162303664922,0.5308880308880309,0.5627496298402617,0.747792036913538,0.5108773870092616
2,logistic_regression,CWE-90,0,1,2105,39,2145,39,2106,0.0,0.0,0.9995251661918328,0.9818097014925373,0.0004748338081671415,1.0,0.9813519813519813,0.4997625830959164,,,-0.002938940066077493,0.4997625830959164,0.013679545135095221
2,logistic_regression,CWE-916,4,22,2073,46,2145,50,2095,0.15384615384615385,0.08,0.9894988066825776,0.9782916470033034,0.010501193317422435,0.92,0.9682983682983684,0.5347494033412888,0.10526315789473685,0.08849557522123894,0.09583015953601123,0.5347494033412887,0.03484935349301039
2,logistic_regression,CWE-918,0,4,2117,24,2145,24,2121,0.0,0.0,0.9981140971239981,0.9887902849135918,0.001885902876001886,1.0,0.9869463869463869,0.49905704856199906,,,-0.004597872760377236,0.49905704856199906,0.011180247967676063
2,logistic_regression,CWE-93,0,0,2106,39,2145,39,2106,,0.0,1.0,0.9818181818181818,0.0,1.0,0.9818181818181818,0.5,,,,0.5004748338081672,0.013939744349329928
2,logistic_regression,CWE-939,107,2035,3,0,2145,107,2038,0.049953314659197015,1.0,0.0014720314033366045,1.0,0.9985279685966634,0.0,0.05128205128205128,0.5007360157016683,0.09515340151178302,0.20817120622568094,0.008575129612961705,0.5007360157016683,0.031736378128426966
2,logistic_regression,CWE-94,19,82,1977,67,2145,86,2059,0.18811881188118812,0.22093023255813954,0.9601748421563866,0.9672211350293543,0.0398251578436134,0.7790697674418605,0.9305361305361305,0.5905525373572631,0.20320855614973263,0.21348314606741575,0.1677285088808229,0.5916707139388052,0.10931324199181364
2,logistic_regression,CWE-942,80,2065,0,0,2145,80,2065,0.037296037296037296,1.0,0.0,,1.0,0.0,0.037296037296037296,0.5,0.07191011235955055,0.16227180527383367,,0.5,0.027064629864536376
2,logistic_regression,CWE-95,18,44,2023,60,2145,78,2067,0.2903225806451613,0.23076923076923078,0.9787131107885825,0.971195391262602,0.021286889211417512,0.7692307692307693,0.9515151515151515,0.6047411707789067,0.2571428571428572,0.24064171122994654,0.23405853352246886,0.6051195216652401,0.11306706414033076
2,logistic_regression,CWE-96,2,20,2048,75,2145,77,2068,0.09090909090909091,0.025974025974025976,0.9903288201160542,0.9646726330664155,0.009671179883945842,0.974025974025974,0.9557109557109557,0.50815142304504,0.04040404040404041,0.030303030303030304,0.0301021642310648,0.50815142304504,0.03598951266359659
2,logistic_regression,CWE-99,0,46,2057,42,2145,42,2103,0.0,0.0,0.9781264859724204,0.9799904716531682,0.021873514027579647,1.0,0.958974358974359,0.4890632429862102,,,-0.020920771949898945,0.4890632429862102,0.013989122404538529
2,naive_bayes,CWE-113,0,0,2035,110,2145,110,2035,,0.0,1.0,0.9487179487179487,0.0,1.0,0.9487179487179487,0.5,,,,0.5,0.0425046204438324
2,naive_bayes,CWE-116,0,0,2121,24,2145,24,2121,,0.0,1.0,0.9888111888111888,0.0,1.0,0.9888111888111888,0.5,,,,0.5328461417570328,0.014394263084603634
2,naive_bayes,CWE-117,0,0,2049,96,2145,96,2049,,0.0,1.0,0.9552447552447553,0.0,1.0,0.9552447552447553,0.5,,,,0.5104166666666666,0.06000374083453238
2,naive_bayes,CWE-1333,0,0,2109,36,2145,36,2109,,0.0,1.0,0.9832167832167832,0.0,1.0,0.9832167832167832,0.5,,,,0.5127034929666509,0.03582710150384191
2,naive_bayes,CWE-185,0,0,2135,10,2145,10,2135,,0.0,1.0,0.9953379953379954,0.0,1.0,0.9953379953379954,0.5,,,,0.5,0.006199035726280778
2,naive_bayes,CWE-20,0,0,1973,172,2145,172,1973,,0.0,1.0,0.9198135198135198,0.0,1.0,0.9198135198135198,0.5,,,,0.5569711453458904,0.08653734289764761
2,naive_bayes,CWE-200,5,6,1918,216,2145,221,1924,0.45454545454545453,0.02262443438914027,0.9968814968814969,0.8987816307403936,0.0031185031185031187,0.9773755656108597,0.8965034965034965,0.5097529656353186,0.04310344827586207,0.027932960893854747,0.08301791277573958,0.508990978447992,0.09450293903948116
2,naive_bayes,CWE-208,0,0,2020,125,2145,125,2020,,0.0,1.0,0.9417249417249417,0.0,1.0,0.9417249417249417,0.5,,,,0.5197029702970297,0.06036589212407466
2,naive_bayes,CWE-209,0,0,2012,133,2145,133,2012,,0.0,1.0,0.937995337995338,0.0,1.0,0.937995337995338,0.5,,,,0.5055307254219047,0.057965530725169745
2,naive_bayes,CWE-215,0,0,2033,112,2145,112,2033,,0.0,1.0,0.9477855477855478,0.0,1.0,0.9477855477855478,0.5,,,,0.4937021291546624,0.045836809022536715
2,naive_bayes,CWE-22,3,3,2059,80,2145,83,2062,0.5,0.03614457831325301,0.998545101842871,0.9625993454885461,0.001454898157129001,0.963855421686747,0.9613053613053613,0.517344840078062,0.06741573033707865,0.04437869822485207,0.12667842490112502,0.5691923854486812,0.12083107408360357
2,naive_bayes,CWE-23,0,0,2062,83,2145,83,2062,,0.0,1.0,0.9613053613053613,0.0,1.0,0.9613053613053613,0.5,,,,0.5640447337361083,0.11894224609954446
2,naive_bayes,CWE-259,0,0,2038,107,2145,107,2038,,0.0,1.0,0.9501165501165502,0.0,1.0,0.9501165501165502,0.5,,,,0.5687750497555786,0.06216757333163497
2,naive_bayes,CWE-276,3,2,2092,48,2145,51,2094,0.6,0.058823529411764705,0.9990448901623686,0.9775700934579439,0.0009551098376313276,0.9411764705882353,0.9766899766899767,0.5289342097870666,0.10714285714285714,0.07177033492822966,0.182819770543822,0.5289342097870667,0.05984814962461276
2,naive_bayes,CWE-284,0,0,1732,413,2145,413,1732,,0.0,1.0,0.8074592074592074,0.0,1.0,0.8074592074592074,0.5,,,,0.5,0.12465899484494704
2,naive_bayes,CWE-287,0,0,1914,231,2145,231,1914,,0.0,1.0,0.8923076923076924,0.0,1.0,0.8923076923076924,0.5,,,,0.5095163457232422,0.07989716362799311
2,naive_bayes,CWE-295,0,0,2084,61,2145,61,2084,,0.0,1.0,0.9715617715617716,0.0,1.0,0.9715617715617716,0.5,,,,0.5151938265001101,0.04206094966647751
2,naive_bayes,CWE-312,0,0,2105,40,2145,40,2105,,0.0,1.0,0.9813519813519813,0.0,1.0,0.9813519813519813,0.5,,,,0.5057007125890737,0.011851387257242812
2,naive_bayes,CWE-315,0,0,2113,32,2145,32,2113,,0.0,1.0,0.985081585081585,0.0,1.0,0.985081585081585,0.5,,,,0.4985802176999527,0.009526248935595746
2,naive_bayes,CWE-319,0,0,2069,76,2145,76,2069,,0.0,1.0,0.9645687645687646,0.0,1.0,0.9645687645687646,0.5,,,,0.5234698939228206,0.0317358504327077
2,naive_bayes,CWE-321,0,0,2036,109,2145,109,2036,,0.0,1.0,0.9491841491841492,0.0,1.0,0.9491841491841492,0.5,,,,0.5032804022998865,0.03651513069646068
2,naive_bayes,CWE-326,0,0,2106,39,2145,39,2106,,0.0,1.0,0.9818181818181818,0.0,1.0,0.9818181818181818,0.5,,,,0.5123456790123457,0.02132792823018663
2,naive_bayes,CWE-327,17,21,2082,25,2145,42,2103,0.4473684210526316,0.40476190476190477,0.9900142653352354,0.9881347887992407,0.009985734664764621,0.5952380952380952,0.9785547785547786,0.6973880850485701,0.42500000000000004,0.41262135922330095,0.41463995134373294,0.7885050834408894,0.23259847366162023
2,naive_bayes,CWE-328,0,0,2095,50,2145,50,2095,,0.0,1.0,0.9766899766899767,0.0,1.0,0.9766899766899767,0.5,,,,0.5347494033412887,0.03484935349301039
2,naive_bayes,CWE-330,0,0,2084,61,2145,61,2084,,0.0,1.0,0.9715617715617716,0.0,1.0,0.9715617715617716,0.5,,,,0.6420227494414902,0.1616224687153637
2,naive_bayes,CWE-347,0,0,2113,32,2145,32,2113,,0.0,1.0,0.985081585081585,0.0,1.0,0.985081585081585,0.5,,,,0.5,0.00973827242017727
2,naive_bayes,CWE-352,0,0,2106,39,2145,39,2106,,0.0,1.0,0.9818181818181818,0.0,1.0,0.9818181818181818,0.5,,,,0.5,0.027770947278977297
2,naive_bayes,CWE-359,0,0,2033,112,2145,112,2033,,0.0,1.0,0.9477855477855478,0.0,1.0,0.9477855477855478,0.5,,,,0.5082280760311995,0.04675249739456191
2,naive_bayes,CWE-377,1,2,2127,15,2145,16,2129,0.3333333333333333,0.0625,0.9990605918271489,0.9929971988795518,0.0009394081728511038,0.9375,0.992074592074592,0.5307802959135745,0.10526315789473684,0.07462686567164178,0.14173602468777544,0.7499706434945984,0.10277057646607052
2,naive_bayes,CWE-400,0,0,2067,78,2145,78,2067,,0.0,1.0,0.9636363636363636,0.0,1.0,0.9636363636363636,0.5,,,,0.5182538796472033,0.05202087185151692
2,naive_bayes,CWE-477,0,0,2140,5,2145,5,2140,,0.0,1.0,0.9976689976689976,0.0,1.0,0.9976689976689976,0.5,,,,0.5542056074766355,0.0021605154392184346
2,naive_bayes,CWE-497,0,0,1999,146,2145,146,1999,,0.0,1.0,0.931934731934732,0.0,1.0,0.931934731934732,0.5,,,,0.5025012506253127,0.051958969312071585
2,naive_bayes,CWE-502,8,6,2097,34,2145,42,2103,0.5714285714285714,0.19047619047619047,0.9971469329529244,0.9840450492726419,0.0028530670470756064,0.8095238095238095,0.9813519813519813,0.5938115617145574,0.2857142857142857,0.21978021978021975,0.32283075395389627,0.6406550732513643,0.20678466233334897
2,naive_bayes,CWE-521,0,0,2080,65,2145,65,2080,,0.0,1.0,0.9696969696969697,0.0,1.0,0.9696969696969697,0.5,,,,0.49927884615384616,0.023419231217037477
2,naive_bayes,CWE-522,0,0,2054,91,2145,91,2054,,0.0,1.0,0.9575757575757575,0.0,1.0,0.9575757575757575,0.5,,,,0.5054945054945055,0.041611852894162
2,naive_bayes,CWE-532,0,0,2016,129,2145,129,2016,,0.0,1.0,0.9398601398601398,0.0,1.0,0.9398601398601398,0.5,,,,0.5209890642303433,0.06963889506890597
2,naive_bayes,CWE-601,4,6,2091,44,2145,48,2097,0.4,0.08333333333333333,0.9971387696709585,0.9793911007025761,0.002861230329041488,0.9166666666666666,0.9766899766899767,0.5402360515021459,0.13793103448275862,0.099009900990099,0.17472950447663202,0.55879430933079,0.06857210883836022
2,naive_bayes,CWE-605,0,0,2131,14,2145,14,2131,,0.0,1.0,0.9934731934731935,0.0,1.0,0.9934731934731935,0.5,,,,0.6405108265737078,0.09569024645195248
2,naive_bayes,CWE-611,2,0,2125,18,2145,20,2125,1.0,0.1,1.0,0.9916005599626692,0.0,0.9,0.9916083916083916,0.55,0.18181818181818182,0.12195121951219513,0.3148968974065431,0.7928,0.22680392738693186
2,naive_bayes,CWE-614,1,3,2066,75,2145,76,2069,0.25,0.013157894736842105,0.9985500241662639,0.9649696403549743,0.0014499758337361043,0.9868421052631579,0.9636363636363636,0.505853959451553,0.025,0.016233766233766236,0.05016818828606333,0.528077382920811,0.046722232174395806
2,naive_bayes,CWE-643,0,0,2095,50,2145,50,2095,,0.0,1.0,0.9766899766899767,0.0,1.0,0.9766899766899767,0.5,,,,0.5276133651551312,0.03856588301716791
2,naive_bayes,CWE-668,0,0,1806,339,2145,339,1806,,0.0,1.0,0.8419580419580419,0.0,1.0,0.8419580419580419,0.5,,,,0.5,0.10448004043929064
2,naive_bayes,CWE-706,0,0,2041,104,2145,104,2041,,0.0,1.0,0.9515151515151515,0.0,1.0,0.9515151515151515,0.5,,,,0.5012248897599216,0.05327960998085917
2,naive_bayes,CWE-73,0,0,2022,123,2145,123,2022,,0.0,1.0,0.9426573426573427,0.0,1.0,0.9426573426573427,0.5,,,,0.4984379146462088,0.04532116009392814
2,naive_bayes,CWE-732,3,4,2086,52,2145,55,2090,0.42857142857142855,0.05454545454545454,0.9980861244019139,0.9756782039289055,0.0019138755980861245,0.9454545454545454,0.9738927738927738,0.5263157894736842,0.09677419354838708,0.06607929515418502,0.1458639655548484,0.5263418877772945,0.05794656727618535
2,naive_bayes,CWE-74,8,1,1809,327,2145,335,1810,0.8888888888888888,0.023880597014925373,0.9994475138121547,0.8469101123595506,0.0005524861878453039,0.9761194029850746,0.8470862470862471,0.51166405541354,0.046511627906976744,0.02965159377316531,0.13101450548537907,0.51166405541354,0.188570793388005
2,naive_bayes,CWE-770,0,0,2087,58,2145,58,2087,,0.0,1.0,0.972960372960373,0.0,1.0,0.972960372960373,0.5,,,,0.5,0.03928664390192051
2,naive_bayes,CWE-776,0,0,2108,37,2145,37,2108,,0.0,1.0,0.9827505827505828,0.0,1.0,0.9827505827505828,0.5,,,,0.4992884250474383,0.022055087607082708
2,naive_bayes,CWE-78,2,14,2028,101,2145,103,2042,0.125,0.019417475728155338,0.9931439764936337,0.9525598872710193,0.0068560235063663075,0.9805825242718447,0.9463869463869464,0.5062807261108946,0.03361344537815126,0.023364485981308407,0.03121321544285772,0.5709089698848454,0.09052460490733326
2,naive_bayes,CWE-79,13,21,1999,112,2145,125,2020,0.38235294117647056,0.104,0.9896039603960396,0.9469445760303173,0.010396039603960397,0.896,0.937995337995338,0.5468019801980198,0.16352201257861634,0.12172284644194754,0.17556637422678167,0.5923247524752475,0.12923827054990894
2,naive_bayes,CWE-798,0,0,2036,109,2145,109,2036,,0.0,1.0,0.9491841491841492,0.0,1.0,0.9491841491841492,0.5,,,,0.5042446963825453,0.036589979551537734
2,naive_bayes,CWE-80,0,0,2023,122,2145,122,2023,,0.0,1.0,0.9431235431235431,0.0,1.0,0.9431235431235431,0.5,,,,0.5036040452825296,0.052476840384514424
2,naive_bayes,CWE-827,0,0,2125,20,2145,20,2125,,0.0,1.0,0.9906759906759907,0.0,1.0,0.9906759906759907,0.5,,,,0.5,0.005497607002860042
2,naive_bayes,CWE-829,0,0,2124,21,2145,21,2124,,0.0,1.0,0.9902097902097902,0.0,1.0,0.9902097902097902,0.5,,,,0.5009416195856874,0.005879442972697362
2,naive_bayes,CWE-88,0,0,2081,64,2145,64,2081,,0.0,1.0,0.9701631701631701,0.0,1.0,0.9701631701631701,0.5,,,,0.5007208073041807,0.02761574045558297
2,naive_bayes,CWE-89,43,23,2013,66,2145,109,2036,0.6515151515151515,0.3944954128440367,0.9887033398821218,0.9682539682539683,0.011296660117878193,0.6055045871559633,0.9585081585081585,0.6915993763630792,0.4914285714285715,0.42828685258964144,0.4873343345935271,0.743930354535787,0.31660816874238296
2,naive_bayes,CWE-90,0,0,2106,39,2145,39,2106,,0.0,1.0,0.9818181818181818,0.0,1.0,0.9818181818181818,0.5,,,,0.4997625830959164,0.013679545135095221
2,naive_bayes,CWE-916,0,0,2095,50,2145,50,2095,,0.0,1.0,0.9766899766899767,0.0,1.0,0.9766899766899767,0.5,,,,0.5347494033412887,0.03484935349301039
2,naive_bayes,CWE-918,0,2,2119,24,2145,24,2121,0.0,0.0,0.9990570485619991,0.9888007466168922,0.000942951438000943,1.0,0.9878787878787879,0.49952852428099953,,,-0.003249669534297052,0.49905704856199906,0.011180247967676063
2,naive_bayes,CWE-93,0,0,2106,39,2145,39,2106,,0.0,1.0,0.9818181818181818,0.0,1.0,0.9818181818181818,0.5,,,,0.5,0.013927249201849925
2,naive_bayes,CWE-939,0,0,2038,107,2145,107,2038,,0.0,1.0,0.9501165501165502,0.0,1.0,0.9501165501165502,0.5,,,,0.5007360157016683,0.031736378128426966
2,naive_bayes,CWE-94,4,3,2056,82,2145,86,2059,0.5714285714285714,0.046511627906976744,0.9985429820301117,0.961646398503274,0.0014570179698882952,0.9534883720930233,0.9603729603729604,0.5225273049685443,0.08602150537634408,0.056980056980056974,0.15497575564424407,0.5916707139388052,0.10931324199181364
2,naive_bayes,CWE-942,0,0,2065,80,2145,80,2065,,0.0,1.0,0.9627039627039627,0.0,1.0,0.9627039627039627,0.5,,,,0.5,0.027064629864536376
2,naive_bayes,CWE-95,8,12,2055,70,2145,78,2067,0.4,0.10256410256410256,0.9941944847605225,0.9670588235294117,0.005805515239477504,0.8974358974358975,0.9617715617715618,0.5483792936623125,0.163265306122449,0.12048192771084336,0.18845713897261818,0.6050574969297756,0.11194106235423337
2,naive_bayes,CWE-96,0,0,2068,77,2145,77,2068,,0.0,1.0,0.9641025641025641,0.0,1.0,0.9641025641025641,0.5,,,,0.50815142304504,0.03598951266359659
2,naive_bayes,CWE-99,0,0,2103,42,2145,42,2103,,0.0,1.0,0.9804195804195804,0.0,1.0,0.9804195804195804,0.5,,,,0.4890632429862102,0.013989122404538529
2,traditional_2_of_5,CWE-113,0,0,2035,110,2145,110,2035,,0.0,1.0,0.9487179487179487,0.0,1.0,0.9487179487179487,0.5,,,,0.5,0.0425046204438324
2,traditional_2_of_5,CWE-116,0,0,2121,24,2145,24,2121,,0.0,1.0,0.9888111888111888,0.0,1.0,0.9888111888111888,0.5,,,,0.5305869872701556,0.013273685922195235
2,traditional_2_of_5,CWE-117,0,0,2049,96,2145,96,2049,,0.0,1.0,0.9552447552447553,0.0,1.0,0.9552447552447553,0.5,,,,0.5104166666666666,0.06000374083453238
2,traditional_2_of_5,CWE-1333,0,0,2109,36,2145,36,2109,,0.0,1.0,0.9832167832167832,0.0,1.0,0.9832167832167832,0.5,,,,0.5127034929666509,0.03582710150384191
2,traditional_2_of_5,CWE-185,0,0,2135,10,2145,10,2135,,0.0,1.0,0.9953379953379954,0.0,1.0,0.9953379953379954,0.5,,,,0.5,0.006199035726280778
2,traditional_2_of_5,CWE-20,0,24,1949,172,2145,172,1973,0.0,0.0,0.9878357830714648,0.918906176331919,0.012164216928535226,1.0,0.9086247086247087,0.4939178915357324,,,-0.031407687954749595,0.47658948125272577,0.06002325405087633
2,traditional_2_of_5,CWE-200,5,6,1918,216,2145,221,1924,0.45454545454545453,0.02262443438914027,0.9968814968814969,0.8987816307403936,0.0031185031185031187,0.9773755656108597,0.8965034965034965,0.5097529656353186,0.04310344827586207,0.027932960893854747,0.08301791277573958,0.508990978447992,0.09450293903948116
2,traditional_2_of_5,CWE-208,0,0,2020,125,2145,125,2020,,0.0,1.0,0.9417249417249417,0.0,1.0,0.9417249417249417,0.5,,,,0.5197029702970297,0.06036589212407466
2,traditional_2_of_5,CWE-209,0,0,2012,133,2145,133,2012,,0.0,1.0,0.937995337995338,0.0,1.0,0.937995337995338,0.5,,,,0.5055307254219047,0.057965530725169745
2,traditional_2_of_5,CWE-215,0,0,2033,112,2145,112,2033,,0.0,1.0,0.9477855477855478,0.0,1.0,0.9477855477855478,0.5,,,,0.5062978708453376,0.046139390291510256
2,traditional_2_of_5,CWE-22,3,3,2059,80,2145,83,2062,0.5,0.03614457831325301,0.998545101842871,0.9625993454885461,0.001454898157129001,0.963855421686747,0.9613053613053613,0.517344840078062,0.06741573033707865,0.04437869822485207,0.12667842490112502,0.5693180091851402,0.12614009958099384
2,traditional_2_of_5,CWE-23,0,0,2062,83,2145,83,2062,,0.0,1.0,0.9613053613053613,0.0,1.0,0.9613053613053613,0.5,,,,0.5640447337361083,0.11894224609954446
2,traditional_2_of_5,CWE-259,1,19,2019,106,2145,107,2038,0.05,0.009345794392523364,0.9906771344455348,0.9501176470588235,0.009322865554465163,0.9906542056074766,0.9417249417249417,0.5000114644190291,0.01574803149606299,0.011160714285714284,5.193756212789099e-05,0.5687796355231902,0.061995202753339695
2,traditional_2_of_5,CWE-276,0,0,2094,51,2145,51,2094,,0.0,1.0,0.9762237762237762,0.0,1.0,0.9762237762237762,0.5,,,,0.5289342097870667,0.05984814962461276
2,traditional_2_of_5,CWE-284,0,0,1732,413,2145,413,1732,,0.0,1.0,0.8074592074592074,0.0,1.0,0.8074592074592074,0.5,,,,0.49971131639722866,0.12459455289457419
2,traditional_2_of_5,CWE-287,0,0,1914,231,2145,231,1914,,0.0,1.0,0.8923076923076924,0.0,1.0,0.8923076923076924,0.5,,,,0.5095163457232422,0.07989716362799311
2,traditional_2_of_5,CWE-295,2,5,2079,59,2145,61,2084,0.2857142857142857,0.03278688524590164,0.9976007677543186,0.9724041159962582,0.0023992322456813818,0.9672131147540983,0.9701631701631701,0.5151938265001101,0.05882352941176471,0.0398406374501992,0.08856417122150168,0.5151898933324942,0.04206094966647751
2,traditional_2_of_5,CWE-312,0,0,2105,40,2145,40,2105,,0.0,1.0,0.9813519813519813,0.0,1.0,0.9813519813519813,0.5,,,,0.4942992874109264,0.011615500865753482
2,traditional_2_of_5,CWE-315,0,0,2113,32,2145,32,2113,,0.0,1.0,0.985081585081585,0.0,1.0,0.985081585081585,0.5,,,,0.4985802176999527,0.009526248935595746
2,traditional_2_of_5,CWE-319,0,0,2069,76,2145,76,2069,,0.0,1.0,0.9645687645687646,0.0,1.0,0.9645687645687646,0.5,,,,0.5234698939228206,0.0317358504327077
2,traditional_2_of_5,CWE-321,0,0,2036,109,2145,109,2036,,0.0,1.0,0.9491841491841492,0.0,1.0,0.9491841491841492,0.5,,,,0.5032804022998865,0.03651513069646068
2,traditional_2_of_5,CWE-326,0,0,2106,39,2145,39,2106,,0.0,1.0,0.9818181818181818,0.0,1.0,0.9818181818181818,0.5,,,,0.5123456790123457,0.02132792823018663
2,traditional_2_of_5,CWE-327,17,21,2082,25,2145,42,2103,0.4473684210526316,0.40476190476190477,0.9900142653352354,0.9881347887992407,0.009985734664764621,0.5952380952380952,0.9785547785547786,0.6973880850485701,0.42500000000000004,0.41262135922330095,0.41463995134373294,0.7879050336254331,0.22279574087134185
2,traditional_2_of_5,CWE-328,0,0,2095,50,2145,50,2095,,0.0,1.0,0.9766899766899767,0.0,1.0,0.9766899766899767,0.5,,,,0.5347494033412887,0.03484935349301039
2,traditional_2_of_5,CWE-330,0,0,2084,61,2145,61,2084,,0.0,1.0,0.9715617715617716,0.0,1.0,0.9715617715617716,0.5,,,,0.6420227494414902,0.1616224687153637
2,traditional_2_of_5,CWE-347,0,0,2113,32,2145,32,2113,,0.0,1.0,0.985081585081585,0.0,1.0,0.985081585081585,0.5,,,,0.5,0.00973827242017727
2,traditional_2_of_5,CWE-352,0,0,2106,39,2145,39,2106,,0.0,1.0,0.9818181818181818,0.0,1.0,0.9818181818181818,0.5,,,,0.4997625830959164,0.026768592780548647
2,traditional_2_of_5,CWE-359,0,0,2033,112,2145,112,2033,,0.0,1.0,0.9477855477855478,0.0,1.0,0.9477855477855478,0.5,,,,0.5082280760311995,0.04675249739456191
2,traditional_2_of_5,CWE-377,3,11,2118,13,2145,16,2129,0.21428571428571427,0.1875,0.994833255049319,0.993899577663069,0.005166744950681071,0.8125,0.9888111888111888,0.5911666275246594,0.19999999999999998,0.1923076923076923,0.1948309573307446,0.7505284170972287,0.10319568987490399
2,traditional_2_of_5,CWE-400,0,0,2067,78,2145,78,2067,,0.0,1.0,0.9636363636363636,0.0,1.0,0.9636363636363636,0.5,,,,0.5181422351233672,0.05056704241602392
2,traditional_2_of_5,CWE-477,0,0,2140,5,2145,5,2140,,0.0,1.0,0.9976689976689976,0.0,1.0,0.9976689976689976,0.5,,,,0.4457943925233645,0.0018493101897389542
2,traditional_2_of_5,CWE-497,0,0,1999,146,2145,146,1999,,0.0,1.0,0.931934731934732,0.0,1.0,0.931934731934732,0.5,,,,0.49749874937468735,0.04802846148742899
2,traditional_2_of_5,CWE-502,8,6,2097,34,2145,42,2103,0.5714285714285714,0.19047619047619047,0.9971469329529244,0.9840450492726419,0.0028530670470756064,0.8095238095238095,0.9813519813519813,0.5938115617145574,0.2857142857142857,0.21978021978021975,0.32283075395389627,0.6405475171523674,0.1781055928648058
2,traditional_2_of_5,CWE-521,0,0,2080,65,2145,65,2080,,0.0,1.0,0.9696969696969697,0.0,1.0,0.9696969696969697,0.5,,,,0.49927884615384616,0.023419231217037477
2,traditional_2_of_5,CWE-522,0,0,2054,91,2145,91,2054,,0.0,1.0,0.9575757575757575,0.0,1.0,0.9575757575757575,0.5,,,,0.5054945054945055,0.041611852894162
2,traditional_2_of_5,CWE-532,0,0,2016,129,2145,129,2016,,0.0,1.0,0.9398601398601398,0.0,1.0,0.9398601398601398,0.5,,,,0.5195355758582503,0.06502267949716962
2,traditional_2_of_5,CWE-601,4,6,2091,44,2145,48,2097,0.4,0.08333333333333333,0.9971387696709585,0.9793911007025761,0.002861230329041488,0.9166666666666666,0.9766899766899767,0.5402360515021459,0.13793103448275862,0.099009900990099,0.17472950447663202,0.5588241138133841,0.06890105620678127
2,traditional_2_of_5,CWE-605,0,0,2131,14,2145,14,2131,,0.0,1.0,0.9934731934731935,0.0,1.0,0.9934731934731935,0.5,,,,0.6405108265737078,0.09569024645195248
2,traditional_2_of_5,CWE-611,2,0,2125,18,2145,20,2125,1.0,0.1,1.0,0.9916005599626692,0.0,0.9,0.9916083916083916,0.55,0.18181818181818182,0.12195121951219513,0.3148968974065431,0.7928,0.22680392738693186
2,traditional_2_of_5,CWE-614,1,3,2066,75,2145,76,2069,0.25,0.013157894736842105,0.9985500241662639,0.9649696403549743,0.0014499758337361043,0.9868421052631579,0.9636363636363636,0.505853959451553,0.025,0.016233766233766236,0.05016818828606333,0.528077382920811,0.046722232174395806
2,traditional_2_of_5,CWE-643,0,0,2095,50,2145,50,2095,,0.0,1.0,0.9766899766899767,0.0,1.0,0.9766899766899767,0.5,,,,0.5276133651551312,0.03856588301716791
2,traditional_2_of_5,CWE-668,0,0,1806,339,2145,339,1806,,0.0,1.0,0.8419580419580419,0.0,1.0,0.8419580419580419,0.5,,,,0.5,0.10448004043929064
2,traditional_2_of_5,CWE-706,0,0,2041,104,2145,104,2041,,0.0,1.0,0.9515151515151515,0.0,1.0,0.9515151515151515,0.5,,,,0.49877511024007837,0.05265671559462321
2,traditional_2_of_5,CWE-73,0,0,2022,123,2145,123,2022,,0.0,1.0,0.9426573426573427,0.0,1.0,0.9426573426573427,0.5,,,,0.5015620853537912,0.04664720134773185
2,traditional_2_of_5,CWE-732,3,2,2088,52,2145,55,2090,0.6,0.05454545454545454,0.999043062200957,0.9757009345794393,0.0009569377990430622,0.9454545454545454,0.9748251748251748,0.5267942583732057,0.09999999999999999,0.06666666666666667,0.17564441116538557,0.5263418877772945,0.05794656727618535
2,traditional_2_of_5,CWE-74,0,0,1810,335,2145,335,1810,,0.0,1.0,0.8438228438228438,0.0,1.0,0.8438228438228438,0.5,,,,0.51166405541354,0.188570793388005
2,traditional_2_of_5,CWE-770,0,0,2087,58,2145,58,2087,,0.0,1.0,0.972960372960373,0.0,1.0,0.972960372960373,0.5,,,,0.49952084331576424,0.03901678229425722
2,traditional_2_of_5,CWE-776,0,0,2108,37,2145,37,2108,,0.0,1.0,0.9827505827505828,0.0,1.0,0.9827505827505828,0.5,,,,0.4992884250474383,0.022055087607082708
2,traditional_2_of_5,CWE-78,2,14,2028,101,2145,103,2042,0.125,0.019417475728155338,0.9931439764936337,0.9525598872710193,0.0068560235063663075,0.9805825242718447,0.9463869463869464,0.5062807261108946,0.03361344537815126,0.023364485981308407,0.03121321544285772,0.5700769281971796,0.08850173831728937
2,traditional_2_of_5,CWE-79,13,21,1999,112,2145,125,2020,0.38235294117647056,0.104,0.9896039603960396,0.9469445760303173,0.010396039603960397,0.896,0.937995337995338,0.5468019801980198,0.16352201257861634,0.12172284644194754,0.17556637422678167,0.5924950495049505,0.13277740876760993
2,traditional_2_of_5,CWE-798,0,0,2036,109,2145,109,2036,,0.0,1.0,0.9491841491841492,0.0,1.0,0.9491841491841492,0.5,,,,0.5022980840287666,0.03627290280825259
2,traditional_2_of_5,CWE-80,0,0,2023,122,2145,122,2023,,0.0,1.0,0.9431235431235431,0.0,1.0,0.9431235431235431,0.5,,,,0.5036040452825296,0.052476840384514424
2,traditional_2_of_5,CWE-827,0,0,2125,20,2145,20,2125,,0.0,1.0,0.9906759906759907,0.0,1.0,0.9906759906759907,0.5,,,,0.4995294117647059,0.005497607002860042
2,traditional_2_of_5,CWE-829,0,0,2124,21,2145,21,2124,,0.0,1.0,0.9902097902097902,0.0,1.0,0.9902097902097902,0.5,,,,0.4990583804143126,0.005866743232091712
2,traditional_2_of_5,CWE-88,0,0,2081,64,2145,64,2081,,0.0,1.0,0.9701631701631701,0.0,1.0,0.9701631701631701,0.5,,,,0.49927919269581933,0.02747886715520565
2,traditional_2_of_5,CWE-89,43,23,2013,66,2145,109,2036,0.6515151515151515,0.3944954128440367,0.9887033398821218,0.9682539682539683,0.011296660117878193,0.6055045871559633,0.9585081585081585,0.6915993763630792,0.4914285714285715,0.42828685258964144,0.4873343345935271,0.7439573908184784,0.31699691209599706
2,traditional_2_of_5,CWE-90,0,0,2106,39,2145,39,2106,,0.0,1.0,0.9818181818181818,0.0,1.0,0.9818181818181818,0.5,,,,0.4997625830959164,0.013679545135095221
2,traditional_2_of_5,CWE-916,0,0,2095,50,2145,50,2095,,0.0,1.0,0.9766899766899767,0.0,1.0,0.9766899766899767,0.5,,,,0.5347494033412887,0.03484935349301039
2,traditional_2_of_5,CWE-918,0,2,2119,24,2145,24,2121,0.0,0.0,0.9990570485619991,0.9888007466168922,0.000942951438000943,1.0,0.9878787878787879,0.49952852428099953,,,-0.003249669534297052,0.49905704856199906,0.011180247967676063
2,traditional_2_of_5,CWE-93,0,0,2106,39,2145,39,2106,,0.0,1.0,0.9818181818181818,0.0,1.0,0.9818181818181818,0.5,,,,0.49952516619183285,0.013901404552295995
2,traditional_2_of_5,CWE-939,0,0,2038,107,2145,107,2038,,0.0,1.0,0.9501165501165502,0.0,1.0,0.9501165501165502,0.5,,,,0.4992639842983317,0.03162204244669331
2,traditional_2_of_5,CWE-94,4,4,2055,82,2145,86,2059,0.5,0.046511627906976744,0.9980573093734822,0.9616284510996724,0.001942690626517727,0.9534883720930233,0.9599067599067599,0.5222844686402295,0.0851063829787234,0.056818181818181816,0.14343740615312572,0.591252809559845,0.10622104159524211
2,traditional_2_of_5,CWE-942,0,0,2065,80,2145,80,2065,,0.0,1.0,0.9627039627039627,0.0,1.0,0.9627039627039627,0.5,,,,0.5,0.027064629864536376
2,traditional_2_of_5,CWE-95,8,12,2055,70,2145,78,2067,0.4,0.10256410256410256,0.9941944847605225,0.9670588235294117,0.005805515239477504,0.8974358974358975,0.9617715617715618,0.5483792936623125,0.163265306122449,0.12048192771084336,0.18845713897261818,0.6051629389800652,0.11068618063376459
2,traditional_2_of_5,CWE-96,0,0,2068,77,2145,77,2068,,0.0,1.0,0.9641025641025641,0.0,1.0,0.9641025641025641,0.5,,,,0.50815142304504,0.03598951266359659
2,traditional_2_of_5,CWE-99,0,0,2103,42,2145,42,2103,,0.0,1.0,0.9804195804195804,0.0,1.0,0.9804195804195804,0.5,,,,0.4890632429862102,0.013989122404538529
2,traditional_2_of_supported,CWE-113,0,0,2035,110,2145,110,2035,,0.0,1.0,0.9487179487179487,0.0,1.0,0.9487179487179487,0.5,,,,0.5,0.0425046204438324
2,traditional_2_of_supported,CWE-116,0,0,2121,24,2145,24,2121,,0.0,1.0,0.9888111888111888,0.0,1.0,0.9888111888111888,0.5,,,,0.5305869872701556,0.013273685922195235
2,traditional_2_of_supported,CWE-117,0,0,2049,96,2145,96,2049,,0.0,1.0,0.9552447552447553,0.0,1.0,0.9552447552447553,0.5,,,,0.5104166666666666,0.06000374083453238
2,traditional_2_of_supported,CWE-1333,0,0,2109,36,2145,36,2109,,0.0,1.0,0.9832167832167832,0.0,1.0,0.9832167832167832,0.5,,,,0.5127034929666509,0.03582710150384191
2,traditional_2_of_supported,CWE-185,0,0,2135,10,2145,10,2135,,0.0,1.0,0.9953379953379954,0.0,1.0,0.9953379953379954,0.5,,,,0.5,0.006199035726280778
2,traditional_2_of_supported,CWE-20,0,24,1949,172,2145,172,1973,0.0,0.0,0.9878357830714648,0.918906176331919,0.012164216928535226,1.0,0.9086247086247087,0.4939178915357324,,,-0.031407687954749595,0.47658948125272577,0.06002325405087633
2,traditional_2_of_supported,CWE-200,5,6,1918,216,2145,221,1924,0.45454545454545453,0.02262443438914027,0.9968814968814969,0.8987816307403936,0.0031185031185031187,0.9773755656108597,0.8965034965034965,0.5097529656353186,0.04310344827586207,0.027932960893854747,0.08301791277573958,0.508990978447992,0.09450293903948116
2,traditional_2_of_supported,CWE-208,0,0,2020,125,2145,125,2020,,0.0,1.0,0.9417249417249417,0.0,1.0,0.9417249417249417,0.5,,,,0.5197029702970297,0.06036589212407466
2,traditional_2_of_supported,CWE-209,0,0,2012,133,2145,133,2012,,0.0,1.0,0.937995337995338,0.0,1.0,0.937995337995338,0.5,,,,0.5055307254219047,0.057965530725169745
2,traditional_2_of_supported,CWE-215,0,0,2033,112,2145,112,2033,,0.0,1.0,0.9477855477855478,0.0,1.0,0.9477855477855478,0.5,,,,0.5062978708453376,0.046139390291510256
2,traditional_2_of_supported,CWE-22,3,3,2059,80,2145,83,2062,0.5,0.03614457831325301,0.998545101842871,0.9625993454885461,0.001454898157129001,0.963855421686747,0.9613053613053613,0.517344840078062,0.06741573033707865,0.04437869822485207,0.12667842490112502,0.5693180091851402,0.12614009958099384
2,traditional_2_of_supported,CWE-23,0,0,2062,83,2145,83,2062,,0.0,1.0,0.9613053613053613,0.0,1.0,0.9613053613053613,0.5,,,,0.5640447337361083,0.11894224609954446
2,traditional_2_of_supported,CWE-259,1,19,2019,106,2145,107,2038,0.05,0.009345794392523364,0.9906771344455348,0.9501176470588235,0.009322865554465163,0.9906542056074766,0.9417249417249417,0.5000114644190291,0.01574803149606299,0.011160714285714284,5.193756212789099e-05,0.5687796355231902,0.061995202753339695
2,traditional_2_of_supported,CWE-276,0,0,2094,51,2145,51,2094,,0.0,1.0,0.9762237762237762,0.0,1.0,0.9762237762237762,0.5,,,,0.5289342097870667,0.05984814962461276
2,traditional_2_of_supported,CWE-284,0,0,1732,413,2145,413,1732,,0.0,1.0,0.8074592074592074,0.0,1.0,0.8074592074592074,0.5,,,,0.49971131639722866,0.12459455289457419
2,traditional_2_of_supported,CWE-287,0,0,1914,231,2145,231,1914,,0.0,1.0,0.8923076923076924,0.0,1.0,0.8923076923076924,0.5,,,,0.5095163457232422,0.07989716362799311
2,traditional_2_of_supported,CWE-295,2,5,2079,59,2145,61,2084,0.2857142857142857,0.03278688524590164,0.9976007677543186,0.9724041159962582,0.0023992322456813818,0.9672131147540983,0.9701631701631701,0.5151938265001101,0.05882352941176471,0.0398406374501992,0.08856417122150168,0.5151898933324942,0.04206094966647751
2,traditional_2_of_supported,CWE-312,0,0,2105,40,2145,40,2105,,0.0,1.0,0.9813519813519813,0.0,1.0,0.9813519813519813,0.5,,,,0.4942992874109264,0.011615500865753482
2,traditional_2_of_supported,CWE-315,0,0,2113,32,2145,32,2113,,0.0,1.0,0.985081585081585,0.0,1.0,0.985081585081585,0.5,,,,0.4985802176999527,0.009526248935595746
2,traditional_2_of_supported,CWE-319,0,0,2069,76,2145,76,2069,,0.0,1.0,0.9645687645687646,0.0,1.0,0.9645687645687646,0.5,,,,0.5234698939228206,0.0317358504327077
2,traditional_2_of_supported,CWE-321,0,0,2036,109,2145,109,2036,,0.0,1.0,0.9491841491841492,0.0,1.0,0.9491841491841492,0.5,,,,0.5032804022998865,0.03651513069646068
2,traditional_2_of_supported,CWE-326,0,0,2106,39,2145,39,2106,,0.0,1.0,0.9818181818181818,0.0,1.0,0.9818181818181818,0.5,,,,0.5123456790123457,0.02132792823018663
2,traditional_2_of_supported,CWE-327,17,21,2082,25,2145,42,2103,0.4473684210526316,0.40476190476190477,0.9900142653352354,0.9881347887992407,0.009985734664764621,0.5952380952380952,0.9785547785547786,0.6973880850485701,0.42500000000000004,0.41262135922330095,0.41463995134373294,0.7879050336254331,0.22279574087134185
2,traditional_2_of_supported,CWE-328,0,0,2095,50,2145,50,2095,,0.0,1.0,0.9766899766899767,0.0,1.0,0.9766899766899767,0.5,,,,0.5347494033412887,0.03484935349301039
2,traditional_2_of_supported,CWE-330,0,0,2084,61,2145,61,2084,,0.0,1.0,0.9715617715617716,0.0,1.0,0.9715617715617716,0.5,,,,0.6420227494414902,0.1616224687153637
2,traditional_2_of_supported,CWE-347,0,0,2113,32,2145,32,2113,,0.0,1.0,0.985081585081585,0.0,1.0,0.985081585081585,0.5,,,,0.5,0.00973827242017727
2,traditional_2_of_supported,CWE-352,0,0,2106,39,2145,39,2106,,0.0,1.0,0.9818181818181818,0.0,1.0,0.9818181818181818,0.5,,,,0.4997625830959164,0.026768592780548647
2,traditional_2_of_supported,CWE-359,0,0,2033,112,2145,112,2033,,0.0,1.0,0.9477855477855478,0.0,1.0,0.9477855477855478,0.5,,,,0.5082280760311995,0.04675249739456191
2,traditional_2_of_supported,CWE-377,3,11,2118,13,2145,16,2129,0.21428571428571427,0.1875,0.994833255049319,0.993899577663069,0.005166744950681071,0.8125,0.9888111888111888,0.5911666275246594,0.19999999999999998,0.1923076923076923,0.1948309573307446,0.7505284170972287,0.10319568987490399
2,traditional_2_of_supported,CWE-400,0,0,2067,78,2145,78,2067,,0.0,1.0,0.9636363636363636,0.0,1.0,0.9636363636363636,0.5,,,,0.5181422351233672,0.05056704241602392
2,traditional_2_of_supported,CWE-477,0,0,2140,5,2145,5,2140,,0.0,1.0,0.9976689976689976,0.0,1.0,0.9976689976689976,0.5,,,,0.4457943925233645,0.0018493101897389542
2,traditional_2_of_supported,CWE-497,0,0,1999,146,2145,146,1999,,0.0,1.0,0.931934731934732,0.0,1.0,0.931934731934732,0.5,,,,0.49749874937468735,0.04802846148742899
2,traditional_2_of_supported,CWE-502,8,6,2097,34,2145,42,2103,0.5714285714285714,0.19047619047619047,0.9971469329529244,0.9840450492726419,0.0028530670470756064,0.8095238095238095,0.9813519813519813,0.5938115617145574,0.2857142857142857,0.21978021978021975,0.32283075395389627,0.6405475171523674,0.1781055928648058
2,traditional_2_of_supported,CWE-521,0,0,2080,65,2145,65,2080,,0.0,1.0,0.9696969696969697,0.0,1.0,0.9696969696969697,0.5,,,,0.49927884615384616,0.023419231217037477
2,traditional_2_of_supported,CWE-522,0,0,2054,91,2145,91,2054,,0.0,1.0,0.9575757575757575,0.0,1.0,0.9575757575757575,0.5,,,,0.5054945054945055,0.041611852894162
2,traditional_2_of_supported,CWE-532,0,0,2016,129,2145,129,2016,,0.0,1.0,0.9398601398601398,0.0,1.0,0.9398601398601398,0.5,,,,0.5195355758582503,0.06502267949716962
2,traditional_2_of_supported,CWE-601,4,6,2091,44,2145,48,2097,0.4,0.08333333333333333,0.9971387696709585,0.9793911007025761,0.002861230329041488,0.9166666666666666,0.9766899766899767,0.5402360515021459,0.13793103448275862,0.099009900990099,0.17472950447663202,0.5588241138133841,0.06890105620678127
2,traditional_2_of_supported,CWE-605,0,0,2131,14,2145,14,2131,,0.0,1.0,0.9934731934731935,0.0,1.0,0.9934731934731935,0.5,,,,0.6405108265737078,0.09569024645195248
2,traditional_2_of_supported,CWE-611,2,0,2125,18,2145,20,2125,1.0,0.1,1.0,0.9916005599626692,0.0,0.9,0.9916083916083916,0.55,0.18181818181818182,0.12195121951219513,0.3148968974065431,0.7928,0.22680392738693186
2,traditional_2_of_supported,CWE-614,1,3,2066,75,2145,76,2069,0.25,0.013157894736842105,0.9985500241662639,0.9649696403549743,0.0014499758337361043,0.9868421052631579,0.9636363636363636,0.505853959451553,0.025,0.016233766233766236,0.05016818828606333,0.528077382920811,0.046722232174395806
2,traditional_2_of_supported,CWE-643,0,0,2095,50,2145,50,2095,,0.0,1.0,0.9766899766899767,0.0,1.0,0.9766899766899767,0.5,,,,0.5276133651551312,0.03856588301716791
2,traditional_2_of_supported,CWE-668,0,0,1806,339,2145,339,1806,,0.0,1.0,0.8419580419580419,0.0,1.0,0.8419580419580419,0.5,,,,0.5,0.10448004043929064
2,traditional_2_of_supported,CWE-706,0,0,2041,104,2145,104,2041,,0.0,1.0,0.9515151515151515,0.0,1.0,0.9515151515151515,0.5,,,,0.49877511024007837,0.05265671559462321
2,traditional_2_of_supported,CWE-73,0,0,2022,123,2145,123,2022,,0.0,1.0,0.9426573426573427,0.0,1.0,0.9426573426573427,0.5,,,,0.5015620853537912,0.04664720134773185
2,traditional_2_of_supported,CWE-732,3,2,2088,52,2145,55,2090,0.6,0.05454545454545454,0.999043062200957,0.9757009345794393,0.0009569377990430622,0.9454545454545454,0.9748251748251748,0.5267942583732057,0.09999999999999999,0.06666666666666667,0.17564441116538557,0.5263418877772945,0.05794656727618535
2,traditional_2_of_supported,CWE-74,0,0,1810,335,2145,335,1810,,0.0,1.0,0.8438228438228438,0.0,1.0,0.8438228438228438,0.5,,,,0.51166405541354,0.188570793388005
2,traditional_2_of_supported,CWE-770,0,0,2087,58,2145,58,2087,,0.0,1.0,0.972960372960373,0.0,1.0,0.972960372960373,0.5,,,,0.49952084331576424,0.03901678229425722
2,traditional_2_of_supported,CWE-776,0,0,2108,37,2145,37,2108,,0.0,1.0,0.9827505827505828,0.0,1.0,0.9827505827505828,0.5,,,,0.4992884250474383,0.022055087607082708
2,traditional_2_of_supported,CWE-78,2,14,2028,101,2145,103,2042,0.125,0.019417475728155338,0.9931439764936337,0.9525598872710193,0.0068560235063663075,0.9805825242718447,0.9463869463869464,0.5062807261108946,0.03361344537815126,0.023364485981308407,0.03121321544285772,0.5700769281971796,0.08850173831728937
2,traditional_2_of_supported,CWE-79,13,21,1999,112,2145,125,2020,0.38235294117647056,0.104,0.9896039603960396,0.9469445760303173,0.010396039603960397,0.896,0.937995337995338,0.5468019801980198,0.16352201257861634,0.12172284644194754,0.17556637422678167,0.5924950495049505,0.13277740876760993
2,traditional_2_of_supported,CWE-798,0,0,2036,109,2145,109,2036,,0.0,1.0,0.9491841491841492,0.0,1.0,0.9491841491841492,0.5,,,,0.5022980840287666,0.03627290280825259
2,traditional_2_of_supported,CWE-80,0,0,2023,122,2145,122,2023,,0.0,1.0,0.9431235431235431,0.0,1.0,0.9431235431235431,0.5,,,,0.5036040452825296,0.052476840384514424
2,traditional_2_of_supported,CWE-827,0,0,2125,20,2145,20,2125,,0.0,1.0,0.9906759906759907,0.0,1.0,0.9906759906759907,0.5,,,,0.4995294117647059,0.005497607002860042
2,traditional_2_of_supported,CWE-829,0,0,2124,21,2145,21,2124,,0.0,1.0,0.9902097902097902,0.0,1.0,0.9902097902097902,0.5,,,,0.4990583804143126,0.005866743232091712
2,traditional_2_of_supported,CWE-88,0,0,2081,64,2145,64,2081,,0.0,1.0,0.9701631701631701,0.0,1.0,0.9701631701631701,0.5,,,,0.49927919269581933,0.02747886715520565
2,traditional_2_of_supported,CWE-89,43,23,2013,66,2145,109,2036,0.6515151515151515,0.3944954128440367,0.9887033398821218,0.9682539682539683,0.011296660117878193,0.6055045871559633,0.9585081585081585,0.6915993763630792,0.4914285714285715,0.42828685258964144,0.4873343345935271,0.7439573908184784,0.31699691209599706
2,traditional_2_of_supported,CWE-90,0,0,2106,39,2145,39,2106,,0.0,1.0,0.9818181818181818,0.0,1.0,0.9818181818181818,0.5,,,,0.4997625830959164,0.013679545135095221
2,traditional_2_of_supported,CWE-916,0,0,2095,50,2145,50,2095,,0.0,1.0,0.9766899766899767,0.0,1.0,0.9766899766899767,0.5,,,,0.5347494033412887,0.03484935349301039
2,traditional_2_of_supported,CWE-918,0,2,2119,24,2145,24,2121,0.0,0.0,0.9990570485619991,0.9888007466168922,0.000942951438000943,1.0,0.9878787878787879,0.49952852428099953,,,-0.003249669534297052,0.49905704856199906,0.011180247967676063
2,traditional_2_of_supported,CWE-93,0,0,2106,39,2145,39,2106,,0.0,1.0,0.9818181818181818,0.0,1.0,0.9818181818181818,0.5,,,,0.49952516619183285,0.013901404552295995
2,traditional_2_of_supported,CWE-939,0,0,2038,107,2145,107,2038,,0.0,1.0,0.9501165501165502,0.0,1.0,0.9501165501165502,0.5,,,,0.4992639842983317,0.03162204244669331
2,traditional_2_of_supported,CWE-94,4,4,2055,82,2145,86,2059,0.5,0.046511627906976744,0.9980573093734822,0.9616284510996724,0.001942690626517727,0.9534883720930233,0.9599067599067599,0.5222844686402295,0.0851063829787234,0.056818181818181816,0.14343740615312572,0.591252809559845,0.10622104159524211
2,traditional_2_of_supported,CWE-942,0,0,2065,80,2145,80,2065,,0.0,1.0,0.9627039627039627,0.0,1.0,0.9627039627039627,0.5,,,,0.5,0.027064629864536376
2,traditional_2_of_supported,CWE-95,8,12,2055,70,2145,78,2067,0.4,0.10256410256410256,0.9941944847605225,0.9670588235294117,0.005805515239477504,0.8974358974358975,0.9617715617715618,0.5483792936623125,0.163265306122449,0.12048192771084336,0.18845713897261818,0.6051629389800652,0.11068618063376459
2,traditional_2_of_supported,CWE-96,0,0,2068,77,2145,77,2068,,0.0,1.0,0.9641025641025641,0.0,1.0,0.9641025641025641,0.5,,,,0.50815142304504,0.03598951266359659
2,traditional_2_of_supported,CWE-99,0,0,2103,42,2145,42,2103,,0.0,1.0,0.9804195804195804,0.0,1.0,0.9804195804195804,0.5,,,,0.4890632429862102,0.013989122404538529
2,weighted_fire_ppv_silence_npv,CWE-113,0,0,2035,110,2145,110,2035,,0.0,1.0,0.9487179487179487,0.0,1.0,0.9487179487179487,0.5,,,,0.5,0.0425046204438324
2,weighted_fire_ppv_silence_npv,CWE-116,0,0,2121,24,2145,24,2121,,0.0,1.0,0.9888111888111888,0.0,1.0,0.9888111888111888,0.5,,,,0.5317656765676567,0.014366465118862788
2,weighted_fire_ppv_silence_npv,CWE-117,2,0,2049,94,2145,96,2049,1.0,0.020833333333333332,1.0,0.9561362575828278,0.0,0.9791666666666666,0.9561771561771562,0.5104166666666666,0.04081632653061225,0.025906735751295335,0.14113647780183872,0.5104166666666666,0.06000374083453238
2,weighted_fire_ppv_silence_npv,CWE-1333,1,5,2104,35,2145,36,2109,0.16666666666666666,0.027777777777777776,0.9976292081555239,0.9836372136512389,0.002370791844476055,0.9722222222222222,0.9813519813519813,0.5127034929666509,0.04761904761904762,0.033333333333333326,0.06179618574764702,0.5127034929666509,0.03582710150384191
2,weighted_fire_ppv_silence_npv,CWE-185,0,0,2135,10,2145,10,2135,,0.0,1.0,0.9953379953379954,0.0,1.0,0.9953379953379954,0.5,,,,0.5,0.006199035726280778
2,weighted_fire_ppv_silence_npv,CWE-20,0,24,1949,172,2145,172,1973,0.0,0.0,0.9878357830714648,0.918906176331919,0.012164216928535226,1.0,0.9086247086247087,0.4939178915357324,,,-0.031407687954749595,0.48089469465693846,0.06728046423245954
2,weighted_fire_ppv_silence_npv,CWE-200,5,6,1918,216,2145,221,1924,0.45454545454545453,0.02262443438914027,0.9968814968814969,0.8987816307403936,0.0031185031185031187,0.9773755656108597,0.8965034965034965,0.5097529656353186,0.04310344827586207,0.027932960893854747,0.08301791277573958,0.508990978447992,0.09450293903948116
2,weighted_fire_ppv_silence_npv,CWE-208,10,82,1938,115,2145,125,2020,0.10869565217391304,0.08,0.9594059405940594,0.9439844130540672,0.040594059405940595,0.92,0.9081585081585082,0.5197029702970297,0.09216589861751152,0.08445945945945946,0.045562128142405345,0.5197029702970297,0.06036589212407466
2,weighted_fire_ppv_silence_npv,CWE-209,2,8,2004,131,2145,133,2012,0.2,0.015037593984962405,0.9960238568588469,0.9386416861826697,0.003976143141153081,0.9849624060150376,0.9351981351981352,0.5055307254219046,0.027972027972027972,0.018450184501845015,0.039160926912069384,0.5055307254219047,0.057965530725169745
2,weighted_fire_ppv_silence_npv,CWE-215,4,47,1986,108,2145,112,2033,0.0784313725490196,0.03571428571428571,0.9768814559763895,0.9484240687679083,0.023118544023610427,0.9642857142857143,0.9277389277389277,0.5062978708453376,0.04907975460122699,0.04008016032064128,0.018391960249443576,0.5062978708453376,0.046139390291510256
2,weighted_fire_ppv_silence_npv,CWE-22,0,0,2062,83,2145,83,2062,,0.0,1.0,0.9613053613053613,0.0,1.0,0.9613053613053613,0.5,,,,0.5691923854486812,0.12083107408360357
2,weighted_fire_ppv_silence_npv,CWE-23,12,34,2028,71,2145,83,2062,0.2608695652173913,0.14457831325301204,0.9835111542192047,0.9661743687470223,0.016488845780795344,0.8554216867469879,0.951048951048951,0.5640447337361083,0.18604651162790697,0.15873015873015872,0.17053426809383176,0.5640447337361083,0.11894224609954446
2,weighted_fire_ppv_silence_npv,CWE-259,1,19,2019,106,2145,107,2038,0.05,0.009345794392523364,0.9906771344455348,0.9501176470588235,0.009322865554465163,0.9906542056074766,0.9417249417249417,0.5000114644190291,0.01574803149606299,0.011160714285714284,5.193756212789099e-05,0.5687750497555786,0.06216757333163497
2,weighted_fire_ppv_silence_npv,CWE-276,3,2,2092,48,2145,51,2094,0.6,0.058823529411764705,0.9990448901623686,0.9775700934579439,0.0009551098376313276,0.9411764705882353,0.9766899766899767,0.5289342097870666,0.10714285714285714,0.07177033492822966,0.182819770543822,0.5289342097870667,0.05984814962461276
2,weighted_fire_ppv_silence_npv,CWE-284,0,0,1732,413,2145,413,1732,,0.0,1.0,0.8074592074592074,0.0,1.0,0.8074592074592074,0.5,,,,0.5,0.12465899484494704
2,weighted_fire_ppv_silence_npv,CWE-287,0,0,1914,231,2145,231,1914,,0.0,1.0,0.8923076923076924,0.0,1.0,0.8923076923076924,0.5,,,,0.5095163457232422,0.07989716362799311
2,weighted_fire_ppv_silence_npv,CWE-295,1,3,2081,60,2145,61,2084,0.25,0.01639344262295082,0.9985604606525912,0.9719757122839795,0.0014395393474088292,0.9836065573770492,0.9706293706293706,0.507476951637771,0.030769230769230767,0.020161290322580648,0.057614263260187294,0.5151938265001101,0.04206094966647751
2,weighted_fire_ppv_silence_npv,CWE-312,0,24,2081,40,2145,40,2105,0.0,0.0,0.9885985748218528,0.9811409712399811,0.01140142517814727,1.0,0.9701631701631701,0.4942992874109264,,,-0.014663553639547355,0.4942992874109264,0.011615500865753482
2,weighted_fire_ppv_silence_npv,CWE-315,0,6,2107,32,2145,32,2113,0.0,0.0,0.9971604353999054,0.9850397381954185,0.002839564600094652,1.0,0.9822843822843823,0.4985802176999527,,,-0.0065177166115471755,0.4985802176999527,0.009526248935595746
2,weighted_fire_ppv_silence_npv,CWE-319,0,0,2069,76,2145,76,2069,,0.0,1.0,0.9645687645687646,0.0,1.0,0.9645687645687646,0.5,,,,0.5234698939228206,0.0317358504327077
2,weighted_fire_ppv_silence_npv,CWE-321,2,24,2012,107,2145,109,2036,0.07692307692307693,0.01834862385321101,0.9882121807465619,0.9495044832468146,0.011787819253438114,0.981651376146789,0.938927738927739,0.5032804022998865,0.02962962962962963,0.021645021645021644,0.013167613995078943,0.5032804022998865,0.03651513069646068
2,weighted_fire_ppv_silence_npv,CWE-326,0,0,2106,39,2145,39,2106,,0.0,1.0,0.9818181818181818,0.0,1.0,0.9818181818181818,0.5,,,,0.5123456790123457,0.02132792823018663
2,weighted_fire_ppv_silence_npv,CWE-327,3,12,2091,39,2145,42,2103,0.2,0.07142857142857142,0.9942938659058488,0.9816901408450704,0.005706134094151213,0.9285714285714286,0.9762237762237762,0.5328612186672101,0.10526315789473682,0.08196721311475409,0.10927542677094482,0.7885050834408894,0.23259847366162023
2,weighted_fire_ppv_silence_npv,CWE-328,4,22,2073,46,2145,50,2095,0.15384615384615385,0.08,0.9894988066825776,0.9782916470033034,0.010501193317422435,0.92,0.9682983682983684,0.5347494033412888,0.10526315789473685,0.08849557522123894,0.09583015953601123,0.5347494033412887,0.03484935349301039
2,weighted_fire_ppv_silence_npv,CWE-330,18,23,2061,43,2145,61,2084,0.43902439024390244,0.29508196721311475,0.9889635316698656,0.9795627376425855,0.011036468330134356,0.7049180327868853,0.9692307692307692,0.6420227494414902,0.3529411764705882,0.31578947368421056,0.34481558776614407,0.6420227494414902,0.1616224687153637
2,weighted_fire_ppv_silence_npv,CWE-347,0,0,2113,32,2145,32,2113,,0.0,1.0,0.985081585081585,0.0,1.0,0.985081585081585,0.5,,,,0.5,0.00973827242017727
2,weighted_fire_ppv_silence_npv,CWE-352,0,0,2106,39,2145,39,2106,,0.0,1.0,0.9818181818181818,0.0,1.0,0.9818181818181818,0.5,,,,0.5,0.027770947278977297
2,weighted_fire_ppv_silence_npv,CWE-359,3,21,2012,109,2145,112,2033,0.125,0.026785714285714284,0.9896704377766847,0.9486091466289486,0.010329562223315297,0.9732142857142857,0.9393939393939394,0.5082280760311995,0.04411764705882353,0.03177966101694915,0.03480407030951124,0.5082280760311995,0.04675249739456191
2,weighted_fire_ppv_silence_npv,CWE-377,1,1,2128,15,2145,16,2129,0.5,0.0625,0.9995302959135745,0.9930004666355576,0.0004697040864255519,0.9375,0.9925407925407925,0.5310151479567873,0.1111111111111111,0.07575757575757576,0.17487413997196363,0.7499706434945984,0.10277057646607052
2,weighted_fire_ppv_silence_npv,CWE-400,0,0,2067,78,2145,78,2067,,0.0,1.0,0.9636363636363636,0.0,1.0,0.9636363636363636,0.5,,,,0.5182538796472033,0.05202087185151692
2,weighted_fire_ppv_silence_npv,CWE-477,0,0,2140,5,2145,5,2140,,0.0,1.0,0.9976689976689976,0.0,1.0,0.9976689976689976,0.5,,,,0.5,0.0018493101897389542
2,weighted_fire_ppv_silence_npv,CWE-497,0,10,1989,146,2145,146,1999,0.0,0.0,0.9949974987493747,0.931615925058548,0.0050025012506253125,1.0,0.9272727272727272,0.49749874937468735,,,-0.018495713568756105,0.49749874937468735,0.04802846148742899
2,weighted_fire_ppv_silence_npv,CWE-502,8,6,2097,34,2145,42,2103,0.5714285714285714,0.19047619047619047,0.9971469329529244,0.9840450492726419,0.0028530670470756064,0.8095238095238095,0.9813519813519813,0.5938115617145574,0.2857142857142857,0.21978021978021975,0.32283075395389627,0.6406550732513643,0.20678466233334897
2,weighted_fire_ppv_silence_npv,CWE-521,0,3,2077,65,2145,65,2080,0.0,0.0,0.9985576923076923,0.9696545284780579,0.0014423076923076924,1.0,0.9682983682983684,0.49927884615384616,,,-0.006615701550312039,0.49927884615384616,0.023419231217037477
2,weighted_fire_ppv_silence_npv,CWE-522,1,0,2054,90,2145,91,2054,1.0,0.01098901098901099,1.0,0.9580223880597015,0.0,0.989010989010989,0.958041958041958,0.5054945054945055,0.02173913043478261,0.013698630136986302,0.10260467119048045,0.5054945054945055,0.041611852894162
2,weighted_fire_ppv_silence_npv,CWE-532,0,0,2016,129,2145,129,2016,,0.0,1.0,0.9398601398601398,0.0,1.0,0.9398601398601398,0.5,,,,0.520279623477298,0.06955150633420826
2,weighted_fire_ppv_silence_npv,CWE-601,4,6,2091,44,2145,48,2097,0.4,0.08333333333333333,0.9971387696709585,0.9793911007025761,0.002861230329041488,0.9166666666666666,0.9766899766899767,0.5402360515021459,0.13793103448275862,0.099009900990099,0.17472950447663202,0.55879430933079,0.06857210883836022
2,weighted_fire_ppv_silence_npv,CWE-605,4,10,2121,10,2145,14,2131,0.2857142857142857,0.2857142857142857,0.99530736743313,0.99530736743313,0.004692632566870014,0.7142857142857143,0.9906759906759907,0.6405108265737078,0.2857142857142857,0.2857142857142857,0.2810216531474157,0.6405108265737078,0.09569024645195248
2,weighted_fire_ppv_silence_npv,CWE-611,2,0,2125,18,2145,20,2125,1.0,0.1,1.0,0.9916005599626692,0.0,0.9,0.9916083916083916,0.55,0.18181818181818182,0.12195121951219513,0.3148968974065431,0.7928,0.22680392738693186
2,weighted_fire_ppv_silence_npv,CWE-614,1,3,2066,75,2145,76,2069,0.25,0.013157894736842105,0.9985500241662639,0.9649696403549743,0.0014499758337361043,0.9868421052631579,0.9636363636363636,0.505853959451553,0.025,0.016233766233766236,0.05016818828606333,0.528077382920811,0.046722232174395806
2,weighted_fire_ppv_silence_npv,CWE-643,3,10,2085,47,2145,50,2095,0.23076923076923078,0.06,0.9952267303102625,0.9779549718574109,0.00477326968973747,0.94,0.9734265734265735,0.5276133651551312,0.09523809523809523,0.07042253521126761,0.10736459028788835,0.5276133651551312,0.03856588301716791
2,weighted_fire_ppv_silence_npv,CWE-668,0,0,1806,339,2145,339,1806,,0.0,1.0,0.8419580419580419,0.0,1.0,0.8419580419580419,0.5,,,,0.5,0.10448004043929064
2,weighted_fire_ppv_silence_npv,CWE-706,0,0,2041,104,2145,104,2041,,0.0,1.0,0.9515151515151515,0.0,1.0,0.9515151515151515,0.5,,,,0.5,0.05321331156269097
2,weighted_fire_ppv_silence_npv,CWE-73,3,43,1979,120,2145,123,2022,0.06521739130434782,0.024390243902439025,0.9787339268051434,0.9428299190090519,0.02126607319485658,0.975609756097561,0.924009324009324,0.5015620853537912,0.03550295857988166,0.02788104089219331,0.005014097242370718,0.5015620853537912,0.04664720134773185
2,weighted_fire_ppv_silence_npv,CWE-732,3,2,2088,52,2145,55,2090,0.6,0.05454545454545454,0.999043062200957,0.9757009345794393,0.0009569377990430622,0.9454545454545454,0.9748251748251748,0.5267942583732057,0.09999999999999999,0.06666666666666667,0.17564441116538557,0.5263418877772945,0.05794656727618535
2,weighted_fire_ppv_silence_npv,CWE-74,8,1,1809,327,2145,335,1810,0.8888888888888888,0.023880597014925373,0.9994475138121547,0.8469101123595506,0.0005524861878453039,0.9761194029850746,0.8470862470862471,0.51166405541354,0.046511627906976744,0.02965159377316531,0.13101450548537907,0.51166405541354,0.188570793388005
2,weighted_fire_ppv_silence_npv,CWE-770,0,0,2087,58,2145,58,2087,,0.0,1.0,0.972960372960373,0.0,1.0,0.972960372960373,0.5,,,,0.5,0.03928664390192051
2,weighted_fire_ppv_silence_npv,CWE-776,0,0,2108,37,2145,37,2108,,0.0,1.0,0.9827505827505828,0.0,1.0,0.9827505827505828,0.5,,,,0.4992884250474383,0.022055087607082708
2,weighted_fire_ppv_silence_npv,CWE-78,0,6,2036,103,2145,103,2042,0.0,0.0,0.9970617042115573,0.9518466573165031,0.002938295788442703,1.0,0.9491841491841492,0.49853085210577863,,,-0.011894904959954803,0.5709089698848454,0.09052460490733326
2,weighted_fire_ppv_silence_npv,CWE-79,0,0,2020,125,2145,125,2020,,0.0,1.0,0.9417249417249417,0.0,1.0,0.9417249417249417,0.5,,,,0.5923247524752475,0.12923827054990894
2,weighted_fire_ppv_silence_npv,CWE-798,0,0,2036,109,2145,109,2036,,0.0,1.0,0.9491841491841492,0.0,1.0,0.9491841491841492,0.5,,,,0.5032804022998865,0.03651513069646068
2,weighted_fire_ppv_silence_npv,CWE-80,1,2,2021,121,2145,122,2023,0.3333333333333333,0.00819672131147541,0.9990113692535838,0.9435107376283847,0.0009886307464162135,0.9918032786885246,0.9426573426573427,0.5036040452825296,0.016,0.010183299389002037,0.04467121148896388,0.5036040452825296,0.052476840384514424
2,weighted_fire_ppv_silence_npv,CWE-827,0,0,2125,20,2145,20,2125,,0.0,1.0,0.9906759906759907,0.0,1.0,0.9906759906759907,0.5,,,,0.5,0.005497607002860042
2,weighted_fire_ppv_silence_npv,CWE-829,0,0,2124,21,2145,21,2124,,0.0,1.0,0.9902097902097902,0.0,1.0,0.9902097902097902,0.5,,,,0.5,0.005866743232091712
2,weighted_fire_ppv_silence_npv,CWE-88,0,3,2078,64,2145,64,2081,0.0,0.0,0.9985583853916387,0.9701213818860878,0.0014416146083613647,1.0,0.9687645687645687,0.49927919269581933,,,-0.006563036823808499,0.49927919269581933,0.02747886715520565
2,weighted_fire_ppv_silence_npv,CWE-89,43,23,2013,66,2145,109,2036,0.6515151515151515,0.3944954128440367,0.9887033398821218,0.9682539682539683,0.011296660117878193,0.6055045871559633,0.9585081585081585,0.6915993763630792,0.4914285714285715,0.42828685258964144,0.4873343345935271,0.743930354535787,0.31660816874238296
2,weighted_fire_ppv_silence_npv,CWE-90,0,1,2105,39,2145,39,2106,0.0,0.0,0.9995251661918328,0.9818097014925373,0.0004748338081671415,1.0,0.9813519813519813,0.4997625830959164,,,-0.002938940066077493,0.4997625830959164,0.013679545135095221
2,weighted_fire_ppv_silence_npv,CWE-916,4,22,2073,46,2145,50,2095,0.15384615384615385,0.08,0.9894988066825776,0.9782916470033034,0.010501193317422435,0.92,0.9682983682983684,0.5347494033412888,0.10526315789473685,0.08849557522123894,0.09583015953601123,0.5347494033412887,0.03484935349301039
2,weighted_fire_ppv_silence_npv,CWE-918,0,2,2119,24,2145,24,2121,0.0,0.0,0.9990570485619991,0.9888007466168922,0.000942951438000943,1.0,0.9878787878787879,0.49952852428099953,,,-0.003249669534297052,0.49905704856199906,0.011180247967676063
2,weighted_fire_ppv_silence_npv,CWE-93,0,0,2106,39,2145,39,2106,,0.0,1.0,0.9818181818181818,0.0,1.0,0.9818181818181818,0.5,,,,0.5,0.013927249201849925
2,weighted_fire_ppv_silence_npv,CWE-939,0,0,2038,107,2145,107,2038,,0.0,1.0,0.9501165501165502,0.0,1.0,0.9501165501165502,0.5,,,,0.5,0.03169746225682707
2,weighted_fire_ppv_silence_npv,CWE-94,0,1,2058,86,2145,86,2059,0.0,0.0,0.9995143273433705,0.9598880597014925,0.00048567265662943174,1.0,0.9594405594405594,0.49975716367168527,,,-0.004413759464145875,0.5916707139388052,0.10931324199181364
2,weighted_fire_ppv_silence_npv,CWE-942,0,0,2065,80,2145,80,2065,,0.0,1.0,0.9627039627039627,0.0,1.0,0.9627039627039627,0.5,,,,0.5,0.027064629864536376
2,weighted_fire_ppv_silence_npv,CWE-95,0,0,2067,78,2145,78,2067,,0.0,1.0,0.9636363636363636,0.0,1.0,0.9636363636363636,0.5,,,,0.6050574969297756,0.11194106235423337
2,weighted_fire_ppv_silence_npv,CWE-96,2,20,2048,75,2145,77,2068,0.09090909090909091,0.025974025974025976,0.9903288201160542,0.9646726330664155,0.009671179883945842,0.974025974025974,0.9557109557109557,0.50815142304504,0.04040404040404041,0.030303030303030304,0.0301021642310648,0.50815142304504,0.03598951266359659
2,weighted_fire_ppv_silence_npv,CWE-99,0,46,2057,42,2145,42,2103,0.0,0.0,0.9781264859724204,0.9799904716531682,0.021873514027579647,1.0,0.958974358974359,0.4890632429862102,,,-0.020920771949898945,0.4890632429862102,0.013989122404538529
2,weighted_fire_ppv_silence_sensitivity,CWE-113,0,0,2035,110,2145,110,2035,,0.0,1.0,0.9487179487179487,0.0,1.0,0.9487179487179487,0.5,,,,0.5,0.0425046204438324
2,weighted_fire_ppv_silence_sensitivity,CWE-116,2,42,2079,22,2145,24,2121,0.045454545454545456,0.08333333333333333,0.9801980198019802,0.9895287958115183,0.019801980198019802,0.9166666666666666,0.9701631701631701,0.5317656765676567,0.05882352941176471,0.07142857142857144,0.047143811978111023,0.5317656765676567,0.014366465118862788
2,weighted_fire_ppv_silence_sensitivity,CWE-117,2,0,2049,94,2145,96,2049,1.0,0.020833333333333332,1.0,0.9561362575828278,0.0,0.9791666666666666,0.9561771561771562,0.5104166666666666,0.04081632653061225,0.025906735751295335,0.14113647780183872,0.5104166666666666,0.06000374083453238
2,weighted_fire_ppv_silence_sensitivity,CWE-1333,1,5,2104,35,2145,36,2109,0.16666666666666666,0.027777777777777776,0.9976292081555239,0.9836372136512389,0.002370791844476055,0.9722222222222222,0.9813519813519813,0.5127034929666509,0.04761904761904762,0.033333333333333326,0.06179618574764702,0.5127034929666509,0.03582710150384191
2,weighted_fire_ppv_silence_sensitivity,CWE-185,0,0,2135,10,2145,10,2135,,0.0,1.0,0.9953379953379954,0.0,1.0,0.9953379953379954,0.5,,,,0.5,0.006199035726280778
2,weighted_fire_ppv_silence_sensitivity,CWE-20,10,40,1933,162,2145,172,1973,0.2,0.05813953488372093,0.979726305119108,0.922673031026253,0.02027369488089204,0.9418604651162791,0.9058275058275058,0.5189329200014144,0.09009009009009009,0.06775067750677506,0.06815509786877398,0.48089469465693846,0.06728046423245954
2,weighted_fire_ppv_silence_sensitivity,CWE-200,5,9,1915,216,2145,221,1924,0.35714285714285715,0.02262443438914027,0.9953222453222453,0.8986391365556077,0.004677754677754678,0.9773755656108597,0.8951048951048951,0.5089733398556928,0.04255319148936171,0.02783964365256125,0.06775276759547168,0.508990978447992,0.09450293903948116
2,weighted_fire_ppv_silence_sensitivity,CWE-208,10,82,1938,115,2145,125,2020,0.10869565217391304,0.08,0.9594059405940594,0.9439844130540672,0.040594059405940595,0.92,0.9081585081585082,0.5197029702970297,0.09216589861751152,0.08445945945945946,0.045562128142405345,0.5197029702970297,0.06036589212407466
2,weighted_fire_ppv_silence_sensitivity,CWE-209,2,8,2004,131,2145,133,2012,0.2,0.015037593984962405,0.9960238568588469,0.9386416861826697,0.003976143141153081,0.9849624060150376,0.9351981351981352,0.5055307254219046,0.027972027972027972,0.018450184501845015,0.039160926912069384,0.5055307254219047,0.057965530725169745
2,weighted_fire_ppv_silence_sensitivity,CWE-215,4,47,1986,108,2145,112,2033,0.0784313725490196,0.03571428571428571,0.9768814559763895,0.9484240687679083,0.023118544023610427,0.9642857142857143,0.9277389277389277,0.5062978708453376,0.04907975460122699,0.04008016032064128,0.018391960249443576,0.5062978708453376,0.046139390291510256
2,weighted_fire_ppv_silence_sensitivity,CWE-22,13,38,2024,70,2145,83,2062,0.2549019607843137,0.1566265060240964,0.9815712900096993,0.9665711556829035,0.01842870999030068,0.8433734939759037,0.9496503496503497,0.5690988980168978,0.19402985074626866,0.16971279373368148,0.17494883988328008,0.569443632921599,0.13798614071810805
2,weighted_fire_ppv_silence_sensitivity,CWE-23,12,34,2028,71,2145,83,2062,0.2608695652173913,0.14457831325301204,0.9835111542192047,0.9661743687470223,0.016488845780795344,0.8554216867469879,0.951048951048951,0.5640447337361083,0.18604651162790697,0.15873015873015872,0.17053426809383176,0.5640447337361083,0.11894224609954446
2,weighted_fire_ppv_silence_sensitivity,CWE-259,21,117,1921,86,2145,107,2038,0.15217391304347827,0.19626168224299065,0.9425907752698724,0.9571499750871948,0.05740922473012758,0.8037383177570093,0.9053613053613053,0.5694262287564316,0.17142857142857143,0.18551236749116606,0.12320669840477538,0.5687842212908019,0.062178777242694994
2,weighted_fire_ppv_silence_sensitivity,CWE-276,3,2,2092,48,2145,51,2094,0.6,0.058823529411764705,0.9990448901623686,0.9775700934579439,0.0009551098376313276,0.9411764705882353,0.9766899766899767,0.5289342097870666,0.10714285714285714,0.07177033492822966,0.182819770543822,0.5289342097870667,0.05984814962461276
2,weighted_fire_ppv_silence_sensitivity,CWE-284,0,0,1732,413,2145,413,1732,,0.0,1.0,0.8074592074592074,0.0,1.0,0.8074592074592074,0.5,,,,0.5,0.12465899484494704
2,weighted_fire_ppv_silence_sensitivity,CWE-287,5,5,1909,226,2145,231,1914,0.5,0.021645021645021644,0.9973876698014629,0.8941451990632319,0.002612330198537095,0.9783549783549783,0.8923076923076924,0.5095163457232422,0.04149377593360995,0.02676659528907923,0.08661203125942563,0.5095163457232422,0.07989716362799311
2,weighted_fire_ppv_silence_sensitivity,CWE-295,2,5,2079,59,2145,61,2084,0.2857142857142857,0.03278688524590164,0.9976007677543186,0.9724041159962582,0.0023992322456813818,0.9672131147540983,0.9701631701631701,0.5151938265001101,0.05882352941176471,0.0398406374501992,0.08856417122150168,0.5151938265001101,0.04206094966647751
2,weighted_fire_ppv_silence_sensitivity,CWE-312,0,24,2081,40,2145,40,2105,0.0,0.0,0.9885985748218528,0.9811409712399811,0.01140142517814727,1.0,0.9701631701631701,0.4942992874109264,,,-0.014663553639547355,0.4942992874109264,0.011615500865753482
2,weighted_fire_ppv_silence_sensitivity,CWE-315,0,6,2107,32,2145,32,2113,0.0,0.0,0.9971604353999054,0.9850397381954185,0.002839564600094652,1.0,0.9822843822843823,0.4985802176999527,,,-0.0065177166115471755,0.4985802176999527,0.009526248935595746
2,weighted_fire_ppv_silence_sensitivity,CWE-319,5,39,2030,71,2145,76,2069,0.11363636363636363,0.06578947368421052,0.9811503141614306,0.9662065683008091,0.018849685838569358,0.9342105263157895,0.9487179487179487,0.5234698939228206,0.08333333333333333,0.0718390804597701,0.06121936201974713,0.5234698939228206,0.0317358504327077
2,weighted_fire_ppv_silence_sensitivity,CWE-321,2,24,2012,107,2145,109,2036,0.07692307692307693,0.01834862385321101,0.9882121807465619,0.9495044832468146,0.011787819253438114,0.981651376146789,0.938927738927739,0.5032804022998865,0.02962962962962963,0.021645021645021644,0.013167613995078943,0.5032804022998865,0.03651513069646068
2,weighted_fire_ppv_silence_sensitivity,CWE-326,1,2,2104,38,2145,39,2106,0.3333333333333333,0.02564102564102564,0.9990503323836657,0.9822595704948646,0.000949667616334283,0.9743589743589743,0.9813519813519813,0.5123456790123456,0.047619047619047616,0.031446540880503145,0.08827467008419813,0.5123456790123457,0.02132792823018663
2,weighted_fire_ppv_silence_sensitivity,CWE-327,17,20,2083,25,2145,42,2103,0.4594594594594595,0.40476190476190477,0.990489776509748,0.9881404174573055,0.009510223490252021,0.5952380952380952,0.9790209790209791,0.6976258406358264,0.430379746835443,0.4146341463414634,0.4206121775321492,0.7885050834408894,0.23259847366162023
2,weighted_fire_ppv_silence_sensitivity,CWE-328,4,22,2073,46,2145,50,2095,0.15384615384615385,0.08,0.9894988066825776,0.9782916470033034,0.010501193317422435,0.92,0.9682983682983684,0.5347494033412888,0.10526315789473685,0.08849557522123894,0.09583015953601123,0.5347494033412887,0.03484935349301039
2,weighted_fire_ppv_silence_sensitivity,CWE-330,18,23,2061,43,2145,61,2084,0.43902439024390244,0.29508196721311475,0.9889635316698656,0.9795627376425855,0.011036468330134356,0.7049180327868853,0.9692307692307692,0.6420227494414902,0.3529411764705882,0.31578947368421056,0.34481558776614407,0.6420227494414902,0.1616224687153637
2,weighted_fire_ppv_silence_sensitivity,CWE-347,0,0,2113,32,2145,32,2113,,0.0,1.0,0.985081585081585,0.0,1.0,0.985081585081585,0.5,,,,0.5,0.00973827242017727
2,weighted_fire_ppv_silence_sensitivity,CWE-352,0,0,2106,39,2145,39,2106,,0.0,1.0,0.9818181818181818,0.0,1.0,0.9818181818181818,0.5,,,,0.5,0.027770947278977297
2,weighted_fire_ppv_silence_sensitivity,CWE-359,3,21,2012,109,2145,112,2033,0.125,0.026785714285714284,0.9896704377766847,0.9486091466289486,0.010329562223315297,0.9732142857142857,0.9393939393939394,0.5082280760311995,0.04411764705882353,0.03177966101694915,0.03480407030951124,0.5082280760311995,0.04675249739456191
2,weighted_fire_ppv_silence_sensitivity,CWE-377,3,10,2119,13,2145,16,2129,0.23076923076923078,0.1875,0.9953029591357445,0.9939024390243902,0.004697040864255519,0.8125,0.9892773892773893,0.5914014795678723,0.20689655172413793,0.19480519480519481,0.20265894027217943,0.7500293565054016,0.11140152884702291
2,weighted_fire_ppv_silence_sensitivity,CWE-400,6,84,1983,72,2145,78,2067,0.06666666666666667,0.07692307692307693,0.9593613933236574,0.964963503649635,0.040638606676342524,0.9230769230769231,0.9272727272727272,0.5181422351233672,0.07142857142857144,0.07462686567164178,0.033877484761135834,0.5182538796472033,0.05202087185151692
2,weighted_fire_ppv_silence_sensitivity,CWE-477,0,0,2140,5,2145,5,2140,,0.0,1.0,0.9976689976689976,0.0,1.0,0.9976689976689976,0.5,,,,0.5,0.0018493101897389542
2,weighted_fire_ppv_silence_sensitivity,CWE-497,0,10,1989,146,2145,146,1999,0.0,0.0,0.9949974987493747,0.931615925058548,0.0050025012506253125,1.0,0.9272727272727272,0.49749874937468735,,,-0.018495713568756105,0.49749874937468735,0.04802846148742899
2,weighted_fire_ppv_silence_sensitivity,CWE-502,12,10,2093,30,2145,42,2103,0.5454545454545454,0.2857142857142857,0.995244888254874,0.9858690532265661,0.004755111745126011,0.7142857142857143,0.9813519813519813,0.6404795869845799,0.37499999999999994,0.3157894736842105,0.386368010316287,0.6406550732513643,0.20678466233334897
2,weighted_fire_ppv_silence_sensitivity,CWE-521,0,3,2077,65,2145,65,2080,0.0,0.0,0.9985576923076923,0.9696545284780579,0.0014423076923076924,1.0,0.9682983682983684,0.49927884615384616,,,-0.006615701550312039,0.49927884615384616,0.023419231217037477
2,weighted_fire_ppv_silence_sensitivity,CWE-522,1,0,2054,90,2145,91,2054,1.0,0.01098901098901099,1.0,0.9580223880597015,0.0,0.989010989010989,0.958041958041958,0.5054945054945055,0.02173913043478261,0.013698630136986302,0.10260467119048045,0.5054945054945055,0.041611852894162
2,weighted_fire_ppv_silence_sensitivity,CWE-532,6,12,2004,123,2145,129,2016,0.3333333333333333,0.046511627906976744,0.9940476190476191,0.9421720733427362,0.005952380952380952,0.9534883720930233,0.9370629370629371,0.520279623477298,0.08163265306122448,0.056179775280898875,0.10570852296149563,0.520279623477298,0.06955150633420826
2,weighted_fire_ppv_silence_sensitivity,CWE-601,6,16,2081,42,2145,48,2097,0.2727272727272727,0.125,0.9923700524558894,0.9802166745171926,0.007629947544110634,0.875,0.972960372960373,0.5586850262279447,0.17142857142857143,0.14018691588785046,0.17230218906468547,0.55879430933079,0.06857210883836022
2,weighted_fire_ppv_silence_sensitivity,CWE-605,4,10,2121,10,2145,14,2131,0.2857142857142857,0.2857142857142857,0.99530736743313,0.99530736743313,0.004692632566870014,0.7142857142857143,0.9906759906759907,0.6405108265737078,0.2857142857142857,0.2857142857142857,0.2810216531474157,0.6405108265737078,0.09569024645195248
2,weighted_fire_ppv_silence_sensitivity,CWE-611,12,34,2091,8,2145,20,2125,0.2608695652173913,0.6,0.984,0.9961886612672701,0.016,0.4,0.9804195804195804,0.792,0.36363636363636365,0.4761904761904763,0.3874558094377245,0.7928,0.22680392738693186
2,weighted_fire_ppv_silence_sensitivity,CWE-614,5,20,2049,71,2145,76,2069,0.2,0.06578947368421052,0.9903334944417593,0.9665094339622642,0.009666505558240696,0.9342105263157895,0.9575757575757575,0.5280614840629849,0.099009900990099,0.07598784194528875,0.09666955909146079,0.528077382920811,0.046722232174395806
2,weighted_fire_ppv_silence_sensitivity,CWE-643,3,10,2085,47,2145,50,2095,0.23076923076923078,0.06,0.9952267303102625,0.9779549718574109,0.00477326968973747,0.94,0.9734265734265735,0.5276133651551312,0.09523809523809523,0.07042253521126761,0.10736459028788835,0.5276133651551312,0.03856588301716791
2,weighted_fire_ppv_silence_sensitivity,CWE-668,0,0,1806,339,2145,339,1806,,0.0,1.0,0.8419580419580419,0.0,1.0,0.8419580419580419,0.5,,,,0.5,0.10448004043929064
2,weighted_fire_ppv_silence_sensitivity,CWE-706,0,0,2041,104,2145,104,2041,,0.0,1.0,0.9515151515151515,0.0,1.0,0.9515151515151515,0.5,,,,0.5,0.05321331156269097
2,weighted_fire_ppv_silence_sensitivity,CWE-73,3,43,1979,120,2145,123,2022,0.06521739130434782,0.024390243902439025,0.9787339268051434,0.9428299190090519,0.02126607319485658,0.975609756097561,0.924009324009324,0.5015620853537912,0.03550295857988166,0.02788104089219331,0.005014097242370718,0.5015620853537912,0.04664720134773185
2,weighted_fire_ppv_silence_sensitivity,CWE-732,3,4,2086,52,2145,55,2090,0.42857142857142855,0.05454545454545454,0.9980861244019139,0.9756782039289055,0.0019138755980861245,0.9454545454545454,0.9738927738927738,0.5263157894736842,0.09677419354838708,0.06607929515418502,0.1458639655548484,0.5263418877772945,0.05794656727618535
2,weighted_fire_ppv_silence_sensitivity,CWE-74,8,1,1809,327,2145,335,1810,0.8888888888888888,0.023880597014925373,0.9994475138121547,0.8469101123595506,0.0005524861878453039,0.9761194029850746,0.8470862470862471,0.51166405541354,0.046511627906976744,0.02965159377316531,0.13101450548537907,0.51166405541354,0.188570793388005
2,weighted_fire_ppv_silence_sensitivity,CWE-770,0,0,2087,58,2145,58,2087,,0.0,1.0,0.972960372960373,0.0,1.0,0.972960372960373,0.5,,,,0.5,0.03928664390192051
2,weighted_fire_ppv_silence_sensitivity,CWE-776,0,3,2105,37,2145,37,2108,0.0,0.0,0.9985768500948766,0.9827264239028944,0.0014231499051233396,1.0,0.9813519813519813,0.4992884250474383,,,-0.004958113369391275,0.4992884250474383,0.022055087607082708
2,weighted_fire_ppv_silence_sensitivity,CWE-78,4,16,2026,99,2145,103,2042,0.2,0.038834951456310676,0.9921645445641528,0.9534117647058824,0.007835455435847209,0.9611650485436893,0.9463869463869464,0.5154997480102318,0.06504065040650406,0.046296296296296294,0.06896149207704455,0.5709184789327044,0.09096766238922568
2,weighted_fire_ppv_silence_sensitivity,CWE-79,26,47,1973,99,2145,125,2020,0.3561643835616438,0.208,0.9767326732673267,0.9522200772200772,0.023267326732673267,0.792,0.931934731934732,0.5923663366336633,0.26262626262626265,0.2268760907504363,0.238681138413387,0.5926336633663366,0.13318718336053084
2,weighted_fire_ppv_silence_sensitivity,CWE-798,2,24,2012,107,2145,109,2036,0.07692307692307693,0.01834862385321101,0.9882121807465619,0.9495044832468146,0.011787819253438114,0.981651376146789,0.938927738927739,0.5032804022998865,0.02962962962962963,0.021645021645021644,0.013167613995078943,0.5032804022998865,0.03651513069646068
2,weighted_fire_ppv_silence_sensitivity,CWE-80,1,2,2021,121,2145,122,2023,0.3333333333333333,0.00819672131147541,0.9990113692535838,0.9435107376283847,0.0009886307464162135,0.9918032786885246,0.9426573426573427,0.5036040452825296,0.016,0.010183299389002037,0.04467121148896388,0.5036040452825296,0.052476840384514424
2,weighted_fire_ppv_silence_sensitivity,CWE-827,0,0,2125,20,2145,20,2125,,0.0,1.0,0.9906759906759907,0.0,1.0,0.9906759906759907,0.5,,,,0.5,0.005497607002860042
2,weighted_fire_ppv_silence_sensitivity,CWE-829,0,0,2124,21,2145,21,2124,,0.0,1.0,0.9902097902097902,0.0,1.0,0.9902097902097902,0.5,,,,0.5,0.005866743232091712
2,weighted_fire_ppv_silence_sensitivity,CWE-88,0,3,2078,64,2145,64,2081,0.0,0.0,0.9985583853916387,0.9701213818860878,0.0014416146083613647,1.0,0.9687645687645687,0.49927919269581933,,,-0.006563036823808499,0.49927919269581933,0.02747886715520565
2,weighted_fire_ppv_silence_sensitivity,CWE-89,55,27,2009,54,2145,109,2036,0.6707317073170732,0.5045871559633027,0.9867387033398821,0.9738245273873001,0.013261296660117878,0.4954128440366973,0.9622377622377623,0.7456629296515924,0.5759162303664922,0.5308880308880309,0.5627496298402617,0.743930354535787,0.31660816874238296
2,weighted_fire_ppv_silence_sensitivity,CWE-90,0,1,2105,39,2145,39,2106,0.0,0.0,0.9995251661918328,0.9818097014925373,0.0004748338081671415,1.0,0.9813519813519813,0.4997625830959164,,,-0.002938940066077493,0.4997625830959164,0.013679545135095221
2,weighted_fire_ppv_silence_sensitivity,CWE-916,4,22,2073,46,2145,50,2095,0.15384615384615385,0.08,0.9894988066825776,0.9782916470033034,0.010501193317422435,0.92,0.9682983682983684,0.5347494033412888,0.10526315789473685,0.08849557522123894,0.09583015953601123,0.5347494033412887,0.03484935349301039
2,weighted_fire_ppv_silence_sensitivity,CWE-918,0,4,2117,24,2145,24,2121,0.0,0.0,0.9981140971239981,0.9887902849135918,0.001885902876001886,1.0,0.9869463869463869,0.49905704856199906,,,-0.004597872760377236,0.49905704856199906,0.011180247967676063
2,weighted_fire_ppv_silence_sensitivity,CWE-93,0,0,2106,39,2145,39,2106,,0.0,1.0,0.9818181818181818,0.0,1.0,0.9818181818181818,0.5,,,,0.5,0.013927249201849925
2,weighted_fire_ppv_silence_sensitivity,CWE-939,0,0,2038,107,2145,107,2038,,0.0,1.0,0.9501165501165502,0.0,1.0,0.9501165501165502,0.5,,,,0.5,0.03169746225682707
2,weighted_fire_ppv_silence_sensitivity,CWE-94,12,36,2023,74,2145,86,2059,0.25,0.13953488372093023,0.9825157843613405,0.9647114926084883,0.017484215638659543,0.8604651162790697,0.9487179487179487,0.5610253340411353,0.1791044776119403,0.15306122448979592,0.16188168864268598,0.5916481245129155,0.10590792637719569
2,weighted_fire_ppv_silence_sensitivity,CWE-942,0,0,2065,80,2145,80,2065,,0.0,1.0,0.9627039627039627,0.0,1.0,0.9627039627039627,0.5,,,,0.5,0.027064629864536376
2,weighted_fire_ppv_silence_sensitivity,CWE-95,18,44,2023,60,2145,78,2067,0.2903225806451613,0.23076923076923078,0.9787131107885825,0.971195391262602,0.021286889211417512,0.7692307692307693,0.9515151515151515,0.6047411707789067,0.2571428571428572,0.24064171122994654,0.23405853352246886,0.6051195216652401,0.11306706414033076
2,weighted_fire_ppv_silence_sensitivity,CWE-96,2,20,2048,75,2145,77,2068,0.09090909090909091,0.025974025974025976,0.9903288201160542,0.9646726330664155,0.009671179883945842,0.974025974025974,0.9557109557109557,0.50815142304504,0.04040404040404041,0.030303030303030304,0.0301021642310648,0.50815142304504,0.03598951266359659
2,weighted_fire_ppv_silence_sensitivity,CWE-99,0,46,2057,42,2145,42,2103,0.0,0.0,0.9781264859724204,0.9799904716531682,0.021873514027579647,1.0,0.958974358974359,0.4890632429862102,,,-0.020920771949898945,0.4890632429862102,0.013989122404538529
2,weighted_fire_specificity_silence_npv,CWE-113,0,0,2035,110,2145,110,2035,,0.0,1.0,0.9487179487179487,0.0,1.0,0.9487179487179487,0.5,,,,0.5,0.0425046204438324
2,weighted_fire_specificity_silence_npv,CWE-116,0,5,2116,24,2145,24,2121,0.0,0.0,0.9976426214049976,0.9887850467289719,0.0023573785950023575,1.0,0.9864801864801864,0.4988213107024988,,,-0.0051417789514012725,0.5304887631620305,0.01315185356352077
2,weighted_fire_specificity_silence_npv,CWE-117,2,0,2049,94,2145,96,2049,1.0,0.020833333333333332,1.0,0.9561362575828278,0.0,0.9791666666666666,0.9561771561771562,0.5104166666666666,0.04081632653061225,0.025906735751295335,0.14113647780183872,0.5104166666666666,0.06000374083453238
2,weighted_fire_specificity_silence_npv,CWE-1333,1,5,2104,35,2145,36,2109,0.16666666666666666,0.027777777777777776,0.9976292081555239,0.9836372136512389,0.002370791844476055,0.9722222222222222,0.9813519813519813,0.5127034929666509,0.04761904761904762,0.033333333333333326,0.06179618574764702,0.5127034929666509,0.03582710150384191
2,weighted_fire_specificity_silence_npv,CWE-185,0,0,2135,10,2145,10,2135,,0.0,1.0,0.9953379953379954,0.0,1.0,0.9953379953379954,0.5,,,,0.5,0.006199035726280778
2,weighted_fire_specificity_silence_npv,CWE-20,10,40,1933,162,2145,172,1973,0.2,0.05813953488372093,0.979726305119108,0.922673031026253,0.02027369488089204,0.9418604651162791,0.9058275058275058,0.5189329200014144,0.09009009009009009,0.06775067750677506,0.06815509786877398,0.48089469465693846,0.06728046423245954
2,weighted_fire_specificity_silence_npv,CWE-200,5,9,1915,216,2145,221,1924,0.35714285714285715,0.02262443438914027,0.9953222453222453,0.8986391365556077,0.004677754677754678,0.9773755656108597,0.8951048951048951,0.5089733398556928,0.04255319148936171,0.02783964365256125,0.06775276759547168,0.508990978447992,0.09450293903948116
2,weighted_fire_specificity_silence_npv,CWE-208,10,82,1938,115,2145,125,2020,0.10869565217391304,0.08,0.9594059405940594,0.9439844130540672,0.040594059405940595,0.92,0.9081585081585082,0.5197029702970297,0.09216589861751152,0.08445945945945946,0.045562128142405345,0.5197029702970297,0.06036589212407466
2,weighted_fire_specificity_silence_npv,CWE-209,2,8,2004,131,2145,133,2012,0.2,0.015037593984962405,0.9960238568588469,0.9386416861826697,0.003976143141153081,0.9849624060150376,0.9351981351981352,0.5055307254219046,0.027972027972027972,0.018450184501845015,0.039160926912069384,0.5055307254219047,0.057965530725169745
2,weighted_fire_specificity_silence_npv,CWE-215,4,47,1986,108,2145,112,2033,0.0784313725490196,0.03571428571428571,0.9768814559763895,0.9484240687679083,0.023118544023610427,0.9642857142857143,0.9277389277389277,0.5062978708453376,0.04907975460122699,0.04008016032064128,0.018391960249443576,0.5062978708453376,0.046139390291510256
2,weighted_fire_specificity_silence_npv,CWE-22,3,3,2059,80,2145,83,2062,0.5,0.03614457831325301,0.998545101842871,0.9625993454885461,0.001454898157129001,0.963855421686747,0.9613053613053613,0.517344840078062,0.06741573033707865,0.04437869822485207,0.12667842490112502,0.5691923854486812,0.12083107408360357
2,weighted_fire_specificity_silence_npv,CWE-23,12,34,2028,71,2145,83,2062,0.2608695652173913,0.14457831325301204,0.9835111542192047,0.9661743687470223,0.016488845780795344,0.8554216867469879,0.951048951048951,0.5640447337361083,0.18604651162790697,0.15873015873015872,0.17053426809383176,0.5640447337361083,0.11894224609954446
2,weighted_fire_specificity_silence_npv,CWE-259,21,117,1921,86,2145,107,2038,0.15217391304347827,0.19626168224299065,0.9425907752698724,0.9571499750871948,0.05740922473012758,0.8037383177570093,0.9053613053613053,0.5694262287564316,0.17142857142857143,0.18551236749116606,0.12320669840477538,0.5687750497555786,0.06216757333163497
2,weighted_fire_specificity_silence_npv,CWE-276,3,2,2092,48,2145,51,2094,0.6,0.058823529411764705,0.9990448901623686,0.9775700934579439,0.0009551098376313276,0.9411764705882353,0.9766899766899767,0.5289342097870666,0.10714285714285714,0.07177033492822966,0.182819770543822,0.5289342097870667,0.05984814962461276
2,weighted_fire_specificity_silence_npv,CWE-284,0,1,1731,413,2145,413,1732,0.0,0.0,0.9994226327944573,0.8073694029850746,0.0005773672055427252,1.0,0.806993006993007,0.49971131639722866,,,-0.010546022449271303,0.49971131639722866,0.12459455289457419
2,weighted_fire_specificity_silence_npv,CWE-287,5,5,1909,226,2145,231,1914,0.5,0.021645021645021644,0.9973876698014629,0.8941451990632319,0.002612330198537095,0.9783549783549783,0.8923076923076924,0.5095163457232422,0.04149377593360995,0.02676659528907923,0.08661203125942563,0.5095163457232422,0.07989716362799311
2,weighted_fire_specificity_silence_npv,CWE-295,2,5,2079,59,2145,61,2084,0.2857142857142857,0.03278688524590164,0.9976007677543186,0.9724041159962582,0.0023992322456813818,0.9672131147540983,0.9701631701631701,0.5151938265001101,0.05882352941176471,0.0398406374501992,0.08856417122150168,0.5151938265001101,0.04206094966647751
2,weighted_fire_specificity_silence_npv,CWE-312,0,24,2081,40,2145,40,2105,0.0,0.0,0.9885985748218528,0.9811409712399811,0.01140142517814727,1.0,0.9701631701631701,0.4942992874109264,,,-0.014663553639547355,0.4942992874109264,0.011615500865753482
2,weighted_fire_specificity_silence_npv,CWE-315,0,6,2107,32,2145,32,2113,0.0,0.0,0.9971604353999054,0.9850397381954185,0.002839564600094652,1.0,0.9822843822843823,0.4985802176999527,,,-0.0065177166115471755,0.4985802176999527,0.009526248935595746
2,weighted_fire_specificity_silence_npv,CWE-319,5,39,2030,71,2145,76,2069,0.11363636363636363,0.06578947368421052,0.9811503141614306,0.9662065683008091,0.018849685838569358,0.9342105263157895,0.9487179487179487,0.5234698939228206,0.08333333333333333,0.0718390804597701,0.06121936201974713,0.5234698939228206,0.0317358504327077
2,weighted_fire_specificity_silence_npv,CWE-321,2,24,2012,107,2145,109,2036,0.07692307692307693,0.01834862385321101,0.9882121807465619,0.9495044832468146,0.011787819253438114,0.981651376146789,0.938927738927739,0.5032804022998865,0.02962962962962963,0.021645021645021644,0.013167613995078943,0.5032804022998865,0.03651513069646068
2,weighted_fire_specificity_silence_npv,CWE-326,0,0,2106,39,2145,39,2106,,0.0,1.0,0.9818181818181818,0.0,1.0,0.9818181818181818,0.5,,,,0.5123456790123457,0.02132792823018663
2,weighted_fire_specificity_silence_npv,CWE-327,17,21,2082,25,2145,42,2103,0.4473684210526316,0.40476190476190477,0.9900142653352354,0.9881347887992407,0.009985734664764621,0.5952380952380952,0.9785547785547786,0.6973880850485701,0.42500000000000004,0.41262135922330095,0.41463995134373294,0.7885050834408894,0.23259847366162023
2,weighted_fire_specificity_silence_npv,CWE-328,4,22,2073,46,2145,50,2095,0.15384615384615385,0.08,0.9894988066825776,0.9782916470033034,0.010501193317422435,0.92,0.9682983682983684,0.5347494033412888,0.10526315789473685,0.08849557522123894,0.09583015953601123,0.5347494033412887,0.03484935349301039
2,weighted_fire_specificity_silence_npv,CWE-330,18,23,2061,43,2145,61,2084,0.43902439024390244,0.29508196721311475,0.9889635316698656,0.9795627376425855,0.011036468330134356,0.7049180327868853,0.9692307692307692,0.6420227494414902,0.3529411764705882,0.31578947368421056,0.34481558776614407,0.6420227494414902,0.1616224687153637
2,weighted_fire_specificity_silence_npv,CWE-347,0,0,2113,32,2145,32,2113,,0.0,1.0,0.985081585081585,0.0,1.0,0.985081585081585,0.5,,,,0.5,0.00973827242017727
2,weighted_fire_specificity_silence_npv,CWE-352,0,1,2105,39,2145,39,2106,0.0,0.0,0.9995251661918328,0.9818097014925373,0.0004748338081671415,1.0,0.9813519813519813,0.4997625830959164,,,-0.002938940066077493,0.4997625830959164,0.026768592780548647
2,weighted_fire_specificity_silence_npv,CWE-359,3,21,2012,109,2145,112,2033,0.125,0.026785714285714284,0.9896704377766847,0.9486091466289486,0.010329562223315297,0.9732142857142857,0.9393939393939394,0.5082280760311995,0.04411764705882353,0.03177966101694915,0.03480407030951124,0.5082280760311995,0.04675249739456191
2,weighted_fire_specificity_silence_npv,CWE-377,3,11,2118,13,2145,16,2129,0.21428571428571427,0.1875,0.994833255049319,0.993899577663069,0.005166744950681071,0.8125,0.9888111888111888,0.5911666275246594,0.19999999999999998,0.1923076923076923,0.1948309573307446,0.7499706434945984,0.10277057646607052
2,weighted_fire_specificity_silence_npv,CWE-400,1,8,2059,77,2145,78,2067,0.1111111111111111,0.01282051282051282,0.996129656507015,0.9639513108614233,0.0038703434929850023,0.9871794871794872,0.9603729603729604,0.5044750846637639,0.022988505747126436,0.01557632398753894,0.02591951748757154,0.5182538796472033,0.05202087185151692
2,weighted_fire_specificity_silence_npv,CWE-477,0,232,1908,5,2145,5,2140,0.0,0.0,0.891588785046729,0.9973863042341872,0.10841121495327102,1.0,0.8895104895104895,0.4457943925233645,,,-0.016833120135316335,0.4457943925233645,0.0018493101897389542
2,weighted_fire_specificity_silence_npv,CWE-497,0,10,1989,146,2145,146,1999,0.0,0.0,0.9949974987493747,0.931615925058548,0.0050025012506253125,1.0,0.9272727272727272,0.49749874937468735,,,-0.018495713568756105,0.49749874937468735,0.04802846148742899
2,weighted_fire_specificity_silence_npv,CWE-502,8,6,2097,34,2145,42,2103,0.5714285714285714,0.19047619047619047,0.9971469329529244,0.9840450492726419,0.0028530670470756064,0.8095238095238095,0.9813519813519813,0.5938115617145574,0.2857142857142857,0.21978021978021975,0.32283075395389627,0.6406097864728393,0.20412826883496077
2,weighted_fire_specificity_silence_npv,CWE-521,0,3,2077,65,2145,65,2080,0.0,0.0,0.9985576923076923,0.9696545284780579,0.0014423076923076924,1.0,0.9682983682983684,0.49927884615384616,,,-0.006615701550312039,0.49927884615384616,0.023419231217037477
2,weighted_fire_specificity_silence_npv,CWE-522,1,0,2054,90,2145,91,2054,1.0,0.01098901098901099,1.0,0.9580223880597015,0.0,0.989010989010989,0.958041958041958,0.5054945054945055,0.02173913043478261,0.013698630136986302,0.10260467119048045,0.5054945054945055,0.041611852894162
2,weighted_fire_specificity_silence_npv,CWE-532,6,15,2001,123,2145,129,2016,0.2857142857142857,0.046511627906976744,0.9925595238095238,0.942090395480226,0.00744047619047619,0.9534883720930233,0.9356643356643357,0.5195355758582503,0.08,0.05586592178770949,0.09434294494385793,0.5195009689922481,0.06502267949716962
2,weighted_fire_specificity_silence_npv,CWE-601,6,16,2081,42,2145,48,2097,0.2727272727272727,0.125,0.9923700524558894,0.9802166745171926,0.007629947544110634,0.875,0.972960372960373,0.5586850262279447,0.17142857142857143,0.14018691588785046,0.17230218906468547,0.5588539182959784,0.07191435482766503
2,weighted_fire_specificity_silence_npv,CWE-605,4,10,2121,10,2145,14,2131,0.2857142857142857,0.2857142857142857,0.99530736743313,0.99530736743313,0.004692632566870014,0.7142857142857143,0.9906759906759907,0.6405108265737078,0.2857142857142857,0.2857142857142857,0.2810216531474157,0.6405108265737078,0.09569024645195248
2,weighted_fire_specificity_silence_npv,CWE-611,2,0,2125,18,2145,20,2125,1.0,0.1,1.0,0.9916005599626692,0.0,0.9,0.9916083916083916,0.55,0.18181818181818182,0.12195121951219513,0.3148968974065431,0.7928,0.22680392738693186
2,weighted_fire_specificity_silence_npv,CWE-614,5,20,2049,71,2145,76,2069,0.2,0.06578947368421052,0.9903334944417593,0.9665094339622642,0.009666505558240696,0.9342105263157895,0.9575757575757575,0.5280614840629849,0.099009900990099,0.07598784194528875,0.09666955909146079,0.528077382920811,0.046722232174395806
2,weighted_fire_specificity_silence_npv,CWE-643,3,10,2085,47,2145,50,2095,0.23076923076923078,0.06,0.9952267303102625,0.9779549718574109,0.00477326968973747,0.94,0.9734265734265735,0.5276133651551312,0.09523809523809523,0.07042253521126761,0.10736459028788835,0.5276133651551312,0.03856588301716791
2,weighted_fire_specificity_silence_npv,CWE-668,0,0,1806,339,2145,339,1806,,0.0,1.0,0.8419580419580419,0.0,1.0,0.8419580419580419,0.5,,,,0.5,0.10448004043929064
2,weighted_fire_specificity_silence_npv,CWE-706,0,5,2036,104,2145,104,2041,0.0,0.0,0.9975502204801567,0.9514018691588785,0.002449779519843214,1.0,0.9491841491841492,0.49877511024007837,,,-0.010911219255300496,0.49877511024007837,0.05265671559462321
2,weighted_fire_specificity_silence_npv,CWE-73,3,43,1979,120,2145,123,2022,0.06521739130434782,0.024390243902439025,0.9787339268051434,0.9428299190090519,0.02126607319485658,0.975609756097561,0.924009324009324,0.5015620853537912,0.03550295857988166,0.02788104089219331,0.005014097242370718,0.5015620853537912,0.04664720134773185
2,weighted_fire_specificity_silence_npv,CWE-732,3,4,2086,52,2145,55,2090,0.42857142857142855,0.05454545454545454,0.9980861244019139,0.9756782039289055,0.0019138755980861245,0.9454545454545454,0.9738927738927738,0.5263157894736842,0.09677419354838708,0.06607929515418502,0.1458639655548484,0.5263418877772945,0.05794656727618535
2,weighted_fire_specificity_silence_npv,CWE-74,8,1,1809,327,2145,335,1810,0.8888888888888888,0.023880597014925373,0.9994475138121547,0.8469101123595506,0.0005524861878453039,0.9761194029850746,0.8470862470862471,0.51166405541354,0.046511627906976744,0.02965159377316531,0.13101450548537907,0.51166405541354,0.188570793388005
2,weighted_fire_specificity_silence_npv,CWE-770,0,2,2085,58,2145,58,2087,0.0,0.0,0.9990416866315285,0.9729351376574895,0.0009583133684714902,1.0,0.972027972027972,0.49952084331576424,,,-0.005092800742093531,0.49952084331576424,0.03901678229425722
2,weighted_fire_specificity_silence_npv,CWE-776,0,3,2105,37,2145,37,2108,0.0,0.0,0.9985768500948766,0.9827264239028944,0.0014231499051233396,1.0,0.9813519813519813,0.4992884250474383,,,-0.004958113369391275,0.4992884250474383,0.022055087607082708
2,weighted_fire_specificity_silence_npv,CWE-78,0,6,2036,103,2145,103,2042,0.0,0.0,0.9970617042115573,0.9518466573165031,0.002938295788442703,1.0,0.9491841491841492,0.49853085210577863,,,-0.011894904959954803,0.5709089698848454,0.09052460490733326
2,weighted_fire_specificity_silence_npv,CWE-79,13,21,1999,112,2145,125,2020,0.38235294117647056,0.104,0.9896039603960396,0.9469445760303173,0.010396039603960397,0.896,0.937995337995338,0.5468019801980198,0.16352201257861634,0.12172284644194754,0.17556637422678167,0.5923564356435643,0.13611219074735853
2,weighted_fire_specificity_silence_npv,CWE-798,2,28,2008,107,2145,109,2036,0.06666666666666667,0.01834862385321101,0.9862475442043221,0.9494089834515367,0.0137524557956778,0.981651376146789,0.9370629370629371,0.5022980840287665,0.028776978417266192,0.02145922746781116,0.00859571925887334,0.5022800598403057,0.03627290280825259
2,weighted_fire_specificity_silence_npv,CWE-80,1,2,2021,121,2145,122,2023,0.3333333333333333,0.00819672131147541,0.9990113692535838,0.9435107376283847,0.0009886307464162135,0.9918032786885246,0.9426573426573427,0.5036040452825296,0.016,0.010183299389002037,0.04467121148896388,0.5036040452825296,0.052476840384514424
2,weighted_fire_specificity_silence_npv,CWE-827,0,2,2123,20,2145,20,2125,0.0,0.0,0.9990588235294118,0.9906672888474102,0.0009411764705882353,1.0,0.9897435897435898,0.4995294117647059,,,-0.0029637355050027583,0.4995294117647059,0.005497607002860042
2,weighted_fire_specificity_silence_npv,CWE-829,0,4,2120,21,2145,21,2124,0.0,0.0,0.9981167608286252,0.9901914992993928,0.0018832391713747645,1.0,0.9883449883449883,0.4990583804143126,,,-0.004297877700893813,0.4990583804143126,0.005866743232091712
2,weighted_fire_specificity_silence_npv,CWE-88,0,3,2078,64,2145,64,2081,0.0,0.0,0.9985583853916387,0.9701213818860878,0.0014416146083613647,1.0,0.9687645687645687,0.49927919269581933,,,-0.006563036823808499,0.49927919269581933,0.02747886715520565
2,weighted_fire_specificity_silence_npv,CWE-89,43,23,2013,66,2145,109,2036,0.6515151515151515,0.3944954128440367,0.9887033398821218,0.9682539682539683,0.011296660117878193,0.6055045871559633,0.9585081585081585,0.6915993763630792,0.4914285714285715,0.42828685258964144,0.4873343345935271,0.7439844271011697,0.31759452362696217
2,weighted_fire_specificity_silence_npv,CWE-90,0,1,2105,39,2145,39,2106,0.0,0.0,0.9995251661918328,0.9818097014925373,0.0004748338081671415,1.0,0.9813519813519813,0.4997625830959164,,,-0.002938940066077493,0.4997625830959164,0.013679545135095221
2,weighted_fire_specificity_silence_npv,CWE-916,4,22,2073,46,2145,50,2095,0.15384615384615385,0.08,0.9894988066825776,0.9782916470033034,0.010501193317422435,0.92,0.9682983682983684,0.5347494033412888,0.10526315789473685,0.08849557522123894,0.09583015953601123,0.5347494033412887,0.03484935349301039
2,weighted_fire_specificity_silence_npv,CWE-918,0,4,2117,24,2145,24,2121,0.0,0.0,0.9981140971239981,0.9887902849135918,0.001885902876001886,1.0,0.9869463869463869,0.49905704856199906,,,-0.004597872760377236,0.49905704856199906,0.011180247967676063
2,weighted_fire_specificity_silence_npv,CWE-93,0,2,2104,39,2145,39,2106,0.0,0.0,0.9990503323836657,0.9818012132524498,0.000949667616334283,1.0,0.9808857808857809,0.49952516619183285,,,-0.004157258523440887,0.49952516619183285,0.013901404552295995
2,weighted_fire_specificity_silence_npv,CWE-939,0,3,2035,107,2145,107,2038,0.0,0.0,0.9985279685966634,0.9500466853408029,0.0014720314033366045,1.0,0.9487179487179487,0.4992639842983317,,,-0.008575129612961705,0.4992639842983317,0.03162204244669331
2,weighted_fire_specificity_silence_npv,CWE-94,4,4,2055,82,2145,86,2059,0.5,0.046511627906976744,0.9980573093734822,0.9616284510996724,0.001942690626517727,0.9534883720930233,0.9599067599067599,0.5222844686402295,0.0851063829787234,0.056818181818181816,0.14343740615312572,0.5916707139388052,0.10931324199181364
2,weighted_fire_specificity_silence_npv,CWE-942,0,0,2065,80,2145,80,2065,,0.0,1.0,0.9627039627039627,0.0,1.0,0.9627039627039627,0.5,,,,0.5,0.027064629864536376
2,weighted_fire_specificity_silence_npv,CWE-95,8,12,2055,70,2145,78,2067,0.4,0.10256410256410256,0.9941944847605225,0.9670588235294117,0.005805515239477504,0.8974358974358975,0.9617715617715618,0.5483792936623125,0.163265306122449,0.12048192771084336,0.18845713897261818,0.6050574969297756,0.11194106235423337
2,weighted_fire_specificity_silence_npv,CWE-96,2,20,2048,75,2145,77,2068,0.09090909090909091,0.025974025974025976,0.9903288201160542,0.9646726330664155,0.009671179883945842,0.974025974025974,0.9557109557109557,0.50815142304504,0.04040404040404041,0.030303030303030304,0.0301021642310648,0.50815142304504,0.03598951266359659
2,weighted_fire_specificity_silence_npv,CWE-99,0,46,2057,42,2145,42,2103,0.0,0.0,0.9781264859724204,0.9799904716531682,0.021873514027579647,1.0,0.958974358974359,0.4890632429862102,,,-0.020920771949898945,0.4890632429862102,0.013989122404538529
2,weighted_fire_specificity_silence_sensitivity,CWE-113,0,0,2035,110,2145,110,2035,,0.0,1.0,0.9487179487179487,0.0,1.0,0.9487179487179487,0.5,,,,0.5,0.0425046204438324
2,weighted_fire_specificity_silence_sensitivity,CWE-116,2,47,2074,22,2145,24,2121,0.04081632653061224,0.08333333333333333,0.9778406412069779,0.9895038167938931,0.02215935879302216,0.9166666666666666,0.9678321678321679,0.5305869872701556,0.054794520547945195,0.06896551724137931,0.04306743172969428,0.5306852113782807,0.014357644409804839
2,weighted_fire_specificity_silence_sensitivity,CWE-117,2,0,2049,94,2145,96,2049,1.0,0.020833333333333332,1.0,0.9561362575828278,0.0,0.9791666666666666,0.9561771561771562,0.5104166666666666,0.04081632653061225,0.025906735751295335,0.14113647780183872,0.5104166666666666,0.06000374083453238
2,weighted_fire_specificity_silence_sensitivity,CWE-1333,1,5,2104,35,2145,36,2109,0.16666666666666666,0.027777777777777776,0.9976292081555239,0.9836372136512389,0.002370791844476055,0.9722222222222222,0.9813519813519813,0.5127034929666509,0.04761904761904762,0.033333333333333326,0.06179618574764702,0.5127034929666509,0.03582710150384191
2,weighted_fire_specificity_silence_sensitivity,CWE-185,0,0,2135,10,2145,10,2135,,0.0,1.0,0.9953379953379954,0.0,1.0,0.9953379953379954,0.5,,,,0.5,0.006199035726280778
2,weighted_fire_specificity_silence_sensitivity,CWE-20,23,353,1620,149,2145,172,1973,0.061170212765957445,0.13372093023255813,0.8210846426761277,0.9157716223855286,0.1789153573238723,0.8662790697674418,0.7659673659673659,0.4774027864543429,0.08394160583941607,0.1080827067669173,-0.032281582211931135,0.4722842678485131,0.05953870465122712
2,weighted_fire_specificity_silence_sensitivity,CWE-200,5,9,1915,216,2145,221,1924,0.35714285714285715,0.02262443438914027,0.9953222453222453,0.8986391365556077,0.004677754677754678,0.9773755656108597,0.8951048951048951,0.5089733398556928,0.04255319148936171,0.02783964365256125,0.06775276759547168,0.508990978447992,0.09450293903948116
2,weighted_fire_specificity_silence_sensitivity,CWE-208,10,82,1938,115,2145,125,2020,0.10869565217391304,0.08,0.9594059405940594,0.9439844130540672,0.040594059405940595,0.92,0.9081585081585082,0.5197029702970297,0.09216589861751152,0.08445945945945946,0.045562128142405345,0.5197029702970297,0.06036589212407466
2,weighted_fire_specificity_silence_sensitivity,CWE-209,2,8,2004,131,2145,133,2012,0.2,0.015037593984962405,0.9960238568588469,0.9386416861826697,0.003976143141153081,0.9849624060150376,0.9351981351981352,0.5055307254219046,0.027972027972027972,0.018450184501845015,0.039160926912069384,0.5055307254219047,0.057965530725169745
2,weighted_fire_specificity_silence_sensitivity,CWE-215,4,47,1986,108,2145,112,2033,0.0784313725490196,0.03571428571428571,0.9768814559763895,0.9484240687679083,0.023118544023610427,0.9642857142857143,0.9277389277389277,0.5062978708453376,0.04907975460122699,0.04008016032064128,0.018391960249443576,0.5062978708453376,0.046139390291510256
2,weighted_fire_specificity_silence_sensitivity,CWE-22,13,38,2024,70,2145,83,2062,0.2549019607843137,0.1566265060240964,0.9815712900096993,0.9665711556829035,0.01842870999030068,0.8433734939759037,0.9496503496503497,0.5690988980168978,0.19402985074626866,0.16971279373368148,0.17494883988328008,0.569443632921599,0.13798614071810805
2,weighted_fire_specificity_silence_sensitivity,CWE-23,12,34,2028,71,2145,83,2062,0.2608695652173913,0.14457831325301204,0.9835111542192047,0.9661743687470223,0.016488845780795344,0.8554216867469879,0.951048951048951,0.5640447337361083,0.18604651162790697,0.15873015873015872,0.17053426809383176,0.5640447337361083,0.11894224609954446
2,weighted_fire_specificity_silence_sensitivity,CWE-259,21,117,1921,86,2145,107,2038,0.15217391304347827,0.19626168224299065,0.9425907752698724,0.9571499750871948,0.05740922473012758,0.8037383177570093,0.9053613053613053,0.5694262287564316,0.17142857142857143,0.18551236749116606,0.12320669840477538,0.5687842212908019,0.062178777242694994
2,weighted_fire_specificity_silence_sensitivity,CWE-276,3,2,2092,48,2145,51,2094,0.6,0.058823529411764705,0.9990448901623686,0.9775700934579439,0.0009551098376313276,0.9411764705882353,0.9766899766899767,0.5289342097870666,0.10714285714285714,0.07177033492822966,0.182819770543822,0.5289342097870667,0.05984814962461276
2,weighted_fire_specificity_silence_sensitivity,CWE-284,0,1,1731,413,2145,413,1732,0.0,0.0,0.9994226327944573,0.8073694029850746,0.0005773672055427252,1.0,0.806993006993007,0.49971131639722866,,,-0.010546022449271303,0.49971131639722866,0.12459455289457419
2,weighted_fire_specificity_silence_sensitivity,CWE-287,5,5,1909,226,2145,231,1914,0.5,0.021645021645021644,0.9973876698014629,0.8941451990632319,0.002612330198537095,0.9783549783549783,0.8923076923076924,0.5095163457232422,0.04149377593360995,0.02676659528907923,0.08661203125942563,0.5095163457232422,0.07989716362799311
2,weighted_fire_specificity_silence_sensitivity,CWE-295,2,5,2079,59,2145,61,2084,0.2857142857142857,0.03278688524590164,0.9976007677543186,0.9724041159962582,0.0023992322456813818,0.9672131147540983,0.9701631701631701,0.5151938265001101,0.05882352941176471,0.0398406374501992,0.08856417122150168,0.5151938265001101,0.04206094966647751
2,weighted_fire_specificity_silence_sensitivity,CWE-312,0,24,2081,40,2145,40,2105,0.0,0.0,0.9885985748218528,0.9811409712399811,0.01140142517814727,1.0,0.9701631701631701,0.4942992874109264,,,-0.014663553639547355,0.4942992874109264,0.011615500865753482
2,weighted_fire_specificity_silence_sensitivity,CWE-315,0,6,2107,32,2145,32,2113,0.0,0.0,0.9971604353999054,0.9850397381954185,0.002839564600094652,1.0,0.9822843822843823,0.4985802176999527,,,-0.0065177166115471755,0.4985802176999527,0.009526248935595746
2,weighted_fire_specificity_silence_sensitivity,CWE-319,5,39,2030,71,2145,76,2069,0.11363636363636363,0.06578947368421052,0.9811503141614306,0.9662065683008091,0.018849685838569358,0.9342105263157895,0.9487179487179487,0.5234698939228206,0.08333333333333333,0.0718390804597701,0.06121936201974713,0.5234698939228206,0.0317358504327077
2,weighted_fire_specificity_silence_sensitivity,CWE-321,2,24,2012,107,2145,109,2036,0.07692307692307693,0.01834862385321101,0.9882121807465619,0.9495044832468146,0.011787819253438114,0.981651376146789,0.938927738927739,0.5032804022998865,0.02962962962962963,0.021645021645021644,0.013167613995078943,0.5032804022998865,0.03651513069646068
2,weighted_fire_specificity_silence_sensitivity,CWE-326,1,2,2104,38,2145,39,2106,0.3333333333333333,0.02564102564102564,0.9990503323836657,0.9822595704948646,0.000949667616334283,0.9743589743589743,0.9813519813519813,0.5123456790123456,0.047619047619047616,0.031446540880503145,0.08827467008419813,0.5123456790123457,0.02132792823018663
2,weighted_fire_specificity_silence_sensitivity,CWE-327,23,28,2075,19,2145,42,2103,0.45098039215686275,0.5476190476190477,0.9866856871136471,0.9909264565425024,0.01331431288635283,0.4523809523809524,0.9780885780885781,0.7671523673663474,0.49462365591397855,0.5251141552511416,0.4859145208479321,0.7885050834408894,0.23259847366162023
2,weighted_fire_specificity_silence_sensitivity,CWE-328,4,22,2073,46,2145,50,2095,0.15384615384615385,0.08,0.9894988066825776,0.9782916470033034,0.010501193317422435,0.92,0.9682983682983684,0.5347494033412888,0.10526315789473685,0.08849557522123894,0.09583015953601123,0.5347494033412887,0.03484935349301039
2,weighted_fire_specificity_silence_sensitivity,CWE-330,18,23,2061,43,2145,61,2084,0.43902439024390244,0.29508196721311475,0.9889635316698656,0.9795627376425855,0.011036468330134356,0.7049180327868853,0.9692307692307692,0.6420227494414902,0.3529411764705882,0.31578947368421056,0.34481558776614407,0.6420227494414902,0.1616224687153637
2,weighted_fire_specificity_silence_sensitivity,CWE-347,0,0,2113,32,2145,32,2113,,0.0,1.0,0.985081585081585,0.0,1.0,0.985081585081585,0.5,,,,0.5,0.00973827242017727
2,weighted_fire_specificity_silence_sensitivity,CWE-352,0,1,2105,39,2145,39,2106,0.0,0.0,0.9995251661918328,0.9818097014925373,0.0004748338081671415,1.0,0.9813519813519813,0.4997625830959164,,,-0.002938940066077493,0.4997625830959164,0.026768592780548647
2,weighted_fire_specificity_silence_sensitivity,CWE-359,3,21,2012,109,2145,112,2033,0.125,0.026785714285714284,0.9896704377766847,0.9486091466289486,0.010329562223315297,0.9732142857142857,0.9393939393939394,0.5082280760311995,0.04411764705882353,0.03177966101694915,0.03480407030951124,0.5082280760311995,0.04675249739456191
2,weighted_fire_specificity_silence_sensitivity,CWE-377,9,154,1975,7,2145,16,2129,0.05521472392638037,0.5625,0.927665570690465,0.9964682139253279,0.07233442930953499,0.4375,0.924941724941725,0.7450827853452324,0.1005586592178771,0.19823788546255508,0.1591640560146745,0.751086190699859,0.11245243295549213
2,weighted_fire_specificity_silence_sensitivity,CWE-400,6,84,1983,72,2145,78,2067,0.06666666666666667,0.07692307692307693,0.9593613933236574,0.964963503649635,0.040638606676342524,0.9230769230769231,0.9272727272727272,0.5181422351233672,0.07142857142857144,0.07462686567164178,0.033877484761135834,0.518030590599531,0.0508975762934847
2,weighted_fire_specificity_silence_sensitivity,CWE-477,0,232,1908,5,2145,5,2140,0.0,0.0,0.891588785046729,0.9973863042341872,0.10841121495327102,1.0,0.8895104895104895,0.4457943925233645,,,-0.016833120135316335,0.4457943925233645,0.0018493101897389542
2,weighted_fire_specificity_silence_sensitivity,CWE-497,0,10,1989,146,2145,146,1999,0.0,0.0,0.9949974987493747,0.931615925058548,0.0050025012506253125,1.0,0.9272727272727272,0.49749874937468735,,,-0.018495713568756105,0.49749874937468735,0.04802846148742899
2,weighted_fire_specificity_silence_sensitivity,CWE-502,12,10,2093,30,2145,42,2103,0.5454545454545454,0.2857142857142857,0.995244888254874,0.9858690532265661,0.004755111745126011,0.7142857142857143,0.9813519813519813,0.6404795869845799,0.37499999999999994,0.3157894736842105,0.386368010316287,0.6406550732513643,0.20678466233334897
2,weighted_fire_specificity_silence_sensitivity,CWE-521,0,3,2077,65,2145,65,2080,0.0,0.0,0.9985576923076923,0.9696545284780579,0.0014423076923076924,1.0,0.9682983682983684,0.49927884615384616,,,-0.006615701550312039,0.49927884615384616,0.023419231217037477
2,weighted_fire_specificity_silence_sensitivity,CWE-522,1,0,2054,90,2145,91,2054,1.0,0.01098901098901099,1.0,0.9580223880597015,0.0,0.989010989010989,0.958041958041958,0.5054945054945055,0.02173913043478261,0.013698630136986302,0.10260467119048045,0.5054945054945055,0.041611852894162
2,weighted_fire_specificity_silence_sensitivity,CWE-532,6,15,2001,123,2145,129,2016,0.2857142857142857,0.046511627906976744,0.9925595238095238,0.942090395480226,0.00744047619047619,0.9534883720930233,0.9356643356643357,0.5195355758582503,0.08,0.05586592178770949,0.09434294494385793,0.5195701827242525,0.06869949363910005
2,weighted_fire_specificity_silence_sensitivity,CWE-601,6,16,2081,42,2145,48,2097,0.2727272727272727,0.125,0.9923700524558894,0.9802166745171926,0.007629947544110634,0.875,0.972960372960373,0.5586850262279447,0.17142857142857143,0.14018691588785046,0.17230218906468547,0.55879430933079,0.06857210883836022
2,weighted_fire_specificity_silence_sensitivity,CWE-605,4,10,2121,10,2145,14,2131,0.2857142857142857,0.2857142857142857,0.99530736743313,0.99530736743313,0.004692632566870014,0.7142857142857143,0.9906759906759907,0.6405108265737078,0.2857142857142857,0.2857142857142857,0.2810216531474157,0.6405108265737078,0.09569024645195248
2,weighted_fire_specificity_silence_sensitivity,CWE-611,12,34,2091,8,2145,20,2125,0.2608695652173913,0.6,0.984,0.9961886612672701,0.016,0.4,0.9804195804195804,0.792,0.36363636363636365,0.4761904761904763,0.3874558094377245,0.7928,0.22680392738693186
2,weighted_fire_specificity_silence_sensitivity,CWE-614,5,20,2049,71,2145,76,2069,0.2,0.06578947368421052,0.9903334944417593,0.9665094339622642,0.009666505558240696,0.9342105263157895,0.9575757575757575,0.5280614840629849,0.099009900990099,0.07598784194528875,0.09666955909146079,0.528077382920811,0.046722232174395806
2,weighted_fire_specificity_silence_sensitivity,CWE-643,3,10,2085,47,2145,50,2095,0.23076923076923078,0.06,0.9952267303102625,0.9779549718574109,0.00477326968973747,0.94,0.9734265734265735,0.5276133651551312,0.09523809523809523,0.07042253521126761,0.10736459028788835,0.5276133651551312,0.03856588301716791
2,weighted_fire_specificity_silence_sensitivity,CWE-668,0,0,1806,339,2145,339,1806,,0.0,1.0,0.8419580419580419,0.0,1.0,0.8419580419580419,0.5,,,,0.5,0.10448004043929064
2,weighted_fire_specificity_silence_sensitivity,CWE-706,0,5,2036,104,2145,104,2041,0.0,0.0,0.9975502204801567,0.9514018691588785,0.002449779519843214,1.0,0.9491841491841492,0.49877511024007837,,,-0.010911219255300496,0.49877511024007837,0.05265671559462321
2,weighted_fire_specificity_silence_sensitivity,CWE-73,3,43,1979,120,2145,123,2022,0.06521739130434782,0.024390243902439025,0.9787339268051434,0.9428299190090519,0.02126607319485658,0.975609756097561,0.924009324009324,0.5015620853537912,0.03550295857988166,0.02788104089219331,0.005014097242370718,0.5015620853537912,0.04664720134773185
2,weighted_fire_specificity_silence_sensitivity,CWE-732,3,4,2086,52,2145,55,2090,0.42857142857142855,0.05454545454545454,0.9980861244019139,0.9756782039289055,0.0019138755980861245,0.9454545454545454,0.9738927738927738,0.5263157894736842,0.09677419354838708,0.06607929515418502,0.1458639655548484,0.5263418877772945,0.05794656727618535
2,weighted_fire_specificity_silence_sensitivity,CWE-74,8,1,1809,327,2145,335,1810,0.8888888888888888,0.023880597014925373,0.9994475138121547,0.8469101123595506,0.0005524861878453039,0.9761194029850746,0.8470862470862471,0.51166405541354,0.046511627906976744,0.02965159377316531,0.13101450548537907,0.51166405541354,0.188570793388005
2,weighted_fire_specificity_silence_sensitivity,CWE-770,0,2,2085,58,2145,58,2087,0.0,0.0,0.9990416866315285,0.9729351376574895,0.0009583133684714902,1.0,0.972027972027972,0.49952084331576424,,,-0.005092800742093531,0.49952084331576424,0.03901678229425722
2,weighted_fire_specificity_silence_sensitivity,CWE-776,0,3,2105,37,2145,37,2108,0.0,0.0,0.9985768500948766,0.9827264239028944,0.0014231499051233396,1.0,0.9813519813519813,0.4992884250474383,,,-0.004958113369391275,0.4992884250474383,0.022055087607082708
2,weighted_fire_specificity_silence_sensitivity,CWE-78,25,210,1832,78,2145,103,2042,0.10638297872340426,0.24271844660194175,0.8971596474045054,0.9591623036649215,0.10284035259549461,0.7572815533980582,0.8657342657342657,0.5699390470032235,0.14792899408284024,0.19319938176197834,0.09575149696789784,0.5692734136530909,0.08504715740192895
2,weighted_fire_specificity_silence_sensitivity,CWE-79,26,47,1973,99,2145,125,2020,0.3561643835616438,0.208,0.9767326732673267,0.9522200772200772,0.023267326732673267,0.792,0.931934731934732,0.5923663366336633,0.26262626262626265,0.2268760907504363,0.238681138413387,0.5926336633663366,0.13318718336053084
2,weighted_fire_specificity_silence_sensitivity,CWE-798,2,28,2008,107,2145,109,2036,0.06666666666666667,0.01834862385321101,0.9862475442043221,0.9494089834515367,0.0137524557956778,0.981651376146789,0.9370629370629371,0.5022980840287665,0.028776978417266192,0.02145922746781116,0.00859571925887334,0.5023161082172275,0.03646680641246939
2,weighted_fire_specificity_silence_sensitivity,CWE-80,1,2,2021,121,2145,122,2023,0.3333333333333333,0.00819672131147541,0.9990113692535838,0.9435107376283847,0.0009886307464162135,0.9918032786885246,0.9426573426573427,0.5036040452825296,0.016,0.010183299389002037,0.04467121148896388,0.5036040452825296,0.052476840384514424
2,weighted_fire_specificity_silence_sensitivity,CWE-827,0,2,2123,20,2145,20,2125,0.0,0.0,0.9990588235294118,0.9906672888474102,0.0009411764705882353,1.0,0.9897435897435898,0.4995294117647059,,,-0.0029637355050027583,0.4995294117647059,0.005497607002860042
2,weighted_fire_specificity_silence_sensitivity,CWE-829,0,4,2120,21,2145,21,2124,0.0,0.0,0.9981167608286252,0.9901914992993928,0.0018832391713747645,1.0,0.9883449883449883,0.4990583804143126,,,-0.004297877700893813,0.4990583804143126,0.005866743232091712
2,weighted_fire_specificity_silence_sensitivity,CWE-88,0,3,2078,64,2145,64,2081,0.0,0.0,0.9985583853916387,0.9701213818860878,0.0014416146083613647,1.0,0.9687645687645687,0.49927919269581933,,,-0.006563036823808499,0.49927919269581933,0.02747886715520565
2,weighted_fire_specificity_silence_sensitivity,CWE-89,55,27,2009,54,2145,109,2036,0.6707317073170732,0.5045871559633027,0.9867387033398821,0.9738245273873001,0.013261296660117878,0.4954128440366973,0.9622377622377623,0.7456629296515924,0.5759162303664922,0.5308880308880309,0.5627496298402617,0.743930354535787,0.31660816874238296
2,weighted_fire_specificity_silence_sensitivity,CWE-90,0,1,2105,39,2145,39,2106,0.0,0.0,0.9995251661918328,0.9818097014925373,0.0004748338081671415,1.0,0.9813519813519813,0.4997625830959164,,,-0.002938940066077493,0.4997625830959164,0.013679545135095221
2,weighted_fire_specificity_silence_sensitivity,CWE-916,4,22,2073,46,2145,50,2095,0.15384615384615385,0.08,0.9894988066825776,0.9782916470033034,0.010501193317422435,0.92,0.9682983682983684,0.5347494033412888,0.10526315789473685,0.08849557522123894,0.09583015953601123,0.5347494033412887,0.03484935349301039
2,weighted_fire_specificity_silence_sensitivity,CWE-918,0,4,2117,24,2145,24,2121,0.0,0.0,0.9981140971239981,0.9887902849135918,0.001885902876001886,1.0,0.9869463869463869,0.49905704856199906,,,-0.004597872760377236,0.49905704856199906,0.011180247967676063
2,weighted_fire_specificity_silence_sensitivity,CWE-93,0,2,2104,39,2145,39,2106,0.0,0.0,0.9990503323836657,0.9818012132524498,0.000949667616334283,1.0,0.9808857808857809,0.49952516619183285,,,-0.004157258523440887,0.49952516619183285,0.013901404552295995
2,weighted_fire_specificity_silence_sensitivity,CWE-939,0,3,2035,107,2145,107,2038,0.0,0.0,0.9985279685966634,0.9500466853408029,0.0014720314033366045,1.0,0.9487179487179487,0.4992639842983317,,,-0.008575129612961705,0.4992639842983317,0.03162204244669331
2,weighted_fire_specificity_silence_sensitivity,CWE-94,19,82,1977,67,2145,86,2059,0.18811881188118812,0.22093023255813954,0.9601748421563866,0.9672211350293543,0.0398251578436134,0.7790697674418605,0.9305361305361305,0.5905525373572631,0.20320855614973263,0.21348314606741575,0.1677285088808229,0.5916481245129155,0.10590792637719569
2,weighted_fire_specificity_silence_sensitivity,CWE-942,0,0,2065,80,2145,80,2065,,0.0,1.0,0.9627039627039627,0.0,1.0,0.9627039627039627,0.5,,,,0.5,0.027064629864536376
2,weighted_fire_specificity_silence_sensitivity,CWE-95,18,44,2023,60,2145,78,2067,0.2903225806451613,0.23076923076923078,0.9787131107885825,0.971195391262602,0.021286889211417512,0.7692307692307693,0.9515151515151515,0.6047411707789067,0.2571428571428572,0.24064171122994654,0.23405853352246886,0.6051195216652401,0.11306706414033076
2,weighted_fire_specificity_silence_sensitivity,CWE-96,2,20,2048,75,2145,77,2068,0.09090909090909091,0.025974025974025976,0.9903288201160542,0.9646726330664155,0.009671179883945842,0.974025974025974,0.9557109557109557,0.50815142304504,0.04040404040404041,0.030303030303030304,0.0301021642310648,0.50815142304504,0.03598951266359659
2,weighted_fire_specificity_silence_sensitivity,CWE-99,0,46,2057,42,2145,42,2103,0.0,0.0,0.9781264859724204,0.9799904716531682,0.021873514027579647,1.0,0.958974358974359,0.4890632429862102,,,-0.020920771949898945,0.4890632429862102,0.013989122404538529
3,dst_dempster,CWE-113,0,0,2034,110,2144,110,2034,,0.0,1.0,0.9486940298507462,0.0,1.0,0.9486940298507462,0.5,,,,0.5,0.038032298345933024
3,dst_dempster,CWE-116,0,0,2123,21,2144,21,2123,,0.0,1.0,0.9902052238805971,0.0,1.0,0.9902052238805971,0.5,,,,0.6102662449812709,0.03633347537548023
3,dst_dempster,CWE-117,1,0,2050,93,2144,94,2050,1.0,0.010638297872340425,1.0,0.9566028931404573,0.0,0.9893617021276596,0.9566231343283582,0.5053191489361702,0.021052631578947368,0.013262599469496022,0.10087926706103105,0.5053191489361702,0.04235064384373712
3,dst_dempster,CWE-1333,1,8,2101,34,2144,35,2109,0.1111111111111111,0.02857142857142857,0.9962067330488383,0.9840749414519906,0.003793266951161688,0.9714285714285714,0.980410447761194,0.5123890808101335,0.04545454545454545,0.03355704697986577,0.04856475465194644,0.5123890808101335,0.028305062209568403
3,dst_dempster,CWE-185,0,0,2134,10,2144,10,2134,,0.0,1.0,0.9953358208955224,0.0,1.0,0.9953358208955224,0.5,,,,0.5,0.00789469307883133
3,dst_dempster,CWE-20,2,19,1947,176,2144,178,1966,0.09523809523809523,0.011235955056179775,0.9903357070193286,0.917098445595855,0.009664292980671414,0.9887640449438202,0.9090485074626866,0.5007858310377542,0.020100502512562814,0.01364256480218281,0.004403279842535534,0.5013944928960874,0.07931844933586005
3,dst_dempster,CWE-200,12,8,1905,219,2144,231,1913,0.6,0.05194805194805195,0.9958180867746994,0.8968926553672316,0.004181913225300575,0.948051948051948,0.8941231343283582,0.5238830693613756,0.09561752988047809,0.0635593220338983,0.15406051897415987,0.5233874854888969,0.10396500388145175
3,dst_dempster,CWE-208,11,91,1930,112,2144,123,2021,0.10784313725490197,0.08943089430894309,0.9549727857496288,0.9451518119490695,0.0450272142503711,0.9105691056910569,0.9053171641791045,0.5222018400292859,0.09777777777777778,0.0925925925925926,0.04850949153695001,0.522201840029286,0.05012859505690063
3,dst_dempster,CWE-209,0,15,2003,126,2144,126,2018,0.0,0.0,0.9925668979187314,0.9408172851103804,0.007433102081268583,1.0,0.9342350746268657,0.4962834489593657,,,-0.02097405924519992,0.4962834489593657,0.03975957978146918
3,dst_dempster,CWE-215,1,51,1981,111,2144,112,2032,0.019230769230769232,0.008928571428571428,0.9749015748031497,0.9469407265774379,0.025098425196850394,0.9910714285714286,0.9244402985074627,0.4919150731158605,0.012195121951219513,0.01,-0.023388073156651944,0.4919150731158605,0.037785350494715195
3,dst_dempster,CWE-22,0,0,2058,86,2144,86,2058,,0.0,1.0,0.9598880597014925,0.0,1.0,0.9598880597014925,0.5,,,,0.5842797251791082,0.14915174896835953
3,dst_dempster,CWE-23,10,32,2028,74,2144,84,2060,0.23809523809523808,0.11904761904761904,0.9844660194174757,0.9647954329210275,0.015533980582524271,0.8809523809523809,0.9505597014925373,0.5517568192325474,0.15873015873015875,0.13227513227513227,0.14492050085311675,0.5517568192325474,0.10831370334429775
3,dst_dempster,CWE-259,3,19,2014,108,2144,111,2033,0.13636363636363635,0.02702702702702703,0.9906542056074766,0.9491046182846371,0.009345794392523364,0.972972972972973,0.9407649253731343,0.5088406163172519,0.04511278195488722,0.03218884120171674,0.03887395134664243,0.5586405392111246,0.07349745532084495
3,dst_dempster,CWE-276,2,6,2082,54,2144,56,2088,0.25,0.03571428571428571,0.9971264367816092,0.9747191011235955,0.0028735632183908046,0.9642857142857143,0.9720149253731343,0.5164203612479474,0.0625,0.04310344827586206,0.0859065634251944,0.5164203612479474,0.03636362067313267
3,dst_dempster,CWE-284,0,0,1738,406,2144,406,1738,,0.0,1.0,0.8106343283582089,0.0,1.0,0.8106343283582089,0.5,,,,0.5,0.12100096048765024
3,dst_dempster,CWE-287,0,0,1920,224,2144,224,1920,,0.0,1.0,0.8955223880597015,0.0,1.0,0.8955223880597015,0.5,,,,0.5051339285714286,0.08055274341958431
3,dst_dempster,CWE-295,0,3,2080,61,2144,61,2083,0.0,0.0,0.9985597695631301,0.9715086408220458,0.0014402304368698992,1.0,0.9701492537313433,0.49927988478156504,,,-0.006405788216596161,0.4985597695631301,0.0344359084177978
3,dst_dempster,CWE-312,0,27,2080,37,2144,37,2107,0.0,0.0,0.9871855719031799,0.9825224374114313,0.012814428096820124,1.0,0.9701492537313433,0.49359278595158995,,,-0.014965459201069889,0.49359278595158995,0.011387802667284312
3,dst_dempster,CWE-315,0,8,2104,32,2144,32,2112,0.0,0.0,0.9962121212121212,0.9850187265917603,0.003787878787878788,1.0,0.9813432835820896,0.4981060606060606,,,-0.0075330769117594775,0.4981060606060606,0.010394060912243572
3,dst_dempster,CWE-319,1,0,2068,75,2144,76,2068,1.0,0.013157894736842105,1.0,0.9650023331777882,0.0,0.9868421052631579,0.965018656716418,0.506578947368421,0.025974025974025976,0.016393442622950817,0.11268273656936262,0.5212034256337168,0.047392631558596056
3,dst_dempster,CWE-321,3,24,2007,110,2144,113,2031,0.1111111111111111,0.02654867256637168,0.9881831610044313,0.9480396787907416,0.011816838995568686,0.9734513274336283,0.9375,0.5073659167854014,0.042857142857142864,0.031315240083507306,0.029519478186709684,0.5073659167854015,0.04655615085970255
3,dst_dempster,CWE-326,0,0,2104,40,2144,40,2104,,0.0,1.0,0.9813432835820896,0.0,1.0,0.9813432835820896,0.5,,,,0.5113117870722433,0.01888770165253911
3,dst_dempster,CWE-327,3,16,2086,39,2144,42,2102,0.15789473684210525,0.07142857142857142,0.9923882017126546,0.9816470588235294,0.007611798287345386,0.9285714285714286,0.9743470149253731,0.531908386570613,0.09836065573770492,0.08021390374331551,0.09436687510834046,0.7635924969416882,0.19482817092217894
3,dst_dempster,CWE-328,3,25,2068,48,2144,51,2093,0.10714285714285714,0.058823529411764705,0.9880554228380315,0.9773156899810964,0.011944577161968466,0.9411764705882353,0.9659514925373134,0.523439476124898,0.07594936708860758,0.06465517241379311,0.06292319284422067,0.5234394761248982,0.03329881951210095
3,dst_dempster,CWE-330,23,34,2039,48,2144,71,2073,0.40350877192982454,0.323943661971831,0.9835986493005306,0.9770004791566842,0.016401350699469366,0.676056338028169,0.9617537313432836,0.6537711556361808,0.35937500000000006,0.3372434017595308,0.34208579996787397,0.6537711556361808,0.1751583172538354
3,dst_dempster,CWE-347,1,0,2112,31,2144,32,2112,1.0,0.03125,1.0,0.9855342977134858,0.0,0.96875,0.9855410447761194,0.515625,0.06060606060606061,0.03875968992248062,0.17549343806406675,0.515625,0.04269584246810155
3,dst_dempster,CWE-352,0,1,2104,39,2144,39,2105,0.0,0.0,0.9995249406175772,0.9818012132524498,0.00047505938242280285,1.0,0.9813432835820896,0.4997624703087886,,,-0.0029403238585461074,0.4997624703087886,0.019037712221367995
3,dst_dempster,CWE-359,4,23,2008,109,2144,113,2031,0.14814814814814814,0.035398230088495575,0.9886755292959133,0.9485120453471895,0.011324470704086657,0.9646017699115044,0.9384328358208955,0.5120368796922045,0.05714285714285715,0.04175365344467641,0.0482387213787551,0.5120368796922045,0.045690449433220356
3,dst_dempster,CWE-377,0,0,2128,16,2144,16,2128,,0.0,1.0,0.9925373134328358,0.0,1.0,0.9925373134328358,0.5,,,,0.783937382518797,0.06794287452956467
3,dst_dempster,CWE-400,0,0,2072,72,2144,72,2072,,0.0,1.0,0.9664179104477612,0.0,1.0,0.9664179104477612,0.5,,,,0.5339848777348777,0.05262816556946189
3,dst_dempster,CWE-477,0,225,1913,6,2144,6,2138,0.0,0.0,0.8947614593077643,0.9968733715476811,0.10523854069223573,1.0,0.8922574626865671,0.44738072965388215,,,-0.01813950979516443,0.44738072965388215,0.001824396317627339
3,dst_dempster,CWE-497,0,15,1979,150,2144,150,1994,0.0,0.0,0.9924774322968907,0.9295443870361673,0.007522567703109328,1.0,0.9230410447761194,0.49623871614844534,,,-0.023021883471699256,0.49623871614844534,0.04550460119159972
3,dst_dempster,CWE-502,1,2,2100,41,2144,42,2102,0.3333333333333333,0.023809523809523808,0.9990485252140818,0.9808500700607193,0.0009514747859181732,0.9761904761904762,0.9799440298507462,0.5114290245118028,0.044444444444444446,0.029239766081871343,0.08474443720495477,0.640104662226451,0.20872172518401808
3,dst_dempster,CWE-521,0,0,2080,64,2144,64,2080,,0.0,1.0,0.9701492537313433,0.0,1.0,0.9701492537313433,0.5,,,,0.5,0.026078105616212464
3,dst_dempster,CWE-522,0,0,2052,92,2144,92,2052,,0.0,1.0,0.957089552238806,0.0,1.0,0.957089552238806,0.5,,,,0.5,0.03143333960733921
3,dst_dempster,CWE-532,0,0,2013,131,2144,131,2013,,0.0,1.0,0.9388992537313433,0.0,1.0,0.9388992537313433,0.5,,,,0.5065054246633524,0.04667280613889499
3,dst_dempster,CWE-601,2,4,2092,46,2144,48,2096,0.3333333333333333,0.041666666666666664,0.9980916030534351,0.9784845650140318,0.0019083969465648854,0.9583333333333334,0.976679104477612,0.5198791348600509,0.07407407407407407,0.0505050505050505,0.1113433433396439,0.5381182410941476,0.0611411405110579
3,dst_dempster,CWE-605,5,21,2110,8,2144,13,2131,0.19230769230769232,0.38461538461538464,0.990145471609573,0.996222851746931,0.009854528390427029,0.6153846153846154,0.9864738805970149,0.6873804281124788,0.2564102564102564,0.32051282051282054,0.2658079534447149,0.6873804281124788,0.08100160587522816
3,dst_dempster,CWE-611,1,0,2126,17,2144,18,2126,1.0,0.05555555555555555,1.0,0.9920671955202987,0.0,0.9444444444444444,0.992070895522388,0.5277777777777778,0.10526315789473684,0.06849315068493152,0.23476550895643114,0.6862260896832862,0.13759538137551613
3,dst_dempster,CWE-614,1,1,2067,75,2144,76,2068,0.5,0.013157894736842105,0.9995164410058027,0.9649859943977591,0.00048355899419729207,0.9868421052631579,0.9645522388059702,0.5063371678713224,0.025641025641025637,0.016339869281045753,0.07676840892336352,0.5327738470935559,0.07372760666210697
3,dst_dempster,CWE-643,4,8,2090,42,2144,46,2098,0.3333333333333333,0.08695652173913043,0.996186844613918,0.9803001876172608,0.0038131553860819827,0.9130434782608695,0.976679104477612,0.5415716831765243,0.13793103448275862,0.1020408163265306,0.1614823418612442,0.5415716831765243,0.05501814351321774
3,dst_dempster,CWE-668,0,0,1790,354,2144,354,1790,,0.0,1.0,0.8348880597014925,0.0,1.0,0.8348880597014925,0.5,,,,0.5,0.10373308182707458
3,dst_dempster,CWE-706,0,3,2032,109,2144,109,2035,0.0,0.0,0.9985257985257985,0.9490892106492294,0.0014742014742014742,1.0,0.9477611940298507,0.49926289926289924,,,-0.008663299643534605,0.49926289926289924,0.055834633513959786
3,dst_dempster,CWE-73,2,40,1982,120,2144,122,2022,0.047619047619047616,0.01639344262295082,0.9802176063303659,0.9429115128449096,0.019782393669634024,0.9836065573770492,0.9253731343283582,0.4983055244766584,0.024390243902439025,0.01886792452830189,-0.00566493309997351,0.4983055244766584,0.040855803612870514
3,dst_dempster,CWE-732,4,4,2081,55,2144,59,2085,0.5,0.06779661016949153,0.9980815347721822,0.974250936329588,0.0019184652278177458,0.9322033898305084,0.972481343283582,0.5329390724708368,0.11940298507462686,0.0819672131147541,0.17675625002314657,0.5409502906149657,0.07746414463094378
3,dst_dempster,CWE-74,8,2,1807,327,2144,335,1809,0.8,0.023880597014925373,0.9988944168048646,0.8467666354264293,0.001105583195135434,0.9761194029850746,0.8465485074626866,0.511387506909895,0.04637681159420289,0.02962962962962963,0.12136770188157955,0.511387506909895,0.19152217173445404
3,dst_dempster,CWE-770,0,0,2089,55,2144,55,2089,,0.0,1.0,0.9743470149253731,0.0,1.0,0.9743470149253731,0.5,,,,0.5,0.024876466087780564
3,dst_dempster,CWE-776,0,0,2105,39,2144,39,2105,,0.0,1.0,0.9818097014925373,0.0,1.0,0.9818097014925373,0.5,,,,0.498812351543943,0.017242480579642873
3,dst_dempster,CWE-78,0,0,2037,107,2144,107,2037,,0.0,1.0,0.9500932835820896,0.0,1.0,0.9500932835820896,0.5,,,,0.6098555232864896,0.18935352229112654
3,dst_dempster,CWE-79,0,0,2016,128,2144,128,2016,,0.0,1.0,0.9402985074626866,0.0,1.0,0.9402985074626866,0.5,,,,0.5835212828621031,0.16473585319715914
3,dst_dempster,CWE-798,0,1,2028,115,2144,115,2029,0.0,0.0,0.9995071463775259,0.9463369108726085,0.0004928536224741252,1.0,0.9458955223880597,0.49975357318876296,,,-0.005142766557951736,0.506882807979943,0.046791701825416
3,dst_dempster,CWE-80,1,1,2022,120,2144,121,2023,0.5,0.008264462809917356,0.9995056846267919,0.9439775910364145,0.0004943153732081067,0.9917355371900827,0.9435634328358209,0.5038850737183547,0.016260162601626018,0.0102880658436214,0.058734754114986666,0.5038850737183547,0.0648899104545778
3,dst_dempster,CWE-827,0,1,2122,21,2144,21,2123,0.0,0.0,0.9995289684408856,0.9902006532897807,0.0004710315591144607,1.0,0.9897388059701493,0.4997644842204428,,,-0.00214844165832302,0.4997644842204428,0.006148918529234814
3,dst_dempster,CWE-829,0,6,2115,23,2144,23,2121,0.0,0.0,0.9971711456859972,0.989242282507016,0.002828854314002829,1.0,0.9864738805970149,0.4985855728429986,,,-0.005516522050971224,0.4985855728429986,0.006622766009990635
3,dst_dempster,CWE-88,0,7,2074,63,2144,63,2081,0.0,0.0,0.9966362325804902,0.9705194197473093,0.003363767419509851,1.0,0.9673507462686567,0.4983181162902451,,,-0.009958203420409047,0.4983181162902451,0.02701854173656242
3,dst_dempster,CWE-89,6,23,2010,105,2144,111,2033,0.20689655172413793,0.05405405405405406,0.9886866699458927,0.950354609929078,0.01131333005410723,0.9459459459459459,0.9402985074626866,0.5213703619999734,0.08571428571428573,0.06342494714587739,0.0819818790885591,0.7621143031866101,0.30477889709028017
3,dst_dempster,CWE-90,0,0,2106,38,2144,38,2106,,0.0,1.0,0.9822761194029851,0.0,1.0,0.9822761194029851,0.5,,,,0.5,0.013654090747530887
3,dst_dempster,CWE-916,3,25,2068,48,2144,51,2093,0.10714285714285714,0.058823529411764705,0.9880554228380315,0.9773156899810964,0.011944577161968466,0.9411764705882353,0.9659514925373134,0.523439476124898,0.07594936708860758,0.06465517241379311,0.06292319284422067,0.5234394761248982,0.03329881951210095
3,dst_dempster,CWE-918,0,4,2117,23,2144,23,2121,0.0,0.0,0.9981140971239981,0.9892523364485981,0.001885902876001886,1.0,0.9874067164179104,0.49905704856199906,,,-0.004502116124878325,0.5198019801980198,0.021752180112599974
3,dst_dempster,CWE-93,0,3,2101,40,2144,40,2104,0.0,0.0,0.998574144486692,0.9813171415226529,0.0014258555133079848,1.0,0.9799440298507462,0.499287072243346,,,-0.005161303785312205,0.499287072243346,0.014756566352858155
3,dst_dempster,CWE-939,0,2,2034,108,2144,108,2036,0.0,0.0,0.9990176817288802,0.9495798319327731,0.0009823182711198428,1.0,0.9486940298507462,0.4995088408644401,,,-0.007037659577257927,0.4995088408644401,0.035470918786142586
3,dst_dempster,CWE-94,0,0,2060,84,2144,84,2060,,0.0,1.0,0.960820895522388,0.0,1.0,0.960820895522388,0.5,,,,0.5635748959778086,0.070658240007525
3,dst_dempster,CWE-942,0,0,2065,79,2144,79,2065,,0.0,1.0,0.9631529850746269,0.0,1.0,0.9631529850746269,0.5,,,,0.5,0.03137180990967501
3,dst_dempster,CWE-95,0,1,2066,77,2144,77,2067,0.0,0.0,0.9995162070633768,0.9640690620625292,0.0004837929366231253,1.0,0.9636194029850746,0.4997581035316884,,,-0.004169308573419852,0.5757827078581795,0.09888386426525247
3,dst_dempster,CWE-96,1,18,2050,75,2144,76,2068,0.05263157894736842,0.013157894736842105,0.9912959381044487,0.9647058823529412,0.008704061895551257,0.9868421052631579,0.9566231343283582,0.5022269164206454,0.021052631578947368,0.015479876160990712,0.008787386103041564,0.5022269164206454,0.032259864072012034
3,dst_dempster,CWE-99,0,42,2062,40,2144,40,2104,0.0,0.0,0.9800380228136882,0.9809705042816366,0.019961977186311788,1.0,0.9617537313432836,0.4900190114068441,,,-0.01949016057904576,0.4900190114068441,0.013539696749207995
3,dst_pcr6,CWE-113,0,0,2034,110,2144,110,2034,,0.0,1.0,0.9486940298507462,0.0,1.0,0.9486940298507462,0.5,,,,0.5,0.038032298345933024
3,dst_pcr6,CWE-116,0,0,2123,21,2144,21,2123,,0.0,1.0,0.9902052238805971,0.0,1.0,0.9902052238805971,0.5,,,,0.6102662449812709,0.03633347537548023
3,dst_pcr6,CWE-117,1,0,2050,93,2144,94,2050,1.0,0.010638297872340425,1.0,0.9566028931404573,0.0,0.9893617021276596,0.9566231343283582,0.5053191489361702,0.021052631578947368,0.013262599469496022,0.10087926706103105,0.5053191489361702,0.04235064384373712
3,dst_pcr6,CWE-1333,1,8,2101,34,2144,35,2109,0.1111111111111111,0.02857142857142857,0.9962067330488383,0.9840749414519906,0.003793266951161688,0.9714285714285714,0.980410447761194,0.5123890808101335,0.04545454545454545,0.03355704697986577,0.04856475465194644,0.5123890808101335,0.028305062209568403
3,dst_pcr6,CWE-185,0,0,2134,10,2144,10,2134,,0.0,1.0,0.9953358208955224,0.0,1.0,0.9953358208955224,0.5,,,,0.5,0.00789469307883133
3,dst_pcr6,CWE-20,2,19,1947,176,2144,178,1966,0.09523809523809523,0.011235955056179775,0.9903357070193286,0.917098445595855,0.009664292980671414,0.9887640449438202,0.9090485074626866,0.5007858310377542,0.020100502512562814,0.01364256480218281,0.004403279842535534,0.5013944928960874,0.07931844933586005
3,dst_pcr6,CWE-200,12,8,1905,219,2144,231,1913,0.6,0.05194805194805195,0.9958180867746994,0.8968926553672316,0.004181913225300575,0.948051948051948,0.8941231343283582,0.5238830693613756,0.09561752988047809,0.0635593220338983,0.15406051897415987,0.5233874854888969,0.10396500388145175
3,dst_pcr6,CWE-208,11,91,1930,112,2144,123,2021,0.10784313725490197,0.08943089430894309,0.9549727857496288,0.9451518119490695,0.0450272142503711,0.9105691056910569,0.9053171641791045,0.5222018400292859,0.09777777777777778,0.0925925925925926,0.04850949153695001,0.522201840029286,0.05012859505690063
3,dst_pcr6,CWE-209,0,15,2003,126,2144,126,2018,0.0,0.0,0.9925668979187314,0.9408172851103804,0.007433102081268583,1.0,0.9342350746268657,0.4962834489593657,,,-0.02097405924519992,0.4962834489593657,0.03975957978146918
3,dst_pcr6,CWE-215,1,51,1981,111,2144,112,2032,0.019230769230769232,0.008928571428571428,0.9749015748031497,0.9469407265774379,0.025098425196850394,0.9910714285714286,0.9244402985074627,0.4919150731158605,0.012195121951219513,0.01,-0.023388073156651944,0.4919150731158605,0.037785350494715195
3,dst_pcr6,CWE-22,0,0,2058,86,2144,86,2058,,0.0,1.0,0.9598880597014925,0.0,1.0,0.9598880597014925,0.5,,,,0.5841102221619545,0.14204933411265647
3,dst_pcr6,CWE-23,10,32,2028,74,2144,84,2060,0.23809523809523808,0.11904761904761904,0.9844660194174757,0.9647954329210275,0.015533980582524271,0.8809523809523809,0.9505597014925373,0.5517568192325474,0.15873015873015875,0.13227513227513227,0.14492050085311675,0.5517568192325474,0.10831370334429775
3,dst_pcr6,CWE-259,3,19,2014,108,2144,111,2033,0.13636363636363635,0.02702702702702703,0.9906542056074766,0.9491046182846371,0.009345794392523364,0.972972972972973,0.9407649253731343,0.5088406163172519,0.04511278195488722,0.03218884120171674,0.03887395134664243,0.5582860282811094,0.07187859497681522
3,dst_pcr6,CWE-276,2,6,2082,54,2144,56,2088,0.25,0.03571428571428571,0.9971264367816092,0.9747191011235955,0.0028735632183908046,0.9642857142857143,0.9720149253731343,0.5164203612479474,0.0625,0.04310344827586206,0.0859065634251944,0.5164203612479474,0.03636362067313267
3,dst_pcr6,CWE-284,0,0,1738,406,2144,406,1738,,0.0,1.0,0.8106343283582089,0.0,1.0,0.8106343283582089,0.5,,,,0.5,0.12100096048765024
3,dst_pcr6,CWE-287,0,0,1920,224,2144,224,1920,,0.0,1.0,0.8955223880597015,0.0,1.0,0.8955223880597015,0.5,,,,0.5051339285714286,0.08055274341958431
3,dst_pcr6,CWE-295,0,3,2080,61,2144,61,2083,0.0,0.0,0.9985597695631301,0.9715086408220458,0.0014402304368698992,1.0,0.9701492537313433,0.49927988478156504,,,-0.006405788216596161,0.4985597695631301,0.0344359084177978
3,dst_pcr6,CWE-312,0,27,2080,37,2144,37,2107,0.0,0.0,0.9871855719031799,0.9825224374114313,0.012814428096820124,1.0,0.9701492537313433,0.49359278595158995,,,-0.014965459201069889,0.49359278595158995,0.011387802667284312
3,dst_pcr6,CWE-315,0,8,2104,32,2144,32,2112,0.0,0.0,0.9962121212121212,0.9850187265917603,0.003787878787878788,1.0,0.9813432835820896,0.4981060606060606,,,-0.0075330769117594775,0.4981060606060606,0.010394060912243572
3,dst_pcr6,CWE-319,1,0,2068,75,2144,76,2068,1.0,0.013157894736842105,1.0,0.9650023331777882,0.0,0.9868421052631579,0.965018656716418,0.506578947368421,0.025974025974025976,0.016393442622950817,0.11268273656936262,0.5212034256337168,0.047392631558596056
3,dst_pcr6,CWE-321,3,24,2007,110,2144,113,2031,0.1111111111111111,0.02654867256637168,0.9881831610044313,0.9480396787907416,0.011816838995568686,0.9734513274336283,0.9375,0.5073659167854014,0.042857142857142864,0.031315240083507306,0.029519478186709684,0.5073659167854015,0.04655615085970255
3,dst_pcr6,CWE-326,0,0,2104,40,2144,40,2104,,0.0,1.0,0.9813432835820896,0.0,1.0,0.9813432835820896,0.5,,,,0.5113117870722433,0.01888770165253911
3,dst_pcr6,CWE-327,3,16,2086,39,2144,42,2102,0.15789473684210525,0.07142857142857142,0.9923882017126546,0.9816470588235294,0.007611798287345386,0.9285714285714286,0.9743470149253731,0.531908386570613,0.09836065573770492,0.08021390374331551,0.09436687510834046,0.7635924969416882,0.19482817092217894
3,dst_pcr6,CWE-328,3,25,2068,48,2144,51,2093,0.10714285714285714,0.058823529411764705,0.9880554228380315,0.9773156899810964,0.011944577161968466,0.9411764705882353,0.9659514925373134,0.523439476124898,0.07594936708860758,0.06465517241379311,0.06292319284422067,0.5234394761248982,0.03329881951210095
3,dst_pcr6,CWE-330,23,34,2039,48,2144,71,2073,0.40350877192982454,0.323943661971831,0.9835986493005306,0.9770004791566842,0.016401350699469366,0.676056338028169,0.9617537313432836,0.6537711556361808,0.35937500000000006,0.3372434017595308,0.34208579996787397,0.6537711556361808,0.1751583172538354
3,dst_pcr6,CWE-347,1,0,2112,31,2144,32,2112,1.0,0.03125,1.0,0.9855342977134858,0.0,0.96875,0.9855410447761194,0.515625,0.06060606060606061,0.03875968992248062,0.17549343806406675,0.515625,0.04269584246810155
3,dst_pcr6,CWE-352,0,1,2104,39,2144,39,2105,0.0,0.0,0.9995249406175772,0.9818012132524498,0.00047505938242280285,1.0,0.9813432835820896,0.4997624703087886,,,-0.0029403238585461074,0.4997624703087886,0.019037712221367995
3,dst_pcr6,CWE-359,4,23,2008,109,2144,113,2031,0.14814814814814814,0.035398230088495575,0.9886755292959133,0.9485120453471895,0.011324470704086657,0.9646017699115044,0.9384328358208955,0.5120368796922045,0.05714285714285715,0.04175365344467641,0.0482387213787551,0.5120368796922045,0.045690449433220356
3,dst_pcr6,CWE-377,0,0,2128,16,2144,16,2128,,0.0,1.0,0.9925373134328358,0.0,1.0,0.9925373134328358,0.5,,,,0.7820870535714286,0.06448484696670866
3,dst_pcr6,CWE-400,0,0,2072,72,2144,72,2072,,0.0,1.0,0.9664179104477612,0.0,1.0,0.9664179104477612,0.5,,,,0.5339848777348777,0.05262816556946189
3,dst_pcr6,CWE-477,0,225,1913,6,2144,6,2138,0.0,0.0,0.8947614593077643,0.9968733715476811,0.10523854069223573,1.0,0.8922574626865671,0.44738072965388215,,,-0.01813950979516443,0.44738072965388215,0.001824396317627339
3,dst_pcr6,CWE-497,0,15,1979,150,2144,150,1994,0.0,0.0,0.9924774322968907,0.9295443870361673,0.007522567703109328,1.0,0.9230410447761194,0.49623871614844534,,,-0.023021883471699256,0.49623871614844534,0.04550460119159972
3,dst_pcr6,CWE-502,1,2,2100,41,2144,42,2102,0.3333333333333333,0.023809523809523808,0.9990485252140818,0.9808500700607193,0.0009514747859181732,0.9761904761904762,0.9799440298507462,0.5114290245118028,0.044444444444444446,0.029239766081871343,0.08474443720495477,0.640104662226451,0.20872172518401808
3,dst_pcr6,CWE-521,0,0,2080,64,2144,64,2080,,0.0,1.0,0.9701492537313433,0.0,1.0,0.9701492537313433,0.5,,,,0.5,0.026078105616212464
3,dst_pcr6,CWE-522,0,0,2052,92,2144,92,2052,,0.0,1.0,0.957089552238806,0.0,1.0,0.957089552238806,0.5,,,,0.5,0.03143333960733921
3,dst_pcr6,CWE-532,0,0,2013,131,2144,131,2013,,0.0,1.0,0.9388992537313433,0.0,1.0,0.9388992537313433,0.5,,,,0.5065054246633524,0.04667280613889499
3,dst_pcr6,CWE-601,2,4,2092,46,2144,48,2096,0.3333333333333333,0.041666666666666664,0.9980916030534351,0.9784845650140318,0.0019083969465648854,0.9583333333333334,0.976679104477612,0.5198791348600509,0.07407407407407407,0.0505050505050505,0.1113433433396439,0.5381182410941476,0.0611411405110579
3,dst_pcr6,CWE-605,5,21,2110,8,2144,13,2131,0.19230769230769232,0.38461538461538464,0.990145471609573,0.996222851746931,0.009854528390427029,0.6153846153846154,0.9864738805970149,0.6873804281124788,0.2564102564102564,0.32051282051282054,0.2658079534447149,0.6873804281124788,0.08100160587522816
3,dst_pcr6,CWE-611,1,0,2126,17,2144,18,2126,1.0,0.05555555555555555,1.0,0.9920671955202987,0.0,0.9444444444444444,0.992070895522388,0.5277777777777778,0.10526315789473684,0.06849315068493152,0.23476550895643114,0.6862260896832862,0.13759538137551613
3,dst_pcr6,CWE-614,1,1,2067,75,2144,76,2068,0.5,0.013157894736842105,0.9995164410058027,0.9649859943977591,0.00048355899419729207,0.9868421052631579,0.9645522388059702,0.5063371678713224,0.025641025641025637,0.016339869281045753,0.07676840892336352,0.5327738470935559,0.07372760666210697
3,dst_pcr6,CWE-643,4,8,2090,42,2144,46,2098,0.3333333333333333,0.08695652173913043,0.996186844613918,0.9803001876172608,0.0038131553860819827,0.9130434782608695,0.976679104477612,0.5415716831765243,0.13793103448275862,0.1020408163265306,0.1614823418612442,0.5415716831765243,0.05501814351321774
3,dst_pcr6,CWE-668,0,0,1790,354,2144,354,1790,,0.0,1.0,0.8348880597014925,0.0,1.0,0.8348880597014925,0.5,,,,0.5,0.10373308182707458
3,dst_pcr6,CWE-706,0,3,2032,109,2144,109,2035,0.0,0.0,0.9985257985257985,0.9490892106492294,0.0014742014742014742,1.0,0.9477611940298507,0.49926289926289924,,,-0.008663299643534605,0.49926289926289924,0.055834633513959786
3,dst_pcr6,CWE-73,2,40,1982,120,2144,122,2022,0.047619047619047616,0.01639344262295082,0.9802176063303659,0.9429115128449096,0.019782393669634024,0.9836065573770492,0.9253731343283582,0.4983055244766584,0.024390243902439025,0.01886792452830189,-0.00566493309997351,0.4983055244766584,0.040855803612870514
3,dst_pcr6,CWE-732,4,4,2081,55,2144,59,2085,0.5,0.06779661016949153,0.9980815347721822,0.974250936329588,0.0019184652278177458,0.9322033898305084,0.972481343283582,0.5329390724708368,0.11940298507462686,0.0819672131147541,0.17675625002314657,0.5409502906149657,0.07746414463094378
3,dst_pcr6,CWE-74,8,2,1807,327,2144,335,1809,0.8,0.023880597014925373,0.9988944168048646,0.8467666354264293,0.001105583195135434,0.9761194029850746,0.8465485074626866,0.511387506909895,0.04637681159420289,0.02962962962962963,0.12136770188157955,0.511387506909895,0.19152217173445404
3,dst_pcr6,CWE-770,0,0,2089,55,2144,55,2089,,0.0,1.0,0.9743470149253731,0.0,1.0,0.9743470149253731,0.5,,,,0.5,0.024876466087780564
3,dst_pcr6,CWE-776,0,0,2105,39,2144,39,2105,,0.0,1.0,0.9818097014925373,0.0,1.0,0.9818097014925373,0.5,,,,0.498812351543943,0.017242480579642873
3,dst_pcr6,CWE-78,0,0,2037,107,2144,107,2037,,0.0,1.0,0.9500932835820896,0.0,1.0,0.9500932835820896,0.5,,,,0.6098555232864896,0.18935352229112654
3,dst_pcr6,CWE-79,0,0,2016,128,2144,128,2016,,0.0,1.0,0.9402985074626866,0.0,1.0,0.9402985074626866,0.5,,,,0.5835096571180556,0.16433787288262502
3,dst_pcr6,CWE-798,0,1,2028,115,2144,115,2029,0.0,0.0,0.9995071463775259,0.9463369108726085,0.0004928536224741252,1.0,0.9458955223880597,0.49975357318876296,,,-0.005142766557951736,0.506882807979943,0.046791701825416
3,dst_pcr6,CWE-80,1,1,2022,120,2144,121,2023,0.5,0.008264462809917356,0.9995056846267919,0.9439775910364145,0.0004943153732081067,0.9917355371900827,0.9435634328358209,0.5038850737183547,0.016260162601626018,0.0102880658436214,0.058734754114986666,0.5038850737183547,0.0648899104545778
3,dst_pcr6,CWE-827,0,1,2122,21,2144,21,2123,0.0,0.0,0.9995289684408856,0.9902006532897807,0.0004710315591144607,1.0,0.9897388059701493,0.4997644842204428,,,-0.00214844165832302,0.4997644842204428,0.006148918529234814
3,dst_pcr6,CWE-829,0,6,2115,23,2144,23,2121,0.0,0.0,0.9971711456859972,0.989242282507016,0.002828854314002829,1.0,0.9864738805970149,0.4985855728429986,,,-0.005516522050971224,0.4985855728429986,0.006622766009990635
3,dst_pcr6,CWE-88,0,7,2074,63,2144,63,2081,0.0,0.0,0.9966362325804902,0.9705194197473093,0.003363767419509851,1.0,0.9673507462686567,0.4983181162902451,,,-0.009958203420409047,0.4983181162902451,0.02701854173656242
3,dst_pcr6,CWE-89,6,23,2010,105,2144,111,2033,0.20689655172413793,0.05405405405405406,0.9886866699458927,0.950354609929078,0.01131333005410723,0.9459459459459459,0.9402985074626866,0.5213703619999734,0.08571428571428573,0.06342494714587739,0.0819818790885591,0.7621143031866101,0.30477889709028017
3,dst_pcr6,CWE-90,0,0,2106,38,2144,38,2106,,0.0,1.0,0.9822761194029851,0.0,1.0,0.9822761194029851,0.5,,,,0.5,0.013654090747530887
3,dst_pcr6,CWE-916,3,25,2068,48,2144,51,2093,0.10714285714285714,0.058823529411764705,0.9880554228380315,0.9773156899810964,0.011944577161968466,0.9411764705882353,0.9659514925373134,0.523439476124898,0.07594936708860758,0.06465517241379311,0.06292319284422067,0.5234394761248982,0.03329881951210095
3,dst_pcr6,CWE-918,0,4,2117,23,2144,23,2121,0.0,0.0,0.9981140971239981,0.9892523364485981,0.001885902876001886,1.0,0.9874067164179104,0.49905704856199906,,,-0.004502116124878325,0.5198019801980198,0.021752180112599974
3,dst_pcr6,CWE-93,0,3,2101,40,2144,40,2104,0.0,0.0,0.998574144486692,0.9813171415226529,0.0014258555133079848,1.0,0.9799440298507462,0.499287072243346,,,-0.005161303785312205,0.499287072243346,0.014756566352858155
3,dst_pcr6,CWE-939,0,2,2034,108,2144,108,2036,0.0,0.0,0.9990176817288802,0.9495798319327731,0.0009823182711198428,1.0,0.9486940298507462,0.4995088408644401,,,-0.007037659577257927,0.4995088408644401,0.035470918786142586
3,dst_pcr6,CWE-94,0,0,2060,84,2144,84,2060,,0.0,1.0,0.960820895522388,0.0,1.0,0.960820895522388,0.5,,,,0.5635748959778086,0.070658240007525
3,dst_pcr6,CWE-942,0,0,2065,79,2144,79,2065,,0.0,1.0,0.9631529850746269,0.0,1.0,0.9631529850746269,0.5,,,,0.5,0.03137180990967501
3,dst_pcr6,CWE-95,0,1,2066,77,2144,77,2067,0.0,0.0,0.9995162070633768,0.9640690620625292,0.0004837929366231253,1.0,0.9636194029850746,0.4997581035316884,,,-0.004169308573419852,0.5757827078581795,0.09888386426525247
3,dst_pcr6,CWE-96,1,18,2050,75,2144,76,2068,0.05263157894736842,0.013157894736842105,0.9912959381044487,0.9647058823529412,0.008704061895551257,0.9868421052631579,0.9566231343283582,0.5022269164206454,0.021052631578947368,0.015479876160990712,0.008787386103041564,0.5022269164206454,0.032259864072012034
3,dst_pcr6,CWE-99,0,42,2062,40,2144,40,2104,0.0,0.0,0.9800380228136882,0.9809705042816366,0.019961977186311788,1.0,0.9617537313432836,0.4900190114068441,,,-0.01949016057904576,0.4900190114068441,0.013539696749207995
3,logistic_regression,CWE-113,0,0,2034,110,2144,110,2034,,0.0,1.0,0.9486940298507462,0.0,1.0,0.9486940298507462,0.5,,,,0.5,0.038032298345933024
3,logistic_regression,CWE-116,5,35,2088,16,2144,21,2123,0.125,0.23809523809523808,0.9835138954309939,0.9923954372623575,0.016486104569006125,0.7619047619047619,0.9762126865671642,0.610804566763116,0.16393442622950818,0.20161290322580644,0.16129445474548762,0.6113428885449611,0.03635651291373998
3,logistic_regression,CWE-117,1,0,2050,93,2144,94,2050,1.0,0.010638297872340425,1.0,0.9566028931404573,0.0,0.9893617021276596,0.9566231343283582,0.5053191489361702,0.021052631578947368,0.013262599469496022,0.10087926706103105,0.5053191489361702,0.04235064384373712
3,logistic_regression,CWE-1333,1,8,2101,34,2144,35,2109,0.1111111111111111,0.02857142857142857,0.9962067330488383,0.9840749414519906,0.003793266951161688,0.9714285714285714,0.980410447761194,0.5123890808101335,0.04545454545454545,0.03355704697986577,0.04856475465194644,0.5123890808101335,0.028305062209568403
3,logistic_regression,CWE-185,10,2134,0,0,2144,10,2134,0.0046641791044776115,1.0,0.0,,1.0,0.0,0.0046641791044776115,0.5,0.009285051067780872,0.022893772893772896,,0.5,0.00789469307883133
3,logistic_regression,CWE-20,159,1680,286,19,2144,178,1966,0.0864600326264274,0.8932584269662921,0.14547304170905392,0.9377049180327869,0.854526958290946,0.10674157303370786,0.20755597014925373,0.519365734337673,0.1576598909271195,0.31164249313994513,0.03059320234134768,0.5344394024255033,0.08288222401253494
3,logistic_regression,CWE-200,12,8,1905,219,2144,231,1913,0.6,0.05194805194805195,0.9958180867746994,0.8968926553672316,0.004181913225300575,0.948051948051948,0.8941231343283582,0.5238830693613756,0.09561752988047809,0.0635593220338983,0.15406051897415987,0.5243786532338545,0.10437782659079835
3,logistic_regression,CWE-208,11,91,1930,112,2144,123,2021,0.10784313725490197,0.08943089430894309,0.9549727857496288,0.9451518119490695,0.0450272142503711,0.9105691056910569,0.9053171641791045,0.5222018400292859,0.09777777777777778,0.0925925925925926,0.04850949153695001,0.522201840029286,0.05012859505690063
3,logistic_regression,CWE-209,0,15,2003,126,2144,126,2018,0.0,0.0,0.9925668979187314,0.9408172851103804,0.007433102081268583,1.0,0.9342350746268657,0.4962834489593657,,,-0.02097405924519992,0.4962834489593657,0.03975957978146918
3,logistic_regression,CWE-215,1,51,1981,111,2144,112,2032,0.019230769230769232,0.008928571428571428,0.9749015748031497,0.9469407265774379,0.025098425196850394,0.9910714285714286,0.9244402985074627,0.4919150731158605,0.012195121951219513,0.01,-0.023388073156651944,0.4919150731158605,0.037785350494715195
3,logistic_regression,CWE-22,16,38,2020,70,2144,86,2058,0.2962962962962963,0.18604651162790697,0.9815354713313897,0.9665071770334929,0.0184645286686103,0.813953488372093,0.9496268656716418,0.5837909914796484,0.22857142857142856,0.20100502512562815,0.20985977982738072,0.5841836734693877,0.1601270923958934
3,logistic_regression,CWE-23,10,32,2028,74,2144,84,2060,0.23809523809523808,0.11904761904761904,0.9844660194174757,0.9647954329210275,0.015533980582524271,0.8809523809523809,0.9505597014925373,0.5517568192325474,0.15873015873015875,0.13227513227513227,0.14492050085311675,0.5517568192325474,0.10831370334429775
3,logistic_regression,CWE-259,19,110,1923,92,2144,111,2033,0.14728682170542637,0.17117117117117117,0.9458927693064437,0.9543424317617866,0.05410723069355632,0.8288288288288288,0.9057835820895522,0.5585319702388074,0.15833333333333335,0.16579406631762653,0.10907392391708592,0.5586405392111246,0.07349745532084495
3,logistic_regression,CWE-276,2,6,2082,54,2144,56,2088,0.25,0.03571428571428571,0.9971264367816092,0.9747191011235955,0.0028735632183908046,0.9642857142857143,0.9720149253731343,0.5164203612479474,0.0625,0.04310344827586206,0.0859065634251944,0.5164203612479474,0.03636362067313267
3,logistic_regression,CWE-284,406,1738,0,0,2144,406,1738,0.18936567164179105,1.0,0.0,,1.0,0.0,0.18936567164179105,0.5,0.3184313725490196,0.5387473460721868,,0.5,0.12100096048765024
3,logistic_regression,CWE-287,3,6,1914,221,2144,224,1920,0.3333333333333333,0.013392857142857142,0.996875,0.8964871194379391,0.003125,0.9866071428571429,0.8941231343283582,0.5051339285714286,0.02575107296137339,0.016574585635359115,0.04857739780558622,0.5051339285714286,0.08055274341958431
3,logistic_regression,CWE-295,0,6,2077,61,2144,61,2083,0.0,0.0,0.9971195391262602,0.9714686623012161,0.0028804608737397984,1.0,0.96875,0.4985597695631301,,,-0.00906550615888624,0.4985597695631301,0.0344359084177978
3,logistic_regression,CWE-312,37,2080,27,0,2144,37,2107,0.01747756258856873,1.0,0.012814428096820124,1.0,0.9871855719031799,0.0,0.029850746268656716,0.50640721404841,0.034354688950789226,0.08167770419426047,0.014965459201069889,0.50640721404841,0.011714966521239394
3,logistic_regression,CWE-315,0,8,2104,32,2144,32,2112,0.0,0.0,0.9962121212121212,0.9850187265917603,0.003787878787878788,1.0,0.9813432835820896,0.4981060606060606,,,-0.0075330769117594775,0.4981060606060606,0.010394060912243572
3,logistic_regression,CWE-319,5,49,2019,71,2144,76,2068,0.09259259259259259,0.06578947368421052,0.9763056092843327,0.9660287081339712,0.023694390715667313,0.9342105263157895,0.9440298507462687,0.5210475414842717,0.07692307692307691,0.06983240223463687,0.04967563303883132,0.5212034256337168,0.047392631558596056
3,logistic_regression,CWE-321,3,24,2007,110,2144,113,2031,0.1111111111111111,0.02654867256637168,0.9881831610044313,0.9480396787907416,0.011816838995568686,0.9734513274336283,0.9375,0.5073659167854014,0.042857142857142864,0.031315240083507306,0.029519478186709684,0.5073659167854015,0.04655615085970255
3,logistic_regression,CWE-326,1,5,2099,39,2144,40,2104,0.16666666666666666,0.025,0.9976235741444867,0.9817586529466792,0.002376425855513308,0.975,0.9794776119402985,0.5113117870722433,0.04347826086956522,0.030120481927710843,0.05794748677200474,0.5113117870722433,0.01888770165253911
3,logistic_regression,CWE-327,23,45,2057,19,2144,42,2102,0.3382352941176471,0.5476190476190477,0.9785918173168411,0.9908477842003853,0.021408182683158895,0.4523809523809524,0.9701492537313433,0.7631054324679444,0.4181818181818182,0.4872881355932204,0.4161335017485334,0.7642721217887726,0.22155575482471537
3,logistic_regression,CWE-328,3,25,2068,48,2144,51,2093,0.10714285714285714,0.058823529411764705,0.9880554228380315,0.9773156899810964,0.011944577161968466,0.9411764705882353,0.9659514925373134,0.523439476124898,0.07594936708860758,0.06465517241379311,0.06292319284422067,0.5234394761248982,0.03329881951210095
3,logistic_regression,CWE-330,23,34,2039,48,2144,71,2073,0.40350877192982454,0.323943661971831,0.9835986493005306,0.9770004791566842,0.016401350699469366,0.676056338028169,0.9617537313432836,0.6537711556361808,0.35937500000000006,0.3372434017595308,0.34208579996787397,0.6537711556361808,0.1751583172538354
3,logistic_regression,CWE-347,1,0,2112,31,2144,32,2112,1.0,0.03125,1.0,0.9855342977134858,0.0,0.96875,0.9855410447761194,0.515625,0.06060606060606061,0.03875968992248062,0.17549343806406675,0.515625,0.04269584246810155
3,logistic_regression,CWE-352,39,2105,0,0,2144,39,2105,0.018190298507462687,1.0,0.0,,1.0,0.0,0.018190298507462687,0.5,0.03573064590013743,0.08478260869565218,,0.5,0.01923397289448979
3,logistic_regression,CWE-359,4,23,2008,109,2144,113,2031,0.14814814814814814,0.035398230088495575,0.9886755292959133,0.9485120453471895,0.011324470704086657,0.9646017699115044,0.9384328358208955,0.5120368796922045,0.05714285714285715,0.04175365344467641,0.0482387213787551,0.5120368796922045,0.045690449433220356
3,logistic_regression,CWE-377,10,143,1985,6,2144,16,2128,0.06535947712418301,0.625,0.9328007518796992,0.9969864389753893,0.06719924812030076,0.375,0.9305037313432836,0.7789003759398496,0.1183431952662722,0.2304147465437788,0.18648484892068323,0.7823513862781954,0.07882111833423001
3,logistic_regression,CWE-400,8,92,1980,64,2144,72,2072,0.08,0.1111111111111111,0.9555984555984556,0.9686888454011742,0.0444015444015444,0.8888888888888888,0.9272388059701493,0.5333547833547834,0.09302325581395349,0.10309278350515465,0.056991330746889994,0.5339848777348777,0.05262816556946189
3,logistic_regression,CWE-477,6,1913,225,0,2144,6,2138,0.003126628452318916,1.0,0.10523854069223573,1.0,0.8947614593077643,0.0,0.10774253731343283,0.5526192703461179,0.006233766233766235,0.01544004117344313,0.01813950979516443,0.5526192703461179,0.0020740451317184036
3,logistic_regression,CWE-497,150,1994,0,0,2144,150,1994,0.06996268656716417,1.0,0.0,,1.0,0.0,0.06996268656716417,0.5,0.13077593722755013,0.2733236151603498,,0.5,0.0473345832313734
3,logistic_regression,CWE-502,12,12,2090,30,2144,42,2102,0.5,0.2857142857142857,0.994291151284491,0.9858490566037735,0.005708848715509039,0.7142857142857143,0.980410447761194,0.6400027184993884,0.36363636363636365,0.3125,0.3688365185414576,0.640104662226451,0.20872172518401808
3,logistic_regression,CWE-521,0,0,2080,64,2144,64,2080,,0.0,1.0,0.9701492537313433,0.0,1.0,0.9701492537313433,0.5,,,,0.5,0.026078105616212464
3,logistic_regression,CWE-522,0,0,2052,92,2144,92,2052,,0.0,1.0,0.957089552238806,0.0,1.0,0.957089552238806,0.5,,,,0.5,0.03143333960733921
3,logistic_regression,CWE-532,3,16,1997,128,2144,131,2013,0.15789473684210525,0.022900763358778626,0.9920516641828118,0.939764705882353,0.007948335817188276,0.9770992366412213,0.9328358208955224,0.5074762137707952,0.04,0.027624309392265192,0.03821316188291089,0.508447002878238,0.04719496344376382
3,logistic_regression,CWE-601,4,15,2081,44,2144,48,2096,0.21052631578947367,0.08333333333333333,0.9928435114503816,0.9792941176470589,0.00715648854961832,0.9166666666666666,0.972481343283582,0.5380884223918575,0.11940298507462688,0.0947867298578199,0.12024941452943645,0.5381977576335878,0.06640809577801317
3,logistic_regression,CWE-605,5,21,2110,8,2144,13,2131,0.19230769230769232,0.38461538461538464,0.990145471609573,0.996222851746931,0.009854528390427029,0.6153846153846154,0.9864738805970149,0.6873804281124788,0.2564102564102564,0.32051282051282054,0.2658079534447149,0.6873804281124788,0.08100160587522816
3,logistic_regression,CWE-611,7,37,2089,11,2144,18,2126,0.1590909090909091,0.3888888888888889,0.9825964252116651,0.9947619047619047,0.017403574788334902,0.6111111111111112,0.9776119402985075,0.685742657050277,0.22580645161290322,0.3017241379310344,0.23906915501454096,0.6862260896832862,0.13759538137551613
3,logistic_regression,CWE-614,6,28,2040,70,2144,76,2068,0.17647058823529413,0.07894736842105263,0.9864603481624759,0.966824644549763,0.013539651837524178,0.9210526315789473,0.9542910447761194,0.5327038582917643,0.10909090909090909,0.08875739644970414,0.09681226148466811,0.5327738470935559,0.07372760666210697
3,logistic_regression,CWE-643,4,8,2090,42,2144,46,2098,0.3333333333333333,0.08695652173913043,0.996186844613918,0.9803001876172608,0.0038131553860819827,0.9130434782608695,0.976679104477612,0.5415716831765243,0.13793103448275862,0.1020408163265306,0.1614823418612442,0.5415716831765243,0.05501814351321774
3,logistic_regression,CWE-668,354,1790,0,0,2144,354,1790,0.16511194029850745,1.0,0.0,,1.0,0.0,0.16511194029850745,0.5,0.28342674139311447,0.49719101123595505,,0.5,0.10373308182707458
3,logistic_regression,CWE-706,109,2032,3,0,2144,109,2035,0.05091078935077067,1.0,0.0014742014742014742,1.0,0.9985257985257985,0.0,0.05223880597014925,0.5007371007371008,0.09688888888888889,0.2114862242918122,0.008663299643534605,0.5007371007371008,0.05638729003115369
3,logistic_regression,CWE-73,120,1982,40,2,2144,122,2022,0.05708848715509039,0.9836065573770492,0.019782393669634024,0.9523809523809523,0.9802176063303659,0.01639344262295082,0.07462686567164178,0.5016944755233416,0.10791366906474821,0.23166023166023167,0.00566493309997351,0.5016944755233416,0.04044466977437904
3,logistic_regression,CWE-732,5,6,2079,54,2144,59,2085,0.45454545454545453,0.0847457627118644,0.9971223021582734,0.9746835443037974,0.0028776978417266188,0.9152542372881356,0.9720149253731343,0.5409340324350689,0.14285714285714285,0.10121457489878542,0.18745705514046374,0.5409502906149657,0.07746414463094378
3,logistic_regression,CWE-74,8,2,1807,327,2144,335,1809,0.8,0.023880597014925373,0.9988944168048646,0.8467666354264293,0.001105583195135434,0.9761194029850746,0.8465485074626866,0.511387506909895,0.04637681159420289,0.02962962962962963,0.12136770188157955,0.511387506909895,0.19152217173445404
3,logistic_regression,CWE-770,0,0,2089,55,2144,55,2089,,0.0,1.0,0.9743470149253731,0.0,1.0,0.9743470149253731,0.5,,,,0.5,0.024876466087780564
3,logistic_regression,CWE-776,0,4,2101,39,2144,39,2105,0.0,0.0,0.9980997624703087,0.9817757009345794,0.0019002375296912114,1.0,0.9799440298507462,0.49904988123515437,,,-0.005884768222829903,0.4992874109263658,0.01728041923448868
3,logistic_regression,CWE-78,33,199,1838,74,2144,107,2037,0.14224137931034483,0.308411214953271,0.9023073146784487,0.9612970711297071,0.0976926853215513,0.6915887850467289,0.8726679104477612,0.6053592648158599,0.1946902654867257,0.25,0.14770737976511,0.6100619841346309,0.19198183469866467
3,logistic_regression,CWE-79,24,45,1971,104,2144,128,2016,0.34782608695652173,0.1875,0.9776785714285714,0.9498795180722892,0.022321428571428572,0.8125,0.9305037313432836,0.5825892857142857,0.2436548223350254,0.20654044750430292,0.22175343637684064,0.5835212828621031,0.16473585319715914
3,logistic_regression,CWE-798,3,23,2006,112,2144,115,2029,0.11538461538461539,0.02608695652173913,0.9886643666830951,0.947119924457035,0.011335633316904879,0.9739130434782609,0.9370335820895522,0.5073756616024171,0.0425531914893617,0.030864197530864196,0.030364859113350472,0.5078556581738702,0.04828029366499459
3,logistic_regression,CWE-80,1,1,2022,120,2144,121,2023,0.5,0.008264462809917356,0.9995056846267919,0.9439775910364145,0.0004943153732081067,0.9917355371900827,0.9435634328358209,0.5038850737183547,0.016260162601626018,0.0102880658436214,0.058734754114986666,0.5038850737183547,0.0648899104545778
3,logistic_regression,CWE-827,21,2122,1,0,2144,21,2123,0.00979934671021932,1.0,0.0004710315591144607,1.0,0.9995289684408856,0.0,0.010261194029850746,0.5002355157795573,0.019408502772643256,0.04714863044454424,0.00214844165832302,0.5002355157795573,0.0061524183955609735
3,logistic_regression,CWE-829,23,2115,6,0,2144,23,2121,0.010757717492984098,1.0,0.002828854314002829,1.0,0.9971711456859972,0.0,0.013526119402985074,0.5014144271570015,0.02128644146228598,0.0515695067264574,0.005516522050971224,0.5014144271570015,0.006645102215676093
3,logistic_regression,CWE-88,63,2081,0,0,2144,63,2081,0.029384328358208957,1.0,0.0,,1.0,0.0,0.029384328358208957,0.5,0.057091073855913006,0.13146911519198665,,0.5,0.02733092306863032
3,logistic_regression,CWE-89,61,45,1988,50,2144,111,2033,0.5754716981132075,0.5495495495495496,0.9778652238071815,0.9754661432777233,0.022134776192818496,0.45045045045045046,0.9556902985074627,0.7637073866783656,0.5622119815668203,0.5545454545454546,0.5390480096900873,0.7671350642329491,0.5031145017488582
3,logistic_regression,CWE-90,0,0,2106,38,2144,38,2106,,0.0,1.0,0.9822761194029851,0.0,1.0,0.9822761194029851,0.5,,,,0.5,0.013654090747530887
3,logistic_regression,CWE-916,3,25,2068,48,2144,51,2093,0.10714285714285714,0.058823529411764705,0.9880554228380315,0.9773156899810964,0.011944577161968466,0.9411764705882353,0.9659514925373134,0.523439476124898,0.07594936708860758,0.06465517241379311,0.06292319284422067,0.5234394761248982,0.03329881951210095
3,logistic_regression,CWE-918,1,8,2113,22,2144,23,2121,0.1111111111111111,0.043478260869565216,0.9962281942479962,0.9896955503512881,0.003771805752003772,0.9565217391304348,0.9860074626865671,0.5198532275587807,0.0625,0.04950495049504951,0.0632666988146842,0.5198019801980198,0.021752180112599974
3,logistic_regression,CWE-93,40,2101,3,0,2144,40,2104,0.018682858477347034,1.0,0.0014258555133079848,1.0,0.998574144486692,0.0,0.02005597014925373,0.500712927756654,0.036680421824850984,0.0869187309865276,0.005161303785312205,0.500712927756654,0.014812418909922232
3,logistic_regression,CWE-939,108,2034,2,0,2144,108,2036,0.05042016806722689,1.0,0.0009823182711198428,1.0,0.9990176817288802,0.0,0.051305970149253734,0.50049115913556,0.096,0.2097902097902098,0.007037659577257927,0.50049115913556,0.03556863960379008
3,logistic_regression,CWE-94,14,83,1977,70,2144,84,2060,0.14432989690721648,0.16666666666666666,0.9597087378640776,0.9658036150464093,0.04029126213592233,0.8333333333333334,0.9286380597014925,0.5631877022653722,0.15469613259668508,0.16166281755196305,0.11797528184128672,0.5635748959778086,0.070658240007525
3,logistic_regression,CWE-942,79,2065,0,0,2144,79,2065,0.03684701492537314,1.0,0.0,,1.0,0.0,0.03684701492537314,0.5,0.07107512370670264,0.16056910569105692,,0.5,0.03137180990967501
3,logistic_regression,CWE-95,13,37,2030,64,2144,77,2067,0.26,0.16883116883116883,0.9820996613449444,0.9694364851957975,0.017900338655055636,0.8311688311688312,0.9528917910447762,0.5754654150880566,0.2047244094488189,0.1815642458100559,0.18608879381438104,0.5757827078581795,0.09888386426525247
3,logistic_regression,CWE-96,1,18,2050,75,2144,76,2068,0.05263157894736842,0.013157894736842105,0.9912959381044487,0.9647058823529412,0.008704061895551257,0.9868421052631579,0.9566231343283582,0.5022269164206454,0.021052631578947368,0.015479876160990712,0.008787386103041564,0.5022269164206454,0.032259864072012034
3,logistic_regression,CWE-99,0,42,2062,40,2144,40,2104,0.0,0.0,0.9800380228136882,0.9809705042816366,0.019961977186311788,1.0,0.9617537313432836,0.4900190114068441,,,-0.01949016057904576,0.4900190114068441,0.013539696749207995
3,naive_bayes,CWE-113,0,0,2034,110,2144,110,2034,,0.0,1.0,0.9486940298507462,0.0,1.0,0.9486940298507462,0.5,,,,0.5,0.038032298345933024
3,naive_bayes,CWE-116,0,0,2123,21,2144,21,2123,,0.0,1.0,0.9902052238805971,0.0,1.0,0.9902052238805971,0.5,,,,0.6113428885449611,0.03635651291373998
3,naive_bayes,CWE-117,0,0,2050,94,2144,94,2050,,0.0,1.0,0.9561567164179104,0.0,1.0,0.9561567164179104,0.5,,,,0.5053191489361702,0.04235064384373712
3,naive_bayes,CWE-1333,0,0,2109,35,2144,35,2109,,0.0,1.0,0.9836753731343284,0.0,1.0,0.9836753731343284,0.5,,,,0.5123890808101335,0.028305062209568403
3,naive_bayes,CWE-185,0,0,2134,10,2144,10,2134,,0.0,1.0,0.9953358208955224,0.0,1.0,0.9953358208955224,0.5,,,,0.5,0.00789469307883133
3,naive_bayes,CWE-20,0,0,1966,178,2144,178,1966,,0.0,1.0,0.9169776119402985,0.0,1.0,0.9169776119402985,0.5,,,,0.5344394024255033,0.08288222401253494
3,naive_bayes,CWE-200,12,8,1905,219,2144,231,1913,0.6,0.05194805194805195,0.9958180867746994,0.8968926553672316,0.004181913225300575,0.948051948051948,0.8941231343283582,0.5238830693613756,0.09561752988047809,0.0635593220338983,0.15406051897415987,0.5233874854888969,0.10396500388145175
3,naive_bayes,CWE-208,0,0,2021,123,2144,123,2021,,0.0,1.0,0.9426305970149254,0.0,1.0,0.9426305970149254,0.5,,,,0.522201840029286,0.05012859505690063
3,naive_bayes,CWE-209,0,0,2018,126,2144,126,2018,,0.0,1.0,0.941231343283582,0.0,1.0,0.941231343283582,0.5,,,,0.4962834489593657,0.03975957978146918
3,naive_bayes,CWE-215,0,0,2032,112,2144,112,2032,,0.0,1.0,0.9477611940298507,0.0,1.0,0.9477611940298507,0.5,,,,0.4919150731158605,0.037785350494715195
3,naive_bayes,CWE-22,5,4,2054,81,2144,86,2058,0.5555555555555556,0.05813953488372093,0.9980563654033042,0.9620608899297424,0.001943634596695821,0.9418604651162791,0.9603544776119403,0.5280979501435126,0.10526315789473685,0.07082152974504248,0.17055181663475816,0.5842797251791082,0.14915174896835953
3,naive_bayes,CWE-23,0,0,2060,84,2144,84,2060,,0.0,1.0,0.960820895522388,0.0,1.0,0.960820895522388,0.5,,,,0.5517568192325474,0.10831370334429775
3,naive_bayes,CWE-259,0,0,2033,111,2144,111,2033,,0.0,1.0,0.9482276119402985,0.0,1.0,0.9482276119402985,0.5,,,,0.5586405392111246,0.07349745532084495
3,naive_bayes,CWE-276,2,6,2082,54,2144,56,2088,0.25,0.03571428571428571,0.9971264367816092,0.9747191011235955,0.0028735632183908046,0.9642857142857143,0.9720149253731343,0.5164203612479474,0.0625,0.04310344827586206,0.0859065634251944,0.5164203612479474,0.03636362067313267
3,naive_bayes,CWE-284,0,0,1738,406,2144,406,1738,,0.0,1.0,0.8106343283582089,0.0,1.0,0.8106343283582089,0.5,,,,0.5,0.12100096048765024
3,naive_bayes,CWE-287,0,0,1920,224,2144,224,1920,,0.0,1.0,0.8955223880597015,0.0,1.0,0.8955223880597015,0.5,,,,0.5051339285714286,0.08055274341958431
3,naive_bayes,CWE-295,0,6,2077,61,2144,61,2083,0.0,0.0,0.9971195391262602,0.9714686623012161,0.0028804608737397984,1.0,0.96875,0.4985597695631301,,,-0.00906550615888624,0.4985597695631301,0.0344359084177978
3,naive_bayes,CWE-312,0,0,2107,37,2144,37,2107,,0.0,1.0,0.9827425373134329,0.0,1.0,0.9827425373134329,0.5,,,,0.50640721404841,0.011714966521239394
3,naive_bayes,CWE-315,0,0,2112,32,2144,32,2112,,0.0,1.0,0.9850746268656716,0.0,1.0,0.9850746268656716,0.5,,,,0.4981060606060606,0.010394060912243572
3,naive_bayes,CWE-319,0,0,2068,76,2144,76,2068,,0.0,1.0,0.9645522388059702,0.0,1.0,0.9645522388059702,0.5,,,,0.5212034256337168,0.047392631558596056
3,naive_bayes,CWE-321,0,0,2031,113,2144,113,2031,,0.0,1.0,0.9472947761194029,0.0,1.0,0.9472947761194029,0.5,,,,0.5073659167854015,0.04655615085970255
3,naive_bayes,CWE-326,0,0,2104,40,2144,40,2104,,0.0,1.0,0.9813432835820896,0.0,1.0,0.9813432835820896,0.5,,,,0.5113117870722433,0.01888770165253911
3,naive_bayes,CWE-327,18,24,2078,24,2144,42,2102,0.42857142857142855,0.42857142857142855,0.9885823025689819,0.9885823025689819,0.011417697431018078,0.5714285714285714,0.9776119402985075,0.7085768655702053,0.42857142857142855,0.42857142857142855,0.4171537311404105,0.7635924969416882,0.19482817092217894
3,naive_bayes,CWE-328,0,0,2093,51,2144,51,2093,,0.0,1.0,0.9762126865671642,0.0,1.0,0.9762126865671642,0.5,,,,0.5234394761248982,0.03329881951210095
3,naive_bayes,CWE-330,0,0,2073,71,2144,71,2073,,0.0,1.0,0.9668843283582089,0.0,1.0,0.9668843283582089,0.5,,,,0.6537711556361808,0.1751583172538354
3,naive_bayes,CWE-347,0,0,2112,32,2144,32,2112,,0.0,1.0,0.9850746268656716,0.0,1.0,0.9850746268656716,0.5,,,,0.515625,0.04269584246810155
3,naive_bayes,CWE-352,0,0,2105,39,2144,39,2105,,0.0,1.0,0.9818097014925373,0.0,1.0,0.9818097014925373,0.5,,,,0.5,0.01923397289448979
3,naive_bayes,CWE-359,0,0,2031,113,2144,113,2031,,0.0,1.0,0.9472947761194029,0.0,1.0,0.9472947761194029,0.5,,,,0.5120368796922045,0.045690449433220356
3,naive_bayes,CWE-377,0,3,2125,16,2144,16,2128,0.0,0.0,0.9985902255639098,0.9925268566090611,0.0014097744360902255,1.0,0.9911380597014925,0.4992951127819549,,,-0.003245835256106225,0.7820870535714286,0.06448484696670866
3,naive_bayes,CWE-400,0,0,2072,72,2144,72,2072,,0.0,1.0,0.9664179104477612,0.0,1.0,0.9664179104477612,0.5,,,,0.5339848777348777,0.05262816556946189
3,naive_bayes,CWE-477,0,0,2138,6,2144,6,2138,,0.0,1.0,0.9972014925373134,0.0,1.0,0.9972014925373134,0.5,,,,0.5526192703461179,0.0020740451317184036
3,naive_bayes,CWE-497,0,0,1994,150,2144,150,1994,,0.0,1.0,0.9300373134328358,0.0,1.0,0.9300373134328358,0.5,,,,0.49623871614844534,0.04550460119159972
3,naive_bayes,CWE-502,8,8,2094,34,2144,42,2102,0.5,0.19047619047619047,0.9961941008563273,0.9840225563909775,0.003805899143672693,0.8095238095238095,0.980410447761194,0.5933351456662589,0.27586206896551724,0.21739130434782605,0.3005871447900155,0.640104662226451,0.20872172518401808
3,naive_bayes,CWE-521,0,0,2080,64,2144,64,2080,,0.0,1.0,0.9701492537313433,0.0,1.0,0.9701492537313433,0.5,,,,0.5,0.026078105616212464
3,naive_bayes,CWE-522,0,0,2052,92,2144,92,2052,,0.0,1.0,0.957089552238806,0.0,1.0,0.957089552238806,0.5,,,,0.5,0.03143333960733921
3,naive_bayes,CWE-532,0,0,2013,131,2144,131,2013,,0.0,1.0,0.9388992537313433,0.0,1.0,0.9388992537313433,0.5,,,,0.508447002878238,0.04719496344376382
3,naive_bayes,CWE-601,2,4,2092,46,2144,48,2096,0.3333333333333333,0.041666666666666664,0.9980916030534351,0.9784845650140318,0.0019083969465648854,0.9583333333333334,0.976679104477612,0.5198791348600509,0.07407407407407407,0.0505050505050505,0.1113433433396439,0.5381182410941476,0.0611411405110579
3,naive_bayes,CWE-605,0,0,2131,13,2144,13,2131,,0.0,1.0,0.9939365671641791,0.0,1.0,0.9939365671641791,0.5,,,,0.6873804281124788,0.08100160587522816
3,naive_bayes,CWE-611,1,0,2126,17,2144,18,2126,1.0,0.05555555555555555,1.0,0.9920671955202987,0.0,0.9444444444444444,0.992070895522388,0.5277777777777778,0.10526315789473684,0.06849315068493152,0.23476550895643114,0.6862260896832862,0.13759538137551613
3,naive_bayes,CWE-614,1,1,2067,75,2144,76,2068,0.5,0.013157894736842105,0.9995164410058027,0.9649859943977591,0.00048355899419729207,0.9868421052631579,0.9645522388059702,0.5063371678713224,0.025641025641025637,0.016339869281045753,0.07676840892336352,0.5327738470935559,0.07372760666210697
3,naive_bayes,CWE-643,0,0,2098,46,2144,46,2098,,0.0,1.0,0.9785447761194029,0.0,1.0,0.9785447761194029,0.5,,,,0.5415716831765243,0.05501814351321774
3,naive_bayes,CWE-668,0,0,1790,354,2144,354,1790,,0.0,1.0,0.8348880597014925,0.0,1.0,0.8348880597014925,0.5,,,,0.5,0.10373308182707458
3,naive_bayes,CWE-706,0,0,2035,109,2144,109,2035,,0.0,1.0,0.949160447761194,0.0,1.0,0.949160447761194,0.5,,,,0.5007371007371008,0.05638729003115369
3,naive_bayes,CWE-73,0,0,2022,122,2144,122,2022,,0.0,1.0,0.9430970149253731,0.0,1.0,0.9430970149253731,0.5,,,,0.5016944755233416,0.04044466977437904
3,naive_bayes,CWE-732,5,6,2079,54,2144,59,2085,0.45454545454545453,0.0847457627118644,0.9971223021582734,0.9746835443037974,0.0028776978417266188,0.9152542372881356,0.9720149253731343,0.5409340324350689,0.14285714285714285,0.10121457489878542,0.18745705514046374,0.5409502906149657,0.07746414463094378
3,naive_bayes,CWE-74,8,2,1807,327,2144,335,1809,0.8,0.023880597014925373,0.9988944168048646,0.8467666354264293,0.001105583195135434,0.9761194029850746,0.8465485074626866,0.511387506909895,0.04637681159420289,0.02962962962962963,0.12136770188157955,0.511387506909895,0.19152217173445404
3,naive_bayes,CWE-770,0,0,2089,55,2144,55,2089,,0.0,1.0,0.9743470149253731,0.0,1.0,0.9743470149253731,0.5,,,,0.5,0.024876466087780564
3,naive_bayes,CWE-776,0,0,2105,39,2144,39,2105,,0.0,1.0,0.9818097014925373,0.0,1.0,0.9818097014925373,0.5,,,,0.49904988123515437,0.017272850653744024
3,naive_bayes,CWE-78,11,8,2029,96,2144,107,2037,0.5789473684210527,0.102803738317757,0.9960726558664703,0.9548235294117647,0.0039273441335297005,0.897196261682243,0.9514925373134329,0.5494381970921136,0.1746031746031746,0.12304250559284118,0.22973319677005014,0.6098555232864896,0.18935352229112654
3,naive_bayes,CWE-79,17,14,2002,111,2144,128,2016,0.5483870967741935,0.1328125,0.9930555555555556,0.9474680548982489,0.006944444444444444,0.8671875,0.9416977611940298,0.5629340277777778,0.2138364779874214,0.15653775322283608,0.24982458601629948,0.5835212828621031,0.16473585319715914
3,naive_bayes,CWE-798,0,0,2029,115,2144,115,2029,,0.0,1.0,0.9463619402985075,0.0,1.0,0.9463619402985075,0.5,,,,0.5073756616024171,0.048218946018649185
3,naive_bayes,CWE-80,0,0,2023,121,2144,121,2023,,0.0,1.0,0.9435634328358209,0.0,1.0,0.9435634328358209,0.5,,,,0.5038850737183547,0.0648899104545778
3,naive_bayes,CWE-827,0,0,2123,21,2144,21,2123,,0.0,1.0,0.9902052238805971,0.0,1.0,0.9902052238805971,0.5,,,,0.5002355157795573,0.0061524183955609735
3,naive_bayes,CWE-829,0,0,2121,23,2144,23,2121,,0.0,1.0,0.9892723880597015,0.0,1.0,0.9892723880597015,0.5,,,,0.5014144271570015,0.006645102215676093
3,naive_bayes,CWE-88,0,0,2081,63,2144,63,2081,,0.0,1.0,0.9706156716417911,0.0,1.0,0.9706156716417911,0.5,,,,0.501681883709755,0.02733837317332486
3,naive_bayes,CWE-89,44,30,2003,67,2144,111,2033,0.5945945945945946,0.3963963963963964,0.985243482538121,0.9676328502415459,0.014756517461878997,0.6036036036036037,0.9547574626865671,0.6908199394672587,0.4756756756756757,0.42471042471042475,0.46321529981308657,0.7621143031866101,0.30477889709028017
3,naive_bayes,CWE-90,0,0,2106,38,2144,38,2106,,0.0,1.0,0.9822761194029851,0.0,1.0,0.9822761194029851,0.5,,,,0.5,0.013654090747530887
3,naive_bayes,CWE-916,0,0,2093,51,2144,51,2093,,0.0,1.0,0.9762126865671642,0.0,1.0,0.9762126865671642,0.5,,,,0.5234394761248982,0.03329881951210095
3,naive_bayes,CWE-918,0,4,2117,23,2144,23,2121,0.0,0.0,0.9981140971239981,0.9892523364485981,0.001885902876001886,1.0,0.9874067164179104,0.49905704856199906,,,-0.004502116124878325,0.5198019801980198,0.021752180112599974
3,naive_bayes,CWE-93,0,0,2104,40,2144,40,2104,,0.0,1.0,0.9813432835820896,0.0,1.0,0.9813432835820896,0.5,,,,0.5,0.014792946903699356
3,naive_bayes,CWE-939,0,0,2036,108,2144,108,2036,,0.0,1.0,0.9496268656716418,0.0,1.0,0.9496268656716418,0.5,,,,0.50049115913556,0.03556863960379008
3,naive_bayes,CWE-94,0,4,2056,84,2144,84,2060,0.0,0.0,0.9980582524271845,0.9607476635514018,0.001941747572815534,1.0,0.9589552238805971,0.49902912621359224,,,-0.00873029948091153,0.5635748959778086,0.070658240007525
3,naive_bayes,CWE-942,0,0,2065,79,2144,79,2065,,0.0,1.0,0.9631529850746269,0.0,1.0,0.9631529850746269,0.5,,,,0.5,0.03137180990967501
3,naive_bayes,CWE-95,6,7,2060,71,2144,77,2067,0.46153846153846156,0.07792207792207792,0.9966134494436382,0.9666823087752229,0.003386550556361877,0.922077922077922,0.9636194029850746,0.537267763682858,0.13333333333333333,0.09345794392523364,0.17865514530593185,0.5757827078581795,0.09888386426525247
3,naive_bayes,CWE-96,0,0,2068,76,2144,76,2068,,0.0,1.0,0.9645522388059702,0.0,1.0,0.9645522388059702,0.5,,,,0.5022269164206454,0.032259864072012034
3,naive_bayes,CWE-99,0,0,2104,40,2144,40,2104,,0.0,1.0,0.9813432835820896,0.0,1.0,0.9813432835820896,0.5,,,,0.4900190114068441,0.013539696749207995
3,traditional_2_of_5,CWE-113,0,0,2034,110,2144,110,2034,,0.0,1.0,0.9486940298507462,0.0,1.0,0.9486940298507462,0.5,,,,0.5,0.038032298345933024
3,traditional_2_of_5,CWE-116,0,0,2123,21,2144,21,2123,,0.0,1.0,0.9902052238805971,0.0,1.0,0.9902052238805971,0.5,,,,0.6100980194244443,0.032735057303377946
3,traditional_2_of_5,CWE-117,0,0,2050,94,2144,94,2050,,0.0,1.0,0.9561567164179104,0.0,1.0,0.9561567164179104,0.5,,,,0.5053191489361702,0.04235064384373712
3,traditional_2_of_5,CWE-1333,0,0,2109,35,2144,35,2109,,0.0,1.0,0.9836753731343284,0.0,1.0,0.9836753731343284,0.5,,,,0.5123890808101335,0.028305062209568403
3,traditional_2_of_5,CWE-185,0,0,2134,10,2144,10,2134,,0.0,1.0,0.9953358208955224,0.0,1.0,0.9953358208955224,0.5,,,,0.5,0.00789469307883133
3,traditional_2_of_5,CWE-20,2,19,1947,176,2144,178,1966,0.09523809523809523,0.011235955056179775,0.9903357070193286,0.917098445595855,0.009664292980671414,0.9887640449438202,0.9090485074626866,0.5007858310377542,0.020100502512562814,0.01364256480218281,0.004403279842535534,0.49869552047732807,0.07324842950888365
3,traditional_2_of_5,CWE-200,12,8,1905,219,2144,231,1913,0.6,0.05194805194805195,0.9958180867746994,0.8968926553672316,0.004181913225300575,0.948051948051948,0.8941231343283582,0.5238830693613756,0.09561752988047809,0.0635593220338983,0.15406051897415987,0.5233874854888969,0.10396500388145175
3,traditional_2_of_5,CWE-208,0,0,2021,123,2144,123,2021,,0.0,1.0,0.9426305970149254,0.0,1.0,0.9426305970149254,0.5,,,,0.522201840029286,0.05012859505690063
3,traditional_2_of_5,CWE-209,0,0,2018,126,2144,126,2018,,0.0,1.0,0.941231343283582,0.0,1.0,0.941231343283582,0.5,,,,0.4962834489593657,0.03975957978146918
3,traditional_2_of_5,CWE-215,0,0,2032,112,2144,112,2032,,0.0,1.0,0.9477611940298507,0.0,1.0,0.9477611940298507,0.5,,,,0.4919150731158605,0.037785350494715195
3,traditional_2_of_5,CWE-22,5,4,2054,81,2144,86,2058,0.5555555555555556,0.05813953488372093,0.9980563654033042,0.9620608899297424,0.001943634596695821,0.9418604651162791,0.9603544776119403,0.5280979501435126,0.10526315789473685,0.07082152974504248,0.17055181663475816,0.5841469478156711,0.16099706284855714
3,traditional_2_of_5,CWE-23,0,0,2060,84,2144,84,2060,,0.0,1.0,0.960820895522388,0.0,1.0,0.960820895522388,0.5,,,,0.5517568192325474,0.10831370334429775
3,traditional_2_of_5,CWE-259,3,19,2014,108,2144,111,2033,0.13636363636363635,0.02702702702702703,0.9906542056074766,0.9491046182846371,0.009345794392523364,0.972972972972973,0.9407649253731343,0.5088406163172519,0.04511278195488722,0.03218884120171674,0.03887395134664243,0.558463283746117,0.07262878533643903
3,traditional_2_of_5,CWE-276,0,0,2088,56,2144,56,2088,,0.0,1.0,0.9738805970149254,0.0,1.0,0.9738805970149254,0.5,,,,0.5164203612479474,0.03636362067313267
3,traditional_2_of_5,CWE-284,0,0,1738,406,2144,406,1738,,0.0,1.0,0.8106343283582089,0.0,1.0,0.8106343283582089,0.5,,,,0.5,0.12100096048765024
3,traditional_2_of_5,CWE-287,0,0,1920,224,2144,224,1920,,0.0,1.0,0.8955223880597015,0.0,1.0,0.8955223880597015,0.5,,,,0.5051339285714286,0.08055274341958431
3,traditional_2_of_5,CWE-295,0,6,2077,61,2144,61,2083,0.0,0.0,0.9971195391262602,0.9714686623012161,0.0028804608737397984,1.0,0.96875,0.4985597695631301,,,-0.00906550615888624,0.4985597695631301,0.0344359084177978
3,traditional_2_of_5,CWE-312,0,0,2107,37,2144,37,2107,,0.0,1.0,0.9827425373134329,0.0,1.0,0.9827425373134329,0.5,,,,0.49359278595158995,0.011387802667284312
3,traditional_2_of_5,CWE-315,0,0,2112,32,2144,32,2112,,0.0,1.0,0.9850746268656716,0.0,1.0,0.9850746268656716,0.5,,,,0.4981060606060606,0.010394060912243572
3,traditional_2_of_5,CWE-319,1,0,2068,75,2144,76,2068,1.0,0.013157894736842105,1.0,0.9650023331777882,0.0,0.9868421052631579,0.965018656716418,0.506578947368421,0.025974025974025976,0.016393442622950817,0.11268273656936262,0.5212034256337168,0.047392631558596056
3,traditional_2_of_5,CWE-321,0,0,2031,113,2144,113,2031,,0.0,1.0,0.9472947761194029,0.0,1.0,0.9472947761194029,0.5,,,,0.5073659167854015,0.04655615085970255
3,traditional_2_of_5,CWE-326,0,0,2104,40,2144,40,2104,,0.0,1.0,0.9813432835820896,0.0,1.0,0.9813432835820896,0.5,,,,0.5113117870722433,0.01888770165253911
3,traditional_2_of_5,CWE-327,18,24,2078,24,2144,42,2102,0.42857142857142855,0.42857142857142855,0.9885823025689819,0.9885823025689819,0.011417697431018078,0.5714285714285714,0.9776119402985075,0.7085768655702053,0.42857142857142855,0.42857142857142855,0.4171537311404105,0.7630714512255902,0.19307691896925241
3,traditional_2_of_5,CWE-328,0,0,2093,51,2144,51,2093,,0.0,1.0,0.9762126865671642,0.0,1.0,0.9762126865671642,0.5,,,,0.5234394761248982,0.03329881951210095
3,traditional_2_of_5,CWE-330,0,0,2073,71,2144,71,2073,,0.0,1.0,0.9668843283582089,0.0,1.0,0.9668843283582089,0.5,,,,0.6537711556361808,0.1751583172538354
3,traditional_2_of_5,CWE-347,0,0,2112,32,2144,32,2112,,0.0,1.0,0.9850746268656716,0.0,1.0,0.9850746268656716,0.5,,,,0.515625,0.04269584246810155
3,traditional_2_of_5,CWE-352,0,0,2105,39,2144,39,2105,,0.0,1.0,0.9818097014925373,0.0,1.0,0.9818097014925373,0.5,,,,0.4997624703087886,0.019037712221367995
3,traditional_2_of_5,CWE-359,0,0,2031,113,2144,113,2031,,0.0,1.0,0.9472947761194029,0.0,1.0,0.9472947761194029,0.5,,,,0.5120368796922045,0.045690449433220356
3,traditional_2_of_5,CWE-377,3,14,2114,13,2144,16,2128,0.17647058823529413,0.1875,0.993421052631579,0.9938881053126469,0.006578947368421052,0.8125,0.9874067164179104,0.5904605263157895,0.1818181818181818,0.1851851851851852,0.17556045728362088,0.7831443843984962,0.06650826938127899
3,traditional_2_of_5,CWE-400,0,0,2072,72,2144,72,2072,,0.0,1.0,0.9664179104477612,0.0,1.0,0.9664179104477612,0.5,,,,0.5333547833547834,0.04432329715023026
3,traditional_2_of_5,CWE-477,0,0,2138,6,2144,6,2138,,0.0,1.0,0.9972014925373134,0.0,1.0,0.9972014925373134,0.5,,,,0.44738072965388215,0.001824396317627339
3,traditional_2_of_5,CWE-497,0,0,1994,150,2144,150,1994,,0.0,1.0,0.9300373134328358,0.0,1.0,0.9300373134328358,0.5,,,,0.49623871614844534,0.04550460119159972
3,traditional_2_of_5,CWE-502,8,8,2094,34,2144,42,2102,0.5,0.19047619047619047,0.9961941008563273,0.9840225563909775,0.003805899143672693,0.8095238095238095,0.980410447761194,0.5933351456662589,0.27586206896551724,0.21739130434782605,0.3005871447900155,0.6399574101762494,0.17173668641326503
3,traditional_2_of_5,CWE-521,0,0,2080,64,2144,64,2080,,0.0,1.0,0.9701492537313433,0.0,1.0,0.9701492537313433,0.5,,,,0.5,0.026078105616212464
3,traditional_2_of_5,CWE-522,0,0,2052,92,2144,92,2052,,0.0,1.0,0.957089552238806,0.0,1.0,0.957089552238806,0.5,,,,0.5,0.03143333960733921
3,traditional_2_of_5,CWE-532,0,0,2013,131,2144,131,2013,,0.0,1.0,0.9388992537313433,0.0,1.0,0.9388992537313433,0.5,,,,0.5064826717936466,0.045988822158997224
3,traditional_2_of_5,CWE-601,2,4,2092,46,2144,48,2096,0.3333333333333333,0.041666666666666664,0.9980916030534351,0.9784845650140318,0.0019083969465648854,0.9583333333333334,0.976679104477612,0.5198791348600509,0.07407407407407407,0.0505050505050505,0.1113433433396439,0.5381579993638677,0.06577678264670003
3,traditional_2_of_5,CWE-605,0,0,2131,13,2144,13,2131,,0.0,1.0,0.9939365671641791,0.0,1.0,0.9939365671641791,0.5,,,,0.6873804281124788,0.08100160587522816
3,traditional_2_of_5,CWE-611,1,0,2126,17,2144,18,2126,1.0,0.05555555555555555,1.0,0.9920671955202987,0.0,0.9444444444444444,0.992070895522388,0.5277777777777778,0.10526315789473684,0.06849315068493152,0.23476550895643114,0.6862260896832862,0.13759538137551613
3,traditional_2_of_5,CWE-614,1,1,2067,75,2144,76,2068,0.5,0.013157894736842105,0.9995164410058027,0.9649859943977591,0.00048355899419729207,0.9868421052631579,0.9645522388059702,0.5063371678713224,0.025641025641025637,0.016339869281045753,0.07676840892336352,0.5327738470935559,0.07372760666210697
3,traditional_2_of_5,CWE-643,0,0,2098,46,2144,46,2098,,0.0,1.0,0.9785447761194029,0.0,1.0,0.9785447761194029,0.5,,,,0.5415716831765243,0.05501814351321774
3,traditional_2_of_5,CWE-668,0,0,1790,354,2144,354,1790,,0.0,1.0,0.8348880597014925,0.0,1.0,0.8348880597014925,0.5,,,,0.5,0.10373308182707458
3,traditional_2_of_5,CWE-706,0,0,2035,109,2144,109,2035,,0.0,1.0,0.949160447761194,0.0,1.0,0.949160447761194,0.5,,,,0.49926289926289924,0.055834633513959786
3,traditional_2_of_5,CWE-73,0,0,2022,122,2144,122,2022,,0.0,1.0,0.9430970149253731,0.0,1.0,0.9430970149253731,0.5,,,,0.4983055244766584,0.040855803612870514
3,traditional_2_of_5,CWE-732,4,4,2081,55,2144,59,2085,0.5,0.06779661016949153,0.9980815347721822,0.974250936329588,0.0019184652278177458,0.9322033898305084,0.972481343283582,0.5329390724708368,0.11940298507462686,0.0819672131147541,0.17675625002314657,0.5409502906149657,0.07746414463094378
3,traditional_2_of_5,CWE-74,0,0,1809,335,2144,335,1809,,0.0,1.0,0.84375,0.0,1.0,0.84375,0.5,,,,0.511387506909895,0.19152217173445404
3,traditional_2_of_5,CWE-770,0,0,2089,55,2144,55,2089,,0.0,1.0,0.9743470149253731,0.0,1.0,0.9743470149253731,0.5,,,,0.5,0.024876466087780564
3,traditional_2_of_5,CWE-776,0,0,2105,39,2144,39,2105,,0.0,1.0,0.9818097014925373,0.0,1.0,0.9818097014925373,0.5,,,,0.498812351543943,0.017242480579642873
3,traditional_2_of_5,CWE-78,11,8,2029,96,2144,107,2037,0.5789473684210527,0.102803738317757,0.9960726558664703,0.9548235294117647,0.0039273441335297005,0.897196261682243,0.9514925373134329,0.5494381970921136,0.1746031746031746,0.12304250559284118,0.22973319677005014,0.6098348772016755,0.19205518200213204
3,traditional_2_of_5,CWE-79,17,14,2002,111,2144,128,2016,0.5483870967741935,0.1328125,0.9930555555555556,0.9474680548982489,0.006944444444444444,0.8671875,0.9416977611940298,0.5629340277777778,0.2138364779874214,0.15653775322283608,0.24982458601629948,0.5834205264136905,0.16243257744837677
3,traditional_2_of_5,CWE-798,0,1,2028,115,2144,115,2029,0.0,0.0,0.9995071463775259,0.9463369108726085,0.0004928536224741252,1.0,0.9458955223880597,0.49975357318876296,,,-0.005142766557951736,0.5068763794544324,0.04588637526791553
3,traditional_2_of_5,CWE-80,0,0,2023,121,2144,121,2023,,0.0,1.0,0.9435634328358209,0.0,1.0,0.9435634328358209,0.5,,,,0.5038850737183547,0.0648899104545778
3,traditional_2_of_5,CWE-827,0,0,2123,21,2144,21,2123,,0.0,1.0,0.9902052238805971,0.0,1.0,0.9902052238805971,0.5,,,,0.4997644842204428,0.006148918529234814
3,traditional_2_of_5,CWE-829,0,0,2121,23,2144,23,2121,,0.0,1.0,0.9892723880597015,0.0,1.0,0.9892723880597015,0.5,,,,0.4985855728429986,0.006622766009990635
3,traditional_2_of_5,CWE-88,0,0,2081,63,2144,63,2081,,0.0,1.0,0.9706156716417911,0.0,1.0,0.9706156716417911,0.5,,,,0.4983181162902451,0.02701854173656242
3,traditional_2_of_5,CWE-89,44,30,2003,67,2144,111,2033,0.5945945945945946,0.3963963963963964,0.985243482538121,0.9676328502415459,0.014756517461878997,0.6036036036036037,0.9547574626865671,0.6908199394672587,0.4756756756756757,0.42471042471042475,0.46321529981308657,0.7621962838391761,0.3056825175089361
3,traditional_2_of_5,CWE-90,0,0,2106,38,2144,38,2106,,0.0,1.0,0.9822761194029851,0.0,1.0,0.9822761194029851,0.5,,,,0.5,0.013654090747530887
3,traditional_2_of_5,CWE-916,0,0,2093,51,2144,51,2093,,0.0,1.0,0.9762126865671642,0.0,1.0,0.9762126865671642,0.5,,,,0.5234394761248982,0.03329881951210095
3,traditional_2_of_5,CWE-918,0,4,2117,23,2144,23,2121,0.0,0.0,0.9981140971239981,0.9892523364485981,0.001885902876001886,1.0,0.9874067164179104,0.49905704856199906,,,-0.004502116124878325,0.5198122296701719,0.022356044846899494
3,traditional_2_of_5,CWE-93,0,0,2104,40,2144,40,2104,,0.0,1.0,0.9813432835820896,0.0,1.0,0.9813432835820896,0.5,,,,0.499287072243346,0.014756566352858155
3,traditional_2_of_5,CWE-939,0,0,2036,108,2144,108,2036,,0.0,1.0,0.9496268656716418,0.0,1.0,0.9496268656716418,0.5,,,,0.4995088408644401,0.035470918786142586
3,traditional_2_of_5,CWE-94,0,4,2056,84,2144,84,2060,0.0,0.0,0.9980582524271845,0.9607476635514018,0.001941747572815534,1.0,0.9589552238805971,0.49902912621359224,,,-0.00873029948091153,0.5630258899676376,0.06584014853493704
3,traditional_2_of_5,CWE-942,0,0,2065,79,2144,79,2065,,0.0,1.0,0.9631529850746269,0.0,1.0,0.9631529850746269,0.5,,,,0.4997578692493947,0.0313163174487509
3,traditional_2_of_5,CWE-95,6,7,2060,71,2144,77,2067,0.46153846153846156,0.07792207792207792,0.9966134494436382,0.9666823087752229,0.003386550556361877,0.922077922077922,0.9636194029850746,0.537267763682858,0.13333333333333333,0.09345794392523364,0.17865514530593185,0.575858104159991,0.10811907350046171
3,traditional_2_of_5,CWE-96,0,0,2068,76,2144,76,2068,,0.0,1.0,0.9645522388059702,0.0,1.0,0.9645522388059702,0.5,,,,0.5022269164206454,0.032259864072012034
3,traditional_2_of_5,CWE-99,0,0,2104,40,2144,40,2104,,0.0,1.0,0.9813432835820896,0.0,1.0,0.9813432835820896,0.5,,,,0.4900190114068441,0.013539696749207995
3,traditional_2_of_supported,CWE-113,0,0,2034,110,2144,110,2034,,0.0,1.0,0.9486940298507462,0.0,1.0,0.9486940298507462,0.5,,,,0.5,0.038032298345933024
3,traditional_2_of_supported,CWE-116,0,0,2123,21,2144,21,2123,,0.0,1.0,0.9902052238805971,0.0,1.0,0.9902052238805971,0.5,,,,0.6100980194244443,0.032735057303377946
3,traditional_2_of_supported,CWE-117,0,0,2050,94,2144,94,2050,,0.0,1.0,0.9561567164179104,0.0,1.0,0.9561567164179104,0.5,,,,0.5053191489361702,0.04235064384373712
3,traditional_2_of_supported,CWE-1333,0,0,2109,35,2144,35,2109,,0.0,1.0,0.9836753731343284,0.0,1.0,0.9836753731343284,0.5,,,,0.5123890808101335,0.028305062209568403
3,traditional_2_of_supported,CWE-185,0,0,2134,10,2144,10,2134,,0.0,1.0,0.9953358208955224,0.0,1.0,0.9953358208955224,0.5,,,,0.5,0.00789469307883133
3,traditional_2_of_supported,CWE-20,2,19,1947,176,2144,178,1966,0.09523809523809523,0.011235955056179775,0.9903357070193286,0.917098445595855,0.009664292980671414,0.9887640449438202,0.9090485074626866,0.5007858310377542,0.020100502512562814,0.01364256480218281,0.004403279842535534,0.49869552047732807,0.07324842950888365
3,traditional_2_of_supported,CWE-200,12,8,1905,219,2144,231,1913,0.6,0.05194805194805195,0.9958180867746994,0.8968926553672316,0.004181913225300575,0.948051948051948,0.8941231343283582,0.5238830693613756,0.09561752988047809,0.0635593220338983,0.15406051897415987,0.5233874854888969,0.10396500388145175
3,traditional_2_of_supported,CWE-208,0,0,2021,123,2144,123,2021,,0.0,1.0,0.9426305970149254,0.0,1.0,0.9426305970149254,0.5,,,,0.522201840029286,0.05012859505690063
3,traditional_2_of_supported,CWE-209,0,0,2018,126,2144,126,2018,,0.0,1.0,0.941231343283582,0.0,1.0,0.941231343283582,0.5,,,,0.4962834489593657,0.03975957978146918
3,traditional_2_of_supported,CWE-215,0,0,2032,112,2144,112,2032,,0.0,1.0,0.9477611940298507,0.0,1.0,0.9477611940298507,0.5,,,,0.4919150731158605,0.037785350494715195
3,traditional_2_of_supported,CWE-22,5,4,2054,81,2144,86,2058,0.5555555555555556,0.05813953488372093,0.9980563654033042,0.9620608899297424,0.001943634596695821,0.9418604651162791,0.9603544776119403,0.5280979501435126,0.10526315789473685,0.07082152974504248,0.17055181663475816,0.5841469478156711,0.16099706284855714
3,traditional_2_of_supported,CWE-23,0,0,2060,84,2144,84,2060,,0.0,1.0,0.960820895522388,0.0,1.0,0.960820895522388,0.5,,,,0.5517568192325474,0.10831370334429775
3,traditional_2_of_supported,CWE-259,3,19,2014,108,2144,111,2033,0.13636363636363635,0.02702702702702703,0.9906542056074766,0.9491046182846371,0.009345794392523364,0.972972972972973,0.9407649253731343,0.5088406163172519,0.04511278195488722,0.03218884120171674,0.03887395134664243,0.558463283746117,0.07262878533643903
3,traditional_2_of_supported,CWE-276,0,0,2088,56,2144,56,2088,,0.0,1.0,0.9738805970149254,0.0,1.0,0.9738805970149254,0.5,,,,0.5164203612479474,0.03636362067313267
3,traditional_2_of_supported,CWE-284,0,0,1738,406,2144,406,1738,,0.0,1.0,0.8106343283582089,0.0,1.0,0.8106343283582089,0.5,,,,0.5,0.12100096048765024
3,traditional_2_of_supported,CWE-287,0,0,1920,224,2144,224,1920,,0.0,1.0,0.8955223880597015,0.0,1.0,0.8955223880597015,0.5,,,,0.5051339285714286,0.08055274341958431
3,traditional_2_of_supported,CWE-295,0,6,2077,61,2144,61,2083,0.0,0.0,0.9971195391262602,0.9714686623012161,0.0028804608737397984,1.0,0.96875,0.4985597695631301,,,-0.00906550615888624,0.4985597695631301,0.0344359084177978
3,traditional_2_of_supported,CWE-312,0,0,2107,37,2144,37,2107,,0.0,1.0,0.9827425373134329,0.0,1.0,0.9827425373134329,0.5,,,,0.49359278595158995,0.011387802667284312
3,traditional_2_of_supported,CWE-315,0,0,2112,32,2144,32,2112,,0.0,1.0,0.9850746268656716,0.0,1.0,0.9850746268656716,0.5,,,,0.4981060606060606,0.010394060912243572
3,traditional_2_of_supported,CWE-319,1,0,2068,75,2144,76,2068,1.0,0.013157894736842105,1.0,0.9650023331777882,0.0,0.9868421052631579,0.965018656716418,0.506578947368421,0.025974025974025976,0.016393442622950817,0.11268273656936262,0.5212034256337168,0.047392631558596056
3,traditional_2_of_supported,CWE-321,0,0,2031,113,2144,113,2031,,0.0,1.0,0.9472947761194029,0.0,1.0,0.9472947761194029,0.5,,,,0.5073659167854015,0.04655615085970255
3,traditional_2_of_supported,CWE-326,0,0,2104,40,2144,40,2104,,0.0,1.0,0.9813432835820896,0.0,1.0,0.9813432835820896,0.5,,,,0.5113117870722433,0.01888770165253911
3,traditional_2_of_supported,CWE-327,18,24,2078,24,2144,42,2102,0.42857142857142855,0.42857142857142855,0.9885823025689819,0.9885823025689819,0.011417697431018078,0.5714285714285714,0.9776119402985075,0.7085768655702053,0.42857142857142855,0.42857142857142855,0.4171537311404105,0.7630714512255902,0.19307691896925241
3,traditional_2_of_supported,CWE-328,0,0,2093,51,2144,51,2093,,0.0,1.0,0.9762126865671642,0.0,1.0,0.9762126865671642,0.5,,,,0.5234394761248982,0.03329881951210095
3,traditional_2_of_supported,CWE-330,0,0,2073,71,2144,71,2073,,0.0,1.0,0.9668843283582089,0.0,1.0,0.9668843283582089,0.5,,,,0.6537711556361808,0.1751583172538354
3,traditional_2_of_supported,CWE-347,0,0,2112,32,2144,32,2112,,0.0,1.0,0.9850746268656716,0.0,1.0,0.9850746268656716,0.5,,,,0.515625,0.04269584246810155
3,traditional_2_of_supported,CWE-352,0,0,2105,39,2144,39,2105,,0.0,1.0,0.9818097014925373,0.0,1.0,0.9818097014925373,0.5,,,,0.4997624703087886,0.019037712221367995
3,traditional_2_of_supported,CWE-359,0,0,2031,113,2144,113,2031,,0.0,1.0,0.9472947761194029,0.0,1.0,0.9472947761194029,0.5,,,,0.5120368796922045,0.045690449433220356
3,traditional_2_of_supported,CWE-377,3,14,2114,13,2144,16,2128,0.17647058823529413,0.1875,0.993421052631579,0.9938881053126469,0.006578947368421052,0.8125,0.9874067164179104,0.5904605263157895,0.1818181818181818,0.1851851851851852,0.17556045728362088,0.7831443843984962,0.06650826938127899
3,traditional_2_of_supported,CWE-400,0,0,2072,72,2144,72,2072,,0.0,1.0,0.9664179104477612,0.0,1.0,0.9664179104477612,0.5,,,,0.5333547833547834,0.04432329715023026
3,traditional_2_of_supported,CWE-477,0,0,2138,6,2144,6,2138,,0.0,1.0,0.9972014925373134,0.0,1.0,0.9972014925373134,0.5,,,,0.44738072965388215,0.001824396317627339
3,traditional_2_of_supported,CWE-497,0,0,1994,150,2144,150,1994,,0.0,1.0,0.9300373134328358,0.0,1.0,0.9300373134328358,0.5,,,,0.49623871614844534,0.04550460119159972
3,traditional_2_of_supported,CWE-502,8,8,2094,34,2144,42,2102,0.5,0.19047619047619047,0.9961941008563273,0.9840225563909775,0.003805899143672693,0.8095238095238095,0.980410447761194,0.5933351456662589,0.27586206896551724,0.21739130434782605,0.3005871447900155,0.6399574101762494,0.17173668641326503
3,traditional_2_of_supported,CWE-521,0,0,2080,64,2144,64,2080,,0.0,1.0,0.9701492537313433,0.0,1.0,0.9701492537313433,0.5,,,,0.5,0.026078105616212464
3,traditional_2_of_supported,CWE-522,0,0,2052,92,2144,92,2052,,0.0,1.0,0.957089552238806,0.0,1.0,0.957089552238806,0.5,,,,0.5,0.03143333960733921
3,traditional_2_of_supported,CWE-532,0,0,2013,131,2144,131,2013,,0.0,1.0,0.9388992537313433,0.0,1.0,0.9388992537313433,0.5,,,,0.5064826717936466,0.045988822158997224
3,traditional_2_of_supported,CWE-601,2,4,2092,46,2144,48,2096,0.3333333333333333,0.041666666666666664,0.9980916030534351,0.9784845650140318,0.0019083969465648854,0.9583333333333334,0.976679104477612,0.5198791348600509,0.07407407407407407,0.0505050505050505,0.1113433433396439,0.5381579993638677,0.06577678264670003
3,traditional_2_of_supported,CWE-605,0,0,2131,13,2144,13,2131,,0.0,1.0,0.9939365671641791,0.0,1.0,0.9939365671641791,0.5,,,,0.6873804281124788,0.08100160587522816
3,traditional_2_of_supported,CWE-611,1,0,2126,17,2144,18,2126,1.0,0.05555555555555555,1.0,0.9920671955202987,0.0,0.9444444444444444,0.992070895522388,0.5277777777777778,0.10526315789473684,0.06849315068493152,0.23476550895643114,0.6862260896832862,0.13759538137551613
3,traditional_2_of_supported,CWE-614,1,1,2067,75,2144,76,2068,0.5,0.013157894736842105,0.9995164410058027,0.9649859943977591,0.00048355899419729207,0.9868421052631579,0.9645522388059702,0.5063371678713224,0.025641025641025637,0.016339869281045753,0.07676840892336352,0.5327738470935559,0.07372760666210697
3,traditional_2_of_supported,CWE-643,0,0,2098,46,2144,46,2098,,0.0,1.0,0.9785447761194029,0.0,1.0,0.9785447761194029,0.5,,,,0.5415716831765243,0.05501814351321774
3,traditional_2_of_supported,CWE-668,0,0,1790,354,2144,354,1790,,0.0,1.0,0.8348880597014925,0.0,1.0,0.8348880597014925,0.5,,,,0.5,0.10373308182707458
3,traditional_2_of_supported,CWE-706,0,0,2035,109,2144,109,2035,,0.0,1.0,0.949160447761194,0.0,1.0,0.949160447761194,0.5,,,,0.49926289926289924,0.055834633513959786
3,traditional_2_of_supported,CWE-73,0,0,2022,122,2144,122,2022,,0.0,1.0,0.9430970149253731,0.0,1.0,0.9430970149253731,0.5,,,,0.4983055244766584,0.040855803612870514
3,traditional_2_of_supported,CWE-732,4,4,2081,55,2144,59,2085,0.5,0.06779661016949153,0.9980815347721822,0.974250936329588,0.0019184652278177458,0.9322033898305084,0.972481343283582,0.5329390724708368,0.11940298507462686,0.0819672131147541,0.17675625002314657,0.5409502906149657,0.07746414463094378
3,traditional_2_of_supported,CWE-74,0,0,1809,335,2144,335,1809,,0.0,1.0,0.84375,0.0,1.0,0.84375,0.5,,,,0.511387506909895,0.19152217173445404
3,traditional_2_of_supported,CWE-770,0,0,2089,55,2144,55,2089,,0.0,1.0,0.9743470149253731,0.0,1.0,0.9743470149253731,0.5,,,,0.5,0.024876466087780564
3,traditional_2_of_supported,CWE-776,0,0,2105,39,2144,39,2105,,0.0,1.0,0.9818097014925373,0.0,1.0,0.9818097014925373,0.5,,,,0.498812351543943,0.017242480579642873
3,traditional_2_of_supported,CWE-78,11,8,2029,96,2144,107,2037,0.5789473684210527,0.102803738317757,0.9960726558664703,0.9548235294117647,0.0039273441335297005,0.897196261682243,0.9514925373134329,0.5494381970921136,0.1746031746031746,0.12304250559284118,0.22973319677005014,0.6098348772016755,0.19205518200213204
3,traditional_2_of_supported,CWE-79,17,14,2002,111,2144,128,2016,0.5483870967741935,0.1328125,0.9930555555555556,0.9474680548982489,0.006944444444444444,0.8671875,0.9416977611940298,0.5629340277777778,0.2138364779874214,0.15653775322283608,0.24982458601629948,0.5834205264136905,0.16243257744837677
3,traditional_2_of_supported,CWE-798,0,1,2028,115,2144,115,2029,0.0,0.0,0.9995071463775259,0.9463369108726085,0.0004928536224741252,1.0,0.9458955223880597,0.49975357318876296,,,-0.005142766557951736,0.5068763794544324,0.04588637526791553
3,traditional_2_of_supported,CWE-80,0,0,2023,121,2144,121,2023,,0.0,1.0,0.9435634328358209,0.0,1.0,0.9435634328358209,0.5,,,,0.5038850737183547,0.0648899104545778
3,traditional_2_of_supported,CWE-827,0,0,2123,21,2144,21,2123,,0.0,1.0,0.9902052238805971,0.0,1.0,0.9902052238805971,0.5,,,,0.4997644842204428,0.006148918529234814
3,traditional_2_of_supported,CWE-829,0,0,2121,23,2144,23,2121,,0.0,1.0,0.9892723880597015,0.0,1.0,0.9892723880597015,0.5,,,,0.4985855728429986,0.006622766009990635
3,traditional_2_of_supported,CWE-88,0,0,2081,63,2144,63,2081,,0.0,1.0,0.9706156716417911,0.0,1.0,0.9706156716417911,0.5,,,,0.4983181162902451,0.02701854173656242
3,traditional_2_of_supported,CWE-89,44,30,2003,67,2144,111,2033,0.5945945945945946,0.3963963963963964,0.985243482538121,0.9676328502415459,0.014756517461878997,0.6036036036036037,0.9547574626865671,0.6908199394672587,0.4756756756756757,0.42471042471042475,0.46321529981308657,0.7621962838391761,0.3056825175089361
3,traditional_2_of_supported,CWE-90,0,0,2106,38,2144,38,2106,,0.0,1.0,0.9822761194029851,0.0,1.0,0.9822761194029851,0.5,,,,0.5,0.013654090747530887
3,traditional_2_of_supported,CWE-916,0,0,2093,51,2144,51,2093,,0.0,1.0,0.9762126865671642,0.0,1.0,0.9762126865671642,0.5,,,,0.5234394761248982,0.03329881951210095
3,traditional_2_of_supported,CWE-918,0,4,2117,23,2144,23,2121,0.0,0.0,0.9981140971239981,0.9892523364485981,0.001885902876001886,1.0,0.9874067164179104,0.49905704856199906,,,-0.004502116124878325,0.5198122296701719,0.022356044846899494
3,traditional_2_of_supported,CWE-93,0,0,2104,40,2144,40,2104,,0.0,1.0,0.9813432835820896,0.0,1.0,0.9813432835820896,0.5,,,,0.499287072243346,0.014756566352858155
3,traditional_2_of_supported,CWE-939,0,0,2036,108,2144,108,2036,,0.0,1.0,0.9496268656716418,0.0,1.0,0.9496268656716418,0.5,,,,0.4995088408644401,0.035470918786142586
3,traditional_2_of_supported,CWE-94,0,4,2056,84,2144,84,2060,0.0,0.0,0.9980582524271845,0.9607476635514018,0.001941747572815534,1.0,0.9589552238805971,0.49902912621359224,,,-0.00873029948091153,0.5630258899676376,0.06584014853493704
3,traditional_2_of_supported,CWE-942,0,0,2065,79,2144,79,2065,,0.0,1.0,0.9631529850746269,0.0,1.0,0.9631529850746269,0.5,,,,0.5,0.03137180990967501
3,traditional_2_of_supported,CWE-95,6,7,2060,71,2144,77,2067,0.46153846153846156,0.07792207792207792,0.9966134494436382,0.9666823087752229,0.003386550556361877,0.922077922077922,0.9636194029850746,0.537267763682858,0.13333333333333333,0.09345794392523364,0.17865514530593185,0.575858104159991,0.10811907350046171
3,traditional_2_of_supported,CWE-96,0,0,2068,76,2144,76,2068,,0.0,1.0,0.9645522388059702,0.0,1.0,0.9645522388059702,0.5,,,,0.5022269164206454,0.032259864072012034
3,traditional_2_of_supported,CWE-99,0,0,2104,40,2144,40,2104,,0.0,1.0,0.9813432835820896,0.0,1.0,0.9813432835820896,0.5,,,,0.4900190114068441,0.013539696749207995
3,weighted_fire_ppv_silence_npv,CWE-113,0,0,2034,110,2144,110,2034,,0.0,1.0,0.9486940298507462,0.0,1.0,0.9486940298507462,0.5,,,,0.5,0.038032298345933024
3,weighted_fire_ppv_silence_npv,CWE-116,0,0,2123,21,2144,21,2123,,0.0,1.0,0.9902052238805971,0.0,1.0,0.9902052238805971,0.5,,,,0.610804566763116,0.03634584116615235
3,weighted_fire_ppv_silence_npv,CWE-117,1,0,2050,93,2144,94,2050,1.0,0.010638297872340425,1.0,0.9566028931404573,0.0,0.9893617021276596,0.9566231343283582,0.5053191489361702,0.021052631578947368,0.013262599469496022,0.10087926706103105,0.5053191489361702,0.04235064384373712
3,weighted_fire_ppv_silence_npv,CWE-1333,1,8,2101,34,2144,35,2109,0.1111111111111111,0.02857142857142857,0.9962067330488383,0.9840749414519906,0.003793266951161688,0.9714285714285714,0.980410447761194,0.5123890808101335,0.04545454545454545,0.03355704697986577,0.04856475465194644,0.5123890808101335,0.028305062209568403
3,weighted_fire_ppv_silence_npv,CWE-185,0,0,2134,10,2144,10,2134,,0.0,1.0,0.9953358208955224,0.0,1.0,0.9953358208955224,0.5,,,,0.5,0.00789469307883133
3,weighted_fire_ppv_silence_npv,CWE-20,2,19,1947,176,2144,178,1966,0.09523809523809523,0.011235955056179775,0.9903357070193286,0.917098445595855,0.009664292980671414,0.9887640449438202,0.9090485074626866,0.5007858310377542,0.020100502512562814,0.01364256480218281,0.004403279842535534,0.5013944928960874,0.07931844933586005
3,weighted_fire_ppv_silence_npv,CWE-200,12,8,1905,219,2144,231,1913,0.6,0.05194805194805195,0.9958180867746994,0.8968926553672316,0.004181913225300575,0.948051948051948,0.8941231343283582,0.5238830693613756,0.09561752988047809,0.0635593220338983,0.15406051897415987,0.5233874854888969,0.10396500388145175
3,weighted_fire_ppv_silence_npv,CWE-208,11,91,1930,112,2144,123,2021,0.10784313725490197,0.08943089430894309,0.9549727857496288,0.9451518119490695,0.0450272142503711,0.9105691056910569,0.9053171641791045,0.5222018400292859,0.09777777777777778,0.0925925925925926,0.04850949153695001,0.522201840029286,0.05012859505690063
3,weighted_fire_ppv_silence_npv,CWE-209,0,15,2003,126,2144,126,2018,0.0,0.0,0.9925668979187314,0.9408172851103804,0.007433102081268583,1.0,0.9342350746268657,0.4962834489593657,,,-0.02097405924519992,0.4962834489593657,0.03975957978146918
3,weighted_fire_ppv_silence_npv,CWE-215,1,51,1981,111,2144,112,2032,0.019230769230769232,0.008928571428571428,0.9749015748031497,0.9469407265774379,0.025098425196850394,0.9910714285714286,0.9244402985074627,0.4919150731158605,0.012195121951219513,0.01,-0.023388073156651944,0.4919150731158605,0.037785350494715195
3,weighted_fire_ppv_silence_npv,CWE-22,0,0,2058,86,2144,86,2058,,0.0,1.0,0.9598880597014925,0.0,1.0,0.9598880597014925,0.5,,,,0.5841102221619545,0.14204933411265647
3,weighted_fire_ppv_silence_npv,CWE-23,10,32,2028,74,2144,84,2060,0.23809523809523808,0.11904761904761904,0.9844660194174757,0.9647954329210275,0.015533980582524271,0.8809523809523809,0.9505597014925373,0.5517568192325474,0.15873015873015875,0.13227513227513227,0.14492050085311675,0.5517568192325474,0.10831370334429775
3,weighted_fire_ppv_silence_npv,CWE-259,3,19,2014,108,2144,111,2033,0.13636363636363635,0.02702702702702703,0.9906542056074766,0.9491046182846371,0.009345794392523364,0.972972972972973,0.9407649253731343,0.5088406163172519,0.04511278195488722,0.03218884120171674,0.03887395134664243,0.5582860282811094,0.07187859497681522
3,weighted_fire_ppv_silence_npv,CWE-276,2,6,2082,54,2144,56,2088,0.25,0.03571428571428571,0.9971264367816092,0.9747191011235955,0.0028735632183908046,0.9642857142857143,0.9720149253731343,0.5164203612479474,0.0625,0.04310344827586206,0.0859065634251944,0.5164203612479474,0.03636362067313267
3,weighted_fire_ppv_silence_npv,CWE-284,0,0,1738,406,2144,406,1738,,0.0,1.0,0.8106343283582089,0.0,1.0,0.8106343283582089,0.5,,,,0.5,0.12100096048765024
3,weighted_fire_ppv_silence_npv,CWE-287,0,0,1920,224,2144,224,1920,,0.0,1.0,0.8955223880597015,0.0,1.0,0.8955223880597015,0.5,,,,0.5051339285714286,0.08055274341958431
3,weighted_fire_ppv_silence_npv,CWE-295,0,3,2080,61,2144,61,2083,0.0,0.0,0.9985597695631301,0.9715086408220458,0.0014402304368698992,1.0,0.9701492537313433,0.49927988478156504,,,-0.006405788216596161,0.4985597695631301,0.0344359084177978
3,weighted_fire_ppv_silence_npv,CWE-312,0,27,2080,37,2144,37,2107,0.0,0.0,0.9871855719031799,0.9825224374114313,0.012814428096820124,1.0,0.9701492537313433,0.49359278595158995,,,-0.014965459201069889,0.49359278595158995,0.011387802667284312
3,weighted_fire_ppv_silence_npv,CWE-315,0,8,2104,32,2144,32,2112,0.0,0.0,0.9962121212121212,0.9850187265917603,0.003787878787878788,1.0,0.9813432835820896,0.4981060606060606,,,-0.0075330769117594775,0.4981060606060606,0.010394060912243572
3,weighted_fire_ppv_silence_npv,CWE-319,1,0,2068,75,2144,76,2068,1.0,0.013157894736842105,1.0,0.9650023331777882,0.0,0.9868421052631579,0.965018656716418,0.506578947368421,0.025974025974025976,0.016393442622950817,0.11268273656936262,0.5212034256337168,0.047392631558596056
3,weighted_fire_ppv_silence_npv,CWE-321,3,24,2007,110,2144,113,2031,0.1111111111111111,0.02654867256637168,0.9881831610044313,0.9480396787907416,0.011816838995568686,0.9734513274336283,0.9375,0.5073659167854014,0.042857142857142864,0.031315240083507306,0.029519478186709684,0.5073659167854015,0.04655615085970255
3,weighted_fire_ppv_silence_npv,CWE-326,0,0,2104,40,2144,40,2104,,0.0,1.0,0.9813432835820896,0.0,1.0,0.9813432835820896,0.5,,,,0.5113117870722433,0.01888770165253911
3,weighted_fire_ppv_silence_npv,CWE-327,3,16,2086,39,2144,42,2102,0.15789473684210525,0.07142857142857142,0.9923882017126546,0.9816470588235294,0.007611798287345386,0.9285714285714286,0.9743470149253731,0.531908386570613,0.09836065573770492,0.08021390374331551,0.09436687510834046,0.7635924969416882,0.19482817092217894
3,weighted_fire_ppv_silence_npv,CWE-328,3,25,2068,48,2144,51,2093,0.10714285714285714,0.058823529411764705,0.9880554228380315,0.9773156899810964,0.011944577161968466,0.9411764705882353,0.9659514925373134,0.523439476124898,0.07594936708860758,0.06465517241379311,0.06292319284422067,0.5234394761248982,0.03329881951210095
3,weighted_fire_ppv_silence_npv,CWE-330,23,34,2039,48,2144,71,2073,0.40350877192982454,0.323943661971831,0.9835986493005306,0.9770004791566842,0.016401350699469366,0.676056338028169,0.9617537313432836,0.6537711556361808,0.35937500000000006,0.3372434017595308,0.34208579996787397,0.6537711556361808,0.1751583172538354
3,weighted_fire_ppv_silence_npv,CWE-347,1,0,2112,31,2144,32,2112,1.0,0.03125,1.0,0.9855342977134858,0.0,0.96875,0.9855410447761194,0.515625,0.06060606060606061,0.03875968992248062,0.17549343806406675,0.515625,0.04269584246810155
3,weighted_fire_ppv_silence_npv,CWE-352,0,0,2105,39,2144,39,2105,,0.0,1.0,0.9818097014925373,0.0,1.0,0.9818097014925373,0.5,,,,0.5,0.01923397289448979
3,weighted_fire_ppv_silence_npv,CWE-359,4,23,2008,109,2144,113,2031,0.14814814814814814,0.035398230088495575,0.9886755292959133,0.9485120453471895,0.011324470704086657,0.9646017699115044,0.9384328358208955,0.5120368796922045,0.05714285714285715,0.04175365344467641,0.0482387213787551,0.5120368796922045,0.045690449433220356
3,weighted_fire_ppv_silence_npv,CWE-377,0,0,2128,16,2144,16,2128,,0.0,1.0,0.9925373134328358,0.0,1.0,0.9925373134328358,0.5,,,,0.7820870535714286,0.06448484696670866
3,weighted_fire_ppv_silence_npv,CWE-400,0,0,2072,72,2144,72,2072,,0.0,1.0,0.9664179104477612,0.0,1.0,0.9664179104477612,0.5,,,,0.5339848777348777,0.05262816556946189
3,weighted_fire_ppv_silence_npv,CWE-477,0,0,2138,6,2144,6,2138,,0.0,1.0,0.9972014925373134,0.0,1.0,0.9972014925373134,0.5,,,,0.5,0.0018253872712413668
3,weighted_fire_ppv_silence_npv,CWE-497,0,15,1979,150,2144,150,1994,0.0,0.0,0.9924774322968907,0.9295443870361673,0.007522567703109328,1.0,0.9230410447761194,0.49623871614844534,,,-0.023021883471699256,0.49623871614844534,0.04550460119159972
3,weighted_fire_ppv_silence_npv,CWE-502,8,8,2094,34,2144,42,2102,0.5,0.19047619047619047,0.9961941008563273,0.9840225563909775,0.003805899143672693,0.8095238095238095,0.980410447761194,0.5933351456662589,0.27586206896551724,0.21739130434782605,0.3005871447900155,0.640104662226451,0.20872172518401808
3,weighted_fire_ppv_silence_npv,CWE-521,0,0,2080,64,2144,64,2080,,0.0,1.0,0.9701492537313433,0.0,1.0,0.9701492537313433,0.5,,,,0.5,0.026078105616212464
3,weighted_fire_ppv_silence_npv,CWE-522,0,0,2052,92,2144,92,2052,,0.0,1.0,0.957089552238806,0.0,1.0,0.957089552238806,0.5,,,,0.5,0.03143333960733921
3,weighted_fire_ppv_silence_npv,CWE-532,0,0,2013,131,2144,131,2013,,0.0,1.0,0.9388992537313433,0.0,1.0,0.9388992537313433,0.5,,,,0.5074762137707952,0.047114207578263415
3,weighted_fire_ppv_silence_npv,CWE-601,2,4,2092,46,2144,48,2096,0.3333333333333333,0.041666666666666664,0.9980916030534351,0.9784845650140318,0.0019083969465648854,0.9583333333333334,0.976679104477612,0.5198791348600509,0.07407407407407407,0.0505050505050505,0.1113433433396439,0.5381182410941476,0.0611411405110579
3,weighted_fire_ppv_silence_npv,CWE-605,5,21,2110,8,2144,13,2131,0.19230769230769232,0.38461538461538464,0.990145471609573,0.996222851746931,0.009854528390427029,0.6153846153846154,0.9864738805970149,0.6873804281124788,0.2564102564102564,0.32051282051282054,0.2658079534447149,0.6873804281124788,0.08100160587522816
3,weighted_fire_ppv_silence_npv,CWE-611,1,0,2126,17,2144,18,2126,1.0,0.05555555555555555,1.0,0.9920671955202987,0.0,0.9444444444444444,0.992070895522388,0.5277777777777778,0.10526315789473684,0.06849315068493152,0.23476550895643114,0.6862260896832862,0.13759538137551613
3,weighted_fire_ppv_silence_npv,CWE-614,1,1,2067,75,2144,76,2068,0.5,0.013157894736842105,0.9995164410058027,0.9649859943977591,0.00048355899419729207,0.9868421052631579,0.9645522388059702,0.5063371678713224,0.025641025641025637,0.016339869281045753,0.07676840892336352,0.5327738470935559,0.07372760666210697
3,weighted_fire_ppv_silence_npv,CWE-643,4,8,2090,42,2144,46,2098,0.3333333333333333,0.08695652173913043,0.996186844613918,0.9803001876172608,0.0038131553860819827,0.9130434782608695,0.976679104477612,0.5415716831765243,0.13793103448275862,0.1020408163265306,0.1614823418612442,0.5415716831765243,0.05501814351321774
3,weighted_fire_ppv_silence_npv,CWE-668,0,0,1790,354,2144,354,1790,,0.0,1.0,0.8348880597014925,0.0,1.0,0.8348880597014925,0.5,,,,0.5,0.10373308182707458
3,weighted_fire_ppv_silence_npv,CWE-706,0,0,2035,109,2144,109,2035,,0.0,1.0,0.949160447761194,0.0,1.0,0.949160447761194,0.5,,,,0.5,0.0563376551022339
3,weighted_fire_ppv_silence_npv,CWE-73,2,40,1982,120,2144,122,2022,0.047619047619047616,0.01639344262295082,0.9802176063303659,0.9429115128449096,0.019782393669634024,0.9836065573770492,0.9253731343283582,0.4983055244766584,0.024390243902439025,0.01886792452830189,-0.00566493309997351,0.4983055244766584,0.040855803612870514
3,weighted_fire_ppv_silence_npv,CWE-732,4,4,2081,55,2144,59,2085,0.5,0.06779661016949153,0.9980815347721822,0.974250936329588,0.0019184652278177458,0.9322033898305084,0.972481343283582,0.5329390724708368,0.11940298507462686,0.0819672131147541,0.17675625002314657,0.5409502906149657,0.07746414463094378
3,weighted_fire_ppv_silence_npv,CWE-74,8,2,1807,327,2144,335,1809,0.8,0.023880597014925373,0.9988944168048646,0.8467666354264293,0.001105583195135434,0.9761194029850746,0.8465485074626866,0.511387506909895,0.04637681159420289,0.02962962962962963,0.12136770188157955,0.511387506909895,0.19152217173445404
3,weighted_fire_ppv_silence_npv,CWE-770,0,0,2089,55,2144,55,2089,,0.0,1.0,0.9743470149253731,0.0,1.0,0.9743470149253731,0.5,,,,0.5,0.024876466087780564
3,weighted_fire_ppv_silence_npv,CWE-776,0,0,2105,39,2144,39,2105,,0.0,1.0,0.9818097014925373,0.0,1.0,0.9818097014925373,0.5,,,,0.49904988123515437,0.017272850653744024
3,weighted_fire_ppv_silence_npv,CWE-78,5,1,2036,102,2144,107,2037,0.8333333333333334,0.04672897196261682,0.9995090819833088,0.9522918615528532,0.0004909180166912126,0.9532710280373832,0.9519589552238806,0.5231190269729628,0.08849557522123892,0.057603686635944694,0.19059323215273363,0.6098555232864896,0.18935352229112654
3,weighted_fire_ppv_silence_npv,CWE-79,0,0,2016,128,2144,128,2016,,0.0,1.0,0.9402985074626866,0.0,1.0,0.9402985074626866,0.5,,,,0.5835096571180556,0.16433787288262502
3,weighted_fire_ppv_silence_npv,CWE-798,0,1,2028,115,2144,115,2029,0.0,0.0,0.9995071463775259,0.9463369108726085,0.0004928536224741252,1.0,0.9458955223880597,0.49975357318876296,,,-0.005142766557951736,0.5071228062656695,0.046833578486136354
3,weighted_fire_ppv_silence_npv,CWE-80,1,1,2022,120,2144,121,2023,0.5,0.008264462809917356,0.9995056846267919,0.9439775910364145,0.0004943153732081067,0.9917355371900827,0.9435634328358209,0.5038850737183547,0.016260162601626018,0.0102880658436214,0.058734754114986666,0.5038850737183547,0.0648899104545778
3,weighted_fire_ppv_silence_npv,CWE-827,0,0,2123,21,2144,21,2123,,0.0,1.0,0.9902052238805971,0.0,1.0,0.9902052238805971,0.5,,,,0.5,0.006148918529234814
3,weighted_fire_ppv_silence_npv,CWE-829,0,0,2121,23,2144,23,2121,,0.0,1.0,0.9892723880597015,0.0,1.0,0.9892723880597015,0.5,,,,0.5,0.006622766009990635
3,weighted_fire_ppv_silence_npv,CWE-88,0,7,2074,63,2144,63,2081,0.0,0.0,0.9966362325804902,0.9705194197473093,0.003363767419509851,1.0,0.9673507462686567,0.4983181162902451,,,-0.009958203420409047,0.4983181162902451,0.02701854173656242
3,weighted_fire_ppv_silence_npv,CWE-89,44,30,2003,67,2144,111,2033,0.5945945945945946,0.3963963963963964,0.985243482538121,0.9676328502415459,0.014756517461878997,0.6036036036036037,0.9547574626865671,0.6908199394672587,0.4756756756756757,0.42471042471042475,0.46321529981308657,0.7621143031866101,0.30477889709028017
3,weighted_fire_ppv_silence_npv,CWE-90,0,0,2106,38,2144,38,2106,,0.0,1.0,0.9822761194029851,0.0,1.0,0.9822761194029851,0.5,,,,0.5,0.013654090747530887
3,weighted_fire_ppv_silence_npv,CWE-916,3,25,2068,48,2144,51,2093,0.10714285714285714,0.058823529411764705,0.9880554228380315,0.9773156899810964,0.011944577161968466,0.9411764705882353,0.9659514925373134,0.523439476124898,0.07594936708860758,0.06465517241379311,0.06292319284422067,0.5234394761248982,0.03329881951210095
3,weighted_fire_ppv_silence_npv,CWE-918,0,4,2117,23,2144,23,2121,0.0,0.0,0.9981140971239981,0.9892523364485981,0.001885902876001886,1.0,0.9874067164179104,0.49905704856199906,,,-0.004502116124878325,0.5198019801980198,0.021752180112599974
3,weighted_fire_ppv_silence_npv,CWE-93,0,0,2104,40,2144,40,2104,,0.0,1.0,0.9813432835820896,0.0,1.0,0.9813432835820896,0.5,,,,0.5,0.014792946903699356
3,weighted_fire_ppv_silence_npv,CWE-939,0,0,2036,108,2144,108,2036,,0.0,1.0,0.9496268656716418,0.0,1.0,0.9496268656716418,0.5,,,,0.5,0.03554650975696584
3,weighted_fire_ppv_silence_npv,CWE-94,0,0,2060,84,2144,84,2060,,0.0,1.0,0.960820895522388,0.0,1.0,0.960820895522388,0.5,,,,0.5635748959778086,0.070658240007525
3,weighted_fire_ppv_silence_npv,CWE-942,0,0,2065,79,2144,79,2065,,0.0,1.0,0.9631529850746269,0.0,1.0,0.9631529850746269,0.5,,,,0.5,0.03137180990967501
3,weighted_fire_ppv_silence_npv,CWE-95,0,1,2066,77,2144,77,2067,0.0,0.0,0.9995162070633768,0.9640690620625292,0.0004837929366231253,1.0,0.9636194029850746,0.4997581035316884,,,-0.004169308573419852,0.5757827078581795,0.09888386426525247
3,weighted_fire_ppv_silence_npv,CWE-96,1,18,2050,75,2144,76,2068,0.05263157894736842,0.013157894736842105,0.9912959381044487,0.9647058823529412,0.008704061895551257,0.9868421052631579,0.9566231343283582,0.5022269164206454,0.021052631578947368,0.015479876160990712,0.008787386103041564,0.5022269164206454,0.032259864072012034
3,weighted_fire_ppv_silence_npv,CWE-99,0,42,2062,40,2144,40,2104,0.0,0.0,0.9800380228136882,0.9809705042816366,0.019961977186311788,1.0,0.9617537313432836,0.4900190114068441,,,-0.01949016057904576,0.4900190114068441,0.013539696749207995
3,weighted_fire_ppv_silence_sensitivity,CWE-113,0,0,2034,110,2144,110,2034,,0.0,1.0,0.9486940298507462,0.0,1.0,0.9486940298507462,0.5,,,,0.5,0.038032298345933024
3,weighted_fire_ppv_silence_sensitivity,CWE-116,5,35,2088,16,2144,21,2123,0.125,0.23809523809523808,0.9835138954309939,0.9923954372623575,0.016486104569006125,0.7619047619047619,0.9762126865671642,0.610804566763116,0.16393442622950818,0.20161290322580644,0.16129445474548762,0.610804566763116,0.03634584116615235
3,weighted_fire_ppv_silence_sensitivity,CWE-117,1,0,2050,93,2144,94,2050,1.0,0.010638297872340425,1.0,0.9566028931404573,0.0,0.9893617021276596,0.9566231343283582,0.5053191489361702,0.021052631578947368,0.013262599469496022,0.10087926706103105,0.5053191489361702,0.04235064384373712
3,weighted_fire_ppv_silence_sensitivity,CWE-1333,1,8,2101,34,2144,35,2109,0.1111111111111111,0.02857142857142857,0.9962067330488383,0.9840749414519906,0.003793266951161688,0.9714285714285714,0.980410447761194,0.5123890808101335,0.04545454545454545,0.03355704697986577,0.04856475465194644,0.5123890808101335,0.028305062209568403
3,weighted_fire_ppv_silence_sensitivity,CWE-185,0,0,2134,10,2144,10,2134,,0.0,1.0,0.9953358208955224,0.0,1.0,0.9953358208955224,0.5,,,,0.5,0.00789469307883133
3,weighted_fire_ppv_silence_sensitivity,CWE-20,10,40,1926,168,2144,178,1966,0.2,0.056179775280898875,0.9796541200406917,0.9197707736389685,0.02034587995930824,0.9438202247191011,0.9029850746268657,0.5179169476607953,0.08771929824561404,0.06561679790026247,0.06551223828541293,0.5013944928960874,0.07931844933586005
3,weighted_fire_ppv_silence_sensitivity,CWE-200,12,10,1903,219,2144,231,1913,0.5454545454545454,0.05194805194805195,0.9947726084683742,0.8967954759660698,0.005227391531625719,0.948051948051948,0.8931902985074627,0.523360330208213,0.09486166007905139,0.06342494714587739,0.14374356705588526,0.5233874854888969,0.10396500388145175
3,weighted_fire_ppv_silence_sensitivity,CWE-208,11,91,1930,112,2144,123,2021,0.10784313725490197,0.08943089430894309,0.9549727857496288,0.9451518119490695,0.0450272142503711,0.9105691056910569,0.9053171641791045,0.5222018400292859,0.09777777777777778,0.0925925925925926,0.04850949153695001,0.522201840029286,0.05012859505690063
3,weighted_fire_ppv_silence_sensitivity,CWE-209,0,15,2003,126,2144,126,2018,0.0,0.0,0.9925668979187314,0.9408172851103804,0.007433102081268583,1.0,0.9342350746268657,0.4962834489593657,,,-0.02097405924519992,0.4962834489593657,0.03975957978146918
3,weighted_fire_ppv_silence_sensitivity,CWE-215,1,51,1981,111,2144,112,2032,0.019230769230769232,0.008928571428571428,0.9749015748031497,0.9469407265774379,0.025098425196850394,0.9910714285714286,0.9244402985074627,0.4919150731158605,0.012195121951219513,0.01,-0.023388073156651944,0.4919150731158605,0.037785350494715195
3,weighted_fire_ppv_silence_sensitivity,CWE-22,16,38,2020,70,2144,86,2058,0.2962962962962963,0.18604651162790697,0.9815354713313897,0.9665071770334929,0.0184645286686103,0.813953488372093,0.9496268656716418,0.5837909914796484,0.22857142857142856,0.20100502512562815,0.20985977982738072,0.5841667231676724,0.14596432607538246
3,weighted_fire_ppv_silence_sensitivity,CWE-23,10,32,2028,74,2144,84,2060,0.23809523809523808,0.11904761904761904,0.9844660194174757,0.9647954329210275,0.015533980582524271,0.8809523809523809,0.9505597014925373,0.5517568192325474,0.15873015873015875,0.13227513227513227,0.14492050085311675,0.5517568192325474,0.10831370334429775
3,weighted_fire_ppv_silence_sensitivity,CWE-259,19,105,1928,92,2144,111,2033,0.1532258064516129,0.17117117117117117,0.9483521888834235,0.9544554455445544,0.051647811116576486,0.8288288288288288,0.9081156716417911,0.5597616800272973,0.16170212765957448,0.16725352112676056,0.11344789576482876,0.5586405392111246,0.07349745532084495
3,weighted_fire_ppv_silence_sensitivity,CWE-276,2,6,2082,54,2144,56,2088,0.25,0.03571428571428571,0.9971264367816092,0.9747191011235955,0.0028735632183908046,0.9642857142857143,0.9720149253731343,0.5164203612479474,0.0625,0.04310344827586206,0.0859065634251944,0.5164203612479474,0.03636362067313267
3,weighted_fire_ppv_silence_sensitivity,CWE-284,0,0,1738,406,2144,406,1738,,0.0,1.0,0.8106343283582089,0.0,1.0,0.8106343283582089,0.5,,,,0.5,0.12100096048765024
3,weighted_fire_ppv_silence_sensitivity,CWE-287,3,6,1914,221,2144,224,1920,0.3333333333333333,0.013392857142857142,0.996875,0.8964871194379391,0.003125,0.9866071428571429,0.8941231343283582,0.5051339285714286,0.02575107296137339,0.016574585635359115,0.04857739780558622,0.5051339285714286,0.08055274341958431
3,weighted_fire_ppv_silence_sensitivity,CWE-295,0,6,2077,61,2144,61,2083,0.0,0.0,0.9971195391262602,0.9714686623012161,0.0028804608737397984,1.0,0.96875,0.4985597695631301,,,-0.00906550615888624,0.4985597695631301,0.0344359084177978
3,weighted_fire_ppv_silence_sensitivity,CWE-312,0,27,2080,37,2144,37,2107,0.0,0.0,0.9871855719031799,0.9825224374114313,0.012814428096820124,1.0,0.9701492537313433,0.49359278595158995,,,-0.014965459201069889,0.49359278595158995,0.011387802667284312
3,weighted_fire_ppv_silence_sensitivity,CWE-315,0,8,2104,32,2144,32,2112,0.0,0.0,0.9962121212121212,0.9850187265917603,0.003787878787878788,1.0,0.9813432835820896,0.4981060606060606,,,-0.0075330769117594775,0.4981060606060606,0.010394060912243572
3,weighted_fire_ppv_silence_sensitivity,CWE-319,5,49,2019,71,2144,76,2068,0.09259259259259259,0.06578947368421052,0.9763056092843327,0.9660287081339712,0.023694390715667313,0.9342105263157895,0.9440298507462687,0.5210475414842717,0.07692307692307691,0.06983240223463687,0.04967563303883132,0.5212034256337168,0.047392631558596056
3,weighted_fire_ppv_silence_sensitivity,CWE-321,3,24,2007,110,2144,113,2031,0.1111111111111111,0.02654867256637168,0.9881831610044313,0.9480396787907416,0.011816838995568686,0.9734513274336283,0.9375,0.5073659167854014,0.042857142857142864,0.031315240083507306,0.029519478186709684,0.5073659167854015,0.04655615085970255
3,weighted_fire_ppv_silence_sensitivity,CWE-326,1,5,2099,39,2144,40,2104,0.16666666666666666,0.025,0.9976235741444867,0.9817586529466792,0.002376425855513308,0.975,0.9794776119402985,0.5113117870722433,0.04347826086956522,0.030120481927710843,0.05794748677200474,0.5113117870722433,0.01888770165253911
3,weighted_fire_ppv_silence_sensitivity,CWE-327,18,24,2078,24,2144,42,2102,0.42857142857142855,0.42857142857142855,0.9885823025689819,0.9885823025689819,0.011417697431018078,0.5714285714285714,0.9776119402985075,0.7085768655702053,0.42857142857142855,0.42857142857142855,0.4171537311404105,0.7635924969416882,0.19482817092217894
3,weighted_fire_ppv_silence_sensitivity,CWE-328,3,25,2068,48,2144,51,2093,0.10714285714285714,0.058823529411764705,0.9880554228380315,0.9773156899810964,0.011944577161968466,0.9411764705882353,0.9659514925373134,0.523439476124898,0.07594936708860758,0.06465517241379311,0.06292319284422067,0.5234394761248982,0.03329881951210095
3,weighted_fire_ppv_silence_sensitivity,CWE-330,23,34,2039,48,2144,71,2073,0.40350877192982454,0.323943661971831,0.9835986493005306,0.9770004791566842,0.016401350699469366,0.676056338028169,0.9617537313432836,0.6537711556361808,0.35937500000000006,0.3372434017595308,0.34208579996787397,0.6537711556361808,0.1751583172538354
3,weighted_fire_ppv_silence_sensitivity,CWE-347,1,0,2112,31,2144,32,2112,1.0,0.03125,1.0,0.9855342977134858,0.0,0.96875,0.9855410447761194,0.515625,0.06060606060606061,0.03875968992248062,0.17549343806406675,0.515625,0.04269584246810155
3,weighted_fire_ppv_silence_sensitivity,CWE-352,0,0,2105,39,2144,39,2105,,0.0,1.0,0.9818097014925373,0.0,1.0,0.9818097014925373,0.5,,,,0.5,0.01923397289448979
3,weighted_fire_ppv_silence_sensitivity,CWE-359,4,23,2008,109,2144,113,2031,0.14814814814814814,0.035398230088495575,0.9886755292959133,0.9485120453471895,0.011324470704086657,0.9646017699115044,0.9384328358208955,0.5120368796922045,0.05714285714285715,0.04175365344467641,0.0482387213787551,0.5120368796922045,0.045690449433220356
3,weighted_fire_ppv_silence_sensitivity,CWE-377,3,11,2117,13,2144,16,2128,0.21428571428571427,0.1875,0.9948308270676691,0.9938967136150235,0.005169172932330827,0.8125,0.9888059701492538,0.5911654135338346,0.19999999999999998,0.1923076923076923,0.1948283199642622,0.7823513862781954,0.07882111833423001
3,weighted_fire_ppv_silence_sensitivity,CWE-400,8,92,1980,64,2144,72,2072,0.08,0.1111111111111111,0.9555984555984556,0.9686888454011742,0.0444015444015444,0.8888888888888888,0.9272388059701493,0.5333547833547834,0.09302325581395349,0.10309278350515465,0.056991330746889994,0.5327246889746889,0.04707728508485527
3,weighted_fire_ppv_silence_sensitivity,CWE-477,0,0,2138,6,2144,6,2138,,0.0,1.0,0.9972014925373134,0.0,1.0,0.9972014925373134,0.5,,,,0.5,0.0018253872712413668
3,weighted_fire_ppv_silence_sensitivity,CWE-497,0,15,1979,150,2144,150,1994,0.0,0.0,0.9924774322968907,0.9295443870361673,0.007522567703109328,1.0,0.9230410447761194,0.49623871614844534,,,-0.023021883471699256,0.49623871614844534,0.04550460119159972
3,weighted_fire_ppv_silence_sensitivity,CWE-502,12,12,2090,30,2144,42,2102,0.5,0.2857142857142857,0.994291151284491,0.9858490566037735,0.005708848715509039,0.7142857142857143,0.980410447761194,0.6400027184993884,0.36363636363636365,0.3125,0.3688365185414576,0.640104662226451,0.20872172518401808
3,weighted_fire_ppv_silence_sensitivity,CWE-521,0,0,2080,64,2144,64,2080,,0.0,1.0,0.9701492537313433,0.0,1.0,0.9701492537313433,0.5,,,,0.5,0.026078105616212464
3,weighted_fire_ppv_silence_sensitivity,CWE-522,0,0,2052,92,2144,92,2052,,0.0,1.0,0.957089552238806,0.0,1.0,0.957089552238806,0.5,,,,0.5,0.03143333960733921
3,weighted_fire_ppv_silence_sensitivity,CWE-532,3,16,1997,128,2144,131,2013,0.15789473684210525,0.022900763358778626,0.9920516641828118,0.939764705882353,0.007948335817188276,0.9770992366412213,0.9328358208955224,0.5074762137707952,0.04,0.027624309392265192,0.03821316188291089,0.5074762137707952,0.047114207578263415
3,weighted_fire_ppv_silence_sensitivity,CWE-601,4,15,2081,44,2144,48,2096,0.21052631578947367,0.08333333333333333,0.9928435114503816,0.9792941176470589,0.00715648854961832,0.9166666666666666,0.972481343283582,0.5380884223918575,0.11940298507462688,0.0947867298578199,0.12024941452943645,0.5381977576335878,0.06640809577801317
3,weighted_fire_ppv_silence_sensitivity,CWE-605,5,21,2110,8,2144,13,2131,0.19230769230769232,0.38461538461538464,0.990145471609573,0.996222851746931,0.009854528390427029,0.6153846153846154,0.9864738805970149,0.6873804281124788,0.2564102564102564,0.32051282051282054,0.2658079534447149,0.6873804281124788,0.08100160587522816
3,weighted_fire_ppv_silence_sensitivity,CWE-611,7,37,2089,11,2144,18,2126,0.1590909090909091,0.3888888888888889,0.9825964252116651,0.9947619047619047,0.017403574788334902,0.6111111111111112,0.9776119402985075,0.685742657050277,0.22580645161290322,0.3017241379310344,0.23906915501454096,0.6862260896832862,0.13759538137551613
3,weighted_fire_ppv_silence_sensitivity,CWE-614,6,28,2040,70,2144,76,2068,0.17647058823529413,0.07894736842105263,0.9864603481624759,0.966824644549763,0.013539651837524178,0.9210526315789473,0.9542910447761194,0.5327038582917643,0.10909090909090909,0.08875739644970414,0.09681226148466811,0.5327738470935559,0.07372760666210697
3,weighted_fire_ppv_silence_sensitivity,CWE-643,4,8,2090,42,2144,46,2098,0.3333333333333333,0.08695652173913043,0.996186844613918,0.9803001876172608,0.0038131553860819827,0.9130434782608695,0.976679104477612,0.5415716831765243,0.13793103448275862,0.1020408163265306,0.1614823418612442,0.5415716831765243,0.05501814351321774
3,weighted_fire_ppv_silence_sensitivity,CWE-668,0,0,1790,354,2144,354,1790,,0.0,1.0,0.8348880597014925,0.0,1.0,0.8348880597014925,0.5,,,,0.5,0.10373308182707458
3,weighted_fire_ppv_silence_sensitivity,CWE-706,0,0,2035,109,2144,109,2035,,0.0,1.0,0.949160447761194,0.0,1.0,0.949160447761194,0.5,,,,0.5,0.0563376551022339
3,weighted_fire_ppv_silence_sensitivity,CWE-73,2,40,1982,120,2144,122,2022,0.047619047619047616,0.01639344262295082,0.9802176063303659,0.9429115128449096,0.019782393669634024,0.9836065573770492,0.9253731343283582,0.4983055244766584,0.024390243902439025,0.01886792452830189,-0.00566493309997351,0.4983055244766584,0.040855803612870514
3,weighted_fire_ppv_silence_sensitivity,CWE-732,5,6,2079,54,2144,59,2085,0.45454545454545453,0.0847457627118644,0.9971223021582734,0.9746835443037974,0.0028776978417266188,0.9152542372881356,0.9720149253731343,0.5409340324350689,0.14285714285714285,0.10121457489878542,0.18745705514046374,0.5409502906149657,0.07746414463094378
3,weighted_fire_ppv_silence_sensitivity,CWE-74,8,2,1807,327,2144,335,1809,0.8,0.023880597014925373,0.9988944168048646,0.8467666354264293,0.001105583195135434,0.9761194029850746,0.8465485074626866,0.511387506909895,0.04637681159420289,0.02962962962962963,0.12136770188157955,0.511387506909895,0.19152217173445404
3,weighted_fire_ppv_silence_sensitivity,CWE-770,0,0,2089,55,2144,55,2089,,0.0,1.0,0.9743470149253731,0.0,1.0,0.9743470149253731,0.5,,,,0.5,0.024876466087780564
3,weighted_fire_ppv_silence_sensitivity,CWE-776,0,4,2101,39,2144,39,2105,0.0,0.0,0.9980997624703087,0.9817757009345794,0.0019002375296912114,1.0,0.9799440298507462,0.49904988123515437,,,-0.005884768222829903,0.49904988123515437,0.017272850653744024
3,weighted_fire_ppv_silence_sensitivity,CWE-78,11,8,2029,96,2144,107,2037,0.5789473684210527,0.102803738317757,0.9960726558664703,0.9548235294117647,0.0039273441335297005,0.897196261682243,0.9514925373134329,0.5494381970921136,0.1746031746031746,0.12304250559284118,0.22973319677005014,0.6098555232864896,0.18935352229112654
3,weighted_fire_ppv_silence_sensitivity,CWE-79,24,45,1971,104,2144,128,2016,0.34782608695652173,0.1875,0.9776785714285714,0.9498795180722892,0.022321428571428572,0.8125,0.9305037313432836,0.5825892857142857,0.2436548223350254,0.20654044750430292,0.22175343637684064,0.5835212828621031,0.16473585319715914
3,weighted_fire_ppv_silence_sensitivity,CWE-798,3,24,2005,112,2144,115,2029,0.1111111111111111,0.02608695652173913,0.988171513060621,0.947094945677846,0.011828486939379004,0.9739130434782609,0.9365671641791045,0.5071292347911801,0.04225352112676056,0.03080082135523614,0.028808493369742044,0.5071292347911801,0.046833578486136354
3,weighted_fire_ppv_silence_sensitivity,CWE-80,1,1,2022,120,2144,121,2023,0.5,0.008264462809917356,0.9995056846267919,0.9439775910364145,0.0004943153732081067,0.9917355371900827,0.9435634328358209,0.5038850737183547,0.016260162601626018,0.0102880658436214,0.058734754114986666,0.5038850737183547,0.0648899104545778
3,weighted_fire_ppv_silence_sensitivity,CWE-827,0,0,2123,21,2144,21,2123,,0.0,1.0,0.9902052238805971,0.0,1.0,0.9902052238805971,0.5,,,,0.5,0.006148918529234814
3,weighted_fire_ppv_silence_sensitivity,CWE-829,0,0,2121,23,2144,23,2121,,0.0,1.0,0.9892723880597015,0.0,1.0,0.9892723880597015,0.5,,,,0.5,0.006622766009990635
3,weighted_fire_ppv_silence_sensitivity,CWE-88,0,7,2074,63,2144,63,2081,0.0,0.0,0.9966362325804902,0.9705194197473093,0.003363767419509851,1.0,0.9673507462686567,0.4983181162902451,,,-0.009958203420409047,0.4983181162902451,0.02701854173656242
3,weighted_fire_ppv_silence_sensitivity,CWE-89,61,45,1988,50,2144,111,2033,0.5754716981132075,0.5495495495495496,0.9778652238071815,0.9754661432777233,0.022134776192818496,0.45045045045045046,0.9556902985074627,0.7637073866783656,0.5622119815668203,0.5545454545454546,0.5390480096900873,0.7621143031866101,0.30477889709028017
3,weighted_fire_ppv_silence_sensitivity,CWE-90,0,0,2106,38,2144,38,2106,,0.0,1.0,0.9822761194029851,0.0,1.0,0.9822761194029851,0.5,,,,0.5,0.013654090747530887
3,weighted_fire_ppv_silence_sensitivity,CWE-916,3,25,2068,48,2144,51,2093,0.10714285714285714,0.058823529411764705,0.9880554228380315,0.9773156899810964,0.011944577161968466,0.9411764705882353,0.9659514925373134,0.523439476124898,0.07594936708860758,0.06465517241379311,0.06292319284422067,0.5234394761248982,0.03329881951210095
3,weighted_fire_ppv_silence_sensitivity,CWE-918,1,8,2113,22,2144,23,2121,0.1111111111111111,0.043478260869565216,0.9962281942479962,0.9896955503512881,0.003771805752003772,0.9565217391304348,0.9860074626865671,0.5198532275587807,0.0625,0.04950495049504951,0.0632666988146842,0.5198019801980198,0.021752180112599974
3,weighted_fire_ppv_silence_sensitivity,CWE-93,0,0,2104,40,2144,40,2104,,0.0,1.0,0.9813432835820896,0.0,1.0,0.9813432835820896,0.5,,,,0.5,0.014792946903699356
3,weighted_fire_ppv_silence_sensitivity,CWE-939,0,0,2036,108,2144,108,2036,,0.0,1.0,0.9496268656716418,0.0,1.0,0.9496268656716418,0.5,,,,0.5,0.03554650975696584
3,weighted_fire_ppv_silence_sensitivity,CWE-94,8,35,2025,76,2144,84,2060,0.18604651162790697,0.09523809523809523,0.9830097087378641,0.9638267491670633,0.01699029126213592,0.9047619047619048,0.9482276119402985,0.5391239019879797,0.12598425196850394,0.10554089709762532,0.10829244448216442,0.5635748959778086,0.070658240007525
3,weighted_fire_ppv_silence_sensitivity,CWE-942,0,0,2065,79,2144,79,2065,,0.0,1.0,0.9631529850746269,0.0,1.0,0.9631529850746269,0.5,,,,0.5,0.03137180990967501
3,weighted_fire_ppv_silence_sensitivity,CWE-95,13,37,2030,64,2144,77,2067,0.26,0.16883116883116883,0.9820996613449444,0.9694364851957975,0.017900338655055636,0.8311688311688312,0.9528917910447762,0.5754654150880566,0.2047244094488189,0.1815642458100559,0.18608879381438104,0.5759335004618024,0.11618730397128958
3,weighted_fire_ppv_silence_sensitivity,CWE-96,1,18,2050,75,2144,76,2068,0.05263157894736842,0.013157894736842105,0.9912959381044487,0.9647058823529412,0.008704061895551257,0.9868421052631579,0.9566231343283582,0.5022269164206454,0.021052631578947368,0.015479876160990712,0.008787386103041564,0.5022269164206454,0.032259864072012034
3,weighted_fire_ppv_silence_sensitivity,CWE-99,0,42,2062,40,2144,40,2104,0.0,0.0,0.9800380228136882,0.9809705042816366,0.019961977186311788,1.0,0.9617537313432836,0.4900190114068441,,,-0.01949016057904576,0.4900190114068441,0.013539696749207995
3,weighted_fire_specificity_silence_npv,CWE-113,0,0,2034,110,2144,110,2034,,0.0,1.0,0.9486940298507462,0.0,1.0,0.9486940298507462,0.5,,,,0.5,0.038032298345933024
3,weighted_fire_specificity_silence_npv,CWE-116,0,3,2120,21,2144,21,2123,0.0,0.0,0.9985869053226566,0.9901914992993928,0.001413094677343382,1.0,0.9888059701492538,0.4992934526613283,,,-0.003722947774646705,0.6099297938676177,0.032735057303377946
3,weighted_fire_specificity_silence_npv,CWE-117,1,0,2050,93,2144,94,2050,1.0,0.010638297872340425,1.0,0.9566028931404573,0.0,0.9893617021276596,0.9566231343283582,0.5053191489361702,0.021052631578947368,0.013262599469496022,0.10087926706103105,0.5053191489361702,0.04235064384373712
3,weighted_fire_specificity_silence_npv,CWE-1333,1,8,2101,34,2144,35,2109,0.1111111111111111,0.02857142857142857,0.9962067330488383,0.9840749414519906,0.003793266951161688,0.9714285714285714,0.980410447761194,0.5123890808101335,0.04545454545454545,0.03355704697986577,0.04856475465194644,0.5123890808101335,0.028305062209568403
3,weighted_fire_specificity_silence_npv,CWE-185,0,0,2134,10,2144,10,2134,,0.0,1.0,0.9953358208955224,0.0,1.0,0.9953358208955224,0.5,,,,0.5,0.00789469307883133
3,weighted_fire_specificity_silence_npv,CWE-20,10,40,1926,168,2144,178,1966,0.2,0.056179775280898875,0.9796541200406917,0.9197707736389685,0.02034587995930824,0.9438202247191011,0.9029850746268657,0.5179169476607953,0.08771929824561404,0.06561679790026247,0.06551223828541293,0.5013944928960874,0.07931844933586005
3,weighted_fire_specificity_silence_npv,CWE-200,12,10,1903,219,2144,231,1913,0.5454545454545454,0.05194805194805195,0.9947726084683742,0.8967954759660698,0.005227391531625719,0.948051948051948,0.8931902985074627,0.523360330208213,0.09486166007905139,0.06342494714587739,0.14374356705588526,0.5233874854888969,0.10396500388145175
3,weighted_fire_specificity_silence_npv,CWE-208,11,91,1930,112,2144,123,2021,0.10784313725490197,0.08943089430894309,0.9549727857496288,0.9451518119490695,0.0450272142503711,0.9105691056910569,0.9053171641791045,0.5222018400292859,0.09777777777777778,0.0925925925925926,0.04850949153695001,0.522201840029286,0.05012859505690063
3,weighted_fire_specificity_silence_npv,CWE-209,0,15,2003,126,2144,126,2018,0.0,0.0,0.9925668979187314,0.9408172851103804,0.007433102081268583,1.0,0.9342350746268657,0.4962834489593657,,,-0.02097405924519992,0.4962834489593657,0.03975957978146918
3,weighted_fire_specificity_silence_npv,CWE-215,1,51,1981,111,2144,112,2032,0.019230769230769232,0.008928571428571428,0.9749015748031497,0.9469407265774379,0.025098425196850394,0.9910714285714286,0.9244402985074627,0.4919150731158605,0.012195121951219513,0.01,-0.023388073156651944,0.4919150731158605,0.037785350494715195
3,weighted_fire_specificity_silence_npv,CWE-22,5,4,2054,81,2144,86,2058,0.5555555555555556,0.05813953488372093,0.9980563654033042,0.9620608899297424,0.001943634596695821,0.9418604651162791,0.9603544776119403,0.5280979501435126,0.10526315789473685,0.07082152974504248,0.17055181663475816,0.5841102221619545,0.14204933411265647
3,weighted_fire_specificity_silence_npv,CWE-23,10,32,2028,74,2144,84,2060,0.23809523809523808,0.11904761904761904,0.9844660194174757,0.9647954329210275,0.015533980582524271,0.8809523809523809,0.9505597014925373,0.5517568192325474,0.15873015873015875,0.13227513227513227,0.14492050085311675,0.5517568192325474,0.10831370334429775
3,weighted_fire_specificity_silence_npv,CWE-259,3,24,2009,108,2144,111,2033,0.1111111111111111,0.02702702702702703,0.9881947860304968,0.9489844119036372,0.011805213969503197,0.972972972972973,0.9384328358208955,0.507610906528762,0.043478260869565216,0.03184713375796179,0.03024504615510811,0.5582860282811094,0.07187859497681522
3,weighted_fire_specificity_silence_npv,CWE-276,2,6,2082,54,2144,56,2088,0.25,0.03571428571428571,0.9971264367816092,0.9747191011235955,0.0028735632183908046,0.9642857142857143,0.9720149253731343,0.5164203612479474,0.0625,0.04310344827586206,0.0859065634251944,0.5164203612479474,0.03636362067313267
3,weighted_fire_specificity_silence_npv,CWE-284,0,0,1738,406,2144,406,1738,,0.0,1.0,0.8106343283582089,0.0,1.0,0.8106343283582089,0.5,,,,0.5,0.12100096048765024
3,weighted_fire_specificity_silence_npv,CWE-287,3,6,1914,221,2144,224,1920,0.3333333333333333,0.013392857142857142,0.996875,0.8964871194379391,0.003125,0.9866071428571429,0.8941231343283582,0.5051339285714286,0.02575107296137339,0.016574585635359115,0.04857739780558622,0.5051339285714286,0.08055274341958431
3,weighted_fire_specificity_silence_npv,CWE-295,0,6,2077,61,2144,61,2083,0.0,0.0,0.9971195391262602,0.9714686623012161,0.0028804608737397984,1.0,0.96875,0.4985597695631301,,,-0.00906550615888624,0.4985597695631301,0.0344359084177978
3,weighted_fire_specificity_silence_npv,CWE-312,0,27,2080,37,2144,37,2107,0.0,0.0,0.9871855719031799,0.9825224374114313,0.012814428096820124,1.0,0.9701492537313433,0.49359278595158995,,,-0.014965459201069889,0.49359278595158995,0.011387802667284312
3,weighted_fire_specificity_silence_npv,CWE-315,0,8,2104,32,2144,32,2112,0.0,0.0,0.9962121212121212,0.9850187265917603,0.003787878787878788,1.0,0.9813432835820896,0.4981060606060606,,,-0.0075330769117594775,0.4981060606060606,0.010394060912243572
3,weighted_fire_specificity_silence_npv,CWE-319,5,49,2019,71,2144,76,2068,0.09259259259259259,0.06578947368421052,0.9763056092843327,0.9660287081339712,0.023694390715667313,0.9342105263157895,0.9440298507462687,0.5210475414842717,0.07692307692307691,0.06983240223463687,0.04967563303883132,0.5212034256337168,0.047392631558596056
3,weighted_fire_specificity_silence_npv,CWE-321,3,24,2007,110,2144,113,2031,0.1111111111111111,0.02654867256637168,0.9881831610044313,0.9480396787907416,0.011816838995568686,0.9734513274336283,0.9375,0.5073659167854014,0.042857142857142864,0.031315240083507306,0.029519478186709684,0.5073659167854015,0.04655615085970255
3,weighted_fire_specificity_silence_npv,CWE-326,0,0,2104,40,2144,40,2104,,0.0,1.0,0.9813432835820896,0.0,1.0,0.9813432835820896,0.5,,,,0.5113117870722433,0.01888770165253911
3,weighted_fire_specificity_silence_npv,CWE-327,18,24,2078,24,2144,42,2102,0.42857142857142855,0.42857142857142855,0.9885823025689819,0.9885823025689819,0.011417697431018078,0.5714285714285714,0.9776119402985075,0.7085768655702053,0.42857142857142855,0.42857142857142855,0.4171537311404105,0.7635924969416882,0.19482817092217894
3,weighted_fire_specificity_silence_npv,CWE-328,3,25,2068,48,2144,51,2093,0.10714285714285714,0.058823529411764705,0.9880554228380315,0.9773156899810964,0.011944577161968466,0.9411764705882353,0.9659514925373134,0.523439476124898,0.07594936708860758,0.06465517241379311,0.06292319284422067,0.5234394761248982,0.03329881951210095
3,weighted_fire_specificity_silence_npv,CWE-330,23,34,2039,48,2144,71,2073,0.40350877192982454,0.323943661971831,0.9835986493005306,0.9770004791566842,0.016401350699469366,0.676056338028169,0.9617537313432836,0.6537711556361808,0.35937500000000006,0.3372434017595308,0.34208579996787397,0.6537711556361808,0.1751583172538354
3,weighted_fire_specificity_silence_npv,CWE-347,1,0,2112,31,2144,32,2112,1.0,0.03125,1.0,0.9855342977134858,0.0,0.96875,0.9855410447761194,0.515625,0.06060606060606061,0.03875968992248062,0.17549343806406675,0.515625,0.04269584246810155
3,weighted_fire_specificity_silence_npv,CWE-352,0,1,2104,39,2144,39,2105,0.0,0.0,0.9995249406175772,0.9818012132524498,0.00047505938242280285,1.0,0.9813432835820896,0.4997624703087886,,,-0.0029403238585461074,0.4997624703087886,0.019037712221367995
3,weighted_fire_specificity_silence_npv,CWE-359,4,23,2008,109,2144,113,2031,0.14814814814814814,0.035398230088495575,0.9886755292959133,0.9485120453471895,0.011324470704086657,0.9646017699115044,0.9384328358208955,0.5120368796922045,0.05714285714285715,0.04175365344467641,0.0482387213787551,0.5120368796922045,0.045690449433220356
3,weighted_fire_specificity_silence_npv,CWE-377,3,14,2114,13,2144,16,2128,0.17647058823529413,0.1875,0.993421052631579,0.9938881053126469,0.006578947368421052,0.8125,0.9874067164179104,0.5904605263157895,0.1818181818181818,0.1851851851851852,0.17556045728362088,0.7820870535714286,0.06448484696670866
3,weighted_fire_specificity_silence_npv,CWE-400,3,11,2061,69,2144,72,2072,0.21428571428571427,0.041666666666666664,0.9946911196911197,0.967605633802817,0.005308880308880309,0.9583333333333334,0.9626865671641791,0.5181788931788932,0.06976744186046512,0.04966887417218543,0.08132137956363364,0.5339848777348777,0.05262816556946189
3,weighted_fire_specificity_silence_npv,CWE-477,0,225,1913,6,2144,6,2138,0.0,0.0,0.8947614593077643,0.9968733715476811,0.10523854069223573,1.0,0.8922574626865671,0.44738072965388215,,,-0.01813950979516443,0.44738072965388215,0.001824396317627339
3,weighted_fire_specificity_silence_npv,CWE-497,0,15,1979,150,2144,150,1994,0.0,0.0,0.9924774322968907,0.9295443870361673,0.007522567703109328,1.0,0.9230410447761194,0.49623871614844534,,,-0.023021883471699256,0.49623871614844534,0.04550460119159972
3,weighted_fire_specificity_silence_npv,CWE-502,8,8,2094,34,2144,42,2102,0.5,0.19047619047619047,0.9961941008563273,0.9840225563909775,0.003805899143672693,0.8095238095238095,0.980410447761194,0.5933351456662589,0.27586206896551724,0.21739130434782605,0.3005871447900155,0.64014997054959,0.21110267756497048
3,weighted_fire_specificity_silence_npv,CWE-521,0,0,2080,64,2144,64,2080,,0.0,1.0,0.9701492537313433,0.0,1.0,0.9701492537313433,0.5,,,,0.5,0.026078105616212464
3,weighted_fire_specificity_silence_npv,CWE-522,0,0,2052,92,2144,92,2052,,0.0,1.0,0.957089552238806,0.0,1.0,0.957089552238806,0.5,,,,0.5,0.03143333960733921
3,weighted_fire_specificity_silence_npv,CWE-532,3,20,1993,128,2144,131,2013,0.13043478260869565,0.022900763358778626,0.9900645802285146,0.9396511079679396,0.009935419771485345,0.9770992366412213,0.9309701492537313,0.5064826717936466,0.03896103896103896,0.027422303473491772,0.0301444464528297,0.5064599189239409,0.045988822158997224
3,weighted_fire_specificity_silence_npv,CWE-601,4,15,2081,44,2144,48,2096,0.21052631578947367,0.08333333333333333,0.9928435114503816,0.9792941176470589,0.00715648854961832,0.9166666666666666,0.972481343283582,0.5380884223918575,0.11940298507462688,0.0947867298578199,0.12024941452943645,0.5381182410941476,0.0611411405110579
3,weighted_fire_specificity_silence_npv,CWE-605,5,21,2110,8,2144,13,2131,0.19230769230769232,0.38461538461538464,0.990145471609573,0.996222851746931,0.009854528390427029,0.6153846153846154,0.9864738805970149,0.6873804281124788,0.2564102564102564,0.32051282051282054,0.2658079534447149,0.6873804281124788,0.08100160587522816
3,weighted_fire_specificity_silence_npv,CWE-611,1,0,2126,17,2144,18,2126,1.0,0.05555555555555555,1.0,0.9920671955202987,0.0,0.9444444444444444,0.992070895522388,0.5277777777777778,0.10526315789473684,0.06849315068493152,0.23476550895643114,0.6862260896832862,0.13759538137551613
3,weighted_fire_specificity_silence_npv,CWE-614,6,28,2040,70,2144,76,2068,0.17647058823529413,0.07894736842105263,0.9864603481624759,0.966824644549763,0.013539651837524178,0.9210526315789473,0.9542910447761194,0.5327038582917643,0.10909090909090909,0.08875739644970414,0.09681226148466811,0.5327738470935559,0.07372760666210697
3,weighted_fire_specificity_silence_npv,CWE-643,4,8,2090,42,2144,46,2098,0.3333333333333333,0.08695652173913043,0.996186844613918,0.9803001876172608,0.0038131553860819827,0.9130434782608695,0.976679104477612,0.5415716831765243,0.13793103448275862,0.1020408163265306,0.1614823418612442,0.5415716831765243,0.05501814351321774
3,weighted_fire_specificity_silence_npv,CWE-668,0,0,1790,354,2144,354,1790,,0.0,1.0,0.8348880597014925,0.0,1.0,0.8348880597014925,0.5,,,,0.5,0.10373308182707458
3,weighted_fire_specificity_silence_npv,CWE-706,0,3,2032,109,2144,109,2035,0.0,0.0,0.9985257985257985,0.9490892106492294,0.0014742014742014742,1.0,0.9477611940298507,0.49926289926289924,,,-0.008663299643534605,0.49926289926289924,0.055834633513959786
3,weighted_fire_specificity_silence_npv,CWE-73,2,40,1982,120,2144,122,2022,0.047619047619047616,0.01639344262295082,0.9802176063303659,0.9429115128449096,0.019782393669634024,0.9836065573770492,0.9253731343283582,0.4983055244766584,0.024390243902439025,0.01886792452830189,-0.00566493309997351,0.4983055244766584,0.040855803612870514
3,weighted_fire_specificity_silence_npv,CWE-732,5,6,2079,54,2144,59,2085,0.45454545454545453,0.0847457627118644,0.9971223021582734,0.9746835443037974,0.0028776978417266188,0.9152542372881356,0.9720149253731343,0.5409340324350689,0.14285714285714285,0.10121457489878542,0.18745705514046374,0.5409502906149657,0.07746414463094378
3,weighted_fire_specificity_silence_npv,CWE-74,8,2,1807,327,2144,335,1809,0.8,0.023880597014925373,0.9988944168048646,0.8467666354264293,0.001105583195135434,0.9761194029850746,0.8465485074626866,0.511387506909895,0.04637681159420289,0.02962962962962963,0.12136770188157955,0.511387506909895,0.19152217173445404
3,weighted_fire_specificity_silence_npv,CWE-770,0,0,2089,55,2144,55,2089,,0.0,1.0,0.9743470149253731,0.0,1.0,0.9743470149253731,0.5,,,,0.5,0.024876466087780564
3,weighted_fire_specificity_silence_npv,CWE-776,0,5,2100,39,2144,39,2105,0.0,0.0,0.997624703087886,0.9817671809256662,0.0023752969121140144,1.0,0.9794776119402985,0.498812351543943,,,-0.006580908664189055,0.498812351543943,0.017242480579642873
3,weighted_fire_specificity_silence_npv,CWE-78,6,2,2035,101,2144,107,2037,0.75,0.056074766355140186,0.9990181639666176,0.9527153558052435,0.0009818360333824251,0.9439252336448598,0.9519589552238806,0.5275464651608789,0.10434782608695652,0.06880733944954129,0.1967603825301412,0.6098555232864896,0.18935352229112654
3,weighted_fire_specificity_silence_npv,CWE-79,17,14,2002,111,2144,128,2016,0.5483870967741935,0.1328125,0.9930555555555556,0.9474680548982489,0.006944444444444444,0.8671875,0.9416977611940298,0.5629340277777778,0.2138364779874214,0.15653775322283608,0.24982458601629948,0.5833197699652778,0.16140569748614625
3,weighted_fire_specificity_silence_npv,CWE-798,3,25,2004,112,2144,115,2029,0.10714285714285714,0.02608695652173913,0.9876786594381469,0.947069943289225,0.01232134056185313,0.9739130434782609,0.9361007462686567,0.506882807979943,0.04195804195804195,0.030737704918032783,0.027317990241926365,0.506869950928922,0.04588637526791553
3,weighted_fire_specificity_silence_npv,CWE-80,1,1,2022,120,2144,121,2023,0.5,0.008264462809917356,0.9995056846267919,0.9439775910364145,0.0004943153732081067,0.9917355371900827,0.9435634328358209,0.5038850737183547,0.016260162601626018,0.0102880658436214,0.058734754114986666,0.5038850737183547,0.0648899104545778
3,weighted_fire_specificity_silence_npv,CWE-827,0,1,2122,21,2144,21,2123,0.0,0.0,0.9995289684408856,0.9902006532897807,0.0004710315591144607,1.0,0.9897388059701493,0.4997644842204428,,,-0.00214844165832302,0.4997644842204428,0.006148918529234814
3,weighted_fire_specificity_silence_npv,CWE-829,0,6,2115,23,2144,23,2121,0.0,0.0,0.9971711456859972,0.989242282507016,0.002828854314002829,1.0,0.9864738805970149,0.4985855728429986,,,-0.005516522050971224,0.4985855728429986,0.006622766009990635
3,weighted_fire_specificity_silence_npv,CWE-88,0,7,2074,63,2144,63,2081,0.0,0.0,0.9966362325804902,0.9705194197473093,0.003363767419509851,1.0,0.9673507462686567,0.4983181162902451,,,-0.009958203420409047,0.4983181162902451,0.02701854173656242
3,weighted_fire_specificity_silence_npv,CWE-89,44,30,2003,67,2144,111,2033,0.5945945945945946,0.3963963963963964,0.985243482538121,0.9676328502415459,0.014756517461878997,0.6036036036036037,0.9547574626865671,0.6908199394672587,0.4756756756756757,0.42471042471042475,0.46321529981308657,0.7621143031866101,0.30477889709028017
3,weighted_fire_specificity_silence_npv,CWE-90,0,0,2106,38,2144,38,2106,,0.0,1.0,0.9822761194029851,0.0,1.0,0.9822761194029851,0.5,,,,0.5,0.013654090747530887
3,weighted_fire_specificity_silence_npv,CWE-916,3,25,2068,48,2144,51,2093,0.10714285714285714,0.058823529411764705,0.9880554228380315,0.9773156899810964,0.011944577161968466,0.9411764705882353,0.9659514925373134,0.523439476124898,0.07594936708860758,0.06465517241379311,0.06292319284422067,0.5234394761248982,0.03329881951210095
3,weighted_fire_specificity_silence_npv,CWE-918,1,8,2113,22,2144,23,2121,0.1111111111111111,0.043478260869565216,0.9962281942479962,0.9896955503512881,0.003771805752003772,0.9565217391304348,0.9860074626865671,0.5198532275587807,0.0625,0.04950495049504951,0.0632666988146842,0.5198019801980198,0.021752180112599974
3,weighted_fire_specificity_silence_npv,CWE-93,0,3,2101,40,2144,40,2104,0.0,0.0,0.998574144486692,0.9813171415226529,0.0014258555133079848,1.0,0.9799440298507462,0.499287072243346,,,-0.005161303785312205,0.499287072243346,0.014756566352858155
3,weighted_fire_specificity_silence_npv,CWE-939,0,2,2034,108,2144,108,2036,0.0,0.0,0.9990176817288802,0.9495798319327731,0.0009823182711198428,1.0,0.9486940298507462,0.4995088408644401,,,-0.007037659577257927,0.4995088408644401,0.035470918786142586
3,weighted_fire_specificity_silence_npv,CWE-94,0,4,2056,84,2144,84,2060,0.0,0.0,0.9980582524271845,0.9607476635514018,0.001941747572815534,1.0,0.9589552238805971,0.49902912621359224,,,-0.00873029948091153,0.5635748959778086,0.070658240007525
3,weighted_fire_specificity_silence_npv,CWE-942,0,0,2065,79,2144,79,2065,,0.0,1.0,0.9631529850746269,0.0,1.0,0.9631529850746269,0.5,,,,0.5,0.03137180990967501
3,weighted_fire_specificity_silence_npv,CWE-95,6,7,2060,71,2144,77,2067,0.46153846153846156,0.07792207792207792,0.9966134494436382,0.9666823087752229,0.003386550556361877,0.922077922077922,0.9636194029850746,0.537267763682858,0.13333333333333333,0.09345794392523364,0.17865514530593185,0.5757827078581795,0.09888386426525247
3,weighted_fire_specificity_silence_npv,CWE-96,1,18,2050,75,2144,76,2068,0.05263157894736842,0.013157894736842105,0.9912959381044487,0.9647058823529412,0.008704061895551257,0.9868421052631579,0.9566231343283582,0.5022269164206454,0.021052631578947368,0.015479876160990712,0.008787386103041564,0.5022269164206454,0.032259864072012034
3,weighted_fire_specificity_silence_npv,CWE-99,0,42,2062,40,2144,40,2104,0.0,0.0,0.9800380228136882,0.9809705042816366,0.019961977186311788,1.0,0.9617537313432836,0.4900190114068441,,,-0.01949016057904576,0.4900190114068441,0.013539696749207995
3,weighted_fire_specificity_silence_sensitivity,CWE-113,0,0,2034,110,2144,110,2034,,0.0,1.0,0.9486940298507462,0.0,1.0,0.9486940298507462,0.5,,,,0.5,0.038032298345933024
3,weighted_fire_specificity_silence_sensitivity,CWE-116,5,38,2085,16,2144,21,2123,0.11627906976744186,0.23809523809523808,0.9821008007536505,0.9923845787720134,0.017899199246349504,0.7619047619047619,0.9748134328358209,0.6100980194244443,0.15625,0.1968503937007874,0.15468453372996233,0.6102662449812709,0.03633347537548023
3,weighted_fire_specificity_silence_sensitivity,CWE-117,1,0,2050,93,2144,94,2050,1.0,0.010638297872340425,1.0,0.9566028931404573,0.0,0.9893617021276596,0.9566231343283582,0.5053191489361702,0.021052631578947368,0.013262599469496022,0.10087926706103105,0.5053191489361702,0.04235064384373712
3,weighted_fire_specificity_silence_sensitivity,CWE-1333,1,8,2101,34,2144,35,2109,0.1111111111111111,0.02857142857142857,0.9962067330488383,0.9840749414519906,0.003793266951161688,0.9714285714285714,0.980410447761194,0.5123890808101335,0.04545454545454545,0.03355704697986577,0.04856475465194644,0.5123890808101335,0.028305062209568403
3,weighted_fire_specificity_silence_sensitivity,CWE-185,0,0,2134,10,2144,10,2134,,0.0,1.0,0.9953358208955224,0.0,1.0,0.9953358208955224,0.5,,,,0.5,0.00789469307883133
3,weighted_fire_specificity_silence_sensitivity,CWE-20,29,326,1640,149,2144,178,1966,0.08169014084507042,0.16292134831460675,0.8341810783316378,0.9167132476243711,0.16581892166836215,0.8370786516853933,0.7784514925373134,0.49855121332312224,0.10881801125703565,0.1358950328022493,-0.0021508833132563767,0.4959965480585687,0.07265944780529808
3,weighted_fire_specificity_silence_sensitivity,CWE-200,12,10,1903,219,2144,231,1913,0.5454545454545454,0.05194805194805195,0.9947726084683742,0.8967954759660698,0.005227391531625719,0.948051948051948,0.8931902985074627,0.523360330208213,0.09486166007905139,0.06342494714587739,0.14374356705588526,0.5233874854888969,0.10396500388145175
3,weighted_fire_specificity_silence_sensitivity,CWE-208,11,91,1930,112,2144,123,2021,0.10784313725490197,0.08943089430894309,0.9549727857496288,0.9451518119490695,0.0450272142503711,0.9105691056910569,0.9053171641791045,0.5222018400292859,0.09777777777777778,0.0925925925925926,0.04850949153695001,0.522201840029286,0.05012859505690063
3,weighted_fire_specificity_silence_sensitivity,CWE-209,0,15,2003,126,2144,126,2018,0.0,0.0,0.9925668979187314,0.9408172851103804,0.007433102081268583,1.0,0.9342350746268657,0.4962834489593657,,,-0.02097405924519992,0.4962834489593657,0.03975957978146918
3,weighted_fire_specificity_silence_sensitivity,CWE-215,1,51,1981,111,2144,112,2032,0.019230769230769232,0.008928571428571428,0.9749015748031497,0.9469407265774379,0.025098425196850394,0.9910714285714286,0.9244402985074627,0.4919150731158605,0.012195121951219513,0.01,-0.023388073156651944,0.4919150731158605,0.037785350494715195
3,weighted_fire_specificity_silence_sensitivity,CWE-22,16,38,2020,70,2144,86,2058,0.2962962962962963,0.18604651162790697,0.9815354713313897,0.9665071770334929,0.0184645286686103,0.813953488372093,0.9496268656716418,0.5837909914796484,0.22857142857142856,0.20100502512562815,0.20985977982738072,0.5841836734693877,0.1601270923958934
3,weighted_fire_specificity_silence_sensitivity,CWE-23,10,32,2028,74,2144,84,2060,0.23809523809523808,0.11904761904761904,0.9844660194174757,0.9647954329210275,0.015533980582524271,0.8809523809523809,0.9505597014925373,0.5517568192325474,0.15873015873015875,0.13227513227513227,0.14492050085311675,0.5517568192325474,0.10831370334429775
3,weighted_fire_specificity_silence_sensitivity,CWE-259,19,110,1923,92,2144,111,2033,0.14728682170542637,0.17117117117117117,0.9458927693064437,0.9543424317617866,0.05410723069355632,0.8288288288288288,0.9057835820895522,0.5585319702388074,0.15833333333333335,0.16579406631762653,0.10907392391708592,0.5586405392111246,0.07349745532084495
3,weighted_fire_specificity_silence_sensitivity,CWE-276,2,6,2082,54,2144,56,2088,0.25,0.03571428571428571,0.9971264367816092,0.9747191011235955,0.0028735632183908046,0.9642857142857143,0.9720149253731343,0.5164203612479474,0.0625,0.04310344827586206,0.0859065634251944,0.5164203612479474,0.03636362067313267
3,weighted_fire_specificity_silence_sensitivity,CWE-284,0,0,1738,406,2144,406,1738,,0.0,1.0,0.8106343283582089,0.0,1.0,0.8106343283582089,0.5,,,,0.5,0.12100096048765024
3,weighted_fire_specificity_silence_sensitivity,CWE-287,3,6,1914,221,2144,224,1920,0.3333333333333333,0.013392857142857142,0.996875,0.8964871194379391,0.003125,0.9866071428571429,0.8941231343283582,0.5051339285714286,0.02575107296137339,0.016574585635359115,0.04857739780558622,0.5051339285714286,0.08055274341958431
3,weighted_fire_specificity_silence_sensitivity,CWE-295,0,6,2077,61,2144,61,2083,0.0,0.0,0.9971195391262602,0.9714686623012161,0.0028804608737397984,1.0,0.96875,0.4985597695631301,,,-0.00906550615888624,0.4985597695631301,0.0344359084177978
3,weighted_fire_specificity_silence_sensitivity,CWE-312,0,27,2080,37,2144,37,2107,0.0,0.0,0.9871855719031799,0.9825224374114313,0.012814428096820124,1.0,0.9701492537313433,0.49359278595158995,,,-0.014965459201069889,0.49359278595158995,0.011387802667284312
3,weighted_fire_specificity_silence_sensitivity,CWE-315,0,8,2104,32,2144,32,2112,0.0,0.0,0.9962121212121212,0.9850187265917603,0.003787878787878788,1.0,0.9813432835820896,0.4981060606060606,,,-0.0075330769117594775,0.4981060606060606,0.010394060912243572
3,weighted_fire_specificity_silence_sensitivity,CWE-319,5,49,2019,71,2144,76,2068,0.09259259259259259,0.06578947368421052,0.9763056092843327,0.9660287081339712,0.023694390715667313,0.9342105263157895,0.9440298507462687,0.5210475414842717,0.07692307692307691,0.06983240223463687,0.04967563303883132,0.5212034256337168,0.047392631558596056
3,weighted_fire_specificity_silence_sensitivity,CWE-321,3,24,2007,110,2144,113,2031,0.1111111111111111,0.02654867256637168,0.9881831610044313,0.9480396787907416,0.011816838995568686,0.9734513274336283,0.9375,0.5073659167854014,0.042857142857142864,0.031315240083507306,0.029519478186709684,0.5073659167854015,0.04655615085970255
3,weighted_fire_specificity_silence_sensitivity,CWE-326,1,5,2099,39,2144,40,2104,0.16666666666666666,0.025,0.9976235741444867,0.9817586529466792,0.002376425855513308,0.975,0.9794776119402985,0.5113117870722433,0.04347826086956522,0.030120481927710843,0.05794748677200474,0.5113117870722433,0.01888770165253911
3,weighted_fire_specificity_silence_sensitivity,CWE-327,23,47,2055,19,2144,42,2102,0.32857142857142857,0.5476190476190477,0.9776403425309229,0.9908389585342333,0.02235965746907707,0.4523809523809524,0.9692164179104478,0.7626296950749853,0.41071428571428575,0.4831932773109244,0.4096013978719873,0.7635924969416882,0.19482817092217894
3,weighted_fire_specificity_silence_sensitivity,CWE-328,3,25,2068,48,2144,51,2093,0.10714285714285714,0.058823529411764705,0.9880554228380315,0.9773156899810964,0.011944577161968466,0.9411764705882353,0.9659514925373134,0.523439476124898,0.07594936708860758,0.06465517241379311,0.06292319284422067,0.5234394761248982,0.03329881951210095
3,weighted_fire_specificity_silence_sensitivity,CWE-330,23,34,2039,48,2144,71,2073,0.40350877192982454,0.323943661971831,0.9835986493005306,0.9770004791566842,0.016401350699469366,0.676056338028169,0.9617537313432836,0.6537711556361808,0.35937500000000006,0.3372434017595308,0.34208579996787397,0.6537711556361808,0.1751583172538354
3,weighted_fire_specificity_silence_sensitivity,CWE-347,1,0,2112,31,2144,32,2112,1.0,0.03125,1.0,0.9855342977134858,0.0,0.96875,0.9855410447761194,0.515625,0.06060606060606061,0.03875968992248062,0.17549343806406675,0.515625,0.04269584246810155
3,weighted_fire_specificity_silence_sensitivity,CWE-352,0,1,2104,39,2144,39,2105,0.0,0.0,0.9995249406175772,0.9818012132524498,0.00047505938242280285,1.0,0.9813432835820896,0.4997624703087886,,,-0.0029403238585461074,0.4997624703087886,0.019037712221367995
3,weighted_fire_specificity_silence_sensitivity,CWE-359,4,23,2008,109,2144,113,2031,0.14814814814814814,0.035398230088495575,0.9886755292959133,0.9485120453471895,0.011324470704086657,0.9646017699115044,0.9384328358208955,0.5120368796922045,0.05714285714285715,0.04175365344467641,0.0482387213787551,0.5120368796922045,0.045690449433220356
3,weighted_fire_specificity_silence_sensitivity,CWE-377,10,143,1985,6,2144,16,2128,0.06535947712418301,0.625,0.9328007518796992,0.9969864389753893,0.06719924812030076,0.375,0.9305037313432836,0.7789003759398496,0.1183431952662722,0.2304147465437788,0.18648484892068323,0.7842017152255639,0.08227914589708604
3,weighted_fire_specificity_silence_sensitivity,CWE-400,8,92,1980,64,2144,72,2072,0.08,0.1111111111111111,0.9555984555984556,0.9686888454011742,0.0444015444015444,0.8888888888888888,0.9272388059701493,0.5333547833547834,0.09302325581395349,0.10309278350515465,0.056991330746889994,0.5327246889746889,0.04707728508485527
3,weighted_fire_specificity_silence_sensitivity,CWE-477,0,225,1913,6,2144,6,2138,0.0,0.0,0.8947614593077643,0.9968733715476811,0.10523854069223573,1.0,0.8922574626865671,0.44738072965388215,,,-0.01813950979516443,0.44738072965388215,0.001824396317627339
3,weighted_fire_specificity_silence_sensitivity,CWE-497,0,15,1979,150,2144,150,1994,0.0,0.0,0.9924774322968907,0.9295443870361673,0.007522567703109328,1.0,0.9230410447761194,0.49623871614844534,,,-0.023021883471699256,0.49623871614844534,0.04550460119159972
3,weighted_fire_specificity_silence_sensitivity,CWE-502,12,12,2090,30,2144,42,2102,0.5,0.2857142857142857,0.994291151284491,0.9858490566037735,0.005708848715509039,0.7142857142857143,0.980410447761194,0.6400027184993884,0.36363636363636365,0.3125,0.3688365185414576,0.640104662226451,0.20872172518401808
3,weighted_fire_specificity_silence_sensitivity,CWE-521,0,0,2080,64,2144,64,2080,,0.0,1.0,0.9701492537313433,0.0,1.0,0.9701492537313433,0.5,,,,0.5,0.026078105616212464
3,weighted_fire_specificity_silence_sensitivity,CWE-522,0,0,2052,92,2144,92,2052,,0.0,1.0,0.957089552238806,0.0,1.0,0.957089552238806,0.5,,,,0.5,0.03143333960733921
3,weighted_fire_specificity_silence_sensitivity,CWE-532,3,20,1993,128,2144,131,2013,0.13043478260869565,0.022900763358778626,0.9900645802285146,0.9396511079679396,0.009935419771485345,0.9770992366412213,0.9309701492537313,0.5064826717936466,0.03896103896103896,0.027422303473491772,0.0301444464528297,0.5065054246633524,0.04667280613889499
3,weighted_fire_specificity_silence_sensitivity,CWE-601,4,15,2081,44,2144,48,2096,0.21052631578947367,0.08333333333333333,0.9928435114503816,0.9792941176470589,0.00715648854961832,0.9166666666666666,0.972481343283582,0.5380884223918575,0.11940298507462688,0.0947867298578199,0.12024941452943645,0.5381977576335878,0.06640809577801317
3,weighted_fire_specificity_silence_sensitivity,CWE-605,5,21,2110,8,2144,13,2131,0.19230769230769232,0.38461538461538464,0.990145471609573,0.996222851746931,0.009854528390427029,0.6153846153846154,0.9864738805970149,0.6873804281124788,0.2564102564102564,0.32051282051282054,0.2658079534447149,0.6873804281124788,0.08100160587522816
3,weighted_fire_specificity_silence_sensitivity,CWE-611,7,37,2089,11,2144,18,2126,0.1590909090909091,0.3888888888888889,0.9825964252116651,0.9947619047619047,0.017403574788334902,0.6111111111111112,0.9776119402985075,0.685742657050277,0.22580645161290322,0.3017241379310344,0.23906915501454096,0.6862260896832862,0.13759538137551613
3,weighted_fire_specificity_silence_sensitivity,CWE-614,6,28,2040,70,2144,76,2068,0.17647058823529413,0.07894736842105263,0.9864603481624759,0.966824644549763,0.013539651837524178,0.9210526315789473,0.9542910447761194,0.5327038582917643,0.10909090909090909,0.08875739644970414,0.09681226148466811,0.5327738470935559,0.07372760666210697
3,weighted_fire_specificity_silence_sensitivity,CWE-643,4,8,2090,42,2144,46,2098,0.3333333333333333,0.08695652173913043,0.996186844613918,0.9803001876172608,0.0038131553860819827,0.9130434782608695,0.976679104477612,0.5415716831765243,0.13793103448275862,0.1020408163265306,0.1614823418612442,0.5415716831765243,0.05501814351321774
3,weighted_fire_specificity_silence_sensitivity,CWE-668,0,0,1790,354,2144,354,1790,,0.0,1.0,0.8348880597014925,0.0,1.0,0.8348880597014925,0.5,,,,0.5,0.10373308182707458
3,weighted_fire_specificity_silence_sensitivity,CWE-706,0,3,2032,109,2144,109,2035,0.0,0.0,0.9985257985257985,0.9490892106492294,0.0014742014742014742,1.0,0.9477611940298507,0.49926289926289924,,,-0.008663299643534605,0.49926289926289924,0.055834633513959786
3,weighted_fire_specificity_silence_sensitivity,CWE-73,2,40,1982,120,2144,122,2022,0.047619047619047616,0.01639344262295082,0.9802176063303659,0.9429115128449096,0.019782393669634024,0.9836065573770492,0.9253731343283582,0.4983055244766584,0.024390243902439025,0.01886792452830189,-0.00566493309997351,0.4983055244766584,0.040855803612870514
3,weighted_fire_specificity_silence_sensitivity,CWE-732,5,6,2079,54,2144,59,2085,0.45454545454545453,0.0847457627118644,0.9971223021582734,0.9746835443037974,0.0028776978417266188,0.9152542372881356,0.9720149253731343,0.5409340324350689,0.14285714285714285,0.10121457489878542,0.18745705514046374,0.5409502906149657,0.07746414463094378
3,weighted_fire_specificity_silence_sensitivity,CWE-74,8,2,1807,327,2144,335,1809,0.8,0.023880597014925373,0.9988944168048646,0.8467666354264293,0.001105583195135434,0.9761194029850746,0.8465485074626866,0.511387506909895,0.04637681159420289,0.02962962962962963,0.12136770188157955,0.511387506909895,0.19152217173445404
3,weighted_fire_specificity_silence_sensitivity,CWE-770,0,0,2089,55,2144,55,2089,,0.0,1.0,0.9743470149253731,0.0,1.0,0.9743470149253731,0.5,,,,0.5,0.024876466087780564
3,weighted_fire_specificity_silence_sensitivity,CWE-776,0,5,2100,39,2144,39,2105,0.0,0.0,0.997624703087886,0.9817671809256662,0.0023752969121140144,1.0,0.9794776119402985,0.498812351543943,,,-0.006580908664189055,0.498812351543943,0.017242480579642873
3,weighted_fire_specificity_silence_sensitivity,CWE-78,33,199,1838,74,2144,107,2037,0.14224137931034483,0.308411214953271,0.9023073146784487,0.9612970711297071,0.0976926853215513,0.6915887850467289,0.8726679104477612,0.6053592648158599,0.1946902654867257,0.25,0.14770737976511,0.6098784633807276,0.19192723362652012
3,weighted_fire_specificity_silence_sensitivity,CWE-79,24,45,1971,104,2144,128,2016,0.34782608695652173,0.1875,0.9776785714285714,0.9498795180722892,0.022321428571428572,0.8125,0.9305037313432836,0.5825892857142857,0.2436548223350254,0.20654044750430292,0.22175343637684064,0.5835212828621031,0.16473585319715914
3,weighted_fire_specificity_silence_sensitivity,CWE-798,3,25,2004,112,2144,115,2029,0.10714285714285714,0.02608695652173913,0.9876786594381469,0.947069943289225,0.01232134056185313,0.9739130434782609,0.9361007462686567,0.506882807979943,0.04195804195804195,0.030737704918032783,0.027317990241926365,0.5068892365054535,0.046791701825416
3,weighted_fire_specificity_silence_sensitivity,CWE-80,1,1,2022,120,2144,121,2023,0.5,0.008264462809917356,0.9995056846267919,0.9439775910364145,0.0004943153732081067,0.9917355371900827,0.9435634328358209,0.5038850737183547,0.016260162601626018,0.0102880658436214,0.058734754114986666,0.5038850737183547,0.0648899104545778
3,weighted_fire_specificity_silence_sensitivity,CWE-827,0,1,2122,21,2144,21,2123,0.0,0.0,0.9995289684408856,0.9902006532897807,0.0004710315591144607,1.0,0.9897388059701493,0.4997644842204428,,,-0.00214844165832302,0.4997644842204428,0.006148918529234814
3,weighted_fire_specificity_silence_sensitivity,CWE-829,0,6,2115,23,2144,23,2121,0.0,0.0,0.9971711456859972,0.989242282507016,0.002828854314002829,1.0,0.9864738805970149,0.4985855728429986,,,-0.005516522050971224,0.4985855728429986,0.006622766009990635
3,weighted_fire_specificity_silence_sensitivity,CWE-88,0,7,2074,63,2144,63,2081,0.0,0.0,0.9966362325804902,0.9705194197473093,0.003363767419509851,1.0,0.9673507462686567,0.4983181162902451,,,-0.009958203420409047,0.4983181162902451,0.02701854173656242
3,weighted_fire_specificity_silence_sensitivity,CWE-89,61,45,1988,50,2144,111,2033,0.5754716981132075,0.5495495495495496,0.9778652238071815,0.9754661432777233,0.022134776192818496,0.45045045045045046,0.9556902985074627,0.7637073866783656,0.5622119815668203,0.5545454545454546,0.5390480096900873,0.7621143031866101,0.30477889709028017
3,weighted_fire_specificity_silence_sensitivity,CWE-90,0,0,2106,38,2144,38,2106,,0.0,1.0,0.9822761194029851,0.0,1.0,0.9822761194029851,0.5,,,,0.5,0.013654090747530887
3,weighted_fire_specificity_silence_sensitivity,CWE-916,3,25,2068,48,2144,51,2093,0.10714285714285714,0.058823529411764705,0.9880554228380315,0.9773156899810964,0.011944577161968466,0.9411764705882353,0.9659514925373134,0.523439476124898,0.07594936708860758,0.06465517241379311,0.06292319284422067,0.5234394761248982,0.03329881951210095
3,weighted_fire_specificity_silence_sensitivity,CWE-918,1,8,2113,22,2144,23,2121,0.1111111111111111,0.043478260869565216,0.9962281942479962,0.9896955503512881,0.003771805752003772,0.9565217391304348,0.9860074626865671,0.5198532275587807,0.0625,0.04950495049504951,0.0632666988146842,0.5198019801980198,0.021752180112599974
3,weighted_fire_specificity_silence_sensitivity,CWE-93,0,3,2101,40,2144,40,2104,0.0,0.0,0.998574144486692,0.9813171415226529,0.0014258555133079848,1.0,0.9799440298507462,0.499287072243346,,,-0.005161303785312205,0.499287072243346,0.014756566352858155
3,weighted_fire_specificity_silence_sensitivity,CWE-939,0,2,2034,108,2144,108,2036,0.0,0.0,0.9990176817288802,0.9495798319327731,0.0009823182711198428,1.0,0.9486940298507462,0.4995088408644401,,,-0.007037659577257927,0.4995088408644401,0.035470918786142586
3,weighted_fire_specificity_silence_sensitivity,CWE-94,14,83,1977,70,2144,84,2060,0.14432989690721648,0.16666666666666666,0.9597087378640776,0.9658036150464093,0.04029126213592233,0.8333333333333334,0.9286380597014925,0.5631877022653722,0.15469613259668508,0.16166281755196305,0.11797528184128672,0.5636558021266759,0.07263374414041068
3,weighted_fire_specificity_silence_sensitivity,CWE-942,0,0,2065,79,2144,79,2065,,0.0,1.0,0.9631529850746269,0.0,1.0,0.9631529850746269,0.5,,,,0.5,0.03137180990967501
3,weighted_fire_specificity_silence_sensitivity,CWE-95,13,37,2030,64,2144,77,2067,0.26,0.16883116883116883,0.9820996613449444,0.9694364851957975,0.017900338655055636,0.8311688311688312,0.9528917910447762,0.5754654150880566,0.2047244094488189,0.1815642458100559,0.18608879381438104,0.5759335004618024,0.11618730397128958
3,weighted_fire_specificity_silence_sensitivity,CWE-96,1,18,2050,75,2144,76,2068,0.05263157894736842,0.013157894736842105,0.9912959381044487,0.9647058823529412,0.008704061895551257,0.9868421052631579,0.9566231343283582,0.5022269164206454,0.021052631578947368,0.015479876160990712,0.008787386103041564,0.5022269164206454,0.032259864072012034
3,weighted_fire_specificity_silence_sensitivity,CWE-99,0,42,2062,40,2144,40,2104,0.0,0.0,0.9800380228136882,0.9809705042816366,0.019961977186311788,1.0,0.9617537313432836,0.4900190114068441,,,-0.01949016057904576,0.4900190114068441,0.013539696749207995
4,dst_dempster,CWE-113,2,0,2027,108,2137,110,2027,1.0,0.01818181818181818,1.0,0.9494145199063232,0.0,0.9818181818181818,0.9494618624239588,0.509090909090909,0.03571428571428572,0.02262443438914027,0.13138524338796564,0.509090909090909,0.06209554363963852
4,dst_dempster,CWE-116,0,0,2116,21,2137,21,2116,,0.0,1.0,0.9901731399157697,0.0,1.0,0.9901731399157697,0.5,,,,0.5113759114231704,0.010560493829390834
4,dst_dempster,CWE-117,0,2,2039,96,2137,96,2041,0.0,0.0,0.9990200881920627,0.9550351288056206,0.0009799118079372856,1.0,0.9541413196069256,0.49951004409603134,,,-0.006637891851013504,0.49951004409603134,0.03357964162320022
4,dst_dempster,CWE-1333,1,4,2095,37,2137,38,2099,0.2,0.02631578947368421,0.9980943306336351,0.9826454033771107,0.0019056693663649356,0.9736842105263158,0.9808142255498362,0.5122050600536596,0.046511627906976744,0.03184713375796178,0.06677122309412228,0.5122050600536596,0.0398320955002125
4,dst_dempster,CWE-185,0,0,2127,10,2137,10,2127,,0.0,1.0,0.9953205428170332,0.0,1.0,0.9953205428170332,0.5,,,,0.5,0.004736649137064305
4,dst_dempster,CWE-20,1,28,1938,170,2137,171,1966,0.034482758620689655,0.005847953216374269,0.9857578840284842,0.9193548387096774,0.014242115971515769,0.9941520467836257,0.9073467477772579,0.4958029186224292,0.01,0.0070126227208976155,-0.01968488560234164,0.47869631691980036,0.06119988564773836
4,dst_dempster,CWE-200,5,12,1906,214,2137,219,1918,0.29411764705882354,0.0228310502283105,0.9937434827945777,0.8990566037735849,0.006256517205422315,0.9771689497716894,0.8942442676649509,0.5082872665114441,0.0423728813559322,0.02799552071668533,0.05658421157525692,0.5065041114936125,0.07578308245398527
4,dst_dempster,CWE-208,9,75,1943,110,2137,119,2018,0.10714285714285714,0.07563025210084033,0.9628344895936571,0.9464198733560643,0.037165510406342916,0.9243697478991597,0.9134300421151147,0.5192323708472487,0.08866995073891626,0.08035714285714285,0.04539026980634718,0.5192323708472487,0.04741748174726266
4,dst_dempster,CWE-209,5,6,2002,124,2137,129,2008,0.45454545454545453,0.03875968992248062,0.9970119521912351,0.9416745061147695,0.00298804780876494,0.9612403100775194,0.939167056621432,0.5178858210568579,0.07142857142857142,0.04743833017077798,0.11905225168407375,0.5178858210568579,0.06421117454932274
4,dst_dempster,CWE-215,1,43,1984,109,2137,110,2027,0.022727272727272728,0.00909090909090909,0.978786383818451,0.9479216435738175,0.021213616181549086,0.990909090909091,0.928872250818905,0.49393864645468,0.012987012987012988,0.010330578512396695,-0.01886304828162038,0.49393864645468,0.03571364393863543
4,dst_dempster,CWE-22,0,0,2056,81,2137,81,2056,,0.0,1.0,0.9620963968179691,0.0,1.0,0.9620963968179691,0.5,,,,0.5418918432050728,0.09037483794013373
4,dst_dempster,CWE-23,7,25,2031,74,2137,81,2056,0.21875,0.08641975308641975,0.9878404669260701,0.9648456057007125,0.012159533073929961,0.9135802469135802,0.9536733738886289,0.5371301100062449,0.12389380530973453,0.09831460674157302,0.11676407869144192,0.5371301100062449,0.08737240581200023
4,dst_dempster,CWE-259,1,12,2017,107,2137,108,2029,0.07692307692307693,0.009259259259259259,0.9940857565303105,0.949623352165725,0.005914243469689502,0.9907407407407407,0.9443144595226953,0.5016725078947849,0.01652892561983471,0.011235955056179775,0.009423280981629301,0.5649357464906997,0.06878993688128052
4,dst_dempster,CWE-276,4,4,2078,51,2137,55,2082,0.5,0.07272727272727272,0.9980787704130644,0.9760450915922968,0.0019212295869356388,0.9272727272727272,0.9742629854936827,0.5354030215701685,0.12698412698412698,0.08771929824561403,0.18359430626255788,0.5354030215701685,0.05717199161091128
4,dst_dempster,CWE-284,0,0,1722,415,2137,415,1722,,0.0,1.0,0.8058025269068788,0.0,1.0,0.8058025269068788,0.5,,,,0.5,0.12441539844544516
4,dst_dempster,CWE-287,0,0,1915,222,2137,222,1915,,0.0,1.0,0.8961160505381376,0.0,1.0,0.8961160505381376,0.5,,,,0.5031990214757839,0.07128106646323507
4,dst_dempster,CWE-295,0,2,2074,61,2137,61,2076,0.0,0.0,0.9990366088631984,0.9714285714285714,0.0009633911368015414,1.0,0.9705194197473093,0.4995183044315992,,,-0.005246471295210964,0.4995183044315992,0.02804904928748181
4,dst_dempster,CWE-312,0,29,2068,40,2137,40,2097,0.0,0.0,0.9861707200762995,0.9810246679316889,0.013829279923700524,1.0,0.9677117454375292,0.49308536003814973,,,-0.016199233896016404,0.49308536003814973,0.011107628811426297
4,dst_dempster,CWE-315,0,10,2096,31,2137,31,2106,0.0,0.0,0.9952516619183286,0.9854254818993888,0.004748338081671415,1.0,0.9808142255498362,0.4976258309591643,,,-0.008318938593302721,0.4976258309591643,0.008609132246868696
4,dst_dempster,CWE-319,0,2,2058,77,2137,77,2060,0.0,0.0,0.9990291262135922,0.9639344262295082,0.000970873786407767,1.0,0.9630322882545624,0.4995145631067961,,,-0.00591735753233874,0.534973521624007,0.03541807816307468
4,dst_dempster,CWE-321,2,17,2007,111,2137,113,2024,0.10526315789473684,0.017699115044247787,0.991600790513834,0.9475920679886686,0.008399209486166008,0.9823008849557522,0.9401029480580253,0.5046499527790409,0.0303030303030303,0.02123142250530785,0.022170895538221946,0.5046499527790409,0.03832395441178247
4,dst_dempster,CWE-326,0,0,2097,40,2137,40,2097,,0.0,1.0,0.9812821712681329,0.0,1.0,0.9812821712681329,0.5,,,,0.4983309489747258,0.012583520546041898
4,dst_dempster,CWE-327,6,16,2077,38,2137,44,2093,0.2727272727272727,0.13636363636363635,0.9923554706163402,0.9820330969267139,0.007644529383659818,0.8636363636363636,0.9747309312119794,0.5643595534899883,0.1818181818181818,0.15151515151515152,0.18108707097899032,0.7855405464101116,0.2223491558949627
4,dst_dempster,CWE-328,7,29,2057,44,2137,51,2086,0.19444444444444445,0.13725490196078433,0.986097794822627,0.9790575916230366,0.013902205177372963,0.8627450980392157,0.9658399625643426,0.5616763483917057,0.16091954022988506,0.14583333333333334,0.1462940328459657,0.5616763483917057,0.040039872889108305
4,dst_dempster,CWE-330,19,34,2037,47,2137,66,2071,0.3584905660377358,0.2878787878787879,0.9835828102366007,0.977447216890595,0.016417189763399325,0.7121212121212122,0.9620963968179691,0.6357307990576943,0.31932773109243695,0.29968454258675076,0.30198378668575104,0.6357307990576943,0.1370506433702296
4,dst_dempster,CWE-347,1,0,2105,31,2137,32,2105,1.0,0.03125,1.0,0.9854868913857678,0.0,0.96875,0.985493682732803,0.515625,0.06060606060606061,0.03875968992248062,0.17548921720665703,0.515625,0.04278324932858281
4,dst_dempster,CWE-352,0,0,2098,39,2137,39,2098,,0.0,1.0,0.9817501169864296,0.0,1.0,0.9817501169864296,0.5,,,,0.5,0.01863668260289893
4,dst_dempster,CWE-359,3,26,2000,108,2137,111,2026,0.10344827586206896,0.02702702702702703,0.9871668311944719,0.9487666034155597,0.012833168805528134,0.972972972972973,0.9372952737482452,0.5070969291107494,0.042857142857142864,0.031712473572938694,0.02722371380835728,0.5070969291107494,0.04003558020087017
4,dst_dempster,CWE-377,2,1,2120,14,2137,16,2121,0.6666666666666666,0.125,0.9995285242809995,0.993439550140581,0.0004714757190004715,0.875,0.9929808142255498,0.5622642621404997,0.21052631578947367,0.14925373134328357,0.28670900412739064,0.7172177039132485,0.175871080005425
4,dst_dempster,CWE-400,0,0,2065,72,2137,72,2065,,0.0,1.0,0.9663079082826392,0.0,1.0,0.9663079082826392,0.5,,,,0.542594834543987,0.05834317494792524
4,dst_dempster,CWE-477,0,217,1915,5,2137,5,2132,0.0,0.0,0.898217636022514,0.9973958333333334,0.10178236397748593,1.0,0.8961160505381376,0.449108818011257,,,-0.016280609310609442,0.449108818011257,0.0015182705193798134
4,dst_dempster,CWE-497,1,10,1985,141,2137,142,1995,0.09090909090909091,0.007042253521126761,0.9949874686716792,0.9336782690498588,0.005012531328320802,0.9929577464788732,0.9293401965372017,0.501014861096403,0.013071895424836602,0.008635578583765112,0.007064383212368155,0.501014861096403,0.0445208962402507
4,dst_dempster,CWE-502,4,1,2094,38,2137,42,2095,0.8,0.09523809523809523,0.9995226730310263,0.9821763602251408,0.00047732696897374703,0.9047619047619048,0.9817501169864296,0.5473803841345608,0.1702127659574468,0.11560693641618495,0.27224921086548526,0.6647346289351063,0.2974078064229665
4,dst_dempster,CWE-521,1,1,2070,65,2137,66,2071,0.5,0.015151515151515152,0.9995171414775471,0.9695550351288056,0.0004828585224529213,0.9848484848484849,0.9691155825924193,0.5073343283145312,0.029411764705882356,0.018796992481203006,0.08299241880287442,0.5073343283145311,0.040528754509326546
4,dst_dempster,CWE-522,0,0,2044,93,2137,93,2044,,0.0,1.0,0.956481048198409,0.0,1.0,0.956481048198409,0.5,,,,0.5,0.030811815227386862
4,dst_dempster,CWE-532,0,0,2008,129,2137,129,2008,,0.0,1.0,0.9396350023397286,0.0,1.0,0.9396350023397286,0.5,,,,0.51493637851694,0.05328179525841299
4,dst_dempster,CWE-601,4,2,2087,44,2137,48,2089,0.6666666666666666,0.08333333333333333,0.9990426041168023,0.9793524167057719,0.0009573958831977022,0.9166666666666666,0.9784744969583529,0.5411879687250678,0.14814814814814814,0.101010101010101,0.23068686049162393,0.5907581378650072,0.15830360382854894
4,dst_dempster,CWE-605,4,26,2099,8,2137,12,2125,0.13333333333333333,0.3333333333333333,0.987764705882353,0.996203132415757,0.01223529411764706,0.6666666666666666,0.984089845577913,0.6605490196078432,0.19047619047619044,0.2564102564102564,0.20394583878805375,0.6605490196078432,0.07272454871467766
4,dst_dempster,CWE-611,0,2,2116,19,2137,19,2118,0.0,0.0,0.9990557129367328,0.9911007025761124,0.0009442870632672333,1.0,0.9901731399157697,0.4995278564683664,,,-0.0028988776154823207,0.7539386710402067,0.09504118040989878
4,dst_dempster,CWE-614,1,2,2058,76,2137,77,2060,0.3333333333333333,0.012987012987012988,0.9990291262135922,0.9643861293345829,0.000970873786407767,0.987012987012987,0.9635002339728591,0.5060080696003025,0.025,0.016077170418006433,0.059811692052198884,0.5326944899760434,0.05343728164131475
4,dst_dempster,CWE-643,3,7,2081,46,2137,49,2088,0.3,0.061224489795918366,0.9966475095785441,0.9783732957216738,0.003352490421455939,0.9387755102040817,0.9751988769302761,0.5289359996872313,0.10169491525423728,0.07281553398058252,0.1269252504266655,0.5289359996872313,0.035866584211674955
4,dst_dempster,CWE-668,0,1,1784,352,2137,352,1785,0.0,0.0,0.9994397759103641,0.8352059925093633,0.0005602240896358543,1.0,0.8348151614412728,0.4997198879551821,,,-0.009608411566116748,0.4997198879551821,0.10398867438132316
4,dst_dempster,CWE-706,0,6,2029,102,2137,102,2035,0.0,0.0,0.9970515970515971,0.9521351478179259,0.0029484029484029483,1.0,0.9494618624239588,0.49852579852579854,,,-0.01187959895360524,0.49852579852579854,0.05071628764632965
4,dst_dempster,CWE-73,0,32,1985,120,2137,120,2017,0.0,0.0,0.984134853743183,0.9429928741092637,0.015865146256817054,1.0,0.928872250818905,0.4920674268715915,,,-0.030073682679999703,0.4920674268715915,0.04112937684803827
4,dst_dempster,CWE-732,7,1,2076,53,2137,60,2077,0.875,0.11666666666666667,0.9995185363505056,0.9751056834194457,0.00048146364949446316,0.8833333333333333,0.9747309312119794,0.5580926015085861,0.20588235294117646,0.1411290322580645,0.3142764728931204,0.5578799550633927,0.14491125018684625
4,dst_dempster,CWE-74,9,2,1793,333,2137,342,1795,0.8181818181818182,0.02631578947368421,0.9988857938718663,0.8433678269049859,0.0011142061281337048,0.9736842105263158,0.843238184370613,0.5126007916727753,0.0509915014164306,0.032632342277012324,0.1291204806290406,0.5126007916727753,0.20023132061021073
4,dst_dempster,CWE-770,0,0,2084,53,2137,53,2084,,0.0,1.0,0.9751988769302761,0.0,1.0,0.9751988769302761,0.5,,,,0.5,0.027923456755261856
4,dst_dempster,CWE-776,0,0,2101,36,2137,36,2101,,0.0,1.0,0.9831539541413196,0.0,1.0,0.9831539541413196,0.5,,,,0.5273018139510286,0.04744741115175065
4,dst_dempster,CWE-78,3,1,2027,106,2137,109,2028,0.75,0.027522935779816515,0.9995069033530573,0.9503047351148617,0.0004930966469428008,0.9724770642201835,0.9499298081422555,0.5135149195664369,0.05309734513274336,0.034090909090909095,0.1375831542527807,0.6378114651756148,0.21359813092859914
4,dst_dempster,CWE-79,0,0,2016,121,2137,121,2016,,0.0,1.0,0.943378568086102,0.0,1.0,0.943378568086102,0.5,,,,0.5861619441164896,0.14771843937068993
4,dst_dempster,CWE-798,0,0,2024,113,2137,113,2024,,0.0,1.0,0.9471221338324755,0.0,1.0,0.9471221338324755,0.5,,,,0.5039219629927595,0.038266773842523444
4,dst_dempster,CWE-80,0,2,2017,118,2137,118,2019,0.0,0.0,0.9990094105993066,0.9447306791569087,0.0009905894006934125,1.0,0.9438465138043987,0.4995047052996533,,,-0.00739927046476136,0.4995047052996533,0.05880174295751613
4,dst_dempster,CWE-827,0,3,2115,19,2137,19,2118,0.0,0.0,0.9985835694050992,0.9910965323336457,0.00141643059490085,1.0,0.989705194197473,0.4992917847025496,,,-0.003551217256566353,0.4992917847025496,0.005704579619167388
4,dst_dempster,CWE-829,0,14,2103,20,2137,20,2117,0.0,0.0,0.9933868682097308,0.9905793688177108,0.006613131790269249,1.0,0.984089845577913,0.4966934341048654,,,-0.007893027021111646,0.4966934341048654,0.005857054569433871
4,dst_dempster,CWE-88,0,9,2063,65,2137,65,2072,0.0,0.0,0.9956563706563707,0.9694548872180451,0.004343629343629344,1.0,0.9653720168460459,0.49782818532818535,,,-0.011518534984283678,0.49782818532818535,0.02942613836233652
4,dst_dempster,CWE-89,7,24,2003,103,2137,110,2027,0.22580645161290322,0.06363636363636363,0.9881598421312284,0.9510921177587844,0.011840157868771583,0.9363636363636364,0.940570893776322,0.525898102883796,0.09929078014184396,0.07430997876857749,0.09572186113510639,0.7698210521594834,0.3241845841864947
4,dst_dempster,CWE-90,1,1,2098,37,2137,38,2099,0.5,0.02631578947368421,0.9995235826584088,0.9826697892271663,0.0004764173415912339,0.9736842105263158,0.9822180627047262,0.5129196860660465,0.05,0.03246753246753247,0.1116775908620867,0.5129196860660465,0.029479117886503547
4,dst_dempster,CWE-916,7,29,2057,44,2137,51,2086,0.19444444444444445,0.13725490196078433,0.986097794822627,0.9790575916230366,0.013902205177372963,0.8627450980392157,0.9658399625643426,0.5616763483917057,0.16091954022988506,0.14583333333333334,0.1462940328459657,0.5616763483917057,0.040039872889108305
4,dst_dempster,CWE-918,2,4,2111,20,2137,22,2115,0.3333333333333333,0.09090909090909091,0.9981087470449173,0.99061473486626,0.0018912529550827422,0.9090909090909091,0.9887693027608797,0.544508918977004,0.14285714285714288,0.10638297872340427,0.16981506599976745,0.5440790887599398,0.05231912280353504
4,dst_dempster,CWE-93,0,2,2097,38,2137,38,2099,0.0,0.0,0.9990471653168176,0.9822014051522249,0.0009528346831824678,1.0,0.9812821712681329,0.4995235826584088,,,-0.004118145029363702,0.4995235826584088,0.016335023416002816
4,dst_dempster,CWE-939,0,4,2018,115,2137,115,2022,0.0,0.0,0.9980217606330366,0.9460853258321613,0.0019782393669634025,1.0,0.9443144595226953,0.4990108803165183,,,-0.010327445516478089,0.4990108803165183,0.032993171617548
4,dst_dempster,CWE-94,0,2,2052,83,2137,83,2054,0.0,0.0,0.9990262901655307,0.9611241217798595,0.0009737098344693282,1.0,0.9602246139447824,0.49951314508276534,,,-0.00615254621653367,0.5854313065308947,0.1053852827730761
4,dst_dempster,CWE-942,0,0,2060,77,2137,77,2060,,0.0,1.0,0.9639681796911558,0.0,1.0,0.9639681796911558,0.5,,,,0.5,0.025862996939316294
4,dst_dempster,CWE-95,3,1,2060,73,2137,76,2061,0.75,0.039473684210526314,0.9995147986414362,0.9657759024847632,0.00048520135856380397,0.9605263157894737,0.9653720168460459,0.5194942414259812,0.075,0.048701298701298704,0.16705393290753492,0.6031978600066396,0.15697752737826107
4,dst_dempster,CWE-96,2,17,2045,73,2137,75,2062,0.10526315789473684,0.02666666666666667,0.9917555771096024,0.965533522190746,0.008244422890397672,0.9733333333333334,0.957884885353299,0.5092111218881346,0.04255319148936171,0.031347962382445145,0.03611417587437505,0.5092111218881344,0.03764811728680581
4,dst_dempster,CWE-99,0,32,2065,40,2137,40,2097,0.0,0.0,0.9847401049117788,0.9809976247030879,0.015259895088221268,1.0,0.9663079082826392,0.4923700524558894,,,-0.01702863040464166,0.4923700524558894,0.014740696739776354
4,dst_pcr6,CWE-113,2,0,2027,108,2137,110,2027,1.0,0.01818181818181818,1.0,0.9494145199063232,0.0,0.9818181818181818,0.9494618624239588,0.509090909090909,0.03571428571428572,0.02262443438914027,0.13138524338796564,0.509090909090909,0.06209554363963852
4,dst_pcr6,CWE-116,0,0,2116,21,2137,21,2116,,0.0,1.0,0.9901731399157697,0.0,1.0,0.9901731399157697,0.5,,,,0.5113759114231704,0.010560493829390834
4,dst_pcr6,CWE-117,0,2,2039,96,2137,96,2041,0.0,0.0,0.9990200881920627,0.9550351288056206,0.0009799118079372856,1.0,0.9541413196069256,0.49951004409603134,,,-0.006637891851013504,0.49951004409603134,0.03357964162320022
4,dst_pcr6,CWE-1333,1,4,2095,37,2137,38,2099,0.2,0.02631578947368421,0.9980943306336351,0.9826454033771107,0.0019056693663649356,0.9736842105263158,0.9808142255498362,0.5122050600536596,0.046511627906976744,0.03184713375796178,0.06677122309412228,0.5122050600536596,0.0398320955002125
4,dst_pcr6,CWE-185,0,0,2127,10,2137,10,2127,,0.0,1.0,0.9953205428170332,0.0,1.0,0.9953205428170332,0.5,,,,0.5,0.004736649137064305
4,dst_pcr6,CWE-20,1,28,1938,170,2137,171,1966,0.034482758620689655,0.005847953216374269,0.9857578840284842,0.9193548387096774,0.014242115971515769,0.9941520467836257,0.9073467477772579,0.4958029186224292,0.01,0.0070126227208976155,-0.01968488560234164,0.47869631691980036,0.06119988564773836
4,dst_pcr6,CWE-200,5,12,1906,214,2137,219,1918,0.29411764705882354,0.0228310502283105,0.9937434827945777,0.8990566037735849,0.006256517205422315,0.9771689497716894,0.8942442676649509,0.5082872665114441,0.0423728813559322,0.02799552071668533,0.05658421157525692,0.5065041114936125,0.07578308245398527
4,dst_pcr6,CWE-208,9,75,1943,110,2137,119,2018,0.10714285714285714,0.07563025210084033,0.9628344895936571,0.9464198733560643,0.037165510406342916,0.9243697478991597,0.9134300421151147,0.5192323708472487,0.08866995073891626,0.08035714285714285,0.04539026980634718,0.5192323708472487,0.04741748174726266
4,dst_pcr6,CWE-209,5,6,2002,124,2137,129,2008,0.45454545454545453,0.03875968992248062,0.9970119521912351,0.9416745061147695,0.00298804780876494,0.9612403100775194,0.939167056621432,0.5178858210568579,0.07142857142857142,0.04743833017077798,0.11905225168407375,0.5178858210568579,0.06421117454932274
4,dst_pcr6,CWE-215,1,43,1984,109,2137,110,2027,0.022727272727272728,0.00909090909090909,0.978786383818451,0.9479216435738175,0.021213616181549086,0.990909090909091,0.928872250818905,0.49393864645468,0.012987012987012988,0.010330578512396695,-0.01886304828162038,0.49393864645468,0.03571364393863543
4,dst_pcr6,CWE-22,0,0,2056,81,2137,81,2056,,0.0,1.0,0.9620963968179691,0.0,1.0,0.9620963968179691,0.5,,,,0.5418918432050728,0.09037483794013373
4,dst_pcr6,CWE-23,7,25,2031,74,2137,81,2056,0.21875,0.08641975308641975,0.9878404669260701,0.9648456057007125,0.012159533073929961,0.9135802469135802,0.9536733738886289,0.5371301100062449,0.12389380530973453,0.09831460674157302,0.11676407869144192,0.5371301100062449,0.08737240581200023
4,dst_pcr6,CWE-259,1,12,2017,107,2137,108,2029,0.07692307692307693,0.009259259259259259,0.9940857565303105,0.949623352165725,0.005914243469689502,0.9907407407407407,0.9443144595226953,0.5016725078947849,0.01652892561983471,0.011235955056179775,0.009423280981629301,0.5649357464906997,0.06878993688128052
4,dst_pcr6,CWE-276,4,4,2078,51,2137,55,2082,0.5,0.07272727272727272,0.9980787704130644,0.9760450915922968,0.0019212295869356388,0.9272727272727272,0.9742629854936827,0.5354030215701685,0.12698412698412698,0.08771929824561403,0.18359430626255788,0.5354030215701685,0.05717199161091128
4,dst_pcr6,CWE-284,0,0,1722,415,2137,415,1722,,0.0,1.0,0.8058025269068788,0.0,1.0,0.8058025269068788,0.5,,,,0.5,0.12441539844544516
4,dst_pcr6,CWE-287,0,0,1915,222,2137,222,1915,,0.0,1.0,0.8961160505381376,0.0,1.0,0.8961160505381376,0.5,,,,0.5031990214757839,0.07128106646323507
4,dst_pcr6,CWE-295,0,2,2074,61,2137,61,2076,0.0,0.0,0.9990366088631984,0.9714285714285714,0.0009633911368015414,1.0,0.9705194197473093,0.4995183044315992,,,-0.005246471295210964,0.4995183044315992,0.02804904928748181
4,dst_pcr6,CWE-312,0,29,2068,40,2137,40,2097,0.0,0.0,0.9861707200762995,0.9810246679316889,0.013829279923700524,1.0,0.9677117454375292,0.49308536003814973,,,-0.016199233896016404,0.49308536003814973,0.011107628811426297
4,dst_pcr6,CWE-315,0,10,2096,31,2137,31,2106,0.0,0.0,0.9952516619183286,0.9854254818993888,0.004748338081671415,1.0,0.9808142255498362,0.4976258309591643,,,-0.008318938593302721,0.4976258309591643,0.008609132246868696
4,dst_pcr6,CWE-319,0,2,2058,77,2137,77,2060,0.0,0.0,0.9990291262135922,0.9639344262295082,0.000970873786407767,1.0,0.9630322882545624,0.4995145631067961,,,-0.00591735753233874,0.534973521624007,0.03541807816307468
4,dst_pcr6,CWE-321,2,17,2007,111,2137,113,2024,0.10526315789473684,0.017699115044247787,0.991600790513834,0.9475920679886686,0.008399209486166008,0.9823008849557522,0.9401029480580253,0.5046499527790409,0.0303030303030303,0.02123142250530785,0.022170895538221946,0.5046499527790409,0.03832395441178247
4,dst_pcr6,CWE-326,0,0,2097,40,2137,40,2097,,0.0,1.0,0.9812821712681329,0.0,1.0,0.9812821712681329,0.5,,,,0.4983309489747258,0.012583520546041898
4,dst_pcr6,CWE-327,6,16,2077,38,2137,44,2093,0.2727272727272727,0.13636363636363635,0.9923554706163402,0.9820330969267139,0.007644529383659818,0.8636363636363636,0.9747309312119794,0.5643595534899883,0.1818181818181818,0.15151515151515152,0.18108707097899032,0.7855405464101116,0.2223491558949627
4,dst_pcr6,CWE-328,7,29,2057,44,2137,51,2086,0.19444444444444445,0.13725490196078433,0.986097794822627,0.9790575916230366,0.013902205177372963,0.8627450980392157,0.9658399625643426,0.5616763483917057,0.16091954022988506,0.14583333333333334,0.1462940328459657,0.5616763483917057,0.040039872889108305
4,dst_pcr6,CWE-330,19,34,2037,47,2137,66,2071,0.3584905660377358,0.2878787878787879,0.9835828102366007,0.977447216890595,0.016417189763399325,0.7121212121212122,0.9620963968179691,0.6357307990576943,0.31932773109243695,0.29968454258675076,0.30198378668575104,0.6357307990576943,0.1370506433702296
4,dst_pcr6,CWE-347,1,0,2105,31,2137,32,2105,1.0,0.03125,1.0,0.9854868913857678,0.0,0.96875,0.985493682732803,0.515625,0.06060606060606061,0.03875968992248062,0.17548921720665703,0.515625,0.04278324932858281
4,dst_pcr6,CWE-352,0,0,2098,39,2137,39,2098,,0.0,1.0,0.9817501169864296,0.0,1.0,0.9817501169864296,0.5,,,,0.5,0.01863668260289893
4,dst_pcr6,CWE-359,3,26,2000,108,2137,111,2026,0.10344827586206896,0.02702702702702703,0.9871668311944719,0.9487666034155597,0.012833168805528134,0.972972972972973,0.9372952737482452,0.5070969291107494,0.042857142857142864,0.031712473572938694,0.02722371380835728,0.5070969291107494,0.04003558020087017
4,dst_pcr6,CWE-377,2,1,2120,14,2137,16,2121,0.6666666666666666,0.125,0.9995285242809995,0.993439550140581,0.0004714757190004715,0.875,0.9929808142255498,0.5622642621404997,0.21052631578947367,0.14925373134328357,0.28670900412739064,0.7211073785950024,0.17550192790271188
4,dst_pcr6,CWE-400,0,0,2065,72,2137,72,2065,,0.0,1.0,0.9663079082826392,0.0,1.0,0.9663079082826392,0.5,,,,0.542594834543987,0.05834317494792524
4,dst_pcr6,CWE-477,0,217,1915,5,2137,5,2132,0.0,0.0,0.898217636022514,0.9973958333333334,0.10178236397748593,1.0,0.8961160505381376,0.449108818011257,,,-0.016280609310609442,0.449108818011257,0.0015182705193798134
4,dst_pcr6,CWE-497,1,10,1985,141,2137,142,1995,0.09090909090909091,0.007042253521126761,0.9949874686716792,0.9336782690498588,0.005012531328320802,0.9929577464788732,0.9293401965372017,0.501014861096403,0.013071895424836602,0.008635578583765112,0.007064383212368155,0.501014861096403,0.0445208962402507
4,dst_pcr6,CWE-502,4,1,2094,38,2137,42,2095,0.8,0.09523809523809523,0.9995226730310263,0.9821763602251408,0.00047732696897374703,0.9047619047619048,0.9817501169864296,0.5473803841345608,0.1702127659574468,0.11560693641618495,0.27224921086548526,0.6647346289351063,0.2974078064229665
4,dst_pcr6,CWE-521,1,1,2070,65,2137,66,2071,0.5,0.015151515151515152,0.9995171414775471,0.9695550351288056,0.0004828585224529213,0.9848484848484849,0.9691155825924193,0.5073343283145312,0.029411764705882356,0.018796992481203006,0.08299241880287442,0.5073343283145311,0.040528754509326546
4,dst_pcr6,CWE-522,0,0,2044,93,2137,93,2044,,0.0,1.0,0.956481048198409,0.0,1.0,0.956481048198409,0.5,,,,0.5,0.030811815227386862
4,dst_pcr6,CWE-532,0,0,2008,129,2137,129,2008,,0.0,1.0,0.9396350023397286,0.0,1.0,0.9396350023397286,0.5,,,,0.51493637851694,0.05328179525841299
4,dst_pcr6,CWE-601,4,2,2087,44,2137,48,2089,0.6666666666666666,0.08333333333333333,0.9990426041168023,0.9793524167057719,0.0009573958831977022,0.9166666666666666,0.9784744969583529,0.5411879687250678,0.14814814814814814,0.101010101010101,0.23068686049162393,0.5907581378650072,0.15830360382854894
4,dst_pcr6,CWE-605,4,26,2099,8,2137,12,2125,0.13333333333333333,0.3333333333333333,0.987764705882353,0.996203132415757,0.01223529411764706,0.6666666666666666,0.984089845577913,0.6605490196078432,0.19047619047619044,0.2564102564102564,0.20394583878805375,0.6605490196078432,0.07272454871467766
4,dst_pcr6,CWE-611,0,2,2116,19,2137,19,2118,0.0,0.0,0.9990557129367328,0.9911007025761124,0.0009442870632672333,1.0,0.9901731399157697,0.4995278564683664,,,-0.0028988776154823207,0.7539386710402067,0.09504118040989878
4,dst_pcr6,CWE-614,1,2,2058,76,2137,77,2060,0.3333333333333333,0.012987012987012988,0.9990291262135922,0.9643861293345829,0.000970873786407767,0.987012987012987,0.9635002339728591,0.5060080696003025,0.025,0.016077170418006433,0.059811692052198884,0.5326944899760434,0.05343728164131475
4,dst_pcr6,CWE-643,3,7,2081,46,2137,49,2088,0.3,0.061224489795918366,0.9966475095785441,0.9783732957216738,0.003352490421455939,0.9387755102040817,0.9751988769302761,0.5289359996872313,0.10169491525423728,0.07281553398058252,0.1269252504266655,0.5289359996872313,0.035866584211674955
4,dst_pcr6,CWE-668,0,1,1784,352,2137,352,1785,0.0,0.0,0.9994397759103641,0.8352059925093633,0.0005602240896358543,1.0,0.8348151614412728,0.4997198879551821,,,-0.009608411566116748,0.4997198879551821,0.10398867438132316
4,dst_pcr6,CWE-706,0,6,2029,102,2137,102,2035,0.0,0.0,0.9970515970515971,0.9521351478179259,0.0029484029484029483,1.0,0.9494618624239588,0.49852579852579854,,,-0.01187959895360524,0.49852579852579854,0.05071628764632965
4,dst_pcr6,CWE-73,0,32,1985,120,2137,120,2017,0.0,0.0,0.984134853743183,0.9429928741092637,0.015865146256817054,1.0,0.928872250818905,0.4920674268715915,,,-0.030073682679999703,0.4920674268715915,0.04112937684803827
4,dst_pcr6,CWE-732,7,1,2076,53,2137,60,2077,0.875,0.11666666666666667,0.9995185363505056,0.9751056834194457,0.00048146364949446316,0.8833333333333333,0.9747309312119794,0.5580926015085861,0.20588235294117646,0.1411290322580645,0.3142764728931204,0.5578799550633927,0.14491125018684625
4,dst_pcr6,CWE-74,9,2,1793,333,2137,342,1795,0.8181818181818182,0.02631578947368421,0.9988857938718663,0.8433678269049859,0.0011142061281337048,0.9736842105263158,0.843238184370613,0.5126007916727753,0.0509915014164306,0.032632342277012324,0.1291204806290406,0.5126007916727753,0.20023132061021073
4,dst_pcr6,CWE-770,0,0,2084,53,2137,53,2084,,0.0,1.0,0.9751988769302761,0.0,1.0,0.9751988769302761,0.5,,,,0.5,0.027923456755261856
4,dst_pcr6,CWE-776,0,0,2101,36,2137,36,2101,,0.0,1.0,0.9831539541413196,0.0,1.0,0.9831539541413196,0.5,,,,0.5273018139510286,0.04744741115175065
4,dst_pcr6,CWE-78,3,1,2027,106,2137,109,2028,0.75,0.027522935779816515,0.9995069033530573,0.9503047351148617,0.0004930966469428008,0.9724770642201835,0.9499298081422555,0.5135149195664369,0.05309734513274336,0.034090909090909095,0.1375831542527807,0.637847655755207,0.21498714877154598
4,dst_pcr6,CWE-79,0,0,2016,121,2137,121,2016,,0.0,1.0,0.943378568086102,0.0,1.0,0.943378568086102,0.5,,,,0.5861619441164896,0.14771843937068993
4,dst_pcr6,CWE-798,0,0,2024,113,2137,113,2024,,0.0,1.0,0.9471221338324755,0.0,1.0,0.9471221338324755,0.5,,,,0.5039219629927595,0.038266773842523444
4,dst_pcr6,CWE-80,0,2,2017,118,2137,118,2019,0.0,0.0,0.9990094105993066,0.9447306791569087,0.0009905894006934125,1.0,0.9438465138043987,0.4995047052996533,,,-0.00739927046476136,0.4995047052996533,0.05880174295751613
4,dst_pcr6,CWE-827,0,3,2115,19,2137,19,2118,0.0,0.0,0.9985835694050992,0.9910965323336457,0.00141643059490085,1.0,0.989705194197473,0.4992917847025496,,,-0.003551217256566353,0.4992917847025496,0.005704579619167388
4,dst_pcr6,CWE-829,0,14,2103,20,2137,20,2117,0.0,0.0,0.9933868682097308,0.9905793688177108,0.006613131790269249,1.0,0.984089845577913,0.4966934341048654,,,-0.007893027021111646,0.4966934341048654,0.005857054569433871
4,dst_pcr6,CWE-88,0,9,2063,65,2137,65,2072,0.0,0.0,0.9956563706563707,0.9694548872180451,0.004343629343629344,1.0,0.9653720168460459,0.49782818532818535,,,-0.011518534984283678,0.49782818532818535,0.02942613836233652
4,dst_pcr6,CWE-89,7,24,2003,103,2137,110,2027,0.22580645161290322,0.06363636363636363,0.9881598421312284,0.9510921177587844,0.011840157868771583,0.9363636363636364,0.940570893776322,0.525898102883796,0.09929078014184396,0.07430997876857749,0.09572186113510639,0.7698120823429161,0.3240035373700039
4,dst_pcr6,CWE-90,1,1,2098,37,2137,38,2099,0.5,0.02631578947368421,0.9995235826584088,0.9826697892271663,0.0004764173415912339,0.9736842105263158,0.9822180627047262,0.5129196860660465,0.05,0.03246753246753247,0.1116775908620867,0.5129196860660465,0.029479117886503547
4,dst_pcr6,CWE-916,7,29,2057,44,2137,51,2086,0.19444444444444445,0.13725490196078433,0.986097794822627,0.9790575916230366,0.013902205177372963,0.8627450980392157,0.9658399625643426,0.5616763483917057,0.16091954022988506,0.14583333333333334,0.1462940328459657,0.5616763483917057,0.040039872889108305
4,dst_pcr6,CWE-918,2,4,2111,20,2137,22,2115,0.3333333333333333,0.09090909090909091,0.9981087470449173,0.99061473486626,0.0018912529550827422,0.9090909090909091,0.9887693027608797,0.544508918977004,0.14285714285714288,0.10638297872340427,0.16981506599976745,0.5440790887599398,0.05231912280353504
4,dst_pcr6,CWE-93,0,2,2097,38,2137,38,2099,0.0,0.0,0.9990471653168176,0.9822014051522249,0.0009528346831824678,1.0,0.9812821712681329,0.4995235826584088,,,-0.004118145029363702,0.4995235826584088,0.016335023416002816
4,dst_pcr6,CWE-939,0,4,2018,115,2137,115,2022,0.0,0.0,0.9980217606330366,0.9460853258321613,0.0019782393669634025,1.0,0.9443144595226953,0.4990108803165183,,,-0.010327445516478089,0.4990108803165183,0.032993171617548
4,dst_pcr6,CWE-94,0,2,2052,83,2137,83,2054,0.0,0.0,0.9990262901655307,0.9611241217798595,0.0009737098344693282,1.0,0.9602246139447824,0.49951314508276534,,,-0.00615254621653367,0.5854313065308947,0.1053852827730761
4,dst_pcr6,CWE-942,0,0,2060,77,2137,77,2060,,0.0,1.0,0.9639681796911558,0.0,1.0,0.9639681796911558,0.5,,,,0.5,0.025862996939316294
4,dst_pcr6,CWE-95,3,1,2060,73,2137,76,2061,0.75,0.039473684210526314,0.9995147986414362,0.9657759024847632,0.00048520135856380397,0.9605263157894737,0.9653720168460459,0.5194942414259812,0.075,0.048701298701298704,0.16705393290753492,0.6031978600066396,0.15697752737826107
4,dst_pcr6,CWE-96,2,17,2045,73,2137,75,2062,0.10526315789473684,0.02666666666666667,0.9917555771096024,0.965533522190746,0.008244422890397672,0.9733333333333334,0.957884885353299,0.5092111218881346,0.04255319148936171,0.031347962382445145,0.03611417587437505,0.5092111218881344,0.03764811728680581
4,dst_pcr6,CWE-99,0,32,2065,40,2137,40,2097,0.0,0.0,0.9847401049117788,0.9809976247030879,0.015259895088221268,1.0,0.9663079082826392,0.4923700524558894,,,-0.01702863040464166,0.4923700524558894,0.014740696739776354
4,logistic_regression,CWE-113,110,2027,0,0,2137,110,2027,0.05147402901263454,1.0,0.0,,1.0,0.0,0.05147402901263454,0.5,0.09790832220738763,0.21342646488164532,,0.5,0.041760965344921956
4,logistic_regression,CWE-116,1,45,2071,20,2137,21,2116,0.021739130434782608,0.047619047619047616,0.9787334593572778,0.9904351984696318,0.021266540642722116,0.9523809523809523,0.9695835283107159,0.5131762534881628,0.029850746268656712,0.038461538461538464,0.017911562952061463,0.5149765955531551,0.010619848214379482
4,logistic_regression,CWE-117,0,2,2039,96,2137,96,2041,0.0,0.0,0.9990200881920627,0.9550351288056206,0.0009799118079372856,1.0,0.9541413196069256,0.49951004409603134,,,-0.006637891851013504,0.49951004409603134,0.03357964162320022
4,logistic_regression,CWE-1333,1,4,2095,37,2137,38,2099,0.2,0.02631578947368421,0.9980943306336351,0.9826454033771107,0.0019056693663649356,0.9736842105263158,0.9808142255498362,0.5122050600536596,0.046511627906976744,0.03184713375796178,0.06677122309412228,0.5122050600536596,0.0398320955002125
4,logistic_regression,CWE-185,10,2127,0,0,2137,10,2127,0.004679457182966776,1.0,0.0,,1.0,0.0,0.004679457182966776,0.5,0.009315323707498836,0.02296738631143776,,0.5,0.004736649137064305
4,logistic_regression,CWE-20,154,1656,310,17,2137,171,1966,0.08508287292817679,0.9005847953216374,0.15768056968463887,0.9480122324159022,0.8423194303153612,0.09941520467836257,0.2171268132896584,0.5291326825031382,0.15547703180212014,0.30874097834803527,0.043912394523573005,0.533755123651788,0.06938188312208383
4,logistic_regression,CWE-200,5,12,1906,214,2137,219,1918,0.29411764705882354,0.0228310502283105,0.9937434827945777,0.8990566037735849,0.006256517205422315,0.9771689497716894,0.8942442676649509,0.5082872665114441,0.0423728813559322,0.02799552071668533,0.05658421157525692,0.5100704215292756,0.07637289701461898
4,logistic_regression,CWE-208,9,75,1943,110,2137,119,2018,0.10714285714285714,0.07563025210084033,0.9628344895936571,0.9464198733560643,0.037165510406342916,0.9243697478991597,0.9134300421151147,0.5192323708472487,0.08866995073891626,0.08035714285714285,0.04539026980634718,0.5192323708472487,0.04741748174726266
4,logistic_regression,CWE-209,5,6,2002,124,2137,129,2008,0.45454545454545453,0.03875968992248062,0.9970119521912351,0.9416745061147695,0.00298804780876494,0.9612403100775194,0.939167056621432,0.5178858210568579,0.07142857142857142,0.04743833017077798,0.11905225168407375,0.5178858210568579,0.06421117454932274
4,logistic_regression,CWE-215,1,43,1984,109,2137,110,2027,0.022727272727272728,0.00909090909090909,0.978786383818451,0.9479216435738175,0.021213616181549086,0.990909090909091,0.928872250818905,0.49393864645468,0.012987012987012988,0.010330578512396695,-0.01886304828162038,0.49393864645468,0.03571364393863543
4,logistic_regression,CWE-22,8,31,2025,73,2137,81,2056,0.20512820512820512,0.09876543209876543,0.9849221789883269,0.9652049571020019,0.015077821011673152,0.9012345679012346,0.9513336452971455,0.5418438055435462,0.13333333333333333,0.11019283746556473,0.11939336428778678,0.5420719844357976,0.09943666157208458
4,logistic_regression,CWE-23,7,25,2031,74,2137,81,2056,0.21875,0.08641975308641975,0.9878404669260701,0.9648456057007125,0.012159533073929961,0.9135802469135802,0.9536733738886289,0.5371301100062449,0.12389380530973453,0.09831460674157302,0.11676407869144192,0.5371301100062449,0.08737240581200023
4,logistic_regression,CWE-259,20,111,1918,88,2137,108,2029,0.15267175572519084,0.18518518518518517,0.9452932479053721,0.9561316051844466,0.05470675209462789,0.8148148148148148,0.9068788020589612,0.5652392165452786,0.1673640167364017,0.17761989342806395,0.119149032922957,0.5649357464906997,0.06878993688128052
4,logistic_regression,CWE-276,4,4,2078,51,2137,55,2082,0.5,0.07272727272727272,0.9980787704130644,0.9760450915922968,0.0019212295869356388,0.9272727272727272,0.9742629854936827,0.5354030215701685,0.12698412698412698,0.08771929824561403,0.18359430626255788,0.5354030215701685,0.05717199161091128
4,logistic_regression,CWE-284,415,1722,0,0,2137,415,1722,0.1941974730931212,1.0,0.0,,1.0,0.0,0.1941974730931212,0.5,0.32523510971786834,0.5464840663681854,,0.5,0.12441539844544516
4,logistic_regression,CWE-287,2,5,1910,220,2137,222,1915,0.2857142857142857,0.009009009009009009,0.9973890339425587,0.8967136150234741,0.0026109660574412533,0.990990990990991,0.8947122133832476,0.5031990214757839,0.017467248908296942,0.011173184357541898,0.03416403876131344,0.5031990214757839,0.07128106646323507
4,logistic_regression,CWE-295,0,2,2074,61,2137,61,2076,0.0,0.0,0.9990366088631984,0.9714285714285714,0.0009633911368015414,1.0,0.9705194197473093,0.4995183044315992,,,-0.005246471295210964,0.4995183044315992,0.02804904928748181
4,logistic_regression,CWE-312,40,2068,29,0,2137,40,2097,0.018975332068311195,1.0,0.013829279923700524,1.0,0.9861707200762995,0.0,0.03228825456247075,0.5069146399618503,0.037243947858472994,0.08818342151675485,0.016199233896016404,0.5069146399618503,0.011288307221423873
4,logistic_regression,CWE-315,0,10,2096,31,2137,31,2106,0.0,0.0,0.9952516619183286,0.9854254818993888,0.004748338081671415,1.0,0.9808142255498362,0.4976258309591643,,,-0.008318938593302721,0.4976258309591643,0.008609132246868696
4,logistic_regression,CWE-319,7,43,2017,70,2137,77,2060,0.14,0.09090909090909091,0.9791262135922331,0.9664590321034978,0.02087378640776699,0.9090909090909091,0.9471221338324755,0.535017652250662,0.11023622047244096,0.09776536312849161,0.08634749984964643,0.534973521624007,0.03541807816307468
4,logistic_regression,CWE-321,2,17,2007,111,2137,113,2024,0.10526315789473684,0.017699115044247787,0.991600790513834,0.9475920679886686,0.008399209486166008,0.9823008849557522,0.9401029480580253,0.5046499527790409,0.0303030303030303,0.02123142250530785,0.022170895538221946,0.5046499527790409,0.03832395441178247
4,logistic_regression,CWE-326,0,7,2090,40,2137,40,2097,0.0,0.0,0.9966618979494516,0.9812206572769953,0.0033381020505484026,1.0,0.9780065512400562,0.4983309489747258,,,-0.007917535124747676,0.4983309489747258,0.012583520546041898
4,logistic_regression,CWE-327,26,45,2048,18,2137,44,2093,0.36619718309859156,0.5909090909090909,0.9784997611084567,0.9912875121006777,0.02150023889154324,0.4090909090909091,0.9705194197473093,0.7847044260087739,0.45217391304347826,0.5263157894736842,0.4511706438890487,0.7858880250184598,0.21515088430982807
4,logistic_regression,CWE-328,7,29,2057,44,2137,51,2086,0.19444444444444445,0.13725490196078433,0.986097794822627,0.9790575916230366,0.013902205177372963,0.8627450980392157,0.9658399625643426,0.5616763483917057,0.16091954022988506,0.14583333333333334,0.1462940328459657,0.5616763483917057,0.040039872889108305
4,logistic_regression,CWE-330,19,34,2037,47,2137,66,2071,0.3584905660377358,0.2878787878787879,0.9835828102366007,0.977447216890595,0.016417189763399325,0.7121212121212122,0.9620963968179691,0.6357307990576943,0.31932773109243695,0.29968454258675076,0.30198378668575104,0.6357307990576943,0.1370506433702296
4,logistic_regression,CWE-347,1,0,2105,31,2137,32,2105,1.0,0.03125,1.0,0.9854868913857678,0.0,0.96875,0.985493682732803,0.515625,0.06060606060606061,0.03875968992248062,0.17548921720665703,0.515625,0.04278324932858281
4,logistic_regression,CWE-352,39,2098,0,0,2137,39,2098,0.018249883013570427,1.0,0.0,,1.0,0.0,0.018249883013570427,0.5,0.03584558823529412,0.08504143044047101,,0.5,0.01863668260289893
4,logistic_regression,CWE-359,3,26,2000,108,2137,111,2026,0.10344827586206896,0.02702702702702703,0.9871668311944719,0.9487666034155597,0.012833168805528134,0.972972972972973,0.9372952737482452,0.5070969291107494,0.042857142857142864,0.031712473572938694,0.02722371380835728,0.5070969291107494,0.04003558020087017
4,logistic_regression,CWE-377,8,180,1941,8,2137,16,2121,0.0425531914893617,0.5,0.9151343705799151,0.995895330938943,0.08486562942008487,0.5,0.9120262049602246,0.7075671852899575,0.0784313725490196,0.15873015873015872,0.12633805110892776,0.7164515558698727,0.13253138583068655
4,logistic_regression,CWE-400,9,85,1980,63,2137,72,2065,0.09574468085106383,0.125,0.9588377723970944,0.9691629955947136,0.04116222760290557,0.875,0.9307440336920917,0.5419188861985472,0.10843373493975904,0.11780104712041885,0.0737679808906638,0.542594834543987,0.05834317494792524
4,logistic_regression,CWE-477,5,1915,217,0,2137,5,2132,0.0026041666666666665,1.0,0.10178236397748593,1.0,0.898217636022514,0.0,0.10388394946186243,0.550891181988743,0.005194805194805194,0.012886597938144327,0.016280609310609442,0.550891181988743,0.0017065925222512924
4,logistic_regression,CWE-497,141,1985,10,1,2137,142,1995,0.06632173095014111,0.9929577464788732,0.005012531328320802,0.9090909090909091,0.9949874686716792,0.007042253521126761,0.07065980346279832,0.498985138903597,0.12433862433862433,0.26169265033407574,-0.007064383212368155,0.498985138903597,0.04368078979698233
4,logistic_regression,CWE-502,14,11,2084,28,2137,42,2095,0.56,0.3333333333333333,0.9947494033412888,0.9867424242424242,0.005250596658711217,0.6666666666666666,0.9817501169864296,0.6640413683373111,0.41791044776119407,0.36269430051813467,0.42352892557837396,0.6647346289351063,0.2974078064229665
4,logistic_regression,CWE-521,65,2070,1,1,2137,66,2071,0.03044496487119438,0.9848484848484849,0.0004828585224529213,0.5,0.9995171414775471,0.015151515151515152,0.03088441740758072,0.4926656716854689,0.05906406179009541,0.1354731137974156,-0.08299241880287442,0.4926656716854689,0.02439898733424243
4,logistic_regression,CWE-522,0,0,2044,93,2137,93,2044,,0.0,1.0,0.956481048198409,0.0,1.0,0.956481048198409,0.5,,,,0.5,0.030811815227386862
4,logistic_regression,CWE-532,5,14,1994,124,2137,129,2008,0.2631578947368421,0.03875968992248062,0.9930278884462151,0.9414542020774316,0.0069721115537848604,0.9612403100775194,0.9354234908750585,0.5158937891843479,0.06756756756756757,0.04672897196261682,0.08064814357855293,0.5168511998517558,0.053639568074236615
4,logistic_regression,CWE-601,9,13,2076,39,2137,48,2089,0.4090909090909091,0.1875,0.9937769267592149,0.9815602836879432,0.006223073240785065,0.8125,0.9756668226485727,0.5906384633796075,0.2571428571428571,0.2102803738317757,0.266112847607499,0.5908578666028402,0.16761093422962936
4,logistic_regression,CWE-605,4,26,2099,8,2137,12,2125,0.13333333333333333,0.3333333333333333,0.987764705882353,0.996203132415757,0.01223529411764706,0.6666666666666666,0.984089845577913,0.6605490196078432,0.19047619047619044,0.2564102564102564,0.20394583878805375,0.6605490196078432,0.07272454871467766
4,logistic_regression,CWE-611,10,40,2078,9,2137,19,2118,0.2,0.5263157894736842,0.9811142587346553,0.9956875898418783,0.018885741265344664,0.47368421052631576,0.9770706598034627,0.7537150241041697,0.28985507246376807,0.39682539682539675,0.31511547589294636,0.7529943839769395,0.07677346428177223
4,logistic_regression,CWE-614,6,26,2034,71,2137,77,2060,0.1875,0.07792207792207792,0.987378640776699,0.966270783847981,0.01262135922330097,0.922077922077922,0.9546092653252223,0.5326503593493884,0.11009174311926605,0.08823529411764705,0.10020650028889065,0.5326944899760434,0.05343728164131475
4,logistic_regression,CWE-643,3,7,2081,46,2137,49,2088,0.3,0.061224489795918366,0.9966475095785441,0.9783732957216738,0.003352490421455939,0.9387755102040817,0.9751988769302761,0.5289359996872313,0.10169491525423728,0.07281553398058252,0.1269252504266655,0.5289359996872313,0.035866584211674955
4,logistic_regression,CWE-668,352,1785,0,0,2137,352,1785,0.1647168928404305,1.0,0.0,,1.0,0.0,0.1647168928404305,0.5,0.28284451586982723,0.49647390691114246,,0.4997198879551821,0.10398867438132316
4,logistic_regression,CWE-706,102,2029,6,0,2137,102,2035,0.04786485218207415,1.0,0.0029484029484029483,1.0,0.9970515970515971,0.0,0.05053813757604118,0.5014742014742015,0.09135691894312585,0.2008664828672706,0.01187959895360524,0.5014742014742015,0.05257641727287075
4,logistic_regression,CWE-73,120,1985,32,0,2137,120,2017,0.057007125890736345,1.0,0.015865146256817054,1.0,0.984134853743183,0.0,0.07112774918109499,0.5079325731284086,0.10786516853932585,0.23210831721470018,0.030073682679999703,0.5079325731284086,0.04250535420757921
4,logistic_regression,CWE-732,7,2,2075,53,2137,60,2077,0.7777777777777778,0.11666666666666667,0.999037072701011,0.9750939849624061,0.0009629272989889263,0.8833333333333333,0.9742629854936827,0.5578518696838388,0.2028985507246377,0.14056224899598393,0.2951441651352341,0.5578799550633927,0.14491125018684625
4,logistic_regression,CWE-74,9,2,1793,333,2137,342,1795,0.8181818181818182,0.02631578947368421,0.9988857938718663,0.8433678269049859,0.0011142061281337048,0.9736842105263158,0.843238184370613,0.5126007916727753,0.0509915014164306,0.032632342277012324,0.1291204806290406,0.5126007916727753,0.20023132061021073
4,logistic_regression,CWE-770,0,0,2084,53,2137,53,2084,,0.0,1.0,0.9751988769302761,0.0,1.0,0.9751988769302761,0.5,,,,0.5,0.027923456755261856
4,logistic_regression,CWE-776,34,2099,2,2,2137,36,2101,0.015939990623534926,0.9444444444444444,0.0009519276534983341,0.5,0.9990480723465016,0.05555555555555555,0.016846045858680395,0.4726981860489714,0.03135085292761641,0.07465963987703118,-0.1625774665636626,0.4726981860489714,0.020967857456217237
4,logistic_regression,CWE-78,39,187,1841,70,2137,109,2028,0.17256637168141592,0.3577981651376147,0.9077909270216963,0.9633699633699634,0.09220907297830375,0.6422018348623854,0.8797379503977538,0.6327945460796555,0.23283582089552238,0.2945619335347432,0.1900084414381628,0.6380240848307186,0.22594055802631605
4,logistic_regression,CWE-79,24,56,1960,97,2137,121,2016,0.3,0.19834710743801653,0.9722222222222222,0.9528439474963539,0.027777777777777776,0.8016528925619835,0.9284043051006083,0.5852846648301193,0.23880597014925373,0.2127659574468085,0.20767142950608705,0.586211137347501,0.14733051126931687
4,logistic_regression,CWE-798,2,17,2007,111,2137,113,2024,0.10526315789473684,0.017699115044247787,0.991600790513834,0.9475920679886686,0.008399209486166008,0.9823008849557522,0.9401029480580253,0.5046499527790409,0.0303030303030303,0.02123142250530785,0.022170895538221946,0.5053779425653223,0.03838036356697734
4,logistic_regression,CWE-80,0,2,2017,118,2137,118,2019,0.0,0.0,0.9990094105993066,0.9447306791569087,0.0009905894006934125,1.0,0.9438465138043987,0.4995047052996533,,,-0.00739927046476136,0.4995047052996533,0.05880174295751613
4,logistic_regression,CWE-827,0,0,2118,19,2137,19,2118,,0.0,1.0,0.9911090313523632,0.0,1.0,0.9911090313523632,0.5,,,,0.5007082152974505,0.005714463601176498
4,logistic_regression,CWE-829,20,2103,14,0,2137,20,2117,0.009420631182289214,1.0,0.006613131790269249,1.0,0.9933868682097308,0.0,0.015910154422087038,0.5033065658951347,0.018665422305179653,0.04539264639128461,0.007893027021111646,0.5033065658951347,0.005903681945393252
4,logistic_regression,CWE-88,65,2072,0,0,2137,65,2072,0.030416471689284044,1.0,0.0,,1.0,0.0,0.030416471689284044,0.5,0.05903723887375113,0.13558614935335836,,0.5,0.030072554769634396
4,logistic_regression,CWE-89,62,38,1989,48,2137,110,2027,0.62,0.5636363636363636,0.981253083374445,0.9764359351988218,0.018746916625555006,0.43636363636363634,0.9597566682264858,0.7724447235054043,0.5904761904761904,0.5740740740740741,0.5700803863560476,0.7753016100820738,0.5210957933146745
4,logistic_regression,CWE-90,1,1,2098,37,2137,38,2099,0.5,0.02631578947368421,0.9995235826584088,0.9826697892271663,0.0004764173415912339,0.9736842105263158,0.9822180627047262,0.5129196860660465,0.05,0.03246753246753247,0.1116775908620867,0.5129196860660465,0.029479117886503547
4,logistic_regression,CWE-916,7,29,2057,44,2137,51,2086,0.19444444444444445,0.13725490196078433,0.986097794822627,0.9790575916230366,0.013902205177372963,0.8627450980392157,0.9658399625643426,0.5616763483917057,0.16091954022988506,0.14583333333333334,0.1462940328459657,0.5616763483917057,0.040039872889108305
4,logistic_regression,CWE-918,2,6,2109,20,2137,22,2115,0.25,0.09090909090909091,0.9971631205673759,0.9906059182714889,0.0028368794326241137,0.9090909090909091,0.9878334113242864,0.5440361057382334,0.13333333333333333,0.10416666666666669,0.14557024186452416,0.543993122716527,0.038682759167171406
4,logistic_regression,CWE-93,0,0,2099,38,2137,38,2099,,0.0,1.0,0.9822180627047262,0.0,1.0,0.9822180627047262,0.5,,,,0.5004764173415912,0.016407301659056833
4,logistic_regression,CWE-939,115,2018,4,0,2137,115,2022,0.053914674167838725,1.0,0.0019782393669634025,1.0,0.9980217606330366,0.0,0.05568554047730463,0.5009891196834817,0.10231316725978648,0.22175086772078673,0.010327445516478089,0.5009891196834817,0.033165701752254105
4,logistic_regression,CWE-94,17,74,1980,66,2137,83,2054,0.18681318681318682,0.20481927710843373,0.9639727361246349,0.967741935483871,0.03602726387536514,0.7951807228915663,0.9344875994384652,0.5843960066165343,0.19540229885057472,0.20094562647754138,0.16151678008183393,0.5842640278739104,0.08232170182217091
4,logistic_regression,CWE-942,77,2060,0,0,2137,77,2060,0.03603182030884417,1.0,0.0,,1.0,0.0,0.03603182030884417,0.5,0.06955736224028906,0.1574642126789366,,0.5,0.025862996939316294
4,logistic_regression,CWE-95,17,38,2023,59,2137,76,2061,0.3090909090909091,0.2236842105263158,0.9815623483745755,0.9716618635926993,0.018437651625424552,0.7763157894736842,0.9546092653252223,0.6026232794504456,0.2595419847328244,0.23676880222841226,0.24004903768854138,0.6031978600066396,0.15697752737826107
4,logistic_regression,CWE-96,2,17,2045,73,2137,75,2062,0.10526315789473684,0.02666666666666667,0.9917555771096024,0.965533522190746,0.008244422890397672,0.9733333333333334,0.957884885353299,0.5092111218881346,0.04255319148936171,0.031347962382445145,0.03611417587437505,0.5092111218881344,0.03764811728680581
4,logistic_regression,CWE-99,0,32,2065,40,2137,40,2097,0.0,0.0,0.9847401049117788,0.9809976247030879,0.015259895088221268,1.0,0.9663079082826392,0.4923700524558894,,,-0.01702863040464166,0.4923700524558894,0.014740696739776354
4,naive_bayes,CWE-113,0,0,2027,110,2137,110,2027,,0.0,1.0,0.9485259709873655,0.0,1.0,0.9485259709873655,0.5,,,,0.5,0.041760965344921956
4,naive_bayes,CWE-116,0,0,2116,21,2137,21,2116,,0.0,1.0,0.9901731399157697,0.0,1.0,0.9901731399157697,0.5,,,,0.5149765955531551,0.010619848214379482
4,naive_bayes,CWE-117,0,0,2041,96,2137,96,2041,,0.0,1.0,0.955077211043519,0.0,1.0,0.955077211043519,0.5,,,,0.49951004409603134,0.03357964162320022
4,naive_bayes,CWE-1333,0,0,2099,38,2137,38,2099,,0.0,1.0,0.9822180627047262,0.0,1.0,0.9822180627047262,0.5,,,,0.5122050600536596,0.0398320955002125
4,naive_bayes,CWE-185,0,0,2127,10,2137,10,2127,,0.0,1.0,0.9953205428170332,0.0,1.0,0.9953205428170332,0.5,,,,0.5,0.004736649137064305
4,naive_bayes,CWE-20,0,0,1966,171,2137,171,1966,,0.0,1.0,0.9199812821712682,0.0,1.0,0.9199812821712682,0.5,,,,0.533755123651788,0.06938188312208383
4,naive_bayes,CWE-200,5,12,1906,214,2137,219,1918,0.29411764705882354,0.0228310502283105,0.9937434827945777,0.8990566037735849,0.006256517205422315,0.9771689497716894,0.8942442676649509,0.5082872665114441,0.0423728813559322,0.02799552071668533,0.05658421157525692,0.5065041114936125,0.07578308245398527
4,naive_bayes,CWE-208,0,0,2018,119,2137,119,2018,,0.0,1.0,0.9443144595226953,0.0,1.0,0.9443144595226953,0.5,,,,0.5192323708472487,0.04741748174726266
4,naive_bayes,CWE-209,0,0,2008,129,2137,129,2008,,0.0,1.0,0.9396350023397286,0.0,1.0,0.9396350023397286,0.5,,,,0.5178858210568579,0.06421117454932274
4,naive_bayes,CWE-215,0,0,2027,110,2137,110,2027,,0.0,1.0,0.9485259709873655,0.0,1.0,0.9485259709873655,0.5,,,,0.49393864645468,0.03571364393863543
4,naive_bayes,CWE-22,2,2,2054,79,2137,81,2056,0.5,0.024691358024691357,0.9990272373540856,0.9629629629629629,0.0009727626459143969,0.9753086419753086,0.9620963968179691,0.5118592976893885,0.047058823529411764,0.030487804878048776,0.10478946127296496,0.5418918432050728,0.09037483794013373
4,naive_bayes,CWE-23,0,0,2056,81,2137,81,2056,,0.0,1.0,0.9620963968179691,0.0,1.0,0.9620963968179691,0.5,,,,0.5371301100062449,0.08737240581200023
4,naive_bayes,CWE-259,0,0,2029,108,2137,108,2029,,0.0,1.0,0.9494618624239588,0.0,1.0,0.9494618624239588,0.5,,,,0.5649357464906997,0.06878993688128052
4,naive_bayes,CWE-276,4,4,2078,51,2137,55,2082,0.5,0.07272727272727272,0.9980787704130644,0.9760450915922968,0.0019212295869356388,0.9272727272727272,0.9742629854936827,0.5354030215701685,0.12698412698412698,0.08771929824561403,0.18359430626255788,0.5354030215701685,0.05717199161091128
4,naive_bayes,CWE-284,0,0,1722,415,2137,415,1722,,0.0,1.0,0.8058025269068788,0.0,1.0,0.8058025269068788,0.5,,,,0.5,0.12441539844544516
4,naive_bayes,CWE-287,0,0,1915,222,2137,222,1915,,0.0,1.0,0.8961160505381376,0.0,1.0,0.8961160505381376,0.5,,,,0.5031990214757839,0.07128106646323507
4,naive_bayes,CWE-295,0,2,2074,61,2137,61,2076,0.0,0.0,0.9990366088631984,0.9714285714285714,0.0009633911368015414,1.0,0.9705194197473093,0.4995183044315992,,,-0.005246471295210964,0.4995183044315992,0.02804904928748181
4,naive_bayes,CWE-312,0,0,2097,40,2137,40,2097,,0.0,1.0,0.9812821712681329,0.0,1.0,0.9812821712681329,0.5,,,,0.5069146399618503,0.011288307221423873
4,naive_bayes,CWE-315,0,0,2106,31,2137,31,2106,,0.0,1.0,0.985493682732803,0.0,1.0,0.985493682732803,0.5,,,,0.4976258309591643,0.008609132246868696
4,naive_bayes,CWE-319,0,0,2060,77,2137,77,2060,,0.0,1.0,0.9639681796911558,0.0,1.0,0.9639681796911558,0.5,,,,0.534973521624007,0.03541807816307468
4,naive_bayes,CWE-321,0,0,2024,113,2137,113,2024,,0.0,1.0,0.9471221338324755,0.0,1.0,0.9471221338324755,0.5,,,,0.5046499527790409,0.03832395441178247
4,naive_bayes,CWE-326,0,0,2097,40,2137,40,2097,,0.0,1.0,0.9812821712681329,0.0,1.0,0.9812821712681329,0.5,,,,0.4983309489747258,0.012583520546041898
4,naive_bayes,CWE-327,20,24,2069,24,2137,44,2093,0.45454545454545453,0.45454545454545453,0.9885332059245103,0.9885332059245103,0.011466794075489728,0.5454545454545454,0.9775386055217595,0.7215393302349824,0.45454545454545453,0.45454545454545453,0.4430786604699648,0.7855405464101116,0.2223491558949627
4,naive_bayes,CWE-328,0,0,2086,51,2137,51,2086,,0.0,1.0,0.9761347683668694,0.0,1.0,0.9761347683668694,0.5,,,,0.5616763483917057,0.040039872889108305
4,naive_bayes,CWE-330,0,0,2071,66,2137,66,2071,,0.0,1.0,0.9691155825924193,0.0,1.0,0.9691155825924193,0.5,,,,0.6357307990576943,0.1370506433702296
4,naive_bayes,CWE-347,0,0,2105,32,2137,32,2105,,0.0,1.0,0.9850257370145064,0.0,1.0,0.9850257370145064,0.5,,,,0.515625,0.04278324932858281
4,naive_bayes,CWE-352,0,0,2098,39,2137,39,2098,,0.0,1.0,0.9817501169864296,0.0,1.0,0.9817501169864296,0.5,,,,0.5,0.01863668260289893
4,naive_bayes,CWE-359,0,0,2026,111,2137,111,2026,,0.0,1.0,0.9480580252690688,0.0,1.0,0.9480580252690688,0.5,,,,0.5070969291107494,0.04003558020087017
4,naive_bayes,CWE-377,2,2,2119,14,2137,16,2121,0.5,0.125,0.9990570485619991,0.9934364744491326,0.000942951438000943,0.875,0.9925128685072532,0.5620285242809995,0.2,0.14705882352941177,0.24741518278593505,0.7211073785950024,0.17550192790271188
4,naive_bayes,CWE-400,0,0,2065,72,2137,72,2065,,0.0,1.0,0.9663079082826392,0.0,1.0,0.9663079082826392,0.5,,,,0.542594834543987,0.05834317494792524
4,naive_bayes,CWE-477,0,0,2132,5,2137,5,2132,,0.0,1.0,0.9976602714085167,0.0,1.0,0.9976602714085167,0.5,,,,0.550891181988743,0.0017065925222512924
4,naive_bayes,CWE-497,0,0,1995,142,2137,142,1995,,0.0,1.0,0.9335517080018718,0.0,1.0,0.9335517080018718,0.5,,,,0.498985138903597,0.04368078979698233
4,naive_bayes,CWE-502,14,5,2090,28,2137,42,2095,0.7368421052631579,0.3333333333333333,0.9976133651551312,0.9867799811142587,0.002386634844868735,0.6666666666666666,0.9845577912962097,0.6654733492442323,0.4590163934426229,0.374331550802139,0.4893672858293049,0.6647346289351063,0.2974078064229665
4,naive_bayes,CWE-521,0,0,2071,66,2137,66,2071,,0.0,1.0,0.9691155825924193,0.0,1.0,0.9691155825924193,0.5,,,,0.5,0.02470625126450117
4,naive_bayes,CWE-522,0,0,2044,93,2137,93,2044,,0.0,1.0,0.956481048198409,0.0,1.0,0.956481048198409,0.5,,,,0.5,0.030811815227386862
4,naive_bayes,CWE-532,0,0,2008,129,2137,129,2008,,0.0,1.0,0.9396350023397286,0.0,1.0,0.9396350023397286,0.5,,,,0.5168511998517558,0.053639568074236615
4,naive_bayes,CWE-601,4,2,2087,44,2137,48,2089,0.6666666666666666,0.08333333333333333,0.9990426041168023,0.9793524167057719,0.0009573958831977022,0.9166666666666666,0.9784744969583529,0.5411879687250678,0.14814814814814814,0.101010101010101,0.23068686049162393,0.5907581378650072,0.15830360382854894
4,naive_bayes,CWE-605,0,0,2125,12,2137,12,2125,,0.0,1.0,0.9943846513804399,0.0,1.0,0.9943846513804399,0.5,,,,0.6605490196078432,0.07272454871467766
4,naive_bayes,CWE-611,0,2,2116,19,2137,19,2118,0.0,0.0,0.9990557129367328,0.9911007025761124,0.0009442870632672333,1.0,0.9901731399157697,0.4995278564683664,,,-0.0028988776154823207,0.7539386710402067,0.09504118040989878
4,naive_bayes,CWE-614,1,2,2058,76,2137,77,2060,0.3333333333333333,0.012987012987012988,0.9990291262135922,0.9643861293345829,0.000970873786407767,0.987012987012987,0.9635002339728591,0.5060080696003025,0.025,0.016077170418006433,0.059811692052198884,0.5326944899760434,0.05343728164131475
4,naive_bayes,CWE-643,0,0,2088,49,2137,49,2088,,0.0,1.0,0.9770706598034627,0.0,1.0,0.9770706598034627,0.5,,,,0.5289359996872313,0.035866584211674955
4,naive_bayes,CWE-668,0,0,1785,352,2137,352,1785,,0.0,1.0,0.8352831071595694,0.0,1.0,0.8352831071595694,0.5,,,,0.5,0.10406831511250175
4,naive_bayes,CWE-706,0,0,2035,102,2137,102,2035,,0.0,1.0,0.9522695367337389,0.0,1.0,0.9522695367337389,0.5,,,,0.5014742014742015,0.05257641727287075
4,naive_bayes,CWE-73,0,0,2017,120,2137,120,2017,,0.0,1.0,0.9438465138043987,0.0,1.0,0.9438465138043987,0.5,,,,0.5079325731284086,0.04250535420757921
4,naive_bayes,CWE-732,7,2,2075,53,2137,60,2077,0.7777777777777778,0.11666666666666667,0.999037072701011,0.9750939849624061,0.0009629272989889263,0.8833333333333333,0.9742629854936827,0.5578518696838388,0.2028985507246377,0.14056224899598393,0.2951441651352341,0.5578799550633927,0.14491125018684625
4,naive_bayes,CWE-74,9,2,1793,333,2137,342,1795,0.8181818181818182,0.02631578947368421,0.9988857938718663,0.8433678269049859,0.0011142061281337048,0.9736842105263158,0.843238184370613,0.5126007916727753,0.0509915014164306,0.032632342277012324,0.1291204806290406,0.5126007916727753,0.20023132061021073
4,naive_bayes,CWE-770,0,0,2084,53,2137,53,2084,,0.0,1.0,0.9751988769302761,0.0,1.0,0.9751988769302761,0.5,,,,0.5,0.027923456755261856
4,naive_bayes,CWE-776,0,0,2101,36,2137,36,2101,,0.0,1.0,0.9831539541413196,0.0,1.0,0.9831539541413196,0.5,,,,0.4726981860489714,0.020967857456217237
4,naive_bayes,CWE-78,13,9,2019,96,2137,109,2028,0.5909090909090909,0.11926605504587157,0.9955621301775148,0.9546099290780142,0.004437869822485207,0.8807339449541285,0.9508656995788488,0.5574140926116932,0.1984732824427481,0.14192139737991266,0.2502817593632415,0.6378114651756148,0.21359813092859914
4,naive_bayes,CWE-79,16,20,1996,105,2137,121,2016,0.4444444444444444,0.1322314049586777,0.9900793650793651,0.9500237981913374,0.00992063492063492,0.8677685950413223,0.9415067852129153,0.5611553850190214,0.20382165605095542,0.15384615384615388,0.21965362394537444,0.586211137347501,0.14733051126931687
4,naive_bayes,CWE-798,0,0,2024,113,2137,113,2024,,0.0,1.0,0.9471221338324755,0.0,1.0,0.9471221338324755,0.5,,,,0.5053779425653223,0.03838036356697734
4,naive_bayes,CWE-80,0,0,2019,118,2137,118,2019,,0.0,1.0,0.944782405240992,0.0,1.0,0.944782405240992,0.5,,,,0.4995047052996533,0.05880174295751613
4,naive_bayes,CWE-827,0,0,2118,19,2137,19,2118,,0.0,1.0,0.9911090313523632,0.0,1.0,0.9911090313523632,0.5,,,,0.5,0.00570715097633732
4,naive_bayes,CWE-829,0,0,2117,20,2137,20,2117,,0.0,1.0,0.9906410856340665,0.0,1.0,0.9906410856340665,0.5,,,,0.5033065658951347,0.005903681945393252
4,naive_bayes,CWE-88,0,0,2072,65,2137,65,2072,,0.0,1.0,0.9695835283107159,0.0,1.0,0.9695835283107159,0.5,,,,0.49782818532818535,0.02942613836233652
4,naive_bayes,CWE-89,42,32,1995,68,2137,110,2027,0.5675675675675675,0.38181818181818183,0.9842131228416379,0.9670382937469705,0.015786877158362113,0.6181818181818182,0.9532054281703323,0.6830156523299098,0.4565217391304348,0.4085603112840467,0.44236012579768874,0.7698210521594834,0.3241845841864947
4,naive_bayes,CWE-90,0,0,2099,38,2137,38,2099,,0.0,1.0,0.9822180627047262,0.0,1.0,0.9822180627047262,0.5,,,,0.5129196860660465,0.029479117886503547
4,naive_bayes,CWE-916,0,0,2086,51,2137,51,2086,,0.0,1.0,0.9761347683668694,0.0,1.0,0.9761347683668694,0.5,,,,0.5616763483917057,0.040039872889108305
4,naive_bayes,CWE-918,0,0,2115,22,2137,22,2115,,0.0,1.0,0.989705194197473,0.0,1.0,0.989705194197473,0.5,,,,0.5440790887599398,0.05231912280353504
4,naive_bayes,CWE-93,0,0,2099,38,2137,38,2099,,0.0,1.0,0.9822180627047262,0.0,1.0,0.9822180627047262,0.5,,,,0.5,0.016403092536241327
4,naive_bayes,CWE-939,0,0,2022,115,2137,115,2022,,0.0,1.0,0.9461862423958821,0.0,1.0,0.9461862423958821,0.5,,,,0.5009891196834817,0.033165701752254105
4,naive_bayes,CWE-94,2,2,2052,81,2137,83,2054,0.5,0.024096385542168676,0.9990262901655307,0.9620253164556962,0.0009737098344693282,0.9759036144578314,0.9611605053813758,0.5115613378538497,0.04597701149425288,0.029761904761904764,0.10335986436307001,0.5854313065308947,0.1053852827730761
4,naive_bayes,CWE-942,0,0,2060,77,2137,77,2060,,0.0,1.0,0.9639681796911558,0.0,1.0,0.9639681796911558,0.5,,,,0.5,0.025862996939316294
4,naive_bayes,CWE-95,8,8,2053,68,2137,76,2061,0.5,0.10526315789473684,0.9961183891314895,0.967939651107968,0.0038816108685104317,0.8947368421052632,0.9644361254094524,0.5506907735131132,0.17391304347826086,0.125,0.21780827749247372,0.6031978600066396,0.15697752737826107
4,naive_bayes,CWE-96,0,0,2062,75,2137,75,2062,,0.0,1.0,0.9649040711277492,0.0,1.0,0.9649040711277492,0.5,,,,0.5092111218881344,0.03764811728680581
4,naive_bayes,CWE-99,0,0,2097,40,2137,40,2097,,0.0,1.0,0.9812821712681329,0.0,1.0,0.9812821712681329,0.5,,,,0.4923700524558894,0.014740696739776354
4,traditional_2_of_5,CWE-113,0,0,2027,110,2137,110,2027,,0.0,1.0,0.9485259709873655,0.0,1.0,0.9485259709873655,0.5,,,,0.509090909090909,0.06209554363963852
4,traditional_2_of_5,CWE-116,0,0,2116,21,2137,21,2116,,0.0,1.0,0.9901731399157697,0.0,1.0,0.9901731399157697,0.5,,,,0.5112858943199208,0.009550392819289825
4,traditional_2_of_5,CWE-117,0,0,2041,96,2137,96,2041,,0.0,1.0,0.955077211043519,0.0,1.0,0.955077211043519,0.5,,,,0.49951004409603134,0.03357964162320022
4,traditional_2_of_5,CWE-1333,0,0,2099,38,2137,38,2099,,0.0,1.0,0.9822180627047262,0.0,1.0,0.9822180627047262,0.5,,,,0.5122050600536596,0.0398320955002125
4,traditional_2_of_5,CWE-185,0,0,2127,10,2137,10,2127,,0.0,1.0,0.9953205428170332,0.0,1.0,0.9953205428170332,0.5,,,,0.5,0.004736649137064305
4,traditional_2_of_5,CWE-20,1,28,1938,170,2137,171,1966,0.034482758620689655,0.005847953216374269,0.9857578840284842,0.9193548387096774,0.014242115971515769,0.9941520467836257,0.9073467477772579,0.4958029186224292,0.01,0.0070126227208976155,-0.01968488560234164,0.47663793257303994,0.05861289404547804
4,traditional_2_of_5,CWE-200,5,12,1906,214,2137,219,1918,0.29411764705882354,0.0228310502283105,0.9937434827945777,0.8990566037735849,0.006256517205422315,0.9771689497716894,0.8942442676649509,0.5082872665114441,0.0423728813559322,0.02799552071668533,0.05658421157525692,0.5065041114936125,0.07578308245398527
4,traditional_2_of_5,CWE-208,0,0,2018,119,2137,119,2018,,0.0,1.0,0.9443144595226953,0.0,1.0,0.9443144595226953,0.5,,,,0.5192323708472487,0.04741748174726266
4,traditional_2_of_5,CWE-209,0,0,2008,129,2137,129,2008,,0.0,1.0,0.9396350023397286,0.0,1.0,0.9396350023397286,0.5,,,,0.5178858210568579,0.06421117454932274
4,traditional_2_of_5,CWE-215,0,0,2027,110,2137,110,2027,,0.0,1.0,0.9485259709873655,0.0,1.0,0.9485259709873655,0.5,,,,0.49393864645468,0.03571364393863543
4,traditional_2_of_5,CWE-22,2,2,2054,79,2137,81,2056,0.5,0.024691358024691357,0.9990272373540856,0.9629629629629629,0.0009727626459143969,0.9753086419753086,0.9620963968179691,0.5118592976893885,0.047058823529411764,0.030487804878048776,0.10478946127296496,0.5419819138204353,0.09808516273520562
4,traditional_2_of_5,CWE-23,0,0,2056,81,2137,81,2056,,0.0,1.0,0.9620963968179691,0.0,1.0,0.9620963968179691,0.5,,,,0.5371301100062449,0.08737240581200023
4,traditional_2_of_5,CWE-259,1,12,2017,107,2137,108,2029,0.07692307692307693,0.009259259259259259,0.9940857565303105,0.949623352165725,0.005914243469689502,0.9907407407407407,0.9443144595226953,0.5016725078947849,0.01652892561983471,0.011235955056179775,0.009423280981629301,0.5649448734096344,0.06764361430327072
4,traditional_2_of_5,CWE-276,0,0,2082,55,2137,55,2082,,0.0,1.0,0.9742629854936827,0.0,1.0,0.9742629854936827,0.5,,,,0.5354030215701685,0.05717199161091128
4,traditional_2_of_5,CWE-284,0,0,1722,415,2137,415,1722,,0.0,1.0,0.8058025269068788,0.0,1.0,0.8058025269068788,0.5,,,,0.5,0.12441539844544516
4,traditional_2_of_5,CWE-287,0,0,1915,222,2137,222,1915,,0.0,1.0,0.8961160505381376,0.0,1.0,0.8961160505381376,0.5,,,,0.5031990214757839,0.07128106646323507
4,traditional_2_of_5,CWE-295,0,2,2074,61,2137,61,2076,0.0,0.0,0.9990366088631984,0.9714285714285714,0.0009633911368015414,1.0,0.9705194197473093,0.4995183044315992,,,-0.005246471295210964,0.4995183044315992,0.02804904928748181
4,traditional_2_of_5,CWE-312,0,0,2097,40,2137,40,2097,,0.0,1.0,0.9812821712681329,0.0,1.0,0.9812821712681329,0.5,,,,0.49308536003814973,0.011107628811426297
4,traditional_2_of_5,CWE-315,0,0,2106,31,2137,31,2106,,0.0,1.0,0.985493682732803,0.0,1.0,0.985493682732803,0.5,,,,0.4976258309591643,0.008609132246868696
4,traditional_2_of_5,CWE-319,0,2,2058,77,2137,77,2060,0.0,0.0,0.9990291262135922,0.9639344262295082,0.000970873786407767,1.0,0.9630322882545624,0.4995145631067961,,,-0.00591735753233874,0.534973521624007,0.03541807816307468
4,traditional_2_of_5,CWE-321,0,0,2024,113,2137,113,2024,,0.0,1.0,0.9471221338324755,0.0,1.0,0.9471221338324755,0.5,,,,0.5046499527790409,0.03832395441178247
4,traditional_2_of_5,CWE-326,0,0,2097,40,2137,40,2097,,0.0,1.0,0.9812821712681329,0.0,1.0,0.9812821712681329,0.5,,,,0.4983309489747258,0.012583520546041898
4,traditional_2_of_5,CWE-327,20,24,2069,24,2137,44,2093,0.45454545454545453,0.45454545454545453,0.9885332059245103,0.9885332059245103,0.011466794075489728,0.5454545454545454,0.9775386055217595,0.7215393302349824,0.45454545454545453,0.45454545454545453,0.4430786604699648,0.7848564478999261,0.2185537048151667
4,traditional_2_of_5,CWE-328,0,0,2086,51,2137,51,2086,,0.0,1.0,0.9761347683668694,0.0,1.0,0.9761347683668694,0.5,,,,0.5616763483917057,0.040039872889108305
4,traditional_2_of_5,CWE-330,0,0,2071,66,2137,66,2071,,0.0,1.0,0.9691155825924193,0.0,1.0,0.9691155825924193,0.5,,,,0.6357307990576943,0.1370506433702296
4,traditional_2_of_5,CWE-347,0,0,2105,32,2137,32,2105,,0.0,1.0,0.9850257370145064,0.0,1.0,0.9850257370145064,0.5,,,,0.515625,0.04278324932858281
4,traditional_2_of_5,CWE-352,0,0,2098,39,2137,39,2098,,0.0,1.0,0.9817501169864296,0.0,1.0,0.9817501169864296,0.5,,,,0.5,0.01863668260289893
4,traditional_2_of_5,CWE-359,0,0,2026,111,2137,111,2026,,0.0,1.0,0.9480580252690688,0.0,1.0,0.9480580252690688,0.5,,,,0.5070969291107494,0.04003558020087017
4,traditional_2_of_5,CWE-377,5,18,2103,11,2137,16,2121,0.21739130434782608,0.3125,0.9915134370579916,0.9947965941343425,0.008486562942008486,0.6875,0.9864295741693964,0.6520067185289957,0.2564102564102564,0.2873563218390805,0.25398419698807295,0.7191625412541254,0.17416828294560915
4,traditional_2_of_5,CWE-400,0,0,2065,72,2137,72,2065,,0.0,1.0,0.9663079082826392,0.0,1.0,0.9663079082826392,0.5,,,,0.5419188861985472,0.04966880830886287
4,traditional_2_of_5,CWE-477,0,0,2132,5,2137,5,2132,,0.0,1.0,0.9976602714085167,0.0,1.0,0.9976602714085167,0.5,,,,0.449108818011257,0.0015182705193798134
4,traditional_2_of_5,CWE-497,0,0,1995,142,2137,142,1995,,0.0,1.0,0.9335517080018718,0.0,1.0,0.9335517080018718,0.5,,,,0.501014861096403,0.0445208962402507
4,traditional_2_of_5,CWE-502,14,5,2090,28,2137,42,2095,0.7368421052631579,0.3333333333333333,0.9976133651551312,0.9867799811142587,0.002386634844868735,0.6666666666666666,0.9845577912962097,0.6654733492442323,0.4590163934426229,0.374331550802139,0.4893672858293049,0.664552790089783,0.24638282961017455
4,traditional_2_of_5,CWE-521,0,0,2071,66,2137,66,2071,,0.0,1.0,0.9691155825924193,0.0,1.0,0.9691155825924193,0.5,,,,0.5073343283145311,0.040528754509326546
4,traditional_2_of_5,CWE-522,0,0,2044,93,2137,93,2044,,0.0,1.0,0.956481048198409,0.0,1.0,0.956481048198409,0.5,,,,0.5,0.030811815227386862
4,traditional_2_of_5,CWE-532,0,0,2008,129,2137,129,2008,,0.0,1.0,0.9396350023397286,0.0,1.0,0.9396350023397286,0.5,,,,0.5148977732480929,0.050723534214706795
4,traditional_2_of_5,CWE-601,4,2,2087,44,2137,48,2089,0.6666666666666666,0.08333333333333333,0.9990426041168023,0.9793524167057719,0.0009573958831977022,0.9166666666666666,0.9784744969583529,0.5411879687250678,0.14814814814814814,0.101010101010101,0.23068686049162393,0.5908080022339237,0.16040798093292605
4,traditional_2_of_5,CWE-605,0,0,2125,12,2137,12,2125,,0.0,1.0,0.9943846513804399,0.0,1.0,0.9943846513804399,0.5,,,,0.6605490196078432,0.07272454871467766
4,traditional_2_of_5,CWE-611,0,2,2116,19,2137,19,2118,0.0,0.0,0.9990557129367328,0.9911007025761124,0.0009442870632672333,1.0,0.9901731399157697,0.4995278564683664,,,-0.0028988776154823207,0.7534665275085731,0.07712185298402432
4,traditional_2_of_5,CWE-614,1,2,2058,76,2137,77,2060,0.3333333333333333,0.012987012987012988,0.9990291262135922,0.9643861293345829,0.000970873786407767,0.987012987012987,0.9635002339728591,0.5060080696003025,0.025,0.016077170418006433,0.059811692052198884,0.5326944899760434,0.05343728164131475
4,traditional_2_of_5,CWE-643,0,0,2088,49,2137,49,2088,,0.0,1.0,0.9770706598034627,0.0,1.0,0.9770706598034627,0.5,,,,0.5289359996872313,0.035866584211674955
4,traditional_2_of_5,CWE-668,0,0,1785,352,2137,352,1785,,0.0,1.0,0.8352831071595694,0.0,1.0,0.8352831071595694,0.5,,,,0.4997198879551821,0.10398867438132316
4,traditional_2_of_5,CWE-706,0,0,2035,102,2137,102,2035,,0.0,1.0,0.9522695367337389,0.0,1.0,0.9522695367337389,0.5,,,,0.49852579852579854,0.05071628764632965
4,traditional_2_of_5,CWE-73,0,0,2017,120,2137,120,2017,,0.0,1.0,0.9438465138043987,0.0,1.0,0.9438465138043987,0.5,,,,0.4920674268715915,0.04112937684803827
4,traditional_2_of_5,CWE-732,7,1,2076,53,2137,60,2077,0.875,0.11666666666666667,0.9995185363505056,0.9751056834194457,0.00048146364949446316,0.8833333333333333,0.9747309312119794,0.5580926015085861,0.20588235294117646,0.1411290322580645,0.3142764728931204,0.5578799550633927,0.14491125018684625
4,traditional_2_of_5,CWE-74,0,0,1795,342,2137,342,1795,,0.0,1.0,0.8399625643425362,0.0,1.0,0.8399625643425362,0.5,,,,0.5126007916727753,0.20023132061021073
4,traditional_2_of_5,CWE-770,0,0,2084,53,2137,53,2084,,0.0,1.0,0.9751988769302761,0.0,1.0,0.9751988769302761,0.5,,,,0.5,0.027923456755261856
4,traditional_2_of_5,CWE-776,0,0,2101,36,2137,36,2101,,0.0,1.0,0.9831539541413196,0.0,1.0,0.9831539541413196,0.5,,,,0.5273018139510286,0.04744741115175065
4,traditional_2_of_5,CWE-78,14,18,2010,95,2137,109,2028,0.4375,0.12844036697247707,0.9911242603550295,0.9548693586698337,0.008875739644970414,0.8715596330275229,0.9471221338324755,0.5597823136637533,0.19858156028368795,0.14957264957264957,0.21659523573728823,0.6373884877766317,0.2029539165610995
4,traditional_2_of_5,CWE-79,16,20,1996,105,2137,121,2016,0.4444444444444444,0.1322314049586777,0.9900793650793651,0.9500237981913374,0.00992063492063492,0.8677685950413223,0.9415067852129153,0.5611553850190214,0.20382165605095542,0.15384615384615388,0.21965362394537444,0.5861373475009839,0.145162240404367
4,traditional_2_of_5,CWE-798,0,0,2024,113,2137,113,2024,,0.0,1.0,0.9471221338324755,0.0,1.0,0.9471221338324755,0.5,,,,0.5039088460596733,0.03804141828414506
4,traditional_2_of_5,CWE-80,0,0,2019,118,2137,118,2019,,0.0,1.0,0.944782405240992,0.0,1.0,0.944782405240992,0.5,,,,0.4995047052996533,0.05880174295751613
4,traditional_2_of_5,CWE-827,0,0,2118,19,2137,19,2118,,0.0,1.0,0.9911090313523632,0.0,1.0,0.9911090313523632,0.5,,,,0.4992917847025496,0.005704579619167388
4,traditional_2_of_5,CWE-829,0,0,2117,20,2137,20,2117,,0.0,1.0,0.9906410856340665,0.0,1.0,0.9906410856340665,0.5,,,,0.4966934341048654,0.005857054569433871
4,traditional_2_of_5,CWE-88,0,0,2072,65,2137,65,2072,,0.0,1.0,0.9695835283107159,0.0,1.0,0.9695835283107159,0.5,,,,0.49782818532818535,0.02942613836233652
4,traditional_2_of_5,CWE-89,42,32,1995,68,2137,110,2027,0.5675675675675675,0.38181818181818183,0.9842131228416379,0.9670382937469705,0.015786877158362113,0.6181818181818182,0.9532054281703323,0.6830156523299098,0.4565217391304348,0.4085603112840467,0.44236012579768874,0.7698165672511997,0.32497345424812896
4,traditional_2_of_5,CWE-90,0,0,2099,38,2137,38,2099,,0.0,1.0,0.9822180627047262,0.0,1.0,0.9822180627047262,0.5,,,,0.5129196860660465,0.029479117886503547
4,traditional_2_of_5,CWE-916,0,0,2086,51,2137,51,2086,,0.0,1.0,0.9761347683668694,0.0,1.0,0.9761347683668694,0.5,,,,0.5616763483917057,0.040039872889108305
4,traditional_2_of_5,CWE-918,2,4,2111,20,2137,22,2115,0.3333333333333333,0.09090909090909091,0.9981087470449173,0.99061473486626,0.0018912529550827422,0.9090909090909091,0.9887693027608797,0.544508918977004,0.14285714285714288,0.10638297872340427,0.16981506599976745,0.5440790887599398,0.05231912280353504
4,traditional_2_of_5,CWE-93,0,0,2099,38,2137,38,2099,,0.0,1.0,0.9822180627047262,0.0,1.0,0.9822180627047262,0.5,,,,0.4995235826584088,0.016335023416002816
4,traditional_2_of_5,CWE-939,0,0,2022,115,2137,115,2022,,0.0,1.0,0.9461862423958821,0.0,1.0,0.9461862423958821,0.5,,,,0.4990108803165183,0.032993171617548
4,traditional_2_of_5,CWE-94,2,4,2050,81,2137,83,2054,0.3333333333333333,0.024096385542168676,0.9980525803310614,0.9619896762083529,0.0019474196689386564,0.9759036144578314,0.9602246139447824,0.5110744829366151,0.0449438202247191,0.029585798816568046,0.08087706263161633,0.5846189040485212,0.09304307943473158
4,traditional_2_of_5,CWE-942,0,0,2060,77,2137,77,2060,,0.0,1.0,0.9639681796911558,0.0,1.0,0.9639681796911558,0.5,,,,0.5,0.025862996939316294
4,traditional_2_of_5,CWE-95,8,8,2053,68,2137,76,2061,0.5,0.10526315789473684,0.9961183891314895,0.967939651107968,0.0038816108685104317,0.8947368421052632,0.9644361254094524,0.5506907735131132,0.17391304347826086,0.125,0.21780827749247372,0.6032106284634439,0.1575679457318373
4,traditional_2_of_5,CWE-96,0,0,2062,75,2137,75,2062,,0.0,1.0,0.9649040711277492,0.0,1.0,0.9649040711277492,0.5,,,,0.5092111218881344,0.03764811728680581
4,traditional_2_of_5,CWE-99,0,0,2097,40,2137,40,2097,,0.0,1.0,0.9812821712681329,0.0,1.0,0.9812821712681329,0.5,,,,0.4923700524558894,0.014740696739776354
4,traditional_2_of_supported,CWE-113,0,0,2027,110,2137,110,2027,,0.0,1.0,0.9485259709873655,0.0,1.0,0.9485259709873655,0.5,,,,0.509090909090909,0.06209554363963852
4,traditional_2_of_supported,CWE-116,0,0,2116,21,2137,21,2116,,0.0,1.0,0.9901731399157697,0.0,1.0,0.9901731399157697,0.5,,,,0.5112858943199208,0.009550392819289825
4,traditional_2_of_supported,CWE-117,0,0,2041,96,2137,96,2041,,0.0,1.0,0.955077211043519,0.0,1.0,0.955077211043519,0.5,,,,0.49951004409603134,0.03357964162320022
4,traditional_2_of_supported,CWE-1333,0,0,2099,38,2137,38,2099,,0.0,1.0,0.9822180627047262,0.0,1.0,0.9822180627047262,0.5,,,,0.5122050600536596,0.0398320955002125
4,traditional_2_of_supported,CWE-185,0,0,2127,10,2137,10,2127,,0.0,1.0,0.9953205428170332,0.0,1.0,0.9953205428170332,0.5,,,,0.5,0.004736649137064305
4,traditional_2_of_supported,CWE-20,1,28,1938,170,2137,171,1966,0.034482758620689655,0.005847953216374269,0.9857578840284842,0.9193548387096774,0.014242115971515769,0.9941520467836257,0.9073467477772579,0.4958029186224292,0.01,0.0070126227208976155,-0.01968488560234164,0.47663793257303994,0.05861289404547804
4,traditional_2_of_supported,CWE-200,5,12,1906,214,2137,219,1918,0.29411764705882354,0.0228310502283105,0.9937434827945777,0.8990566037735849,0.006256517205422315,0.9771689497716894,0.8942442676649509,0.5082872665114441,0.0423728813559322,0.02799552071668533,0.05658421157525692,0.5065041114936125,0.07578308245398527
4,traditional_2_of_supported,CWE-208,0,0,2018,119,2137,119,2018,,0.0,1.0,0.9443144595226953,0.0,1.0,0.9443144595226953,0.5,,,,0.5192323708472487,0.04741748174726266
4,traditional_2_of_supported,CWE-209,0,0,2008,129,2137,129,2008,,0.0,1.0,0.9396350023397286,0.0,1.0,0.9396350023397286,0.5,,,,0.5178858210568579,0.06421117454932274
4,traditional_2_of_supported,CWE-215,0,0,2027,110,2137,110,2027,,0.0,1.0,0.9485259709873655,0.0,1.0,0.9485259709873655,0.5,,,,0.49393864645468,0.03571364393863543
4,traditional_2_of_supported,CWE-22,2,2,2054,79,2137,81,2056,0.5,0.024691358024691357,0.9990272373540856,0.9629629629629629,0.0009727626459143969,0.9753086419753086,0.9620963968179691,0.5118592976893885,0.047058823529411764,0.030487804878048776,0.10478946127296496,0.5419819138204353,0.09808516273520562
4,traditional_2_of_supported,CWE-23,0,0,2056,81,2137,81,2056,,0.0,1.0,0.9620963968179691,0.0,1.0,0.9620963968179691,0.5,,,,0.5371301100062449,0.08737240581200023
4,traditional_2_of_supported,CWE-259,1,12,2017,107,2137,108,2029,0.07692307692307693,0.009259259259259259,0.9940857565303105,0.949623352165725,0.005914243469689502,0.9907407407407407,0.9443144595226953,0.5016725078947849,0.01652892561983471,0.011235955056179775,0.009423280981629301,0.5649448734096344,0.06764361430327072
4,traditional_2_of_supported,CWE-276,0,0,2082,55,2137,55,2082,,0.0,1.0,0.9742629854936827,0.0,1.0,0.9742629854936827,0.5,,,,0.5354030215701685,0.05717199161091128
4,traditional_2_of_supported,CWE-284,0,0,1722,415,2137,415,1722,,0.0,1.0,0.8058025269068788,0.0,1.0,0.8058025269068788,0.5,,,,0.5,0.12441539844544516
4,traditional_2_of_supported,CWE-287,0,0,1915,222,2137,222,1915,,0.0,1.0,0.8961160505381376,0.0,1.0,0.8961160505381376,0.5,,,,0.5031990214757839,0.07128106646323507
4,traditional_2_of_supported,CWE-295,0,2,2074,61,2137,61,2076,0.0,0.0,0.9990366088631984,0.9714285714285714,0.0009633911368015414,1.0,0.9705194197473093,0.4995183044315992,,,-0.005246471295210964,0.4995183044315992,0.02804904928748181
4,traditional_2_of_supported,CWE-312,0,0,2097,40,2137,40,2097,,0.0,1.0,0.9812821712681329,0.0,1.0,0.9812821712681329,0.5,,,,0.49308536003814973,0.011107628811426297
4,traditional_2_of_supported,CWE-315,0,0,2106,31,2137,31,2106,,0.0,1.0,0.985493682732803,0.0,1.0,0.985493682732803,0.5,,,,0.4976258309591643,0.008609132246868696
4,traditional_2_of_supported,CWE-319,0,2,2058,77,2137,77,2060,0.0,0.0,0.9990291262135922,0.9639344262295082,0.000970873786407767,1.0,0.9630322882545624,0.4995145631067961,,,-0.00591735753233874,0.534973521624007,0.03541807816307468
4,traditional_2_of_supported,CWE-321,0,0,2024,113,2137,113,2024,,0.0,1.0,0.9471221338324755,0.0,1.0,0.9471221338324755,0.5,,,,0.5046499527790409,0.03832395441178247
4,traditional_2_of_supported,CWE-326,0,0,2097,40,2137,40,2097,,0.0,1.0,0.9812821712681329,0.0,1.0,0.9812821712681329,0.5,,,,0.4983309489747258,0.012583520546041898
4,traditional_2_of_supported,CWE-327,20,24,2069,24,2137,44,2093,0.45454545454545453,0.45454545454545453,0.9885332059245103,0.9885332059245103,0.011466794075489728,0.5454545454545454,0.9775386055217595,0.7215393302349824,0.45454545454545453,0.45454545454545453,0.4430786604699648,0.7848564478999261,0.2185537048151667
4,traditional_2_of_supported,CWE-328,0,0,2086,51,2137,51,2086,,0.0,1.0,0.9761347683668694,0.0,1.0,0.9761347683668694,0.5,,,,0.5616763483917057,0.040039872889108305
4,traditional_2_of_supported,CWE-330,0,0,2071,66,2137,66,2071,,0.0,1.0,0.9691155825924193,0.0,1.0,0.9691155825924193,0.5,,,,0.6357307990576943,0.1370506433702296
4,traditional_2_of_supported,CWE-347,0,0,2105,32,2137,32,2105,,0.0,1.0,0.9850257370145064,0.0,1.0,0.9850257370145064,0.5,,,,0.515625,0.04278324932858281
4,traditional_2_of_supported,CWE-352,0,0,2098,39,2137,39,2098,,0.0,1.0,0.9817501169864296,0.0,1.0,0.9817501169864296,0.5,,,,0.5,0.01863668260289893
4,traditional_2_of_supported,CWE-359,0,0,2026,111,2137,111,2026,,0.0,1.0,0.9480580252690688,0.0,1.0,0.9480580252690688,0.5,,,,0.5070969291107494,0.04003558020087017
4,traditional_2_of_supported,CWE-377,5,18,2103,11,2137,16,2121,0.21739130434782608,0.3125,0.9915134370579916,0.9947965941343425,0.008486562942008486,0.6875,0.9864295741693964,0.6520067185289957,0.2564102564102564,0.2873563218390805,0.25398419698807295,0.7191625412541254,0.17416828294560915
4,traditional_2_of_supported,CWE-400,0,0,2065,72,2137,72,2065,,0.0,1.0,0.9663079082826392,0.0,1.0,0.9663079082826392,0.5,,,,0.5419188861985472,0.04966880830886287
4,traditional_2_of_supported,CWE-477,0,0,2132,5,2137,5,2132,,0.0,1.0,0.9976602714085167,0.0,1.0,0.9976602714085167,0.5,,,,0.449108818011257,0.0015182705193798134
4,traditional_2_of_supported,CWE-497,0,0,1995,142,2137,142,1995,,0.0,1.0,0.9335517080018718,0.0,1.0,0.9335517080018718,0.5,,,,0.501014861096403,0.0445208962402507
4,traditional_2_of_supported,CWE-502,14,5,2090,28,2137,42,2095,0.7368421052631579,0.3333333333333333,0.9976133651551312,0.9867799811142587,0.002386634844868735,0.6666666666666666,0.9845577912962097,0.6654733492442323,0.4590163934426229,0.374331550802139,0.4893672858293049,0.664552790089783,0.24638282961017455
4,traditional_2_of_supported,CWE-521,0,0,2071,66,2137,66,2071,,0.0,1.0,0.9691155825924193,0.0,1.0,0.9691155825924193,0.5,,,,0.5073343283145311,0.040528754509326546
4,traditional_2_of_supported,CWE-522,0,0,2044,93,2137,93,2044,,0.0,1.0,0.956481048198409,0.0,1.0,0.956481048198409,0.5,,,,0.5,0.030811815227386862
4,traditional_2_of_supported,CWE-532,0,0,2008,129,2137,129,2008,,0.0,1.0,0.9396350023397286,0.0,1.0,0.9396350023397286,0.5,,,,0.5148977732480929,0.050723534214706795
4,traditional_2_of_supported,CWE-601,4,2,2087,44,2137,48,2089,0.6666666666666666,0.08333333333333333,0.9990426041168023,0.9793524167057719,0.0009573958831977022,0.9166666666666666,0.9784744969583529,0.5411879687250678,0.14814814814814814,0.101010101010101,0.23068686049162393,0.5908080022339237,0.16040798093292605
4,traditional_2_of_supported,CWE-605,0,0,2125,12,2137,12,2125,,0.0,1.0,0.9943846513804399,0.0,1.0,0.9943846513804399,0.5,,,,0.6605490196078432,0.07272454871467766
4,traditional_2_of_supported,CWE-611,0,2,2116,19,2137,19,2118,0.0,0.0,0.9990557129367328,0.9911007025761124,0.0009442870632672333,1.0,0.9901731399157697,0.4995278564683664,,,-0.0028988776154823207,0.7534665275085731,0.07712185298402432
4,traditional_2_of_supported,CWE-614,1,2,2058,76,2137,77,2060,0.3333333333333333,0.012987012987012988,0.9990291262135922,0.9643861293345829,0.000970873786407767,0.987012987012987,0.9635002339728591,0.5060080696003025,0.025,0.016077170418006433,0.059811692052198884,0.5326944899760434,0.05343728164131475
4,traditional_2_of_supported,CWE-643,0,0,2088,49,2137,49,2088,,0.0,1.0,0.9770706598034627,0.0,1.0,0.9770706598034627,0.5,,,,0.5289359996872313,0.035866584211674955
4,traditional_2_of_supported,CWE-668,0,0,1785,352,2137,352,1785,,0.0,1.0,0.8352831071595694,0.0,1.0,0.8352831071595694,0.5,,,,0.4997198879551821,0.10398867438132316
4,traditional_2_of_supported,CWE-706,0,0,2035,102,2137,102,2035,,0.0,1.0,0.9522695367337389,0.0,1.0,0.9522695367337389,0.5,,,,0.49852579852579854,0.05071628764632965
4,traditional_2_of_supported,CWE-73,0,0,2017,120,2137,120,2017,,0.0,1.0,0.9438465138043987,0.0,1.0,0.9438465138043987,0.5,,,,0.4920674268715915,0.04112937684803827
4,traditional_2_of_supported,CWE-732,7,1,2076,53,2137,60,2077,0.875,0.11666666666666667,0.9995185363505056,0.9751056834194457,0.00048146364949446316,0.8833333333333333,0.9747309312119794,0.5580926015085861,0.20588235294117646,0.1411290322580645,0.3142764728931204,0.5578799550633927,0.14491125018684625
4,traditional_2_of_supported,CWE-74,0,0,1795,342,2137,342,1795,,0.0,1.0,0.8399625643425362,0.0,1.0,0.8399625643425362,0.5,,,,0.5126007916727753,0.20023132061021073
4,traditional_2_of_supported,CWE-770,0,0,2084,53,2137,53,2084,,0.0,1.0,0.9751988769302761,0.0,1.0,0.9751988769302761,0.5,,,,0.5,0.027923456755261856
4,traditional_2_of_supported,CWE-776,0,0,2101,36,2137,36,2101,,0.0,1.0,0.9831539541413196,0.0,1.0,0.9831539541413196,0.5,,,,0.5273018139510286,0.04744741115175065
4,traditional_2_of_supported,CWE-78,14,18,2010,95,2137,109,2028,0.4375,0.12844036697247707,0.9911242603550295,0.9548693586698337,0.008875739644970414,0.8715596330275229,0.9471221338324755,0.5597823136637533,0.19858156028368795,0.14957264957264957,0.21659523573728823,0.6373884877766317,0.2029539165610995
4,traditional_2_of_supported,CWE-79,16,20,1996,105,2137,121,2016,0.4444444444444444,0.1322314049586777,0.9900793650793651,0.9500237981913374,0.00992063492063492,0.8677685950413223,0.9415067852129153,0.5611553850190214,0.20382165605095542,0.15384615384615388,0.21965362394537444,0.5861373475009839,0.145162240404367
4,traditional_2_of_supported,CWE-798,0,0,2024,113,2137,113,2024,,0.0,1.0,0.9471221338324755,0.0,1.0,0.9471221338324755,0.5,,,,0.5039088460596733,0.03804141828414506
4,traditional_2_of_supported,CWE-80,0,0,2019,118,2137,118,2019,,0.0,1.0,0.944782405240992,0.0,1.0,0.944782405240992,0.5,,,,0.4995047052996533,0.05880174295751613
4,traditional_2_of_supported,CWE-827,0,0,2118,19,2137,19,2118,,0.0,1.0,0.9911090313523632,0.0,1.0,0.9911090313523632,0.5,,,,0.4992917847025496,0.005704579619167388
4,traditional_2_of_supported,CWE-829,0,0,2117,20,2137,20,2117,,0.0,1.0,0.9906410856340665,0.0,1.0,0.9906410856340665,0.5,,,,0.4966934341048654,0.005857054569433871
4,traditional_2_of_supported,CWE-88,0,0,2072,65,2137,65,2072,,0.0,1.0,0.9695835283107159,0.0,1.0,0.9695835283107159,0.5,,,,0.49782818532818535,0.02942613836233652
4,traditional_2_of_supported,CWE-89,42,32,1995,68,2137,110,2027,0.5675675675675675,0.38181818181818183,0.9842131228416379,0.9670382937469705,0.015786877158362113,0.6181818181818182,0.9532054281703323,0.6830156523299098,0.4565217391304348,0.4085603112840467,0.44236012579768874,0.7698165672511997,0.32497345424812896
4,traditional_2_of_supported,CWE-90,0,0,2099,38,2137,38,2099,,0.0,1.0,0.9822180627047262,0.0,1.0,0.9822180627047262,0.5,,,,0.5129196860660465,0.029479117886503547
4,traditional_2_of_supported,CWE-916,0,0,2086,51,2137,51,2086,,0.0,1.0,0.9761347683668694,0.0,1.0,0.9761347683668694,0.5,,,,0.5616763483917057,0.040039872889108305
4,traditional_2_of_supported,CWE-918,2,4,2111,20,2137,22,2115,0.3333333333333333,0.09090909090909091,0.9981087470449173,0.99061473486626,0.0018912529550827422,0.9090909090909091,0.9887693027608797,0.544508918977004,0.14285714285714288,0.10638297872340427,0.16981506599976745,0.5440790887599398,0.05231912280353504
4,traditional_2_of_supported,CWE-93,0,0,2099,38,2137,38,2099,,0.0,1.0,0.9822180627047262,0.0,1.0,0.9822180627047262,0.5,,,,0.4995235826584088,0.016335023416002816
4,traditional_2_of_supported,CWE-939,0,0,2022,115,2137,115,2022,,0.0,1.0,0.9461862423958821,0.0,1.0,0.9461862423958821,0.5,,,,0.4990108803165183,0.032993171617548
4,traditional_2_of_supported,CWE-94,2,4,2050,81,2137,83,2054,0.3333333333333333,0.024096385542168676,0.9980525803310614,0.9619896762083529,0.0019474196689386564,0.9759036144578314,0.9602246139447824,0.5110744829366151,0.0449438202247191,0.029585798816568046,0.08087706263161633,0.5846189040485212,0.09304307943473158
4,traditional_2_of_supported,CWE-942,0,0,2060,77,2137,77,2060,,0.0,1.0,0.9639681796911558,0.0,1.0,0.9639681796911558,0.5,,,,0.5,0.025862996939316294
4,traditional_2_of_supported,CWE-95,8,8,2053,68,2137,76,2061,0.5,0.10526315789473684,0.9961183891314895,0.967939651107968,0.0038816108685104317,0.8947368421052632,0.9644361254094524,0.5506907735131132,0.17391304347826086,0.125,0.21780827749247372,0.6032106284634439,0.1575679457318373
4,traditional_2_of_supported,CWE-96,0,0,2062,75,2137,75,2062,,0.0,1.0,0.9649040711277492,0.0,1.0,0.9649040711277492,0.5,,,,0.5092111218881344,0.03764811728680581
4,traditional_2_of_supported,CWE-99,0,0,2097,40,2137,40,2097,,0.0,1.0,0.9812821712681329,0.0,1.0,0.9812821712681329,0.5,,,,0.4923700524558894,0.014740696739776354
4,weighted_fire_ppv_silence_npv,CWE-113,0,0,2027,110,2137,110,2027,,0.0,1.0,0.9485259709873655,0.0,1.0,0.9485259709873655,0.5,,,,0.5,0.041760965344921956
4,weighted_fire_ppv_silence_npv,CWE-116,0,0,2116,21,2137,21,2116,,0.0,1.0,0.9901731399157697,0.0,1.0,0.9901731399157697,0.5,,,,0.5131762534881628,0.010594243922845128
4,weighted_fire_ppv_silence_npv,CWE-117,0,2,2039,96,2137,96,2041,0.0,0.0,0.9990200881920627,0.9550351288056206,0.0009799118079372856,1.0,0.9541413196069256,0.49951004409603134,,,-0.006637891851013504,0.49951004409603134,0.03357964162320022
4,weighted_fire_ppv_silence_npv,CWE-1333,1,4,2095,37,2137,38,2099,0.2,0.02631578947368421,0.9980943306336351,0.9826454033771107,0.0019056693663649356,0.9736842105263158,0.9808142255498362,0.5122050600536596,0.046511627906976744,0.03184713375796178,0.06677122309412228,0.5122050600536596,0.0398320955002125
4,weighted_fire_ppv_silence_npv,CWE-185,0,0,2127,10,2137,10,2127,,0.0,1.0,0.9953205428170332,0.0,1.0,0.9953205428170332,0.5,,,,0.5,0.004736649137064305
4,weighted_fire_ppv_silence_npv,CWE-20,1,28,1938,170,2137,171,1966,0.034482758620689655,0.005847953216374269,0.9857578840284842,0.9193548387096774,0.014242115971515769,0.9941520467836257,0.9073467477772579,0.4958029186224292,0.01,0.0070126227208976155,-0.01968488560234164,0.47869631691980036,0.06119988564773836
4,weighted_fire_ppv_silence_npv,CWE-200,5,12,1906,214,2137,219,1918,0.29411764705882354,0.0228310502283105,0.9937434827945777,0.8990566037735849,0.006256517205422315,0.9771689497716894,0.8942442676649509,0.5082872665114441,0.0423728813559322,0.02799552071668533,0.05658421157525692,0.5065041114936125,0.07578308245398527
4,weighted_fire_ppv_silence_npv,CWE-208,9,75,1943,110,2137,119,2018,0.10714285714285714,0.07563025210084033,0.9628344895936571,0.9464198733560643,0.037165510406342916,0.9243697478991597,0.9134300421151147,0.5192323708472487,0.08866995073891626,0.08035714285714285,0.04539026980634718,0.5192323708472487,0.04741748174726266
4,weighted_fire_ppv_silence_npv,CWE-209,5,6,2002,124,2137,129,2008,0.45454545454545453,0.03875968992248062,0.9970119521912351,0.9416745061147695,0.00298804780876494,0.9612403100775194,0.939167056621432,0.5178858210568579,0.07142857142857142,0.04743833017077798,0.11905225168407375,0.5178858210568579,0.06421117454932274
4,weighted_fire_ppv_silence_npv,CWE-215,1,43,1984,109,2137,110,2027,0.022727272727272728,0.00909090909090909,0.978786383818451,0.9479216435738175,0.021213616181549086,0.990909090909091,0.928872250818905,0.49393864645468,0.012987012987012988,0.010330578512396695,-0.01886304828162038,0.49393864645468,0.03571364393863543
4,weighted_fire_ppv_silence_npv,CWE-22,0,0,2056,81,2137,81,2056,,0.0,1.0,0.9620963968179691,0.0,1.0,0.9620963968179691,0.5,,,,0.5418918432050728,0.09037483794013373
4,weighted_fire_ppv_silence_npv,CWE-23,7,25,2031,74,2137,81,2056,0.21875,0.08641975308641975,0.9878404669260701,0.9648456057007125,0.012159533073929961,0.9135802469135802,0.9536733738886289,0.5371301100062449,0.12389380530973453,0.09831460674157302,0.11676407869144192,0.5371301100062449,0.08737240581200023
4,weighted_fire_ppv_silence_npv,CWE-259,1,12,2017,107,2137,108,2029,0.07692307692307693,0.009259259259259259,0.9940857565303105,0.949623352165725,0.005914243469689502,0.9907407407407407,0.9443144595226953,0.5016725078947849,0.01652892561983471,0.011235955056179775,0.009423280981629301,0.5649540003285691,0.06848448726775663
4,weighted_fire_ppv_silence_npv,CWE-276,4,4,2078,51,2137,55,2082,0.5,0.07272727272727272,0.9980787704130644,0.9760450915922968,0.0019212295869356388,0.9272727272727272,0.9742629854936827,0.5354030215701685,0.12698412698412698,0.08771929824561403,0.18359430626255788,0.5354030215701685,0.05717199161091128
4,weighted_fire_ppv_silence_npv,CWE-284,0,0,1722,415,2137,415,1722,,0.0,1.0,0.8058025269068788,0.0,1.0,0.8058025269068788,0.5,,,,0.5,0.12441539844544516
4,weighted_fire_ppv_silence_npv,CWE-287,0,0,1915,222,2137,222,1915,,0.0,1.0,0.8961160505381376,0.0,1.0,0.8961160505381376,0.5,,,,0.5031990214757839,0.07128106646323507
4,weighted_fire_ppv_silence_npv,CWE-295,0,2,2074,61,2137,61,2076,0.0,0.0,0.9990366088631984,0.9714285714285714,0.0009633911368015414,1.0,0.9705194197473093,0.4995183044315992,,,-0.005246471295210964,0.4995183044315992,0.02804904928748181
4,weighted_fire_ppv_silence_npv,CWE-312,0,29,2068,40,2137,40,2097,0.0,0.0,0.9861707200762995,0.9810246679316889,0.013829279923700524,1.0,0.9677117454375292,0.49308536003814973,,,-0.016199233896016404,0.49308536003814973,0.011107628811426297
4,weighted_fire_ppv_silence_npv,CWE-315,0,10,2096,31,2137,31,2106,0.0,0.0,0.9952516619183286,0.9854254818993888,0.004748338081671415,1.0,0.9808142255498362,0.4976258309591643,,,-0.008318938593302721,0.4976258309591643,0.008609132246868696
4,weighted_fire_ppv_silence_npv,CWE-319,0,2,2058,77,2137,77,2060,0.0,0.0,0.9990291262135922,0.9639344262295082,0.000970873786407767,1.0,0.9630322882545624,0.4995145631067961,,,-0.00591735753233874,0.534973521624007,0.03541807816307468
4,weighted_fire_ppv_silence_npv,CWE-321,2,17,2007,111,2137,113,2024,0.10526315789473684,0.017699115044247787,0.991600790513834,0.9475920679886686,0.008399209486166008,0.9823008849557522,0.9401029480580253,0.5046499527790409,0.0303030303030303,0.02123142250530785,0.022170895538221946,0.5046499527790409,0.03832395441178247
4,weighted_fire_ppv_silence_npv,CWE-326,0,0,2097,40,2137,40,2097,,0.0,1.0,0.9812821712681329,0.0,1.0,0.9812821712681329,0.5,,,,0.4983309489747258,0.012583520546041898
4,weighted_fire_ppv_silence_npv,CWE-327,6,16,2077,38,2137,44,2093,0.2727272727272727,0.13636363636363635,0.9923554706163402,0.9820330969267139,0.007644529383659818,0.8636363636363636,0.9747309312119794,0.5643595534899883,0.1818181818181818,0.15151515151515152,0.18108707097899032,0.7855405464101116,0.2223491558949627
4,weighted_fire_ppv_silence_npv,CWE-328,7,29,2057,44,2137,51,2086,0.19444444444444445,0.13725490196078433,0.986097794822627,0.9790575916230366,0.013902205177372963,0.8627450980392157,0.9658399625643426,0.5616763483917057,0.16091954022988506,0.14583333333333334,0.1462940328459657,0.5616763483917057,0.040039872889108305
4,weighted_fire_ppv_silence_npv,CWE-330,19,34,2037,47,2137,66,2071,0.3584905660377358,0.2878787878787879,0.9835828102366007,0.977447216890595,0.016417189763399325,0.7121212121212122,0.9620963968179691,0.6357307990576943,0.31932773109243695,0.29968454258675076,0.30198378668575104,0.6357307990576943,0.1370506433702296
4,weighted_fire_ppv_silence_npv,CWE-347,1,0,2105,31,2137,32,2105,1.0,0.03125,1.0,0.9854868913857678,0.0,0.96875,0.985493682732803,0.515625,0.06060606060606061,0.03875968992248062,0.17548921720665703,0.515625,0.04278324932858281
4,weighted_fire_ppv_silence_npv,CWE-352,0,0,2098,39,2137,39,2098,,0.0,1.0,0.9817501169864296,0.0,1.0,0.9817501169864296,0.5,,,,0.5,0.01863668260289893
4,weighted_fire_ppv_silence_npv,CWE-359,3,26,2000,108,2137,111,2026,0.10344827586206896,0.02702702702702703,0.9871668311944719,0.9487666034155597,0.012833168805528134,0.972972972972973,0.9372952737482452,0.5070969291107494,0.042857142857142864,0.031712473572938694,0.02722371380835728,0.5070969291107494,0.04003558020087017
4,weighted_fire_ppv_silence_npv,CWE-377,2,1,2120,14,2137,16,2121,0.6666666666666666,0.125,0.9995285242809995,0.993439550140581,0.0004714757190004715,0.875,0.9929808142255498,0.5622642621404997,0.21052631578947367,0.14925373134328357,0.28670900412739064,0.7211073785950024,0.17550192790271188
4,weighted_fire_ppv_silence_npv,CWE-400,0,0,2065,72,2137,72,2065,,0.0,1.0,0.9663079082826392,0.0,1.0,0.9663079082826392,0.5,,,,0.542594834543987,0.05834317494792524
4,weighted_fire_ppv_silence_npv,CWE-477,0,0,2132,5,2137,5,2132,,0.0,1.0,0.9976602714085167,0.0,1.0,0.9976602714085167,0.5,,,,0.5,0.0015191156900369875
4,weighted_fire_ppv_silence_npv,CWE-497,1,10,1985,141,2137,142,1995,0.09090909090909091,0.007042253521126761,0.9949874686716792,0.9336782690498588,0.005012531328320802,0.9929577464788732,0.9293401965372017,0.501014861096403,0.013071895424836602,0.008635578583765112,0.007064383212368155,0.501014861096403,0.0445208962402507
4,weighted_fire_ppv_silence_npv,CWE-502,14,5,2090,28,2137,42,2095,0.7368421052631579,0.3333333333333333,0.9976133651551312,0.9867799811142587,0.002386634844868735,0.6666666666666666,0.9845577912962097,0.6654733492442323,0.4590163934426229,0.374331550802139,0.4893672858293049,0.6647346289351063,0.2974078064229665
4,weighted_fire_ppv_silence_npv,CWE-521,0,0,2071,66,2137,66,2071,,0.0,1.0,0.9691155825924193,0.0,1.0,0.9691155825924193,0.5,,,,0.5,0.02470625126450117
4,weighted_fire_ppv_silence_npv,CWE-522,0,0,2044,93,2137,93,2044,,0.0,1.0,0.956481048198409,0.0,1.0,0.956481048198409,0.5,,,,0.5,0.030811815227386862
4,weighted_fire_ppv_silence_npv,CWE-532,0,0,2008,129,2137,129,2008,,0.0,1.0,0.9396350023397286,0.0,1.0,0.9396350023397286,0.5,,,,0.5158937891843479,0.053540488163142254
4,weighted_fire_ppv_silence_npv,CWE-601,4,2,2087,44,2137,48,2089,0.6666666666666666,0.08333333333333333,0.9990426041168023,0.9793524167057719,0.0009573958831977022,0.9166666666666666,0.9784744969583529,0.5411879687250678,0.14814814814814814,0.101010101010101,0.23068686049162393,0.5907581378650072,0.15830360382854894
4,weighted_fire_ppv_silence_npv,CWE-605,4,26,2099,8,2137,12,2125,0.13333333333333333,0.3333333333333333,0.987764705882353,0.996203132415757,0.01223529411764706,0.6666666666666666,0.984089845577913,0.6605490196078432,0.19047619047619044,0.2564102564102564,0.20394583878805375,0.6605490196078432,0.07272454871467766
4,weighted_fire_ppv_silence_npv,CWE-611,0,2,2116,19,2137,19,2118,0.0,0.0,0.9990557129367328,0.9911007025761124,0.0009442870632672333,1.0,0.9901731399157697,0.4995278564683664,,,-0.0028988776154823207,0.7539386710402067,0.09504118040989878
4,weighted_fire_ppv_silence_npv,CWE-614,1,2,2058,76,2137,77,2060,0.3333333333333333,0.012987012987012988,0.9990291262135922,0.9643861293345829,0.000970873786407767,0.987012987012987,0.9635002339728591,0.5060080696003025,0.025,0.016077170418006433,0.059811692052198884,0.5326944899760434,0.05343728164131475
4,weighted_fire_ppv_silence_npv,CWE-643,3,7,2081,46,2137,49,2088,0.3,0.061224489795918366,0.9966475095785441,0.9783732957216738,0.003352490421455939,0.9387755102040817,0.9751988769302761,0.5289359996872313,0.10169491525423728,0.07281553398058252,0.1269252504266655,0.5289359996872313,0.035866584211674955
4,weighted_fire_ppv_silence_npv,CWE-668,0,1,1784,352,2137,352,1785,0.0,0.0,0.9994397759103641,0.8352059925093633,0.0005602240896358543,1.0,0.8348151614412728,0.4997198879551821,,,-0.009608411566116748,0.4997198879551821,0.10398867438132316
4,weighted_fire_ppv_silence_npv,CWE-706,0,0,2035,102,2137,102,2035,,0.0,1.0,0.9522695367337389,0.0,1.0,0.9522695367337389,0.5,,,,0.5,0.05246652876786929
4,weighted_fire_ppv_silence_npv,CWE-73,0,32,1985,120,2137,120,2017,0.0,0.0,0.984134853743183,0.9429928741092637,0.015865146256817054,1.0,0.928872250818905,0.4920674268715915,,,-0.030073682679999703,0.4920674268715915,0.04112937684803827
4,weighted_fire_ppv_silence_npv,CWE-732,7,1,2076,53,2137,60,2077,0.875,0.11666666666666667,0.9995185363505056,0.9751056834194457,0.00048146364949446316,0.8833333333333333,0.9747309312119794,0.5580926015085861,0.20588235294117646,0.1411290322580645,0.3142764728931204,0.5578799550633927,0.14491125018684625
4,weighted_fire_ppv_silence_npv,CWE-74,9,2,1793,333,2137,342,1795,0.8181818181818182,0.02631578947368421,0.9988857938718663,0.8433678269049859,0.0011142061281337048,0.9736842105263158,0.843238184370613,0.5126007916727753,0.0509915014164306,0.032632342277012324,0.1291204806290406,0.5126007916727753,0.20023132061021073
4,weighted_fire_ppv_silence_npv,CWE-770,0,0,2084,53,2137,53,2084,,0.0,1.0,0.9751988769302761,0.0,1.0,0.9751988769302761,0.5,,,,0.5,0.027923456755261856
4,weighted_fire_ppv_silence_npv,CWE-776,0,0,2101,36,2137,36,2101,,0.0,1.0,0.9831539541413196,0.0,1.0,0.9831539541413196,0.5,,,,0.5,0.021180665083280422
4,weighted_fire_ppv_silence_npv,CWE-78,8,1,2027,101,2137,109,2028,0.8888888888888888,0.07339449541284404,0.9995069033530573,0.9525375939849624,0.0004930966469428008,0.926605504587156,0.9522695367337389,0.5364506993829506,0.13559322033898308,0.08988764044943821,0.24767149121402002,0.6378114651756148,0.21359813092859914
4,weighted_fire_ppv_silence_npv,CWE-79,0,0,2016,121,2137,121,2016,,0.0,1.0,0.943378568086102,0.0,1.0,0.943378568086102,0.5,,,,0.5861619441164896,0.14771843937068993
4,weighted_fire_ppv_silence_npv,CWE-798,0,0,2024,113,2137,113,2024,,0.0,1.0,0.9471221338324755,0.0,1.0,0.9471221338324755,0.5,,,,0.5046499527790409,0.03832395441178247
4,weighted_fire_ppv_silence_npv,CWE-80,0,2,2017,118,2137,118,2019,0.0,0.0,0.9990094105993066,0.9447306791569087,0.0009905894006934125,1.0,0.9438465138043987,0.4995047052996533,,,-0.00739927046476136,0.4995047052996533,0.05880174295751613
4,weighted_fire_ppv_silence_npv,CWE-827,0,0,2118,19,2137,19,2118,,0.0,1.0,0.9911090313523632,0.0,1.0,0.9911090313523632,0.5,,,,0.5,0.00570715097633732
4,weighted_fire_ppv_silence_npv,CWE-829,0,0,2117,20,2137,20,2117,,0.0,1.0,0.9906410856340665,0.0,1.0,0.9906410856340665,0.5,,,,0.5,0.005858767016193445
4,weighted_fire_ppv_silence_npv,CWE-88,0,9,2063,65,2137,65,2072,0.0,0.0,0.9956563706563707,0.9694548872180451,0.004343629343629344,1.0,0.9653720168460459,0.49782818532818535,,,-0.011518534984283678,0.49782818532818535,0.02942613836233652
4,weighted_fire_ppv_silence_npv,CWE-89,42,32,1995,68,2137,110,2027,0.5675675675675675,0.38181818181818183,0.9842131228416379,0.9670382937469705,0.015786877158362113,0.6181818181818182,0.9532054281703323,0.6830156523299098,0.4565217391304348,0.4085603112840467,0.44236012579768874,0.7698120823429161,0.3240035373700039
4,weighted_fire_ppv_silence_npv,CWE-90,1,1,2098,37,2137,38,2099,0.5,0.02631578947368421,0.9995235826584088,0.9826697892271663,0.0004764173415912339,0.9736842105263158,0.9822180627047262,0.5129196860660465,0.05,0.03246753246753247,0.1116775908620867,0.5129196860660465,0.029479117886503547
4,weighted_fire_ppv_silence_npv,CWE-916,7,29,2057,44,2137,51,2086,0.19444444444444445,0.13725490196078433,0.986097794822627,0.9790575916230366,0.013902205177372963,0.8627450980392157,0.9658399625643426,0.5616763483917057,0.16091954022988506,0.14583333333333334,0.1462940328459657,0.5616763483917057,0.040039872889108305
4,weighted_fire_ppv_silence_npv,CWE-918,2,4,2111,20,2137,22,2115,0.3333333333333333,0.09090909090909091,0.9981087470449173,0.99061473486626,0.0018912529550827422,0.9090909090909091,0.9887693027608797,0.544508918977004,0.14285714285714288,0.10638297872340427,0.16981506599976745,0.5440790887599398,0.05231912280353504
4,weighted_fire_ppv_silence_npv,CWE-93,0,0,2099,38,2137,38,2099,,0.0,1.0,0.9822180627047262,0.0,1.0,0.9822180627047262,0.5,,,,0.5,0.016403092536241327
4,weighted_fire_ppv_silence_npv,CWE-939,0,0,2022,115,2137,115,2022,,0.0,1.0,0.9461862423958821,0.0,1.0,0.9461862423958821,0.5,,,,0.5,0.03312067197096028
4,weighted_fire_ppv_silence_npv,CWE-94,0,2,2052,83,2137,83,2054,0.0,0.0,0.9990262901655307,0.9611241217798595,0.0009737098344693282,1.0,0.9602246139447824,0.49951314508276534,,,-0.00615254621653367,0.5854313065308947,0.1053852827730761
4,weighted_fire_ppv_silence_npv,CWE-942,0,0,2060,77,2137,77,2060,,0.0,1.0,0.9639681796911558,0.0,1.0,0.9639681796911558,0.5,,,,0.5,0.025862996939316294
4,weighted_fire_ppv_silence_npv,CWE-95,3,1,2060,73,2137,76,2061,0.75,0.039473684210526314,0.9995147986414362,0.9657759024847632,0.00048520135856380397,0.9605263157894737,0.9653720168460459,0.5194942414259812,0.075,0.048701298701298704,0.16705393290753492,0.6031978600066396,0.15697752737826107
4,weighted_fire_ppv_silence_npv,CWE-96,2,17,2045,73,2137,75,2062,0.10526315789473684,0.02666666666666667,0.9917555771096024,0.965533522190746,0.008244422890397672,0.9733333333333334,0.957884885353299,0.5092111218881346,0.04255319148936171,0.031347962382445145,0.03611417587437505,0.5092111218881344,0.03764811728680581
4,weighted_fire_ppv_silence_npv,CWE-99,0,32,2065,40,2137,40,2097,0.0,0.0,0.9847401049117788,0.9809976247030879,0.015259895088221268,1.0,0.9663079082826392,0.4923700524558894,,,-0.01702863040464166,0.4923700524558894,0.014740696739776354
4,weighted_fire_ppv_silence_sensitivity,CWE-113,0,0,2027,110,2137,110,2027,,0.0,1.0,0.9485259709873655,0.0,1.0,0.9485259709873655,0.5,,,,0.5,0.041760965344921956
4,weighted_fire_ppv_silence_sensitivity,CWE-116,1,45,2071,20,2137,21,2116,0.021739130434782608,0.047619047619047616,0.9787334593572778,0.9904351984696318,0.021266540642722116,0.9523809523809523,0.9695835283107159,0.5131762534881628,0.029850746268656712,0.038461538461538464,0.017911562952061463,0.5131762534881628,0.010594243922845128
4,weighted_fire_ppv_silence_sensitivity,CWE-117,0,2,2039,96,2137,96,2041,0.0,0.0,0.9990200881920627,0.9550351288056206,0.0009799118079372856,1.0,0.9541413196069256,0.49951004409603134,,,-0.006637891851013504,0.49951004409603134,0.03357964162320022
4,weighted_fire_ppv_silence_sensitivity,CWE-1333,1,4,2095,37,2137,38,2099,0.2,0.02631578947368421,0.9980943306336351,0.9826454033771107,0.0019056693663649356,0.9736842105263158,0.9808142255498362,0.5122050600536596,0.046511627906976744,0.03184713375796178,0.06677122309412228,0.5122050600536596,0.0398320955002125
4,weighted_fire_ppv_silence_sensitivity,CWE-185,0,0,2127,10,2137,10,2127,,0.0,1.0,0.9953205428170332,0.0,1.0,0.9953205428170332,0.5,,,,0.5,0.004736649137064305
4,weighted_fire_ppv_silence_sensitivity,CWE-20,7,56,1910,164,2137,171,1966,0.1111111111111111,0.04093567251461988,0.9715157680569685,0.9209257473481196,0.028484231943031537,0.9590643274853801,0.8970519419747309,0.5062257202857942,0.05982905982905983,0.04685408299866131,0.019972607221028962,0.47869631691980036,0.06119988564773836
4,weighted_fire_ppv_silence_sensitivity,CWE-200,5,19,1899,214,2137,219,1918,0.20833333333333334,0.0228310502283105,0.9900938477580813,0.8987221959299574,0.009906152241918665,0.9771689497716894,0.8909686476368741,0.5064624489931959,0.04115226337448559,0.027777777777777773,0.03719787352265205,0.5065041114936125,0.07578308245398527
4,weighted_fire_ppv_silence_sensitivity,CWE-208,9,75,1943,110,2137,119,2018,0.10714285714285714,0.07563025210084033,0.9628344895936571,0.9464198733560643,0.037165510406342916,0.9243697478991597,0.9134300421151147,0.5192323708472487,0.08866995073891626,0.08035714285714285,0.04539026980634718,0.5192323708472487,0.04741748174726266
4,weighted_fire_ppv_silence_sensitivity,CWE-209,5,6,2002,124,2137,129,2008,0.45454545454545453,0.03875968992248062,0.9970119521912351,0.9416745061147695,0.00298804780876494,0.9612403100775194,0.939167056621432,0.5178858210568579,0.07142857142857142,0.04743833017077798,0.11905225168407375,0.5178858210568579,0.06421117454932274
4,weighted_fire_ppv_silence_sensitivity,CWE-215,1,43,1984,109,2137,110,2027,0.022727272727272728,0.00909090909090909,0.978786383818451,0.9479216435738175,0.021213616181549086,0.990909090909091,0.928872250818905,0.49393864645468,0.012987012987012988,0.010330578512396695,-0.01886304828162038,0.49393864645468,0.03571364393863543
4,weighted_fire_ppv_silence_sensitivity,CWE-22,8,31,2025,73,2137,81,2056,0.20512820512820512,0.09876543209876543,0.9849221789883269,0.9652049571020019,0.015077821011673152,0.9012345679012346,0.9513336452971455,0.5418438055435462,0.13333333333333333,0.11019283746556473,0.11939336428778678,0.5420719844357976,0.09532143523463601
4,weighted_fire_ppv_silence_sensitivity,CWE-23,7,25,2031,74,2137,81,2056,0.21875,0.08641975308641975,0.9878404669260701,0.9648456057007125,0.012159533073929961,0.9135802469135802,0.9536733738886289,0.5371301100062449,0.12389380530973453,0.09831460674157302,0.11676407869144192,0.5371301100062449,0.08737240581200023
4,weighted_fire_ppv_silence_sensitivity,CWE-259,19,106,1923,89,2137,108,2029,0.152,0.17592592592592593,0.9477575160177427,0.955765407554672,0.05224248398225727,0.8240740740740741,0.9087505849321479,0.5618417209718343,0.1630901287553648,0.17055655296229805,0.11545040722675716,0.5649357464906997,0.06878993688128052
4,weighted_fire_ppv_silence_sensitivity,CWE-276,4,4,2078,51,2137,55,2082,0.5,0.07272727272727272,0.9980787704130644,0.9760450915922968,0.0019212295869356388,0.9272727272727272,0.9742629854936827,0.5354030215701685,0.12698412698412698,0.08771929824561403,0.18359430626255788,0.5354030215701685,0.05717199161091128
4,weighted_fire_ppv_silence_sensitivity,CWE-284,0,0,1722,415,2137,415,1722,,0.0,1.0,0.8058025269068788,0.0,1.0,0.8058025269068788,0.5,,,,0.5,0.12441539844544516
4,weighted_fire_ppv_silence_sensitivity,CWE-287,2,5,1910,220,2137,222,1915,0.2857142857142857,0.009009009009009009,0.9973890339425587,0.8967136150234741,0.0026109660574412533,0.990990990990991,0.8947122133832476,0.5031990214757839,0.017467248908296942,0.011173184357541898,0.03416403876131344,0.5031990214757839,0.07128106646323507
4,weighted_fire_ppv_silence_sensitivity,CWE-295,0,2,2074,61,2137,61,2076,0.0,0.0,0.9990366088631984,0.9714285714285714,0.0009633911368015414,1.0,0.9705194197473093,0.4995183044315992,,,-0.005246471295210964,0.4995183044315992,0.02804904928748181
4,weighted_fire_ppv_silence_sensitivity,CWE-312,0,29,2068,40,2137,40,2097,0.0,0.0,0.9861707200762995,0.9810246679316889,0.013829279923700524,1.0,0.9677117454375292,0.49308536003814973,,,-0.016199233896016404,0.49308536003814973,0.011107628811426297
4,weighted_fire_ppv_silence_sensitivity,CWE-315,0,10,2096,31,2137,31,2106,0.0,0.0,0.9952516619183286,0.9854254818993888,0.004748338081671415,1.0,0.9808142255498362,0.4976258309591643,,,-0.008318938593302721,0.4976258309591643,0.008609132246868696
4,weighted_fire_ppv_silence_sensitivity,CWE-319,7,43,2017,70,2137,77,2060,0.14,0.09090909090909091,0.9791262135922331,0.9664590321034978,0.02087378640776699,0.9090909090909091,0.9471221338324755,0.535017652250662,0.11023622047244096,0.09776536312849161,0.08634749984964643,0.534973521624007,0.03541807816307468
4,weighted_fire_ppv_silence_sensitivity,CWE-321,2,17,2007,111,2137,113,2024,0.10526315789473684,0.017699115044247787,0.991600790513834,0.9475920679886686,0.008399209486166008,0.9823008849557522,0.9401029480580253,0.5046499527790409,0.0303030303030303,0.02123142250530785,0.022170895538221946,0.5046499527790409,0.03832395441178247
4,weighted_fire_ppv_silence_sensitivity,CWE-326,0,7,2090,40,2137,40,2097,0.0,0.0,0.9966618979494516,0.9812206572769953,0.0033381020505484026,1.0,0.9780065512400562,0.4983309489747258,,,-0.007917535124747676,0.4983309489747258,0.012583520546041898
4,weighted_fire_ppv_silence_sensitivity,CWE-327,20,23,2070,24,2137,44,2093,0.46511627906976744,0.45454545454545453,0.989010989010989,0.9885386819484241,0.01098901098901099,0.5454545454545454,0.9780065512400562,0.7217782217782218,0.45977011494252873,0.4566210045662101,0.4485772855495094,0.7855405464101116,0.2223491558949627
4,weighted_fire_ppv_silence_sensitivity,CWE-328,7,29,2057,44,2137,51,2086,0.19444444444444445,0.13725490196078433,0.986097794822627,0.9790575916230366,0.013902205177372963,0.8627450980392157,0.9658399625643426,0.5616763483917057,0.16091954022988506,0.14583333333333334,0.1462940328459657,0.5616763483917057,0.040039872889108305
4,weighted_fire_ppv_silence_sensitivity,CWE-330,19,34,2037,47,2137,66,2071,0.3584905660377358,0.2878787878787879,0.9835828102366007,0.977447216890595,0.016417189763399325,0.7121212121212122,0.9620963968179691,0.6357307990576943,0.31932773109243695,0.29968454258675076,0.30198378668575104,0.6357307990576943,0.1370506433702296
4,weighted_fire_ppv_silence_sensitivity,CWE-347,1,0,2105,31,2137,32,2105,1.0,0.03125,1.0,0.9854868913857678,0.0,0.96875,0.985493682732803,0.515625,0.06060606060606061,0.03875968992248062,0.17548921720665703,0.515625,0.04278324932858281
4,weighted_fire_ppv_silence_sensitivity,CWE-352,0,0,2098,39,2137,39,2098,,0.0,1.0,0.9817501169864296,0.0,1.0,0.9817501169864296,0.5,,,,0.5,0.01863668260289893
4,weighted_fire_ppv_silence_sensitivity,CWE-359,3,26,2000,108,2137,111,2026,0.10344827586206896,0.02702702702702703,0.9871668311944719,0.9487666034155597,0.012833168805528134,0.972972972972973,0.9372952737482452,0.5070969291107494,0.042857142857142864,0.031712473572938694,0.02722371380835728,0.5070969291107494,0.04003558020087017
4,weighted_fire_ppv_silence_sensitivity,CWE-377,5,17,2104,11,2137,16,2121,0.22727272727272727,0.3125,0.991984912776992,0.9947990543735225,0.008015087223008015,0.6875,0.986897519887693,0.652242456388496,0.2631578947368421,0.2906976744186046,0.2600336652527699,0.7172177039132485,0.175871080005425
4,weighted_fire_ppv_silence_sensitivity,CWE-400,9,85,1980,63,2137,72,2065,0.09574468085106383,0.125,0.9588377723970944,0.9691629955947136,0.04116222760290557,0.875,0.9307440336920917,0.5419188861985472,0.10843373493975904,0.11780104712041885,0.0737679808906638,0.5412429378531074,0.04793796584569933
4,weighted_fire_ppv_silence_sensitivity,CWE-477,0,0,2132,5,2137,5,2132,,0.0,1.0,0.9976602714085167,0.0,1.0,0.9976602714085167,0.5,,,,0.5,0.0015191156900369875
4,weighted_fire_ppv_silence_sensitivity,CWE-497,1,10,1985,141,2137,142,1995,0.09090909090909091,0.007042253521126761,0.9949874686716792,0.9336782690498588,0.005012531328320802,0.9929577464788732,0.9293401965372017,0.501014861096403,0.013071895424836602,0.008635578583765112,0.007064383212368155,0.501014861096403,0.0445208962402507
4,weighted_fire_ppv_silence_sensitivity,CWE-502,14,11,2084,28,2137,42,2095,0.56,0.3333333333333333,0.9947494033412888,0.9867424242424242,0.005250596658711217,0.6666666666666666,0.9817501169864296,0.6640413683373111,0.41791044776119407,0.36269430051813467,0.42352892557837396,0.6647346289351063,0.2974078064229665
4,weighted_fire_ppv_silence_sensitivity,CWE-521,0,0,2071,66,2137,66,2071,,0.0,1.0,0.9691155825924193,0.0,1.0,0.9691155825924193,0.5,,,,0.5,0.02470625126450117
4,weighted_fire_ppv_silence_sensitivity,CWE-522,0,0,2044,93,2137,93,2044,,0.0,1.0,0.956481048198409,0.0,1.0,0.956481048198409,0.5,,,,0.5,0.030811815227386862
4,weighted_fire_ppv_silence_sensitivity,CWE-532,5,14,1994,124,2137,129,2008,0.2631578947368421,0.03875968992248062,0.9930278884462151,0.9414542020774316,0.0069721115537848604,0.9612403100775194,0.9354234908750585,0.5158937891843479,0.06756756756756757,0.04672897196261682,0.08064814357855293,0.5158937891843479,0.053540488163142254
4,weighted_fire_ppv_silence_sensitivity,CWE-601,9,13,2076,39,2137,48,2089,0.4090909090909091,0.1875,0.9937769267592149,0.9815602836879432,0.006223073240785065,0.8125,0.9756668226485727,0.5906384633796075,0.2571428571428571,0.2102803738317757,0.266112847607499,0.5908578666028402,0.16761093422962936
4,weighted_fire_ppv_silence_sensitivity,CWE-605,4,26,2099,8,2137,12,2125,0.13333333333333333,0.3333333333333333,0.987764705882353,0.996203132415757,0.01223529411764706,0.6666666666666666,0.984089845577913,0.6605490196078432,0.19047619047619044,0.2564102564102564,0.20394583878805375,0.6605490196078432,0.07272454871467766
4,weighted_fire_ppv_silence_sensitivity,CWE-611,10,40,2078,9,2137,19,2118,0.2,0.5263157894736842,0.9811142587346553,0.9956875898418783,0.018885741265344664,0.47368421052631576,0.9770706598034627,0.7537150241041697,0.28985507246376807,0.39682539682539675,0.31511547589294636,0.7529943839769395,0.07677346428177223
4,weighted_fire_ppv_silence_sensitivity,CWE-614,6,26,2034,71,2137,77,2060,0.1875,0.07792207792207792,0.987378640776699,0.966270783847981,0.01262135922330097,0.922077922077922,0.9546092653252223,0.5326503593493884,0.11009174311926605,0.08823529411764705,0.10020650028889065,0.5326944899760434,0.05343728164131475
4,weighted_fire_ppv_silence_sensitivity,CWE-643,3,7,2081,46,2137,49,2088,0.3,0.061224489795918366,0.9966475095785441,0.9783732957216738,0.003352490421455939,0.9387755102040817,0.9751988769302761,0.5289359996872313,0.10169491525423728,0.07281553398058252,0.1269252504266655,0.5289359996872313,0.035866584211674955
4,weighted_fire_ppv_silence_sensitivity,CWE-668,0,1,1784,352,2137,352,1785,0.0,0.0,0.9994397759103641,0.8352059925093633,0.0005602240896358543,1.0,0.8348151614412728,0.4997198879551821,,,-0.009608411566116748,0.4997198879551821,0.10398867438132316
4,weighted_fire_ppv_silence_sensitivity,CWE-706,0,0,2035,102,2137,102,2035,,0.0,1.0,0.9522695367337389,0.0,1.0,0.9522695367337389,0.5,,,,0.5,0.05246652876786929
4,weighted_fire_ppv_silence_sensitivity,CWE-73,0,32,1985,120,2137,120,2017,0.0,0.0,0.984134853743183,0.9429928741092637,0.015865146256817054,1.0,0.928872250818905,0.4920674268715915,,,-0.030073682679999703,0.4920674268715915,0.04112937684803827
4,weighted_fire_ppv_silence_sensitivity,CWE-732,7,2,2075,53,2137,60,2077,0.7777777777777778,0.11666666666666667,0.999037072701011,0.9750939849624061,0.0009629272989889263,0.8833333333333333,0.9742629854936827,0.5578518696838388,0.2028985507246377,0.14056224899598393,0.2951441651352341,0.5578799550633927,0.14491125018684625
4,weighted_fire_ppv_silence_sensitivity,CWE-74,9,2,1793,333,2137,342,1795,0.8181818181818182,0.02631578947368421,0.9988857938718663,0.8433678269049859,0.0011142061281337048,0.9736842105263158,0.843238184370613,0.5126007916727753,0.0509915014164306,0.032632342277012324,0.1291204806290406,0.5126007916727753,0.20023132061021073
4,weighted_fire_ppv_silence_sensitivity,CWE-770,0,0,2084,53,2137,53,2084,,0.0,1.0,0.9751988769302761,0.0,1.0,0.9751988769302761,0.5,,,,0.5,0.027923456755261856
4,weighted_fire_ppv_silence_sensitivity,CWE-776,0,0,2101,36,2137,36,2101,,0.0,1.0,0.9831539541413196,0.0,1.0,0.9831539541413196,0.5,,,,0.5,0.021180665083280422
4,weighted_fire_ppv_silence_sensitivity,CWE-78,15,19,2009,94,2137,109,2028,0.4411764705882353,0.13761467889908258,0.9906311637080868,0.9553019495958155,0.009368836291913214,0.8623853211009175,0.9471221338324755,0.5641229213035847,0.2097902097902098,0.1595744680851064,0.22549214858185848,0.6377752745960227,0.20853405636911174
4,weighted_fire_ppv_silence_sensitivity,CWE-79,24,56,1960,97,2137,121,2016,0.3,0.19834710743801653,0.9722222222222222,0.9528439474963539,0.027777777777777776,0.8016528925619835,0.9284043051006083,0.5852846648301193,0.23880597014925373,0.2127659574468085,0.20767142950608705,0.586211137347501,0.14733051126931687
4,weighted_fire_ppv_silence_sensitivity,CWE-798,2,17,2007,111,2137,113,2024,0.10526315789473684,0.017699115044247787,0.991600790513834,0.9475920679886686,0.008399209486166008,0.9823008849557522,0.9401029480580253,0.5046499527790409,0.0303030303030303,0.02123142250530785,0.022170895538221946,0.5046499527790409,0.03832395441178247
4,weighted_fire_ppv_silence_sensitivity,CWE-80,0,2,2017,118,2137,118,2019,0.0,0.0,0.9990094105993066,0.9447306791569087,0.0009905894006934125,1.0,0.9438465138043987,0.4995047052996533,,,-0.00739927046476136,0.4995047052996533,0.05880174295751613
4,weighted_fire_ppv_silence_sensitivity,CWE-827,0,0,2118,19,2137,19,2118,,0.0,1.0,0.9911090313523632,0.0,1.0,0.9911090313523632,0.5,,,,0.5,0.00570715097633732
4,weighted_fire_ppv_silence_sensitivity,CWE-829,0,0,2117,20,2137,20,2117,,0.0,1.0,0.9906410856340665,0.0,1.0,0.9906410856340665,0.5,,,,0.5,0.005858767016193445
4,weighted_fire_ppv_silence_sensitivity,CWE-88,0,9,2063,65,2137,65,2072,0.0,0.0,0.9956563706563707,0.9694548872180451,0.004343629343629344,1.0,0.9653720168460459,0.49782818532818535,,,-0.011518534984283678,0.49782818532818535,0.02942613836233652
4,weighted_fire_ppv_silence_sensitivity,CWE-89,62,38,1989,48,2137,110,2027,0.62,0.5636363636363636,0.981253083374445,0.9764359351988218,0.018746916625555006,0.43636363636363634,0.9597566682264858,0.7724447235054043,0.5904761904761904,0.5740740740740741,0.5700803863560476,0.7698210521594834,0.3241845841864947
4,weighted_fire_ppv_silence_sensitivity,CWE-90,1,1,2098,37,2137,38,2099,0.5,0.02631578947368421,0.9995235826584088,0.9826697892271663,0.0004764173415912339,0.9736842105263158,0.9822180627047262,0.5129196860660465,0.05,0.03246753246753247,0.1116775908620867,0.5129196860660465,0.029479117886503547
4,weighted_fire_ppv_silence_sensitivity,CWE-916,7,29,2057,44,2137,51,2086,0.19444444444444445,0.13725490196078433,0.986097794822627,0.9790575916230366,0.013902205177372963,0.8627450980392157,0.9658399625643426,0.5616763483917057,0.16091954022988506,0.14583333333333334,0.1462940328459657,0.5616763483917057,0.040039872889108305
4,weighted_fire_ppv_silence_sensitivity,CWE-918,2,6,2109,20,2137,22,2115,0.25,0.09090909090909091,0.9971631205673759,0.9906059182714889,0.0028368794326241137,0.9090909090909091,0.9878334113242864,0.5440361057382334,0.13333333333333333,0.10416666666666669,0.14557024186452416,0.5440790887599398,0.05231912280353504
4,weighted_fire_ppv_silence_sensitivity,CWE-93,0,0,2099,38,2137,38,2099,,0.0,1.0,0.9822180627047262,0.0,1.0,0.9822180627047262,0.5,,,,0.5,0.016403092536241327
4,weighted_fire_ppv_silence_sensitivity,CWE-939,0,0,2022,115,2137,115,2022,,0.0,1.0,0.9461862423958821,0.0,1.0,0.9461862423958821,0.5,,,,0.5,0.03312067197096028
4,weighted_fire_ppv_silence_sensitivity,CWE-94,11,33,2021,72,2137,83,2054,0.25,0.13253012048192772,0.9839337877312561,0.9655996177735309,0.016066212268743916,0.8674698795180723,0.9508656995788488,0.5582319541065919,0.17322834645669294,0.14627659574468085,0.15846000787319808,0.5849503173355545,0.0869828236462129
4,weighted_fire_ppv_silence_sensitivity,CWE-942,0,0,2060,77,2137,77,2060,,0.0,1.0,0.9639681796911558,0.0,1.0,0.9639681796911558,0.5,,,,0.5,0.025862996939316294
4,weighted_fire_ppv_silence_sensitivity,CWE-95,17,38,2023,59,2137,76,2061,0.3090909090909091,0.2236842105263158,0.9815623483745755,0.9716618635926993,0.018437651625424552,0.7763157894736842,0.9546092653252223,0.6026232794504456,0.2595419847328244,0.23676880222841226,0.24004903768854138,0.6031978600066396,0.15697752737826107
4,weighted_fire_ppv_silence_sensitivity,CWE-96,2,17,2045,73,2137,75,2062,0.10526315789473684,0.02666666666666667,0.9917555771096024,0.965533522190746,0.008244422890397672,0.9733333333333334,0.957884885353299,0.5092111218881346,0.04255319148936171,0.031347962382445145,0.03611417587437505,0.5092111218881344,0.03764811728680581
4,weighted_fire_ppv_silence_sensitivity,CWE-99,0,32,2065,40,2137,40,2097,0.0,0.0,0.9847401049117788,0.9809976247030879,0.015259895088221268,1.0,0.9663079082826392,0.4923700524558894,,,-0.01702863040464166,0.4923700524558894,0.014740696739776354
4,weighted_fire_specificity_silence_npv,CWE-113,2,0,2027,108,2137,110,2027,1.0,0.01818181818181818,1.0,0.9494145199063232,0.0,0.9818181818181818,0.9494618624239588,0.509090909090909,0.03571428571428572,0.02262443438914027,0.13138524338796564,0.509090909090909,0.06209554363963852
4,weighted_fire_specificity_silence_npv,CWE-116,0,8,2108,21,2137,21,2116,0.0,0.0,0.996219281663516,0.9901362141850634,0.003780718336483932,1.0,0.9864295741693964,0.498109640831758,,,-0.006106733652099202,0.5111958772166711,0.00945628402952886
4,weighted_fire_specificity_silence_npv,CWE-117,0,2,2039,96,2137,96,2041,0.0,0.0,0.9990200881920627,0.9550351288056206,0.0009799118079372856,1.0,0.9541413196069256,0.49951004409603134,,,-0.006637891851013504,0.49951004409603134,0.03357964162320022
4,weighted_fire_specificity_silence_npv,CWE-1333,1,4,2095,37,2137,38,2099,0.2,0.02631578947368421,0.9980943306336351,0.9826454033771107,0.0019056693663649356,0.9736842105263158,0.9808142255498362,0.5122050600536596,0.046511627906976744,0.03184713375796178,0.06677122309412228,0.5122050600536596,0.0398320955002125
4,weighted_fire_specificity_silence_npv,CWE-185,0,0,2127,10,2137,10,2127,,0.0,1.0,0.9953205428170332,0.0,1.0,0.9953205428170332,0.5,,,,0.5,0.004736649137064305
4,weighted_fire_specificity_silence_npv,CWE-20,7,56,1910,164,2137,171,1966,0.1111111111111111,0.04093567251461988,0.9715157680569685,0.9209257473481196,0.028484231943031537,0.9590643274853801,0.8970519419747309,0.5062257202857942,0.05982905982905983,0.04685408299866131,0.019972607221028962,0.47869631691980036,0.06119988564773836
4,weighted_fire_specificity_silence_npv,CWE-200,5,19,1899,214,2137,219,1918,0.20833333333333334,0.0228310502283105,0.9900938477580813,0.8987221959299574,0.009906152241918665,0.9771689497716894,0.8909686476368741,0.5064624489931959,0.04115226337448559,0.027777777777777773,0.03719787352265205,0.5065041114936125,0.07578308245398527
4,weighted_fire_specificity_silence_npv,CWE-208,9,75,1943,110,2137,119,2018,0.10714285714285714,0.07563025210084033,0.9628344895936571,0.9464198733560643,0.037165510406342916,0.9243697478991597,0.9134300421151147,0.5192323708472487,0.08866995073891626,0.08035714285714285,0.04539026980634718,0.5192323708472487,0.04741748174726266
4,weighted_fire_specificity_silence_npv,CWE-209,5,6,2002,124,2137,129,2008,0.45454545454545453,0.03875968992248062,0.9970119521912351,0.9416745061147695,0.00298804780876494,0.9612403100775194,0.939167056621432,0.5178858210568579,0.07142857142857142,0.04743833017077798,0.11905225168407375,0.5178858210568579,0.06421117454932274
4,weighted_fire_specificity_silence_npv,CWE-215,1,43,1984,109,2137,110,2027,0.022727272727272728,0.00909090909090909,0.978786383818451,0.9479216435738175,0.021213616181549086,0.990909090909091,0.928872250818905,0.49393864645468,0.012987012987012988,0.010330578512396695,-0.01886304828162038,0.49393864645468,0.03571364393863543
4,weighted_fire_specificity_silence_npv,CWE-22,2,2,2054,79,2137,81,2056,0.5,0.024691358024691357,0.9990272373540856,0.9629629629629629,0.0009727626459143969,0.9753086419753086,0.9620963968179691,0.5118592976893885,0.047058823529411764,0.030487804878048776,0.10478946127296496,0.5418918432050728,0.09037483794013373
4,weighted_fire_specificity_silence_npv,CWE-23,7,25,2031,74,2137,81,2056,0.21875,0.08641975308641975,0.9878404669260701,0.9648456057007125,0.012159533073929961,0.9135802469135802,0.9536733738886289,0.5371301100062449,0.12389380530973453,0.09831460674157302,0.11676407869144192,0.5371301100062449,0.08737240581200023
4,weighted_fire_specificity_silence_npv,CWE-259,2,17,2012,106,2137,108,2029,0.10526315789473684,0.018518518518518517,0.9916214884179398,0.9499527856468366,0.008378511582060127,0.9814814814814815,0.9424426766495086,0.5050700034682292,0.031496062992125984,0.022172949002217297,0.023661995911474797,0.5649540003285691,0.06848448726775663
4,weighted_fire_specificity_silence_npv,CWE-276,4,4,2078,51,2137,55,2082,0.5,0.07272727272727272,0.9980787704130644,0.9760450915922968,0.0019212295869356388,0.9272727272727272,0.9742629854936827,0.5354030215701685,0.12698412698412698,0.08771929824561403,0.18359430626255788,0.5354030215701685,0.05717199161091128
4,weighted_fire_specificity_silence_npv,CWE-284,0,0,1722,415,2137,415,1722,,0.0,1.0,0.8058025269068788,0.0,1.0,0.8058025269068788,0.5,,,,0.5,0.12441539844544516
4,weighted_fire_specificity_silence_npv,CWE-287,2,5,1910,220,2137,222,1915,0.2857142857142857,0.009009009009009009,0.9973890339425587,0.8967136150234741,0.0026109660574412533,0.990990990990991,0.8947122133832476,0.5031990214757839,0.017467248908296942,0.011173184357541898,0.03416403876131344,0.5031990214757839,0.07128106646323507
4,weighted_fire_specificity_silence_npv,CWE-295,0,2,2074,61,2137,61,2076,0.0,0.0,0.9990366088631984,0.9714285714285714,0.0009633911368015414,1.0,0.9705194197473093,0.4995183044315992,,,-0.005246471295210964,0.4995183044315992,0.02804904928748181
4,weighted_fire_specificity_silence_npv,CWE-312,0,29,2068,40,2137,40,2097,0.0,0.0,0.9861707200762995,0.9810246679316889,0.013829279923700524,1.0,0.9677117454375292,0.49308536003814973,,,-0.016199233896016404,0.49308536003814973,0.011107628811426297
4,weighted_fire_specificity_silence_npv,CWE-315,0,10,2096,31,2137,31,2106,0.0,0.0,0.9952516619183286,0.9854254818993888,0.004748338081671415,1.0,0.9808142255498362,0.4976258309591643,,,-0.008318938593302721,0.4976258309591643,0.008609132246868696
4,weighted_fire_specificity_silence_npv,CWE-319,7,43,2017,70,2137,77,2060,0.14,0.09090909090909091,0.9791262135922331,0.9664590321034978,0.02087378640776699,0.9090909090909091,0.9471221338324755,0.535017652250662,0.11023622047244096,0.09776536312849161,0.08634749984964643,0.534973521624007,0.03541807816307468
4,weighted_fire_specificity_silence_npv,CWE-321,2,17,2007,111,2137,113,2024,0.10526315789473684,0.017699115044247787,0.991600790513834,0.9475920679886686,0.008399209486166008,0.9823008849557522,0.9401029480580253,0.5046499527790409,0.0303030303030303,0.02123142250530785,0.022170895538221946,0.5046499527790409,0.03832395441178247
4,weighted_fire_specificity_silence_npv,CWE-326,0,0,2097,40,2137,40,2097,,0.0,1.0,0.9812821712681329,0.0,1.0,0.9812821712681329,0.5,,,,0.4983309489747258,0.012583520546041898
4,weighted_fire_specificity_silence_npv,CWE-327,20,24,2069,24,2137,44,2093,0.45454545454545453,0.45454545454545453,0.9885332059245103,0.9885332059245103,0.011466794075489728,0.5454545454545454,0.9775386055217595,0.7215393302349824,0.45454545454545453,0.45454545454545453,0.4430786604699648,0.7855405464101116,0.2223491558949627
4,weighted_fire_specificity_silence_npv,CWE-328,7,29,2057,44,2137,51,2086,0.19444444444444445,0.13725490196078433,0.986097794822627,0.9790575916230366,0.013902205177372963,0.8627450980392157,0.9658399625643426,0.5616763483917057,0.16091954022988506,0.14583333333333334,0.1462940328459657,0.5616763483917057,0.040039872889108305
4,weighted_fire_specificity_silence_npv,CWE-330,19,34,2037,47,2137,66,2071,0.3584905660377358,0.2878787878787879,0.9835828102366007,0.977447216890595,0.016417189763399325,0.7121212121212122,0.9620963968179691,0.6357307990576943,0.31932773109243695,0.29968454258675076,0.30198378668575104,0.6357307990576943,0.1370506433702296
4,weighted_fire_specificity_silence_npv,CWE-347,1,0,2105,31,2137,32,2105,1.0,0.03125,1.0,0.9854868913857678,0.0,0.96875,0.985493682732803,0.515625,0.06060606060606061,0.03875968992248062,0.17548921720665703,0.515625,0.04278324932858281
4,weighted_fire_specificity_silence_npv,CWE-352,0,0,2098,39,2137,39,2098,,0.0,1.0,0.9817501169864296,0.0,1.0,0.9817501169864296,0.5,,,,0.5,0.01863668260289893
4,weighted_fire_specificity_silence_npv,CWE-359,3,26,2000,108,2137,111,2026,0.10344827586206896,0.02702702702702703,0.9871668311944719,0.9487666034155597,0.012833168805528134,0.972972972972973,0.9372952737482452,0.5070969291107494,0.042857142857142864,0.031712473572938694,0.02722371380835728,0.5070969291107494,0.04003558020087017
4,weighted_fire_specificity_silence_npv,CWE-377,5,18,2103,11,2137,16,2121,0.21739130434782608,0.3125,0.9915134370579916,0.9947965941343425,0.008486562942008486,0.6875,0.9864295741693964,0.6520067185289957,0.2564102564102564,0.2873563218390805,0.25398419698807295,0.7211073785950024,0.17550192790271188
4,weighted_fire_specificity_silence_npv,CWE-400,3,6,2059,69,2137,72,2065,0.3333333333333333,0.041666666666666664,0.9970944309927361,0.9675751879699248,0.0029055690072639223,0.9583333333333334,0.9649040711277492,0.5193805488297014,0.07407407407407407,0.0505050505050505,0.10799789155711356,0.542594834543987,0.05834317494792524
4,weighted_fire_specificity_silence_npv,CWE-477,0,217,1915,5,2137,5,2132,0.0,0.0,0.898217636022514,0.9973958333333334,0.10178236397748593,1.0,0.8961160505381376,0.449108818011257,,,-0.016280609310609442,0.449108818011257,0.0015182705193798134
4,weighted_fire_specificity_silence_npv,CWE-497,1,10,1985,141,2137,142,1995,0.09090909090909091,0.007042253521126761,0.9949874686716792,0.9336782690498588,0.005012531328320802,0.9929577464788732,0.9293401965372017,0.501014861096403,0.013071895424836602,0.008635578583765112,0.007064383212368155,0.501014861096403,0.0445208962402507
4,weighted_fire_specificity_silence_npv,CWE-502,14,5,2090,28,2137,42,2095,0.7368421052631579,0.3333333333333333,0.9976133651551312,0.9867799811142587,0.002386634844868735,0.6666666666666666,0.9845577912962097,0.6654733492442323,0.4590163934426229,0.374331550802139,0.4893672858293049,0.6647346289351063,0.2974078064229665
4,weighted_fire_specificity_silence_npv,CWE-521,1,1,2070,65,2137,66,2071,0.5,0.015151515151515152,0.9995171414775471,0.9695550351288056,0.0004828585224529213,0.9848484848484849,0.9691155825924193,0.5073343283145312,0.029411764705882356,0.018796992481203006,0.08299241880287442,0.5073343283145311,0.040528754509326546
4,weighted_fire_specificity_silence_npv,CWE-522,0,0,2044,93,2137,93,2044,,0.0,1.0,0.956481048198409,0.0,1.0,0.956481048198409,0.5,,,,0.5,0.030811815227386862
4,weighted_fire_specificity_silence_npv,CWE-532,5,18,1990,124,2137,129,2008,0.21739130434782608,0.03875968992248062,0.9910358565737052,0.9413434247871334,0.008964143426294821,0.9612403100775194,0.9335517080018718,0.5148977732480929,0.06578947368421052,0.0463821892393321,0.06877200013450345,0.5148591679792458,0.050723534214706795
4,weighted_fire_specificity_silence_npv,CWE-601,9,13,2076,39,2137,48,2089,0.4090909090909091,0.1875,0.9937769267592149,0.9815602836879432,0.006223073240785065,0.8125,0.9756668226485727,0.5906384633796075,0.2571428571428571,0.2102803738317757,0.266112847607499,0.5907581378650072,0.15830360382854894
4,weighted_fire_specificity_silence_npv,CWE-605,4,26,2099,8,2137,12,2125,0.13333333333333333,0.3333333333333333,0.987764705882353,0.996203132415757,0.01223529411764706,0.6666666666666666,0.984089845577913,0.6605490196078432,0.19047619047619044,0.2564102564102564,0.20394583878805375,0.6605490196078432,0.07272454871467766
4,weighted_fire_specificity_silence_npv,CWE-611,1,2,2116,18,2137,19,2118,0.3333333333333333,0.05263157894736842,0.9990557129367328,0.9915651358950328,0.0009442870632672333,0.9473684210526315,0.9906410856340665,0.5258436459420506,0.09090909090909091,0.06329113924050632,0.1295882788361055,0.7539386710402067,0.09504118040989878
4,weighted_fire_specificity_silence_npv,CWE-614,6,26,2034,71,2137,77,2060,0.1875,0.07792207792207792,0.987378640776699,0.966270783847981,0.01262135922330097,0.922077922077922,0.9546092653252223,0.5326503593493884,0.11009174311926605,0.08823529411764705,0.10020650028889065,0.5326944899760434,0.05343728164131475
4,weighted_fire_specificity_silence_npv,CWE-643,3,7,2081,46,2137,49,2088,0.3,0.061224489795918366,0.9966475095785441,0.9783732957216738,0.003352490421455939,0.9387755102040817,0.9751988769302761,0.5289359996872313,0.10169491525423728,0.07281553398058252,0.1269252504266655,0.5289359996872313,0.035866584211674955
4,weighted_fire_specificity_silence_npv,CWE-668,0,1,1784,352,2137,352,1785,0.0,0.0,0.9994397759103641,0.8352059925093633,0.0005602240896358543,1.0,0.8348151614412728,0.4997198879551821,,,-0.009608411566116748,0.4997198879551821,0.10398867438132316
4,weighted_fire_specificity_silence_npv,CWE-706,0,6,2029,102,2137,102,2035,0.0,0.0,0.9970515970515971,0.9521351478179259,0.0029484029484029483,1.0,0.9494618624239588,0.49852579852579854,,,-0.01187959895360524,0.49852579852579854,0.05071628764632965
4,weighted_fire_specificity_silence_npv,CWE-73,0,32,1985,120,2137,120,2017,0.0,0.0,0.984134853743183,0.9429928741092637,0.015865146256817054,1.0,0.928872250818905,0.4920674268715915,,,-0.030073682679999703,0.4920674268715915,0.04112937684803827
4,weighted_fire_specificity_silence_npv,CWE-732,7,2,2075,53,2137,60,2077,0.7777777777777778,0.11666666666666667,0.999037072701011,0.9750939849624061,0.0009629272989889263,0.8833333333333333,0.9742629854936827,0.5578518696838388,0.2028985507246377,0.14056224899598393,0.2951441651352341,0.5578799550633927,0.14491125018684625
4,weighted_fire_specificity_silence_npv,CWE-74,9,2,1793,333,2137,342,1795,0.8181818181818182,0.02631578947368421,0.9988857938718663,0.8433678269049859,0.0011142061281337048,0.9736842105263158,0.843238184370613,0.5126007916727753,0.0509915014164306,0.032632342277012324,0.1291204806290406,0.5126007916727753,0.20023132061021073
4,weighted_fire_specificity_silence_npv,CWE-770,0,0,2084,53,2137,53,2084,,0.0,1.0,0.9751988769302761,0.0,1.0,0.9751988769302761,0.5,,,,0.5,0.027923456755261856
4,weighted_fire_specificity_silence_npv,CWE-776,2,2,2099,34,2137,36,2101,0.5,0.05555555555555555,0.9990480723465016,0.9840600093764651,0.0009519276534983341,0.9444444444444444,0.9831539541413196,0.5273018139510286,0.09999999999999999,0.06756756756756757,0.1625774665636626,0.5273018139510286,0.04744741115175065
4,weighted_fire_specificity_silence_npv,CWE-78,10,5,2023,99,2137,109,2028,0.6666666666666666,0.09174311926605505,0.997534516765286,0.9533459000942507,0.002465483234714004,0.908256880733945,0.9513336452971455,0.5446388180156705,0.16129032258064516,0.11086474501108648,0.23527272742529834,0.6377752745960227,0.20853405636911174
4,weighted_fire_specificity_silence_npv,CWE-79,16,20,1996,105,2137,121,2016,0.4444444444444444,0.1322314049586777,0.9900793650793651,0.9500237981913374,0.00992063492063492,0.8677685950413223,0.9415067852129153,0.5611553850190214,0.20382165605095542,0.15384615384615388,0.21965362394537444,0.5860635576544667,0.14620716578809928
4,weighted_fire_specificity_silence_npv,CWE-798,2,20,2004,111,2137,113,2024,0.09090909090909091,0.017699115044247787,0.9901185770750988,0.9475177304964539,0.009881422924901186,0.9823008849557522,0.9386991109031352,0.5039088460596732,0.02962962962962963,0.02109704641350211,0.017332312565658023,0.5038957291265872,0.03804141828414506
4,weighted_fire_specificity_silence_npv,CWE-80,0,2,2017,118,2137,118,2019,0.0,0.0,0.9990094105993066,0.9447306791569087,0.0009905894006934125,1.0,0.9438465138043987,0.4995047052996533,,,-0.00739927046476136,0.4995047052996533,0.05880174295751613
4,weighted_fire_specificity_silence_npv,CWE-827,0,3,2115,19,2137,19,2118,0.0,0.0,0.9985835694050992,0.9910965323336457,0.00141643059490085,1.0,0.989705194197473,0.4992917847025496,,,-0.003551217256566353,0.4992917847025496,0.005704579619167388
4,weighted_fire_specificity_silence_npv,CWE-829,0,14,2103,20,2137,20,2117,0.0,0.0,0.9933868682097308,0.9905793688177108,0.006613131790269249,1.0,0.984089845577913,0.4966934341048654,,,-0.007893027021111646,0.4966934341048654,0.005857054569433871
4,weighted_fire_specificity_silence_npv,CWE-88,0,9,2063,65,2137,65,2072,0.0,0.0,0.9956563706563707,0.9694548872180451,0.004343629343629344,1.0,0.9653720168460459,0.49782818532818535,,,-0.011518534984283678,0.49782818532818535,0.02942613836233652
4,weighted_fire_specificity_silence_npv,CWE-89,42,32,1995,68,2137,110,2027,0.5675675675675675,0.38181818181818183,0.9842131228416379,0.9670382937469705,0.015786877158362113,0.6181818181818182,0.9532054281703323,0.6830156523299098,0.4565217391304348,0.4085603112840467,0.44236012579768874,0.7698120823429161,0.3240035373700039
4,weighted_fire_specificity_silence_npv,CWE-90,1,1,2098,37,2137,38,2099,0.5,0.02631578947368421,0.9995235826584088,0.9826697892271663,0.0004764173415912339,0.9736842105263158,0.9822180627047262,0.5129196860660465,0.05,0.03246753246753247,0.1116775908620867,0.5129196860660465,0.029479117886503547
4,weighted_fire_specificity_silence_npv,CWE-916,7,29,2057,44,2137,51,2086,0.19444444444444445,0.13725490196078433,0.986097794822627,0.9790575916230366,0.013902205177372963,0.8627450980392157,0.9658399625643426,0.5616763483917057,0.16091954022988506,0.14583333333333334,0.1462940328459657,0.5616763483917057,0.040039872889108305
4,weighted_fire_specificity_silence_npv,CWE-918,2,6,2109,20,2137,22,2115,0.25,0.09090909090909091,0.9971631205673759,0.9906059182714889,0.0028368794326241137,0.9090909090909091,0.9878334113242864,0.5440361057382334,0.13333333333333333,0.10416666666666669,0.14557024186452416,0.5440790887599398,0.05231912280353504
4,weighted_fire_specificity_silence_npv,CWE-93,0,2,2097,38,2137,38,2099,0.0,0.0,0.9990471653168176,0.9822014051522249,0.0009528346831824678,1.0,0.9812821712681329,0.4995235826584088,,,-0.004118145029363702,0.4995235826584088,0.016335023416002816
4,weighted_fire_specificity_silence_npv,CWE-939,0,4,2018,115,2137,115,2022,0.0,0.0,0.9980217606330366,0.9460853258321613,0.0019782393669634025,1.0,0.9443144595226953,0.4990108803165183,,,-0.010327445516478089,0.4990108803165183,0.032993171617548
4,weighted_fire_specificity_silence_npv,CWE-94,2,4,2050,81,2137,83,2054,0.3333333333333333,0.024096385542168676,0.9980525803310614,0.9619896762083529,0.0019474196689386564,0.9759036144578314,0.9602246139447824,0.5110744829366151,0.0449438202247191,0.029585798816568046,0.08087706263161633,0.5854313065308947,0.1053852827730761
4,weighted_fire_specificity_silence_npv,CWE-942,0,0,2060,77,2137,77,2060,,0.0,1.0,0.9639681796911558,0.0,1.0,0.9639681796911558,0.5,,,,0.5,0.025862996939316294
4,weighted_fire_specificity_silence_npv,CWE-95,8,8,2053,68,2137,76,2061,0.5,0.10526315789473684,0.9961183891314895,0.967939651107968,0.0038816108685104317,0.8947368421052632,0.9644361254094524,0.5506907735131132,0.17391304347826086,0.125,0.21780827749247372,0.6031978600066396,0.15697752737826107
4,weighted_fire_specificity_silence_npv,CWE-96,2,17,2045,73,2137,75,2062,0.10526315789473684,0.02666666666666667,0.9917555771096024,0.965533522190746,0.008244422890397672,0.9733333333333334,0.957884885353299,0.5092111218881346,0.04255319148936171,0.031347962382445145,0.03611417587437505,0.5092111218881344,0.03764811728680581
4,weighted_fire_specificity_silence_npv,CWE-99,0,32,2065,40,2137,40,2097,0.0,0.0,0.9847401049117788,0.9809976247030879,0.015259895088221268,1.0,0.9663079082826392,0.4923700524558894,,,-0.01702863040464166,0.4923700524558894,0.014740696739776354
4,weighted_fire_specificity_silence_sensitivity,CWE-113,2,0,2027,108,2137,110,2027,1.0,0.01818181818181818,1.0,0.9494145199063232,0.0,0.9818181818181818,0.9494618624239588,0.509090909090909,0.03571428571428572,0.02262443438914027,0.13138524338796564,0.509090909090909,0.06209554363963852
4,weighted_fire_specificity_silence_sensitivity,CWE-116,1,53,2063,20,2137,21,2116,0.018518518518518517,0.047619047619047616,0.974952741020794,0.9903984637542007,0.02504725897920605,0.9523809523809523,0.9658399625643426,0.5112858943199208,0.02666666666666667,0.036231884057971016,0.014187044765032348,0.5113759114231704,0.010560493829390834
4,weighted_fire_specificity_silence_sensitivity,CWE-117,0,2,2039,96,2137,96,2041,0.0,0.0,0.9990200881920627,0.9550351288056206,0.0009799118079372856,1.0,0.9541413196069256,0.49951004409603134,,,-0.006637891851013504,0.49951004409603134,0.03357964162320022
4,weighted_fire_specificity_silence_sensitivity,CWE-1333,1,4,2095,37,2137,38,2099,0.2,0.02631578947368421,0.9980943306336351,0.9826454033771107,0.0019056693663649356,0.9736842105263158,0.9808142255498362,0.5122050600536596,0.046511627906976744,0.03184713375796178,0.06677122309412228,0.5122050600536596,0.0398320955002125
4,weighted_fire_specificity_silence_sensitivity,CWE-185,0,0,2127,10,2137,10,2127,,0.0,1.0,0.9953205428170332,0.0,1.0,0.9953205428170332,0.5,,,,0.5,0.004736649137064305
4,weighted_fire_specificity_silence_sensitivity,CWE-20,24,366,1600,147,2137,171,1966,0.06153846153846154,0.14035087719298245,0.8138351983723296,0.9158557527189468,0.1861648016276704,0.8596491228070176,0.7599438465138044,0.47709303778265605,0.0855614973262032,0.11173184357541899,-0.03218166807046897,0.4745795482262795,0.058495704200020135
4,weighted_fire_specificity_silence_sensitivity,CWE-200,5,19,1899,214,2137,219,1918,0.20833333333333334,0.0228310502283105,0.9900938477580813,0.8987221959299574,0.009906152241918665,0.9771689497716894,0.8909686476368741,0.5064624489931959,0.04115226337448559,0.027777777777777773,0.03719787352265205,0.5065041114936125,0.07578308245398527
4,weighted_fire_specificity_silence_sensitivity,CWE-208,9,75,1943,110,2137,119,2018,0.10714285714285714,0.07563025210084033,0.9628344895936571,0.9464198733560643,0.037165510406342916,0.9243697478991597,0.9134300421151147,0.5192323708472487,0.08866995073891626,0.08035714285714285,0.04539026980634718,0.5192323708472487,0.04741748174726266
4,weighted_fire_specificity_silence_sensitivity,CWE-209,5,6,2002,124,2137,129,2008,0.45454545454545453,0.03875968992248062,0.9970119521912351,0.9416745061147695,0.00298804780876494,0.9612403100775194,0.939167056621432,0.5178858210568579,0.07142857142857142,0.04743833017077798,0.11905225168407375,0.5178858210568579,0.06421117454932274
4,weighted_fire_specificity_silence_sensitivity,CWE-215,1,43,1984,109,2137,110,2027,0.022727272727272728,0.00909090909090909,0.978786383818451,0.9479216435738175,0.021213616181549086,0.990909090909091,0.928872250818905,0.49393864645468,0.012987012987012988,0.010330578512396695,-0.01886304828162038,0.49393864645468,0.03571364393863543
4,weighted_fire_specificity_silence_sensitivity,CWE-22,8,31,2025,73,2137,81,2056,0.20512820512820512,0.09876543209876543,0.9849221789883269,0.9652049571020019,0.015077821011673152,0.9012345679012346,0.9513336452971455,0.5418438055435462,0.13333333333333333,0.11019283746556473,0.11939336428778678,0.5420719844357976,0.09532143523463601
4,weighted_fire_specificity_silence_sensitivity,CWE-23,7,25,2031,74,2137,81,2056,0.21875,0.08641975308641975,0.9878404669260701,0.9648456057007125,0.012159533073929961,0.9135802469135802,0.9536733738886289,0.5371301100062449,0.12389380530973453,0.09831460674157302,0.11676407869144192,0.5371301100062449,0.08737240581200023
4,weighted_fire_specificity_silence_sensitivity,CWE-259,20,111,1918,88,2137,108,2029,0.15267175572519084,0.18518518518518517,0.9452932479053721,0.9561316051844466,0.05470675209462789,0.8148148148148148,0.9068788020589612,0.5652392165452786,0.1673640167364017,0.17761989342806395,0.119149032922957,0.5649357464906997,0.06878993688128052
4,weighted_fire_specificity_silence_sensitivity,CWE-276,4,4,2078,51,2137,55,2082,0.5,0.07272727272727272,0.9980787704130644,0.9760450915922968,0.0019212295869356388,0.9272727272727272,0.9742629854936827,0.5354030215701685,0.12698412698412698,0.08771929824561403,0.18359430626255788,0.5354030215701685,0.05717199161091128
4,weighted_fire_specificity_silence_sensitivity,CWE-284,0,0,1722,415,2137,415,1722,,0.0,1.0,0.8058025269068788,0.0,1.0,0.8058025269068788,0.5,,,,0.5,0.12441539844544516
4,weighted_fire_specificity_silence_sensitivity,CWE-287,2,5,1910,220,2137,222,1915,0.2857142857142857,0.009009009009009009,0.9973890339425587,0.8967136150234741,0.0026109660574412533,0.990990990990991,0.8947122133832476,0.5031990214757839,0.017467248908296942,0.011173184357541898,0.03416403876131344,0.5031990214757839,0.07128106646323507
4,weighted_fire_specificity_silence_sensitivity,CWE-295,0,2,2074,61,2137,61,2076,0.0,0.0,0.9990366088631984,0.9714285714285714,0.0009633911368015414,1.0,0.9705194197473093,0.4995183044315992,,,-0.005246471295210964,0.4995183044315992,0.02804904928748181
4,weighted_fire_specificity_silence_sensitivity,CWE-312,0,29,2068,40,2137,40,2097,0.0,0.0,0.9861707200762995,0.9810246679316889,0.013829279923700524,1.0,0.9677117454375292,0.49308536003814973,,,-0.016199233896016404,0.49308536003814973,0.011107628811426297
4,weighted_fire_specificity_silence_sensitivity,CWE-315,0,10,2096,31,2137,31,2106,0.0,0.0,0.9952516619183286,0.9854254818993888,0.004748338081671415,1.0,0.9808142255498362,0.4976258309591643,,,-0.008318938593302721,0.4976258309591643,0.008609132246868696
4,weighted_fire_specificity_silence_sensitivity,CWE-319,7,43,2017,70,2137,77,2060,0.14,0.09090909090909091,0.9791262135922331,0.9664590321034978,0.02087378640776699,0.9090909090909091,0.9471221338324755,0.535017652250662,0.11023622047244096,0.09776536312849161,0.08634749984964643,0.534973521624007,0.03541807816307468
4,weighted_fire_specificity_silence_sensitivity,CWE-321,2,17,2007,111,2137,113,2024,0.10526315789473684,0.017699115044247787,0.991600790513834,0.9475920679886686,0.008399209486166008,0.9823008849557522,0.9401029480580253,0.5046499527790409,0.0303030303030303,0.02123142250530785,0.022170895538221946,0.5046499527790409,0.03832395441178247
4,weighted_fire_specificity_silence_sensitivity,CWE-326,0,7,2090,40,2137,40,2097,0.0,0.0,0.9966618979494516,0.9812206572769953,0.0033381020505484026,1.0,0.9780065512400562,0.4983309489747258,,,-0.007917535124747676,0.4983309489747258,0.012583520546041898
4,weighted_fire_specificity_silence_sensitivity,CWE-327,26,48,2045,18,2137,44,2093,0.35135135135135137,0.5909090909090909,0.9770664118490205,0.9912748424624334,0.022933588150979456,0.4090909090909091,0.9691155825924193,0.7839877513790557,0.4406779661016949,0.52,0.44113862298543133,0.7855405464101116,0.2223491558949627
4,weighted_fire_specificity_silence_sensitivity,CWE-328,7,29,2057,44,2137,51,2086,0.19444444444444445,0.13725490196078433,0.986097794822627,0.9790575916230366,0.013902205177372963,0.8627450980392157,0.9658399625643426,0.5616763483917057,0.16091954022988506,0.14583333333333334,0.1462940328459657,0.5616763483917057,0.040039872889108305
4,weighted_fire_specificity_silence_sensitivity,CWE-330,19,34,2037,47,2137,66,2071,0.3584905660377358,0.2878787878787879,0.9835828102366007,0.977447216890595,0.016417189763399325,0.7121212121212122,0.9620963968179691,0.6357307990576943,0.31932773109243695,0.29968454258675076,0.30198378668575104,0.6357307990576943,0.1370506433702296
4,weighted_fire_specificity_silence_sensitivity,CWE-347,1,0,2105,31,2137,32,2105,1.0,0.03125,1.0,0.9854868913857678,0.0,0.96875,0.985493682732803,0.515625,0.06060606060606061,0.03875968992248062,0.17548921720665703,0.515625,0.04278324932858281
4,weighted_fire_specificity_silence_sensitivity,CWE-352,0,0,2098,39,2137,39,2098,,0.0,1.0,0.9817501169864296,0.0,1.0,0.9817501169864296,0.5,,,,0.5,0.01863668260289893
4,weighted_fire_specificity_silence_sensitivity,CWE-359,3,26,2000,108,2137,111,2026,0.10344827586206896,0.02702702702702703,0.9871668311944719,0.9487666034155597,0.012833168805528134,0.972972972972973,0.9372952737482452,0.5070969291107494,0.042857142857142864,0.031712473572938694,0.02722371380835728,0.5070969291107494,0.04003558020087017
4,weighted_fire_specificity_silence_sensitivity,CWE-377,8,180,1941,8,2137,16,2121,0.0425531914893617,0.5,0.9151343705799151,0.995895330938943,0.08486562942008487,0.5,0.9120262049602246,0.7075671852899575,0.0784313725490196,0.15873015873015872,0.12633805110892776,0.7172766383781235,0.17591881676991306
4,weighted_fire_specificity_silence_sensitivity,CWE-400,9,85,1980,63,2137,72,2065,0.09574468085106383,0.125,0.9588377723970944,0.9691629955947136,0.04116222760290557,0.875,0.9307440336920917,0.5419188861985472,0.10843373493975904,0.11780104712041885,0.0737679808906638,0.5412429378531074,0.04793796584569933
4,weighted_fire_specificity_silence_sensitivity,CWE-477,0,217,1915,5,2137,5,2132,0.0,0.0,0.898217636022514,0.9973958333333334,0.10178236397748593,1.0,0.8961160505381376,0.449108818011257,,,-0.016280609310609442,0.449108818011257,0.0015182705193798134
4,weighted_fire_specificity_silence_sensitivity,CWE-497,1,10,1985,141,2137,142,1995,0.09090909090909091,0.007042253521126761,0.9949874686716792,0.9336782690498588,0.005012531328320802,0.9929577464788732,0.9293401965372017,0.501014861096403,0.013071895424836602,0.008635578583765112,0.007064383212368155,0.501014861096403,0.0445208962402507
4,weighted_fire_specificity_silence_sensitivity,CWE-502,14,11,2084,28,2137,42,2095,0.56,0.3333333333333333,0.9947494033412888,0.9867424242424242,0.005250596658711217,0.6666666666666666,0.9817501169864296,0.6640413683373111,0.41791044776119407,0.36269430051813467,0.42352892557837396,0.6647346289351063,0.2974078064229665
4,weighted_fire_specificity_silence_sensitivity,CWE-521,1,1,2070,65,2137,66,2071,0.5,0.015151515151515152,0.9995171414775471,0.9695550351288056,0.0004828585224529213,0.9848484848484849,0.9691155825924193,0.5073343283145312,0.029411764705882356,0.018796992481203006,0.08299241880287442,0.5073343283145311,0.040528754509326546
4,weighted_fire_specificity_silence_sensitivity,CWE-522,0,0,2044,93,2137,93,2044,,0.0,1.0,0.956481048198409,0.0,1.0,0.956481048198409,0.5,,,,0.5,0.030811815227386862
4,weighted_fire_specificity_silence_sensitivity,CWE-532,5,18,1990,124,2137,129,2008,0.21739130434782608,0.03875968992248062,0.9910358565737052,0.9413434247871334,0.008964143426294821,0.9612403100775194,0.9335517080018718,0.5148977732480929,0.06578947368421052,0.0463821892393321,0.06877200013450345,0.51493637851694,0.05328179525841299
4,weighted_fire_specificity_silence_sensitivity,CWE-601,9,13,2076,39,2137,48,2089,0.4090909090909091,0.1875,0.9937769267592149,0.9815602836879432,0.006223073240785065,0.8125,0.9756668226485727,0.5906384633796075,0.2571428571428571,0.2102803738317757,0.266112847607499,0.5908578666028402,0.16761093422962936
4,weighted_fire_specificity_silence_sensitivity,CWE-605,4,26,2099,8,2137,12,2125,0.13333333333333333,0.3333333333333333,0.987764705882353,0.996203132415757,0.01223529411764706,0.6666666666666666,0.984089845577913,0.6605490196078432,0.19047619047619044,0.2564102564102564,0.20394583878805375,0.6605490196078432,0.07272454871467766
4,weighted_fire_specificity_silence_sensitivity,CWE-611,10,40,2078,9,2137,19,2118,0.2,0.5263157894736842,0.9811142587346553,0.9956875898418783,0.018885741265344664,0.47368421052631576,0.9770706598034627,0.7537150241041697,0.28985507246376807,0.39682539682539675,0.31511547589294636,0.7529943839769395,0.07677346428177223
4,weighted_fire_specificity_silence_sensitivity,CWE-614,6,26,2034,71,2137,77,2060,0.1875,0.07792207792207792,0.987378640776699,0.966270783847981,0.01262135922330097,0.922077922077922,0.9546092653252223,0.5326503593493884,0.11009174311926605,0.08823529411764705,0.10020650028889065,0.5326944899760434,0.05343728164131475
4,weighted_fire_specificity_silence_sensitivity,CWE-643,3,7,2081,46,2137,49,2088,0.3,0.061224489795918366,0.9966475095785441,0.9783732957216738,0.003352490421455939,0.9387755102040817,0.9751988769302761,0.5289359996872313,0.10169491525423728,0.07281553398058252,0.1269252504266655,0.5289359996872313,0.035866584211674955
4,weighted_fire_specificity_silence_sensitivity,CWE-668,0,1,1784,352,2137,352,1785,0.0,0.0,0.9994397759103641,0.8352059925093633,0.0005602240896358543,1.0,0.8348151614412728,0.4997198879551821,,,-0.009608411566116748,0.4997198879551821,0.10398867438132316
4,weighted_fire_specificity_silence_sensitivity,CWE-706,0,6,2029,102,2137,102,2035,0.0,0.0,0.9970515970515971,0.9521351478179259,0.0029484029484029483,1.0,0.9494618624239588,0.49852579852579854,,,-0.01187959895360524,0.49852579852579854,0.05071628764632965
4,weighted_fire_specificity_silence_sensitivity,CWE-73,0,32,1985,120,2137,120,2017,0.0,0.0,0.984134853743183,0.9429928741092637,0.015865146256817054,1.0,0.928872250818905,0.4920674268715915,,,-0.030073682679999703,0.4920674268715915,0.04112937684803827
4,weighted_fire_specificity_silence_sensitivity,CWE-732,7,2,2075,53,2137,60,2077,0.7777777777777778,0.11666666666666667,0.999037072701011,0.9750939849624061,0.0009629272989889263,0.8833333333333333,0.9742629854936827,0.5578518696838388,0.2028985507246377,0.14056224899598393,0.2951441651352341,0.5578799550633927,0.14491125018684625
4,weighted_fire_specificity_silence_sensitivity,CWE-74,9,2,1793,333,2137,342,1795,0.8181818181818182,0.02631578947368421,0.9988857938718663,0.8433678269049859,0.0011142061281337048,0.9736842105263158,0.843238184370613,0.5126007916727753,0.0509915014164306,0.032632342277012324,0.1291204806290406,0.5126007916727753,0.20023132061021073
4,weighted_fire_specificity_silence_sensitivity,CWE-770,0,0,2084,53,2137,53,2084,,0.0,1.0,0.9751988769302761,0.0,1.0,0.9751988769302761,0.5,,,,0.5,0.027923456755261856
4,weighted_fire_specificity_silence_sensitivity,CWE-776,2,2,2099,34,2137,36,2101,0.5,0.05555555555555555,0.9990480723465016,0.9840600093764651,0.0009519276534983341,0.9444444444444444,0.9831539541413196,0.5273018139510286,0.09999999999999999,0.06756756756756757,0.1625774665636626,0.5273018139510286,0.04744741115175065
4,weighted_fire_specificity_silence_sensitivity,CWE-78,39,187,1841,70,2137,109,2028,0.17256637168141592,0.3577981651376147,0.9077909270216963,0.9633699633699634,0.09220907297830375,0.6422018348623854,0.8797379503977538,0.6327945460796555,0.23283582089552238,0.2945619335347432,0.1900084414381628,0.6371238441633643,0.20507367468383983
4,weighted_fire_specificity_silence_sensitivity,CWE-79,24,56,1960,97,2137,121,2016,0.3,0.19834710743801653,0.9722222222222222,0.9528439474963539,0.027777777777777776,0.8016528925619835,0.9284043051006083,0.5852846648301193,0.23880597014925373,0.2127659574468085,0.20767142950608705,0.586211137347501,0.14733051126931687
4,weighted_fire_specificity_silence_sensitivity,CWE-798,2,20,2004,111,2137,113,2024,0.09090909090909091,0.017699115044247787,0.9901185770750988,0.9475177304964539,0.009881422924901186,0.9823008849557522,0.9386991109031352,0.5039088460596732,0.02962962962962963,0.02109704641350211,0.017332312565658023,0.5039219629927595,0.038266773842523444
4,weighted_fire_specificity_silence_sensitivity,CWE-80,0,2,2017,118,2137,118,2019,0.0,0.0,0.9990094105993066,0.9447306791569087,0.0009905894006934125,1.0,0.9438465138043987,0.4995047052996533,,,-0.00739927046476136,0.4995047052996533,0.05880174295751613
4,weighted_fire_specificity_silence_sensitivity,CWE-827,0,3,2115,19,2137,19,2118,0.0,0.0,0.9985835694050992,0.9910965323336457,0.00141643059490085,1.0,0.989705194197473,0.4992917847025496,,,-0.003551217256566353,0.4992917847025496,0.005704579619167388
4,weighted_fire_specificity_silence_sensitivity,CWE-829,0,14,2103,20,2137,20,2117,0.0,0.0,0.9933868682097308,0.9905793688177108,0.006613131790269249,1.0,0.984089845577913,0.4966934341048654,,,-0.007893027021111646,0.4966934341048654,0.005857054569433871
4,weighted_fire_specificity_silence_sensitivity,CWE-88,0,9,2063,65,2137,65,2072,0.0,0.0,0.9956563706563707,0.9694548872180451,0.004343629343629344,1.0,0.9653720168460459,0.49782818532818535,,,-0.011518534984283678,0.49782818532818535,0.02942613836233652
4,weighted_fire_specificity_silence_sensitivity,CWE-89,62,38,1989,48,2137,110,2027,0.62,0.5636363636363636,0.981253083374445,0.9764359351988218,0.018746916625555006,0.43636363636363634,0.9597566682264858,0.7724447235054043,0.5904761904761904,0.5740740740740741,0.5700803863560476,0.7698210521594834,0.3241845841864947
4,weighted_fire_specificity_silence_sensitivity,CWE-90,1,1,2098,37,2137,38,2099,0.5,0.02631578947368421,0.9995235826584088,0.9826697892271663,0.0004764173415912339,0.9736842105263158,0.9822180627047262,0.5129196860660465,0.05,0.03246753246753247,0.1116775908620867,0.5129196860660465,0.029479117886503547
4,weighted_fire_specificity_silence_sensitivity,CWE-916,7,29,2057,44,2137,51,2086,0.19444444444444445,0.13725490196078433,0.986097794822627,0.9790575916230366,0.013902205177372963,0.8627450980392157,0.9658399625643426,0.5616763483917057,0.16091954022988506,0.14583333333333334,0.1462940328459657,0.5616763483917057,0.040039872889108305
4,weighted_fire_specificity_silence_sensitivity,CWE-918,2,6,2109,20,2137,22,2115,0.25,0.09090909090909091,0.9971631205673759,0.9906059182714889,0.0028368794326241137,0.9090909090909091,0.9878334113242864,0.5440361057382334,0.13333333333333333,0.10416666666666669,0.14557024186452416,0.5440790887599398,0.05231912280353504
4,weighted_fire_specificity_silence_sensitivity,CWE-93,0,2,2097,38,2137,38,2099,0.0,0.0,0.9990471653168176,0.9822014051522249,0.0009528346831824678,1.0,0.9812821712681329,0.4995235826584088,,,-0.004118145029363702,0.4995235826584088,0.016335023416002816
4,weighted_fire_specificity_silence_sensitivity,CWE-939,0,4,2018,115,2137,115,2022,0.0,0.0,0.9980217606330366,0.9460853258321613,0.0019782393669634025,1.0,0.9443144595226953,0.4990108803165183,,,-0.010327445516478089,0.4990108803165183,0.032993171617548
4,weighted_fire_specificity_silence_sensitivity,CWE-94,17,74,1980,66,2137,83,2054,0.18681318681318682,0.20481927710843373,0.9639727361246349,0.967741935483871,0.03602726387536514,0.7951807228915663,0.9344875994384652,0.5843960066165343,0.19540229885057472,0.20094562647754138,0.16151678008183393,0.5842640278739104,0.08232170182217091
4,weighted_fire_specificity_silence_sensitivity,CWE-942,0,0,2060,77,2137,77,2060,,0.0,1.0,0.9639681796911558,0.0,1.0,0.9639681796911558,0.5,,,,0.5,0.025862996939316294
4,weighted_fire_specificity_silence_sensitivity,CWE-95,17,38,2023,59,2137,76,2061,0.3090909090909091,0.2236842105263158,0.9815623483745755,0.9716618635926993,0.018437651625424552,0.7763157894736842,0.9546092653252223,0.6026232794504456,0.2595419847328244,0.23676880222841226,0.24004903768854138,0.6031978600066396,0.15697752737826107
4,weighted_fire_specificity_silence_sensitivity,CWE-96,2,17,2045,73,2137,75,2062,0.10526315789473684,0.02666666666666667,0.9917555771096024,0.965533522190746,0.008244422890397672,0.9733333333333334,0.957884885353299,0.5092111218881346,0.04255319148936171,0.031347962382445145,0.03611417587437505,0.5092111218881344,0.03764811728680581
4,weighted_fire_specificity_silence_sensitivity,CWE-99,0,32,2065,40,2137,40,2097,0.0,0.0,0.9847401049117788,0.9809976247030879,0.015259895088221268,1.0,0.9663079082826392,0.4923700524558894,,,-0.01702863040464166,0.4923700524558894,0.014740696739776354
