strategy,family,precision,recall,specificity,npv,fpr,fnr,f1,f2,mcc,accuracy,balanced_accuracy,roc_auc,pr_auc,positive_support
tool:codeql,CWE-118,0.367465004656494,0.008880491261218707,0.9992927573015254,0.956432547268786,0.0007072426984746474,0.9911195087387814,0.017340733367636828,0.011033760493134896,0.05143357217261176,0.9558028102144952,0.5040866242813721,0.5040866242813721,0.047875332978180384,10585
tool:codeql,CWE-190,0.02353081700907788,0.002135231316725979,0.9994658883524581,0.9941766112067153,0.0005341116475419442,0.997864768683274,0.006522032419420729,0.004349100590773101,0.005320402451912549,0.9936487801983134,0.500800559834592,0.5008005598345919,0.0063727115484187025,1406
tool:codeql,CWE-191,0.0,0.0,0.9997675288290424,0.9993070540151126,0.00023247117095755951,1.0,,,-0.00040009495039255023,0.9990749054935479,0.4998837644145212,0.4998837644145212,0.00038801532953828264,167
tool:codeql,CWE-20,0.05331664679620811,0.007786824574389342,0.9989085420467132,0.9920632939170734,0.0010914579532868096,0.9922131754256107,0.013583717941545592,0.009389546545926258,0.017423379250263556,0.990989642764619,0.5033476833105512,0.5033476833105512,0.01078602472031904,1926
tool:codeql,CWE-269,,0.0,1.0,0.9995146361616323,0.0,1.0,,,,0.9995146361616323,0.5,0.5,0.0006285395547129194,117
tool:codeql,CWE-285,0.05012066950147446,0.03176691729323308,0.9992773370457158,0.9988624716504709,0.0007226629542842494,0.968233082706767,0.03872721116734353,0.03420703176246511,0.03891095238444108,0.9981415210093608,0.5155221271694744,0.5155221271694744,0.002817442365319934,283
tool:codeql,CWE-287,1.0,0.003125,1.0,0.9986807986163683,0.0,0.996875,0.03076923076923077,0.019455252918287938,0.12491829259195103,0.9986808040383661,0.5015625,0.5015625,0.004575814573997631,319
tool:codeql,CWE-369,0.0,0.0,0.99999169392088,0.9988633259651294,8.306079119917782e-06,1.0,,,-0.00015391256001451962,0.9988550388262645,0.49999584696044,0.49999584696044,0.0009607508310891389,274
tool:codeql,CWE-400,0.0,0.0,0.9999126755135487,0.99760200839413,8.732448645136723e-05,1.0,,,-0.0004513684164410751,0.9975151017424482,0.49995633775677434,0.49995633775677434,0.0022116078122113385,578
tool:codeql,CWE-404,0.01,0.0008130081300813009,0.9996122211466073,0.9949120617626372,0.00038777885339270923,0.9991869918699188,0.0075187969924812035,0.004980079681274901,0.001449287314832614,0.994528240243987,0.5002126146383443,0.5002126146383443,0.003239177886936631,1227
tool:codeql,CWE-476,,0.0,1.0,0.9930182208471259,0.0,1.0,,,,0.9930182208471259,0.5,0.5,0.008288063523012786,1683
tool:codeql,CWE-662,0.037606837606837605,0.002515723270440252,0.9997627590868351,0.9967095033747626,0.0002372409131648857,0.9974842767295599,0.011766334440753045,0.007728049115514626,0.008810255591173866,0.9964738503949931,0.5011392411786377,0.5011392411786377,0.006164997124172007,795
tool:codeql,CWE-665,0.021052631578947368,0.013793103448275862,0.9995932231160743,0.9994231305129173,0.0004067768839257239,0.9862068965517242,0.08333333333333333,0.07407407407407407,0.016559822434028735,0.9990168307298047,0.5066931632821751,0.5066931632821751,0.008628732437535713,141
tool:codeql,CWE-668,0.06666666666666667,0.0007326007326007326,0.9999249055222796,0.9943452672310474,7.509447772035076e-05,0.9992673992673993,0.007246376811594204,0.0045662100456621,0.006364153031034239,0.9942710438930306,0.5003287531274402,0.5003287531274402,0.005034895140912998,1364
tool:codeql,CWE-704,0.010526315789473684,0.0022727272727272726,0.9995968679962361,0.9981781050550765,0.0004031320037639393,0.9977272727272727,0.018691588785046728,0.013477088948787063,0.004034703514702717,0.9977764496218313,0.5009347976344817,0.5009347976344817,0.0015189792660661693,440
tool:codeql,CWE-705,,0.0,1.0,0.9989048180183874,0.0,1.0,,,,0.9989048180183874,0.5,0.5,0.0012451628588217342,264
tool:codeql,CWE-706,0.0,0.0,0.9999875111011665,0.9966521883401572,1.2488898833611572e-05,1.0,,,-0.0003188540191598752,0.9966397830723365,0.49999375555058323,0.49999375555058323,0.0022833133329091216,807
tool:codeql,CWE-74,,0.0,1.0,0.996108788128773,0.0,1.0,,,,0.996108788128773,0.5,0.5,0.0024526586347124063,938
tool:codeql,CWE-754,0.02222222222222222,0.011764705882352941,0.9997218693127798,0.9993153158414462,0.0002781306872201245,0.9882352941176471,0.07692307692307691,0.06493506493506494,0.015736824431622165,0.9990375727128467,0.5057432875975664,0.5057432875975664,0.007380513938452657,167
tool:codeql,CWE-834,0.08214285714285714,0.008571428571428572,0.9998213618012375,0.9985560776082003,0.00017863819876252261,0.9914285714285714,0.03879453879453879,0.026102158343012005,0.02601711732067576,0.9983779758935883,0.5041963951863331,0.5041963951863331,0.0032026111065965833,351
tool:cppcheck,CWE-118,0.40110197972266937,0.0065186584789796885,0.9995617656438857,0.9563445025664039,0.00043823435611425936,0.9934813415210204,0.012827714209420546,0.008115170974351141,0.0465877346407882,0.9559562959649501,0.5030402120614327,0.5030402120614327,0.047482905302987606,10585
tool:cppcheck,CWE-190,0.08932090926975837,0.004979682491607985,0.9997079017011214,0.9941945160094268,0.0002920982988784478,0.995020317508392,0.011763390259438991,0.00766877224597199,0.019671006209664305,0.9939059750006202,0.5023437920963648,0.5023437920963648,0.007143557821878602,1406
tool:cppcheck,CWE-191,,0.0,1.0,0.9993072153030658,0.0,1.0,,,,0.9993072153030658,0.5,0.5,0.0003880536565441689,167
tool:cppcheck,CWE-20,,0.0,1.0,0.9920101543662359,0.0,1.0,,,,0.9920101543662359,0.5,0.5,0.009020015858162046,1926
tool:cppcheck,CWE-269,,0.0,1.0,0.9995146361616323,0.0,1.0,,,,0.9995146361616323,0.5,0.5,0.0006285395547129194,117
tool:cppcheck,CWE-285,,0.0,1.0,0.9988259989492343,0.0,1.0,,,,0.9988259989492343,0.5,0.5,0.001265222057967953,283
tool:cppcheck,CWE-287,,0.0,1.0,0.998676655263292,0.0,1.0,,,,0.998676655263292,0.5,0.5,0.0014427608801302215,319
tool:cppcheck,CWE-369,0.06666666666666667,0.0036363636363636364,0.9999501630937827,0.9988674231090483,4.983690621737688e-05,0.9963636363636363,0.034482758620689655,0.022421524663677132,0.015337226107570415,0.9988177039802402,0.5017932633650731,0.5017932633650731,0.0021794618088409206,274
tool:cppcheck,CWE-400,0.0,0.0,0.9999958413906389,0.9976022070886824,4.158609361029671e-06,1.0,,,-0.00022368069477533392,0.9975980684682572,0.49999792069531945,0.49999792069531945,0.0022117342504403854,578
tool:cppcheck,CWE-404,0.0044444444444444444,0.0008130081300813009,0.9990659915074638,0.994909291734183,0.0009340084925361893,0.9991869918699188,0.006872852233676977,0.004859086491739554,-0.000273757699338541,0.9939847909716708,0.4999394998187726,0.4999394998187726,0.003223557231928417,1227
tool:cppcheck,CWE-476,0.05447853793341005,0.013660449342941925,0.9983623988298792,0.9931017596377603,0.0016376011701207788,0.986339550657058,0.021820976767323214,0.016062476923974132,0.02389833402458682,0.9914874651458364,0.5060114240864106,0.5060114240864106,0.011067853891733034,1683
tool:cppcheck,CWE-662,,0.0,1.0,0.9967020110854399,0.0,1.0,,,,0.9967020110854399,0.5,0.5,0.0036493300495339014,795
tool:cppcheck,CWE-665,0.007142857142857143,0.020689655172413793,0.9981528601258886,0.9994264508080619,0.0018471398741114811,0.9793103448275862,0.05309734513274336,0.075,0.011127615691455744,0.9975814576204394,0.5094212576491511,0.5094212576491511,0.004919465739073813,141
tool:cppcheck,CWE-668,,0.0,1.0,0.9943415640349805,0.0,1.0,,,,0.9943415640349805,0.5,0.5,0.004790033372528469,1364
tool:cppcheck,CWE-704,0.0,0.0,0.999933498633329,0.9981745767730829,6.650136667094458e-05,1.0,,,-0.0003715880897046474,0.9981083179874363,0.4999667493166645,0.4999667493166645,0.0011397106692641837,440
tool:cppcheck,CWE-705,,0.0,1.0,0.9989048180183874,0.0,1.0,,,,0.9989048180183874,0.5,0.5,0.0012451628588217342,264
tool:cppcheck,CWE-706,,0.0,1.0,0.9966522300861488,0.0,1.0,,,,0.9966522300861488,0.5,0.5,0.002283328262675941,807
tool:cppcheck,CWE-74,,0.0,1.0,0.996108788128773,0.0,1.0,,,,0.996108788128773,0.5,0.5,0.0024526586347124063,938
tool:cppcheck,CWE-754,0.0,0.0,0.9996678960500247,0.9993069859073209,0.00033210394997523947,1.0,,,-0.0004761984224078022,0.9989753408279334,0.49983394802501235,0.49983394802501235,0.0005161870138529104,167
tool:cppcheck,CWE-834,,0.0,1.0,0.9985439073662361,0.0,1.0,,,,0.9985439073662361,0.5,0.5,0.0015403531223751811,351
tool:flawfinder,CWE-118,0.23310103351993194,0.37316957959376473,0.9436241196321594,0.9703949219421858,0.05637588036784054,0.6268304204062353,0.28693425412994983,0.33311324106192325,0.2538936941440618,0.9185748930286671,0.6583968496129622,0.6583968496129622,0.12447300562921142,10585
tool:flawfinder,CWE-190,0.05810813513576193,0.04764140228666616,0.9955309809451725,0.9944189447639961,0.004469019054827451,0.9523585977133339,0.05232736433432211,0.049406142244464955,0.04760743998707371,0.9900023210192062,0.5215861916159193,0.5215861916159193,0.008033316860395054,1406
tool:flawfinder,CWE-191,,0.0,1.0,0.9993072153030658,0.0,1.0,,,,0.9993072153030658,0.5,0.5,0.0003880536565441689,167
tool:flawfinder,CWE-20,0.04019703780927011,0.0685229796110625,0.9868104701244199,0.9924549036918476,0.013189529875580013,0.9314770203889374,0.05064978126848285,0.06003739057314218,0.04249703447992446,0.9794736064000267,0.5276667248677412,0.5276667248677412,0.012829476274990986,1926
tool:flawfinder,CWE-269,0.0,0.0,0.9998256817059126,0.9995145517336519,0.0001743182940873977,1.0,,,-0.0002878536026776052,0.9993404023204819,0.4999128408529563,0.4999128408529563,0.0006284152079499211,117
tool:flawfinder,CWE-285,0.0,0.0,0.9994268425885855,0.998825327021476,0.0005731574114144985,1.0,,,-0.0008133286165426298,0.998253513844378,0.49971342129429275,0.49971342129429275,0.0012648309120856158,283
tool:flawfinder,CWE-287,,0.0,1.0,0.998676655263292,0.0,1.0,,,,0.998676655263292,0.5,0.5,0.0014427608801302215,319
tool:flawfinder,CWE-369,,0.0,1.0,0.9988633354299505,0.0,1.0,,,,0.9988633354299505,0.5,0.5,0.0009607596258400235,274
tool:flawfinder,CWE-400,0.0,0.0,0.9999293075304575,0.9976020482303497,7.069246954254698e-05,1.0,,,-0.0003876931958141087,0.9975316938313983,0.49996465376522875,0.49996465376522875,0.0022116101871244866,578
tool:flawfinder,CWE-404,,0.0,1.0,0.9949098967503192,0.0,1.0,,,,0.9949098967503192,0.5,0.5,0.0031849081586101274,1227
tool:flawfinder,CWE-476,,0.0,1.0,0.9930182208471259,0.0,1.0,,,,0.9930182208471259,0.5,0.5,0.008288063523012786,1683
tool:flawfinder,CWE-662,0.00829662190045093,0.02138364779874214,0.9914883660165161,0.9967446841459209,0.008511633983483953,0.9786163522012579,0.011948596114282858,0.016245277818726374,0.008052806898043384,0.9882889708573988,0.5064360069076291,0.5064360069076291,0.004754336269293977,795
tool:flawfinder,CWE-665,,0.0,1.0,0.9994150742493273,0.0,1.0,,,,0.9994150742493273,0.5,0.5,0.0005812022877734465,141
tool:flawfinder,CWE-668,0.060049334006206365,0.2324068088773971,0.9792983888267305,0.9955593818220994,0.020701611173269532,0.7675931911226029,0.09543258718861826,0.14763334429198963,0.10849647936152285,0.9750721445716748,0.6058525988520638,0.6058525988520638,0.01477684897341631,1364
tool:flawfinder,CWE-704,,0.0,1.0,0.9981746979592373,0.0,1.0,,,,0.9981746979592373,0.5,0.5,0.001139734634890023,440
tool:flawfinder,CWE-705,0.0,0.0,0.9999293992325464,0.9989047405684148,7.060076745358566e-05,1.0,,,-0.0002621818784862526,0.9988342947785703,0.4999646996162732,0.4999646996162732,0.0012450339937084332,264
tool:flawfinder,CWE-706,0.04,0.0012422360248447203,0.999891778874664,0.9966560033947033,0.00010822112533593565,0.9987577639751553,0.012048192771084336,0.007704160246533127,0.006458473913678664,0.9965485190546193,0.5005670074497544,0.5005670074497544,0.0026978208467592054,807
tool:flawfinder,CWE-74,0.35125891145970606,0.24840141085447714,0.9982050401648426,0.9970672964890754,0.0017949598351574773,0.7515985891455228,0.29084236748847314,0.2637755196074348,0.2929999040688097,0.9952873969102273,0.6233032255096599,0.6233032255096599,0.06224323558079888,938
tool:flawfinder,CWE-754,,0.0,1.0,0.9993072153031444,0.0,1.0,,,,0.9993072153031444,0.5,0.5,0.0005163648902691503,167
tool:flawfinder,CWE-834,,0.0,1.0,0.9985439073662361,0.0,1.0,,,,0.9985439073662361,0.5,0.5,0.0015403531223751811,351
tool:ikos,CWE-118,0.5343564038300881,0.01209258384506377,0.9995097112120203,0.9565766261549324,0.0004902887879798282,0.9879074161549362,0.0236429017527156,0.015029531200308394,0.0753445577193085,0.9561512745413492,0.505801147528542,0.505801147528542,0.05004793386828545,10585
tool:ikos,CWE-190,0.3613777526821005,0.022056485197243885,0.9997788462334004,0.9942939484845315,0.00022115376659957215,0.9779435148027561,0.0414260448702516,0.027129568534226278,0.08738482183960872,0.9940760683272284,0.5109176657153222,0.5109176657153222,0.01324290659362177,1406
tool:ikos,CWE-191,0.0,0.0,0.9997633764369664,0.9993070519450902,0.00023662356303344863,1.0,,,-0.00040167433298579115,0.9990707551701739,0.4998816882184832,0.4998816882184832,0.0003879309185990458,167
tool:ikos,CWE-20,,0.0,1.0,0.9920101543662359,0.0,1.0,,,,0.9920101543662359,0.5,0.5,0.009020015858162046,1926
tool:ikos,CWE-269,,0.0,1.0,0.9995146361616323,0.0,1.0,,,,0.9995146361616323,0.5,0.5,0.0006285395547129194,117
tool:ikos,CWE-285,,0.0,1.0,0.9988259989492343,0.0,1.0,,,,0.9988259989492343,0.5,0.5,0.001265222057967953,283
tool:ikos,CWE-287,,0.0,1.0,0.998676655263292,0.0,1.0,,,,0.998676655263292,0.5,0.5,0.0014427608801302215,319
tool:ikos,CWE-369,0.5,0.0036363636363636364,0.9999958464861273,0.9988674749099783,4.1535138727363355e-06,0.9963636363636363,0.03508771929824561,0.022522522522522525,0.09518498311908666,0.9988633354299505,0.5018161050612455,0.5018161050612455,0.004603785939568972,274
tool:ikos,CWE-400,,0.0,1.0,0.9976022170712152,0.0,1.0,,,,0.9976022170712152,0.5,0.5,0.0022117584559739507,578
tool:ikos,CWE-404,0.0,0.0,0.9999082649646844,0.9949094321911478,9.173503531552117e-05,1.0,,,-0.0006698590616616175,0.9948186286022306,0.4999541324823422,0.4999541324823422,0.003184509423073895,1227
tool:ikos,CWE-476,0.19651140561626496,0.013070510103151054,0.9996031385623372,0.9931061376297684,0.000396861437662915,0.986929489896849,0.02445031567658469,0.01605984053192176,0.04879380730810702,0.9927153944236278,0.5063368243327441,0.5063368243327441,0.016200994976288467,1683
tool:ikos,CWE-662,,0.0,1.0,0.9967020110854399,0.0,1.0,,,,0.9967020110854399,0.5,0.5,0.0036493300495339014,795
tool:ikos,CWE-665,0.0,0.0,0.9989041890859032,0.9994144320720648,0.0010958109140968828,1.0,,,-0.0007998101376181339,0.9983199051736424,0.4994520945429516,0.4994520945429516,0.0005796715971358914,141
tool:ikos,CWE-668,,0.0,1.0,0.9943415640349805,0.0,1.0,,,,0.9943415640349805,0.5,0.5,0.004790033372528469,1364
tool:ikos,CWE-704,,0.0,1.0,0.9981746979592373,0.0,1.0,,,,0.9981746979592373,0.5,0.5,0.001139734634890023,440
tool:ikos,CWE-705,,0.0,1.0,0.9989048180183874,0.0,1.0,,,,0.9989048180183874,0.5,0.5,0.0012451628588217342,264
tool:ikos,CWE-706,,0.0,1.0,0.9966522300861488,0.0,1.0,,,,0.9966522300861488,0.5,0.5,0.002283328262675941,807
tool:ikos,CWE-74,,0.0,1.0,0.996108788128773,0.0,1.0,,,,0.996108788128773,0.5,0.5,0.0024526586347124063,938
tool:ikos,CWE-754,,0.0,1.0,0.9993072153031444,0.0,1.0,,,,0.9993072153031444,0.5,0.5,0.0005163648902691503,167
tool:ikos,CWE-834,,0.0,1.0,0.9985439073662361,0.0,1.0,,,,0.9985439073662361,0.5,0.5,0.0015403531223751811,351
tool:joern,CWE-118,0.2359019401940194,0.011053377420878602,0.9983555403307023,0.9564848674888733,0.0016444596692978546,0.9889466225791214,0.021117027867148964,0.013656702415729412,0.042544359655363524,0.9550021548690643,0.5047044588757904,0.5047044588757904,0.046757589601183105,10585
tool:joern,CWE-190,,0.0,1.0,0.9941673310541722,0.0,1.0,,,,0.9941673310541722,0.5,0.5,0.005534718737813842,1406
tool:joern,CWE-191,,0.0,1.0,0.9993072153030658,0.0,1.0,,,,0.9993072153030658,0.5,0.5,0.0003880536565441689,167
tool:joern,CWE-20,,0.0,1.0,0.9920101543662359,0.0,1.0,,,,0.9920101543662359,0.5,0.5,0.009020015858162046,1926
tool:joern,CWE-269,,0.0,1.0,0.9995146361616323,0.0,1.0,,,,0.9995146361616323,0.5,0.5,0.0006285395547129194,117
tool:joern,CWE-285,,0.0,1.0,0.9988259989492343,0.0,1.0,,,,0.9988259989492343,0.5,0.5,0.001265222057967953,283
tool:joern,CWE-287,,0.0,1.0,0.998676655263292,0.0,1.0,,,,0.998676655263292,0.5,0.5,0.0014427608801302215,319
tool:joern,CWE-369,,0.0,1.0,0.9988633354299505,0.0,1.0,,,,0.9988633354299505,0.5,0.5,0.0009607596258400235,274
tool:joern,CWE-400,,0.0,1.0,0.9976022170712152,0.0,1.0,,,,0.9976022170712152,0.5,0.5,0.0022117584559739507,578
tool:joern,CWE-404,,0.0,1.0,0.9949098967503192,0.0,1.0,,,,0.9949098967503192,0.5,0.5,0.0031849081586101274,1227
tool:joern,CWE-476,,0.0,1.0,0.9930182208471259,0.0,1.0,,,,0.9930182208471259,0.5,0.5,0.008288063523012786,1683
tool:joern,CWE-662,,0.0,1.0,0.9967020110854399,0.0,1.0,,,,0.9967020110854399,0.5,0.5,0.0036493300495339014,795
tool:joern,CWE-665,,0.0,1.0,0.9994150742493273,0.0,1.0,,,,0.9994150742493273,0.5,0.5,0.0005812022877734465,141
tool:joern,CWE-668,,0.0,1.0,0.9943415640349805,0.0,1.0,,,,0.9943415640349805,0.5,0.5,0.004790033372528469,1364
tool:joern,CWE-704,,0.0,1.0,0.9981746979592373,0.0,1.0,,,,0.9981746979592373,0.5,0.5,0.001139734634890023,440
tool:joern,CWE-705,,0.0,1.0,0.9989048180183874,0.0,1.0,,,,0.9989048180183874,0.5,0.5,0.0012451628588217342,264
tool:joern,CWE-706,,0.0,1.0,0.9966522300861488,0.0,1.0,,,,0.9966522300861488,0.5,0.5,0.002283328262675941,807
tool:joern,CWE-74,0.0,0.0,0.9997126462741711,0.9961076737093377,0.0002873537258289323,1.0,,,-0.0010537499335972328,0.9958225528476129,0.49985632313708556,0.49985632313708556,0.002452500095908276,938
tool:joern,CWE-754,,0.0,1.0,0.9993072153031444,0.0,1.0,,,,0.9993072153031444,0.5,0.5,0.0005163648902691503,167
tool:joern,CWE-834,,0.0,1.0,0.9985439073662361,0.0,1.0,,,,0.9985439073662361,0.5,0.5,0.0015403531223751811,351
tool:semgrep,CWE-118,0.32154195011337866,0.0075578649031648555,0.9992623847719514,0.9563756770796422,0.0007376152280485404,0.9924421350968352,0.014765078950519182,0.009391562289784262,0.043477116391527466,0.9557156924770224,0.5034101248375582,0.5034101248375581,0.046355235116568784,10585
tool:semgrep,CWE-190,,0.0,1.0,0.9941673310541722,0.0,1.0,,,,0.9941673310541722,0.5,0.5,0.005534718737813842,1406
tool:semgrep,CWE-191,,0.0,1.0,0.9993072153030658,0.0,1.0,,,,0.9993072153030658,0.5,0.5,0.0003880536565441689,167
tool:semgrep,CWE-20,,0.0,1.0,0.9920101543662359,0.0,1.0,,,,0.9920101543662359,0.5,0.5,0.009020015858162046,1926
tool:semgrep,CWE-269,,0.0,1.0,0.9995146361616323,0.0,1.0,,,,0.9995146361616323,0.5,0.5,0.0006285395547129194,117
tool:semgrep,CWE-285,,0.0,1.0,0.9988259989492343,0.0,1.0,,,,0.9988259989492343,0.5,0.5,0.001265222057967953,283
tool:semgrep,CWE-287,,0.0,1.0,0.998676655263292,0.0,1.0,,,,0.998676655263292,0.5,0.5,0.0014427608801302215,319
tool:semgrep,CWE-369,,0.0,1.0,0.9988633354299505,0.0,1.0,,,,0.9988633354299505,0.5,0.5,0.0009607596258400235,274
tool:semgrep,CWE-400,,0.0,1.0,0.9976022170712152,0.0,1.0,,,,0.9976022170712152,0.5,0.5,0.0022117584559739507,578
tool:semgrep,CWE-404,,0.0,1.0,0.9949098967503192,0.0,1.0,,,,0.9949098967503192,0.5,0.5,0.0031849081586101274,1227
tool:semgrep,CWE-476,,0.0,1.0,0.9930182208471259,0.0,1.0,,,,0.9930182208471259,0.5,0.5,0.008288063523012786,1683
tool:semgrep,CWE-662,,0.0,1.0,0.9967020110854399,0.0,1.0,,,,0.9967020110854399,0.5,0.5,0.0036493300495339014,795
tool:semgrep,CWE-665,,0.0,1.0,0.9994150742493273,0.0,1.0,,,,0.9994150742493273,0.5,0.5,0.0005812022877734465,141
tool:semgrep,CWE-668,0.025,0.0007326007326007326,0.9998748385043763,0.994344984838297,0.00012516149562367436,0.9992673992673993,0.007117437722419929,0.004545454545454546,0.0034430797679569866,0.994221258505099,0.5003037196184885,0.5003037196184885,0.004917000811702052,1364
tool:semgrep,CWE-704,,0.0,1.0,0.9981746979592373,0.0,1.0,,,,0.9981746979592373,0.5,0.5,0.001139734634890023,440
tool:semgrep,CWE-705,,0.0,1.0,0.9989048180183874,0.0,1.0,,,,0.9989048180183874,0.5,0.5,0.0012451628588217342,264
tool:semgrep,CWE-706,,0.0,1.0,0.9966522300861488,0.0,1.0,,,,0.9966522300861488,0.5,0.5,0.002283328262675941,807
tool:semgrep,CWE-74,,0.0,1.0,0.996108788128773,0.0,1.0,,,,0.996108788128773,0.5,0.5,0.0024526586347124063,938
tool:semgrep,CWE-754,,0.0,1.0,0.9993072153031444,0.0,1.0,,,,0.9993072153031444,0.5,0.5,0.0005163648902691503,167
tool:semgrep,CWE-834,,0.0,1.0,0.9985439073662361,0.0,1.0,,,,0.9985439073662361,0.5,0.5,0.0015403531223751811,351
or_1_of_6,CWE-118,0.236576542496218,0.38393953708077466,0.943103460480566,0.9708731014860985,0.056896539519434006,0.6160604629192253,0.29273961192547143,0.3413866757545912,0.26046249983608727,0.9185500133699527,0.6635214987806703,0.6635214987806703,0.12716603050162825,10585
or_1_of_6,CWE-190,0.07018804152972885,0.06756265616718407,0.9947757090895042,0.9945308807698625,0.005224290910495763,0.932437343832816,0.06881645257390266,0.06805100607751913,0.06350195697471986,0.9893676089353856,0.5311691826283441,0.5311691826283441,0.009380397083806828,1406
or_1_of_6,CWE-191,0.0,0.0,0.9995309052660091,0.9993068905837343,0.0004690947339910082,1.0,,,-0.0005698559564827354,0.998838445360656,0.49976545263300454,0.49976545263300454,0.000387892762593831,167
or_1_of_6,CWE-20,0.040294002508422924,0.06904246013054302,0.9867477423863062,0.9924586046569374,0.013252257613693714,0.930957539869457,0.05086784270446051,0.060398781789364045,0.04273752591478301,0.9794155285387343,0.5278951012584246,0.5278951012584246,0.012880644764683116,1926
or_1_of_6,CWE-269,0.0,0.0,0.9998256817059126,0.9995145517336519,0.0001743182940873977,1.0,,,-0.0002878536026776052,0.9993404023204819,0.4999128408529563,0.4999128408529563,0.0006284152079499211,117
or_1_of_6,CWE-285,0.029770123555645,0.03176691729323308,0.9987706299062685,0.9988618955141554,0.001229370093731515,0.968233082706767,0.030720257855121207,0.031335618134470805,0.029561892453298134,0.9976354081320398,0.5152687735997508,0.5152687735997508,0.0021662002403401957,283
or_1_of_6,CWE-287,1.0,0.003125,1.0,0.9986807986163683,0.0,0.996875,0.03076923076923077,0.019455252918287938,0.12491829259195103,0.9986808040383661,0.5015625,0.5015625,0.004575814573997631,319
or_1_of_6,CWE-369,0.06666666666666667,0.007272727272727273,0.9999377035007899,0.9988715537244357,6.2296499210031e-05,0.9927272727272728,0.06557377049180327,0.04424778761061947,0.02175625172703288,0.9988094073765543,0.5036052153867586,0.5036052153867586,0.0033375430635575786,274
or_1_of_6,CWE-400,0.0,0.0,0.9998378244346451,0.9976018295324198,0.00016217556535494387,1.0,,,-0.0006070171791403586,0.9974404298996733,0.49991891221732254,0.49991891221732254,0.0022114354386342933,578
or_1_of_6,CWE-404,0.0065608465608465606,0.0016260162601626018,0.9988033029125886,0.9949120931313752,0.001196697087411378,0.9983739837398374,0.00649789029535865,0.004780394350542753,0.0007956450049988429,0.9937275880819081,0.5002146595863757,0.5002146595863757,0.00324068373016647,1227
or_1_of_6,CWE-476,0.08434710036666793,0.026730959446092977,0.9979655373922164,0.9931898689600638,0.0020344626077836944,0.9732690405539071,0.04054448206971268,0.03094601105601851,0.04372131125372523,0.9911846387223383,0.5123482484191546,0.5123482484191546,0.012336892385497981,1683
or_1_of_6,CWE-662,0.008274809623180043,0.02138364779874214,0.9914633934167055,0.9967446022170788,0.008536606583294424,0.9786163522012579,0.011926081350654406,0.016228724464930476,0.008027570263232068,0.9882640806161487,0.5064235206077239,0.5064235206077239,0.0047541146442848445,795
or_1_of_6,CWE-665,0.003896103896103896,0.020689655172413793,0.9968453613692647,0.9994257001652331,0.003154638630735348,0.9793103448275862,0.03278688524590164,0.05555555555555556,0.007632533438125666,0.9962747242455847,0.5087675082708392,0.5087675082708392,0.0044395960041174465,141
or_1_of_6,CWE-668,0.06003810156128923,0.2324068088773971,0.9792942165100517,0.9955593631013431,0.02070578348994837,0.7675931911226029,0.09541831946822099,0.14761956953509256,0.10848436566421338,0.9750679957966006,0.6058505126937244,0.6058505126937244,0.01477492153887457,1364
or_1_of_6,CWE-704,0.00909090909090909,0.0022727272727272726,0.9995303666295652,0.9981779840325649,0.00046963337043488384,0.9977272727272727,0.01818181818181818,0.013368983957219254,0.0036211497522520347,0.9977100696500303,0.5009015469511462,0.5009015469511462,0.001518954652456345,440
or_1_of_6,CWE-705,0.0,0.0,0.9999293992325464,0.9989047405684148,7.060076745358566e-05,1.0,,,-0.0002621818784862526,0.9988342947785703,0.4999646996162732,0.4999646996162732,0.0012450339937084332,264
or_1_of_6,CWE-706,0.04,0.0012422360248447203,0.9998792899758305,0.9966559616423574,0.00012071002416954722,0.9987577639751553,0.012048192771084336,0.007704160246533127,0.006420562395554443,0.9965360720408072,0.5005607630003376,0.5005607630003376,0.002697805921578506,807
or_1_of_6,CWE-74,0.32295670482512584,0.24840141085447714,0.997963496694663,0.9970665877337227,0.0020365033053369036,0.7515985891455228,0.28069939152950146,0.2603672117331447,0.28073053170429924,0.9950467935950474,0.6231824537745702,0.6231824537745702,0.056077298298478004,938
or_1_of_6,CWE-754,0.014285714285714285,0.011764705882352941,0.9993897653628047,0.9993150880369457,0.0006102346371953639,0.9882352941176471,0.06451612903225808,0.06097560975609756,0.012320184501212913,0.9987056982376359,0.5055772356225787,0.5055772356225787,0.005419541551253873,167
or_1_of_6,CWE-834,0.08214285714285714,0.008571428571428572,0.9998213618012375,0.9985560776082003,0.00017863819876252261,0.9914285714285714,0.03879453879453879,0.026102158343012005,0.02601711732067576,0.9983779758935883,0.5041963951863331,0.5041963951863331,0.0032026111065965833,351
traditional_2_of_6,CWE-118,0.29144781540576326,0.02720831365139348,0.9969497361471458,0.9571074499262648,0.0030502638528542786,0.9727916863486066,0.04976484952524833,0.03323369514273404,0.07747556207100441,0.9543674681665852,0.5120790248992696,0.6637153068390406,0.13483141385106118,10585
traditional_2_of_6,CWE-190,0.1455344242960342,0.009250145125059943,0.9997120816782591,0.9942192976746551,0.0002879183217409598,0.99074985487494,0.017370095071113208,0.011377449207534463,0.035271101760366165,0.9939350227070655,0.5044811134016595,0.5311840111178479,0.011195891244163396,1406
traditional_2_of_6,CWE-191,,0.0,1.0,0.9993072153030658,0.0,1.0,,,,0.9993072153030658,0.5,0.49976545263300454,0.000387892762593831,167
traditional_2_of_6,CWE-20,0.05281210666084616,0.0072673440549088225,0.9989712697848269,0.9920596680335789,0.001028730215173111,0.9927326559450911,0.012773402084067641,0.008781410103926413,0.016726605701872038,0.9910477206259115,0.5031193069198678,0.5279075158267185,0.013917328966005635,1926
traditional_2_of_6,CWE-269,,0.0,1.0,0.9995146361616323,0.0,1.0,,,,0.9995146361616323,0.5,0.4999128408529563,0.0006284152079499211,117
traditional_2_of_6,CWE-285,0.0,0.0,0.9999335497280327,0.9988259209891925,6.64502719672328e-05,1.0,,,-0.00026290396636643955,0.9987596267216989,0.49996677486401636,0.5152677853781358,0.0021662002403401957,283
traditional_2_of_6,CWE-287,,0.0,1.0,0.998676655263292,0.0,1.0,,,,0.998676655263292,0.5,0.5015625,0.004575814573997631,319
traditional_2_of_6,CWE-369,,0.0,1.0,0.9988633354299505,0.0,1.0,,,,0.9988633354299505,0.5,0.5036052153867586,0.0033375430635575786,274
traditional_2_of_6,CWE-400,,0.0,1.0,0.9976022170712152,0.0,1.0,,,,0.9976022170712152,0.5,0.49991891221732254,0.0022114354386342933,578
traditional_2_of_6,CWE-404,0.0,0.0,0.9997915155114716,0.9949088407948761,0.00020848448852828927,1.0,,,-0.001028594890422365,0.9947024733965156,0.4998957577557358,0.5002144985660466,0.0032373458668758133,1227
traditional_2_of_6,CWE-476,,0.0,1.0,0.9930182208471259,0.0,1.0,,,,0.9930182208471259,0.5,0.5123482484191546,0.012336892385497981,1683
traditional_2_of_6,CWE-662,0.04395604395604395,0.002515723270440252,0.9997877316866456,0.9967095853253092,0.00021226831335441576,0.9974842767295599,0.011838049873914262,0.007740105006625817,0.009569205116231447,0.9964987406362431,0.501151727478543,0.506432422161803,0.006637116356590619,795
traditional_2_of_6,CWE-665,0.03333333333333333,0.013793103448275862,0.9998049109586014,0.9994232528604036,0.00019508904139874054,0.9862068965517242,0.0975609756097561,0.07812499999999999,0.02110752249469223,0.9992283950289744,0.5067990072034385,0.5087869718628308,0.01511283081528329,141
traditional_2_of_6,CWE-668,0.03666666666666667,0.0014652014652014652,0.9998039163433349,0.994348712292128,0.0001960836566651892,0.9985347985347985,0.0070423408344182006,0.004533095294458034,0.006272421563707077,0.9941548871382231,0.5006345589042682,0.6058426532913521,0.01492973439054544,1364
traditional_2_of_6,CWE-704,,0.0,1.0,0.9981746979592373,0.0,1.0,,,,0.9981746979592373,0.5,0.5009015469511462,0.001518954652456345,440
traditional_2_of_6,CWE-705,,0.0,1.0,0.9989048180183874,0.0,1.0,,,,0.9989048180183874,0.5,0.4999646996162732,0.0012450339937084332,264
traditional_2_of_6,CWE-706,,0.0,1.0,0.9966522300861488,0.0,1.0,,,,0.9966522300861488,0.5,0.5005607630003376,0.002697805921578506,807
traditional_2_of_6,CWE-74,0.0,0.0,0.9999541897443505,0.9961086105239515,4.581025564950615e-05,1.0,,,-0.0004151877920278173,0.9960631561627927,0.49997709487217523,0.6231767496862625,0.055271458983524036,938
traditional_2_of_6,CWE-754,,0.0,1.0,0.9993072153031444,0.0,1.0,,,,0.9993072153031444,0.5,0.5055772356225787,0.005419541551253873,167
traditional_2_of_6,CWE-834,,0.0,1.0,0.9985439073662361,0.0,1.0,,,,0.9985439073662361,0.5,0.5041963951863331,0.0032026111065965833,351
weighted_fire_specificity_silence_sensitivity_tau_0_1,CWE-118,0.236576542496218,0.38393953708077466,0.943103460480566,0.9708731014860985,0.056896539519434006,0.6160604629192253,0.29273961192547143,0.3413866757545912,0.26046249983608727,0.9185500133699527,0.6635214987806703,0.6634862225457119,0.13383169244945417,10585
weighted_fire_specificity_silence_sensitivity_tau_0_1,CWE-190,0.07018804152972885,0.06756265616718407,0.9947757090895042,0.9945308807698625,0.005224290910495763,0.932437343832816,0.06881645257390266,0.06805100607751913,0.06350195697471986,0.9893676089353856,0.5311691826283441,0.5311634652527143,0.018093972363579666,1406
weighted_fire_specificity_silence_sensitivity_tau_0_1,CWE-191,0.0,0.0,0.9995309052660091,0.9993068905837343,0.0004690947339910082,1.0,,,-0.0005698559564827354,0.998838445360656,0.49976545263300454,0.49976545263300454,0.000387892762593831,167
weighted_fire_specificity_silence_sensitivity_tau_0_1,CWE-20,0.040294002508422924,0.06904246013054302,0.9867477423863062,0.9924586046569374,0.013252257613693714,0.930957539869457,0.05086784270446051,0.060398781789364045,0.04273752591478301,0.9794155285387343,0.5278951012584246,0.5279061562128196,0.013896781318255827,1926
weighted_fire_specificity_silence_sensitivity_tau_0_1,CWE-269,0.0,0.0,0.9998256817059126,0.9995145517336519,0.0001743182940873977,1.0,,,-0.0002878536026776052,0.9993404023204819,0.4999128408529563,0.4999128408529563,0.0006284152079499211,117
weighted_fire_specificity_silence_sensitivity_tau_0_1,CWE-285,0.029770123555645,0.03176691729323308,0.9987706299062685,0.9988618955141554,0.001229370093731515,0.968233082706767,0.030720257855121207,0.031335618134470805,0.029561892453298134,0.9976354081320398,0.5152687735997508,0.5152766979430583,0.002816952024274159,283
weighted_fire_specificity_silence_sensitivity_tau_0_1,CWE-287,,0.0,1.0,0.998676655263292,0.0,1.0,,,,0.998676655263292,0.5,0.5,0.0014427608801302215,319
weighted_fire_specificity_silence_sensitivity_tau_0_1,CWE-369,0.05,0.0036363636363636364,0.9999418570146628,0.9988674137295162,5.814298533729466e-05,0.9963636363636363,0.03389830508474576,0.022321428571428575,0.013229129065175422,0.9988094073765543,0.5017891103255131,0.5017891103255131,0.0018764213229692434,274
weighted_fire_specificity_silence_sensitivity_tau_0_1,CWE-400,0.0,0.0,0.9998419830440062,0.9976018395186811,0.0001580169559939142,1.0,,,-0.000599755433092071,0.9974445785026311,0.4999209915220031,0.4999209915220031,0.002211459632643618,578
weighted_fire_specificity_silence_sensitivity_tau_0_1,CWE-404,0.0065608465608465606,0.0016260162601626018,0.9988033029125886,0.9949120931313752,0.001196697087411378,0.9983739837398374,0.00649789029535865,0.004780394350542753,0.0007956450049988429,0.9937275880819081,0.5002146595863757,0.5002139985191658,0.0032238456941390504,1227
weighted_fire_specificity_silence_sensitivity_tau_0_1,CWE-476,0.08434710036666793,0.026730959446092977,0.9979655373922164,0.9931898689600638,0.0020344626077836944,0.9732690405539071,0.04054448206971268,0.03094601105601851,0.04372131125372523,0.9911846387223383,0.5123482484191546,0.5123469801402449,0.014957840339838843,1683
weighted_fire_specificity_silence_sensitivity_tau_0_1,CWE-662,0.008274809623180043,0.02138364779874214,0.9914633934167055,0.9967446022170788,0.008536606583294424,0.9786163522012579,0.011926081350654406,0.016228724464930476,0.008027570263232068,0.9882640806161487,0.5064235206077239,0.5064326315687385,0.006637238085135963,795
weighted_fire_specificity_silence_sensitivity_tau_0_1,CWE-665,0.003896103896103896,0.020689655172413793,0.9968453613692647,0.9994257001652331,0.003154638630735348,0.9793103448275862,0.03278688524590164,0.05555555555555556,0.007632533438125666,0.9962747242455847,0.5087675082708392,0.5087675082708392,0.0044395960041174465,141
weighted_fire_specificity_silence_sensitivity_tau_0_1,CWE-668,0.06003810156128923,0.2324068088773971,0.9792942165100517,0.9955593631013431,0.02070578348994837,0.7675931911226029,0.09541831946822099,0.14761956953509256,0.10848436566421338,0.9750679957966006,0.6058505126937244,0.6058430600941549,0.014882758996036565,1364
weighted_fire_specificity_silence_sensitivity_tau_0_1,CWE-704,0.00909090909090909,0.0022727272727272726,0.9995303666295652,0.9981779840325649,0.00046963337043488384,0.9977272727272727,0.01818181818181818,0.013368983957219254,0.0036211497522520347,0.9977100696500303,0.5009015469511462,0.5009015469511462,0.001518954652456345,440
weighted_fire_specificity_silence_sensitivity_tau_0_1,CWE-705,0.0,0.0,0.9999293992325464,0.9989047405684148,7.060076745358566e-05,1.0,,,-0.0002621818784862526,0.9988342947785703,0.4999646996162732,0.4999646996162732,0.0012450339937084332,264
weighted_fire_specificity_silence_sensitivity_tau_0_1,CWE-706,0.04,0.0012422360248447203,0.9998792899758305,0.9966559616423574,0.00012071002416954722,0.9987577639751553,0.012048192771084336,0.007704160246533127,0.006420562395554443,0.9965360720408072,0.5005607630003376,0.5005607630003376,0.002697805921578506,807
weighted_fire_specificity_silence_sensitivity_tau_0_1,CWE-74,0.32295670482512584,0.24840141085447714,0.997963496694663,0.9970665877337227,0.0020365033053369036,0.7515985891455228,0.28069939152950146,0.2603672117331447,0.28073053170429924,0.9950467935950474,0.6231824537745702,0.6232123468501104,0.062242436819733314,938
weighted_fire_specificity_silence_sensitivity_tau_0_1,CWE-754,0.014285714285714285,0.011764705882352941,0.9993897653628047,0.9993150880369457,0.0006102346371953639,0.9882352941176471,0.06451612903225808,0.06097560975609756,0.012320184501212913,0.9987056982376359,0.5055772356225787,0.5055772356225787,0.005419541551253873,167
weighted_fire_specificity_silence_sensitivity_tau_0_1,CWE-834,0.08214285714285714,0.008571428571428572,0.9998213618012375,0.9985560776082003,0.00017863819876252261,0.9914285714285714,0.03879453879453879,0.026102158343012005,0.02601711732067576,0.9983779758935883,0.5041963951863331,0.5041963951863331,0.0032026111065965833,351
weighted_fire_specificity_silence_sensitivity_tau_0_2,CWE-118,0.236576542496218,0.38393953708077466,0.943103460480566,0.9708731014860985,0.056896539519434006,0.6160604629192253,0.29273961192547143,0.3413866757545912,0.26046249983608727,0.9185500133699527,0.6635214987806703,0.6634862225457119,0.13383169244945417,10585
weighted_fire_specificity_silence_sensitivity_tau_0_2,CWE-190,0.07018804152972885,0.06756265616718407,0.9947757090895042,0.9945308807698625,0.005224290910495763,0.932437343832816,0.06881645257390266,0.06805100607751913,0.06350195697471986,0.9893676089353856,0.5311691826283441,0.5311634652527143,0.018093972363579666,1406
weighted_fire_specificity_silence_sensitivity_tau_0_2,CWE-191,0.0,0.0,0.9995309052660091,0.9993068905837343,0.0004690947339910082,1.0,,,-0.0005698559564827354,0.998838445360656,0.49976545263300454,0.49976545263300454,0.000387892762593831,167
weighted_fire_specificity_silence_sensitivity_tau_0_2,CWE-20,0.040294002508422924,0.06904246013054302,0.9867477423863062,0.9924586046569374,0.013252257613693714,0.930957539869457,0.05086784270446051,0.060398781789364045,0.04273752591478301,0.9794155285387343,0.5278951012584246,0.5279061562128196,0.013896781318255827,1926
weighted_fire_specificity_silence_sensitivity_tau_0_2,CWE-269,0.0,0.0,0.9998256817059126,0.9995145517336519,0.0001743182940873977,1.0,,,-0.0002878536026776052,0.9993404023204819,0.4999128408529563,0.4999128408529563,0.0006284152079499211,117
weighted_fire_specificity_silence_sensitivity_tau_0_2,CWE-285,0.029770123555645,0.03176691729323308,0.9987706299062685,0.9988618955141554,0.001229370093731515,0.968233082706767,0.030720257855121207,0.031335618134470805,0.029561892453298134,0.9976354081320398,0.5152687735997508,0.5152766979430583,0.002816952024274159,283
weighted_fire_specificity_silence_sensitivity_tau_0_2,CWE-287,,0.0,1.0,0.998676655263292,0.0,1.0,,,,0.998676655263292,0.5,0.5,0.0014427608801302215,319
weighted_fire_specificity_silence_sensitivity_tau_0_2,CWE-369,0.05,0.0036363636363636364,0.9999418570146628,0.9988674137295162,5.814298533729466e-05,0.9963636363636363,0.03389830508474576,0.022321428571428575,0.013229129065175422,0.9988094073765543,0.5017891103255131,0.5017891103255131,0.0018764213229692434,274
weighted_fire_specificity_silence_sensitivity_tau_0_2,CWE-400,0.0,0.0,0.9998419830440062,0.9976018395186811,0.0001580169559939142,1.0,,,-0.000599755433092071,0.9974445785026311,0.4999209915220031,0.4999209915220031,0.002211459632643618,578
weighted_fire_specificity_silence_sensitivity_tau_0_2,CWE-404,0.0065608465608465606,0.0016260162601626018,0.9988033029125886,0.9949120931313752,0.001196697087411378,0.9983739837398374,0.00649789029535865,0.004780394350542753,0.0007956450049988429,0.9937275880819081,0.5002146595863757,0.5002139985191658,0.0032238456941390504,1227
weighted_fire_specificity_silence_sensitivity_tau_0_2,CWE-476,0.08434710036666793,0.026730959446092977,0.9979655373922164,0.9931898689600638,0.0020344626077836944,0.9732690405539071,0.04054448206971268,0.03094601105601851,0.04372131125372523,0.9911846387223383,0.5123482484191546,0.5123469801402449,0.014957840339838843,1683
weighted_fire_specificity_silence_sensitivity_tau_0_2,CWE-662,0.008274809623180043,0.02138364779874214,0.9914633934167055,0.9967446022170788,0.008536606583294424,0.9786163522012579,0.011926081350654406,0.016228724464930476,0.008027570263232068,0.9882640806161487,0.5064235206077239,0.5064326315687385,0.006637238085135963,795
weighted_fire_specificity_silence_sensitivity_tau_0_2,CWE-665,0.003896103896103896,0.020689655172413793,0.9968453613692647,0.9994257001652331,0.003154638630735348,0.9793103448275862,0.03278688524590164,0.05555555555555556,0.007632533438125666,0.9962747242455847,0.5087675082708392,0.5087675082708392,0.0044395960041174465,141
weighted_fire_specificity_silence_sensitivity_tau_0_2,CWE-668,0.06003810156128923,0.2324068088773971,0.9792942165100517,0.9955593631013431,0.02070578348994837,0.7675931911226029,0.09541831946822099,0.14761956953509256,0.10848436566421338,0.9750679957966006,0.6058505126937244,0.6058430600941549,0.014882758996036565,1364
weighted_fire_specificity_silence_sensitivity_tau_0_2,CWE-704,0.00909090909090909,0.0022727272727272726,0.9995303666295652,0.9981779840325649,0.00046963337043488384,0.9977272727272727,0.01818181818181818,0.013368983957219254,0.0036211497522520347,0.9977100696500303,0.5009015469511462,0.5009015469511462,0.001518954652456345,440
weighted_fire_specificity_silence_sensitivity_tau_0_2,CWE-705,0.0,0.0,0.9999293992325464,0.9989047405684148,7.060076745358566e-05,1.0,,,-0.0002621818784862526,0.9988342947785703,0.4999646996162732,0.4999646996162732,0.0012450339937084332,264
weighted_fire_specificity_silence_sensitivity_tau_0_2,CWE-706,0.04,0.0012422360248447203,0.9998792899758305,0.9966559616423574,0.00012071002416954722,0.9987577639751553,0.012048192771084336,0.007704160246533127,0.006420562395554443,0.9965360720408072,0.5005607630003376,0.5005607630003376,0.002697805921578506,807
weighted_fire_specificity_silence_sensitivity_tau_0_2,CWE-74,0.32295670482512584,0.24840141085447714,0.997963496694663,0.9970665877337227,0.0020365033053369036,0.7515985891455228,0.28069939152950146,0.2603672117331447,0.28073053170429924,0.9950467935950474,0.6231824537745702,0.6232123468501104,0.062242436819733314,938
weighted_fire_specificity_silence_sensitivity_tau_0_2,CWE-754,0.014285714285714285,0.011764705882352941,0.9993897653628047,0.9993150880369457,0.0006102346371953639,0.9882352941176471,0.06451612903225808,0.06097560975609756,0.012320184501212913,0.9987056982376359,0.5055772356225787,0.5055772356225787,0.005419541551253873,167
weighted_fire_specificity_silence_sensitivity_tau_0_2,CWE-834,0.08214285714285714,0.008571428571428572,0.9998213618012375,0.9985560776082003,0.00017863819876252261,0.9914285714285714,0.03879453879453879,0.026102158343012005,0.02601711732067576,0.9983779758935883,0.5041963951863331,0.5041963951863331,0.0032026111065965833,351
weighted_fire_specificity_silence_sensitivity_tau_0_3,CWE-118,0.236576542496218,0.38393953708077466,0.943103460480566,0.9708731014860985,0.056896539519434006,0.6160604629192253,0.29273961192547143,0.3413866757545912,0.26046249983608727,0.9185500133699527,0.6635214987806703,0.6634862225457119,0.13383169244945417,10585
weighted_fire_specificity_silence_sensitivity_tau_0_3,CWE-190,0.07018804152972885,0.06756265616718407,0.9947757090895042,0.9945308807698625,0.005224290910495763,0.932437343832816,0.06881645257390266,0.06805100607751913,0.06350195697471986,0.9893676089353856,0.5311691826283441,0.5311634652527143,0.018093972363579666,1406
weighted_fire_specificity_silence_sensitivity_tau_0_3,CWE-191,0.0,0.0,0.9995309052660091,0.9993068905837343,0.0004690947339910082,1.0,,,-0.0005698559564827354,0.998838445360656,0.49976545263300454,0.49976545263300454,0.000387892762593831,167
weighted_fire_specificity_silence_sensitivity_tau_0_3,CWE-20,0.040294002508422924,0.06904246013054302,0.9867477423863062,0.9924586046569374,0.013252257613693714,0.930957539869457,0.05086784270446051,0.060398781789364045,0.04273752591478301,0.9794155285387343,0.5278951012584246,0.5279061562128196,0.013896781318255827,1926
weighted_fire_specificity_silence_sensitivity_tau_0_3,CWE-269,0.0,0.0,0.9998256817059126,0.9995145517336519,0.0001743182940873977,1.0,,,-0.0002878536026776052,0.9993404023204819,0.4999128408529563,0.4999128408529563,0.0006284152079499211,117
weighted_fire_specificity_silence_sensitivity_tau_0_3,CWE-285,0.029770123555645,0.03176691729323308,0.9987706299062685,0.9988618955141554,0.001229370093731515,0.968233082706767,0.030720257855121207,0.031335618134470805,0.029561892453298134,0.9976354081320398,0.5152687735997508,0.5152766979430583,0.002816952024274159,283
weighted_fire_specificity_silence_sensitivity_tau_0_3,CWE-287,,0.0,1.0,0.998676655263292,0.0,1.0,,,,0.998676655263292,0.5,0.5,0.0014427608801302215,319
weighted_fire_specificity_silence_sensitivity_tau_0_3,CWE-369,0.05,0.0036363636363636364,0.9999418570146628,0.9988674137295162,5.814298533729466e-05,0.9963636363636363,0.03389830508474576,0.022321428571428575,0.013229129065175422,0.9988094073765543,0.5017891103255131,0.5017891103255131,0.0018764213229692434,274
weighted_fire_specificity_silence_sensitivity_tau_0_3,CWE-400,0.0,0.0,0.9998419830440062,0.9976018395186811,0.0001580169559939142,1.0,,,-0.000599755433092071,0.9974445785026311,0.4999209915220031,0.4999209915220031,0.002211459632643618,578
weighted_fire_specificity_silence_sensitivity_tau_0_3,CWE-404,0.0065608465608465606,0.0016260162601626018,0.9988033029125886,0.9949120931313752,0.001196697087411378,0.9983739837398374,0.00649789029535865,0.004780394350542753,0.0007956450049988429,0.9937275880819081,0.5002146595863757,0.5002139985191658,0.0032238456941390504,1227
weighted_fire_specificity_silence_sensitivity_tau_0_3,CWE-476,0.08434710036666793,0.026730959446092977,0.9979655373922164,0.9931898689600638,0.0020344626077836944,0.9732690405539071,0.04054448206971268,0.03094601105601851,0.04372131125372523,0.9911846387223383,0.5123482484191546,0.5123469801402449,0.014957840339838843,1683
weighted_fire_specificity_silence_sensitivity_tau_0_3,CWE-662,0.008274809623180043,0.02138364779874214,0.9914633934167055,0.9967446022170788,0.008536606583294424,0.9786163522012579,0.011926081350654406,0.016228724464930476,0.008027570263232068,0.9882640806161487,0.5064235206077239,0.5064326315687385,0.006637238085135963,795
weighted_fire_specificity_silence_sensitivity_tau_0_3,CWE-665,0.003896103896103896,0.020689655172413793,0.9968453613692647,0.9994257001652331,0.003154638630735348,0.9793103448275862,0.03278688524590164,0.05555555555555556,0.007632533438125666,0.9962747242455847,0.5087675082708392,0.5087675082708392,0.0044395960041174465,141
weighted_fire_specificity_silence_sensitivity_tau_0_3,CWE-668,0.06003810156128923,0.2324068088773971,0.9792942165100517,0.9955593631013431,0.02070578348994837,0.7675931911226029,0.09541831946822099,0.14761956953509256,0.10848436566421338,0.9750679957966006,0.6058505126937244,0.6058430600941549,0.014882758996036565,1364
weighted_fire_specificity_silence_sensitivity_tau_0_3,CWE-704,0.00909090909090909,0.0022727272727272726,0.9995303666295652,0.9981779840325649,0.00046963337043488384,0.9977272727272727,0.01818181818181818,0.013368983957219254,0.0036211497522520347,0.9977100696500303,0.5009015469511462,0.5009015469511462,0.001518954652456345,440
weighted_fire_specificity_silence_sensitivity_tau_0_3,CWE-705,0.0,0.0,0.9999293992325464,0.9989047405684148,7.060076745358566e-05,1.0,,,-0.0002621818784862526,0.9988342947785703,0.4999646996162732,0.4999646996162732,0.0012450339937084332,264
weighted_fire_specificity_silence_sensitivity_tau_0_3,CWE-706,0.04,0.0012422360248447203,0.9998792899758305,0.9966559616423574,0.00012071002416954722,0.9987577639751553,0.012048192771084336,0.007704160246533127,0.006420562395554443,0.9965360720408072,0.5005607630003376,0.5005607630003376,0.002697805921578506,807
weighted_fire_specificity_silence_sensitivity_tau_0_3,CWE-74,0.32295670482512584,0.24840141085447714,0.997963496694663,0.9970665877337227,0.0020365033053369036,0.7515985891455228,0.28069939152950146,0.2603672117331447,0.28073053170429924,0.9950467935950474,0.6231824537745702,0.6232123468501104,0.062242436819733314,938
weighted_fire_specificity_silence_sensitivity_tau_0_3,CWE-754,0.014285714285714285,0.011764705882352941,0.9993897653628047,0.9993150880369457,0.0006102346371953639,0.9882352941176471,0.06451612903225808,0.06097560975609756,0.012320184501212913,0.9987056982376359,0.5055772356225787,0.5055772356225787,0.005419541551253873,167
weighted_fire_specificity_silence_sensitivity_tau_0_3,CWE-834,0.08214285714285714,0.008571428571428572,0.9998213618012375,0.9985560776082003,0.00017863819876252261,0.9914285714285714,0.03879453879453879,0.026102158343012005,0.02601711732067576,0.9983779758935883,0.5041963951863331,0.5041963951863331,0.0032026111065965833,351
weighted_fire_specificity_silence_sensitivity_tau_0_4,CWE-118,0.236576542496218,0.38393953708077466,0.943103460480566,0.9708731014860985,0.056896539519434006,0.6160604629192253,0.29273961192547143,0.3413866757545912,0.26046249983608727,0.9185500133699527,0.6635214987806703,0.6634862225457119,0.13383169244945417,10585
weighted_fire_specificity_silence_sensitivity_tau_0_4,CWE-190,0.07018804152972885,0.06756265616718407,0.9947757090895042,0.9945308807698625,0.005224290910495763,0.932437343832816,0.06881645257390266,0.06805100607751913,0.06350195697471986,0.9893676089353856,0.5311691826283441,0.5311634652527143,0.018093972363579666,1406
weighted_fire_specificity_silence_sensitivity_tau_0_4,CWE-191,0.0,0.0,0.9995309052660091,0.9993068905837343,0.0004690947339910082,1.0,,,-0.0005698559564827354,0.998838445360656,0.49976545263300454,0.49976545263300454,0.000387892762593831,167
weighted_fire_specificity_silence_sensitivity_tau_0_4,CWE-20,0.040294002508422924,0.06904246013054302,0.9867477423863062,0.9924586046569374,0.013252257613693714,0.930957539869457,0.05086784270446051,0.060398781789364045,0.04273752591478301,0.9794155285387343,0.5278951012584246,0.5279061562128196,0.013896781318255827,1926
weighted_fire_specificity_silence_sensitivity_tau_0_4,CWE-269,0.0,0.0,0.9998256817059126,0.9995145517336519,0.0001743182940873977,1.0,,,-0.0002878536026776052,0.9993404023204819,0.4999128408529563,0.4999128408529563,0.0006284152079499211,117
weighted_fire_specificity_silence_sensitivity_tau_0_4,CWE-285,0.029770123555645,0.03176691729323308,0.9987706299062685,0.9988618955141554,0.001229370093731515,0.968233082706767,0.030720257855121207,0.031335618134470805,0.029561892453298134,0.9976354081320398,0.5152687735997508,0.5152766979430583,0.002816952024274159,283
weighted_fire_specificity_silence_sensitivity_tau_0_4,CWE-287,,0.0,1.0,0.998676655263292,0.0,1.0,,,,0.998676655263292,0.5,0.5,0.0014427608801302215,319
weighted_fire_specificity_silence_sensitivity_tau_0_4,CWE-369,0.05,0.0036363636363636364,0.9999418570146628,0.9988674137295162,5.814298533729466e-05,0.9963636363636363,0.03389830508474576,0.022321428571428575,0.013229129065175422,0.9988094073765543,0.5017891103255131,0.5017891103255131,0.0018764213229692434,274
weighted_fire_specificity_silence_sensitivity_tau_0_4,CWE-400,0.0,0.0,0.9998419830440062,0.9976018395186811,0.0001580169559939142,1.0,,,-0.000599755433092071,0.9974445785026311,0.4999209915220031,0.4999209915220031,0.002211459632643618,578
weighted_fire_specificity_silence_sensitivity_tau_0_4,CWE-404,0.0065608465608465606,0.0016260162601626018,0.9988033029125886,0.9949120931313752,0.001196697087411378,0.9983739837398374,0.00649789029535865,0.004780394350542753,0.0007956450049988429,0.9937275880819081,0.5002146595863757,0.5002139985191658,0.0032238456941390504,1227
weighted_fire_specificity_silence_sensitivity_tau_0_4,CWE-476,0.08434710036666793,0.026730959446092977,0.9979655373922164,0.9931898689600638,0.0020344626077836944,0.9732690405539071,0.04054448206971268,0.03094601105601851,0.04372131125372523,0.9911846387223383,0.5123482484191546,0.5123469801402449,0.014957840339838843,1683
weighted_fire_specificity_silence_sensitivity_tau_0_4,CWE-662,0.008274809623180043,0.02138364779874214,0.9914633934167055,0.9967446022170788,0.008536606583294424,0.9786163522012579,0.011926081350654406,0.016228724464930476,0.008027570263232068,0.9882640806161487,0.5064235206077239,0.5064326315687385,0.006637238085135963,795
weighted_fire_specificity_silence_sensitivity_tau_0_4,CWE-665,0.003896103896103896,0.020689655172413793,0.9968453613692647,0.9994257001652331,0.003154638630735348,0.9793103448275862,0.03278688524590164,0.05555555555555556,0.007632533438125666,0.9962747242455847,0.5087675082708392,0.5087675082708392,0.0044395960041174465,141
weighted_fire_specificity_silence_sensitivity_tau_0_4,CWE-668,0.06003810156128923,0.2324068088773971,0.9792942165100517,0.9955593631013431,0.02070578348994837,0.7675931911226029,0.09541831946822099,0.14761956953509256,0.10848436566421338,0.9750679957966006,0.6058505126937244,0.6058430600941549,0.014882758996036565,1364
weighted_fire_specificity_silence_sensitivity_tau_0_4,CWE-704,0.00909090909090909,0.0022727272727272726,0.9995303666295652,0.9981779840325649,0.00046963337043488384,0.9977272727272727,0.01818181818181818,0.013368983957219254,0.0036211497522520347,0.9977100696500303,0.5009015469511462,0.5009015469511462,0.001518954652456345,440
weighted_fire_specificity_silence_sensitivity_tau_0_4,CWE-705,0.0,0.0,0.9999293992325464,0.9989047405684148,7.060076745358566e-05,1.0,,,-0.0002621818784862526,0.9988342947785703,0.4999646996162732,0.4999646996162732,0.0012450339937084332,264
weighted_fire_specificity_silence_sensitivity_tau_0_4,CWE-706,0.04,0.0012422360248447203,0.9998792899758305,0.9966559616423574,0.00012071002416954722,0.9987577639751553,0.012048192771084336,0.007704160246533127,0.006420562395554443,0.9965360720408072,0.5005607630003376,0.5005607630003376,0.002697805921578506,807
weighted_fire_specificity_silence_sensitivity_tau_0_4,CWE-74,0.32295670482512584,0.24840141085447714,0.997963496694663,0.9970665877337227,0.0020365033053369036,0.7515985891455228,0.28069939152950146,0.2603672117331447,0.28073053170429924,0.9950467935950474,0.6231824537745702,0.6232123468501104,0.062242436819733314,938
weighted_fire_specificity_silence_sensitivity_tau_0_4,CWE-754,0.014285714285714285,0.011764705882352941,0.9993897653628047,0.9993150880369457,0.0006102346371953639,0.9882352941176471,0.06451612903225808,0.06097560975609756,0.012320184501212913,0.9987056982376359,0.5055772356225787,0.5055772356225787,0.005419541551253873,167
weighted_fire_specificity_silence_sensitivity_tau_0_4,CWE-834,0.08214285714285714,0.008571428571428572,0.9998213618012375,0.9985560776082003,0.00017863819876252261,0.9914285714285714,0.03879453879453879,0.026102158343012005,0.02601711732067576,0.9983779758935883,0.5041963951863331,0.5041963951863331,0.0032026111065965833,351
weighted_fire_specificity_silence_sensitivity_tau_0_5,CWE-118,0.236576542496218,0.38393953708077466,0.943103460480566,0.9708731014860985,0.056896539519434006,0.6160604629192253,0.29273961192547143,0.3413866757545912,0.26046249983608727,0.9185500133699527,0.6635214987806703,0.6634862225457119,0.13383169244945417,10585
weighted_fire_specificity_silence_sensitivity_tau_0_5,CWE-190,0.07018804152972885,0.06756265616718407,0.9947757090895042,0.9945308807698625,0.005224290910495763,0.932437343832816,0.06881645257390266,0.06805100607751913,0.06350195697471986,0.9893676089353856,0.5311691826283441,0.5311634652527143,0.018093972363579666,1406
weighted_fire_specificity_silence_sensitivity_tau_0_5,CWE-191,0.0,0.0,0.9995309052660091,0.9993068905837343,0.0004690947339910082,1.0,,,-0.0005698559564827354,0.998838445360656,0.49976545263300454,0.49976545263300454,0.000387892762593831,167
weighted_fire_specificity_silence_sensitivity_tau_0_5,CWE-20,0.040294002508422924,0.06904246013054302,0.9867477423863062,0.9924586046569374,0.013252257613693714,0.930957539869457,0.05086784270446051,0.060398781789364045,0.04273752591478301,0.9794155285387343,0.5278951012584246,0.5279061562128196,0.013896781318255827,1926
weighted_fire_specificity_silence_sensitivity_tau_0_5,CWE-269,0.0,0.0,0.9998256817059126,0.9995145517336519,0.0001743182940873977,1.0,,,-0.0002878536026776052,0.9993404023204819,0.4999128408529563,0.4999128408529563,0.0006284152079499211,117
weighted_fire_specificity_silence_sensitivity_tau_0_5,CWE-285,0.029770123555645,0.03176691729323308,0.9987706299062685,0.9988618955141554,0.001229370093731515,0.968233082706767,0.030720257855121207,0.031335618134470805,0.029561892453298134,0.9976354081320398,0.5152687735997508,0.5152766979430583,0.002816952024274159,283
weighted_fire_specificity_silence_sensitivity_tau_0_5,CWE-287,,0.0,1.0,0.998676655263292,0.0,1.0,,,,0.998676655263292,0.5,0.5,0.0014427608801302215,319
weighted_fire_specificity_silence_sensitivity_tau_0_5,CWE-369,0.05,0.0036363636363636364,0.9999418570146628,0.9988674137295162,5.814298533729466e-05,0.9963636363636363,0.03389830508474576,0.022321428571428575,0.013229129065175422,0.9988094073765543,0.5017891103255131,0.5017891103255131,0.0018764213229692434,274
weighted_fire_specificity_silence_sensitivity_tau_0_5,CWE-400,0.0,0.0,0.9998419830440062,0.9976018395186811,0.0001580169559939142,1.0,,,-0.000599755433092071,0.9974445785026311,0.4999209915220031,0.4999209915220031,0.002211459632643618,578
weighted_fire_specificity_silence_sensitivity_tau_0_5,CWE-404,0.0065608465608465606,0.0016260162601626018,0.9988033029125886,0.9949120931313752,0.001196697087411378,0.9983739837398374,0.00649789029535865,0.004780394350542753,0.0007956450049988429,0.9937275880819081,0.5002146595863757,0.5002139985191658,0.0032238456941390504,1227
weighted_fire_specificity_silence_sensitivity_tau_0_5,CWE-476,0.08434710036666793,0.026730959446092977,0.9979655373922164,0.9931898689600638,0.0020344626077836944,0.9732690405539071,0.04054448206971268,0.03094601105601851,0.04372131125372523,0.9911846387223383,0.5123482484191546,0.5123469801402449,0.014957840339838843,1683
weighted_fire_specificity_silence_sensitivity_tau_0_5,CWE-662,0.008274809623180043,0.02138364779874214,0.9914633934167055,0.9967446022170788,0.008536606583294424,0.9786163522012579,0.011926081350654406,0.016228724464930476,0.008027570263232068,0.9882640806161487,0.5064235206077239,0.5064326315687385,0.006637238085135963,795
weighted_fire_specificity_silence_sensitivity_tau_0_5,CWE-665,0.003896103896103896,0.020689655172413793,0.9968453613692647,0.9994257001652331,0.003154638630735348,0.9793103448275862,0.03278688524590164,0.05555555555555556,0.007632533438125666,0.9962747242455847,0.5087675082708392,0.5087675082708392,0.0044395960041174465,141
weighted_fire_specificity_silence_sensitivity_tau_0_5,CWE-668,0.06003810156128923,0.2324068088773971,0.9792942165100517,0.9955593631013431,0.02070578348994837,0.7675931911226029,0.09541831946822099,0.14761956953509256,0.10848436566421338,0.9750679957966006,0.6058505126937244,0.6058430600941549,0.014882758996036565,1364
weighted_fire_specificity_silence_sensitivity_tau_0_5,CWE-704,0.00909090909090909,0.0022727272727272726,0.9995303666295652,0.9981779840325649,0.00046963337043488384,0.9977272727272727,0.01818181818181818,0.013368983957219254,0.0036211497522520347,0.9977100696500303,0.5009015469511462,0.5009015469511462,0.001518954652456345,440
weighted_fire_specificity_silence_sensitivity_tau_0_5,CWE-705,0.0,0.0,0.9999293992325464,0.9989047405684148,7.060076745358566e-05,1.0,,,-0.0002621818784862526,0.9988342947785703,0.4999646996162732,0.4999646996162732,0.0012450339937084332,264
weighted_fire_specificity_silence_sensitivity_tau_0_5,CWE-706,0.04,0.0012422360248447203,0.9998792899758305,0.9966559616423574,0.00012071002416954722,0.9987577639751553,0.012048192771084336,0.007704160246533127,0.006420562395554443,0.9965360720408072,0.5005607630003376,0.5005607630003376,0.002697805921578506,807
weighted_fire_specificity_silence_sensitivity_tau_0_5,CWE-74,0.32295670482512584,0.24840141085447714,0.997963496694663,0.9970665877337227,0.0020365033053369036,0.7515985891455228,0.28069939152950146,0.2603672117331447,0.28073053170429924,0.9950467935950474,0.6231824537745702,0.6232123468501104,0.062242436819733314,938
weighted_fire_specificity_silence_sensitivity_tau_0_5,CWE-754,0.014285714285714285,0.011764705882352941,0.9993897653628047,0.9993150880369457,0.0006102346371953639,0.9882352941176471,0.06451612903225808,0.06097560975609756,0.012320184501212913,0.9987056982376359,0.5055772356225787,0.5055772356225787,0.005419541551253873,167
weighted_fire_specificity_silence_sensitivity_tau_0_5,CWE-834,0.08214285714285714,0.008571428571428572,0.9998213618012375,0.9985560776082003,0.00017863819876252261,0.9914285714285714,0.03879453879453879,0.026102158343012005,0.02601711732067576,0.9983779758935883,0.5041963951863331,0.5041963951863331,0.0032026111065965833,351
weighted_fire_specificity_silence_sensitivity_tau_0_6,CWE-118,0.236576542496218,0.38393953708077466,0.943103460480566,0.9708731014860985,0.056896539519434006,0.6160604629192253,0.29273961192547143,0.3413866757545912,0.26046249983608727,0.9185500133699527,0.6635214987806703,0.6634862225457119,0.13383169244945417,10585
weighted_fire_specificity_silence_sensitivity_tau_0_6,CWE-190,0.07018804152972885,0.06756265616718407,0.9947757090895042,0.9945308807698625,0.005224290910495763,0.932437343832816,0.06881645257390266,0.06805100607751913,0.06350195697471986,0.9893676089353856,0.5311691826283441,0.5311634652527143,0.018093972363579666,1406
weighted_fire_specificity_silence_sensitivity_tau_0_6,CWE-191,0.0,0.0,0.9995309052660091,0.9993068905837343,0.0004690947339910082,1.0,,,-0.0005698559564827354,0.998838445360656,0.49976545263300454,0.49976545263300454,0.000387892762593831,167
weighted_fire_specificity_silence_sensitivity_tau_0_6,CWE-20,0.040294002508422924,0.06904246013054302,0.9867477423863062,0.9924586046569374,0.013252257613693714,0.930957539869457,0.05086784270446051,0.060398781789364045,0.04273752591478301,0.9794155285387343,0.5278951012584246,0.5279061562128196,0.013896781318255827,1926
weighted_fire_specificity_silence_sensitivity_tau_0_6,CWE-269,0.0,0.0,0.9998256817059126,0.9995145517336519,0.0001743182940873977,1.0,,,-0.0002878536026776052,0.9993404023204819,0.4999128408529563,0.4999128408529563,0.0006284152079499211,117
weighted_fire_specificity_silence_sensitivity_tau_0_6,CWE-285,0.029770123555645,0.03176691729323308,0.9987706299062685,0.9988618955141554,0.001229370093731515,0.968233082706767,0.030720257855121207,0.031335618134470805,0.029561892453298134,0.9976354081320398,0.5152687735997508,0.5152766979430583,0.002816952024274159,283
weighted_fire_specificity_silence_sensitivity_tau_0_6,CWE-287,,0.0,1.0,0.998676655263292,0.0,1.0,,,,0.998676655263292,0.5,0.5,0.0014427608801302215,319
weighted_fire_specificity_silence_sensitivity_tau_0_6,CWE-369,0.05,0.0036363636363636364,0.9999418570146628,0.9988674137295162,5.814298533729466e-05,0.9963636363636363,0.03389830508474576,0.022321428571428575,0.013229129065175422,0.9988094073765543,0.5017891103255131,0.5017891103255131,0.0018764213229692434,274
weighted_fire_specificity_silence_sensitivity_tau_0_6,CWE-400,0.0,0.0,0.9998419830440062,0.9976018395186811,0.0001580169559939142,1.0,,,-0.000599755433092071,0.9974445785026311,0.4999209915220031,0.4999209915220031,0.002211459632643618,578
weighted_fire_specificity_silence_sensitivity_tau_0_6,CWE-404,0.0065608465608465606,0.0016260162601626018,0.9988033029125886,0.9949120931313752,0.001196697087411378,0.9983739837398374,0.00649789029535865,0.004780394350542753,0.0007956450049988429,0.9937275880819081,0.5002146595863757,0.5002139985191658,0.0032238456941390504,1227
weighted_fire_specificity_silence_sensitivity_tau_0_6,CWE-476,0.08434710036666793,0.026730959446092977,0.9979655373922164,0.9931898689600638,0.0020344626077836944,0.9732690405539071,0.04054448206971268,0.03094601105601851,0.04372131125372523,0.9911846387223383,0.5123482484191546,0.5123469801402449,0.014957840339838843,1683
weighted_fire_specificity_silence_sensitivity_tau_0_6,CWE-662,0.008274809623180043,0.02138364779874214,0.9914633934167055,0.9967446022170788,0.008536606583294424,0.9786163522012579,0.011926081350654406,0.016228724464930476,0.008027570263232068,0.9882640806161487,0.5064235206077239,0.5064326315687385,0.006637238085135963,795
weighted_fire_specificity_silence_sensitivity_tau_0_6,CWE-665,0.003896103896103896,0.020689655172413793,0.9968453613692647,0.9994257001652331,0.003154638630735348,0.9793103448275862,0.03278688524590164,0.05555555555555556,0.007632533438125666,0.9962747242455847,0.5087675082708392,0.5087675082708392,0.0044395960041174465,141
weighted_fire_specificity_silence_sensitivity_tau_0_6,CWE-668,0.06003810156128923,0.2324068088773971,0.9792942165100517,0.9955593631013431,0.02070578348994837,0.7675931911226029,0.09541831946822099,0.14761956953509256,0.10848436566421338,0.9750679957966006,0.6058505126937244,0.6058430600941549,0.014882758996036565,1364
weighted_fire_specificity_silence_sensitivity_tau_0_6,CWE-704,0.00909090909090909,0.0022727272727272726,0.9995303666295652,0.9981779840325649,0.00046963337043488384,0.9977272727272727,0.01818181818181818,0.013368983957219254,0.0036211497522520347,0.9977100696500303,0.5009015469511462,0.5009015469511462,0.001518954652456345,440
weighted_fire_specificity_silence_sensitivity_tau_0_6,CWE-705,0.0,0.0,0.9999293992325464,0.9989047405684148,7.060076745358566e-05,1.0,,,-0.0002621818784862526,0.9988342947785703,0.4999646996162732,0.4999646996162732,0.0012450339937084332,264
weighted_fire_specificity_silence_sensitivity_tau_0_6,CWE-706,0.04,0.0012422360248447203,0.9998792899758305,0.9966559616423574,0.00012071002416954722,0.9987577639751553,0.012048192771084336,0.007704160246533127,0.006420562395554443,0.9965360720408072,0.5005607630003376,0.5005607630003376,0.002697805921578506,807
weighted_fire_specificity_silence_sensitivity_tau_0_6,CWE-74,0.32295670482512584,0.24840141085447714,0.997963496694663,0.9970665877337227,0.0020365033053369036,0.7515985891455228,0.28069939152950146,0.2603672117331447,0.28073053170429924,0.9950467935950474,0.6231824537745702,0.6232123468501104,0.062242436819733314,938
weighted_fire_specificity_silence_sensitivity_tau_0_6,CWE-754,0.014285714285714285,0.011764705882352941,0.9993897653628047,0.9993150880369457,0.0006102346371953639,0.9882352941176471,0.06451612903225808,0.06097560975609756,0.012320184501212913,0.9987056982376359,0.5055772356225787,0.5055772356225787,0.005419541551253873,167
weighted_fire_specificity_silence_sensitivity_tau_0_6,CWE-834,0.08214285714285714,0.008571428571428572,0.9998213618012375,0.9985560776082003,0.00017863819876252261,0.9914285714285714,0.03879453879453879,0.026102158343012005,0.02601711732067576,0.9983779758935883,0.5041963951863331,0.5041963951863331,0.0032026111065965833,351
weighted_fire_specificity_silence_sensitivity_tau_0_7,CWE-118,0.236576542496218,0.38393953708077466,0.943103460480566,0.9708731014860985,0.056896539519434006,0.6160604629192253,0.29273961192547143,0.3413866757545912,0.26046249983608727,0.9185500133699527,0.6635214987806703,0.6634862225457119,0.13383169244945417,10585
weighted_fire_specificity_silence_sensitivity_tau_0_7,CWE-190,0.07018804152972885,0.06756265616718407,0.9947757090895042,0.9945308807698625,0.005224290910495763,0.932437343832816,0.06881645257390266,0.06805100607751913,0.06350195697471986,0.9893676089353856,0.5311691826283441,0.5311634652527143,0.018093972363579666,1406
weighted_fire_specificity_silence_sensitivity_tau_0_7,CWE-191,0.0,0.0,0.9995309052660091,0.9993068905837343,0.0004690947339910082,1.0,,,-0.0005698559564827354,0.998838445360656,0.49976545263300454,0.49976545263300454,0.000387892762593831,167
weighted_fire_specificity_silence_sensitivity_tau_0_7,CWE-20,0.040294002508422924,0.06904246013054302,0.9867477423863062,0.9924586046569374,0.013252257613693714,0.930957539869457,0.05086784270446051,0.060398781789364045,0.04273752591478301,0.9794155285387343,0.5278951012584246,0.5279061562128196,0.013896781318255827,1926
weighted_fire_specificity_silence_sensitivity_tau_0_7,CWE-269,0.0,0.0,0.9998256817059126,0.9995145517336519,0.0001743182940873977,1.0,,,-0.0002878536026776052,0.9993404023204819,0.4999128408529563,0.4999128408529563,0.0006284152079499211,117
weighted_fire_specificity_silence_sensitivity_tau_0_7,CWE-285,0.029770123555645,0.03176691729323308,0.9987706299062685,0.9988618955141554,0.001229370093731515,0.968233082706767,0.030720257855121207,0.031335618134470805,0.029561892453298134,0.9976354081320398,0.5152687735997508,0.5152766979430583,0.002816952024274159,283
weighted_fire_specificity_silence_sensitivity_tau_0_7,CWE-287,,0.0,1.0,0.998676655263292,0.0,1.0,,,,0.998676655263292,0.5,0.5,0.0014427608801302215,319
weighted_fire_specificity_silence_sensitivity_tau_0_7,CWE-369,0.05,0.0036363636363636364,0.9999418570146628,0.9988674137295162,5.814298533729466e-05,0.9963636363636363,0.03389830508474576,0.022321428571428575,0.013229129065175422,0.9988094073765543,0.5017891103255131,0.5017891103255131,0.0018764213229692434,274
weighted_fire_specificity_silence_sensitivity_tau_0_7,CWE-400,0.0,0.0,0.9998419830440062,0.9976018395186811,0.0001580169559939142,1.0,,,-0.000599755433092071,0.9974445785026311,0.4999209915220031,0.4999209915220031,0.002211459632643618,578
weighted_fire_specificity_silence_sensitivity_tau_0_7,CWE-404,0.0065608465608465606,0.0016260162601626018,0.9988033029125886,0.9949120931313752,0.001196697087411378,0.9983739837398374,0.00649789029535865,0.004780394350542753,0.0007956450049988429,0.9937275880819081,0.5002146595863757,0.5002139985191658,0.0032238456941390504,1227
weighted_fire_specificity_silence_sensitivity_tau_0_7,CWE-476,0.08434710036666793,0.026730959446092977,0.9979655373922164,0.9931898689600638,0.0020344626077836944,0.9732690405539071,0.04054448206971268,0.03094601105601851,0.04372131125372523,0.9911846387223383,0.5123482484191546,0.5123469801402449,0.014957840339838843,1683
weighted_fire_specificity_silence_sensitivity_tau_0_7,CWE-662,0.008274809623180043,0.02138364779874214,0.9914633934167055,0.9967446022170788,0.008536606583294424,0.9786163522012579,0.011926081350654406,0.016228724464930476,0.008027570263232068,0.9882640806161487,0.5064235206077239,0.5064326315687385,0.006637238085135963,795
weighted_fire_specificity_silence_sensitivity_tau_0_7,CWE-665,0.003896103896103896,0.020689655172413793,0.9968453613692647,0.9994257001652331,0.003154638630735348,0.9793103448275862,0.03278688524590164,0.05555555555555556,0.007632533438125666,0.9962747242455847,0.5087675082708392,0.5087675082708392,0.0044395960041174465,141
weighted_fire_specificity_silence_sensitivity_tau_0_7,CWE-668,0.06003810156128923,0.2324068088773971,0.9792942165100517,0.9955593631013431,0.02070578348994837,0.7675931911226029,0.09541831946822099,0.14761956953509256,0.10848436566421338,0.9750679957966006,0.6058505126937244,0.6058430600941549,0.014882758996036565,1364
weighted_fire_specificity_silence_sensitivity_tau_0_7,CWE-704,0.00909090909090909,0.0022727272727272726,0.9995303666295652,0.9981779840325649,0.00046963337043488384,0.9977272727272727,0.01818181818181818,0.013368983957219254,0.0036211497522520347,0.9977100696500303,0.5009015469511462,0.5009015469511462,0.001518954652456345,440
weighted_fire_specificity_silence_sensitivity_tau_0_7,CWE-705,0.0,0.0,0.9999293992325464,0.9989047405684148,7.060076745358566e-05,1.0,,,-0.0002621818784862526,0.9988342947785703,0.4999646996162732,0.4999646996162732,0.0012450339937084332,264
weighted_fire_specificity_silence_sensitivity_tau_0_7,CWE-706,0.04,0.0012422360248447203,0.9998792899758305,0.9966559616423574,0.00012071002416954722,0.9987577639751553,0.012048192771084336,0.007704160246533127,0.006420562395554443,0.9965360720408072,0.5005607630003376,0.5005607630003376,0.002697805921578506,807
weighted_fire_specificity_silence_sensitivity_tau_0_7,CWE-74,0.32295670482512584,0.24840141085447714,0.997963496694663,0.9970665877337227,0.0020365033053369036,0.7515985891455228,0.28069939152950146,0.2603672117331447,0.28073053170429924,0.9950467935950474,0.6231824537745702,0.6232123468501104,0.062242436819733314,938
weighted_fire_specificity_silence_sensitivity_tau_0_7,CWE-754,0.014285714285714285,0.011764705882352941,0.9993897653628047,0.9993150880369457,0.0006102346371953639,0.9882352941176471,0.06451612903225808,0.06097560975609756,0.012320184501212913,0.9987056982376359,0.5055772356225787,0.5055772356225787,0.005419541551253873,167
weighted_fire_specificity_silence_sensitivity_tau_0_7,CWE-834,0.08214285714285714,0.008571428571428572,0.9998213618012375,0.9985560776082003,0.00017863819876252261,0.9914285714285714,0.03879453879453879,0.026102158343012005,0.02601711732067576,0.9983779758935883,0.5041963951863331,0.5041963951863331,0.0032026111065965833,351
weighted_fire_specificity_silence_sensitivity_tau_0_8,CWE-118,0.23363836961121423,0.37449220595181865,0.9435937481386574,0.9704546039510772,0.05640625186134256,0.6255077940481815,0.2877334190233857,0.33417692836348084,0.2547843826802235,0.9186039354011697,0.6590429770452381,0.6634862225457119,0.13383169244945417,10585
weighted_fire_specificity_silence_sensitivity_tau_0_8,CWE-190,0.07018804152972885,0.06756265616718407,0.9947757090895042,0.9945308807698625,0.005224290910495763,0.932437343832816,0.06881645257390266,0.06805100607751913,0.06350195697471986,0.9893676089353856,0.5311691826283441,0.5311634652527143,0.018093972363579666,1406
weighted_fire_specificity_silence_sensitivity_tau_0_8,CWE-191,0.0,0.0,0.9995309052660091,0.9993068905837343,0.0004690947339910082,1.0,,,-0.0005698559564827354,0.998838445360656,0.49976545263300454,0.49976545263300454,0.000387892762593831,167
weighted_fire_specificity_silence_sensitivity_tau_0_8,CWE-20,0.040294002508422924,0.06904246013054302,0.9867477423863062,0.9924586046569374,0.013252257613693714,0.930957539869457,0.05086784270446051,0.060398781789364045,0.04273752591478301,0.9794155285387343,0.5278951012584246,0.5279061562128196,0.013896781318255827,1926
weighted_fire_specificity_silence_sensitivity_tau_0_8,CWE-269,0.0,0.0,0.9998256817059126,0.9995145517336519,0.0001743182940873977,1.0,,,-0.0002878536026776052,0.9993404023204819,0.4999128408529563,0.4999128408529563,0.0006284152079499211,117
weighted_fire_specificity_silence_sensitivity_tau_0_8,CWE-285,0.029770123555645,0.03176691729323308,0.9987706299062685,0.9988618955141554,0.001229370093731515,0.968233082706767,0.030720257855121207,0.031335618134470805,0.029561892453298134,0.9976354081320398,0.5152687735997508,0.5152766979430583,0.002816952024274159,283
weighted_fire_specificity_silence_sensitivity_tau_0_8,CWE-287,,0.0,1.0,0.998676655263292,0.0,1.0,,,,0.998676655263292,0.5,0.5,0.0014427608801302215,319
weighted_fire_specificity_silence_sensitivity_tau_0_8,CWE-369,0.05,0.0036363636363636364,0.9999418570146628,0.9988674137295162,5.814298533729466e-05,0.9963636363636363,0.03389830508474576,0.022321428571428575,0.013229129065175422,0.9988094073765543,0.5017891103255131,0.5017891103255131,0.0018764213229692434,274
weighted_fire_specificity_silence_sensitivity_tau_0_8,CWE-400,0.0,0.0,0.9998419830440062,0.9976018395186811,0.0001580169559939142,1.0,,,-0.000599755433092071,0.9974445785026311,0.4999209915220031,0.4999209915220031,0.002211459632643618,578
weighted_fire_specificity_silence_sensitivity_tau_0_8,CWE-404,0.0065608465608465606,0.0016260162601626018,0.9988033029125886,0.9949120931313752,0.001196697087411378,0.9983739837398374,0.00649789029535865,0.004780394350542753,0.0007956450049988429,0.9937275880819081,0.5002146595863757,0.5002139985191658,0.0032238456941390504,1227
weighted_fire_specificity_silence_sensitivity_tau_0_8,CWE-476,0.08434710036666793,0.026730959446092977,0.9979655373922164,0.9931898689600638,0.0020344626077836944,0.9732690405539071,0.04054448206971268,0.03094601105601851,0.04372131125372523,0.9911846387223383,0.5123482484191546,0.5123469801402449,0.014957840339838843,1683
weighted_fire_specificity_silence_sensitivity_tau_0_8,CWE-662,0.008274809623180043,0.02138364779874214,0.9914633934167055,0.9967446022170788,0.008536606583294424,0.9786163522012579,0.011926081350654406,0.016228724464930476,0.008027570263232068,0.9882640806161487,0.5064235206077239,0.5064326315687385,0.006637238085135963,795
weighted_fire_specificity_silence_sensitivity_tau_0_8,CWE-665,0.003896103896103896,0.020689655172413793,0.9968453613692647,0.9994257001652331,0.003154638630735348,0.9793103448275862,0.03278688524590164,0.05555555555555556,0.007632533438125666,0.9962747242455847,0.5087675082708392,0.5087675082708392,0.0044395960041174465,141
weighted_fire_specificity_silence_sensitivity_tau_0_8,CWE-668,0.06003810156128923,0.2324068088773971,0.9792942165100517,0.9955593631013431,0.02070578348994837,0.7675931911226029,0.09541831946822099,0.14761956953509256,0.10848436566421338,0.9750679957966006,0.6058505126937244,0.6058430600941549,0.014882758996036565,1364
weighted_fire_specificity_silence_sensitivity_tau_0_8,CWE-704,0.00909090909090909,0.0022727272727272726,0.9995303666295652,0.9981779840325649,0.00046963337043488384,0.9977272727272727,0.01818181818181818,0.013368983957219254,0.0036211497522520347,0.9977100696500303,0.5009015469511462,0.5009015469511462,0.001518954652456345,440
weighted_fire_specificity_silence_sensitivity_tau_0_8,CWE-705,0.0,0.0,0.9999293992325464,0.9989047405684148,7.060076745358566e-05,1.0,,,-0.0002621818784862526,0.9988342947785703,0.4999646996162732,0.4999646996162732,0.0012450339937084332,264
weighted_fire_specificity_silence_sensitivity_tau_0_8,CWE-706,0.04,0.0012422360248447203,0.9998792899758305,0.9966559616423574,0.00012071002416954722,0.9987577639751553,0.012048192771084336,0.007704160246533127,0.006420562395554443,0.9965360720408072,0.5005607630003376,0.5005607630003376,0.002697805921578506,807
weighted_fire_specificity_silence_sensitivity_tau_0_8,CWE-74,0.329518564018564,0.24840141085447714,0.998013464423838,0.9970667361288601,0.0019865355761619955,0.7515985891455228,0.28284224867235863,0.2610568768145395,0.28346414602019926,0.995096567538388,0.6232074376391576,0.6232123468501104,0.062242436819733314,938
weighted_fire_specificity_silence_sensitivity_tau_0_8,CWE-754,0.014285714285714285,0.011764705882352941,0.9993897653628047,0.9993150880369457,0.0006102346371953639,0.9882352941176471,0.06451612903225808,0.06097560975609756,0.012320184501212913,0.9987056982376359,0.5055772356225787,0.5055772356225787,0.005419541551253873,167
weighted_fire_specificity_silence_sensitivity_tau_0_8,CWE-834,0.08214285714285714,0.008571428571428572,0.9998213618012375,0.9985560776082003,0.00017863819876252261,0.9914285714285714,0.03879453879453879,0.026102158343012005,0.02601711732067576,0.9983779758935883,0.5041963951863331,0.5041963951863331,0.0032026111065965833,351
weighted_fire_specificity_silence_sensitivity_tau_0_9,CWE-118,0.2332701957204641,0.373547472838923,0.9436197813314718,0.9704120907146192,0.05638021866852816,0.626452527161077,0.2871747174643587,0.3334238218286882,0.25415985625281845,0.9185873397842425,0.6585836270851975,0.6634862225457119,0.13383169244945417,10585
weighted_fire_specificity_silence_sensitivity_tau_0_9,CWE-190,0.07018804152972885,0.06756265616718407,0.9947757090895042,0.9945308807698625,0.005224290910495763,0.932437343832816,0.06881645257390266,0.06805100607751913,0.06350195697471986,0.9893676089353856,0.5311691826283441,0.5311634652527143,0.018093972363579666,1406
weighted_fire_specificity_silence_sensitivity_tau_0_9,CWE-191,0.0,0.0,0.9995309052660091,0.9993068905837343,0.0004690947339910082,1.0,,,-0.0005698559564827354,0.998838445360656,0.49976545263300454,0.49976545263300454,0.000387892762593831,167
weighted_fire_specificity_silence_sensitivity_tau_0_9,CWE-20,0.040294002508422924,0.06904246013054302,0.9867477423863062,0.9924586046569374,0.013252257613693714,0.930957539869457,0.05086784270446051,0.060398781789364045,0.04273752591478301,0.9794155285387343,0.5278951012584246,0.5279061562128196,0.013896781318255827,1926
weighted_fire_specificity_silence_sensitivity_tau_0_9,CWE-269,0.0,0.0,0.9998256817059126,0.9995145517336519,0.0001743182940873977,1.0,,,-0.0002878536026776052,0.9993404023204819,0.4999128408529563,0.4999128408529563,0.0006284152079499211,117
weighted_fire_specificity_silence_sensitivity_tau_0_9,CWE-285,0.029770123555645,0.03176691729323308,0.9987706299062685,0.9988618955141554,0.001229370093731515,0.968233082706767,0.030720257855121207,0.031335618134470805,0.029561892453298134,0.9976354081320398,0.5152687735997508,0.5152766979430583,0.002816952024274159,283
weighted_fire_specificity_silence_sensitivity_tau_0_9,CWE-287,,0.0,1.0,0.998676655263292,0.0,1.0,,,,0.998676655263292,0.5,0.5,0.0014427608801302215,319
weighted_fire_specificity_silence_sensitivity_tau_0_9,CWE-369,0.05,0.0036363636363636364,0.9999418570146628,0.9988674137295162,5.814298533729466e-05,0.9963636363636363,0.03389830508474576,0.022321428571428575,0.013229129065175422,0.9988094073765543,0.5017891103255131,0.5017891103255131,0.0018764213229692434,274
weighted_fire_specificity_silence_sensitivity_tau_0_9,CWE-400,0.0,0.0,0.9998419830440062,0.9976018395186811,0.0001580169559939142,1.0,,,-0.000599755433092071,0.9974445785026311,0.4999209915220031,0.4999209915220031,0.002211459632643618,578
weighted_fire_specificity_silence_sensitivity_tau_0_9,CWE-404,0.0065608465608465606,0.0016260162601626018,0.9988033029125886,0.9949120931313752,0.001196697087411378,0.9983739837398374,0.00649789029535865,0.004780394350542753,0.0007956450049988429,0.9937275880819081,0.5002146595863757,0.5002139985191658,0.0032238456941390504,1227
weighted_fire_specificity_silence_sensitivity_tau_0_9,CWE-476,0.08434710036666793,0.026730959446092977,0.9979655373922164,0.9931898689600638,0.0020344626077836944,0.9732690405539071,0.04054448206971268,0.03094601105601851,0.04372131125372523,0.9911846387223383,0.5123482484191546,0.5123469801402449,0.014957840339838843,1683
weighted_fire_specificity_silence_sensitivity_tau_0_9,CWE-662,0.008274809623180043,0.02138364779874214,0.9914633934167055,0.9967446022170788,0.008536606583294424,0.9786163522012579,0.011926081350654406,0.016228724464930476,0.008027570263232068,0.9882640806161487,0.5064235206077239,0.5064326315687385,0.006637238085135963,795
weighted_fire_specificity_silence_sensitivity_tau_0_9,CWE-665,0.003896103896103896,0.020689655172413793,0.9968453613692647,0.9994257001652331,0.003154638630735348,0.9793103448275862,0.03278688524590164,0.05555555555555556,0.007632533438125666,0.9962747242455847,0.5087675082708392,0.5087675082708392,0.0044395960041174465,141
weighted_fire_specificity_silence_sensitivity_tau_0_9,CWE-668,0.060049334006206365,0.2324068088773971,0.9792983888267305,0.9955593818220994,0.020701611173269532,0.7675931911226029,0.09543258718861826,0.14763334429198963,0.10849647936152285,0.9750721445716748,0.6058525988520638,0.6058430600941549,0.014882758996036565,1364
weighted_fire_specificity_silence_sensitivity_tau_0_9,CWE-704,0.00909090909090909,0.0022727272727272726,0.9995303666295652,0.9981779840325649,0.00046963337043488384,0.9977272727272727,0.01818181818181818,0.013368983957219254,0.0036211497522520347,0.9977100696500303,0.5009015469511462,0.5009015469511462,0.001518954652456345,440
weighted_fire_specificity_silence_sensitivity_tau_0_9,CWE-705,0.0,0.0,0.9999293992325464,0.9989047405684148,7.060076745358566e-05,1.0,,,-0.0002621818784862526,0.9988342947785703,0.4999646996162732,0.4999646996162732,0.0012450339937084332,264
weighted_fire_specificity_silence_sensitivity_tau_0_9,CWE-706,0.04,0.0012422360248447203,0.9998792899758305,0.9966559616423574,0.00012071002416954722,0.9987577639751553,0.012048192771084336,0.007704160246533127,0.006420562395554443,0.9965360720408072,0.5005607630003376,0.5005607630003376,0.002697805921578506,807
weighted_fire_specificity_silence_sensitivity_tau_0_9,CWE-74,0.35125891145970606,0.24840141085447714,0.9982050401648426,0.9970672964890754,0.0017949598351574773,0.7515985891455228,0.29084236748847314,0.2637755196074348,0.2929999040688097,0.9952873969102273,0.6233032255096599,0.6232123468501104,0.062242436819733314,938
weighted_fire_specificity_silence_sensitivity_tau_0_9,CWE-754,0.014285714285714285,0.011764705882352941,0.9993897653628047,0.9993150880369457,0.0006102346371953639,0.9882352941176471,0.06451612903225808,0.06097560975609756,0.012320184501212913,0.9987056982376359,0.5055772356225787,0.5055772356225787,0.005419541551253873,167
weighted_fire_specificity_silence_sensitivity_tau_0_9,CWE-834,0.08214285714285714,0.008571428571428572,0.9998213618012375,0.9985560776082003,0.00017863819876252261,0.9914285714285714,0.03879453879453879,0.026102158343012005,0.02601711732067576,0.9983779758935883,0.5041963951863331,0.5041963951863331,0.0032026111065965833,351
dst_dempster_fire_specificity_silence_sensitivity_tau_0_1,CWE-118,0.04391095932153146,1.0,0.0,,1.0,0.0,0.08412778675095499,0.18675281500253121,,0.04391095932153146,0.5,0.6638857431529924,0.1396371735346818,10585
dst_dempster_fire_specificity_silence_sensitivity_tau_0_1,CWE-190,0.005832668945827858,1.0,0.0,,1.0,0.0,0.01159769227217632,0.028498455348573183,,0.005832668945827858,0.5,0.5312132697622547,0.020375950559030166,1406
dst_dempster_fire_specificity_silence_sensitivity_tau_0_1,CWE-191,0.0006927846969342311,1.0,0.0,,1.0,0.0,0.0013846099521398784,0.0034543489613727955,,0.0006927846969342311,0.5,0.49976545263300454,0.000387892762593831,167
dst_dempster_fire_specificity_silence_sensitivity_tau_0_1,CWE-20,0.007989845633764248,1.0,0.0,,1.0,0.0,0.01585302785916827,0.03871201453314919,,0.007989845633764248,0.5,0.5279088754406175,0.013903475755916305,1926
dst_dempster_fire_specificity_silence_sensitivity_tau_0_1,CWE-269,0.0004853638383677117,1.0,0.0,,1.0,0.0,0.0009702565440857498,0.002422114718145432,,0.0004853638383677117,0.5,0.4999128408529563,0.0006284152079499211,117
dst_dempster_fire_specificity_silence_sensitivity_tau_0_1,CWE-285,0.0011740010507655932,1.0,0.0,,1.0,0.0,0.002345248571322521,0.0058425664921943985,,0.0011740010507655932,0.5,0.5152598610348283,0.0021662002403401957,283
dst_dempster_fire_specificity_silence_sensitivity_tau_0_1,CWE-287,0.0013222789149522187,0.8,0.2,0.998672391976269,0.8,0.2,0.0026410654394137603,0.006576608491301983,,0.20079230152721558,0.5,0.5,0.0014427608801302215,319
dst_dempster_fire_specificity_silence_sensitivity_tau_0_1,CWE-369,0.001136664570049566,1.0,0.0,,1.0,0.0,0.0022707479275197217,0.005657598354241595,,0.001136664570049566,0.5,0.5017890725662961,0.0018764213229692434,274
dst_dempster_fire_specificity_silence_sensitivity_tau_0_1,CWE-400,0.0023977829287847594,1.0,0.0,,1.0,0.0,0.0047840944338221735,0.01187501777538932,,0.0023977829287847594,0.5,0.4999209915220031,0.002211459632643618,578
dst_dempster_fire_specificity_silence_sensitivity_tau_0_1,CWE-404,0.005090103249680887,1.0,0.0,,1.0,0.0,0.010128650425456588,0.024942671244657454,,0.005090103249680887,0.5,0.5002147443826325,0.003245765030979478,1227
dst_dempster_fire_specificity_silence_sensitivity_tau_0_1,CWE-476,0.006981779152874261,1.0,0.0,,1.0,0.0,0.013866743590598963,0.03396047592483246,,0.006981779152874261,0.5,0.5123565198692533,0.018451171908041925,1683
dst_dempster_fire_specificity_silence_sensitivity_tau_0_1,CWE-662,0.003297988914559992,1.0,0.0,,1.0,0.0,0.006574295873778058,0.016275242293923135,,0.003297988914559992,0.5,0.5064322127548675,0.006619919814708429,795
dst_dempster_fire_specificity_silence_sensitivity_tau_0_1,CWE-665,0.0005849257506726008,1.0,0.0,,1.0,0.0,0.0011691674890448405,0.0029178006100351902,,0.0005849257506726008,0.5,0.508781533506245,0.002958873016226695,141
dst_dempster_fire_specificity_silence_sensitivity_tau_0_1,CWE-668,0.005658435965019412,1.0,0.0,,1.0,0.0,0.011253196309996091,0.02766599356249458,,0.005658435965019412,0.5,0.6058421853684549,0.015051054487365998,1364
dst_dempster_fire_specificity_silence_sensitivity_tau_0_1,CWE-704,0.0018253020407627627,1.0,0.0,,1.0,0.0,0.0036439527669716804,0.009060358638061244,,0.0018253020407627627,0.5,0.5009014761202526,0.0013926920261937187,440
dst_dempster_fire_specificity_silence_sensitivity_tau_0_1,CWE-705,0.0010951819816126282,1.0,0.0,,1.0,0.0,0.0021879675998388443,0.005452024673510329,,0.0010951819816126282,0.5,0.4999646996162732,0.0012450339937084332,264
dst_dempster_fire_specificity_silence_sensitivity_tau_0_1,CWE-706,0.003347769913851251,1.0,0.0,,1.0,0.0,0.006673199285864871,0.016517658271885883,,0.003347769913851251,0.5,0.5005607630003376,0.002697805921578506,807
dst_dempster_fire_specificity_silence_sensitivity_tau_0_1,CWE-74,0.0038912118712270197,1.0,0.0,,1.0,0.0,0.007752257862307814,0.019157868084253387,,0.0038912118712270197,0.5,0.6231468566107222,0.05477508293131883,938
dst_dempster_fire_specificity_silence_sensitivity_tau_0_1,CWE-754,0.0006927846968557118,1.0,0.0,,1.0,0.0,0.001384609951983493,0.003454348960986691,,0.0006927846968557118,0.5,0.5055784564330016,0.007380325864979363,167
dst_dempster_fire_specificity_silence_sensitivity_tau_0_1,CWE-834,0.0014560926337639194,1.0,0.0,,1.0,0.0,0.0029079508877309897,0.007238303280824585,,0.0014560926337639194,0.5,0.5041963951863331,0.0032026111065965833,351
dst_dempster_fire_specificity_silence_sensitivity_tau_0_2,CWE-118,0.04391095932153146,1.0,0.0,,1.0,0.0,0.08412778675095499,0.18675281500253121,,0.04391095932153146,0.5,0.6638857431529924,0.1396371735346818,10585
dst_dempster_fire_specificity_silence_sensitivity_tau_0_2,CWE-190,0.005832668945827858,1.0,0.0,,1.0,0.0,0.01159769227217632,0.028498455348573183,,0.005832668945827858,0.5,0.5312132697622547,0.020375950559030166,1406
dst_dempster_fire_specificity_silence_sensitivity_tau_0_2,CWE-191,0.0006927846969342311,1.0,0.0,,1.0,0.0,0.0013846099521398784,0.0034543489613727955,,0.0006927846969342311,0.5,0.49976545263300454,0.000387892762593831,167
dst_dempster_fire_specificity_silence_sensitivity_tau_0_2,CWE-20,0.007989845633764248,1.0,0.0,,1.0,0.0,0.01585302785916827,0.03871201453314919,,0.007989845633764248,0.5,0.5279088754406175,0.013903475755916305,1926
dst_dempster_fire_specificity_silence_sensitivity_tau_0_2,CWE-269,0.0004853638383677117,1.0,0.0,,1.0,0.0,0.0009702565440857498,0.002422114718145432,,0.0004853638383677117,0.5,0.4999128408529563,0.0006284152079499211,117
dst_dempster_fire_specificity_silence_sensitivity_tau_0_2,CWE-285,0.0011740010507655932,1.0,0.0,,1.0,0.0,0.002345248571322521,0.0058425664921943985,,0.0011740010507655932,0.5,0.5152598610348283,0.0021662002403401957,283
dst_dempster_fire_specificity_silence_sensitivity_tau_0_2,CWE-287,0.0013222789149522187,0.8,0.2,0.998672391976269,0.8,0.2,0.0026410654394137603,0.006576608491301983,,0.20079230152721558,0.5,0.5,0.0014427608801302215,319
dst_dempster_fire_specificity_silence_sensitivity_tau_0_2,CWE-369,0.001136664570049566,1.0,0.0,,1.0,0.0,0.0022707479275197217,0.005657598354241595,,0.001136664570049566,0.5,0.5017890725662961,0.0018764213229692434,274
dst_dempster_fire_specificity_silence_sensitivity_tau_0_2,CWE-400,0.0023977829287847594,1.0,0.0,,1.0,0.0,0.0047840944338221735,0.01187501777538932,,0.0023977829287847594,0.5,0.4999209915220031,0.002211459632643618,578
dst_dempster_fire_specificity_silence_sensitivity_tau_0_2,CWE-404,0.005090103249680887,1.0,0.0,,1.0,0.0,0.010128650425456588,0.024942671244657454,,0.005090103249680887,0.5,0.5002147443826325,0.003245765030979478,1227
dst_dempster_fire_specificity_silence_sensitivity_tau_0_2,CWE-476,0.006981779152874261,1.0,0.0,,1.0,0.0,0.013866743590598963,0.03396047592483246,,0.006981779152874261,0.5,0.5123565198692533,0.018451171908041925,1683
dst_dempster_fire_specificity_silence_sensitivity_tau_0_2,CWE-662,0.003297988914559992,1.0,0.0,,1.0,0.0,0.006574295873778058,0.016275242293923135,,0.003297988914559992,0.5,0.5064322127548675,0.006619919814708429,795
dst_dempster_fire_specificity_silence_sensitivity_tau_0_2,CWE-665,0.0005849257506726008,1.0,0.0,,1.0,0.0,0.0011691674890448405,0.0029178006100351902,,0.0005849257506726008,0.5,0.508781533506245,0.002958873016226695,141
dst_dempster_fire_specificity_silence_sensitivity_tau_0_2,CWE-668,0.005658435965019412,1.0,0.0,,1.0,0.0,0.011253196309996091,0.02766599356249458,,0.005658435965019412,0.5,0.6058421853684549,0.015051054487365998,1364
dst_dempster_fire_specificity_silence_sensitivity_tau_0_2,CWE-704,0.0018253020407627627,1.0,0.0,,1.0,0.0,0.0036439527669716804,0.009060358638061244,,0.0018253020407627627,0.5,0.5009014761202526,0.0013926920261937187,440
dst_dempster_fire_specificity_silence_sensitivity_tau_0_2,CWE-705,0.0010951819816126282,1.0,0.0,,1.0,0.0,0.0021879675998388443,0.005452024673510329,,0.0010951819816126282,0.5,0.4999646996162732,0.0012450339937084332,264
dst_dempster_fire_specificity_silence_sensitivity_tau_0_2,CWE-706,0.003347769913851251,1.0,0.0,,1.0,0.0,0.006673199285864871,0.016517658271885883,,0.003347769913851251,0.5,0.5005607630003376,0.002697805921578506,807
dst_dempster_fire_specificity_silence_sensitivity_tau_0_2,CWE-74,0.0038912118712270197,1.0,0.0,,1.0,0.0,0.007752257862307814,0.019157868084253387,,0.0038912118712270197,0.5,0.6231468566107222,0.05477508293131883,938
dst_dempster_fire_specificity_silence_sensitivity_tau_0_2,CWE-754,0.0006927846968557118,1.0,0.0,,1.0,0.0,0.001384609951983493,0.003454348960986691,,0.0006927846968557118,0.5,0.5055784564330016,0.007380325864979363,167
dst_dempster_fire_specificity_silence_sensitivity_tau_0_2,CWE-834,0.0014560926337639194,1.0,0.0,,1.0,0.0,0.0029079508877309897,0.007238303280824585,,0.0014560926337639194,0.5,0.5041963951863331,0.0032026111065965833,351
dst_dempster_fire_specificity_silence_sensitivity_tau_0_3,CWE-118,0.19696178923113117,0.503448275862069,0.7546818827090543,0.9706664792089064,0.24531811729094563,0.496551724137931,0.2491152604869447,0.3076662970308166,0.2577432135699316,0.7436474832994425,0.6290650792855617,0.6638857431529924,0.1396371735346818,10585
dst_dempster_fire_specificity_silence_sensitivity_tau_0_3,CWE-190,0.005832668945827858,1.0,0.0,,1.0,0.0,0.01159769227217632,0.028498455348573183,,0.005832668945827858,0.5,0.5312132697622547,0.020375950559030166,1406
dst_dempster_fire_specificity_silence_sensitivity_tau_0_3,CWE-191,0.0006927846969342311,1.0,0.0,,1.0,0.0,0.0013846099521398784,0.0034543489613727955,,0.0006927846969342311,0.5,0.49976545263300454,0.000387892762593831,167
dst_dempster_fire_specificity_silence_sensitivity_tau_0_3,CWE-20,0.007989845633764248,1.0,0.0,,1.0,0.0,0.01585302785916827,0.03871201453314919,,0.007989845633764248,0.5,0.5279088754406175,0.013903475755916305,1926
dst_dempster_fire_specificity_silence_sensitivity_tau_0_3,CWE-269,0.0004853638383677117,1.0,0.0,,1.0,0.0,0.0009702565440857498,0.002422114718145432,,0.0004853638383677117,0.5,0.4999128408529563,0.0006284152079499211,117
dst_dempster_fire_specificity_silence_sensitivity_tau_0_3,CWE-285,0.0011740010507655932,1.0,0.0,,1.0,0.0,0.002345248571322521,0.0058425664921943985,,0.0011740010507655932,0.5,0.5152598610348283,0.0021662002403401957,283
dst_dempster_fire_specificity_silence_sensitivity_tau_0_3,CWE-287,0.0013222789149522187,0.8,0.2,0.998672391976269,0.8,0.2,0.0026410654394137603,0.006576608491301983,,0.20079230152721558,0.5,0.5,0.0014427608801302215,319
dst_dempster_fire_specificity_silence_sensitivity_tau_0_3,CWE-369,0.001136664570049566,1.0,0.0,,1.0,0.0,0.0022707479275197217,0.005657598354241595,,0.001136664570049566,0.5,0.5017890725662961,0.0018764213229692434,274
dst_dempster_fire_specificity_silence_sensitivity_tau_0_3,CWE-400,0.0023977829287847594,1.0,0.0,,1.0,0.0,0.0047840944338221735,0.01187501777538932,,0.0023977829287847594,0.5,0.4999209915220031,0.002211459632643618,578
dst_dempster_fire_specificity_silence_sensitivity_tau_0_3,CWE-404,0.005090103249680887,1.0,0.0,,1.0,0.0,0.010128650425456588,0.024942671244657454,,0.005090103249680887,0.5,0.5002147443826325,0.003245765030979478,1227
dst_dempster_fire_specificity_silence_sensitivity_tau_0_3,CWE-476,0.006981779152874261,1.0,0.0,,1.0,0.0,0.013866743590598963,0.03396047592483246,,0.006981779152874261,0.5,0.5123565198692533,0.018451171908041925,1683
dst_dempster_fire_specificity_silence_sensitivity_tau_0_3,CWE-662,0.003297988914559992,1.0,0.0,,1.0,0.0,0.006574295873778058,0.016275242293923135,,0.003297988914559992,0.5,0.5064322127548675,0.006619919814708429,795
dst_dempster_fire_specificity_silence_sensitivity_tau_0_3,CWE-665,0.0005849257506726008,1.0,0.0,,1.0,0.0,0.0011691674890448405,0.0029178006100351902,,0.0005849257506726008,0.5,0.508781533506245,0.002958873016226695,141
dst_dempster_fire_specificity_silence_sensitivity_tau_0_3,CWE-668,0.005658435965019412,1.0,0.0,,1.0,0.0,0.011253196309996091,0.02766599356249458,,0.005658435965019412,0.5,0.6058421853684549,0.015051054487365998,1364
dst_dempster_fire_specificity_silence_sensitivity_tau_0_3,CWE-704,0.0018253020407627627,1.0,0.0,,1.0,0.0,0.0036439527669716804,0.009060358638061244,,0.0018253020407627627,0.5,0.5009014761202526,0.0013926920261937187,440
dst_dempster_fire_specificity_silence_sensitivity_tau_0_3,CWE-705,0.0010951819816126282,1.0,0.0,,1.0,0.0,0.0021879675998388443,0.005452024673510329,,0.0010951819816126282,0.5,0.4999646996162732,0.0012450339937084332,264
dst_dempster_fire_specificity_silence_sensitivity_tau_0_3,CWE-706,0.003347769913851251,1.0,0.0,,1.0,0.0,0.006673199285864871,0.016517658271885883,,0.003347769913851251,0.5,0.5005607630003376,0.002697805921578506,807
dst_dempster_fire_specificity_silence_sensitivity_tau_0_3,CWE-74,0.0038912118712270197,1.0,0.0,,1.0,0.0,0.007752257862307814,0.019157868084253387,,0.0038912118712270197,0.5,0.6231468566107222,0.05477508293131883,938
dst_dempster_fire_specificity_silence_sensitivity_tau_0_3,CWE-754,0.0006927846968557118,1.0,0.0,,1.0,0.0,0.001384609951983493,0.003454348960986691,,0.0006927846968557118,0.5,0.5055784564330016,0.007380325864979363,167
dst_dempster_fire_specificity_silence_sensitivity_tau_0_3,CWE-834,0.0014560926337639194,1.0,0.0,,1.0,0.0,0.0029079508877309897,0.007238303280824585,,0.0014560926337639194,0.5,0.5041963951863331,0.0032026111065965833,351
dst_dempster_fire_specificity_silence_sensitivity_tau_0_4,CWE-118,0.236576542496218,0.38393953708077466,0.943103460480566,0.9708731014860985,0.056896539519434006,0.6160604629192253,0.29273961192547143,0.3413866757545912,0.26046249983608727,0.9185500133699527,0.6635214987806703,0.6638857431529924,0.1396371735346818,10585
dst_dempster_fire_specificity_silence_sensitivity_tau_0_4,CWE-190,0.005832668945827858,1.0,0.0,,1.0,0.0,0.01159769227217632,0.028498455348573183,,0.005832668945827858,0.5,0.5312132697622547,0.020375950559030166,1406
dst_dempster_fire_specificity_silence_sensitivity_tau_0_4,CWE-191,0.0006927846969342311,1.0,0.0,,1.0,0.0,0.0013846099521398784,0.0034543489613727955,,0.0006927846969342311,0.5,0.49976545263300454,0.000387892762593831,167
dst_dempster_fire_specificity_silence_sensitivity_tau_0_4,CWE-20,0.007989845633764248,1.0,0.0,,1.0,0.0,0.01585302785916827,0.03871201453314919,,0.007989845633764248,0.5,0.5279088754406175,0.013903475755916305,1926
dst_dempster_fire_specificity_silence_sensitivity_tau_0_4,CWE-269,0.0004853638383677117,1.0,0.0,,1.0,0.0,0.0009702565440857498,0.002422114718145432,,0.0004853638383677117,0.5,0.4999128408529563,0.0006284152079499211,117
dst_dempster_fire_specificity_silence_sensitivity_tau_0_4,CWE-285,0.0011740010507655932,1.0,0.0,,1.0,0.0,0.002345248571322521,0.0058425664921943985,,0.0011740010507655932,0.5,0.5152598610348283,0.0021662002403401957,283
dst_dempster_fire_specificity_silence_sensitivity_tau_0_4,CWE-287,0.0013222789149522187,0.8,0.2,0.998672391976269,0.8,0.2,0.0026410654394137603,0.006576608491301983,,0.20079230152721558,0.5,0.5,0.0014427608801302215,319
dst_dempster_fire_specificity_silence_sensitivity_tau_0_4,CWE-369,0.001136664570049566,1.0,0.0,,1.0,0.0,0.0022707479275197217,0.005657598354241595,,0.001136664570049566,0.5,0.5017890725662961,0.0018764213229692434,274
dst_dempster_fire_specificity_silence_sensitivity_tau_0_4,CWE-400,0.0023977829287847594,1.0,0.0,,1.0,0.0,0.0047840944338221735,0.01187501777538932,,0.0023977829287847594,0.5,0.4999209915220031,0.002211459632643618,578
dst_dempster_fire_specificity_silence_sensitivity_tau_0_4,CWE-404,0.005090103249680887,1.0,0.0,,1.0,0.0,0.010128650425456588,0.024942671244657454,,0.005090103249680887,0.5,0.5002147443826325,0.003245765030979478,1227
dst_dempster_fire_specificity_silence_sensitivity_tau_0_4,CWE-476,0.006981779152874261,1.0,0.0,,1.0,0.0,0.013866743590598963,0.03396047592483246,,0.006981779152874261,0.5,0.5123565198692533,0.018451171908041925,1683
dst_dempster_fire_specificity_silence_sensitivity_tau_0_4,CWE-662,0.003297988914559992,1.0,0.0,,1.0,0.0,0.006574295873778058,0.016275242293923135,,0.003297988914559992,0.5,0.5064322127548675,0.006619919814708429,795
dst_dempster_fire_specificity_silence_sensitivity_tau_0_4,CWE-665,0.0005849257506726008,1.0,0.0,,1.0,0.0,0.0011691674890448405,0.0029178006100351902,,0.0005849257506726008,0.5,0.508781533506245,0.002958873016226695,141
dst_dempster_fire_specificity_silence_sensitivity_tau_0_4,CWE-668,0.06003810156128923,0.2324068088773971,0.9792942165100517,0.9955593631013431,0.02070578348994837,0.7675931911226029,0.09541831946822099,0.14761956953509256,0.10848436566421338,0.9750679957966006,0.6058505126937244,0.6058421853684549,0.015051054487365998,1364
dst_dempster_fire_specificity_silence_sensitivity_tau_0_4,CWE-704,0.0018253020407627627,1.0,0.0,,1.0,0.0,0.0036439527669716804,0.009060358638061244,,0.0018253020407627627,0.5,0.5009014761202526,0.0013926920261937187,440
dst_dempster_fire_specificity_silence_sensitivity_tau_0_4,CWE-705,0.0010951819816126282,1.0,0.0,,1.0,0.0,0.0021879675998388443,0.005452024673510329,,0.0010951819816126282,0.5,0.4999646996162732,0.0012450339937084332,264
dst_dempster_fire_specificity_silence_sensitivity_tau_0_4,CWE-706,0.003347769913851251,1.0,0.0,,1.0,0.0,0.006673199285864871,0.016517658271885883,,0.003347769913851251,0.5,0.5005607630003376,0.002697805921578506,807
dst_dempster_fire_specificity_silence_sensitivity_tau_0_4,CWE-74,0.32295670482512584,0.24840141085447714,0.997963496694663,0.9970665877337227,0.0020365033053369036,0.7515985891455228,0.28069939152950146,0.2603672117331447,0.28073053170429924,0.9950467935950474,0.6231824537745702,0.6231468566107222,0.05477508293131883,938
dst_dempster_fire_specificity_silence_sensitivity_tau_0_4,CWE-754,0.0006927846968557118,1.0,0.0,,1.0,0.0,0.001384609951983493,0.003454348960986691,,0.0006927846968557118,0.5,0.5055784564330016,0.007380325864979363,167
dst_dempster_fire_specificity_silence_sensitivity_tau_0_4,CWE-834,0.0014560926337639194,1.0,0.0,,1.0,0.0,0.0029079508877309897,0.007238303280824585,,0.0014560926337639194,0.5,0.5041963951863331,0.0032026111065965833,351
dst_dempster_fire_specificity_silence_sensitivity_tau_0_5,CWE-118,0.236576542496218,0.38393953708077466,0.943103460480566,0.9708731014860985,0.056896539519434006,0.6160604629192253,0.29273961192547143,0.3413866757545912,0.26046249983608727,0.9185500133699527,0.6635214987806703,0.6638857431529924,0.1396371735346818,10585
dst_dempster_fire_specificity_silence_sensitivity_tau_0_5,CWE-190,0.07018804152972885,0.06756265616718407,0.9947757090895042,0.9945308807698625,0.005224290910495763,0.932437343832816,0.06881645257390266,0.06805100607751913,0.06350195697471986,0.9893676089353856,0.5311691826283441,0.5312132697622547,0.020375950559030166,1406
dst_dempster_fire_specificity_silence_sensitivity_tau_0_5,CWE-191,0.0006927846969342311,1.0,0.0,,1.0,0.0,0.0013846099521398784,0.0034543489613727955,,0.0006927846969342311,0.5,0.49976545263300454,0.000387892762593831,167
dst_dempster_fire_specificity_silence_sensitivity_tau_0_5,CWE-20,0.040294002508422924,0.06904246013054302,0.9867477423863062,0.9924586046569374,0.013252257613693714,0.930957539869457,0.05086784270446051,0.060398781789364045,0.04273752591478301,0.9794155285387343,0.5278951012584246,0.5279088754406175,0.013903475755916305,1926
dst_dempster_fire_specificity_silence_sensitivity_tau_0_5,CWE-269,0.0004853638383677117,1.0,0.0,,1.0,0.0,0.0009702565440857498,0.002422114718145432,,0.0004853638383677117,0.5,0.4999128408529563,0.0006284152079499211,117
dst_dempster_fire_specificity_silence_sensitivity_tau_0_5,CWE-285,0.029770123555645,0.03176691729323308,0.9987706299062685,0.9988618955141554,0.001229370093731515,0.968233082706767,0.030720257855121207,0.031335618134470805,0.029561892453298134,0.9976354081320398,0.5152687735997508,0.5152598610348283,0.0021662002403401957,283
dst_dempster_fire_specificity_silence_sensitivity_tau_0_5,CWE-287,,0.0,1.0,0.998676655263292,0.0,1.0,,,,0.998676655263292,0.5,0.5,0.0014427608801302215,319
dst_dempster_fire_specificity_silence_sensitivity_tau_0_5,CWE-369,0.0002281826290787645,0.2,0.7999543175562809,0.9988643327179809,0.20004568244371906,0.8,0.002279225892006133,0.005678650339686539,-0.00025194076850462634,0.7992740701848602,0.4999771587781405,0.5017890725662961,0.0018764213229692434,274
dst_dempster_fire_specificity_silence_sensitivity_tau_0_5,CWE-400,0.0023977829287847594,1.0,0.0,,1.0,0.0,0.0047840944338221735,0.01187501777538932,,0.0023977829287847594,0.5,0.4999209915220031,0.002211459632643618,578
dst_dempster_fire_specificity_silence_sensitivity_tau_0_5,CWE-404,0.0065608465608465606,0.0016260162601626018,0.9988033029125886,0.9949120931313752,0.001196697087411378,0.9983739837398374,0.00649789029535865,0.004780394350542753,0.0007956450049988429,0.9937275880819081,0.5002146595863757,0.5002147443826325,0.003245765030979478,1227
dst_dempster_fire_specificity_silence_sensitivity_tau_0_5,CWE-476,0.08434710036666793,0.026730959446092977,0.9979655373922164,0.9931898689600638,0.0020344626077836944,0.9732690405539071,0.04054448206971268,0.03094601105601851,0.04372131125372523,0.9911846387223383,0.5123482484191546,0.5123565198692533,0.018451171908041925,1683
dst_dempster_fire_specificity_silence_sensitivity_tau_0_5,CWE-662,0.008274809623180043,0.02138364779874214,0.9914633934167055,0.9967446022170788,0.008536606583294424,0.9786163522012579,0.011926081350654406,0.016228724464930476,0.008027570263232068,0.9882640806161487,0.5064235206077239,0.5064322127548675,0.006619919814708429,795
dst_dempster_fire_specificity_silence_sensitivity_tau_0_5,CWE-665,0.00012028702973993115,0.2,0.7974720604084645,0.9994173615580726,0.20252793959153553,0.8,0.001202147283768939,0.002999958621260397,-0.0013563489038482199,0.7971291769395995,0.49873603020423224,0.508781533506245,0.002958873016226695,141
dst_dempster_fire_specificity_silence_sensitivity_tau_0_5,CWE-668,0.06003810156128923,0.2324068088773971,0.9792942165100517,0.9955593631013431,0.02070578348994837,0.7675931911226029,0.09541831946822099,0.14761956953509256,0.10848436566421338,0.9750679957966006,0.6058505126937244,0.6058421853684549,0.015051054487365998,1364
dst_dempster_fire_specificity_silence_sensitivity_tau_0_5,CWE-704,0.0003650089178315152,0.2,0.7996176302904835,0.9981737623047944,0.20038236970951653,0.8,0.0036434397383347823,0.009059089973234508,-0.0009334795677198538,0.7985230440579277,0.49980881514524167,0.5009014761202526,0.0013926920261937187,440
dst_dempster_fire_specificity_silence_sensitivity_tau_0_5,CWE-705,0.0010951819816126282,1.0,0.0,,1.0,0.0,0.0021879675998388443,0.005452024673510329,,0.0010951819816126282,0.5,0.4999646996162732,0.0012450339937084332,264
dst_dempster_fire_specificity_silence_sensitivity_tau_0_5,CWE-706,0.000667800406487204,0.2,0.7998959368743053,0.9966496038066232,0.20010406312569481,0.8,0.006655780400587032,0.016474970324587612,-0.0006534850544558791,0.7978841163396166,0.49994796843715256,0.5005607630003376,0.002697805921578506,807
dst_dempster_fire_specificity_silence_sensitivity_tau_0_5,CWE-74,0.32295670482512584,0.24840141085447714,0.997963496694663,0.9970665877337227,0.0020365033053369036,0.7515985891455228,0.28069939152950146,0.2603672117331447,0.28073053170429924,0.9950467935950474,0.6231824537745702,0.6231468566107222,0.05477508293131883,938
dst_dempster_fire_specificity_silence_sensitivity_tau_0_5,CWE-754,0.00014102617279853998,0.2,0.7994976850041794,0.999309869591731,0.20050231499582064,0.8,0.0014092680096161817,0.003515738098192497,-0.0006552107943036271,0.7990872984699142,0.49974884250208973,0.5055784564330016,0.007380325864979363,167
dst_dempster_fire_specificity_silence_sensitivity_tau_0_5,CWE-834,0.08214285714285714,0.008571428571428572,0.9998213618012375,0.9985560776082003,0.00017863819876252261,0.9914285714285714,0.03879453879453879,0.026102158343012005,0.02601711732067576,0.9983779758935883,0.5041963951863331,0.5041963951863331,0.0032026111065965833,351
dst_dempster_fire_specificity_silence_sensitivity_tau_0_6,CWE-118,0.236576542496218,0.38393953708077466,0.943103460480566,0.9708731014860985,0.056896539519434006,0.6160604629192253,0.29273961192547143,0.3413866757545912,0.26046249983608727,0.9185500133699527,0.6635214987806703,0.6638857431529924,0.1396371735346818,10585
dst_dempster_fire_specificity_silence_sensitivity_tau_0_6,CWE-190,0.07018804152972885,0.06756265616718407,0.9947757090895042,0.9945308807698625,0.005224290910495763,0.932437343832816,0.06881645257390266,0.06805100607751913,0.06350195697471986,0.9893676089353856,0.5311691826283441,0.5312132697622547,0.020375950559030166,1406
dst_dempster_fire_specificity_silence_sensitivity_tau_0_6,CWE-191,0.0,0.0,0.9995309052660091,0.9993068905837343,0.0004690947339910082,1.0,,,-0.0005698559564827354,0.998838445360656,0.49976545263300454,0.49976545263300454,0.000387892762593831,167
dst_dempster_fire_specificity_silence_sensitivity_tau_0_6,CWE-20,0.040294002508422924,0.06904246013054302,0.9867477423863062,0.9924586046569374,0.013252257613693714,0.930957539869457,0.05086784270446051,0.060398781789364045,0.04273752591478301,0.9794155285387343,0.5278951012584246,0.5279088754406175,0.013903475755916305,1926
dst_dempster_fire_specificity_silence_sensitivity_tau_0_6,CWE-269,0.0,0.0,0.9998256817059126,0.9995145517336519,0.0001743182940873977,1.0,,,-0.0002878536026776052,0.9993404023204819,0.4999128408529563,0.4999128408529563,0.0006284152079499211,117
dst_dempster_fire_specificity_silence_sensitivity_tau_0_6,CWE-285,0.029770123555645,0.03176691729323308,0.9987706299062685,0.9988618955141554,0.001229370093731515,0.968233082706767,0.030720257855121207,0.031335618134470805,0.029561892453298134,0.9976354081320398,0.5152687735997508,0.5152598610348283,0.0021662002403401957,283
dst_dempster_fire_specificity_silence_sensitivity_tau_0_6,CWE-287,,0.0,1.0,0.998676655263292,0.0,1.0,,,,0.998676655263292,0.5,0.5,0.0014427608801302215,319
dst_dempster_fire_specificity_silence_sensitivity_tau_0_6,CWE-369,0.05,0.0036363636363636364,0.9999418570146628,0.9988674137295162,5.814298533729466e-05,0.9963636363636363,0.03389830508474576,0.022321428571428575,0.013229129065175422,0.9988094073765543,0.5017891103255131,0.5017890725662961,0.0018764213229692434,274
dst_dempster_fire_specificity_silence_sensitivity_tau_0_6,CWE-400,0.0,0.0,0.9998419830440062,0.9976018395186811,0.0001580169559939142,1.0,,,-0.000599755433092071,0.9974445785026311,0.4999209915220031,0.4999209915220031,0.002211459632643618,578
dst_dempster_fire_specificity_silence_sensitivity_tau_0_6,CWE-404,0.0065608465608465606,0.0016260162601626018,0.9988033029125886,0.9949120931313752,0.001196697087411378,0.9983739837398374,0.00649789029535865,0.004780394350542753,0.0007956450049988429,0.9937275880819081,0.5002146595863757,0.5002147443826325,0.003245765030979478,1227
dst_dempster_fire_specificity_silence_sensitivity_tau_0_6,CWE-476,0.08434710036666793,0.026730959446092977,0.9979655373922164,0.9931898689600638,0.0020344626077836944,0.9732690405539071,0.04054448206971268,0.03094601105601851,0.04372131125372523,0.9911846387223383,0.5123482484191546,0.5123565198692533,0.018451171908041925,1683
dst_dempster_fire_specificity_silence_sensitivity_tau_0_6,CWE-662,0.008274809623180043,0.02138364779874214,0.9914633934167055,0.9967446022170788,0.008536606583294424,0.9786163522012579,0.011926081350654406,0.016228724464930476,0.008027570263232068,0.9882640806161487,0.5064235206077239,0.5064322127548675,0.006619919814708429,795
dst_dempster_fire_specificity_silence_sensitivity_tau_0_6,CWE-665,0.003896103896103896,0.020689655172413793,0.9968453613692647,0.9994257001652331,0.003154638630735348,0.9793103448275862,0.03278688524590164,0.05555555555555556,0.007632533438125666,0.9962747242455847,0.5087675082708392,0.508781533506245,0.002958873016226695,141
dst_dempster_fire_specificity_silence_sensitivity_tau_0_6,CWE-668,0.06003810156128923,0.2324068088773971,0.9792942165100517,0.9955593631013431,0.02070578348994837,0.7675931911226029,0.09541831946822099,0.14761956953509256,0.10848436566421338,0.9750679957966006,0.6058505126937244,0.6058421853684549,0.015051054487365998,1364
dst_dempster_fire_specificity_silence_sensitivity_tau_0_6,CWE-704,0.00909090909090909,0.0022727272727272726,0.9995303666295652,0.9981779840325649,0.00046963337043488384,0.9977272727272727,0.01818181818181818,0.013368983957219254,0.0036211497522520347,0.9977100696500303,0.5009015469511462,0.5009014761202526,0.0013926920261937187,440
dst_dempster_fire_specificity_silence_sensitivity_tau_0_6,CWE-705,0.0,0.0,0.9999293992325464,0.9989047405684148,7.060076745358566e-05,1.0,,,-0.0002621818784862526,0.9988342947785703,0.4999646996162732,0.4999646996162732,0.0012450339937084332,264
dst_dempster_fire_specificity_silence_sensitivity_tau_0_6,CWE-706,0.04,0.0012422360248447203,0.9998792899758305,0.9966559616423574,0.00012071002416954722,0.9987577639751553,0.012048192771084336,0.007704160246533127,0.006420562395554443,0.9965360720408072,0.5005607630003376,0.5005607630003376,0.002697805921578506,807
dst_dempster_fire_specificity_silence_sensitivity_tau_0_6,CWE-74,0.32295670482512584,0.24840141085447714,0.997963496694663,0.9970665877337227,0.0020365033053369036,0.7515985891455228,0.28069939152950146,0.2603672117331447,0.28073053170429924,0.9950467935950474,0.6231824537745702,0.6231468566107222,0.05477508293131883,938
dst_dempster_fire_specificity_silence_sensitivity_tau_0_6,CWE-754,0.014285714285714285,0.011764705882352941,0.9993897653628047,0.9993150880369457,0.0006102346371953639,0.9882352941176471,0.06451612903225808,0.06097560975609756,0.012320184501212913,0.9987056982376359,0.5055772356225787,0.5055784564330016,0.007380325864979363,167
dst_dempster_fire_specificity_silence_sensitivity_tau_0_6,CWE-834,0.08214285714285714,0.008571428571428572,0.9998213618012375,0.9985560776082003,0.00017863819876252261,0.9914285714285714,0.03879453879453879,0.026102158343012005,0.02601711732067576,0.9983779758935883,0.5041963951863331,0.5041963951863331,0.0032026111065965833,351
dst_dempster_fire_specificity_silence_sensitivity_tau_0_7,CWE-118,0.236576542496218,0.38393953708077466,0.943103460480566,0.9708731014860985,0.056896539519434006,0.6160604629192253,0.29273961192547143,0.3413866757545912,0.26046249983608727,0.9185500133699527,0.6635214987806703,0.6638857431529924,0.1396371735346818,10585
dst_dempster_fire_specificity_silence_sensitivity_tau_0_7,CWE-190,0.07018804152972885,0.06756265616718407,0.9947757090895042,0.9945308807698625,0.005224290910495763,0.932437343832816,0.06881645257390266,0.06805100607751913,0.06350195697471986,0.9893676089353856,0.5311691826283441,0.5312132697622547,0.020375950559030166,1406
dst_dempster_fire_specificity_silence_sensitivity_tau_0_7,CWE-191,0.0,0.0,0.9995309052660091,0.9993068905837343,0.0004690947339910082,1.0,,,-0.0005698559564827354,0.998838445360656,0.49976545263300454,0.49976545263300454,0.000387892762593831,167
dst_dempster_fire_specificity_silence_sensitivity_tau_0_7,CWE-20,0.040294002508422924,0.06904246013054302,0.9867477423863062,0.9924586046569374,0.013252257613693714,0.930957539869457,0.05086784270446051,0.060398781789364045,0.04273752591478301,0.9794155285387343,0.5278951012584246,0.5279088754406175,0.013903475755916305,1926
dst_dempster_fire_specificity_silence_sensitivity_tau_0_7,CWE-269,0.0,0.0,0.9998256817059126,0.9995145517336519,0.0001743182940873977,1.0,,,-0.0002878536026776052,0.9993404023204819,0.4999128408529563,0.4999128408529563,0.0006284152079499211,117
dst_dempster_fire_specificity_silence_sensitivity_tau_0_7,CWE-285,0.029770123555645,0.03176691729323308,0.9987706299062685,0.9988618955141554,0.001229370093731515,0.968233082706767,0.030720257855121207,0.031335618134470805,0.029561892453298134,0.9976354081320398,0.5152687735997508,0.5152598610348283,0.0021662002403401957,283
dst_dempster_fire_specificity_silence_sensitivity_tau_0_7,CWE-287,,0.0,1.0,0.998676655263292,0.0,1.0,,,,0.998676655263292,0.5,0.5,0.0014427608801302215,319
dst_dempster_fire_specificity_silence_sensitivity_tau_0_7,CWE-369,0.05,0.0036363636363636364,0.9999418570146628,0.9988674137295162,5.814298533729466e-05,0.9963636363636363,0.03389830508474576,0.022321428571428575,0.013229129065175422,0.9988094073765543,0.5017891103255131,0.5017890725662961,0.0018764213229692434,274
dst_dempster_fire_specificity_silence_sensitivity_tau_0_7,CWE-400,0.0,0.0,0.9998419830440062,0.9976018395186811,0.0001580169559939142,1.0,,,-0.000599755433092071,0.9974445785026311,0.4999209915220031,0.4999209915220031,0.002211459632643618,578
dst_dempster_fire_specificity_silence_sensitivity_tau_0_7,CWE-404,0.0065608465608465606,0.0016260162601626018,0.9988033029125886,0.9949120931313752,0.001196697087411378,0.9983739837398374,0.00649789029535865,0.004780394350542753,0.0007956450049988429,0.9937275880819081,0.5002146595863757,0.5002147443826325,0.003245765030979478,1227
dst_dempster_fire_specificity_silence_sensitivity_tau_0_7,CWE-476,0.08434710036666793,0.026730959446092977,0.9979655373922164,0.9931898689600638,0.0020344626077836944,0.9732690405539071,0.04054448206971268,0.03094601105601851,0.04372131125372523,0.9911846387223383,0.5123482484191546,0.5123565198692533,0.018451171908041925,1683
dst_dempster_fire_specificity_silence_sensitivity_tau_0_7,CWE-662,0.008274809623180043,0.02138364779874214,0.9914633934167055,0.9967446022170788,0.008536606583294424,0.9786163522012579,0.011926081350654406,0.016228724464930476,0.008027570263232068,0.9882640806161487,0.5064235206077239,0.5064322127548675,0.006619919814708429,795
dst_dempster_fire_specificity_silence_sensitivity_tau_0_7,CWE-665,0.003896103896103896,0.020689655172413793,0.9968453613692647,0.9994257001652331,0.003154638630735348,0.9793103448275862,0.03278688524590164,0.05555555555555556,0.007632533438125666,0.9962747242455847,0.5087675082708392,0.508781533506245,0.002958873016226695,141
dst_dempster_fire_specificity_silence_sensitivity_tau_0_7,CWE-668,0.06003810156128923,0.2324068088773971,0.9792942165100517,0.9955593631013431,0.02070578348994837,0.7675931911226029,0.09541831946822099,0.14761956953509256,0.10848436566421338,0.9750679957966006,0.6058505126937244,0.6058421853684549,0.015051054487365998,1364
dst_dempster_fire_specificity_silence_sensitivity_tau_0_7,CWE-704,0.00909090909090909,0.0022727272727272726,0.9995303666295652,0.9981779840325649,0.00046963337043488384,0.9977272727272727,0.01818181818181818,0.013368983957219254,0.0036211497522520347,0.9977100696500303,0.5009015469511462,0.5009014761202526,0.0013926920261937187,440
dst_dempster_fire_specificity_silence_sensitivity_tau_0_7,CWE-705,0.0,0.0,0.9999293992325464,0.9989047405684148,7.060076745358566e-05,1.0,,,-0.0002621818784862526,0.9988342947785703,0.4999646996162732,0.4999646996162732,0.0012450339937084332,264
dst_dempster_fire_specificity_silence_sensitivity_tau_0_7,CWE-706,0.04,0.0012422360248447203,0.9998792899758305,0.9966559616423574,0.00012071002416954722,0.9987577639751553,0.012048192771084336,0.007704160246533127,0.006420562395554443,0.9965360720408072,0.5005607630003376,0.5005607630003376,0.002697805921578506,807
dst_dempster_fire_specificity_silence_sensitivity_tau_0_7,CWE-74,0.32295670482512584,0.24840141085447714,0.997963496694663,0.9970665877337227,0.0020365033053369036,0.7515985891455228,0.28069939152950146,0.2603672117331447,0.28073053170429924,0.9950467935950474,0.6231824537745702,0.6231468566107222,0.05477508293131883,938
dst_dempster_fire_specificity_silence_sensitivity_tau_0_7,CWE-754,0.014285714285714285,0.011764705882352941,0.9993897653628047,0.9993150880369457,0.0006102346371953639,0.9882352941176471,0.06451612903225808,0.06097560975609756,0.012320184501212913,0.9987056982376359,0.5055772356225787,0.5055784564330016,0.007380325864979363,167
dst_dempster_fire_specificity_silence_sensitivity_tau_0_7,CWE-834,0.08214285714285714,0.008571428571428572,0.9998213618012375,0.9985560776082003,0.00017863819876252261,0.9914285714285714,0.03879453879453879,0.026102158343012005,0.02601711732067576,0.9983779758935883,0.5041963951863331,0.5041963951863331,0.0032026111065965833,351
dst_dempster_fire_specificity_silence_sensitivity_tau_0_8,CWE-118,0.236576542496218,0.38393953708077466,0.943103460480566,0.9708731014860985,0.056896539519434006,0.6160604629192253,0.29273961192547143,0.3413866757545912,0.26046249983608727,0.9185500133699527,0.6635214987806703,0.6638857431529924,0.1396371735346818,10585
dst_dempster_fire_specificity_silence_sensitivity_tau_0_8,CWE-190,0.07018804152972885,0.06756265616718407,0.9947757090895042,0.9945308807698625,0.005224290910495763,0.932437343832816,0.06881645257390266,0.06805100607751913,0.06350195697471986,0.9893676089353856,0.5311691826283441,0.5312132697622547,0.020375950559030166,1406
dst_dempster_fire_specificity_silence_sensitivity_tau_0_8,CWE-191,0.0,0.0,0.9995309052660091,0.9993068905837343,0.0004690947339910082,1.0,,,-0.0005698559564827354,0.998838445360656,0.49976545263300454,0.49976545263300454,0.000387892762593831,167
dst_dempster_fire_specificity_silence_sensitivity_tau_0_8,CWE-20,0.040294002508422924,0.06904246013054302,0.9867477423863062,0.9924586046569374,0.013252257613693714,0.930957539869457,0.05086784270446051,0.060398781789364045,0.04273752591478301,0.9794155285387343,0.5278951012584246,0.5279088754406175,0.013903475755916305,1926
dst_dempster_fire_specificity_silence_sensitivity_tau_0_8,CWE-269,0.0,0.0,0.9998256817059126,0.9995145517336519,0.0001743182940873977,1.0,,,-0.0002878536026776052,0.9993404023204819,0.4999128408529563,0.4999128408529563,0.0006284152079499211,117
dst_dempster_fire_specificity_silence_sensitivity_tau_0_8,CWE-285,0.029770123555645,0.03176691729323308,0.9987706299062685,0.9988618955141554,0.001229370093731515,0.968233082706767,0.030720257855121207,0.031335618134470805,0.029561892453298134,0.9976354081320398,0.5152687735997508,0.5152598610348283,0.0021662002403401957,283
dst_dempster_fire_specificity_silence_sensitivity_tau_0_8,CWE-287,,0.0,1.0,0.998676655263292,0.0,1.0,,,,0.998676655263292,0.5,0.5,0.0014427608801302215,319
dst_dempster_fire_specificity_silence_sensitivity_tau_0_8,CWE-369,0.05,0.0036363636363636364,0.9999418570146628,0.9988674137295162,5.814298533729466e-05,0.9963636363636363,0.03389830508474576,0.022321428571428575,0.013229129065175422,0.9988094073765543,0.5017891103255131,0.5017890725662961,0.0018764213229692434,274
dst_dempster_fire_specificity_silence_sensitivity_tau_0_8,CWE-400,0.0,0.0,0.9998419830440062,0.9976018395186811,0.0001580169559939142,1.0,,,-0.000599755433092071,0.9974445785026311,0.4999209915220031,0.4999209915220031,0.002211459632643618,578
dst_dempster_fire_specificity_silence_sensitivity_tau_0_8,CWE-404,0.0065608465608465606,0.0016260162601626018,0.9988033029125886,0.9949120931313752,0.001196697087411378,0.9983739837398374,0.00649789029535865,0.004780394350542753,0.0007956450049988429,0.9937275880819081,0.5002146595863757,0.5002147443826325,0.003245765030979478,1227
dst_dempster_fire_specificity_silence_sensitivity_tau_0_8,CWE-476,0.08434710036666793,0.026730959446092977,0.9979655373922164,0.9931898689600638,0.0020344626077836944,0.9732690405539071,0.04054448206971268,0.03094601105601851,0.04372131125372523,0.9911846387223383,0.5123482484191546,0.5123565198692533,0.018451171908041925,1683
dst_dempster_fire_specificity_silence_sensitivity_tau_0_8,CWE-662,0.008274809623180043,0.02138364779874214,0.9914633934167055,0.9967446022170788,0.008536606583294424,0.9786163522012579,0.011926081350654406,0.016228724464930476,0.008027570263232068,0.9882640806161487,0.5064235206077239,0.5064322127548675,0.006619919814708429,795
dst_dempster_fire_specificity_silence_sensitivity_tau_0_8,CWE-665,0.003896103896103896,0.020689655172413793,0.9968453613692647,0.9994257001652331,0.003154638630735348,0.9793103448275862,0.03278688524590164,0.05555555555555556,0.007632533438125666,0.9962747242455847,0.5087675082708392,0.508781533506245,0.002958873016226695,141
dst_dempster_fire_specificity_silence_sensitivity_tau_0_8,CWE-668,0.06003810156128923,0.2324068088773971,0.9792942165100517,0.9955593631013431,0.02070578348994837,0.7675931911226029,0.09541831946822099,0.14761956953509256,0.10848436566421338,0.9750679957966006,0.6058505126937244,0.6058421853684549,0.015051054487365998,1364
dst_dempster_fire_specificity_silence_sensitivity_tau_0_8,CWE-704,0.00909090909090909,0.0022727272727272726,0.9995303666295652,0.9981779840325649,0.00046963337043488384,0.9977272727272727,0.01818181818181818,0.013368983957219254,0.0036211497522520347,0.9977100696500303,0.5009015469511462,0.5009014761202526,0.0013926920261937187,440
dst_dempster_fire_specificity_silence_sensitivity_tau_0_8,CWE-705,0.0,0.0,0.9999293992325464,0.9989047405684148,7.060076745358566e-05,1.0,,,-0.0002621818784862526,0.9988342947785703,0.4999646996162732,0.4999646996162732,0.0012450339937084332,264
dst_dempster_fire_specificity_silence_sensitivity_tau_0_8,CWE-706,0.04,0.0012422360248447203,0.9998792899758305,0.9966559616423574,0.00012071002416954722,0.9987577639751553,0.012048192771084336,0.007704160246533127,0.006420562395554443,0.9965360720408072,0.5005607630003376,0.5005607630003376,0.002697805921578506,807
dst_dempster_fire_specificity_silence_sensitivity_tau_0_8,CWE-74,0.32295670482512584,0.24840141085447714,0.997963496694663,0.9970665877337227,0.0020365033053369036,0.7515985891455228,0.28069939152950146,0.2603672117331447,0.28073053170429924,0.9950467935950474,0.6231824537745702,0.6231468566107222,0.05477508293131883,938
dst_dempster_fire_specificity_silence_sensitivity_tau_0_8,CWE-754,0.014285714285714285,0.011764705882352941,0.9993897653628047,0.9993150880369457,0.0006102346371953639,0.9882352941176471,0.06451612903225808,0.06097560975609756,0.012320184501212913,0.9987056982376359,0.5055772356225787,0.5055784564330016,0.007380325864979363,167
dst_dempster_fire_specificity_silence_sensitivity_tau_0_8,CWE-834,0.08214285714285714,0.008571428571428572,0.9998213618012375,0.9985560776082003,0.00017863819876252261,0.9914285714285714,0.03879453879453879,0.026102158343012005,0.02601711732067576,0.9983779758935883,0.5041963951863331,0.5041963951863331,0.0032026111065965833,351
dst_dempster_fire_specificity_silence_sensitivity_tau_0_9,CWE-118,0.236576542496218,0.38393953708077466,0.943103460480566,0.9708731014860985,0.056896539519434006,0.6160604629192253,0.29273961192547143,0.3413866757545912,0.26046249983608727,0.9185500133699527,0.6635214987806703,0.6638857431529924,0.1396371735346818,10585
dst_dempster_fire_specificity_silence_sensitivity_tau_0_9,CWE-190,0.07018804152972885,0.06756265616718407,0.9947757090895042,0.9945308807698625,0.005224290910495763,0.932437343832816,0.06881645257390266,0.06805100607751913,0.06350195697471986,0.9893676089353856,0.5311691826283441,0.5312132697622547,0.020375950559030166,1406
dst_dempster_fire_specificity_silence_sensitivity_tau_0_9,CWE-191,0.0,0.0,0.9995309052660091,0.9993068905837343,0.0004690947339910082,1.0,,,-0.0005698559564827354,0.998838445360656,0.49976545263300454,0.49976545263300454,0.000387892762593831,167
dst_dempster_fire_specificity_silence_sensitivity_tau_0_9,CWE-20,0.040294002508422924,0.06904246013054302,0.9867477423863062,0.9924586046569374,0.013252257613693714,0.930957539869457,0.05086784270446051,0.060398781789364045,0.04273752591478301,0.9794155285387343,0.5278951012584246,0.5279088754406175,0.013903475755916305,1926
dst_dempster_fire_specificity_silence_sensitivity_tau_0_9,CWE-269,0.0,0.0,0.9998256817059126,0.9995145517336519,0.0001743182940873977,1.0,,,-0.0002878536026776052,0.9993404023204819,0.4999128408529563,0.4999128408529563,0.0006284152079499211,117
dst_dempster_fire_specificity_silence_sensitivity_tau_0_9,CWE-285,0.029770123555645,0.03176691729323308,0.9987706299062685,0.9988618955141554,0.001229370093731515,0.968233082706767,0.030720257855121207,0.031335618134470805,0.029561892453298134,0.9976354081320398,0.5152687735997508,0.5152598610348283,0.0021662002403401957,283
dst_dempster_fire_specificity_silence_sensitivity_tau_0_9,CWE-287,,0.0,1.0,0.998676655263292,0.0,1.0,,,,0.998676655263292,0.5,0.5,0.0014427608801302215,319
dst_dempster_fire_specificity_silence_sensitivity_tau_0_9,CWE-369,0.05,0.0036363636363636364,0.9999418570146628,0.9988674137295162,5.814298533729466e-05,0.9963636363636363,0.03389830508474576,0.022321428571428575,0.013229129065175422,0.9988094073765543,0.5017891103255131,0.5017890725662961,0.0018764213229692434,274
dst_dempster_fire_specificity_silence_sensitivity_tau_0_9,CWE-400,0.0,0.0,0.9998419830440062,0.9976018395186811,0.0001580169559939142,1.0,,,-0.000599755433092071,0.9974445785026311,0.4999209915220031,0.4999209915220031,0.002211459632643618,578
dst_dempster_fire_specificity_silence_sensitivity_tau_0_9,CWE-404,0.0065608465608465606,0.0016260162601626018,0.9988033029125886,0.9949120931313752,0.001196697087411378,0.9983739837398374,0.00649789029535865,0.004780394350542753,0.0007956450049988429,0.9937275880819081,0.5002146595863757,0.5002147443826325,0.003245765030979478,1227
dst_dempster_fire_specificity_silence_sensitivity_tau_0_9,CWE-476,0.08434710036666793,0.026730959446092977,0.9979655373922164,0.9931898689600638,0.0020344626077836944,0.9732690405539071,0.04054448206971268,0.03094601105601851,0.04372131125372523,0.9911846387223383,0.5123482484191546,0.5123565198692533,0.018451171908041925,1683
dst_dempster_fire_specificity_silence_sensitivity_tau_0_9,CWE-662,0.008274809623180043,0.02138364779874214,0.9914633934167055,0.9967446022170788,0.008536606583294424,0.9786163522012579,0.011926081350654406,0.016228724464930476,0.008027570263232068,0.9882640806161487,0.5064235206077239,0.5064322127548675,0.006619919814708429,795
dst_dempster_fire_specificity_silence_sensitivity_tau_0_9,CWE-665,0.003896103896103896,0.020689655172413793,0.9968453613692647,0.9994257001652331,0.003154638630735348,0.9793103448275862,0.03278688524590164,0.05555555555555556,0.007632533438125666,0.9962747242455847,0.5087675082708392,0.508781533506245,0.002958873016226695,141
dst_dempster_fire_specificity_silence_sensitivity_tau_0_9,CWE-668,0.06003810156128923,0.2324068088773971,0.9792942165100517,0.9955593631013431,0.02070578348994837,0.7675931911226029,0.09541831946822099,0.14761956953509256,0.10848436566421338,0.9750679957966006,0.6058505126937244,0.6058421853684549,0.015051054487365998,1364
dst_dempster_fire_specificity_silence_sensitivity_tau_0_9,CWE-704,0.00909090909090909,0.0022727272727272726,0.9995303666295652,0.9981779840325649,0.00046963337043488384,0.9977272727272727,0.01818181818181818,0.013368983957219254,0.0036211497522520347,0.9977100696500303,0.5009015469511462,0.5009014761202526,0.0013926920261937187,440
dst_dempster_fire_specificity_silence_sensitivity_tau_0_9,CWE-705,0.0,0.0,0.9999293992325464,0.9989047405684148,7.060076745358566e-05,1.0,,,-0.0002621818784862526,0.9988342947785703,0.4999646996162732,0.4999646996162732,0.0012450339937084332,264
dst_dempster_fire_specificity_silence_sensitivity_tau_0_9,CWE-706,0.04,0.0012422360248447203,0.9998792899758305,0.9966559616423574,0.00012071002416954722,0.9987577639751553,0.012048192771084336,0.007704160246533127,0.006420562395554443,0.9965360720408072,0.5005607630003376,0.5005607630003376,0.002697805921578506,807
dst_dempster_fire_specificity_silence_sensitivity_tau_0_9,CWE-74,0.32295670482512584,0.24840141085447714,0.997963496694663,0.9970665877337227,0.0020365033053369036,0.7515985891455228,0.28069939152950146,0.2603672117331447,0.28073053170429924,0.9950467935950474,0.6231824537745702,0.6231468566107222,0.05477508293131883,938
dst_dempster_fire_specificity_silence_sensitivity_tau_0_9,CWE-754,0.014285714285714285,0.011764705882352941,0.9993897653628047,0.9993150880369457,0.0006102346371953639,0.9882352941176471,0.06451612903225808,0.06097560975609756,0.012320184501212913,0.9987056982376359,0.5055772356225787,0.5055784564330016,0.007380325864979363,167
dst_dempster_fire_specificity_silence_sensitivity_tau_0_9,CWE-834,0.08214285714285714,0.008571428571428572,0.9998213618012375,0.9985560776082003,0.00017863819876252261,0.9914285714285714,0.03879453879453879,0.026102158343012005,0.02601711732067576,0.9983779758935883,0.5041963951863331,0.5041963951863331,0.0032026111065965833,351
dst_pcr6_fire_specificity_silence_sensitivity_tau_0_1,CWE-118,0.04391095932153146,1.0,0.0,,1.0,0.0,0.08412778675095499,0.18675281500253121,,0.04391095932153146,0.5,0.663501528978844,0.1340163116648783,10585
dst_pcr6_fire_specificity_silence_sensitivity_tau_0_1,CWE-190,0.005832668945827858,1.0,0.0,,1.0,0.0,0.01159769227217632,0.028498455348573183,,0.005832668945827858,0.5,0.5311928404990557,0.019817850748318034,1406
dst_pcr6_fire_specificity_silence_sensitivity_tau_0_1,CWE-191,0.0006927846969342311,1.0,0.0,,1.0,0.0,0.0013846099521398784,0.0034543489613727955,,0.0006927846969342311,0.5,0.49976545263300454,0.000387892762593831,167
dst_pcr6_fire_specificity_silence_sensitivity_tau_0_1,CWE-20,0.007989845633764248,1.0,0.0,,1.0,0.0,0.01585302785916827,0.03871201453314919,,0.007989845633764248,0.5,0.5279088754406175,0.013903475755916305,1926
dst_pcr6_fire_specificity_silence_sensitivity_tau_0_1,CWE-269,0.0004853638383677117,1.0,0.0,,1.0,0.0,0.0009702565440857498,0.002422114718145432,,0.0004853638383677117,0.5,0.4999128408529563,0.0006284152079499211,117
dst_pcr6_fire_specificity_silence_sensitivity_tau_0_1,CWE-285,0.0011740010507655932,1.0,0.0,,1.0,0.0,0.002345248571322521,0.0058425664921943985,,0.0011740010507655932,0.5,0.5152757097214433,0.002816952024274159,283
dst_pcr6_fire_specificity_silence_sensitivity_tau_0_1,CWE-287,0.0013222789149522187,0.8,0.2,0.998672391976269,0.8,0.2,0.0026410654394137603,0.006576608491301983,,0.20079230152721558,0.5,0.5,0.0014427608801302215,319
dst_pcr6_fire_specificity_silence_sensitivity_tau_0_1,CWE-369,0.001136664570049566,1.0,0.0,,1.0,0.0,0.0022707479275197217,0.005657598354241595,,0.001136664570049566,0.5,0.5017890725662961,0.0018764213229692434,274
dst_pcr6_fire_specificity_silence_sensitivity_tau_0_1,CWE-400,0.0023977829287847594,1.0,0.0,,1.0,0.0,0.0047840944338221735,0.01187501777538932,,0.0023977829287847594,0.5,0.4999209915220031,0.002211459632643618,578
dst_pcr6_fire_specificity_silence_sensitivity_tau_0_1,CWE-404,0.005090103249680887,1.0,0.0,,1.0,0.0,0.010128650425456588,0.024942671244657454,,0.005090103249680887,0.5,0.5002147443826325,0.003245765030979478,1227
dst_pcr6_fire_specificity_silence_sensitivity_tau_0_1,CWE-476,0.006981779152874261,1.0,0.0,,1.0,0.0,0.013866743590598963,0.03396047592483246,,0.006981779152874261,0.5,0.5123565198692533,0.018451171908041925,1683
dst_pcr6_fire_specificity_silence_sensitivity_tau_0_1,CWE-662,0.003297988914559992,1.0,0.0,,1.0,0.0,0.006574295873778058,0.016275242293923135,,0.003297988914559992,0.5,0.5064322127548675,0.006619919814708429,795
dst_pcr6_fire_specificity_silence_sensitivity_tau_0_1,CWE-665,0.0005849257506726008,1.0,0.0,,1.0,0.0,0.0011691674890448405,0.0029178006100351902,,0.0005849257506726008,0.5,0.508781533506245,0.002958873016226695,141
dst_pcr6_fire_specificity_silence_sensitivity_tau_0_1,CWE-668,0.005658435965019412,1.0,0.0,,1.0,0.0,0.011253196309996091,0.02766599356249458,,0.005658435965019412,0.5,0.6058430600941549,0.014882758996036565,1364
dst_pcr6_fire_specificity_silence_sensitivity_tau_0_1,CWE-704,0.0018253020407627627,1.0,0.0,,1.0,0.0,0.0036439527669716804,0.009060358638061244,,0.0018253020407627627,0.5,0.5009014761202526,0.0013926920261937187,440
dst_pcr6_fire_specificity_silence_sensitivity_tau_0_1,CWE-705,0.0010951819816126282,1.0,0.0,,1.0,0.0,0.0021879675998388443,0.005452024673510329,,0.0010951819816126282,0.5,0.4999646996162732,0.0012450339937084332,264
dst_pcr6_fire_specificity_silence_sensitivity_tau_0_1,CWE-706,0.003347769913851251,1.0,0.0,,1.0,0.0,0.006673199285864871,0.016517658271885883,,0.003347769913851251,0.5,0.5005607630003376,0.002697805921578506,807
dst_pcr6_fire_specificity_silence_sensitivity_tau_0_1,CWE-74,0.0038912118712270197,1.0,0.0,,1.0,0.0,0.007752257862307814,0.019157868084253387,,0.0038912118712270197,0.5,0.6232066427618027,0.061434965302163656,938
dst_pcr6_fire_specificity_silence_sensitivity_tau_0_1,CWE-754,0.0006927846968557118,1.0,0.0,,1.0,0.0,0.001384609951983493,0.003454348960986691,,0.0006927846968557118,0.5,0.5055784564330016,0.007380325864979363,167
dst_pcr6_fire_specificity_silence_sensitivity_tau_0_1,CWE-834,0.0014560926337639194,1.0,0.0,,1.0,0.0,0.0029079508877309897,0.007238303280824585,,0.0014560926337639194,0.5,0.5041963951863331,0.0032026111065965833,351
dst_pcr6_fire_specificity_silence_sensitivity_tau_0_2,CWE-118,0.04391095932153146,1.0,0.0,,1.0,0.0,0.08412778675095499,0.18675281500253121,,0.04391095932153146,0.5,0.663501528978844,0.1340163116648783,10585
dst_pcr6_fire_specificity_silence_sensitivity_tau_0_2,CWE-190,0.005832668945827858,1.0,0.0,,1.0,0.0,0.01159769227217632,0.028498455348573183,,0.005832668945827858,0.5,0.5311928404990557,0.019817850748318034,1406
dst_pcr6_fire_specificity_silence_sensitivity_tau_0_2,CWE-191,0.0006927846969342311,1.0,0.0,,1.0,0.0,0.0013846099521398784,0.0034543489613727955,,0.0006927846969342311,0.5,0.49976545263300454,0.000387892762593831,167
dst_pcr6_fire_specificity_silence_sensitivity_tau_0_2,CWE-20,0.007989845633764248,1.0,0.0,,1.0,0.0,0.01585302785916827,0.03871201453314919,,0.007989845633764248,0.5,0.5279088754406175,0.013903475755916305,1926
dst_pcr6_fire_specificity_silence_sensitivity_tau_0_2,CWE-269,0.0004853638383677117,1.0,0.0,,1.0,0.0,0.0009702565440857498,0.002422114718145432,,0.0004853638383677117,0.5,0.4999128408529563,0.0006284152079499211,117
dst_pcr6_fire_specificity_silence_sensitivity_tau_0_2,CWE-285,0.0011740010507655932,1.0,0.0,,1.0,0.0,0.002345248571322521,0.0058425664921943985,,0.0011740010507655932,0.5,0.5152757097214433,0.002816952024274159,283
dst_pcr6_fire_specificity_silence_sensitivity_tau_0_2,CWE-287,0.0013222789149522187,0.8,0.2,0.998672391976269,0.8,0.2,0.0026410654394137603,0.006576608491301983,,0.20079230152721558,0.5,0.5,0.0014427608801302215,319
dst_pcr6_fire_specificity_silence_sensitivity_tau_0_2,CWE-369,0.001136664570049566,1.0,0.0,,1.0,0.0,0.0022707479275197217,0.005657598354241595,,0.001136664570049566,0.5,0.5017890725662961,0.0018764213229692434,274
dst_pcr6_fire_specificity_silence_sensitivity_tau_0_2,CWE-400,0.0023977829287847594,1.0,0.0,,1.0,0.0,0.0047840944338221735,0.01187501777538932,,0.0023977829287847594,0.5,0.4999209915220031,0.002211459632643618,578
dst_pcr6_fire_specificity_silence_sensitivity_tau_0_2,CWE-404,0.005090103249680887,1.0,0.0,,1.0,0.0,0.010128650425456588,0.024942671244657454,,0.005090103249680887,0.5,0.5002147443826325,0.003245765030979478,1227
dst_pcr6_fire_specificity_silence_sensitivity_tau_0_2,CWE-476,0.006981779152874261,1.0,0.0,,1.0,0.0,0.013866743590598963,0.03396047592483246,,0.006981779152874261,0.5,0.5123565198692533,0.018451171908041925,1683
dst_pcr6_fire_specificity_silence_sensitivity_tau_0_2,CWE-662,0.003297988914559992,1.0,0.0,,1.0,0.0,0.006574295873778058,0.016275242293923135,,0.003297988914559992,0.5,0.5064322127548675,0.006619919814708429,795
dst_pcr6_fire_specificity_silence_sensitivity_tau_0_2,CWE-665,0.0005849257506726008,1.0,0.0,,1.0,0.0,0.0011691674890448405,0.0029178006100351902,,0.0005849257506726008,0.5,0.508781533506245,0.002958873016226695,141
dst_pcr6_fire_specificity_silence_sensitivity_tau_0_2,CWE-668,0.005658435965019412,1.0,0.0,,1.0,0.0,0.011253196309996091,0.02766599356249458,,0.005658435965019412,0.5,0.6058430600941549,0.014882758996036565,1364
dst_pcr6_fire_specificity_silence_sensitivity_tau_0_2,CWE-704,0.0018253020407627627,1.0,0.0,,1.0,0.0,0.0036439527669716804,0.009060358638061244,,0.0018253020407627627,0.5,0.5009014761202526,0.0013926920261937187,440
dst_pcr6_fire_specificity_silence_sensitivity_tau_0_2,CWE-705,0.0010951819816126282,1.0,0.0,,1.0,0.0,0.0021879675998388443,0.005452024673510329,,0.0010951819816126282,0.5,0.4999646996162732,0.0012450339937084332,264
dst_pcr6_fire_specificity_silence_sensitivity_tau_0_2,CWE-706,0.003347769913851251,1.0,0.0,,1.0,0.0,0.006673199285864871,0.016517658271885883,,0.003347769913851251,0.5,0.5005607630003376,0.002697805921578506,807
dst_pcr6_fire_specificity_silence_sensitivity_tau_0_2,CWE-74,0.0038912118712270197,1.0,0.0,,1.0,0.0,0.007752257862307814,0.019157868084253387,,0.0038912118712270197,0.5,0.6232066427618027,0.061434965302163656,938
dst_pcr6_fire_specificity_silence_sensitivity_tau_0_2,CWE-754,0.0006927846968557118,1.0,0.0,,1.0,0.0,0.001384609951983493,0.003454348960986691,,0.0006927846968557118,0.5,0.5055784564330016,0.007380325864979363,167
dst_pcr6_fire_specificity_silence_sensitivity_tau_0_2,CWE-834,0.0014560926337639194,1.0,0.0,,1.0,0.0,0.0029079508877309897,0.007238303280824585,,0.0014560926337639194,0.5,0.5041963951863331,0.0032026111065965833,351
dst_pcr6_fire_specificity_silence_sensitivity_tau_0_3,CWE-118,0.19696178923113117,0.503448275862069,0.7546818827090543,0.9706664792089064,0.24531811729094563,0.496551724137931,0.2491152604869447,0.3076662970308166,0.2577432135699316,0.7436474832994425,0.6290650792855617,0.663501528978844,0.1340163116648783,10585
dst_pcr6_fire_specificity_silence_sensitivity_tau_0_3,CWE-190,0.005832668945827858,1.0,0.0,,1.0,0.0,0.01159769227217632,0.028498455348573183,,0.005832668945827858,0.5,0.5311928404990557,0.019817850748318034,1406
dst_pcr6_fire_specificity_silence_sensitivity_tau_0_3,CWE-191,0.0006927846969342311,1.0,0.0,,1.0,0.0,0.0013846099521398784,0.0034543489613727955,,0.0006927846969342311,0.5,0.49976545263300454,0.000387892762593831,167
dst_pcr6_fire_specificity_silence_sensitivity_tau_0_3,CWE-20,0.007989845633764248,1.0,0.0,,1.0,0.0,0.01585302785916827,0.03871201453314919,,0.007989845633764248,0.5,0.5279088754406175,0.013903475755916305,1926
dst_pcr6_fire_specificity_silence_sensitivity_tau_0_3,CWE-269,0.0004853638383677117,1.0,0.0,,1.0,0.0,0.0009702565440857498,0.002422114718145432,,0.0004853638383677117,0.5,0.4999128408529563,0.0006284152079499211,117
dst_pcr6_fire_specificity_silence_sensitivity_tau_0_3,CWE-285,0.0011740010507655932,1.0,0.0,,1.0,0.0,0.002345248571322521,0.0058425664921943985,,0.0011740010507655932,0.5,0.5152757097214433,0.002816952024274159,283
dst_pcr6_fire_specificity_silence_sensitivity_tau_0_3,CWE-287,0.0013222789149522187,0.8,0.2,0.998672391976269,0.8,0.2,0.0026410654394137603,0.006576608491301983,,0.20079230152721558,0.5,0.5,0.0014427608801302215,319
dst_pcr6_fire_specificity_silence_sensitivity_tau_0_3,CWE-369,0.001136664570049566,1.0,0.0,,1.0,0.0,0.0022707479275197217,0.005657598354241595,,0.001136664570049566,0.5,0.5017890725662961,0.0018764213229692434,274
dst_pcr6_fire_specificity_silence_sensitivity_tau_0_3,CWE-400,0.0023977829287847594,1.0,0.0,,1.0,0.0,0.0047840944338221735,0.01187501777538932,,0.0023977829287847594,0.5,0.4999209915220031,0.002211459632643618,578
dst_pcr6_fire_specificity_silence_sensitivity_tau_0_3,CWE-404,0.005090103249680887,1.0,0.0,,1.0,0.0,0.010128650425456588,0.024942671244657454,,0.005090103249680887,0.5,0.5002147443826325,0.003245765030979478,1227
dst_pcr6_fire_specificity_silence_sensitivity_tau_0_3,CWE-476,0.006981779152874261,1.0,0.0,,1.0,0.0,0.013866743590598963,0.03396047592483246,,0.006981779152874261,0.5,0.5123565198692533,0.018451171908041925,1683
dst_pcr6_fire_specificity_silence_sensitivity_tau_0_3,CWE-662,0.003297988914559992,1.0,0.0,,1.0,0.0,0.006574295873778058,0.016275242293923135,,0.003297988914559992,0.5,0.5064322127548675,0.006619919814708429,795
dst_pcr6_fire_specificity_silence_sensitivity_tau_0_3,CWE-665,0.0005849257506726008,1.0,0.0,,1.0,0.0,0.0011691674890448405,0.0029178006100351902,,0.0005849257506726008,0.5,0.508781533506245,0.002958873016226695,141
dst_pcr6_fire_specificity_silence_sensitivity_tau_0_3,CWE-668,0.005658435965019412,1.0,0.0,,1.0,0.0,0.011253196309996091,0.02766599356249458,,0.005658435965019412,0.5,0.6058430600941549,0.014882758996036565,1364
dst_pcr6_fire_specificity_silence_sensitivity_tau_0_3,CWE-704,0.0018253020407627627,1.0,0.0,,1.0,0.0,0.0036439527669716804,0.009060358638061244,,0.0018253020407627627,0.5,0.5009014761202526,0.0013926920261937187,440
dst_pcr6_fire_specificity_silence_sensitivity_tau_0_3,CWE-705,0.0010951819816126282,1.0,0.0,,1.0,0.0,0.0021879675998388443,0.005452024673510329,,0.0010951819816126282,0.5,0.4999646996162732,0.0012450339937084332,264
dst_pcr6_fire_specificity_silence_sensitivity_tau_0_3,CWE-706,0.003347769913851251,1.0,0.0,,1.0,0.0,0.006673199285864871,0.016517658271885883,,0.003347769913851251,0.5,0.5005607630003376,0.002697805921578506,807
dst_pcr6_fire_specificity_silence_sensitivity_tau_0_3,CWE-74,0.0038912118712270197,1.0,0.0,,1.0,0.0,0.007752257862307814,0.019157868084253387,,0.0038912118712270197,0.5,0.6232066427618027,0.061434965302163656,938
dst_pcr6_fire_specificity_silence_sensitivity_tau_0_3,CWE-754,0.0006927846968557118,1.0,0.0,,1.0,0.0,0.001384609951983493,0.003454348960986691,,0.0006927846968557118,0.5,0.5055784564330016,0.007380325864979363,167
dst_pcr6_fire_specificity_silence_sensitivity_tau_0_3,CWE-834,0.0014560926337639194,1.0,0.0,,1.0,0.0,0.0029079508877309897,0.007238303280824585,,0.0014560926337639194,0.5,0.5041963951863331,0.0032026111065965833,351
dst_pcr6_fire_specificity_silence_sensitivity_tau_0_4,CWE-118,0.236576542496218,0.38393953708077466,0.943103460480566,0.9708731014860985,0.056896539519434006,0.6160604629192253,0.29273961192547143,0.3413866757545912,0.26046249983608727,0.9185500133699527,0.6635214987806703,0.663501528978844,0.1340163116648783,10585
dst_pcr6_fire_specificity_silence_sensitivity_tau_0_4,CWE-190,0.005832668945827858,1.0,0.0,,1.0,0.0,0.01159769227217632,0.028498455348573183,,0.005832668945827858,0.5,0.5311928404990557,0.019817850748318034,1406
dst_pcr6_fire_specificity_silence_sensitivity_tau_0_4,CWE-191,0.0006927846969342311,1.0,0.0,,1.0,0.0,0.0013846099521398784,0.0034543489613727955,,0.0006927846969342311,0.5,0.49976545263300454,0.000387892762593831,167
dst_pcr6_fire_specificity_silence_sensitivity_tau_0_4,CWE-20,0.007989845633764248,1.0,0.0,,1.0,0.0,0.01585302785916827,0.03871201453314919,,0.007989845633764248,0.5,0.5279088754406175,0.013903475755916305,1926
dst_pcr6_fire_specificity_silence_sensitivity_tau_0_4,CWE-269,0.0004853638383677117,1.0,0.0,,1.0,0.0,0.0009702565440857498,0.002422114718145432,,0.0004853638383677117,0.5,0.4999128408529563,0.0006284152079499211,117
dst_pcr6_fire_specificity_silence_sensitivity_tau_0_4,CWE-285,0.0011740010507655932,1.0,0.0,,1.0,0.0,0.002345248571322521,0.0058425664921943985,,0.0011740010507655932,0.5,0.5152757097214433,0.002816952024274159,283
dst_pcr6_fire_specificity_silence_sensitivity_tau_0_4,CWE-287,0.0013222789149522187,0.8,0.2,0.998672391976269,0.8,0.2,0.0026410654394137603,0.006576608491301983,,0.20079230152721558,0.5,0.5,0.0014427608801302215,319
dst_pcr6_fire_specificity_silence_sensitivity_tau_0_4,CWE-369,0.001136664570049566,1.0,0.0,,1.0,0.0,0.0022707479275197217,0.005657598354241595,,0.001136664570049566,0.5,0.5017890725662961,0.0018764213229692434,274
dst_pcr6_fire_specificity_silence_sensitivity_tau_0_4,CWE-400,0.0023977829287847594,1.0,0.0,,1.0,0.0,0.0047840944338221735,0.01187501777538932,,0.0023977829287847594,0.5,0.4999209915220031,0.002211459632643618,578
dst_pcr6_fire_specificity_silence_sensitivity_tau_0_4,CWE-404,0.005090103249680887,1.0,0.0,,1.0,0.0,0.010128650425456588,0.024942671244657454,,0.005090103249680887,0.5,0.5002147443826325,0.003245765030979478,1227
dst_pcr6_fire_specificity_silence_sensitivity_tau_0_4,CWE-476,0.006981779152874261,1.0,0.0,,1.0,0.0,0.013866743590598963,0.03396047592483246,,0.006981779152874261,0.5,0.5123565198692533,0.018451171908041925,1683
dst_pcr6_fire_specificity_silence_sensitivity_tau_0_4,CWE-662,0.003297988914559992,1.0,0.0,,1.0,0.0,0.006574295873778058,0.016275242293923135,,0.003297988914559992,0.5,0.5064322127548675,0.006619919814708429,795
dst_pcr6_fire_specificity_silence_sensitivity_tau_0_4,CWE-665,0.0005849257506726008,1.0,0.0,,1.0,0.0,0.0011691674890448405,0.0029178006100351902,,0.0005849257506726008,0.5,0.508781533506245,0.002958873016226695,141
dst_pcr6_fire_specificity_silence_sensitivity_tau_0_4,CWE-668,0.06003810156128923,0.2324068088773971,0.9792942165100517,0.9955593631013431,0.02070578348994837,0.7675931911226029,0.09541831946822099,0.14761956953509256,0.10848436566421338,0.9750679957966006,0.6058505126937244,0.6058430600941549,0.014882758996036565,1364
dst_pcr6_fire_specificity_silence_sensitivity_tau_0_4,CWE-704,0.0018253020407627627,1.0,0.0,,1.0,0.0,0.0036439527669716804,0.009060358638061244,,0.0018253020407627627,0.5,0.5009014761202526,0.0013926920261937187,440
dst_pcr6_fire_specificity_silence_sensitivity_tau_0_4,CWE-705,0.0010951819816126282,1.0,0.0,,1.0,0.0,0.0021879675998388443,0.005452024673510329,,0.0010951819816126282,0.5,0.4999646996162732,0.0012450339937084332,264
dst_pcr6_fire_specificity_silence_sensitivity_tau_0_4,CWE-706,0.003347769913851251,1.0,0.0,,1.0,0.0,0.006673199285864871,0.016517658271885883,,0.003347769913851251,0.5,0.5005607630003376,0.002697805921578506,807
dst_pcr6_fire_specificity_silence_sensitivity_tau_0_4,CWE-74,0.32295670482512584,0.24840141085447714,0.997963496694663,0.9970665877337227,0.0020365033053369036,0.7515985891455228,0.28069939152950146,0.2603672117331447,0.28073053170429924,0.9950467935950474,0.6231824537745702,0.6232066427618027,0.061434965302163656,938
dst_pcr6_fire_specificity_silence_sensitivity_tau_0_4,CWE-754,0.0006927846968557118,1.0,0.0,,1.0,0.0,0.001384609951983493,0.003454348960986691,,0.0006927846968557118,0.5,0.5055784564330016,0.007380325864979363,167
dst_pcr6_fire_specificity_silence_sensitivity_tau_0_4,CWE-834,0.0014560926337639194,1.0,0.0,,1.0,0.0,0.0029079508877309897,0.007238303280824585,,0.0014560926337639194,0.5,0.5041963951863331,0.0032026111065965833,351
dst_pcr6_fire_specificity_silence_sensitivity_tau_0_5,CWE-118,0.236576542496218,0.38393953708077466,0.943103460480566,0.9708731014860985,0.056896539519434006,0.6160604629192253,0.29273961192547143,0.3413866757545912,0.26046249983608727,0.9185500133699527,0.6635214987806703,0.663501528978844,0.1340163116648783,10585
dst_pcr6_fire_specificity_silence_sensitivity_tau_0_5,CWE-190,0.07018804152972885,0.06756265616718407,0.9947757090895042,0.9945308807698625,0.005224290910495763,0.932437343832816,0.06881645257390266,0.06805100607751913,0.06350195697471986,0.9893676089353856,0.5311691826283441,0.5311928404990557,0.019817850748318034,1406
dst_pcr6_fire_specificity_silence_sensitivity_tau_0_5,CWE-191,0.0006927846969342311,1.0,0.0,,1.0,0.0,0.0013846099521398784,0.0034543489613727955,,0.0006927846969342311,0.5,0.49976545263300454,0.000387892762593831,167
dst_pcr6_fire_specificity_silence_sensitivity_tau_0_5,CWE-20,0.040294002508422924,0.06904246013054302,0.9867477423863062,0.9924586046569374,0.013252257613693714,0.930957539869457,0.05086784270446051,0.060398781789364045,0.04273752591478301,0.9794155285387343,0.5278951012584246,0.5279088754406175,0.013903475755916305,1926
dst_pcr6_fire_specificity_silence_sensitivity_tau_0_5,CWE-269,0.0004853638383677117,1.0,0.0,,1.0,0.0,0.0009702565440857498,0.002422114718145432,,0.0004853638383677117,0.5,0.4999128408529563,0.0006284152079499211,117
dst_pcr6_fire_specificity_silence_sensitivity_tau_0_5,CWE-285,0.029770123555645,0.03176691729323308,0.9987706299062685,0.9988618955141554,0.001229370093731515,0.968233082706767,0.030720257855121207,0.031335618134470805,0.029561892453298134,0.9976354081320398,0.5152687735997508,0.5152757097214433,0.002816952024274159,283
dst_pcr6_fire_specificity_silence_sensitivity_tau_0_5,CWE-287,,0.0,1.0,0.998676655263292,0.0,1.0,,,,0.998676655263292,0.5,0.5,0.0014427608801302215,319
dst_pcr6_fire_specificity_silence_sensitivity_tau_0_5,CWE-369,0.0002281826290787645,0.2,0.7999543175562809,0.9988643327179809,0.20004568244371906,0.8,0.002279225892006133,0.005678650339686539,-0.00025194076850462634,0.7992740701848602,0.4999771587781405,0.5017890725662961,0.0018764213229692434,274
dst_pcr6_fire_specificity_silence_sensitivity_tau_0_5,CWE-400,0.0023977829287847594,1.0,0.0,,1.0,0.0,0.0047840944338221735,0.01187501777538932,,0.0023977829287847594,0.5,0.4999209915220031,0.002211459632643618,578
dst_pcr6_fire_specificity_silence_sensitivity_tau_0_5,CWE-404,0.0065608465608465606,0.0016260162601626018,0.9988033029125886,0.9949120931313752,0.001196697087411378,0.9983739837398374,0.00649789029535865,0.004780394350542753,0.0007956450049988429,0.9937275880819081,0.5002146595863757,0.5002147443826325,0.003245765030979478,1227
dst_pcr6_fire_specificity_silence_sensitivity_tau_0_5,CWE-476,0.08434710036666793,0.026730959446092977,0.9979655373922164,0.9931898689600638,0.0020344626077836944,0.9732690405539071,0.04054448206971268,0.03094601105601851,0.04372131125372523,0.9911846387223383,0.5123482484191546,0.5123565198692533,0.018451171908041925,1683
dst_pcr6_fire_specificity_silence_sensitivity_tau_0_5,CWE-662,0.008274809623180043,0.02138364779874214,0.9914633934167055,0.9967446022170788,0.008536606583294424,0.9786163522012579,0.011926081350654406,0.016228724464930476,0.008027570263232068,0.9882640806161487,0.5064235206077239,0.5064322127548675,0.006619919814708429,795
dst_pcr6_fire_specificity_silence_sensitivity_tau_0_5,CWE-665,0.00012028702973993115,0.2,0.7974720604084645,0.9994173615580726,0.20252793959153553,0.8,0.001202147283768939,0.002999958621260397,-0.0013563489038482199,0.7971291769395995,0.49873603020423224,0.508781533506245,0.002958873016226695,141
dst_pcr6_fire_specificity_silence_sensitivity_tau_0_5,CWE-668,0.06003810156128923,0.2324068088773971,0.9792942165100517,0.9955593631013431,0.02070578348994837,0.7675931911226029,0.09541831946822099,0.14761956953509256,0.10848436566421338,0.9750679957966006,0.6058505126937244,0.6058430600941549,0.014882758996036565,1364
dst_pcr6_fire_specificity_silence_sensitivity_tau_0_5,CWE-704,0.0003650089178315152,0.2,0.7996176302904835,0.9981737623047944,0.20038236970951653,0.8,0.0036434397383347823,0.009059089973234508,-0.0009334795677198538,0.7985230440579277,0.49980881514524167,0.5009014761202526,0.0013926920261937187,440
dst_pcr6_fire_specificity_silence_sensitivity_tau_0_5,CWE-705,0.0010951819816126282,1.0,0.0,,1.0,0.0,0.0021879675998388443,0.005452024673510329,,0.0010951819816126282,0.5,0.4999646996162732,0.0012450339937084332,264
dst_pcr6_fire_specificity_silence_sensitivity_tau_0_5,CWE-706,0.000667800406487204,0.2,0.7998959368743053,0.9966496038066232,0.20010406312569481,0.8,0.006655780400587032,0.016474970324587612,-0.0006534850544558791,0.7978841163396166,0.49994796843715256,0.5005607630003376,0.002697805921578506,807
dst_pcr6_fire_specificity_silence_sensitivity_tau_0_5,CWE-74,0.32295670482512584,0.24840141085447714,0.997963496694663,0.9970665877337227,0.0020365033053369036,0.7515985891455228,0.28069939152950146,0.2603672117331447,0.28073053170429924,0.9950467935950474,0.6231824537745702,0.6232066427618027,0.061434965302163656,938
dst_pcr6_fire_specificity_silence_sensitivity_tau_0_5,CWE-754,0.00014102617279853998,0.2,0.7994976850041794,0.999309869591731,0.20050231499582064,0.8,0.0014092680096161817,0.003515738098192497,-0.0006552107943036271,0.7990872984699142,0.49974884250208973,0.5055784564330016,0.007380325864979363,167
dst_pcr6_fire_specificity_silence_sensitivity_tau_0_5,CWE-834,0.08214285714285714,0.008571428571428572,0.9998213618012375,0.9985560776082003,0.00017863819876252261,0.9914285714285714,0.03879453879453879,0.026102158343012005,0.02601711732067576,0.9983779758935883,0.5041963951863331,0.5041963951863331,0.0032026111065965833,351
dst_pcr6_fire_specificity_silence_sensitivity_tau_0_6,CWE-118,0.236576542496218,0.38393953708077466,0.943103460480566,0.9708731014860985,0.056896539519434006,0.6160604629192253,0.29273961192547143,0.3413866757545912,0.26046249983608727,0.9185500133699527,0.6635214987806703,0.663501528978844,0.1340163116648783,10585
dst_pcr6_fire_specificity_silence_sensitivity_tau_0_6,CWE-190,0.07018804152972885,0.06756265616718407,0.9947757090895042,0.9945308807698625,0.005224290910495763,0.932437343832816,0.06881645257390266,0.06805100607751913,0.06350195697471986,0.9893676089353856,0.5311691826283441,0.5311928404990557,0.019817850748318034,1406
dst_pcr6_fire_specificity_silence_sensitivity_tau_0_6,CWE-191,0.0,0.0,0.9995309052660091,0.9993068905837343,0.0004690947339910082,1.0,,,-0.0005698559564827354,0.998838445360656,0.49976545263300454,0.49976545263300454,0.000387892762593831,167
dst_pcr6_fire_specificity_silence_sensitivity_tau_0_6,CWE-20,0.040294002508422924,0.06904246013054302,0.9867477423863062,0.9924586046569374,0.013252257613693714,0.930957539869457,0.05086784270446051,0.060398781789364045,0.04273752591478301,0.9794155285387343,0.5278951012584246,0.5279088754406175,0.013903475755916305,1926
dst_pcr6_fire_specificity_silence_sensitivity_tau_0_6,CWE-269,0.0,0.0,0.9998256817059126,0.9995145517336519,0.0001743182940873977,1.0,,,-0.0002878536026776052,0.9993404023204819,0.4999128408529563,0.4999128408529563,0.0006284152079499211,117
dst_pcr6_fire_specificity_silence_sensitivity_tau_0_6,CWE-285,0.029770123555645,0.03176691729323308,0.9987706299062685,0.9988618955141554,0.001229370093731515,0.968233082706767,0.030720257855121207,0.031335618134470805,0.029561892453298134,0.9976354081320398,0.5152687735997508,0.5152757097214433,0.002816952024274159,283
dst_pcr6_fire_specificity_silence_sensitivity_tau_0_6,CWE-287,,0.0,1.0,0.998676655263292,0.0,1.0,,,,0.998676655263292,0.5,0.5,0.0014427608801302215,319
dst_pcr6_fire_specificity_silence_sensitivity_tau_0_6,CWE-369,0.05,0.0036363636363636364,0.9999418570146628,0.9988674137295162,5.814298533729466e-05,0.9963636363636363,0.03389830508474576,0.022321428571428575,0.013229129065175422,0.9988094073765543,0.5017891103255131,0.5017890725662961,0.0018764213229692434,274
dst_pcr6_fire_specificity_silence_sensitivity_tau_0_6,CWE-400,0.0,0.0,0.9998419830440062,0.9976018395186811,0.0001580169559939142,1.0,,,-0.000599755433092071,0.9974445785026311,0.4999209915220031,0.4999209915220031,0.002211459632643618,578
dst_pcr6_fire_specificity_silence_sensitivity_tau_0_6,CWE-404,0.0065608465608465606,0.0016260162601626018,0.9988033029125886,0.9949120931313752,0.001196697087411378,0.9983739837398374,0.00649789029535865,0.004780394350542753,0.0007956450049988429,0.9937275880819081,0.5002146595863757,0.5002147443826325,0.003245765030979478,1227
dst_pcr6_fire_specificity_silence_sensitivity_tau_0_6,CWE-476,0.08434710036666793,0.026730959446092977,0.9979655373922164,0.9931898689600638,0.0020344626077836944,0.9732690405539071,0.04054448206971268,0.03094601105601851,0.04372131125372523,0.9911846387223383,0.5123482484191546,0.5123565198692533,0.018451171908041925,1683
dst_pcr6_fire_specificity_silence_sensitivity_tau_0_6,CWE-662,0.008274809623180043,0.02138364779874214,0.9914633934167055,0.9967446022170788,0.008536606583294424,0.9786163522012579,0.011926081350654406,0.016228724464930476,0.008027570263232068,0.9882640806161487,0.5064235206077239,0.5064322127548675,0.006619919814708429,795
dst_pcr6_fire_specificity_silence_sensitivity_tau_0_6,CWE-665,0.003896103896103896,0.020689655172413793,0.9968453613692647,0.9994257001652331,0.003154638630735348,0.9793103448275862,0.03278688524590164,0.05555555555555556,0.007632533438125666,0.9962747242455847,0.5087675082708392,0.508781533506245,0.002958873016226695,141
dst_pcr6_fire_specificity_silence_sensitivity_tau_0_6,CWE-668,0.06003810156128923,0.2324068088773971,0.9792942165100517,0.9955593631013431,0.02070578348994837,0.7675931911226029,0.09541831946822099,0.14761956953509256,0.10848436566421338,0.9750679957966006,0.6058505126937244,0.6058430600941549,0.014882758996036565,1364
dst_pcr6_fire_specificity_silence_sensitivity_tau_0_6,CWE-704,0.00909090909090909,0.0022727272727272726,0.9995303666295652,0.9981779840325649,0.00046963337043488384,0.9977272727272727,0.01818181818181818,0.013368983957219254,0.0036211497522520347,0.9977100696500303,0.5009015469511462,0.5009014761202526,0.0013926920261937187,440
dst_pcr6_fire_specificity_silence_sensitivity_tau_0_6,CWE-705,0.0,0.0,0.9999293992325464,0.9989047405684148,7.060076745358566e-05,1.0,,,-0.0002621818784862526,0.9988342947785703,0.4999646996162732,0.4999646996162732,0.0012450339937084332,264
dst_pcr6_fire_specificity_silence_sensitivity_tau_0_6,CWE-706,0.04,0.0012422360248447203,0.9998792899758305,0.9966559616423574,0.00012071002416954722,0.9987577639751553,0.012048192771084336,0.007704160246533127,0.006420562395554443,0.9965360720408072,0.5005607630003376,0.5005607630003376,0.002697805921578506,807
dst_pcr6_fire_specificity_silence_sensitivity_tau_0_6,CWE-74,0.32295670482512584,0.24840141085447714,0.997963496694663,0.9970665877337227,0.0020365033053369036,0.7515985891455228,0.28069939152950146,0.2603672117331447,0.28073053170429924,0.9950467935950474,0.6231824537745702,0.6232066427618027,0.061434965302163656,938
dst_pcr6_fire_specificity_silence_sensitivity_tau_0_6,CWE-754,0.014285714285714285,0.011764705882352941,0.9993897653628047,0.9993150880369457,0.0006102346371953639,0.9882352941176471,0.06451612903225808,0.06097560975609756,0.012320184501212913,0.9987056982376359,0.5055772356225787,0.5055784564330016,0.007380325864979363,167
dst_pcr6_fire_specificity_silence_sensitivity_tau_0_6,CWE-834,0.08214285714285714,0.008571428571428572,0.9998213618012375,0.9985560776082003,0.00017863819876252261,0.9914285714285714,0.03879453879453879,0.026102158343012005,0.02601711732067576,0.9983779758935883,0.5041963951863331,0.5041963951863331,0.0032026111065965833,351
dst_pcr6_fire_specificity_silence_sensitivity_tau_0_7,CWE-118,0.236576542496218,0.38393953708077466,0.943103460480566,0.9708731014860985,0.056896539519434006,0.6160604629192253,0.29273961192547143,0.3413866757545912,0.26046249983608727,0.9185500133699527,0.6635214987806703,0.663501528978844,0.1340163116648783,10585
dst_pcr6_fire_specificity_silence_sensitivity_tau_0_7,CWE-190,0.07018804152972885,0.06756265616718407,0.9947757090895042,0.9945308807698625,0.005224290910495763,0.932437343832816,0.06881645257390266,0.06805100607751913,0.06350195697471986,0.9893676089353856,0.5311691826283441,0.5311928404990557,0.019817850748318034,1406
dst_pcr6_fire_specificity_silence_sensitivity_tau_0_7,CWE-191,0.0,0.0,0.9995309052660091,0.9993068905837343,0.0004690947339910082,1.0,,,-0.0005698559564827354,0.998838445360656,0.49976545263300454,0.49976545263300454,0.000387892762593831,167
dst_pcr6_fire_specificity_silence_sensitivity_tau_0_7,CWE-20,0.040294002508422924,0.06904246013054302,0.9867477423863062,0.9924586046569374,0.013252257613693714,0.930957539869457,0.05086784270446051,0.060398781789364045,0.04273752591478301,0.9794155285387343,0.5278951012584246,0.5279088754406175,0.013903475755916305,1926
dst_pcr6_fire_specificity_silence_sensitivity_tau_0_7,CWE-269,0.0,0.0,0.9998256817059126,0.9995145517336519,0.0001743182940873977,1.0,,,-0.0002878536026776052,0.9993404023204819,0.4999128408529563,0.4999128408529563,0.0006284152079499211,117
dst_pcr6_fire_specificity_silence_sensitivity_tau_0_7,CWE-285,0.029770123555645,0.03176691729323308,0.9987706299062685,0.9988618955141554,0.001229370093731515,0.968233082706767,0.030720257855121207,0.031335618134470805,0.029561892453298134,0.9976354081320398,0.5152687735997508,0.5152757097214433,0.002816952024274159,283
dst_pcr6_fire_specificity_silence_sensitivity_tau_0_7,CWE-287,,0.0,1.0,0.998676655263292,0.0,1.0,,,,0.998676655263292,0.5,0.5,0.0014427608801302215,319
dst_pcr6_fire_specificity_silence_sensitivity_tau_0_7,CWE-369,0.05,0.0036363636363636364,0.9999418570146628,0.9988674137295162,5.814298533729466e-05,0.9963636363636363,0.03389830508474576,0.022321428571428575,0.013229129065175422,0.9988094073765543,0.5017891103255131,0.5017890725662961,0.0018764213229692434,274
dst_pcr6_fire_specificity_silence_sensitivity_tau_0_7,CWE-400,0.0,0.0,0.9998419830440062,0.9976018395186811,0.0001580169559939142,1.0,,,-0.000599755433092071,0.9974445785026311,0.4999209915220031,0.4999209915220031,0.002211459632643618,578
dst_pcr6_fire_specificity_silence_sensitivity_tau_0_7,CWE-404,0.0065608465608465606,0.0016260162601626018,0.9988033029125886,0.9949120931313752,0.001196697087411378,0.9983739837398374,0.00649789029535865,0.004780394350542753,0.0007956450049988429,0.9937275880819081,0.5002146595863757,0.5002147443826325,0.003245765030979478,1227
dst_pcr6_fire_specificity_silence_sensitivity_tau_0_7,CWE-476,0.08434710036666793,0.026730959446092977,0.9979655373922164,0.9931898689600638,0.0020344626077836944,0.9732690405539071,0.04054448206971268,0.03094601105601851,0.04372131125372523,0.9911846387223383,0.5123482484191546,0.5123565198692533,0.018451171908041925,1683
dst_pcr6_fire_specificity_silence_sensitivity_tau_0_7,CWE-662,0.008274809623180043,0.02138364779874214,0.9914633934167055,0.9967446022170788,0.008536606583294424,0.9786163522012579,0.011926081350654406,0.016228724464930476,0.008027570263232068,0.9882640806161487,0.5064235206077239,0.5064322127548675,0.006619919814708429,795
dst_pcr6_fire_specificity_silence_sensitivity_tau_0_7,CWE-665,0.003896103896103896,0.020689655172413793,0.9968453613692647,0.9994257001652331,0.003154638630735348,0.9793103448275862,0.03278688524590164,0.05555555555555556,0.007632533438125666,0.9962747242455847,0.5087675082708392,0.508781533506245,0.002958873016226695,141
dst_pcr6_fire_specificity_silence_sensitivity_tau_0_7,CWE-668,0.06003810156128923,0.2324068088773971,0.9792942165100517,0.9955593631013431,0.02070578348994837,0.7675931911226029,0.09541831946822099,0.14761956953509256,0.10848436566421338,0.9750679957966006,0.6058505126937244,0.6058430600941549,0.014882758996036565,1364
dst_pcr6_fire_specificity_silence_sensitivity_tau_0_7,CWE-704,0.00909090909090909,0.0022727272727272726,0.9995303666295652,0.9981779840325649,0.00046963337043488384,0.9977272727272727,0.01818181818181818,0.013368983957219254,0.0036211497522520347,0.9977100696500303,0.5009015469511462,0.5009014761202526,0.0013926920261937187,440
dst_pcr6_fire_specificity_silence_sensitivity_tau_0_7,CWE-705,0.0,0.0,0.9999293992325464,0.9989047405684148,7.060076745358566e-05,1.0,,,-0.0002621818784862526,0.9988342947785703,0.4999646996162732,0.4999646996162732,0.0012450339937084332,264
dst_pcr6_fire_specificity_silence_sensitivity_tau_0_7,CWE-706,0.04,0.0012422360248447203,0.9998792899758305,0.9966559616423574,0.00012071002416954722,0.9987577639751553,0.012048192771084336,0.007704160246533127,0.006420562395554443,0.9965360720408072,0.5005607630003376,0.5005607630003376,0.002697805921578506,807
dst_pcr6_fire_specificity_silence_sensitivity_tau_0_7,CWE-74,0.32295670482512584,0.24840141085447714,0.997963496694663,0.9970665877337227,0.0020365033053369036,0.7515985891455228,0.28069939152950146,0.2603672117331447,0.28073053170429924,0.9950467935950474,0.6231824537745702,0.6232066427618027,0.061434965302163656,938
dst_pcr6_fire_specificity_silence_sensitivity_tau_0_7,CWE-754,0.014285714285714285,0.011764705882352941,0.9993897653628047,0.9993150880369457,0.0006102346371953639,0.9882352941176471,0.06451612903225808,0.06097560975609756,0.012320184501212913,0.9987056982376359,0.5055772356225787,0.5055784564330016,0.007380325864979363,167
dst_pcr6_fire_specificity_silence_sensitivity_tau_0_7,CWE-834,0.08214285714285714,0.008571428571428572,0.9998213618012375,0.9985560776082003,0.00017863819876252261,0.9914285714285714,0.03879453879453879,0.026102158343012005,0.02601711732067576,0.9983779758935883,0.5041963951863331,0.5041963951863331,0.0032026111065965833,351
dst_pcr6_fire_specificity_silence_sensitivity_tau_0_8,CWE-118,0.236576542496218,0.38393953708077466,0.943103460480566,0.9708731014860985,0.056896539519434006,0.6160604629192253,0.29273961192547143,0.3413866757545912,0.26046249983608727,0.9185500133699527,0.6635214987806703,0.663501528978844,0.1340163116648783,10585
dst_pcr6_fire_specificity_silence_sensitivity_tau_0_8,CWE-190,0.07018804152972885,0.06756265616718407,0.9947757090895042,0.9945308807698625,0.005224290910495763,0.932437343832816,0.06881645257390266,0.06805100607751913,0.06350195697471986,0.9893676089353856,0.5311691826283441,0.5311928404990557,0.019817850748318034,1406
dst_pcr6_fire_specificity_silence_sensitivity_tau_0_8,CWE-191,0.0,0.0,0.9995309052660091,0.9993068905837343,0.0004690947339910082,1.0,,,-0.0005698559564827354,0.998838445360656,0.49976545263300454,0.49976545263300454,0.000387892762593831,167
dst_pcr6_fire_specificity_silence_sensitivity_tau_0_8,CWE-20,0.040294002508422924,0.06904246013054302,0.9867477423863062,0.9924586046569374,0.013252257613693714,0.930957539869457,0.05086784270446051,0.060398781789364045,0.04273752591478301,0.9794155285387343,0.5278951012584246,0.5279088754406175,0.013903475755916305,1926
dst_pcr6_fire_specificity_silence_sensitivity_tau_0_8,CWE-269,0.0,0.0,0.9998256817059126,0.9995145517336519,0.0001743182940873977,1.0,,,-0.0002878536026776052,0.9993404023204819,0.4999128408529563,0.4999128408529563,0.0006284152079499211,117
dst_pcr6_fire_specificity_silence_sensitivity_tau_0_8,CWE-285,0.029770123555645,0.03176691729323308,0.9987706299062685,0.9988618955141554,0.001229370093731515,0.968233082706767,0.030720257855121207,0.031335618134470805,0.029561892453298134,0.9976354081320398,0.5152687735997508,0.5152757097214433,0.002816952024274159,283
dst_pcr6_fire_specificity_silence_sensitivity_tau_0_8,CWE-287,,0.0,1.0,0.998676655263292,0.0,1.0,,,,0.998676655263292,0.5,0.5,0.0014427608801302215,319
dst_pcr6_fire_specificity_silence_sensitivity_tau_0_8,CWE-369,0.05,0.0036363636363636364,0.9999418570146628,0.9988674137295162,5.814298533729466e-05,0.9963636363636363,0.03389830508474576,0.022321428571428575,0.013229129065175422,0.9988094073765543,0.5017891103255131,0.5017890725662961,0.0018764213229692434,274
dst_pcr6_fire_specificity_silence_sensitivity_tau_0_8,CWE-400,0.0,0.0,0.9998419830440062,0.9976018395186811,0.0001580169559939142,1.0,,,-0.000599755433092071,0.9974445785026311,0.4999209915220031,0.4999209915220031,0.002211459632643618,578
dst_pcr6_fire_specificity_silence_sensitivity_tau_0_8,CWE-404,0.0065608465608465606,0.0016260162601626018,0.9988033029125886,0.9949120931313752,0.001196697087411378,0.9983739837398374,0.00649789029535865,0.004780394350542753,0.0007956450049988429,0.9937275880819081,0.5002146595863757,0.5002147443826325,0.003245765030979478,1227
dst_pcr6_fire_specificity_silence_sensitivity_tau_0_8,CWE-476,0.08434710036666793,0.026730959446092977,0.9979655373922164,0.9931898689600638,0.0020344626077836944,0.9732690405539071,0.04054448206971268,0.03094601105601851,0.04372131125372523,0.9911846387223383,0.5123482484191546,0.5123565198692533,0.018451171908041925,1683
dst_pcr6_fire_specificity_silence_sensitivity_tau_0_8,CWE-662,0.008274809623180043,0.02138364779874214,0.9914633934167055,0.9967446022170788,0.008536606583294424,0.9786163522012579,0.011926081350654406,0.016228724464930476,0.008027570263232068,0.9882640806161487,0.5064235206077239,0.5064322127548675,0.006619919814708429,795
dst_pcr6_fire_specificity_silence_sensitivity_tau_0_8,CWE-665,0.003896103896103896,0.020689655172413793,0.9968453613692647,0.9994257001652331,0.003154638630735348,0.9793103448275862,0.03278688524590164,0.05555555555555556,0.007632533438125666,0.9962747242455847,0.5087675082708392,0.508781533506245,0.002958873016226695,141
dst_pcr6_fire_specificity_silence_sensitivity_tau_0_8,CWE-668,0.06003810156128923,0.2324068088773971,0.9792942165100517,0.9955593631013431,0.02070578348994837,0.7675931911226029,0.09541831946822099,0.14761956953509256,0.10848436566421338,0.9750679957966006,0.6058505126937244,0.6058430600941549,0.014882758996036565,1364
dst_pcr6_fire_specificity_silence_sensitivity_tau_0_8,CWE-704,0.00909090909090909,0.0022727272727272726,0.9995303666295652,0.9981779840325649,0.00046963337043488384,0.9977272727272727,0.01818181818181818,0.013368983957219254,0.0036211497522520347,0.9977100696500303,0.5009015469511462,0.5009014761202526,0.0013926920261937187,440
dst_pcr6_fire_specificity_silence_sensitivity_tau_0_8,CWE-705,0.0,0.0,0.9999293992325464,0.9989047405684148,7.060076745358566e-05,1.0,,,-0.0002621818784862526,0.9988342947785703,0.4999646996162732,0.4999646996162732,0.0012450339937084332,264
dst_pcr6_fire_specificity_silence_sensitivity_tau_0_8,CWE-706,0.04,0.0012422360248447203,0.9998792899758305,0.9966559616423574,0.00012071002416954722,0.9987577639751553,0.012048192771084336,0.007704160246533127,0.006420562395554443,0.9965360720408072,0.5005607630003376,0.5005607630003376,0.002697805921578506,807
dst_pcr6_fire_specificity_silence_sensitivity_tau_0_8,CWE-74,0.32295670482512584,0.24840141085447714,0.997963496694663,0.9970665877337227,0.0020365033053369036,0.7515985891455228,0.28069939152950146,0.2603672117331447,0.28073053170429924,0.9950467935950474,0.6231824537745702,0.6232066427618027,0.061434965302163656,938
dst_pcr6_fire_specificity_silence_sensitivity_tau_0_8,CWE-754,0.014285714285714285,0.011764705882352941,0.9993897653628047,0.9993150880369457,0.0006102346371953639,0.9882352941176471,0.06451612903225808,0.06097560975609756,0.012320184501212913,0.9987056982376359,0.5055772356225787,0.5055784564330016,0.007380325864979363,167
dst_pcr6_fire_specificity_silence_sensitivity_tau_0_8,CWE-834,0.08214285714285714,0.008571428571428572,0.9998213618012375,0.9985560776082003,0.00017863819876252261,0.9914285714285714,0.03879453879453879,0.026102158343012005,0.02601711732067576,0.9983779758935883,0.5041963951863331,0.5041963951863331,0.0032026111065965833,351
dst_pcr6_fire_specificity_silence_sensitivity_tau_0_9,CWE-118,0.23399642556974673,0.3757203589985829,0.9435286764513485,0.9705091547742841,0.05647132354865142,0.6242796410014171,0.28836134169855243,0.3350996084032723,0.2555052509576819,0.9185956400880217,0.6596245177249658,0.663501528978844,0.1340163116648783,10585
dst_pcr6_fire_specificity_silence_sensitivity_tau_0_9,CWE-190,0.07018804152972885,0.06756265616718407,0.9947757090895042,0.9945308807698625,0.005224290910495763,0.932437343832816,0.06881645257390266,0.06805100607751913,0.06350195697471986,0.9893676089353856,0.5311691826283441,0.5311928404990557,0.019817850748318034,1406
dst_pcr6_fire_specificity_silence_sensitivity_tau_0_9,CWE-191,0.0,0.0,0.9995309052660091,0.9993068905837343,0.0004690947339910082,1.0,,,-0.0005698559564827354,0.998838445360656,0.49976545263300454,0.49976545263300454,0.000387892762593831,167
dst_pcr6_fire_specificity_silence_sensitivity_tau_0_9,CWE-20,0.040294002508422924,0.06904246013054302,0.9867477423863062,0.9924586046569374,0.013252257613693714,0.930957539869457,0.05086784270446051,0.060398781789364045,0.04273752591478301,0.9794155285387343,0.5278951012584246,0.5279088754406175,0.013903475755916305,1926
dst_pcr6_fire_specificity_silence_sensitivity_tau_0_9,CWE-269,0.0,0.0,0.9998256817059126,0.9995145517336519,0.0001743182940873977,1.0,,,-0.0002878536026776052,0.9993404023204819,0.4999128408529563,0.4999128408529563,0.0006284152079499211,117
dst_pcr6_fire_specificity_silence_sensitivity_tau_0_9,CWE-285,0.029770123555645,0.03176691729323308,0.9987706299062685,0.9988618955141554,0.001229370093731515,0.968233082706767,0.030720257855121207,0.031335618134470805,0.029561892453298134,0.9976354081320398,0.5152687735997508,0.5152757097214433,0.002816952024274159,283
dst_pcr6_fire_specificity_silence_sensitivity_tau_0_9,CWE-287,,0.0,1.0,0.998676655263292,0.0,1.0,,,,0.998676655263292,0.5,0.5,0.0014427608801302215,319
dst_pcr6_fire_specificity_silence_sensitivity_tau_0_9,CWE-369,0.05,0.0036363636363636364,0.9999418570146628,0.9988674137295162,5.814298533729466e-05,0.9963636363636363,0.03389830508474576,0.022321428571428575,0.013229129065175422,0.9988094073765543,0.5017891103255131,0.5017890725662961,0.0018764213229692434,274
dst_pcr6_fire_specificity_silence_sensitivity_tau_0_9,CWE-400,0.0,0.0,0.9998419830440062,0.9976018395186811,0.0001580169559939142,1.0,,,-0.000599755433092071,0.9974445785026311,0.4999209915220031,0.4999209915220031,0.002211459632643618,578
dst_pcr6_fire_specificity_silence_sensitivity_tau_0_9,CWE-404,0.0065608465608465606,0.0016260162601626018,0.9988033029125886,0.9949120931313752,0.001196697087411378,0.9983739837398374,0.00649789029535865,0.004780394350542753,0.0007956450049988429,0.9937275880819081,0.5002146595863757,0.5002147443826325,0.003245765030979478,1227
dst_pcr6_fire_specificity_silence_sensitivity_tau_0_9,CWE-476,0.08434710036666793,0.026730959446092977,0.9979655373922164,0.9931898689600638,0.0020344626077836944,0.9732690405539071,0.04054448206971268,0.03094601105601851,0.04372131125372523,0.9911846387223383,0.5123482484191546,0.5123565198692533,0.018451171908041925,1683
dst_pcr6_fire_specificity_silence_sensitivity_tau_0_9,CWE-662,0.008274809623180043,0.02138364779874214,0.9914633934167055,0.9967446022170788,0.008536606583294424,0.9786163522012579,0.011926081350654406,0.016228724464930476,0.008027570263232068,0.9882640806161487,0.5064235206077239,0.5064322127548675,0.006619919814708429,795
dst_pcr6_fire_specificity_silence_sensitivity_tau_0_9,CWE-665,0.003896103896103896,0.020689655172413793,0.9968453613692647,0.9994257001652331,0.003154638630735348,0.9793103448275862,0.03278688524590164,0.05555555555555556,0.007632533438125666,0.9962747242455847,0.5087675082708392,0.508781533506245,0.002958873016226695,141
dst_pcr6_fire_specificity_silence_sensitivity_tau_0_9,CWE-668,0.06003810156128923,0.2324068088773971,0.9792942165100517,0.9955593631013431,0.02070578348994837,0.7675931911226029,0.09541831946822099,0.14761956953509256,0.10848436566421338,0.9750679957966006,0.6058505126937244,0.6058430600941549,0.014882758996036565,1364
dst_pcr6_fire_specificity_silence_sensitivity_tau_0_9,CWE-704,0.00909090909090909,0.0022727272727272726,0.9995303666295652,0.9981779840325649,0.00046963337043488384,0.9977272727272727,0.01818181818181818,0.013368983957219254,0.0036211497522520347,0.9977100696500303,0.5009015469511462,0.5009014761202526,0.0013926920261937187,440
dst_pcr6_fire_specificity_silence_sensitivity_tau_0_9,CWE-705,0.0,0.0,0.9999293992325464,0.9989047405684148,7.060076745358566e-05,1.0,,,-0.0002621818784862526,0.9988342947785703,0.4999646996162732,0.4999646996162732,0.0012450339937084332,264
dst_pcr6_fire_specificity_silence_sensitivity_tau_0_9,CWE-706,0.04,0.0012422360248447203,0.9998792899758305,0.9966559616423574,0.00012071002416954722,0.9987577639751553,0.012048192771084336,0.007704160246533127,0.006420562395554443,0.9965360720408072,0.5005607630003376,0.5005607630003376,0.002697805921578506,807
dst_pcr6_fire_specificity_silence_sensitivity_tau_0_9,CWE-74,0.32295670482512584,0.24840141085447714,0.997963496694663,0.9970665877337227,0.0020365033053369036,0.7515985891455228,0.28069939152950146,0.2603672117331447,0.28073053170429924,0.9950467935950474,0.6231824537745702,0.6232066427618027,0.061434965302163656,938
dst_pcr6_fire_specificity_silence_sensitivity_tau_0_9,CWE-754,0.014285714285714285,0.011764705882352941,0.9993897653628047,0.9993150880369457,0.0006102346371953639,0.9882352941176471,0.06451612903225808,0.06097560975609756,0.012320184501212913,0.9987056982376359,0.5055772356225787,0.5055784564330016,0.007380325864979363,167
dst_pcr6_fire_specificity_silence_sensitivity_tau_0_9,CWE-834,0.08214285714285714,0.008571428571428572,0.9998213618012375,0.9985560776082003,0.00017863819876252261,0.9914285714285714,0.03879453879453879,0.026102158343012005,0.02601711732067576,0.9983779758935883,0.5041963951863331,0.5041963951863331,0.0032026111065965833,351
dst_yager_fire_specificity_silence_sensitivity_tau_0_1,CWE-118,0.04391095932153146,1.0,0.0,,1.0,0.0,0.08412778675095499,0.18675281500253121,,0.04391095932153146,0.5,0.6634862368896108,0.13383173960494038,10585
dst_yager_fire_specificity_silence_sensitivity_tau_0_1,CWE-190,0.005832668945827858,1.0,0.0,,1.0,0.0,0.01159769227217632,0.028498455348573183,,0.005832668945827858,0.5,0.5311606734452148,0.01784212712957601,1406
dst_yager_fire_specificity_silence_sensitivity_tau_0_1,CWE-191,0.0006927846969342311,1.0,0.0,,1.0,0.0,0.0013846099521398784,0.0034543489613727955,,0.0006927846969342311,0.5,0.49976545263300454,0.000387892762593831,167
dst_yager_fire_specificity_silence_sensitivity_tau_0_1,CWE-20,0.007989845633764248,1.0,0.0,,1.0,0.0,0.01585302785916827,0.03871201453314919,,0.007989845633764248,0.5,0.5279061562128196,0.013896781318255827,1926
dst_yager_fire_specificity_silence_sensitivity_tau_0_1,CWE-269,0.0004853638383677117,1.0,0.0,,1.0,0.0,0.0009702565440857498,0.002422114718145432,,0.0004853638383677117,0.5,0.4999128408529563,0.0006284152079499211,117
dst_yager_fire_specificity_silence_sensitivity_tau_0_1,CWE-285,0.0011740010507655932,1.0,0.0,,1.0,0.0,0.002345248571322521,0.0058425664921943985,,0.0011740010507655932,0.5,0.5152757097214433,0.002816952024274159,283
dst_yager_fire_specificity_silence_sensitivity_tau_0_1,CWE-287,0.0013222789149522187,0.8,0.2,0.998672391976269,0.8,0.2,0.0026410654394137603,0.006576608491301983,,0.20079230152721558,0.5,0.5,0.0014427608801302215,319
dst_yager_fire_specificity_silence_sensitivity_tau_0_1,CWE-369,0.001136664570049566,1.0,0.0,,1.0,0.0,0.0022707479275197217,0.005657598354241595,,0.001136664570049566,0.5,0.5017890725662961,0.0018764213229692434,274
dst_yager_fire_specificity_silence_sensitivity_tau_0_1,CWE-400,0.0023977829287847594,1.0,0.0,,1.0,0.0,0.0047840944338221735,0.01187501777538932,,0.0023977829287847594,0.5,0.4999209915220031,0.002211459632643618,578
dst_yager_fire_specificity_silence_sensitivity_tau_0_1,CWE-404,0.005090103249680887,1.0,0.0,,1.0,0.0,0.010128650425456588,0.024942671244657454,,0.005090103249680887,0.5,0.5002139985191658,0.0032238456941390504,1227
dst_yager_fire_specificity_silence_sensitivity_tau_0_1,CWE-476,0.006981779152874261,1.0,0.0,,1.0,0.0,0.013866743590598963,0.03396047592483246,,0.006981779152874261,0.5,0.5123498648771022,0.017237243199056406,1683
dst_yager_fire_specificity_silence_sensitivity_tau_0_1,CWE-662,0.003297988914559992,1.0,0.0,,1.0,0.0,0.006574295873778058,0.016275242293923135,,0.003297988914559992,0.5,0.5064326315687385,0.006637238085135963,795
dst_yager_fire_specificity_silence_sensitivity_tau_0_1,CWE-665,0.0005849257506726008,1.0,0.0,,1.0,0.0,0.0011691674890448405,0.0029178006100351902,,0.0005849257506726008,0.5,0.508781533506245,0.002958873016226695,141
dst_yager_fire_specificity_silence_sensitivity_tau_0_1,CWE-668,0.005658435965019412,1.0,0.0,,1.0,0.0,0.011253196309996091,0.02766599356249458,,0.005658435965019412,0.5,0.6058430600941549,0.014882758996036565,1364
dst_yager_fire_specificity_silence_sensitivity_tau_0_1,CWE-704,0.0018253020407627627,1.0,0.0,,1.0,0.0,0.0036439527669716804,0.009060358638061244,,0.0018253020407627627,0.5,0.5009014761202526,0.0013926920261937187,440
dst_yager_fire_specificity_silence_sensitivity_tau_0_1,CWE-705,0.0010951819816126282,1.0,0.0,,1.0,0.0,0.0021879675998388443,0.005452024673510329,,0.0010951819816126282,0.5,0.4999646996162732,0.0012450339937084332,264
dst_yager_fire_specificity_silence_sensitivity_tau_0_1,CWE-706,0.003347769913851251,1.0,0.0,,1.0,0.0,0.006673199285864871,0.016517658271885883,,0.003347769913851251,0.5,0.5005607630003376,0.002697805921578506,807
dst_yager_fire_specificity_silence_sensitivity_tau_0_1,CWE-74,0.0038912118712270197,1.0,0.0,,1.0,0.0,0.007752257862307814,0.019157868084253387,,0.0038912118712270197,0.5,0.6232066427618027,0.061434965302163656,938
dst_yager_fire_specificity_silence_sensitivity_tau_0_1,CWE-754,0.0006927846968557118,1.0,0.0,,1.0,0.0,0.001384609951983493,0.003454348960986691,,0.0006927846968557118,0.5,0.5055784564330016,0.007380325864979363,167
dst_yager_fire_specificity_silence_sensitivity_tau_0_1,CWE-834,0.0014560926337639194,1.0,0.0,,1.0,0.0,0.0029079508877309897,0.007238303280824585,,0.0014560926337639194,0.5,0.5041963951863331,0.0032026111065965833,351
dst_yager_fire_specificity_silence_sensitivity_tau_0_2,CWE-118,0.04391095932153146,1.0,0.0,,1.0,0.0,0.08412778675095499,0.18675281500253121,,0.04391095932153146,0.5,0.6634862368896108,0.13383173960494038,10585
dst_yager_fire_specificity_silence_sensitivity_tau_0_2,CWE-190,0.005832668945827858,1.0,0.0,,1.0,0.0,0.01159769227217632,0.028498455348573183,,0.005832668945827858,0.5,0.5311606734452148,0.01784212712957601,1406
dst_yager_fire_specificity_silence_sensitivity_tau_0_2,CWE-191,0.0006927846969342311,1.0,0.0,,1.0,0.0,0.0013846099521398784,0.0034543489613727955,,0.0006927846969342311,0.5,0.49976545263300454,0.000387892762593831,167
dst_yager_fire_specificity_silence_sensitivity_tau_0_2,CWE-20,0.007989845633764248,1.0,0.0,,1.0,0.0,0.01585302785916827,0.03871201453314919,,0.007989845633764248,0.5,0.5279061562128196,0.013896781318255827,1926
dst_yager_fire_specificity_silence_sensitivity_tau_0_2,CWE-269,0.0004853638383677117,1.0,0.0,,1.0,0.0,0.0009702565440857498,0.002422114718145432,,0.0004853638383677117,0.5,0.4999128408529563,0.0006284152079499211,117
dst_yager_fire_specificity_silence_sensitivity_tau_0_2,CWE-285,0.0011740010507655932,1.0,0.0,,1.0,0.0,0.002345248571322521,0.0058425664921943985,,0.0011740010507655932,0.5,0.5152757097214433,0.002816952024274159,283
dst_yager_fire_specificity_silence_sensitivity_tau_0_2,CWE-287,0.0013222789149522187,0.8,0.2,0.998672391976269,0.8,0.2,0.0026410654394137603,0.006576608491301983,,0.20079230152721558,0.5,0.5,0.0014427608801302215,319
dst_yager_fire_specificity_silence_sensitivity_tau_0_2,CWE-369,0.001136664570049566,1.0,0.0,,1.0,0.0,0.0022707479275197217,0.005657598354241595,,0.001136664570049566,0.5,0.5017890725662961,0.0018764213229692434,274
dst_yager_fire_specificity_silence_sensitivity_tau_0_2,CWE-400,0.0023977829287847594,1.0,0.0,,1.0,0.0,0.0047840944338221735,0.01187501777538932,,0.0023977829287847594,0.5,0.4999209915220031,0.002211459632643618,578
dst_yager_fire_specificity_silence_sensitivity_tau_0_2,CWE-404,0.005090103249680887,1.0,0.0,,1.0,0.0,0.010128650425456588,0.024942671244657454,,0.005090103249680887,0.5,0.5002139985191658,0.0032238456941390504,1227
dst_yager_fire_specificity_silence_sensitivity_tau_0_2,CWE-476,0.006981779152874261,1.0,0.0,,1.0,0.0,0.013866743590598963,0.03396047592483246,,0.006981779152874261,0.5,0.5123498648771022,0.017237243199056406,1683
dst_yager_fire_specificity_silence_sensitivity_tau_0_2,CWE-662,0.003297988914559992,1.0,0.0,,1.0,0.0,0.006574295873778058,0.016275242293923135,,0.003297988914559992,0.5,0.5064326315687385,0.006637238085135963,795
dst_yager_fire_specificity_silence_sensitivity_tau_0_2,CWE-665,0.0005849257506726008,1.0,0.0,,1.0,0.0,0.0011691674890448405,0.0029178006100351902,,0.0005849257506726008,0.5,0.508781533506245,0.002958873016226695,141
dst_yager_fire_specificity_silence_sensitivity_tau_0_2,CWE-668,0.005658435965019412,1.0,0.0,,1.0,0.0,0.011253196309996091,0.02766599356249458,,0.005658435965019412,0.5,0.6058430600941549,0.014882758996036565,1364
dst_yager_fire_specificity_silence_sensitivity_tau_0_2,CWE-704,0.0018253020407627627,1.0,0.0,,1.0,0.0,0.0036439527669716804,0.009060358638061244,,0.0018253020407627627,0.5,0.5009014761202526,0.0013926920261937187,440
dst_yager_fire_specificity_silence_sensitivity_tau_0_2,CWE-705,0.0010951819816126282,1.0,0.0,,1.0,0.0,0.0021879675998388443,0.005452024673510329,,0.0010951819816126282,0.5,0.4999646996162732,0.0012450339937084332,264
dst_yager_fire_specificity_silence_sensitivity_tau_0_2,CWE-706,0.003347769913851251,1.0,0.0,,1.0,0.0,0.006673199285864871,0.016517658271885883,,0.003347769913851251,0.5,0.5005607630003376,0.002697805921578506,807
dst_yager_fire_specificity_silence_sensitivity_tau_0_2,CWE-74,0.0038912118712270197,1.0,0.0,,1.0,0.0,0.007752257862307814,0.019157868084253387,,0.0038912118712270197,0.5,0.6232066427618027,0.061434965302163656,938
dst_yager_fire_specificity_silence_sensitivity_tau_0_2,CWE-754,0.0006927846968557118,1.0,0.0,,1.0,0.0,0.001384609951983493,0.003454348960986691,,0.0006927846968557118,0.5,0.5055784564330016,0.007380325864979363,167
dst_yager_fire_specificity_silence_sensitivity_tau_0_2,CWE-834,0.0014560926337639194,1.0,0.0,,1.0,0.0,0.0029079508877309897,0.007238303280824585,,0.0014560926337639194,0.5,0.5041963951863331,0.0032026111065965833,351
dst_yager_fire_specificity_silence_sensitivity_tau_0_3,CWE-118,0.19696178923113117,0.503448275862069,0.7546818827090543,0.9706664792089064,0.24531811729094563,0.496551724137931,0.2491152604869447,0.3076662970308166,0.2577432135699316,0.7436474832994425,0.6290650792855617,0.6634862368896108,0.13383173960494038,10585
dst_yager_fire_specificity_silence_sensitivity_tau_0_3,CWE-190,0.005832668945827858,1.0,0.0,,1.0,0.0,0.01159769227217632,0.028498455348573183,,0.005832668945827858,0.5,0.5311606734452148,0.01784212712957601,1406
dst_yager_fire_specificity_silence_sensitivity_tau_0_3,CWE-191,0.0006927846969342311,1.0,0.0,,1.0,0.0,0.0013846099521398784,0.0034543489613727955,,0.0006927846969342311,0.5,0.49976545263300454,0.000387892762593831,167
dst_yager_fire_specificity_silence_sensitivity_tau_0_3,CWE-20,0.007989845633764248,1.0,0.0,,1.0,0.0,0.01585302785916827,0.03871201453314919,,0.007989845633764248,0.5,0.5279061562128196,0.013896781318255827,1926
dst_yager_fire_specificity_silence_sensitivity_tau_0_3,CWE-269,0.0004853638383677117,1.0,0.0,,1.0,0.0,0.0009702565440857498,0.002422114718145432,,0.0004853638383677117,0.5,0.4999128408529563,0.0006284152079499211,117
dst_yager_fire_specificity_silence_sensitivity_tau_0_3,CWE-285,0.0011740010507655932,1.0,0.0,,1.0,0.0,0.002345248571322521,0.0058425664921943985,,0.0011740010507655932,0.5,0.5152757097214433,0.002816952024274159,283
dst_yager_fire_specificity_silence_sensitivity_tau_0_3,CWE-287,0.0013222789149522187,0.8,0.2,0.998672391976269,0.8,0.2,0.0026410654394137603,0.006576608491301983,,0.20079230152721558,0.5,0.5,0.0014427608801302215,319
dst_yager_fire_specificity_silence_sensitivity_tau_0_3,CWE-369,0.001136664570049566,1.0,0.0,,1.0,0.0,0.0022707479275197217,0.005657598354241595,,0.001136664570049566,0.5,0.5017890725662961,0.0018764213229692434,274
dst_yager_fire_specificity_silence_sensitivity_tau_0_3,CWE-400,0.0023977829287847594,1.0,0.0,,1.0,0.0,0.0047840944338221735,0.01187501777538932,,0.0023977829287847594,0.5,0.4999209915220031,0.002211459632643618,578
dst_yager_fire_specificity_silence_sensitivity_tau_0_3,CWE-404,0.005090103249680887,1.0,0.0,,1.0,0.0,0.010128650425456588,0.024942671244657454,,0.005090103249680887,0.5,0.5002139985191658,0.0032238456941390504,1227
dst_yager_fire_specificity_silence_sensitivity_tau_0_3,CWE-476,0.006981779152874261,1.0,0.0,,1.0,0.0,0.013866743590598963,0.03396047592483246,,0.006981779152874261,0.5,0.5123498648771022,0.017237243199056406,1683
dst_yager_fire_specificity_silence_sensitivity_tau_0_3,CWE-662,0.003297988914559992,1.0,0.0,,1.0,0.0,0.006574295873778058,0.016275242293923135,,0.003297988914559992,0.5,0.5064326315687385,0.006637238085135963,795
dst_yager_fire_specificity_silence_sensitivity_tau_0_3,CWE-665,0.0005849257506726008,1.0,0.0,,1.0,0.0,0.0011691674890448405,0.0029178006100351902,,0.0005849257506726008,0.5,0.508781533506245,0.002958873016226695,141
dst_yager_fire_specificity_silence_sensitivity_tau_0_3,CWE-668,0.005658435965019412,1.0,0.0,,1.0,0.0,0.011253196309996091,0.02766599356249458,,0.005658435965019412,0.5,0.6058430600941549,0.014882758996036565,1364
dst_yager_fire_specificity_silence_sensitivity_tau_0_3,CWE-704,0.0018253020407627627,1.0,0.0,,1.0,0.0,0.0036439527669716804,0.009060358638061244,,0.0018253020407627627,0.5,0.5009014761202526,0.0013926920261937187,440
dst_yager_fire_specificity_silence_sensitivity_tau_0_3,CWE-705,0.0010951819816126282,1.0,0.0,,1.0,0.0,0.0021879675998388443,0.005452024673510329,,0.0010951819816126282,0.5,0.4999646996162732,0.0012450339937084332,264
dst_yager_fire_specificity_silence_sensitivity_tau_0_3,CWE-706,0.003347769913851251,1.0,0.0,,1.0,0.0,0.006673199285864871,0.016517658271885883,,0.003347769913851251,0.5,0.5005607630003376,0.002697805921578506,807
dst_yager_fire_specificity_silence_sensitivity_tau_0_3,CWE-74,0.0038912118712270197,1.0,0.0,,1.0,0.0,0.007752257862307814,0.019157868084253387,,0.0038912118712270197,0.5,0.6232066427618027,0.061434965302163656,938
dst_yager_fire_specificity_silence_sensitivity_tau_0_3,CWE-754,0.0006927846968557118,1.0,0.0,,1.0,0.0,0.001384609951983493,0.003454348960986691,,0.0006927846968557118,0.5,0.5055784564330016,0.007380325864979363,167
dst_yager_fire_specificity_silence_sensitivity_tau_0_3,CWE-834,0.0014560926337639194,1.0,0.0,,1.0,0.0,0.0029079508877309897,0.007238303280824585,,0.0014560926337639194,0.5,0.5041963951863331,0.0032026111065965833,351
dst_yager_fire_specificity_silence_sensitivity_tau_0_4,CWE-118,0.236576542496218,0.38393953708077466,0.943103460480566,0.9708731014860985,0.056896539519434006,0.6160604629192253,0.29273961192547143,0.3413866757545912,0.26046249983608727,0.9185500133699527,0.6635214987806703,0.6634862368896108,0.13383173960494038,10585
dst_yager_fire_specificity_silence_sensitivity_tau_0_4,CWE-190,0.005832668945827858,1.0,0.0,,1.0,0.0,0.01159769227217632,0.028498455348573183,,0.005832668945827858,0.5,0.5311606734452148,0.01784212712957601,1406
dst_yager_fire_specificity_silence_sensitivity_tau_0_4,CWE-191,0.0006927846969342311,1.0,0.0,,1.0,0.0,0.0013846099521398784,0.0034543489613727955,,0.0006927846969342311,0.5,0.49976545263300454,0.000387892762593831,167
dst_yager_fire_specificity_silence_sensitivity_tau_0_4,CWE-20,0.007989845633764248,1.0,0.0,,1.0,0.0,0.01585302785916827,0.03871201453314919,,0.007989845633764248,0.5,0.5279061562128196,0.013896781318255827,1926
dst_yager_fire_specificity_silence_sensitivity_tau_0_4,CWE-269,0.0004853638383677117,1.0,0.0,,1.0,0.0,0.0009702565440857498,0.002422114718145432,,0.0004853638383677117,0.5,0.4999128408529563,0.0006284152079499211,117
dst_yager_fire_specificity_silence_sensitivity_tau_0_4,CWE-285,0.0011740010507655932,1.0,0.0,,1.0,0.0,0.002345248571322521,0.0058425664921943985,,0.0011740010507655932,0.5,0.5152757097214433,0.002816952024274159,283
dst_yager_fire_specificity_silence_sensitivity_tau_0_4,CWE-287,0.0013222789149522187,0.8,0.2,0.998672391976269,0.8,0.2,0.0026410654394137603,0.006576608491301983,,0.20079230152721558,0.5,0.5,0.0014427608801302215,319
dst_yager_fire_specificity_silence_sensitivity_tau_0_4,CWE-369,0.001136664570049566,1.0,0.0,,1.0,0.0,0.0022707479275197217,0.005657598354241595,,0.001136664570049566,0.5,0.5017890725662961,0.0018764213229692434,274
dst_yager_fire_specificity_silence_sensitivity_tau_0_4,CWE-400,0.0023977829287847594,1.0,0.0,,1.0,0.0,0.0047840944338221735,0.01187501777538932,,0.0023977829287847594,0.5,0.4999209915220031,0.002211459632643618,578
dst_yager_fire_specificity_silence_sensitivity_tau_0_4,CWE-404,0.005090103249680887,1.0,0.0,,1.0,0.0,0.010128650425456588,0.024942671244657454,,0.005090103249680887,0.5,0.5002139985191658,0.0032238456941390504,1227
dst_yager_fire_specificity_silence_sensitivity_tau_0_4,CWE-476,0.006981779152874261,1.0,0.0,,1.0,0.0,0.013866743590598963,0.03396047592483246,,0.006981779152874261,0.5,0.5123498648771022,0.017237243199056406,1683
dst_yager_fire_specificity_silence_sensitivity_tau_0_4,CWE-662,0.003297988914559992,1.0,0.0,,1.0,0.0,0.006574295873778058,0.016275242293923135,,0.003297988914559992,0.5,0.5064326315687385,0.006637238085135963,795
dst_yager_fire_specificity_silence_sensitivity_tau_0_4,CWE-665,0.0005849257506726008,1.0,0.0,,1.0,0.0,0.0011691674890448405,0.0029178006100351902,,0.0005849257506726008,0.5,0.508781533506245,0.002958873016226695,141
dst_yager_fire_specificity_silence_sensitivity_tau_0_4,CWE-668,0.06003810156128923,0.2324068088773971,0.9792942165100517,0.9955593631013431,0.02070578348994837,0.7675931911226029,0.09541831946822099,0.14761956953509256,0.10848436566421338,0.9750679957966006,0.6058505126937244,0.6058430600941549,0.014882758996036565,1364
dst_yager_fire_specificity_silence_sensitivity_tau_0_4,CWE-704,0.0018253020407627627,1.0,0.0,,1.0,0.0,0.0036439527669716804,0.009060358638061244,,0.0018253020407627627,0.5,0.5009014761202526,0.0013926920261937187,440
dst_yager_fire_specificity_silence_sensitivity_tau_0_4,CWE-705,0.0010951819816126282,1.0,0.0,,1.0,0.0,0.0021879675998388443,0.005452024673510329,,0.0010951819816126282,0.5,0.4999646996162732,0.0012450339937084332,264
dst_yager_fire_specificity_silence_sensitivity_tau_0_4,CWE-706,0.003347769913851251,1.0,0.0,,1.0,0.0,0.006673199285864871,0.016517658271885883,,0.003347769913851251,0.5,0.5005607630003376,0.002697805921578506,807
dst_yager_fire_specificity_silence_sensitivity_tau_0_4,CWE-74,0.32295670482512584,0.24840141085447714,0.997963496694663,0.9970665877337227,0.0020365033053369036,0.7515985891455228,0.28069939152950146,0.2603672117331447,0.28073053170429924,0.9950467935950474,0.6231824537745702,0.6232066427618027,0.061434965302163656,938
dst_yager_fire_specificity_silence_sensitivity_tau_0_4,CWE-754,0.0006927846968557118,1.0,0.0,,1.0,0.0,0.001384609951983493,0.003454348960986691,,0.0006927846968557118,0.5,0.5055784564330016,0.007380325864979363,167
dst_yager_fire_specificity_silence_sensitivity_tau_0_4,CWE-834,0.0014560926337639194,1.0,0.0,,1.0,0.0,0.0029079508877309897,0.007238303280824585,,0.0014560926337639194,0.5,0.5041963951863331,0.0032026111065965833,351
dst_yager_fire_specificity_silence_sensitivity_tau_0_5,CWE-118,0.236576542496218,0.38393953708077466,0.943103460480566,0.9708731014860985,0.056896539519434006,0.6160604629192253,0.29273961192547143,0.3413866757545912,0.26046249983608727,0.9185500133699527,0.6635214987806703,0.6634862368896108,0.13383173960494038,10585
dst_yager_fire_specificity_silence_sensitivity_tau_0_5,CWE-190,0.07018804152972885,0.06756265616718407,0.9947757090895042,0.9945308807698625,0.005224290910495763,0.932437343832816,0.06881645257390266,0.06805100607751913,0.06350195697471986,0.9893676089353856,0.5311691826283441,0.5311606734452148,0.01784212712957601,1406
dst_yager_fire_specificity_silence_sensitivity_tau_0_5,CWE-191,0.0006927846969342311,1.0,0.0,,1.0,0.0,0.0013846099521398784,0.0034543489613727955,,0.0006927846969342311,0.5,0.49976545263300454,0.000387892762593831,167
dst_yager_fire_specificity_silence_sensitivity_tau_0_5,CWE-20,0.040294002508422924,0.06904246013054302,0.9867477423863062,0.9924586046569374,0.013252257613693714,0.930957539869457,0.05086784270446051,0.060398781789364045,0.04273752591478301,0.9794155285387343,0.5278951012584246,0.5279061562128196,0.013896781318255827,1926
dst_yager_fire_specificity_silence_sensitivity_tau_0_5,CWE-269,0.0004853638383677117,1.0,0.0,,1.0,0.0,0.0009702565440857498,0.002422114718145432,,0.0004853638383677117,0.5,0.4999128408529563,0.0006284152079499211,117
dst_yager_fire_specificity_silence_sensitivity_tau_0_5,CWE-285,0.029770123555645,0.03176691729323308,0.9987706299062685,0.9988618955141554,0.001229370093731515,0.968233082706767,0.030720257855121207,0.031335618134470805,0.029561892453298134,0.9976354081320398,0.5152687735997508,0.5152757097214433,0.002816952024274159,283
dst_yager_fire_specificity_silence_sensitivity_tau_0_5,CWE-287,,0.0,1.0,0.998676655263292,0.0,1.0,,,,0.998676655263292,0.5,0.5,0.0014427608801302215,319
dst_yager_fire_specificity_silence_sensitivity_tau_0_5,CWE-369,0.0002281826290787645,0.2,0.7999543175562809,0.9988643327179809,0.20004568244371906,0.8,0.002279225892006133,0.005678650339686539,-0.00025194076850462634,0.7992740701848602,0.4999771587781405,0.5017890725662961,0.0018764213229692434,274
dst_yager_fire_specificity_silence_sensitivity_tau_0_5,CWE-400,0.0023977829287847594,1.0,0.0,,1.0,0.0,0.0047840944338221735,0.01187501777538932,,0.0023977829287847594,0.5,0.4999209915220031,0.002211459632643618,578
dst_yager_fire_specificity_silence_sensitivity_tau_0_5,CWE-404,0.0065608465608465606,0.0016260162601626018,0.9988033029125886,0.9949120931313752,0.001196697087411378,0.9983739837398374,0.00649789029535865,0.004780394350542753,0.0007956450049988429,0.9937275880819081,0.5002146595863757,0.5002139985191658,0.0032238456941390504,1227
dst_yager_fire_specificity_silence_sensitivity_tau_0_5,CWE-476,0.08434710036666793,0.026730959446092977,0.9979655373922164,0.9931898689600638,0.0020344626077836944,0.9732690405539071,0.04054448206971268,0.03094601105601851,0.04372131125372523,0.9911846387223383,0.5123482484191546,0.5123498648771022,0.017237243199056406,1683
dst_yager_fire_specificity_silence_sensitivity_tau_0_5,CWE-662,0.008274809623180043,0.02138364779874214,0.9914633934167055,0.9967446022170788,0.008536606583294424,0.9786163522012579,0.011926081350654406,0.016228724464930476,0.008027570263232068,0.9882640806161487,0.5064235206077239,0.5064326315687385,0.006637238085135963,795
dst_yager_fire_specificity_silence_sensitivity_tau_0_5,CWE-665,0.00012028702973993115,0.2,0.7974720604084645,0.9994173615580726,0.20252793959153553,0.8,0.001202147283768939,0.002999958621260397,-0.0013563489038482199,0.7971291769395995,0.49873603020423224,0.508781533506245,0.002958873016226695,141
dst_yager_fire_specificity_silence_sensitivity_tau_0_5,CWE-668,0.06003810156128923,0.2324068088773971,0.9792942165100517,0.9955593631013431,0.02070578348994837,0.7675931911226029,0.09541831946822099,0.14761956953509256,0.10848436566421338,0.9750679957966006,0.6058505126937244,0.6058430600941549,0.014882758996036565,1364
dst_yager_fire_specificity_silence_sensitivity_tau_0_5,CWE-704,0.0003650089178315152,0.2,0.7996176302904835,0.9981737623047944,0.20038236970951653,0.8,0.0036434397383347823,0.009059089973234508,-0.0009334795677198538,0.7985230440579277,0.49980881514524167,0.5009014761202526,0.0013926920261937187,440
dst_yager_fire_specificity_silence_sensitivity_tau_0_5,CWE-705,0.0010951819816126282,1.0,0.0,,1.0,0.0,0.0021879675998388443,0.005452024673510329,,0.0010951819816126282,0.5,0.4999646996162732,0.0012450339937084332,264
dst_yager_fire_specificity_silence_sensitivity_tau_0_5,CWE-706,0.000667800406487204,0.2,0.7998959368743053,0.9966496038066232,0.20010406312569481,0.8,0.006655780400587032,0.016474970324587612,-0.0006534850544558791,0.7978841163396166,0.49994796843715256,0.5005607630003376,0.002697805921578506,807
dst_yager_fire_specificity_silence_sensitivity_tau_0_5,CWE-74,0.32295670482512584,0.24840141085447714,0.997963496694663,0.9970665877337227,0.0020365033053369036,0.7515985891455228,0.28069939152950146,0.2603672117331447,0.28073053170429924,0.9950467935950474,0.6231824537745702,0.6232066427618027,0.061434965302163656,938
dst_yager_fire_specificity_silence_sensitivity_tau_0_5,CWE-754,0.00014102617279853998,0.2,0.7994976850041794,0.999309869591731,0.20050231499582064,0.8,0.0014092680096161817,0.003515738098192497,-0.0006552107943036271,0.7990872984699142,0.49974884250208973,0.5055784564330016,0.007380325864979363,167
dst_yager_fire_specificity_silence_sensitivity_tau_0_5,CWE-834,0.08214285714285714,0.008571428571428572,0.9998213618012375,0.9985560776082003,0.00017863819876252261,0.9914285714285714,0.03879453879453879,0.026102158343012005,0.02601711732067576,0.9983779758935883,0.5041963951863331,0.5041963951863331,0.0032026111065965833,351
dst_yager_fire_specificity_silence_sensitivity_tau_0_6,CWE-118,0.236576542496218,0.38393953708077466,0.943103460480566,0.9708731014860985,0.056896539519434006,0.6160604629192253,0.29273961192547143,0.3413866757545912,0.26046249983608727,0.9185500133699527,0.6635214987806703,0.6634862368896108,0.13383173960494038,10585
dst_yager_fire_specificity_silence_sensitivity_tau_0_6,CWE-190,0.07018804152972885,0.06756265616718407,0.9947757090895042,0.9945308807698625,0.005224290910495763,0.932437343832816,0.06881645257390266,0.06805100607751913,0.06350195697471986,0.9893676089353856,0.5311691826283441,0.5311606734452148,0.01784212712957601,1406
dst_yager_fire_specificity_silence_sensitivity_tau_0_6,CWE-191,0.0,0.0,0.9995309052660091,0.9993068905837343,0.0004690947339910082,1.0,,,-0.0005698559564827354,0.998838445360656,0.49976545263300454,0.49976545263300454,0.000387892762593831,167
dst_yager_fire_specificity_silence_sensitivity_tau_0_6,CWE-20,0.040294002508422924,0.06904246013054302,0.9867477423863062,0.9924586046569374,0.013252257613693714,0.930957539869457,0.05086784270446051,0.060398781789364045,0.04273752591478301,0.9794155285387343,0.5278951012584246,0.5279061562128196,0.013896781318255827,1926
dst_yager_fire_specificity_silence_sensitivity_tau_0_6,CWE-269,0.0,0.0,0.9998256817059126,0.9995145517336519,0.0001743182940873977,1.0,,,-0.0002878536026776052,0.9993404023204819,0.4999128408529563,0.4999128408529563,0.0006284152079499211,117
dst_yager_fire_specificity_silence_sensitivity_tau_0_6,CWE-285,0.029770123555645,0.03176691729323308,0.9987706299062685,0.9988618955141554,0.001229370093731515,0.968233082706767,0.030720257855121207,0.031335618134470805,0.029561892453298134,0.9976354081320398,0.5152687735997508,0.5152757097214433,0.002816952024274159,283
dst_yager_fire_specificity_silence_sensitivity_tau_0_6,CWE-287,,0.0,1.0,0.998676655263292,0.0,1.0,,,,0.998676655263292,0.5,0.5,0.0014427608801302215,319
dst_yager_fire_specificity_silence_sensitivity_tau_0_6,CWE-369,0.05,0.0036363636363636364,0.9999418570146628,0.9988674137295162,5.814298533729466e-05,0.9963636363636363,0.03389830508474576,0.022321428571428575,0.013229129065175422,0.9988094073765543,0.5017891103255131,0.5017890725662961,0.0018764213229692434,274
dst_yager_fire_specificity_silence_sensitivity_tau_0_6,CWE-400,0.0,0.0,0.9998419830440062,0.9976018395186811,0.0001580169559939142,1.0,,,-0.000599755433092071,0.9974445785026311,0.4999209915220031,0.4999209915220031,0.002211459632643618,578
dst_yager_fire_specificity_silence_sensitivity_tau_0_6,CWE-404,0.0065608465608465606,0.0016260162601626018,0.9988033029125886,0.9949120931313752,0.001196697087411378,0.9983739837398374,0.00649789029535865,0.004780394350542753,0.0007956450049988429,0.9937275880819081,0.5002146595863757,0.5002139985191658,0.0032238456941390504,1227
dst_yager_fire_specificity_silence_sensitivity_tau_0_6,CWE-476,0.08434710036666793,0.026730959446092977,0.9979655373922164,0.9931898689600638,0.0020344626077836944,0.9732690405539071,0.04054448206971268,0.03094601105601851,0.04372131125372523,0.9911846387223383,0.5123482484191546,0.5123498648771022,0.017237243199056406,1683
dst_yager_fire_specificity_silence_sensitivity_tau_0_6,CWE-662,0.008274809623180043,0.02138364779874214,0.9914633934167055,0.9967446022170788,0.008536606583294424,0.9786163522012579,0.011926081350654406,0.016228724464930476,0.008027570263232068,0.9882640806161487,0.5064235206077239,0.5064326315687385,0.006637238085135963,795
dst_yager_fire_specificity_silence_sensitivity_tau_0_6,CWE-665,0.003896103896103896,0.020689655172413793,0.9968453613692647,0.9994257001652331,0.003154638630735348,0.9793103448275862,0.03278688524590164,0.05555555555555556,0.007632533438125666,0.9962747242455847,0.5087675082708392,0.508781533506245,0.002958873016226695,141
dst_yager_fire_specificity_silence_sensitivity_tau_0_6,CWE-668,0.06003810156128923,0.2324068088773971,0.9792942165100517,0.9955593631013431,0.02070578348994837,0.7675931911226029,0.09541831946822099,0.14761956953509256,0.10848436566421338,0.9750679957966006,0.6058505126937244,0.6058430600941549,0.014882758996036565,1364
dst_yager_fire_specificity_silence_sensitivity_tau_0_6,CWE-704,0.00909090909090909,0.0022727272727272726,0.9995303666295652,0.9981779840325649,0.00046963337043488384,0.9977272727272727,0.01818181818181818,0.013368983957219254,0.0036211497522520347,0.9977100696500303,0.5009015469511462,0.5009014761202526,0.0013926920261937187,440
dst_yager_fire_specificity_silence_sensitivity_tau_0_6,CWE-705,0.0,0.0,0.9999293992325464,0.9989047405684148,7.060076745358566e-05,1.0,,,-0.0002621818784862526,0.9988342947785703,0.4999646996162732,0.4999646996162732,0.0012450339937084332,264
dst_yager_fire_specificity_silence_sensitivity_tau_0_6,CWE-706,0.04,0.0012422360248447203,0.9998792899758305,0.9966559616423574,0.00012071002416954722,0.9987577639751553,0.012048192771084336,0.007704160246533127,0.006420562395554443,0.9965360720408072,0.5005607630003376,0.5005607630003376,0.002697805921578506,807
dst_yager_fire_specificity_silence_sensitivity_tau_0_6,CWE-74,0.32295670482512584,0.24840141085447714,0.997963496694663,0.9970665877337227,0.0020365033053369036,0.7515985891455228,0.28069939152950146,0.2603672117331447,0.28073053170429924,0.9950467935950474,0.6231824537745702,0.6232066427618027,0.061434965302163656,938
dst_yager_fire_specificity_silence_sensitivity_tau_0_6,CWE-754,0.014285714285714285,0.011764705882352941,0.9993897653628047,0.9993150880369457,0.0006102346371953639,0.9882352941176471,0.06451612903225808,0.06097560975609756,0.012320184501212913,0.9987056982376359,0.5055772356225787,0.5055784564330016,0.007380325864979363,167
dst_yager_fire_specificity_silence_sensitivity_tau_0_6,CWE-834,0.08214285714285714,0.008571428571428572,0.9998213618012375,0.9985560776082003,0.00017863819876252261,0.9914285714285714,0.03879453879453879,0.026102158343012005,0.02601711732067576,0.9983779758935883,0.5041963951863331,0.5041963951863331,0.0032026111065965833,351
dst_yager_fire_specificity_silence_sensitivity_tau_0_7,CWE-118,0.236576542496218,0.38393953708077466,0.943103460480566,0.9708731014860985,0.056896539519434006,0.6160604629192253,0.29273961192547143,0.3413866757545912,0.26046249983608727,0.9185500133699527,0.6635214987806703,0.6634862368896108,0.13383173960494038,10585
dst_yager_fire_specificity_silence_sensitivity_tau_0_7,CWE-190,0.07018804152972885,0.06756265616718407,0.9947757090895042,0.9945308807698625,0.005224290910495763,0.932437343832816,0.06881645257390266,0.06805100607751913,0.06350195697471986,0.9893676089353856,0.5311691826283441,0.5311606734452148,0.01784212712957601,1406
dst_yager_fire_specificity_silence_sensitivity_tau_0_7,CWE-191,0.0,0.0,0.9995309052660091,0.9993068905837343,0.0004690947339910082,1.0,,,-0.0005698559564827354,0.998838445360656,0.49976545263300454,0.49976545263300454,0.000387892762593831,167
dst_yager_fire_specificity_silence_sensitivity_tau_0_7,CWE-20,0.040294002508422924,0.06904246013054302,0.9867477423863062,0.9924586046569374,0.013252257613693714,0.930957539869457,0.05086784270446051,0.060398781789364045,0.04273752591478301,0.9794155285387343,0.5278951012584246,0.5279061562128196,0.013896781318255827,1926
dst_yager_fire_specificity_silence_sensitivity_tau_0_7,CWE-269,0.0,0.0,0.9998256817059126,0.9995145517336519,0.0001743182940873977,1.0,,,-0.0002878536026776052,0.9993404023204819,0.4999128408529563,0.4999128408529563,0.0006284152079499211,117
dst_yager_fire_specificity_silence_sensitivity_tau_0_7,CWE-285,0.029770123555645,0.03176691729323308,0.9987706299062685,0.9988618955141554,0.001229370093731515,0.968233082706767,0.030720257855121207,0.031335618134470805,0.029561892453298134,0.9976354081320398,0.5152687735997508,0.5152757097214433,0.002816952024274159,283
dst_yager_fire_specificity_silence_sensitivity_tau_0_7,CWE-287,,0.0,1.0,0.998676655263292,0.0,1.0,,,,0.998676655263292,0.5,0.5,0.0014427608801302215,319
dst_yager_fire_specificity_silence_sensitivity_tau_0_7,CWE-369,0.05,0.0036363636363636364,0.9999418570146628,0.9988674137295162,5.814298533729466e-05,0.9963636363636363,0.03389830508474576,0.022321428571428575,0.013229129065175422,0.9988094073765543,0.5017891103255131,0.5017890725662961,0.0018764213229692434,274
dst_yager_fire_specificity_silence_sensitivity_tau_0_7,CWE-400,0.0,0.0,0.9998419830440062,0.9976018395186811,0.0001580169559939142,1.0,,,-0.000599755433092071,0.9974445785026311,0.4999209915220031,0.4999209915220031,0.002211459632643618,578
dst_yager_fire_specificity_silence_sensitivity_tau_0_7,CWE-404,0.0065608465608465606,0.0016260162601626018,0.9988033029125886,0.9949120931313752,0.001196697087411378,0.9983739837398374,0.00649789029535865,0.004780394350542753,0.0007956450049988429,0.9937275880819081,0.5002146595863757,0.5002139985191658,0.0032238456941390504,1227
dst_yager_fire_specificity_silence_sensitivity_tau_0_7,CWE-476,0.08434710036666793,0.026730959446092977,0.9979655373922164,0.9931898689600638,0.0020344626077836944,0.9732690405539071,0.04054448206971268,0.03094601105601851,0.04372131125372523,0.9911846387223383,0.5123482484191546,0.5123498648771022,0.017237243199056406,1683
dst_yager_fire_specificity_silence_sensitivity_tau_0_7,CWE-662,0.008274809623180043,0.02138364779874214,0.9914633934167055,0.9967446022170788,0.008536606583294424,0.9786163522012579,0.011926081350654406,0.016228724464930476,0.008027570263232068,0.9882640806161487,0.5064235206077239,0.5064326315687385,0.006637238085135963,795
dst_yager_fire_specificity_silence_sensitivity_tau_0_7,CWE-665,0.003896103896103896,0.020689655172413793,0.9968453613692647,0.9994257001652331,0.003154638630735348,0.9793103448275862,0.03278688524590164,0.05555555555555556,0.007632533438125666,0.9962747242455847,0.5087675082708392,0.508781533506245,0.002958873016226695,141
dst_yager_fire_specificity_silence_sensitivity_tau_0_7,CWE-668,0.06003810156128923,0.2324068088773971,0.9792942165100517,0.9955593631013431,0.02070578348994837,0.7675931911226029,0.09541831946822099,0.14761956953509256,0.10848436566421338,0.9750679957966006,0.6058505126937244,0.6058430600941549,0.014882758996036565,1364
dst_yager_fire_specificity_silence_sensitivity_tau_0_7,CWE-704,0.00909090909090909,0.0022727272727272726,0.9995303666295652,0.9981779840325649,0.00046963337043488384,0.9977272727272727,0.01818181818181818,0.013368983957219254,0.0036211497522520347,0.9977100696500303,0.5009015469511462,0.5009014761202526,0.0013926920261937187,440
dst_yager_fire_specificity_silence_sensitivity_tau_0_7,CWE-705,0.0,0.0,0.9999293992325464,0.9989047405684148,7.060076745358566e-05,1.0,,,-0.0002621818784862526,0.9988342947785703,0.4999646996162732,0.4999646996162732,0.0012450339937084332,264
dst_yager_fire_specificity_silence_sensitivity_tau_0_7,CWE-706,0.04,0.0012422360248447203,0.9998792899758305,0.9966559616423574,0.00012071002416954722,0.9987577639751553,0.012048192771084336,0.007704160246533127,0.006420562395554443,0.9965360720408072,0.5005607630003376,0.5005607630003376,0.002697805921578506,807
dst_yager_fire_specificity_silence_sensitivity_tau_0_7,CWE-74,0.32295670482512584,0.24840141085447714,0.997963496694663,0.9970665877337227,0.0020365033053369036,0.7515985891455228,0.28069939152950146,0.2603672117331447,0.28073053170429924,0.9950467935950474,0.6231824537745702,0.6232066427618027,0.061434965302163656,938
dst_yager_fire_specificity_silence_sensitivity_tau_0_7,CWE-754,0.014285714285714285,0.011764705882352941,0.9993897653628047,0.9993150880369457,0.0006102346371953639,0.9882352941176471,0.06451612903225808,0.06097560975609756,0.012320184501212913,0.9987056982376359,0.5055772356225787,0.5055784564330016,0.007380325864979363,167
dst_yager_fire_specificity_silence_sensitivity_tau_0_7,CWE-834,0.08214285714285714,0.008571428571428572,0.9998213618012375,0.9985560776082003,0.00017863819876252261,0.9914285714285714,0.03879453879453879,0.026102158343012005,0.02601711732067576,0.9983779758935883,0.5041963951863331,0.5041963951863331,0.0032026111065965833,351
dst_yager_fire_specificity_silence_sensitivity_tau_0_8,CWE-118,0.23655607746583868,0.38375059045819554,0.943125151984004,0.9708651072770497,0.056874848015995905,0.6162494095418044,0.2926675700255169,0.34125718364250396,0.2603774505906536,0.9185624568557879,0.6634378712210998,0.6634862368896108,0.13383173960494038,10585
dst_yager_fire_specificity_silence_sensitivity_tau_0_8,CWE-190,0.07018804152972885,0.06756265616718407,0.9947757090895042,0.9945308807698625,0.005224290910495763,0.932437343832816,0.06881645257390266,0.06805100607751913,0.06350195697471986,0.9893676089353856,0.5311691826283441,0.5311606734452148,0.01784212712957601,1406
dst_yager_fire_specificity_silence_sensitivity_tau_0_8,CWE-191,0.0,0.0,0.9995309052660091,0.9993068905837343,0.0004690947339910082,1.0,,,-0.0005698559564827354,0.998838445360656,0.49976545263300454,0.49976545263300454,0.000387892762593831,167
dst_yager_fire_specificity_silence_sensitivity_tau_0_8,CWE-20,0.040294002508422924,0.06904246013054302,0.9867477423863062,0.9924586046569374,0.013252257613693714,0.930957539869457,0.05086784270446051,0.060398781789364045,0.04273752591478301,0.9794155285387343,0.5278951012584246,0.5279061562128196,0.013896781318255827,1926
dst_yager_fire_specificity_silence_sensitivity_tau_0_8,CWE-269,0.0,0.0,0.9998256817059126,0.9995145517336519,0.0001743182940873977,1.0,,,-0.0002878536026776052,0.9993404023204819,0.4999128408529563,0.4999128408529563,0.0006284152079499211,117
dst_yager_fire_specificity_silence_sensitivity_tau_0_8,CWE-285,0.029770123555645,0.03176691729323308,0.9987706299062685,0.9988618955141554,0.001229370093731515,0.968233082706767,0.030720257855121207,0.031335618134470805,0.029561892453298134,0.9976354081320398,0.5152687735997508,0.5152757097214433,0.002816952024274159,283
dst_yager_fire_specificity_silence_sensitivity_tau_0_8,CWE-287,,0.0,1.0,0.998676655263292,0.0,1.0,,,,0.998676655263292,0.5,0.5,0.0014427608801302215,319
dst_yager_fire_specificity_silence_sensitivity_tau_0_8,CWE-369,0.05,0.0036363636363636364,0.9999418570146628,0.9988674137295162,5.814298533729466e-05,0.9963636363636363,0.03389830508474576,0.022321428571428575,0.013229129065175422,0.9988094073765543,0.5017891103255131,0.5017890725662961,0.0018764213229692434,274
dst_yager_fire_specificity_silence_sensitivity_tau_0_8,CWE-400,0.0,0.0,0.9998419830440062,0.9976018395186811,0.0001580169559939142,1.0,,,-0.000599755433092071,0.9974445785026311,0.4999209915220031,0.4999209915220031,0.002211459632643618,578
dst_yager_fire_specificity_silence_sensitivity_tau_0_8,CWE-404,0.0065608465608465606,0.0016260162601626018,0.9988033029125886,0.9949120931313752,0.001196697087411378,0.9983739837398374,0.00649789029535865,0.004780394350542753,0.0007956450049988429,0.9937275880819081,0.5002146595863757,0.5002139985191658,0.0032238456941390504,1227
dst_yager_fire_specificity_silence_sensitivity_tau_0_8,CWE-476,0.08434710036666793,0.026730959446092977,0.9979655373922164,0.9931898689600638,0.0020344626077836944,0.9732690405539071,0.04054448206971268,0.03094601105601851,0.04372131125372523,0.9911846387223383,0.5123482484191546,0.5123498648771022,0.017237243199056406,1683
dst_yager_fire_specificity_silence_sensitivity_tau_0_8,CWE-662,0.008274809623180043,0.02138364779874214,0.9914633934167055,0.9967446022170788,0.008536606583294424,0.9786163522012579,0.011926081350654406,0.016228724464930476,0.008027570263232068,0.9882640806161487,0.5064235206077239,0.5064326315687385,0.006637238085135963,795
dst_yager_fire_specificity_silence_sensitivity_tau_0_8,CWE-665,0.003896103896103896,0.020689655172413793,0.9968453613692647,0.9994257001652331,0.003154638630735348,0.9793103448275862,0.03278688524590164,0.05555555555555556,0.007632533438125666,0.9962747242455847,0.5087675082708392,0.508781533506245,0.002958873016226695,141
dst_yager_fire_specificity_silence_sensitivity_tau_0_8,CWE-668,0.06003810156128923,0.2324068088773971,0.9792942165100517,0.9955593631013431,0.02070578348994837,0.7675931911226029,0.09541831946822099,0.14761956953509256,0.10848436566421338,0.9750679957966006,0.6058505126937244,0.6058430600941549,0.014882758996036565,1364
dst_yager_fire_specificity_silence_sensitivity_tau_0_8,CWE-704,0.00909090909090909,0.0022727272727272726,0.9995303666295652,0.9981779840325649,0.00046963337043488384,0.9977272727272727,0.01818181818181818,0.013368983957219254,0.0036211497522520347,0.9977100696500303,0.5009015469511462,0.5009014761202526,0.0013926920261937187,440
dst_yager_fire_specificity_silence_sensitivity_tau_0_8,CWE-705,0.0,0.0,0.9999293992325464,0.9989047405684148,7.060076745358566e-05,1.0,,,-0.0002621818784862526,0.9988342947785703,0.4999646996162732,0.4999646996162732,0.0012450339937084332,264
dst_yager_fire_specificity_silence_sensitivity_tau_0_8,CWE-706,0.04,0.0012422360248447203,0.9998792899758305,0.9966559616423574,0.00012071002416954722,0.9987577639751553,0.012048192771084336,0.007704160246533127,0.006420562395554443,0.9965360720408072,0.5005607630003376,0.5005607630003376,0.002697805921578506,807
dst_yager_fire_specificity_silence_sensitivity_tau_0_8,CWE-74,0.32295670482512584,0.24840141085447714,0.997963496694663,0.9970665877337227,0.0020365033053369036,0.7515985891455228,0.28069939152950146,0.2603672117331447,0.28073053170429924,0.9950467935950474,0.6231824537745702,0.6232066427618027,0.061434965302163656,938
dst_yager_fire_specificity_silence_sensitivity_tau_0_8,CWE-754,0.014285714285714285,0.011764705882352941,0.9993897653628047,0.9993150880369457,0.0006102346371953639,0.9882352941176471,0.06451612903225808,0.06097560975609756,0.012320184501212913,0.9987056982376359,0.5055772356225787,0.5055784564330016,0.007380325864979363,167
dst_yager_fire_specificity_silence_sensitivity_tau_0_8,CWE-834,0.08214285714285714,0.008571428571428572,0.9998213618012375,0.9985560776082003,0.00017863819876252261,0.9914285714285714,0.03879453879453879,0.026102158343012005,0.02601711732067576,0.9983779758935883,0.5041963951863331,0.5041963951863331,0.0032026111065965833,351
dst_yager_fire_specificity_silence_sensitivity_tau_0_9,CWE-118,0.23310103351993194,0.37316957959376473,0.9436241196321594,0.9703949219421858,0.05637588036784054,0.6268304204062353,0.28693425412994983,0.33311324106192325,0.2538936941440618,0.9185748930286671,0.6583968496129622,0.6634862368896108,0.13383173960494038,10585
dst_yager_fire_specificity_silence_sensitivity_tau_0_9,CWE-190,0.07018804152972885,0.06756265616718407,0.9947757090895042,0.9945308807698625,0.005224290910495763,0.932437343832816,0.06881645257390266,0.06805100607751913,0.06350195697471986,0.9893676089353856,0.5311691826283441,0.5311606734452148,0.01784212712957601,1406
dst_yager_fire_specificity_silence_sensitivity_tau_0_9,CWE-191,0.0,0.0,0.9995309052660091,0.9993068905837343,0.0004690947339910082,1.0,,,-0.0005698559564827354,0.998838445360656,0.49976545263300454,0.49976545263300454,0.000387892762593831,167
dst_yager_fire_specificity_silence_sensitivity_tau_0_9,CWE-20,0.040294002508422924,0.06904246013054302,0.9867477423863062,0.9924586046569374,0.013252257613693714,0.930957539869457,0.05086784270446051,0.060398781789364045,0.04273752591478301,0.9794155285387343,0.5278951012584246,0.5279061562128196,0.013896781318255827,1926
dst_yager_fire_specificity_silence_sensitivity_tau_0_9,CWE-269,0.0,0.0,0.9998256817059126,0.9995145517336519,0.0001743182940873977,1.0,,,-0.0002878536026776052,0.9993404023204819,0.4999128408529563,0.4999128408529563,0.0006284152079499211,117
dst_yager_fire_specificity_silence_sensitivity_tau_0_9,CWE-285,0.029770123555645,0.03176691729323308,0.9987706299062685,0.9988618955141554,0.001229370093731515,0.968233082706767,0.030720257855121207,0.031335618134470805,0.029561892453298134,0.9976354081320398,0.5152687735997508,0.5152757097214433,0.002816952024274159,283
dst_yager_fire_specificity_silence_sensitivity_tau_0_9,CWE-287,,0.0,1.0,0.998676655263292,0.0,1.0,,,,0.998676655263292,0.5,0.5,0.0014427608801302215,319
dst_yager_fire_specificity_silence_sensitivity_tau_0_9,CWE-369,0.05,0.0036363636363636364,0.9999418570146628,0.9988674137295162,5.814298533729466e-05,0.9963636363636363,0.03389830508474576,0.022321428571428575,0.013229129065175422,0.9988094073765543,0.5017891103255131,0.5017890725662961,0.0018764213229692434,274
dst_yager_fire_specificity_silence_sensitivity_tau_0_9,CWE-400,0.0,0.0,0.9998419830440062,0.9976018395186811,0.0001580169559939142,1.0,,,-0.000599755433092071,0.9974445785026311,0.4999209915220031,0.4999209915220031,0.002211459632643618,578
dst_yager_fire_specificity_silence_sensitivity_tau_0_9,CWE-404,0.0065608465608465606,0.0016260162601626018,0.9988033029125886,0.9949120931313752,0.001196697087411378,0.9983739837398374,0.00649789029535865,0.004780394350542753,0.0007956450049988429,0.9937275880819081,0.5002146595863757,0.5002139985191658,0.0032238456941390504,1227
dst_yager_fire_specificity_silence_sensitivity_tau_0_9,CWE-476,0.08434710036666793,0.026730959446092977,0.9979655373922164,0.9931898689600638,0.0020344626077836944,0.9732690405539071,0.04054448206971268,0.03094601105601851,0.04372131125372523,0.9911846387223383,0.5123482484191546,0.5123498648771022,0.017237243199056406,1683
dst_yager_fire_specificity_silence_sensitivity_tau_0_9,CWE-662,0.008274809623180043,0.02138364779874214,0.9914633934167055,0.9967446022170788,0.008536606583294424,0.9786163522012579,0.011926081350654406,0.016228724464930476,0.008027570263232068,0.9882640806161487,0.5064235206077239,0.5064326315687385,0.006637238085135963,795
dst_yager_fire_specificity_silence_sensitivity_tau_0_9,CWE-665,0.003896103896103896,0.020689655172413793,0.9968453613692647,0.9994257001652331,0.003154638630735348,0.9793103448275862,0.03278688524590164,0.05555555555555556,0.007632533438125666,0.9962747242455847,0.5087675082708392,0.508781533506245,0.002958873016226695,141
dst_yager_fire_specificity_silence_sensitivity_tau_0_9,CWE-668,0.060049334006206365,0.2324068088773971,0.9792983888267305,0.9955593818220994,0.020701611173269532,0.7675931911226029,0.09543258718861826,0.14763334429198963,0.10849647936152285,0.9750721445716748,0.6058525988520638,0.6058430600941549,0.014882758996036565,1364
dst_yager_fire_specificity_silence_sensitivity_tau_0_9,CWE-704,0.00909090909090909,0.0022727272727272726,0.9995303666295652,0.9981779840325649,0.00046963337043488384,0.9977272727272727,0.01818181818181818,0.013368983957219254,0.0036211497522520347,0.9977100696500303,0.5009015469511462,0.5009014761202526,0.0013926920261937187,440
dst_yager_fire_specificity_silence_sensitivity_tau_0_9,CWE-705,0.0,0.0,0.9999293992325464,0.9989047405684148,7.060076745358566e-05,1.0,,,-0.0002621818784862526,0.9988342947785703,0.4999646996162732,0.4999646996162732,0.0012450339937084332,264
dst_yager_fire_specificity_silence_sensitivity_tau_0_9,CWE-706,0.04,0.0012422360248447203,0.9998792899758305,0.9966559616423574,0.00012071002416954722,0.9987577639751553,0.012048192771084336,0.007704160246533127,0.006420562395554443,0.9965360720408072,0.5005607630003376,0.5005607630003376,0.002697805921578506,807
dst_yager_fire_specificity_silence_sensitivity_tau_0_9,CWE-74,0.35125891145970606,0.24840141085447714,0.9982050401648426,0.9970672964890754,0.0017949598351574773,0.7515985891455228,0.29084236748847314,0.2637755196074348,0.2929999040688097,0.9952873969102273,0.6233032255096599,0.6232066427618027,0.061434965302163656,938
dst_yager_fire_specificity_silence_sensitivity_tau_0_9,CWE-754,0.014285714285714285,0.011764705882352941,0.9993897653628047,0.9993150880369457,0.0006102346371953639,0.9882352941176471,0.06451612903225808,0.06097560975609756,0.012320184501212913,0.9987056982376359,0.5055772356225787,0.5055784564330016,0.007380325864979363,167
dst_yager_fire_specificity_silence_sensitivity_tau_0_9,CWE-834,0.08214285714285714,0.008571428571428572,0.9998213618012375,0.9985560776082003,0.00017863819876252261,0.9914285714285714,0.03879453879453879,0.026102158343012005,0.02601711732067576,0.9983779758935883,0.5041963951863331,0.5041963951863331,0.0032026111065965833,351
naive_bayes_tau_0_1,CWE-118,0.236576542496218,0.38393953708077466,0.943103460480566,0.9708731014860985,0.056896539519434006,0.6160604629192253,0.29273961192547143,0.3413866757545912,0.26046249983608727,0.9185500133699527,0.6635214987806703,0.6638670546520126,0.13872241269459168,10585
naive_bayes_tau_0_1,CWE-190,0.2107767963031121,0.01778602256379193,0.9996119330180593,0.9942682411900592,0.0003880669819407142,0.982213977436208,0.032776289185593346,0.02176803555633868,0.0596392370233393,0.9938852429122379,0.5086989777909257,0.531215231180106,0.021533267219157853,1406
naive_bayes_tau_0_1,CWE-191,,0.0,1.0,0.9993072153030658,0.0,1.0,,,,0.9993072153030658,0.5,0.5,0.0003880536565441689,167
naive_bayes_tau_0_1,CWE-20,0.05281210666084616,0.0072673440549088225,0.9989712697848269,0.9920596680335789,0.001028730215173111,0.9927326559450911,0.012773402084067641,0.008781410103926413,0.016726605701872038,0.9910477206259115,0.5031193069198678,0.5279088754406175,0.013903475755916305,1926
naive_bayes_tau_0_1,CWE-269,,0.0,1.0,0.9995146361616323,0.0,1.0,,,,0.9995146361616323,0.5,0.5,0.0006285395547129194,117
naive_bayes_tau_0_1,CWE-285,,0.0,1.0,0.9988259989492343,0.0,1.0,,,,0.9988259989492343,0.5,0.5155221271694744,0.002817442365319934,283
naive_bayes_tau_0_1,CWE-287,,0.0,1.0,0.998676655263292,0.0,1.0,,,,0.998676655263292,0.5,0.5,0.0014427608801302215,319
naive_bayes_tau_0_1,CWE-369,,0.0,1.0,0.9988633354299505,0.0,1.0,,,,0.9988633354299505,0.5,0.499979235060764,0.0009606790216006237,274
naive_bayes_tau_0_1,CWE-400,,0.0,1.0,0.9976022170712152,0.0,1.0,,,,0.9976022170712152,0.5,0.5,0.0022117584559739507,578
naive_bayes_tau_0_1,CWE-404,,0.0,1.0,0.9949098967503192,0.0,1.0,,,,0.9949098967503192,0.5,0.4995350694376617,0.003182954893782478,1227
naive_bayes_tau_0_1,CWE-476,,0.0,1.0,0.9930182208471259,0.0,1.0,,,,0.9930182208471259,0.5,0.5123565198692533,0.018451171908041925,1683
naive_bayes_tau_0_1,CWE-662,,0.0,1.0,0.9967020110854399,0.0,1.0,,,,0.9967020110854399,0.5,0.5064322651112312,0.00662086415527541,795
naive_bayes_tau_0_1,CWE-665,0.0,0.0,0.9999916967658903,0.9994150694286738,8.303234109685722e-06,1.0,,,-0.0001552973840636489,0.999406775838473,0.49999584838294514,0.4893639137427468,0.0005654926644294188,141
naive_bayes_tau_0_1,CWE-668,,0.0,1.0,0.9943415640349805,0.0,1.0,,,,0.9943415640349805,0.5,0.6058525988520638,0.01477684897341631,1364
naive_bayes_tau_0_1,CWE-704,,0.0,1.0,0.9981746979592373,0.0,1.0,,,,0.9981746979592373,0.5,0.49983583270994014,0.0011395840194468325,440
naive_bayes_tau_0_1,CWE-705,,0.0,1.0,0.9989048180183874,0.0,1.0,,,,0.9989048180183874,0.5,0.5,0.0012451628588217342,264
naive_bayes_tau_0_1,CWE-706,,0.0,1.0,0.9966522300861488,0.0,1.0,,,,0.9966522300861488,0.5,0.4999542128865694,0.0022832557286099186,807
naive_bayes_tau_0_1,CWE-74,0.35125891145970606,0.24840141085447714,0.9982050401648426,0.9970672964890754,0.0017949598351574773,0.7515985891455228,0.29084236748847314,0.2637755196074348,0.2929999040688097,0.9952873969102273,0.6233032255096599,0.6233032255096599,0.06224323558079888,938
naive_bayes_tau_0_1,CWE-754,,0.0,1.0,0.9993072153031444,0.0,1.0,,,,0.9993072153031444,0.5,0.4998941406998899,0.0005161628740398638,167
naive_bayes_tau_0_1,CWE-834,,0.0,1.0,0.9985439073662361,0.0,1.0,,,,0.9985439073662361,0.5,0.5041963951863331,0.0032026111065965833,351
naive_bayes_tau_0_2,CWE-118,0.23656122824946663,0.3814832309872461,0.9434635874455515,0.9707711868375715,0.05653641255444861,0.6185167690127539,0.29201226840334327,0.3398250853865835,0.2595535608182492,0.9187864684274494,0.6624734092163987,0.6638670546520126,0.13872241269459168,10585
naive_bayes_tau_0_2,CWE-190,0.47714285714285715,0.007826657580575958,0.9999457514377788,0.9942123888082403,5.4248562221288635e-05,0.992173342419424,0.015375039670814319,0.00973921908862349,0.0595540405949478,0.9941590322988463,0.5038862045091774,0.531215231180106,0.021533267219157853,1406
naive_bayes_tau_0_2,CWE-191,,0.0,1.0,0.9993072153030658,0.0,1.0,,,,0.9993072153030658,0.5,0.5,0.0003880536565441689,167
naive_bayes_tau_0_2,CWE-20,0.05281210666084616,0.0072673440549088225,0.9989712697848269,0.9920596680335789,0.001028730215173111,0.9927326559450911,0.012773402084067641,0.008781410103926413,0.016726605701872038,0.9910477206259115,0.5031193069198678,0.5279088754406175,0.013903475755916305,1926
naive_bayes_tau_0_2,CWE-269,,0.0,1.0,0.9995146361616323,0.0,1.0,,,,0.9995146361616323,0.5,0.5,0.0006285395547129194,117
naive_bayes_tau_0_2,CWE-285,,0.0,1.0,0.9988259989492343,0.0,1.0,,,,0.9988259989492343,0.5,0.5155221271694744,0.002817442365319934,283
naive_bayes_tau_0_2,CWE-287,,0.0,1.0,0.998676655263292,0.0,1.0,,,,0.998676655263292,0.5,0.5,0.0014427608801302215,319
naive_bayes_tau_0_2,CWE-369,,0.0,1.0,0.9988633354299505,0.0,1.0,,,,0.9988633354299505,0.5,0.499979235060764,0.0009606790216006237,274
naive_bayes_tau_0_2,CWE-400,,0.0,1.0,0.9976022170712152,0.0,1.0,,,,0.9976022170712152,0.5,0.5,0.0022117584559739507,578
naive_bayes_tau_0_2,CWE-404,,0.0,1.0,0.9949098967503192,0.0,1.0,,,,0.9949098967503192,0.5,0.4995350694376617,0.003182954893782478,1227
naive_bayes_tau_0_2,CWE-476,,0.0,1.0,0.9930182208471259,0.0,1.0,,,,0.9930182208471259,0.5,0.5123565198692533,0.018451171908041925,1683
naive_bayes_tau_0_2,CWE-662,,0.0,1.0,0.9967020110854399,0.0,1.0,,,,0.9967020110854399,0.5,0.5064322651112312,0.00662086415527541,795
naive_bayes_tau_0_2,CWE-665,0.0,0.0,0.9999916967658903,0.9994150694286738,8.303234109685722e-06,1.0,,,-0.0001552973840636489,0.999406775838473,0.49999584838294514,0.4893639137427468,0.0005654926644294188,141
naive_bayes_tau_0_2,CWE-668,,0.0,1.0,0.9943415640349805,0.0,1.0,,,,0.9943415640349805,0.5,0.6058525988520638,0.01477684897341631,1364
naive_bayes_tau_0_2,CWE-704,,0.0,1.0,0.9981746979592373,0.0,1.0,,,,0.9981746979592373,0.5,0.49983583270994014,0.0011395840194468325,440
naive_bayes_tau_0_2,CWE-705,,0.0,1.0,0.9989048180183874,0.0,1.0,,,,0.9989048180183874,0.5,0.5,0.0012451628588217342,264
naive_bayes_tau_0_2,CWE-706,,0.0,1.0,0.9966522300861488,0.0,1.0,,,,0.9966522300861488,0.5,0.4999542128865694,0.0022832557286099186,807
naive_bayes_tau_0_2,CWE-74,0.35125891145970606,0.24840141085447714,0.9982050401648426,0.9970672964890754,0.0017949598351574773,0.7515985891455228,0.29084236748847314,0.2637755196074348,0.2929999040688097,0.9952873969102273,0.6233032255096599,0.6233032255096599,0.06224323558079888,938
naive_bayes_tau_0_2,CWE-754,,0.0,1.0,0.9993072153031444,0.0,1.0,,,,0.9993072153031444,0.5,0.4998941406998899,0.0005161628740398638,167
naive_bayes_tau_0_2,CWE-834,,0.0,1.0,0.9985439073662361,0.0,1.0,,,,0.9985439073662361,0.5,0.5041963951863331,0.0032026111065965833,351
naive_bayes_tau_0_3,CWE-118,0.29144781540576326,0.02720831365139348,0.9969497361471458,0.9571074499262648,0.0030502638528542786,0.9727916863486066,0.04976484952524833,0.03323369514273404,0.07747556207100441,0.9543674681665852,0.5120790248992696,0.6638670546520126,0.13872241269459168,10585
naive_bayes_tau_0_3,CWE-190,0.9333333333333332,0.0071149138083339645,0.9999958264643893,0.9942085522852879,4.173535610692599e-06,0.9928850861916662,0.014089658897994429,0.008871549599144771,0.07808547600077212,0.9942046667603026,0.5035553701363616,0.531215231180106,0.021533267219157853,1406
naive_bayes_tau_0_3,CWE-191,,0.0,1.0,0.9993072153030658,0.0,1.0,,,,0.9993072153030658,0.5,0.5,0.0003880536565441689,167
naive_bayes_tau_0_3,CWE-20,,0.0,1.0,0.9920101543662359,0.0,1.0,,,,0.9920101543662359,0.5,0.5279088754406175,0.013903475755916305,1926
naive_bayes_tau_0_3,CWE-269,,0.0,1.0,0.9995146361616323,0.0,1.0,,,,0.9995146361616323,0.5,0.5,0.0006285395547129194,117
naive_bayes_tau_0_3,CWE-285,,0.0,1.0,0.9988259989492343,0.0,1.0,,,,0.9988259989492343,0.5,0.5155221271694744,0.002817442365319934,283
naive_bayes_tau_0_3,CWE-287,,0.0,1.0,0.998676655263292,0.0,1.0,,,,0.998676655263292,0.5,0.5,0.0014427608801302215,319
naive_bayes_tau_0_3,CWE-369,,0.0,1.0,0.9988633354299505,0.0,1.0,,,,0.9988633354299505,0.5,0.499979235060764,0.0009606790216006237,274
naive_bayes_tau_0_3,CWE-400,,0.0,1.0,0.9976022170712152,0.0,1.0,,,,0.9976022170712152,0.5,0.5,0.0022117584559739507,578
naive_bayes_tau_0_3,CWE-404,,0.0,1.0,0.9949098967503192,0.0,1.0,,,,0.9949098967503192,0.5,0.4995350694376617,0.003182954893782478,1227
naive_bayes_tau_0_3,CWE-476,,0.0,1.0,0.9930182208471259,0.0,1.0,,,,0.9930182208471259,0.5,0.5123565198692533,0.018451171908041925,1683
naive_bayes_tau_0_3,CWE-662,,0.0,1.0,0.9967020110854399,0.0,1.0,,,,0.9967020110854399,0.5,0.5064322651112312,0.00662086415527541,795
naive_bayes_tau_0_3,CWE-665,,0.0,1.0,0.9994150742493273,0.0,1.0,,,,0.9994150742493273,0.5,0.4893639137427468,0.0005654926644294188,141
naive_bayes_tau_0_3,CWE-668,,0.0,1.0,0.9943415640349805,0.0,1.0,,,,0.9943415640349805,0.5,0.6058525988520638,0.01477684897341631,1364
naive_bayes_tau_0_3,CWE-704,,0.0,1.0,0.9981746979592373,0.0,1.0,,,,0.9981746979592373,0.5,0.49983583270994014,0.0011395840194468325,440
naive_bayes_tau_0_3,CWE-705,,0.0,1.0,0.9989048180183874,0.0,1.0,,,,0.9989048180183874,0.5,0.5,0.0012451628588217342,264
naive_bayes_tau_0_3,CWE-706,,0.0,1.0,0.9966522300861488,0.0,1.0,,,,0.9966522300861488,0.5,0.4999542128865694,0.0022832557286099186,807
naive_bayes_tau_0_3,CWE-74,0.35125891145970606,0.24840141085447714,0.9982050401648426,0.9970672964890754,0.0017949598351574773,0.7515985891455228,0.29084236748847314,0.2637755196074348,0.2929999040688097,0.9952873969102273,0.6233032255096599,0.6233032255096599,0.06224323558079888,938
naive_bayes_tau_0_3,CWE-754,,0.0,1.0,0.9993072153031444,0.0,1.0,,,,0.9993072153031444,0.5,0.4998941406998899,0.0005161628740398638,167
naive_bayes_tau_0_3,CWE-834,,0.0,1.0,0.9985439073662361,0.0,1.0,,,,0.9985439073662361,0.5,0.5041963951863331,0.0032026111065965833,351
naive_bayes_tau_0_4,CWE-118,0.29144781540576326,0.02720831365139348,0.9969497361471458,0.9571074499262648,0.0030502638528542786,0.9727916863486066,0.04976484952524833,0.03323369514273404,0.07747556207100441,0.9543674681665852,0.5120790248992696,0.6638670546520126,0.13872241269459168,10585
naive_bayes_tau_0_4,CWE-190,0.9333333333333332,0.0071149138083339645,0.9999958264643893,0.9942085522852879,4.173535610692599e-06,0.9928850861916662,0.014089658897994429,0.008871549599144771,0.07808547600077212,0.9942046667603026,0.5035553701363616,0.531215231180106,0.021533267219157853,1406
naive_bayes_tau_0_4,CWE-191,,0.0,1.0,0.9993072153030658,0.0,1.0,,,,0.9993072153030658,0.5,0.5,0.0003880536565441689,167
naive_bayes_tau_0_4,CWE-20,,0.0,1.0,0.9920101543662359,0.0,1.0,,,,0.9920101543662359,0.5,0.5279088754406175,0.013903475755916305,1926
naive_bayes_tau_0_4,CWE-269,,0.0,1.0,0.9995146361616323,0.0,1.0,,,,0.9995146361616323,0.5,0.5,0.0006285395547129194,117
naive_bayes_tau_0_4,CWE-285,,0.0,1.0,0.9988259989492343,0.0,1.0,,,,0.9988259989492343,0.5,0.5155221271694744,0.002817442365319934,283
naive_bayes_tau_0_4,CWE-287,,0.0,1.0,0.998676655263292,0.0,1.0,,,,0.998676655263292,0.5,0.5,0.0014427608801302215,319
naive_bayes_tau_0_4,CWE-369,,0.0,1.0,0.9988633354299505,0.0,1.0,,,,0.9988633354299505,0.5,0.499979235060764,0.0009606790216006237,274
naive_bayes_tau_0_4,CWE-400,,0.0,1.0,0.9976022170712152,0.0,1.0,,,,0.9976022170712152,0.5,0.5,0.0022117584559739507,578
naive_bayes_tau_0_4,CWE-404,,0.0,1.0,0.9949098967503192,0.0,1.0,,,,0.9949098967503192,0.5,0.4995350694376617,0.003182954893782478,1227
naive_bayes_tau_0_4,CWE-476,,0.0,1.0,0.9930182208471259,0.0,1.0,,,,0.9930182208471259,0.5,0.5123565198692533,0.018451171908041925,1683
naive_bayes_tau_0_4,CWE-662,,0.0,1.0,0.9967020110854399,0.0,1.0,,,,0.9967020110854399,0.5,0.5064322651112312,0.00662086415527541,795
naive_bayes_tau_0_4,CWE-665,,0.0,1.0,0.9994150742493273,0.0,1.0,,,,0.9994150742493273,0.5,0.4893639137427468,0.0005654926644294188,141
naive_bayes_tau_0_4,CWE-668,,0.0,1.0,0.9943415640349805,0.0,1.0,,,,0.9943415640349805,0.5,0.6058525988520638,0.01477684897341631,1364
naive_bayes_tau_0_4,CWE-704,,0.0,1.0,0.9981746979592373,0.0,1.0,,,,0.9981746979592373,0.5,0.49983583270994014,0.0011395840194468325,440
naive_bayes_tau_0_4,CWE-705,,0.0,1.0,0.9989048180183874,0.0,1.0,,,,0.9989048180183874,0.5,0.5,0.0012451628588217342,264
naive_bayes_tau_0_4,CWE-706,,0.0,1.0,0.9966522300861488,0.0,1.0,,,,0.9966522300861488,0.5,0.4999542128865694,0.0022832557286099186,807
naive_bayes_tau_0_4,CWE-74,,0.0,1.0,0.996108788128773,0.0,1.0,,,,0.996108788128773,0.5,0.6233032255096599,0.06224323558079888,938
naive_bayes_tau_0_4,CWE-754,,0.0,1.0,0.9993072153031444,0.0,1.0,,,,0.9993072153031444,0.5,0.4998941406998899,0.0005161628740398638,167
naive_bayes_tau_0_4,CWE-834,,0.0,1.0,0.9985439073662361,0.0,1.0,,,,0.9985439073662361,0.5,0.5041963951863331,0.0032026111065965833,351
naive_bayes_tau_0_5,CWE-118,0.29144781540576326,0.02720831365139348,0.9969497361471458,0.9571074499262648,0.0030502638528542786,0.9727916863486066,0.04976484952524833,0.03323369514273404,0.07747556207100441,0.9543674681665852,0.5120790248992696,0.6638670546520126,0.13872241269459168,10585
naive_bayes_tau_0_5,CWE-190,0.9333333333333332,0.0071149138083339645,0.9999958264643893,0.9942085522852879,4.173535610692599e-06,0.9928850861916662,0.014089658897994429,0.008871549599144771,0.07808547600077212,0.9942046667603026,0.5035553701363616,0.531215231180106,0.021533267219157853,1406
naive_bayes_tau_0_5,CWE-191,,0.0,1.0,0.9993072153030658,0.0,1.0,,,,0.9993072153030658,0.5,0.5,0.0003880536565441689,167
naive_bayes_tau_0_5,CWE-20,,0.0,1.0,0.9920101543662359,0.0,1.0,,,,0.9920101543662359,0.5,0.5279088754406175,0.013903475755916305,1926
naive_bayes_tau_0_5,CWE-269,,0.0,1.0,0.9995146361616323,0.0,1.0,,,,0.9995146361616323,0.5,0.5,0.0006285395547129194,117
naive_bayes_tau_0_5,CWE-285,,0.0,1.0,0.9988259989492343,0.0,1.0,,,,0.9988259989492343,0.5,0.5155221271694744,0.002817442365319934,283
naive_bayes_tau_0_5,CWE-287,,0.0,1.0,0.998676655263292,0.0,1.0,,,,0.998676655263292,0.5,0.5,0.0014427608801302215,319
naive_bayes_tau_0_5,CWE-369,,0.0,1.0,0.9988633354299505,0.0,1.0,,,,0.9988633354299505,0.5,0.499979235060764,0.0009606790216006237,274
naive_bayes_tau_0_5,CWE-400,,0.0,1.0,0.9976022170712152,0.0,1.0,,,,0.9976022170712152,0.5,0.5,0.0022117584559739507,578
naive_bayes_tau_0_5,CWE-404,,0.0,1.0,0.9949098967503192,0.0,1.0,,,,0.9949098967503192,0.5,0.4995350694376617,0.003182954893782478,1227
naive_bayes_tau_0_5,CWE-476,,0.0,1.0,0.9930182208471259,0.0,1.0,,,,0.9930182208471259,0.5,0.5123565198692533,0.018451171908041925,1683
naive_bayes_tau_0_5,CWE-662,,0.0,1.0,0.9967020110854399,0.0,1.0,,,,0.9967020110854399,0.5,0.5064322651112312,0.00662086415527541,795
naive_bayes_tau_0_5,CWE-665,,0.0,1.0,0.9994150742493273,0.0,1.0,,,,0.9994150742493273,0.5,0.4893639137427468,0.0005654926644294188,141
naive_bayes_tau_0_5,CWE-668,,0.0,1.0,0.9943415640349805,0.0,1.0,,,,0.9943415640349805,0.5,0.6058525988520638,0.01477684897341631,1364
naive_bayes_tau_0_5,CWE-704,,0.0,1.0,0.9981746979592373,0.0,1.0,,,,0.9981746979592373,0.5,0.49983583270994014,0.0011395840194468325,440
naive_bayes_tau_0_5,CWE-705,,0.0,1.0,0.9989048180183874,0.0,1.0,,,,0.9989048180183874,0.5,0.5,0.0012451628588217342,264
naive_bayes_tau_0_5,CWE-706,,0.0,1.0,0.9966522300861488,0.0,1.0,,,,0.9966522300861488,0.5,0.4999542128865694,0.0022832557286099186,807
naive_bayes_tau_0_5,CWE-74,,0.0,1.0,0.996108788128773,0.0,1.0,,,,0.996108788128773,0.5,0.6233032255096599,0.06224323558079888,938
naive_bayes_tau_0_5,CWE-754,,0.0,1.0,0.9993072153031444,0.0,1.0,,,,0.9993072153031444,0.5,0.4998941406998899,0.0005161628740398638,167
naive_bayes_tau_0_5,CWE-834,,0.0,1.0,0.9985439073662361,0.0,1.0,,,,0.9985439073662361,0.5,0.5041963951863331,0.0032026111065965833,351
naive_bayes_tau_0_6,CWE-118,0.29134382998306496,0.027113840340103924,0.996958415290106,0.9571038195877243,0.0030415847098941053,0.9728861596598961,0.049605481792642646,0.033120697687113974,0.0773217104698492,0.9543716173720123,0.512036127815105,0.6638670546520126,0.13872241269459168,10585
naive_bayes_tau_0_6,CWE-190,1.0,0.0007117437722419928,1.0,0.9941714557314778,0.0,0.9992882562277581,0.007092198581560283,0.0044444444444444444,0.05948149610318986,0.9941714798292463,0.5003558718861211,0.531215231180106,0.021533267219157853,1406
naive_bayes_tau_0_6,CWE-191,,0.0,1.0,0.9993072153030658,0.0,1.0,,,,0.9993072153030658,0.5,0.5,0.0003880536565441689,167
naive_bayes_tau_0_6,CWE-20,,0.0,1.0,0.9920101543662359,0.0,1.0,,,,0.9920101543662359,0.5,0.5279088754406175,0.013903475755916305,1926
naive_bayes_tau_0_6,CWE-269,,0.0,1.0,0.9995146361616323,0.0,1.0,,,,0.9995146361616323,0.5,0.5,0.0006285395547129194,117
naive_bayes_tau_0_6,CWE-285,,0.0,1.0,0.9988259989492343,0.0,1.0,,,,0.9988259989492343,0.5,0.5155221271694744,0.002817442365319934,283
naive_bayes_tau_0_6,CWE-287,,0.0,1.0,0.998676655263292,0.0,1.0,,,,0.998676655263292,0.5,0.5,0.0014427608801302215,319
naive_bayes_tau_0_6,CWE-369,,0.0,1.0,0.9988633354299505,0.0,1.0,,,,0.9988633354299505,0.5,0.499979235060764,0.0009606790216006237,274
naive_bayes_tau_0_6,CWE-400,,0.0,1.0,0.9976022170712152,0.0,1.0,,,,0.9976022170712152,0.5,0.5,0.0022117584559739507,578
naive_bayes_tau_0_6,CWE-404,,0.0,1.0,0.9949098967503192,0.0,1.0,,,,0.9949098967503192,0.5,0.4995350694376617,0.003182954893782478,1227
naive_bayes_tau_0_6,CWE-476,,0.0,1.0,0.9930182208471259,0.0,1.0,,,,0.9930182208471259,0.5,0.5123565198692533,0.018451171908041925,1683
naive_bayes_tau_0_6,CWE-662,,0.0,1.0,0.9967020110854399,0.0,1.0,,,,0.9967020110854399,0.5,0.5064322651112312,0.00662086415527541,795
naive_bayes_tau_0_6,CWE-665,,0.0,1.0,0.9994150742493273,0.0,1.0,,,,0.9994150742493273,0.5,0.4893639137427468,0.0005654926644294188,141
naive_bayes_tau_0_6,CWE-668,,0.0,1.0,0.9943415640349805,0.0,1.0,,,,0.9943415640349805,0.5,0.6058525988520638,0.01477684897341631,1364
naive_bayes_tau_0_6,CWE-704,,0.0,1.0,0.9981746979592373,0.0,1.0,,,,0.9981746979592373,0.5,0.49983583270994014,0.0011395840194468325,440
naive_bayes_tau_0_6,CWE-705,,0.0,1.0,0.9989048180183874,0.0,1.0,,,,0.9989048180183874,0.5,0.5,0.0012451628588217342,264
naive_bayes_tau_0_6,CWE-706,,0.0,1.0,0.9966522300861488,0.0,1.0,,,,0.9966522300861488,0.5,0.4999542128865694,0.0022832557286099186,807
naive_bayes_tau_0_6,CWE-74,,0.0,1.0,0.996108788128773,0.0,1.0,,,,0.996108788128773,0.5,0.6233032255096599,0.06224323558079888,938
naive_bayes_tau_0_6,CWE-754,,0.0,1.0,0.9993072153031444,0.0,1.0,,,,0.9993072153031444,0.5,0.4998941406998899,0.0005161628740398638,167
naive_bayes_tau_0_6,CWE-834,,0.0,1.0,0.9985439073662361,0.0,1.0,,,,0.9985439073662361,0.5,0.5041963951863331,0.0032026111065965833,351
naive_bayes_tau_0_7,CWE-118,0.34491032780240244,0.013037316957959377,0.9988545283104058,0.956589127211066,0.0011454716895942852,0.9869626830420406,0.025123484259764906,0.016143842163909763,0.05986569215305961,0.9555663512857064,0.5059459226341826,0.6638670546520126,0.13872241269459168,10585
naive_bayes_tau_0_7,CWE-190,,0.0,1.0,0.9941673310541722,0.0,1.0,,,,0.9941673310541722,0.5,0.531215231180106,0.021533267219157853,1406
naive_bayes_tau_0_7,CWE-191,,0.0,1.0,0.9993072153030658,0.0,1.0,,,,0.9993072153030658,0.5,0.5,0.0003880536565441689,167
naive_bayes_tau_0_7,CWE-20,,0.0,1.0,0.9920101543662359,0.0,1.0,,,,0.9920101543662359,0.5,0.5279088754406175,0.013903475755916305,1926
naive_bayes_tau_0_7,CWE-269,,0.0,1.0,0.9995146361616323,0.0,1.0,,,,0.9995146361616323,0.5,0.5,0.0006285395547129194,117
naive_bayes_tau_0_7,CWE-285,,0.0,1.0,0.9988259989492343,0.0,1.0,,,,0.9988259989492343,0.5,0.5155221271694744,0.002817442365319934,283
naive_bayes_tau_0_7,CWE-287,,0.0,1.0,0.998676655263292,0.0,1.0,,,,0.998676655263292,0.5,0.5,0.0014427608801302215,319
naive_bayes_tau_0_7,CWE-369,,0.0,1.0,0.9988633354299505,0.0,1.0,,,,0.9988633354299505,0.5,0.499979235060764,0.0009606790216006237,274
naive_bayes_tau_0_7,CWE-400,,0.0,1.0,0.9976022170712152,0.0,1.0,,,,0.9976022170712152,0.5,0.5,0.0022117584559739507,578
naive_bayes_tau_0_7,CWE-404,,0.0,1.0,0.9949098967503192,0.0,1.0,,,,0.9949098967503192,0.5,0.4995350694376617,0.003182954893782478,1227
naive_bayes_tau_0_7,CWE-476,,0.0,1.0,0.9930182208471259,0.0,1.0,,,,0.9930182208471259,0.5,0.5123565198692533,0.018451171908041925,1683
naive_bayes_tau_0_7,CWE-662,,0.0,1.0,0.9967020110854399,0.0,1.0,,,,0.9967020110854399,0.5,0.5064322651112312,0.00662086415527541,795
naive_bayes_tau_0_7,CWE-665,,0.0,1.0,0.9994150742493273,0.0,1.0,,,,0.9994150742493273,0.5,0.4893639137427468,0.0005654926644294188,141
naive_bayes_tau_0_7,CWE-668,,0.0,1.0,0.9943415640349805,0.0,1.0,,,,0.9943415640349805,0.5,0.6058525988520638,0.01477684897341631,1364
naive_bayes_tau_0_7,CWE-704,,0.0,1.0,0.9981746979592373,0.0,1.0,,,,0.9981746979592373,0.5,0.49983583270994014,0.0011395840194468325,440
naive_bayes_tau_0_7,CWE-705,,0.0,1.0,0.9989048180183874,0.0,1.0,,,,0.9989048180183874,0.5,0.5,0.0012451628588217342,264
naive_bayes_tau_0_7,CWE-706,,0.0,1.0,0.9966522300861488,0.0,1.0,,,,0.9966522300861488,0.5,0.4999542128865694,0.0022832557286099186,807
naive_bayes_tau_0_7,CWE-74,,0.0,1.0,0.996108788128773,0.0,1.0,,,,0.996108788128773,0.5,0.6233032255096599,0.06224323558079888,938
naive_bayes_tau_0_7,CWE-754,,0.0,1.0,0.9993072153031444,0.0,1.0,,,,0.9993072153031444,0.5,0.4998941406998899,0.0005161628740398638,167
naive_bayes_tau_0_7,CWE-834,,0.0,1.0,0.9985439073662361,0.0,1.0,,,,0.9985439073662361,0.5,0.5041963951863331,0.0032026111065965833,351
naive_bayes_tau_0_8,CWE-118,0.4276209677419355,0.006613131790269249,0.9995877950708305,0.956349554231698,0.00041220492916945064,0.9933868682097307,0.013022858364169615,0.008234257612327009,0.048738897724577165,0.9559853286133887,0.5031004634305499,0.6638670546520126,0.13872241269459168,10585
naive_bayes_tau_0_8,CWE-190,,0.0,1.0,0.9941673310541722,0.0,1.0,,,,0.9941673310541722,0.5,0.531215231180106,0.021533267219157853,1406
naive_bayes_tau_0_8,CWE-191,,0.0,1.0,0.9993072153030658,0.0,1.0,,,,0.9993072153030658,0.5,0.5,0.0003880536565441689,167
naive_bayes_tau_0_8,CWE-20,,0.0,1.0,0.9920101543662359,0.0,1.0,,,,0.9920101543662359,0.5,0.5279088754406175,0.013903475755916305,1926
naive_bayes_tau_0_8,CWE-269,,0.0,1.0,0.9995146361616323,0.0,1.0,,,,0.9995146361616323,0.5,0.5,0.0006285395547129194,117
naive_bayes_tau_0_8,CWE-285,,0.0,1.0,0.9988259989492343,0.0,1.0,,,,0.9988259989492343,0.5,0.5155221271694744,0.002817442365319934,283
naive_bayes_tau_0_8,CWE-287,,0.0,1.0,0.998676655263292,0.0,1.0,,,,0.998676655263292,0.5,0.5,0.0014427608801302215,319
naive_bayes_tau_0_8,CWE-369,,0.0,1.0,0.9988633354299505,0.0,1.0,,,,0.9988633354299505,0.5,0.499979235060764,0.0009606790216006237,274
naive_bayes_tau_0_8,CWE-400,,0.0,1.0,0.9976022170712152,0.0,1.0,,,,0.9976022170712152,0.5,0.5,0.0022117584559739507,578
naive_bayes_tau_0_8,CWE-404,,0.0,1.0,0.9949098967503192,0.0,1.0,,,,0.9949098967503192,0.5,0.4995350694376617,0.003182954893782478,1227
naive_bayes_tau_0_8,CWE-476,,0.0,1.0,0.9930182208471259,0.0,1.0,,,,0.9930182208471259,0.5,0.5123565198692533,0.018451171908041925,1683
naive_bayes_tau_0_8,CWE-662,,0.0,1.0,0.9967020110854399,0.0,1.0,,,,0.9967020110854399,0.5,0.5064322651112312,0.00662086415527541,795
naive_bayes_tau_0_8,CWE-665,,0.0,1.0,0.9994150742493273,0.0,1.0,,,,0.9994150742493273,0.5,0.4893639137427468,0.0005654926644294188,141
naive_bayes_tau_0_8,CWE-668,,0.0,1.0,0.9943415640349805,0.0,1.0,,,,0.9943415640349805,0.5,0.6058525988520638,0.01477684897341631,1364
naive_bayes_tau_0_8,CWE-704,,0.0,1.0,0.9981746979592373,0.0,1.0,,,,0.9981746979592373,0.5,0.49983583270994014,0.0011395840194468325,440
naive_bayes_tau_0_8,CWE-705,,0.0,1.0,0.9989048180183874,0.0,1.0,,,,0.9989048180183874,0.5,0.5,0.0012451628588217342,264
naive_bayes_tau_0_8,CWE-706,,0.0,1.0,0.9966522300861488,0.0,1.0,,,,0.9966522300861488,0.5,0.4999542128865694,0.0022832557286099186,807
naive_bayes_tau_0_8,CWE-74,,0.0,1.0,0.996108788128773,0.0,1.0,,,,0.996108788128773,0.5,0.6233032255096599,0.06224323558079888,938
naive_bayes_tau_0_8,CWE-754,,0.0,1.0,0.9993072153031444,0.0,1.0,,,,0.9993072153031444,0.5,0.4998941406998899,0.0005161628740398638,167
naive_bayes_tau_0_8,CWE-834,,0.0,1.0,0.9985439073662361,0.0,1.0,,,,0.9985439073662361,0.5,0.5041963951863331,0.0032026111065965833,351
naive_bayes_tau_0_9,CWE-118,0.4276209677419355,0.006613131790269249,0.9995877950708305,0.956349554231698,0.00041220492916945064,0.9933868682097307,0.013022858364169615,0.008234257612327009,0.048738897724577165,0.9559853286133887,0.5031004634305499,0.6638670546520126,0.13872241269459168,10585
naive_bayes_tau_0_9,CWE-190,,0.0,1.0,0.9941673310541722,0.0,1.0,,,,0.9941673310541722,0.5,0.531215231180106,0.021533267219157853,1406
naive_bayes_tau_0_9,CWE-191,,0.0,1.0,0.9993072153030658,0.0,1.0,,,,0.9993072153030658,0.5,0.5,0.0003880536565441689,167
naive_bayes_tau_0_9,CWE-20,,0.0,1.0,0.9920101543662359,0.0,1.0,,,,0.9920101543662359,0.5,0.5279088754406175,0.013903475755916305,1926
naive_bayes_tau_0_9,CWE-269,,0.0,1.0,0.9995146361616323,0.0,1.0,,,,0.9995146361616323,0.5,0.5,0.0006285395547129194,117
naive_bayes_tau_0_9,CWE-285,,0.0,1.0,0.9988259989492343,0.0,1.0,,,,0.9988259989492343,0.5,0.5155221271694744,0.002817442365319934,283
naive_bayes_tau_0_9,CWE-287,,0.0,1.0,0.998676655263292,0.0,1.0,,,,0.998676655263292,0.5,0.5,0.0014427608801302215,319
naive_bayes_tau_0_9,CWE-369,,0.0,1.0,0.9988633354299505,0.0,1.0,,,,0.9988633354299505,0.5,0.499979235060764,0.0009606790216006237,274
naive_bayes_tau_0_9,CWE-400,,0.0,1.0,0.9976022170712152,0.0,1.0,,,,0.9976022170712152,0.5,0.5,0.0022117584559739507,578
naive_bayes_tau_0_9,CWE-404,,0.0,1.0,0.9949098967503192,0.0,1.0,,,,0.9949098967503192,0.5,0.4995350694376617,0.003182954893782478,1227
naive_bayes_tau_0_9,CWE-476,,0.0,1.0,0.9930182208471259,0.0,1.0,,,,0.9930182208471259,0.5,0.5123565198692533,0.018451171908041925,1683
naive_bayes_tau_0_9,CWE-662,,0.0,1.0,0.9967020110854399,0.0,1.0,,,,0.9967020110854399,0.5,0.5064322651112312,0.00662086415527541,795
naive_bayes_tau_0_9,CWE-665,,0.0,1.0,0.9994150742493273,0.0,1.0,,,,0.9994150742493273,0.5,0.4893639137427468,0.0005654926644294188,141
naive_bayes_tau_0_9,CWE-668,,0.0,1.0,0.9943415640349805,0.0,1.0,,,,0.9943415640349805,0.5,0.6058525988520638,0.01477684897341631,1364
naive_bayes_tau_0_9,CWE-704,,0.0,1.0,0.9981746979592373,0.0,1.0,,,,0.9981746979592373,0.5,0.49983583270994014,0.0011395840194468325,440
naive_bayes_tau_0_9,CWE-705,,0.0,1.0,0.9989048180183874,0.0,1.0,,,,0.9989048180183874,0.5,0.5,0.0012451628588217342,264
naive_bayes_tau_0_9,CWE-706,,0.0,1.0,0.9966522300861488,0.0,1.0,,,,0.9966522300861488,0.5,0.4999542128865694,0.0022832557286099186,807
naive_bayes_tau_0_9,CWE-74,,0.0,1.0,0.996108788128773,0.0,1.0,,,,0.996108788128773,0.5,0.6233032255096599,0.06224323558079888,938
naive_bayes_tau_0_9,CWE-754,,0.0,1.0,0.9993072153031444,0.0,1.0,,,,0.9993072153031444,0.5,0.4998941406998899,0.0005161628740398638,167
naive_bayes_tau_0_9,CWE-834,,0.0,1.0,0.9985439073662361,0.0,1.0,,,,0.9985439073662361,0.5,0.5041963951863331,0.0032026111065965833,351
bks_tau_0_1,CWE-118,0.23635982638624475,0.38318375059045817,0.9431468505472325,0.9708396864017453,0.056853149452767614,0.6168162494095418,0.2923548085090652,0.3408191996643032,0.2600221223272635,0.9185583098015224,0.6631653005688454,0.6635944374965279,0.14382090353755578,10585
bks_tau_0_1,CWE-190,0.3464078027235922,0.021344741425001895,0.9997579844760258,0.9942897036971281,0.00024201552397423243,0.978655258574998,0.039982066032678086,0.026235000786244946,0.08367692918128922,0.994051179548993,0.5105513629505138,0.5298569951664975,0.022965316325688313,1406
bks_tau_0_1,CWE-191,,0.0,1.0,0.9993072153030658,0.0,1.0,,,,0.9993072153030658,0.5,0.5002345473669955,0.00038815096839741524,167
bks_tau_0_1,CWE-20,,0.0,1.0,0.9920101543662359,0.0,1.0,,,,0.9920101543662359,0.5,0.527401973987728,0.013516986620071439,1926
bks_tau_0_1,CWE-269,,0.0,1.0,0.9995146361616323,0.0,1.0,,,,0.9995146361616323,0.5,0.5000871591470437,0.0006287410272161617,117
bks_tau_0_1,CWE-285,,0.0,1.0,0.9988259989492343,0.0,1.0,,,,0.9988259989492343,0.5,0.5158330184462427,0.0030014116093045307,283
bks_tau_0_1,CWE-287,,0.0,1.0,0.998676655263292,0.0,1.0,,,,0.998676655263292,0.5,0.5,0.0014427608801302215,319
bks_tau_0_1,CWE-369,,0.0,1.0,0.9988633354299505,0.0,1.0,,,,0.9988633354299505,0.5,0.4963532924939865,0.0009604390514860844,274
bks_tau_0_1,CWE-400,,0.0,1.0,0.9976022170712152,0.0,1.0,,,,0.9976022170712152,0.5,0.5000810877826775,0.0022122596417830523,578
bks_tau_0_1,CWE-404,,0.0,1.0,0.9949098967503192,0.0,1.0,,,,0.9949098967503192,0.5,0.49905176765131865,0.003181411336929626,1227
bks_tau_0_1,CWE-476,0.19651140561626496,0.013070510103151054,0.9996031385623372,0.9931061376297684,0.000396861437662915,0.986929489896849,0.02445031567658469,0.01605984053192176,0.04879380730810702,0.9927153944236278,0.5063368243327441,0.5123565198692533,0.018451171908041925,1683
bks_tau_0_1,CWE-662,,0.0,1.0,0.9967020110854399,0.0,1.0,,,,0.9967020110854399,0.5,0.5064571329983144,0.006637450426079168,795
bks_tau_0_1,CWE-665,0.0,0.0,0.9999916967658903,0.9994150694286738,8.303234109685722e-06,1.0,,,-0.0001552973840636489,0.999406775838473,0.49999584838294514,0.48975029592794395,0.0005660106020366173,141
bks_tau_0_1,CWE-668,,0.0,1.0,0.9943415640349805,0.0,1.0,,,,0.9943415640349805,0.5,0.6044446491124298,0.014723313880810907,1364
bks_tau_0_1,CWE-704,,0.0,1.0,0.9981746979592373,0.0,1.0,,,,0.9981746979592373,0.5,0.49877004763784055,0.001137281666821176,440
bks_tau_0_1,CWE-705,,0.0,1.0,0.9989048180183874,0.0,1.0,,,,0.9989048180183874,0.5,0.5000353003837268,0.0012452742378433314,264
bks_tau_0_1,CWE-706,,0.0,1.0,0.9966522300861488,0.0,1.0,,,,0.9966522300861488,0.5,0.4993476627728012,0.0022801981810299343,807
bks_tau_0_1,CWE-74,0.3572596534638973,0.24840141085447714,0.9982508504204921,0.9970674305859528,0.0017491495795079713,0.7515985891455228,0.2928657146150081,0.2644365760657563,0.2955327215383708,0.9953330288762074,0.6233261306374847,0.6234342103365511,0.0636392950000818,938
bks_tau_0_1,CWE-754,,0.0,1.0,0.9993072153031444,0.0,1.0,,,,0.9993072153031444,0.5,0.49421226658762374,0.0005097106683286149,167
bks_tau_0_1,CWE-834,,0.0,1.0,0.9985439073662361,0.0,1.0,,,,0.9985439073662361,0.5,0.5041963951863331,0.0032026111065965833,351
bks_tau_0_2,CWE-118,0.23665575088198465,0.37968823807274443,0.943762971417839,0.9706979669188455,0.05623702858216102,0.6203117619272556,0.2915549844414514,0.33872114191827835,0.258968215658002,0.9189938838616047,0.6617256047452917,0.6635944374965279,0.14382090353755578,10585
bks_tau_0_2,CWE-190,0.3694729907773386,0.021344741425001895,0.9997871933046218,0.9942898690419366,0.000212806695378187,0.978655258574998,0.040187877021105226,0.026270832497769014,0.0867886539240261,0.9940802181351248,0.5105659673648117,0.5298569951664975,0.022965316325688313,1406
bks_tau_0_2,CWE-191,,0.0,1.0,0.9993072153030658,0.0,1.0,,,,0.9993072153030658,0.5,0.5002345473669955,0.00038815096839741524,167
bks_tau_0_2,CWE-20,,0.0,1.0,0.9920101543662359,0.0,1.0,,,,0.9920101543662359,0.5,0.527401973987728,0.013516986620071439,1926
bks_tau_0_2,CWE-269,,0.0,1.0,0.9995146361616323,0.0,1.0,,,,0.9995146361616323,0.5,0.5000871591470437,0.0006287410272161617,117
bks_tau_0_2,CWE-285,,0.0,1.0,0.9988259989492343,0.0,1.0,,,,0.9988259989492343,0.5,0.5158330184462427,0.0030014116093045307,283
bks_tau_0_2,CWE-287,,0.0,1.0,0.998676655263292,0.0,1.0,,,,0.998676655263292,0.5,0.5,0.0014427608801302215,319
bks_tau_0_2,CWE-369,,0.0,1.0,0.9988633354299505,0.0,1.0,,,,0.9988633354299505,0.5,0.4963532924939865,0.0009604390514860844,274
bks_tau_0_2,CWE-400,,0.0,1.0,0.9976022170712152,0.0,1.0,,,,0.9976022170712152,0.5,0.5000810877826775,0.0022122596417830523,578
bks_tau_0_2,CWE-404,,0.0,1.0,0.9949098967503192,0.0,1.0,,,,0.9949098967503192,0.5,0.49905176765131865,0.003181411336929626,1227
bks_tau_0_2,CWE-476,0.11764705882352941,0.002373887240356083,0.9998746893339738,0.9930338375285919,0.00012531066602618993,0.997626112759644,0.0215633423180593,0.01447178002894356,0.035284450559532415,0.9929103773032211,0.5011242882871649,0.5123565198692533,0.018451171908041925,1683
bks_tau_0_2,CWE-662,,0.0,1.0,0.9967020110854399,0.0,1.0,,,,0.9967020110854399,0.5,0.5064571329983144,0.006637450426079168,795
bks_tau_0_2,CWE-665,0.0,0.0,0.9999916967658903,0.9994150694286738,8.303234109685722e-06,1.0,,,-0.0001552973840636489,0.999406775838473,0.49999584838294514,0.48975029592794395,0.0005660106020366173,141
bks_tau_0_2,CWE-668,,0.0,1.0,0.9943415640349805,0.0,1.0,,,,0.9943415640349805,0.5,0.6044446491124298,0.014723313880810907,1364
bks_tau_0_2,CWE-704,,0.0,1.0,0.9981746979592373,0.0,1.0,,,,0.9981746979592373,0.5,0.49877004763784055,0.001137281666821176,440
bks_tau_0_2,CWE-705,,0.0,1.0,0.9989048180183874,0.0,1.0,,,,0.9989048180183874,0.5,0.5000353003837268,0.0012452742378433314,264
bks_tau_0_2,CWE-706,,0.0,1.0,0.9966522300861488,0.0,1.0,,,,0.9966522300861488,0.5,0.4993476627728012,0.0022801981810299343,807
bks_tau_0_2,CWE-74,0.3572596534638973,0.24840141085447714,0.9982508504204921,0.9970674305859528,0.0017491495795079713,0.7515985891455228,0.2928657146150081,0.2644365760657563,0.2955327215383708,0.9953330288762074,0.6233261306374847,0.6234342103365511,0.0636392950000818,938
bks_tau_0_2,CWE-754,,0.0,1.0,0.9993072153031444,0.0,1.0,,,,0.9993072153031444,0.5,0.49421226658762374,0.0005097106683286149,167
bks_tau_0_2,CWE-834,,0.0,1.0,0.9985439073662361,0.0,1.0,,,,0.9985439073662361,0.5,0.5041963951863331,0.0032026111065965833,351
bks_tau_0_3,CWE-118,0.48740414932423215,0.01596598960793576,0.9991279045139503,0.9567237910792967,0.0008720954860496094,0.9840340103920642,0.03075434025827683,0.01976743206040251,0.08030049490104371,0.9559563199730035,0.507546947060943,0.6635944374965279,0.14382090353755578,10585
bks_tau_0_3,CWE-190,1.0,0.0071149138083339645,1.0,0.9942085763039679,0.0,0.9928850861916662,0.014099612613218635,0.008873125640790095,0.08121288464177161,0.9942088159657299,0.503557456904167,0.5298569951664975,0.022965316325688313,1406
bks_tau_0_3,CWE-191,,0.0,1.0,0.9993072153030658,0.0,1.0,,,,0.9993072153030658,0.5,0.5002345473669955,0.00038815096839741524,167
bks_tau_0_3,CWE-20,,0.0,1.0,0.9920101543662359,0.0,1.0,,,,0.9920101543662359,0.5,0.527401973987728,0.013516986620071439,1926
bks_tau_0_3,CWE-269,,0.0,1.0,0.9995146361616323,0.0,1.0,,,,0.9995146361616323,0.5,0.5000871591470437,0.0006287410272161617,117
bks_tau_0_3,CWE-285,,0.0,1.0,0.9988259989492343,0.0,1.0,,,,0.9988259989492343,0.5,0.5158330184462427,0.0030014116093045307,283
bks_tau_0_3,CWE-287,,0.0,1.0,0.998676655263292,0.0,1.0,,,,0.998676655263292,0.5,0.5,0.0014427608801302215,319
bks_tau_0_3,CWE-369,,0.0,1.0,0.9988633354299505,0.0,1.0,,,,0.9988633354299505,0.5,0.4963532924939865,0.0009604390514860844,274
bks_tau_0_3,CWE-400,,0.0,1.0,0.9976022170712152,0.0,1.0,,,,0.9976022170712152,0.5,0.5000810877826775,0.0022122596417830523,578
bks_tau_0_3,CWE-404,,0.0,1.0,0.9949098967503192,0.0,1.0,,,,0.9949098967503192,0.5,0.49905176765131865,0.003181411336929626,1227
bks_tau_0_3,CWE-476,,0.0,1.0,0.9930182208471259,0.0,1.0,,,,0.9930182208471259,0.5,0.5123565198692533,0.018451171908041925,1683
bks_tau_0_3,CWE-662,,0.0,1.0,0.9967020110854399,0.0,1.0,,,,0.9967020110854399,0.5,0.5064571329983144,0.006637450426079168,795
bks_tau_0_3,CWE-665,0.0,0.0,0.9999916967658903,0.9994150694286738,8.303234109685722e-06,1.0,,,-0.0001552973840636489,0.999406775838473,0.49999584838294514,0.48975029592794395,0.0005660106020366173,141
bks_tau_0_3,CWE-668,,0.0,1.0,0.9943415640349805,0.0,1.0,,,,0.9943415640349805,0.5,0.6044446491124298,0.014723313880810907,1364
bks_tau_0_3,CWE-704,,0.0,1.0,0.9981746979592373,0.0,1.0,,,,0.9981746979592373,0.5,0.49877004763784055,0.001137281666821176,440
bks_tau_0_3,CWE-705,,0.0,1.0,0.9989048180183874,0.0,1.0,,,,0.9989048180183874,0.5,0.5000353003837268,0.0012452742378433314,264
bks_tau_0_3,CWE-706,,0.0,1.0,0.9966522300861488,0.0,1.0,,,,0.9966522300861488,0.5,0.4993476627728012,0.0022801981810299343,807
bks_tau_0_3,CWE-74,0.3572596534638973,0.24840141085447714,0.9982508504204921,0.9970674305859528,0.0017491495795079713,0.7515985891455228,0.2928657146150081,0.2644365760657563,0.2955327215383708,0.9953330288762074,0.6233261306374847,0.6234342103365511,0.0636392950000818,938
bks_tau_0_3,CWE-754,,0.0,1.0,0.9993072153031444,0.0,1.0,,,,0.9993072153031444,0.5,0.49421226658762374,0.0005097106683286149,167
bks_tau_0_3,CWE-834,,0.0,1.0,0.9985439073662361,0.0,1.0,,,,0.9985439073662361,0.5,0.5041963951863331,0.0032026111065965833,351
bks_tau_0_4,CWE-118,0.645940170940171,0.011431270666036844,0.9997136299832594,0.9565572985318503,0.0002863700167406112,0.9885687293339631,0.02246414989488595,0.014226013580007371,0.08192191012974522,0.9563172025724225,0.505572450324648,0.6635944374965279,0.14382090353755578,10585
bks_tau_0_4,CWE-190,1.0,0.0071149138083339645,1.0,0.9942085763039679,0.0,0.9928850861916662,0.014099612613218635,0.008873125640790095,0.08121288464177161,0.9942088159657299,0.503557456904167,0.5298569951664975,0.022965316325688313,1406
bks_tau_0_4,CWE-191,,0.0,1.0,0.9993072153030658,0.0,1.0,,,,0.9993072153030658,0.5,0.5002345473669955,0.00038815096839741524,167
bks_tau_0_4,CWE-20,,0.0,1.0,0.9920101543662359,0.0,1.0,,,,0.9920101543662359,0.5,0.527401973987728,0.013516986620071439,1926
bks_tau_0_4,CWE-269,,0.0,1.0,0.9995146361616323,0.0,1.0,,,,0.9995146361616323,0.5,0.5000871591470437,0.0006287410272161617,117
bks_tau_0_4,CWE-285,,0.0,1.0,0.9988259989492343,0.0,1.0,,,,0.9988259989492343,0.5,0.5158330184462427,0.0030014116093045307,283
bks_tau_0_4,CWE-287,,0.0,1.0,0.998676655263292,0.0,1.0,,,,0.998676655263292,0.5,0.5,0.0014427608801302215,319
bks_tau_0_4,CWE-369,,0.0,1.0,0.9988633354299505,0.0,1.0,,,,0.9988633354299505,0.5,0.4963532924939865,0.0009604390514860844,274
bks_tau_0_4,CWE-400,,0.0,1.0,0.9976022170712152,0.0,1.0,,,,0.9976022170712152,0.5,0.5000810877826775,0.0022122596417830523,578
bks_tau_0_4,CWE-404,,0.0,1.0,0.9949098967503192,0.0,1.0,,,,0.9949098967503192,0.5,0.49905176765131865,0.003181411336929626,1227
bks_tau_0_4,CWE-476,,0.0,1.0,0.9930182208471259,0.0,1.0,,,,0.9930182208471259,0.5,0.5123565198692533,0.018451171908041925,1683
bks_tau_0_4,CWE-662,,0.0,1.0,0.9967020110854399,0.0,1.0,,,,0.9967020110854399,0.5,0.5064571329983144,0.006637450426079168,795
bks_tau_0_4,CWE-665,0.0,0.0,0.9999916967658903,0.9994150694286738,8.303234109685722e-06,1.0,,,-0.0001552973840636489,0.999406775838473,0.49999584838294514,0.48975029592794395,0.0005660106020366173,141
bks_tau_0_4,CWE-668,,0.0,1.0,0.9943415640349805,0.0,1.0,,,,0.9943415640349805,0.5,0.6044446491124298,0.014723313880810907,1364
bks_tau_0_4,CWE-704,,0.0,1.0,0.9981746979592373,0.0,1.0,,,,0.9981746979592373,0.5,0.49877004763784055,0.001137281666821176,440
bks_tau_0_4,CWE-705,,0.0,1.0,0.9989048180183874,0.0,1.0,,,,0.9989048180183874,0.5,0.5000353003837268,0.0012452742378433314,264
bks_tau_0_4,CWE-706,,0.0,1.0,0.9966522300861488,0.0,1.0,,,,0.9966522300861488,0.5,0.4993476627728012,0.0022801981810299343,807
bks_tau_0_4,CWE-74,,0.0,1.0,0.996108788128773,0.0,1.0,,,,0.996108788128773,0.5,0.6234342103365511,0.0636392950000818,938
bks_tau_0_4,CWE-754,,0.0,1.0,0.9993072153031444,0.0,1.0,,,,0.9993072153031444,0.5,0.49421226658762374,0.0005097106683286149,167
bks_tau_0_4,CWE-834,,0.0,1.0,0.9985439073662361,0.0,1.0,,,,0.9985439073662361,0.5,0.5041963951863331,0.0032026111065965833,351
bks_tau_0_5,CWE-118,0.6899167791273054,0.009730751062824752,0.999783057854243,0.9564887162991328,0.0002169421457569849,0.9902692489371752,0.019171765770901728,0.0121176287006397,0.0776587643867856,0.9563089045919211,0.5047569044585338,0.6635944374965279,0.14382090353755578,10585
bks_tau_0_5,CWE-190,1.0,0.0071149138083339645,1.0,0.9942085763039679,0.0,0.9928850861916662,0.014099612613218635,0.008873125640790095,0.08121288464177161,0.9942088159657299,0.503557456904167,0.5298569951664975,0.022965316325688313,1406
bks_tau_0_5,CWE-191,,0.0,1.0,0.9993072153030658,0.0,1.0,,,,0.9993072153030658,0.5,0.5002345473669955,0.00038815096839741524,167
bks_tau_0_5,CWE-20,,0.0,1.0,0.9920101543662359,0.0,1.0,,,,0.9920101543662359,0.5,0.527401973987728,0.013516986620071439,1926
bks_tau_0_5,CWE-269,,0.0,1.0,0.9995146361616323,0.0,1.0,,,,0.9995146361616323,0.5,0.5000871591470437,0.0006287410272161617,117
bks_tau_0_5,CWE-285,,0.0,1.0,0.9988259989492343,0.0,1.0,,,,0.9988259989492343,0.5,0.5158330184462427,0.0030014116093045307,283
bks_tau_0_5,CWE-287,,0.0,1.0,0.998676655263292,0.0,1.0,,,,0.998676655263292,0.5,0.5,0.0014427608801302215,319
bks_tau_0_5,CWE-369,,0.0,1.0,0.9988633354299505,0.0,1.0,,,,0.9988633354299505,0.5,0.4963532924939865,0.0009604390514860844,274
bks_tau_0_5,CWE-400,,0.0,1.0,0.9976022170712152,0.0,1.0,,,,0.9976022170712152,0.5,0.5000810877826775,0.0022122596417830523,578
bks_tau_0_5,CWE-404,,0.0,1.0,0.9949098967503192,0.0,1.0,,,,0.9949098967503192,0.5,0.49905176765131865,0.003181411336929626,1227
bks_tau_0_5,CWE-476,,0.0,1.0,0.9930182208471259,0.0,1.0,,,,0.9930182208471259,0.5,0.5123565198692533,0.018451171908041925,1683
bks_tau_0_5,CWE-662,,0.0,1.0,0.9967020110854399,0.0,1.0,,,,0.9967020110854399,0.5,0.5064571329983144,0.006637450426079168,795
bks_tau_0_5,CWE-665,,0.0,1.0,0.9994150742493273,0.0,1.0,,,,0.9994150742493273,0.5,0.48975029592794395,0.0005660106020366173,141
bks_tau_0_5,CWE-668,,0.0,1.0,0.9943415640349805,0.0,1.0,,,,0.9943415640349805,0.5,0.6044446491124298,0.014723313880810907,1364
bks_tau_0_5,CWE-704,,0.0,1.0,0.9981746979592373,0.0,1.0,,,,0.9981746979592373,0.5,0.49877004763784055,0.001137281666821176,440
bks_tau_0_5,CWE-705,,0.0,1.0,0.9989048180183874,0.0,1.0,,,,0.9989048180183874,0.5,0.5000353003837268,0.0012452742378433314,264
bks_tau_0_5,CWE-706,,0.0,1.0,0.9966522300861488,0.0,1.0,,,,0.9966522300861488,0.5,0.4993476627728012,0.0022801981810299343,807
bks_tau_0_5,CWE-74,,0.0,1.0,0.996108788128773,0.0,1.0,,,,0.996108788128773,0.5,0.6234342103365511,0.0636392950000818,938
bks_tau_0_5,CWE-754,,0.0,1.0,0.9993072153031444,0.0,1.0,,,,0.9993072153031444,0.5,0.49421226658762374,0.0005097106683286149,167
bks_tau_0_5,CWE-834,,0.0,1.0,0.9985439073662361,0.0,1.0,,,,0.9985439073662361,0.5,0.5041963951863331,0.0032026111065965833,351
bks_tau_0_6,CWE-118,0.7280966869506423,0.007841284837033538,0.9998611596931367,0.9564125655846463,0.00013884030686323704,0.9921587151629664,0.01550971301939035,0.009774364895294993,0.07228540991743557,0.9563006110001815,0.5038512222650852,0.6635944374965279,0.14382090353755578,10585
bks_tau_0_6,CWE-190,1.0,0.0071149138083339645,1.0,0.9942085763039679,0.0,0.9928850861916662,0.014099612613218635,0.008873125640790095,0.08121288464177161,0.9942088159657299,0.503557456904167,0.5298569951664975,0.022965316325688313,1406
bks_tau_0_6,CWE-191,,0.0,1.0,0.9993072153030658,0.0,1.0,,,,0.9993072153030658,0.5,0.5002345473669955,0.00038815096839741524,167
bks_tau_0_6,CWE-20,,0.0,1.0,0.9920101543662359,0.0,1.0,,,,0.9920101543662359,0.5,0.527401973987728,0.013516986620071439,1926
bks_tau_0_6,CWE-269,,0.0,1.0,0.9995146361616323,0.0,1.0,,,,0.9995146361616323,0.5,0.5000871591470437,0.0006287410272161617,117
bks_tau_0_6,CWE-285,,0.0,1.0,0.9988259989492343,0.0,1.0,,,,0.9988259989492343,0.5,0.5158330184462427,0.0030014116093045307,283
bks_tau_0_6,CWE-287,,0.0,1.0,0.998676655263292,0.0,1.0,,,,0.998676655263292,0.5,0.5,0.0014427608801302215,319
bks_tau_0_6,CWE-369,,0.0,1.0,0.9988633354299505,0.0,1.0,,,,0.9988633354299505,0.5,0.4963532924939865,0.0009604390514860844,274
bks_tau_0_6,CWE-400,,0.0,1.0,0.9976022170712152,0.0,1.0,,,,0.9976022170712152,0.5,0.5000810877826775,0.0022122596417830523,578
bks_tau_0_6,CWE-404,,0.0,1.0,0.9949098967503192,0.0,1.0,,,,0.9949098967503192,0.5,0.49905176765131865,0.003181411336929626,1227
bks_tau_0_6,CWE-476,,0.0,1.0,0.9930182208471259,0.0,1.0,,,,0.9930182208471259,0.5,0.5123565198692533,0.018451171908041925,1683
bks_tau_0_6,CWE-662,,0.0,1.0,0.9967020110854399,0.0,1.0,,,,0.9967020110854399,0.5,0.5064571329983144,0.006637450426079168,795
bks_tau_0_6,CWE-665,,0.0,1.0,0.9994150742493273,0.0,1.0,,,,0.9994150742493273,0.5,0.48975029592794395,0.0005660106020366173,141
bks_tau_0_6,CWE-668,,0.0,1.0,0.9943415640349805,0.0,1.0,,,,0.9943415640349805,0.5,0.6044446491124298,0.014723313880810907,1364
bks_tau_0_6,CWE-704,,0.0,1.0,0.9981746979592373,0.0,1.0,,,,0.9981746979592373,0.5,0.49877004763784055,0.001137281666821176,440
bks_tau_0_6,CWE-705,,0.0,1.0,0.9989048180183874,0.0,1.0,,,,0.9989048180183874,0.5,0.5000353003837268,0.0012452742378433314,264
bks_tau_0_6,CWE-706,,0.0,1.0,0.9966522300861488,0.0,1.0,,,,0.9966522300861488,0.5,0.4993476627728012,0.0022801981810299343,807
bks_tau_0_6,CWE-74,,0.0,1.0,0.996108788128773,0.0,1.0,,,,0.996108788128773,0.5,0.6234342103365511,0.0636392950000818,938
bks_tau_0_6,CWE-754,,0.0,1.0,0.9993072153031444,0.0,1.0,,,,0.9993072153031444,0.5,0.49421226658762374,0.0005097106683286149,167
bks_tau_0_6,CWE-834,,0.0,1.0,0.9985439073662361,0.0,1.0,,,,0.9985439073662361,0.5,0.5041963951863331,0.0032026111065965833,351
bks_tau_0_7,CWE-118,0.7663043478260869,0.0016060462919225318,0.9999479392613703,0.9561542982031865,5.206073862975575e-05,0.9983939537080776,0.003981002428204181,0.0025040750179802064,0.02959104147954359,0.9561097800797602,0.5007769927766464,0.6635944374965279,0.14382090353755578,10585
bks_tau_0_7,CWE-190,1.0,0.0071149138083339645,1.0,0.9942085763039679,0.0,0.9928850861916662,0.014099612613218635,0.008873125640790095,0.08121288464177161,0.9942088159657299,0.503557456904167,0.5298569951664975,0.022965316325688313,1406
bks_tau_0_7,CWE-191,,0.0,1.0,0.9993072153030658,0.0,1.0,,,,0.9993072153030658,0.5,0.5002345473669955,0.00038815096839741524,167
bks_tau_0_7,CWE-20,,0.0,1.0,0.9920101543662359,0.0,1.0,,,,0.9920101543662359,0.5,0.527401973987728,0.013516986620071439,1926
bks_tau_0_7,CWE-269,,0.0,1.0,0.9995146361616323,0.0,1.0,,,,0.9995146361616323,0.5,0.5000871591470437,0.0006287410272161617,117
bks_tau_0_7,CWE-285,,0.0,1.0,0.9988259989492343,0.0,1.0,,,,0.9988259989492343,0.5,0.5158330184462427,0.0030014116093045307,283
bks_tau_0_7,CWE-287,,0.0,1.0,0.998676655263292,0.0,1.0,,,,0.998676655263292,0.5,0.5,0.0014427608801302215,319
bks_tau_0_7,CWE-369,,0.0,1.0,0.9988633354299505,0.0,1.0,,,,0.9988633354299505,0.5,0.4963532924939865,0.0009604390514860844,274
bks_tau_0_7,CWE-400,,0.0,1.0,0.9976022170712152,0.0,1.0,,,,0.9976022170712152,0.5,0.5000810877826775,0.0022122596417830523,578
bks_tau_0_7,CWE-404,,0.0,1.0,0.9949098967503192,0.0,1.0,,,,0.9949098967503192,0.5,0.49905176765131865,0.003181411336929626,1227
bks_tau_0_7,CWE-476,,0.0,1.0,0.9930182208471259,0.0,1.0,,,,0.9930182208471259,0.5,0.5123565198692533,0.018451171908041925,1683
bks_tau_0_7,CWE-662,,0.0,1.0,0.9967020110854399,0.0,1.0,,,,0.9967020110854399,0.5,0.5064571329983144,0.006637450426079168,795
bks_tau_0_7,CWE-665,,0.0,1.0,0.9994150742493273,0.0,1.0,,,,0.9994150742493273,0.5,0.48975029592794395,0.0005660106020366173,141
bks_tau_0_7,CWE-668,,0.0,1.0,0.9943415640349805,0.0,1.0,,,,0.9943415640349805,0.5,0.6044446491124298,0.014723313880810907,1364
bks_tau_0_7,CWE-704,,0.0,1.0,0.9981746979592373,0.0,1.0,,,,0.9981746979592373,0.5,0.49877004763784055,0.001137281666821176,440
bks_tau_0_7,CWE-705,,0.0,1.0,0.9989048180183874,0.0,1.0,,,,0.9989048180183874,0.5,0.5000353003837268,0.0012452742378433314,264
bks_tau_0_7,CWE-706,,0.0,1.0,0.9966522300861488,0.0,1.0,,,,0.9966522300861488,0.5,0.4993476627728012,0.0022801981810299343,807
bks_tau_0_7,CWE-74,,0.0,1.0,0.996108788128773,0.0,1.0,,,,0.996108788128773,0.5,0.6234342103365511,0.0636392950000818,938
bks_tau_0_7,CWE-754,,0.0,1.0,0.9993072153031444,0.0,1.0,,,,0.9993072153031444,0.5,0.49421226658762374,0.0005097106683286149,167
bks_tau_0_7,CWE-834,,0.0,1.0,0.9985439073662361,0.0,1.0,,,,0.9985439073662361,0.5,0.5041963951863331,0.0032026111065965833,351
bks_tau_0_8,CWE-118,,0.0,1.0,0.9560890406784687,0.0,1.0,,,,0.9560890406784687,0.5,0.6635944374965279,0.14382090353755578,10585
bks_tau_0_8,CWE-190,1.0,0.004267938719365993,1.0,0.9941920772484698,0.0,0.995732061280634,0.01060697190687417,0.006658782937512444,0.07177442871466548,0.9941922215538981,0.502133969359683,0.5298569951664975,0.022965316325688313,1406
bks_tau_0_8,CWE-191,,0.0,1.0,0.9993072153030658,0.0,1.0,,,,0.9993072153030658,0.5,0.5002345473669955,0.00038815096839741524,167
bks_tau_0_8,CWE-20,,0.0,1.0,0.9920101543662359,0.0,1.0,,,,0.9920101543662359,0.5,0.527401973987728,0.013516986620071439,1926
bks_tau_0_8,CWE-269,,0.0,1.0,0.9995146361616323,0.0,1.0,,,,0.9995146361616323,0.5,0.5000871591470437,0.0006287410272161617,117
bks_tau_0_8,CWE-285,,0.0,1.0,0.9988259989492343,0.0,1.0,,,,0.9988259989492343,0.5,0.5158330184462427,0.0030014116093045307,283
bks_tau_0_8,CWE-287,,0.0,1.0,0.998676655263292,0.0,1.0,,,,0.998676655263292,0.5,0.5,0.0014427608801302215,319
bks_tau_0_8,CWE-369,,0.0,1.0,0.9988633354299505,0.0,1.0,,,,0.9988633354299505,0.5,0.4963532924939865,0.0009604390514860844,274
bks_tau_0_8,CWE-400,,0.0,1.0,0.9976022170712152,0.0,1.0,,,,0.9976022170712152,0.5,0.5000810877826775,0.0022122596417830523,578
bks_tau_0_8,CWE-404,,0.0,1.0,0.9949098967503192,0.0,1.0,,,,0.9949098967503192,0.5,0.49905176765131865,0.003181411336929626,1227
bks_tau_0_8,CWE-476,,0.0,1.0,0.9930182208471259,0.0,1.0,,,,0.9930182208471259,0.5,0.5123565198692533,0.018451171908041925,1683
bks_tau_0_8,CWE-662,,0.0,1.0,0.9967020110854399,0.0,1.0,,,,0.9967020110854399,0.5,0.5064571329983144,0.006637450426079168,795
bks_tau_0_8,CWE-665,,0.0,1.0,0.9994150742493273,0.0,1.0,,,,0.9994150742493273,0.5,0.48975029592794395,0.0005660106020366173,141
bks_tau_0_8,CWE-668,,0.0,1.0,0.9943415640349805,0.0,1.0,,,,0.9943415640349805,0.5,0.6044446491124298,0.014723313880810907,1364
bks_tau_0_8,CWE-704,,0.0,1.0,0.9981746979592373,0.0,1.0,,,,0.9981746979592373,0.5,0.49877004763784055,0.001137281666821176,440
bks_tau_0_8,CWE-705,,0.0,1.0,0.9989048180183874,0.0,1.0,,,,0.9989048180183874,0.5,0.5000353003837268,0.0012452742378433314,264
bks_tau_0_8,CWE-706,,0.0,1.0,0.9966522300861488,0.0,1.0,,,,0.9966522300861488,0.5,0.4993476627728012,0.0022801981810299343,807
bks_tau_0_8,CWE-74,,0.0,1.0,0.996108788128773,0.0,1.0,,,,0.996108788128773,0.5,0.6234342103365511,0.0636392950000818,938
bks_tau_0_8,CWE-754,,0.0,1.0,0.9993072153031444,0.0,1.0,,,,0.9993072153031444,0.5,0.49421226658762374,0.0005097106683286149,167
bks_tau_0_8,CWE-834,,0.0,1.0,0.9985439073662361,0.0,1.0,,,,0.9985439073662361,0.5,0.5041963951863331,0.0032026111065965833,351
bks_tau_0_9,CWE-118,,0.0,1.0,0.9560890406784687,0.0,1.0,,,,0.9560890406784687,0.5,0.6635944374965279,0.14382090353755578,10585
bks_tau_0_9,CWE-190,,0.0,1.0,0.9941673310541722,0.0,1.0,,,,0.9941673310541722,0.5,0.5298569951664975,0.022965316325688313,1406
bks_tau_0_9,CWE-191,,0.0,1.0,0.9993072153030658,0.0,1.0,,,,0.9993072153030658,0.5,0.5002345473669955,0.00038815096839741524,167
bks_tau_0_9,CWE-20,,0.0,1.0,0.9920101543662359,0.0,1.0,,,,0.9920101543662359,0.5,0.527401973987728,0.013516986620071439,1926
bks_tau_0_9,CWE-269,,0.0,1.0,0.9995146361616323,0.0,1.0,,,,0.9995146361616323,0.5,0.5000871591470437,0.0006287410272161617,117
bks_tau_0_9,CWE-285,,0.0,1.0,0.9988259989492343,0.0,1.0,,,,0.9988259989492343,0.5,0.5158330184462427,0.0030014116093045307,283
bks_tau_0_9,CWE-287,,0.0,1.0,0.998676655263292,0.0,1.0,,,,0.998676655263292,0.5,0.5,0.0014427608801302215,319
bks_tau_0_9,CWE-369,,0.0,1.0,0.9988633354299505,0.0,1.0,,,,0.9988633354299505,0.5,0.4963532924939865,0.0009604390514860844,274
bks_tau_0_9,CWE-400,,0.0,1.0,0.9976022170712152,0.0,1.0,,,,0.9976022170712152,0.5,0.5000810877826775,0.0022122596417830523,578
bks_tau_0_9,CWE-404,,0.0,1.0,0.9949098967503192,0.0,1.0,,,,0.9949098967503192,0.5,0.49905176765131865,0.003181411336929626,1227
bks_tau_0_9,CWE-476,,0.0,1.0,0.9930182208471259,0.0,1.0,,,,0.9930182208471259,0.5,0.5123565198692533,0.018451171908041925,1683
bks_tau_0_9,CWE-662,,0.0,1.0,0.9967020110854399,0.0,1.0,,,,0.9967020110854399,0.5,0.5064571329983144,0.006637450426079168,795
bks_tau_0_9,CWE-665,,0.0,1.0,0.9994150742493273,0.0,1.0,,,,0.9994150742493273,0.5,0.48975029592794395,0.0005660106020366173,141
bks_tau_0_9,CWE-668,,0.0,1.0,0.9943415640349805,0.0,1.0,,,,0.9943415640349805,0.5,0.6044446491124298,0.014723313880810907,1364
bks_tau_0_9,CWE-704,,0.0,1.0,0.9981746979592373,0.0,1.0,,,,0.9981746979592373,0.5,0.49877004763784055,0.001137281666821176,440
bks_tau_0_9,CWE-705,,0.0,1.0,0.9989048180183874,0.0,1.0,,,,0.9989048180183874,0.5,0.5000353003837268,0.0012452742378433314,264
bks_tau_0_9,CWE-706,,0.0,1.0,0.9966522300861488,0.0,1.0,,,,0.9966522300861488,0.5,0.4993476627728012,0.0022801981810299343,807
bks_tau_0_9,CWE-74,,0.0,1.0,0.996108788128773,0.0,1.0,,,,0.996108788128773,0.5,0.6234342103365511,0.0636392950000818,938
bks_tau_0_9,CWE-754,,0.0,1.0,0.9993072153031444,0.0,1.0,,,,0.9993072153031444,0.5,0.49421226658762374,0.0005097106683286149,167
bks_tau_0_9,CWE-834,,0.0,1.0,0.9985439073662361,0.0,1.0,,,,0.9985439073662361,0.5,0.5041963951863331,0.0032026111065965833,351
logistic_regression_tau_0_1,CWE-118,0.04391095932153146,1.0,0.0,,1.0,0.0,0.08412778675095499,0.18675281500253121,,0.04391095932153146,0.5,0.6638783634186949,0.13964199318343115,10585
logistic_regression_tau_0_1,CWE-190,0.005832668945827858,1.0,0.0,,1.0,0.0,0.01159769227217632,0.028498455348573183,,0.005832668945827858,0.5,0.5312169212181552,0.022781812955066448,1406
logistic_regression_tau_0_1,CWE-191,0.0006927846969342311,1.0,0.0,,1.0,0.0,0.0013846099521398784,0.0034543489613727955,,0.0006927846969342311,0.5,0.5,0.0003880536565441689,167
logistic_regression_tau_0_1,CWE-20,0.007989845633764248,1.0,0.0,,1.0,0.0,0.01585302785916827,0.03871201453314919,,0.007989845633764248,0.5,0.5279061562128196,0.013896781318255827,1926
logistic_regression_tau_0_1,CWE-269,0.0004853638383677117,1.0,0.0,,1.0,0.0,0.0009702565440857498,0.002422114718145432,,0.0004853638383677117,0.5,0.5,0.0006285395547129194,117
logistic_regression_tau_0_1,CWE-285,0.0011740010507655932,1.0,0.0,,1.0,0.0,0.002345248571322521,0.0058425664921943985,,0.0011740010507655932,0.5,0.5157685446175055,0.003001181689291966,283
logistic_regression_tau_0_1,CWE-287,0.0013233447367079737,1.0,0.0,,1.0,0.0,0.002643191478543086,0.006581881886205443,,0.0013233447367079737,0.5,0.5,0.0014427608801302215,319
logistic_regression_tau_0_1,CWE-369,0.001136664570049566,1.0,0.0,,1.0,0.0,0.0022707479275197217,0.005657598354241595,,0.001136664570049566,0.5,0.49998131134338764,0.0009606828740362571,274
logistic_regression_tau_0_1,CWE-400,0.0023977829287847594,1.0,0.0,,1.0,0.0,0.0047840944338221735,0.01187501777538932,,0.0023977829287847594,0.5,0.5,0.0022117584559739507,578
logistic_regression_tau_0_1,CWE-404,0.005086757026893417,0.9991869918699188,0.0001542502188685538,0.9736842105263158,0.9998457497811314,0.0008130081300813009,0.010121983848113901,0.024926196130841023,-0.008362423486784972,0.005239418886346171,0.4996706210443936,0.4993766604253954,0.003183846677978092,1227
logistic_regression_tau_0_1,CWE-476,0.006981779152874261,1.0,0.0,,1.0,0.0,0.013866743590598963,0.03396047592483246,,0.006981779152874261,0.5,0.5123565198692533,0.018451171908041925,1683
logistic_regression_tau_0_1,CWE-662,0.003297988914559992,1.0,0.0,,1.0,0.0,0.006574295873778058,0.016275242293923135,,0.003297988914559992,0.5,0.5064322651112312,0.00662086415527541,795
logistic_regression_tau_0_1,CWE-665,0.000573088741644756,0.9793103448275862,0.0010584367982726852,0.9934782608695653,0.9989415632017273,0.020689655172413793,0.0011455070042944487,0.002858750666321197,-0.010850865260227528,0.0016302967038222785,0.4901843908129294,0.48951284572590514,0.0005657110731096654,141
logistic_regression_tau_0_1,CWE-668,0.005658435965019412,1.0,0.0,,1.0,0.0,0.011253196309996091,0.02766599356249458,,0.005658435965019412,0.5,0.6058214648554825,0.014694183957622908,1364
logistic_regression_tau_0_1,CWE-704,0.0018253020407627627,1.0,0.0,,1.0,0.0,0.0036439527669716804,0.009060358638061244,,0.0018253020407627627,0.5,0.49877004763784055,0.001137281666821176,440
logistic_regression_tau_0_1,CWE-705,0.0010951819816126282,1.0,0.0,,1.0,0.0,0.0021879675998388443,0.005452024673510329,,0.0010951819816126282,0.5,0.5,0.0012451628588217342,264
logistic_regression_tau_0_1,CWE-706,0.003347769913851251,1.0,0.0,,1.0,0.0,0.006673199285864871,0.016517658271885883,,0.003347769913851251,0.5,0.49996045733598626,0.002283290109662768,807
logistic_regression_tau_0_1,CWE-74,0.0038912118712270197,1.0,0.0,,1.0,0.0,0.007752257862307814,0.019157868084253387,,0.0038912118712270197,0.5,0.6233998082575171,0.06363895996845004,938
logistic_regression_tau_0_1,CWE-754,0.0006927846968557118,1.0,0.0,,1.0,0.0,0.001384609951983493,0.003454348960986691,,0.0006927846968557118,0.5,0.5000394388976901,0.0005163336294209647,167
logistic_regression_tau_0_1,CWE-834,0.0014560926337639194,1.0,0.0,,1.0,0.0,0.0029079508877309897,0.007238303280824585,,0.0014560926337639194,0.5,0.5041963951863331,0.0032026111065965833,351
logistic_regression_tau_0_2,CWE-118,0.04391095932153146,1.0,0.0,,1.0,0.0,0.08412778675095499,0.18675281500253121,,0.04391095932153146,0.5,0.6638783634186949,0.13964199318343115,10585
logistic_regression_tau_0_2,CWE-190,0.005832668945827858,1.0,0.0,,1.0,0.0,0.01159769227217632,0.028498455348573183,,0.005832668945827858,0.5,0.5312169212181552,0.022781812955066448,1406
logistic_regression_tau_0_2,CWE-191,0.0006927846969342311,1.0,0.0,,1.0,0.0,0.0013846099521398784,0.0034543489613727955,,0.0006927846969342311,0.5,0.5,0.0003880536565441689,167
logistic_regression_tau_0_2,CWE-20,0.007989845633764248,1.0,0.0,,1.0,0.0,0.01585302785916827,0.03871201453314919,,0.007989845633764248,0.5,0.5279061562128196,0.013896781318255827,1926
logistic_regression_tau_0_2,CWE-269,0.0004853638383677117,1.0,0.0,,1.0,0.0,0.0009702565440857498,0.002422114718145432,,0.0004853638383677117,0.5,0.5,0.0006285395547129194,117
logistic_regression_tau_0_2,CWE-285,0.0011740010507655932,1.0,0.0,,1.0,0.0,0.002345248571322521,0.0058425664921943985,,0.0011740010507655932,0.5,0.5157685446175055,0.003001181689291966,283
logistic_regression_tau_0_2,CWE-287,0.0013233447367079737,1.0,0.0,,1.0,0.0,0.002643191478543086,0.006581881886205443,,0.0013233447367079737,0.5,0.5,0.0014427608801302215,319
logistic_regression_tau_0_2,CWE-369,0.001136664570049566,1.0,0.0,,1.0,0.0,0.0022707479275197217,0.005657598354241595,,0.001136664570049566,0.5,0.49998131134338764,0.0009606828740362571,274
logistic_regression_tau_0_2,CWE-400,0.0023977829287847594,1.0,0.0,,1.0,0.0,0.0047840944338221735,0.01187501777538932,,0.0023977829287847594,0.5,0.5,0.0022117584559739507,578
logistic_regression_tau_0_2,CWE-404,0.005086904797335782,0.9991869918699188,0.00018343269270855046,0.9777777777777777,0.9998165673072915,0.0008130081300813009,0.010122276393887084,0.024926905702412988,-0.007344651280716381,0.005268452482364421,0.49968521228131363,0.4993766604253954,0.003183846677978092,1227
logistic_regression_tau_0_2,CWE-476,0.006981779152874261,1.0,0.0,,1.0,0.0,0.013866743590598963,0.03396047592483246,,0.006981779152874261,0.5,0.5123565198692533,0.018451171908041925,1683
logistic_regression_tau_0_2,CWE-662,0.003297988914559992,1.0,0.0,,1.0,0.0,0.006574295873778058,0.016275242293923135,,0.003297988914559992,0.5,0.5064322651112312,0.00662086415527541,795
logistic_regression_tau_0_2,CWE-665,0.0005732101154996949,0.9793103448275862,0.0012825543354699708,0.9958904109589041,0.99871744566453,0.020689655172413793,0.0011457494595523282,0.002859354618985941,-0.008402075771424124,0.0018542794488552537,0.4902964495815281,0.48951284572590514,0.0005657110731096654,141
logistic_regression_tau_0_2,CWE-668,0.005658435965019412,1.0,0.0,,1.0,0.0,0.011253196309996091,0.02766599356249458,,0.005658435965019412,0.5,0.6058214648554825,0.014694183957622908,1364
logistic_regression_tau_0_2,CWE-704,0.0018253020407627627,1.0,0.0,,1.0,0.0,0.0036439527669716804,0.009060358638061244,,0.0018253020407627627,0.5,0.49877004763784055,0.001137281666821176,440
logistic_regression_tau_0_2,CWE-705,0.0010951819816126282,1.0,0.0,,1.0,0.0,0.0021879675998388443,0.005452024673510329,,0.0010951819816126282,0.5,0.5,0.0012451628588217342,264
logistic_regression_tau_0_2,CWE-706,0.003347769913851251,1.0,0.0,,1.0,0.0,0.006673199285864871,0.016517658271885883,,0.003347769913851251,0.5,0.49996045733598626,0.002283290109662768,807
logistic_regression_tau_0_2,CWE-74,0.0038912118712270197,1.0,0.0,,1.0,0.0,0.007752257862307814,0.019157868084253387,,0.0038912118712270197,0.5,0.6233998082575171,0.06363895996845004,938
logistic_regression_tau_0_2,CWE-754,0.0006927846968557118,1.0,0.0,,1.0,0.0,0.001384609951983493,0.003454348960986691,,0.0006927846968557118,0.5,0.5000394388976901,0.0005163336294209647,167
logistic_regression_tau_0_2,CWE-834,0.0014560926337639194,1.0,0.0,,1.0,0.0,0.0029079508877309897,0.007238303280824585,,0.0014560926337639194,0.5,0.5041963951863331,0.0032026111065965833,351
logistic_regression_tau_0_3,CWE-118,0.04391095932153146,1.0,0.0,,1.0,0.0,0.08412778675095499,0.18675281500253121,,0.04391095932153146,0.5,0.6638783634186949,0.13964199318343115,10585
logistic_regression_tau_0_3,CWE-190,0.005832668945827858,1.0,0.0,,1.0,0.0,0.01159769227217632,0.028498455348573183,,0.005832668945827858,0.5,0.5312169212181552,0.022781812955066448,1406
logistic_regression_tau_0_3,CWE-191,0.0006927846969342311,1.0,0.0,,1.0,0.0,0.0013846099521398784,0.0034543489613727955,,0.0006927846969342311,0.5,0.5,0.0003880536565441689,167
logistic_regression_tau_0_3,CWE-20,0.007989845633764248,1.0,0.0,,1.0,0.0,0.01585302785916827,0.03871201453314919,,0.007989845633764248,0.5,0.5279061562128196,0.013896781318255827,1926
logistic_regression_tau_0_3,CWE-269,0.0004853638383677117,1.0,0.0,,1.0,0.0,0.0009702565440857498,0.002422114718145432,,0.0004853638383677117,0.5,0.5,0.0006285395547129194,117
logistic_regression_tau_0_3,CWE-285,0.0011744599830296198,1.0,0.0003904377266078005,1.0,0.9996095622733921,0.0,0.0023461642797704433,0.005844839706186556,0.0007512374449958182,0.0015639795440137052,0.5001952188633039,0.5157685446175055,0.003001181689291966,283
logistic_regression_tau_0_3,CWE-287,0.0013233447367079737,1.0,0.0,,1.0,0.0,0.002643191478543086,0.006581881886205443,,0.0013233447367079737,0.5,0.5,0.0014427608801302215,319
logistic_regression_tau_0_3,CWE-369,0.001136664570049566,1.0,0.0,,1.0,0.0,0.0022707479275197217,0.005657598354241595,,0.001136664570049566,0.5,0.49998131134338764,0.0009606828740362571,274
logistic_regression_tau_0_3,CWE-400,0.0023977829287847594,1.0,0.0,,1.0,0.0,0.0047840944338221735,0.01187501777538932,,0.0023977829287847594,0.5,0.5,0.0022117584559739507,578
logistic_regression_tau_0_3,CWE-404,0.005086904797335782,0.9991869918699188,0.00018343269270855046,0.9777777777777777,0.9998165673072915,0.0008130081300813009,0.010122276393887084,0.024926905702412988,-0.007344651280716381,0.005268452482364421,0.49968521228131363,0.4993766604253954,0.003183846677978092,1227
logistic_regression_tau_0_3,CWE-476,0.006981779152874261,1.0,0.0,,1.0,0.0,0.013866743590598963,0.03396047592483246,,0.006981779152874261,0.5,0.5123565198692533,0.018451171908041925,1683
logistic_regression_tau_0_3,CWE-662,0.003297988914559992,1.0,0.0,,1.0,0.0,0.006574295873778058,0.016275242293923135,,0.003297988914559992,0.5,0.5064322651112312,0.00662086415527541,795
logistic_regression_tau_0_3,CWE-665,0.000573217356943122,0.9793103448275862,0.0012950070328110175,0.9958904109589041,0.9987049929671891,0.020689655172413793,0.0011457639256154425,0.00285939065840446,-0.008397105986040184,0.001866724913814404,0.4903026759301986,0.48951284572590514,0.0005657110731096654,141
logistic_regression_tau_0_3,CWE-668,0.005658435965019412,1.0,0.0,,1.0,0.0,0.011253196309996091,0.02766599356249458,,0.005658435965019412,0.5,0.6058214648554825,0.014694183957622908,1364
logistic_regression_tau_0_3,CWE-704,0.0018212964632495113,0.9977272727272727,7.47974236442967e-05,0.9473684210526315,0.9999252025763556,0.0022727272727272726,0.0036359556884827636,0.009040470778735963,-0.023634002865180005,0.0018958151271620326,0.49890103507545847,0.49877004763784055,0.001137281666821176,440
logistic_regression_tau_0_3,CWE-705,0.0010951819816126282,1.0,0.0,,1.0,0.0,0.0021879675998388443,0.005452024673510329,,0.0010951819816126282,0.5,0.5,0.0012451628588217342,264
logistic_regression_tau_0_3,CWE-706,0.003347769913851251,1.0,0.0,,1.0,0.0,0.006673199285864871,0.016517658271885883,,0.003347769913851251,0.5,0.49996045733598626,0.002283290109662768,807
logistic_regression_tau_0_3,CWE-74,0.0038912118712270197,1.0,0.0,,1.0,0.0,0.007752257862307814,0.019157868084253387,,0.0038912118712270197,0.5,0.6233998082575171,0.06363895996845004,938
logistic_regression_tau_0_3,CWE-754,0.0006927846968557118,1.0,0.0,,1.0,0.0,0.001384609951983493,0.003454348960986691,,0.0006927846968557118,0.5,0.5000394388976901,0.0005163336294209647,167
logistic_regression_tau_0_3,CWE-834,0.0014560926337639194,1.0,0.0,,1.0,0.0,0.0029079508877309897,0.007238303280824585,,0.0014560926337639194,0.5,0.5041963951863331,0.0032026111065965833,351
logistic_regression_tau_0_4,CWE-118,0.236576542496218,0.38393953708077466,0.943103460480566,0.9708731014860985,0.056896539519434006,0.6160604629192253,0.29273961192547143,0.3413866757545912,0.26046249983608727,0.9185500133699527,0.6635214987806703,0.6638783634186949,0.13964199318343115,10585
logistic_regression_tau_0_4,CWE-190,0.005832668945827858,1.0,0.0,,1.0,0.0,0.01159769227217632,0.028498455348573183,,0.005832668945827858,0.5,0.5312169212181552,0.022781812955066448,1406
logistic_regression_tau_0_4,CWE-191,0.0006927846969342311,1.0,0.0,,1.0,0.0,0.0013846099521398784,0.0034543489613727955,,0.0006927846969342311,0.5,0.5,0.0003880536565441689,167
logistic_regression_tau_0_4,CWE-20,0.007989845633764248,1.0,0.0,,1.0,0.0,0.01585302785916827,0.03871201453314919,,0.007989845633764248,0.5,0.5279061562128196,0.013896781318255827,1926
logistic_regression_tau_0_4,CWE-269,0.0004853638383677117,1.0,0.0,,1.0,0.0,0.0009702565440857498,0.002422114718145432,,0.0004853638383677117,0.5,0.5,0.0006285395547129194,117
logistic_regression_tau_0_4,CWE-285,0.0011745949333431178,1.0,0.0005067071394472657,1.0,0.9994932928605527,0.0,0.0023464335544114675,0.005845508230422851,0.0007653719619674842,0.0016801139280867038,0.5002533535697237,0.5157685446175055,0.003001181689291966,283
logistic_regression_tau_0_4,CWE-287,0.0013233447367079737,1.0,0.0,,1.0,0.0,0.002643191478543086,0.006581881886205443,,0.0013233447367079737,0.5,0.5,0.0014427608801302215,319
logistic_regression_tau_0_4,CWE-369,0.001136664570049566,1.0,0.0,,1.0,0.0,0.0022707479275197217,0.005657598354241595,,0.001136664570049566,0.5,0.49998131134338764,0.0009606828740362571,274
logistic_regression_tau_0_4,CWE-400,0.0023977829287847594,1.0,0.0,,1.0,0.0,0.0047840944338221735,0.01187501777538932,,0.0023977829287847594,0.5,0.5,0.0022117584559739507,578
logistic_regression_tau_0_4,CWE-404,0.005086925910904613,0.9991869918699188,0.0001876016175428357,0.9782608695652174,0.9998123983824572,0.0008130081300813009,0.010122318193045352,0.024927007086276994,-0.007216351061945089,0.005272600138938457,0.4996872967437308,0.4993766604253954,0.003183846677978092,1227
logistic_regression_tau_0_4,CWE-476,0.006981779152874261,1.0,0.0,,1.0,0.0,0.013866743590598963,0.03396047592483246,,0.006981779152874261,0.5,0.5123565198692533,0.018451171908041925,1683
logistic_regression_tau_0_4,CWE-662,0.003297988914559992,1.0,0.0,,1.0,0.0,0.006574295873778058,0.016275242293923135,,0.003297988914559992,0.5,0.5064322651112312,0.00662086415527541,795
logistic_regression_tau_0_4,CWE-665,0.0005732908886386153,0.9793103448275862,0.0014236888956236386,0.996103896103896,0.9985763111043763,0.020689655172413793,0.0011459108165814311,0.002859756597171962,-0.008109065662150687,0.00199533134918762,0.4903670168616049,0.48951284572590514,0.0005657110731096654,141
logistic_regression_tau_0_4,CWE-668,0.005658435965019412,1.0,0.0,,1.0,0.0,0.011253196309996091,0.02766599356249458,,0.005658435965019412,0.5,0.6058214648554825,0.014694183957622908,1364
logistic_regression_tau_0_4,CWE-704,0.0018212964632495113,0.9977272727272727,7.47974236442967e-05,0.9473684210526315,0.9999252025763556,0.0022727272727272726,0.0036359556884827636,0.009040470778735963,-0.023634002865180005,0.0018958151271620326,0.49890103507545847,0.49877004763784055,0.001137281666821176,440
logistic_regression_tau_0_4,CWE-705,0.0010951819816126282,1.0,0.0,,1.0,0.0,0.0021879675998388443,0.005452024673510329,,0.0010951819816126282,0.5,0.5,0.0012451628588217342,264
logistic_regression_tau_0_4,CWE-706,0.003347769913851251,1.0,0.0,,1.0,0.0,0.006673199285864871,0.016517658271885883,,0.003347769913851251,0.5,0.49996045733598626,0.002283290109662768,807
logistic_regression_tau_0_4,CWE-74,0.0038912118712270197,1.0,0.0,,1.0,0.0,0.007752257862307814,0.019157868084253387,,0.0038912118712270197,0.5,0.6233998082575171,0.06363895996845004,938
logistic_regression_tau_0_4,CWE-754,0.0006927846968557118,1.0,0.0,,1.0,0.0,0.001384609951983493,0.003454348960986691,,0.0006927846968557118,0.5,0.5000394388976901,0.0005163336294209647,167
logistic_regression_tau_0_4,CWE-834,0.0014560926337639194,1.0,0.0,,1.0,0.0,0.0029079508877309897,0.007238303280824585,,0.0014560926337639194,0.5,0.5041963951863331,0.0032026111065965833,351
logistic_regression_tau_0_5,CWE-118,0.23658091292280795,0.38308927727916864,0.943229279202234,0.9708377785989478,0.05677072079776602,0.6169107227208314,0.29249775195639766,0.34085270913548144,0.2601553856628705,0.9186329727820812,0.6631592782407013,0.6638783634186949,0.13964199318343115,10585
logistic_regression_tau_0_5,CWE-190,0.07018804152972885,0.06756265616718407,0.9947757090895042,0.9945308807698625,0.005224290910495763,0.932437343832816,0.06881645257390266,0.06805100607751913,0.06350195697471986,0.9893676089353856,0.5311691826283441,0.5312169212181552,0.022781812955066448,1406
logistic_regression_tau_0_5,CWE-191,0.0006927846969342311,1.0,0.0,,1.0,0.0,0.0013846099521398784,0.0034543489613727955,,0.0006927846969342311,0.5,0.5,0.0003880536565441689,167
logistic_regression_tau_0_5,CWE-20,0.040294002508422924,0.06904246013054302,0.9867477423863062,0.9924586046569374,0.013252257613693714,0.930957539869457,0.05086784270446051,0.060398781789364045,0.04273752591478301,0.9794155285387343,0.5278951012584246,0.5279061562128196,0.013896781318255827,1926
logistic_regression_tau_0_5,CWE-269,0.0004853638383677117,1.0,0.0,,1.0,0.0,0.0009702565440857498,0.002422114718145432,,0.0004853638383677117,0.5,0.5,0.0006285395547129194,117
logistic_regression_tau_0_5,CWE-285,0.05012066950147446,0.03176691729323308,0.9992773370457158,0.9988624716504709,0.0007226629542842494,0.968233082706767,0.03872721116734353,0.03420703176246511,0.03891095238444108,0.9981415210093608,0.5155221271694744,0.5157685446175055,0.003001181689291966,283
logistic_regression_tau_0_5,CWE-287,0.0013276080237309934,0.2,0.8,0.9986777210850477,0.2,0.8,0.0026516956350603883,0.006602975465819285,,0.7992076984727844,0.5,0.5,0.0014427608801302215,319
logistic_regression_tau_0_5,CWE-369,0.0002281826290787645,0.2,0.7999584701215281,0.9988643386323897,0.2000415298784719,0.8,0.002279225892006133,0.005678650339686539,-0.00023600385608653113,0.7992782180134719,0.499979235060764,0.49998131134338764,0.0009606828740362571,274
logistic_regression_tau_0_5,CWE-400,0.0023977829287847594,1.0,0.0,,1.0,0.0,0.0047840944338221735,0.01187501777538932,,0.0023977829287847594,0.5,0.5,0.0022117584559739507,578
logistic_regression_tau_0_5,CWE-404,0.0020377448466797022,0.39918699186991874,0.5995496273813727,0.9907497046306775,0.40045037261862737,0.6008130081300813,0.010136977616577093,0.024962110430222492,-0.003547397988842063,0.5985395059626114,0.4993683096256457,0.4993766604253954,0.003183846677978092,1227
logistic_regression_tau_0_5,CWE-476,0.08434710036666793,0.026730959446092977,0.9979655373922164,0.9931898689600638,0.0020344626077836944,0.9732690405539071,0.04054448206971268,0.03094601105601851,0.04372131125372523,0.9911846387223383,0.5123482484191546,0.5123565198692533,0.018451171908041925,1683
logistic_regression_tau_0_5,CWE-662,0.008274809623180043,0.02138364779874214,0.9914633934167055,0.9967446022170788,0.008536606583294424,0.9786163522012579,0.011926081350654406,0.016228724464930476,0.008027570263232068,0.9882640806161487,0.5064235206077239,0.5064322651112312,0.00662086415527541,795
logistic_regression_tau_0_5,CWE-665,0.00010818908122503328,0.1793103448275862,0.7989330999016977,0.9956382722223133,0.20106690009830236,0.8206896551724139,0.0010812384338677145,0.0026982150269821504,-0.009605301661414736,0.7985769114472807,0.48912172236464196,0.48951284572590514,0.0005657110731096654,141
logistic_regression_tau_0_5,CWE-668,0.060049334006206365,0.2324068088773971,0.9792983888267305,0.9955593818220994,0.020701611173269532,0.7675931911226029,0.09543258718861826,0.14763334429198963,0.10849647936152285,0.9750721445716748,0.6058525988520638,0.6058214648554825,0.014694183957622908,1364
logistic_regression_tau_0_5,CWE-704,0.0,0.0,0.9996716654198803,0.9981740994775633,0.00032833458011964254,1.0,,,-0.0008651213229166053,0.9978469627082307,0.49983583270994014,0.49877004763784055,0.001137281666821176,440
logistic_regression_tau_0_5,CWE-705,0.0010951819816126282,1.0,0.0,,1.0,0.0,0.0021879675998388443,0.005452024673510329,,0.0010951819816126282,0.5,0.5,0.0012451628588217342,264
logistic_regression_tau_0_5,CWE-706,0.000667800406487204,0.2,0.7999084257731388,0.9966496559970555,0.2000915742268612,0.8,0.006655780400587032,0.016474970324587612,-0.0006060956568006027,0.797896563353429,0.4999542128865694,0.49996045733598626,0.002283290109662768,807
logistic_regression_tau_0_5,CWE-74,0.35125891145970606,0.24840141085447714,0.9982050401648426,0.9970672964890754,0.0017949598351574773,0.7515985891455228,0.29084236748847314,0.2637755196074348,0.2929999040688097,0.9952873969102273,0.6233032255096599,0.6233998082575171,0.06363895996845004,938
logistic_regression_tau_0_5,CWE-754,0.00014102617279853998,0.2,0.7997882813997796,0.9993101199055422,0.2002117186002203,0.8,0.0014092680096161817,0.003515738098192497,-0.0004228422797011532,0.7993776946590078,0.4998941406998899,0.5000394388976901,0.0005163336294209647,167
logistic_regression_tau_0_5,CWE-834,0.08214285714285714,0.008571428571428572,0.9998213618012375,0.9985560776082003,0.00017863819876252261,0.9914285714285714,0.03879453879453879,0.026102158343012005,0.02601711732067576,0.9983779758935883,0.5041963951863331,0.5041963951863331,0.0032026111065965833,351
logistic_regression_tau_0_6,CWE-118,0.2364517654983802,0.38157770429853566,0.9434158655727984,0.9707740956673853,0.056584134427201595,0.6184222957014643,0.29195648370313715,0.33983979847415335,0.2595055084822993,0.9187449880758519,0.662496784935667,0.6638783634186949,0.13964199318343115,10585
logistic_regression_tau_0_6,CWE-190,0.06998037611738508,0.06613916862270008,0.9948842020338653,0.9945231862627268,0.005115797966134646,0.9338608313772999,0.06793567284661432,0.06683094491128297,0.06270735652914759,0.9894671729119283,0.5305116853282827,0.5312169212181552,0.022781812955066448,1406
logistic_regression_tau_0_6,CWE-191,,0.0,1.0,0.9993072153030658,0.0,1.0,,,,0.9993072153030658,0.5,0.5,0.0003880536565441689,167
logistic_regression_tau_0_6,CWE-20,0.04008494949044637,0.0685229796110625,0.9867770125442664,0.9924546524656039,0.013222987455733599,0.9314770203889374,0.05056059362926067,0.05998713498472476,0.0424109732873879,0.9794404163709464,0.5276499960776644,0.5279061562128196,0.013896781318255827,1926
logistic_regression_tau_0_6,CWE-269,,0.0,1.0,0.9995146361616323,0.0,1.0,,,,0.9995146361616323,0.5,0.5,0.0006285395547129194,117
logistic_regression_tau_0_6,CWE-285,0.05012066950147446,0.03176691729323308,0.9992773370457158,0.9988624716504709,0.0007226629542842494,0.968233082706767,0.03872721116734353,0.03420703176246511,0.03891095238444108,0.9981415210093608,0.5155221271694744,0.5157685446175055,0.003001181689291966,283
logistic_regression_tau_0_6,CWE-287,,0.0,1.0,0.998676655263292,0.0,1.0,,,,0.998676655263292,0.5,0.5,0.0014427608801302215,319
logistic_regression_tau_0_6,CWE-369,0.0,0.0,0.999958470121528,0.9988632882768329,4.15298784719042e-05,1.0,,,-0.00023600385608653113,0.9988218527553144,0.499979235060764,0.49998131134338764,0.0009606828740362571,274
logistic_regression_tau_0_6,CWE-400,,0.0,1.0,0.9976022170712152,0.0,1.0,,,,0.9976022170712152,0.5,0.5,0.0022117584559739507,578
logistic_regression_tau_0_6,CWE-404,0.0,0.0,0.9997206346623354,0.9949084830537682,0.0002793653376645117,1.0,,,-0.0013124706460990287,0.9946319517913402,0.4998603173311677,0.4993766604253954,0.003183846677978092,1227
logistic_regression_tau_0_6,CWE-476,0.08434710036666793,0.026730959446092977,0.9979655373922164,0.9931898689600638,0.0020344626077836944,0.9732690405539071,0.04054448206971268,0.03094601105601851,0.04372131125372523,0.9911846387223383,0.5123482484191546,0.5123565198692533,0.018451171908041925,1683
logistic_regression_tau_0_6,CWE-662,0.008279238713444903,0.02138364779874214,0.9914717180785162,0.9967446297210018,0.008528281921483808,0.9786163522012579,0.01193077267610045,0.0162322777463859,0.008033756214641644,0.9882723778220646,0.5064276829386292,0.5064322651112312,0.00662086415527541,795
logistic_regression_tau_0_6,CWE-665,0.0,0.0,0.9983064008624979,0.9994140890886772,0.0016935991375021473,1.0,,,-0.0011096113752631174,0.997722458753266,0.49915320043124894,0.48951284572590514,0.0005657110731096654,141
logistic_regression_tau_0_6,CWE-668,0.060049334006206365,0.2324068088773971,0.9792983888267305,0.9955593818220994,0.020701611173269532,0.7675931911226029,0.09543258718861826,0.14763334429198963,0.10849647936152285,0.9750721445716748,0.6058525988520638,0.6058214648554825,0.014694183957622908,1364
logistic_regression_tau_0_6,CWE-704,0.0,0.0,0.9996716654198803,0.9981740994775633,0.00032833458011964254,1.0,,,-0.0008651213229166053,0.9978469627082307,0.49983583270994014,0.49877004763784055,0.001137281666821176,440
logistic_regression_tau_0_6,CWE-705,,0.0,1.0,0.9989048180183874,0.0,1.0,,,,0.9989048180183874,0.5,0.5,0.0012451628588217342,264
logistic_regression_tau_0_6,CWE-706,0.0,0.0,0.9999084257731388,0.9966519243911571,9.157422686120772e-05,1.0,,,-0.0006060956568006027,0.9965609625404547,0.4999542128865694,0.49996045733598626,0.002283290109662768,807
logistic_regression_tau_0_6,CWE-74,0.35125891145970606,0.24840141085447714,0.9982050401648426,0.9970672964890754,0.0017949598351574773,0.7515985891455228,0.29084236748847314,0.2637755196074348,0.2929999040688097,0.9952873969102273,0.6233032255096599,0.6233998082575171,0.06363895996845004,938
logistic_regression_tau_0_6,CWE-754,0.0,0.0,0.9997882813997798,0.9993070697516352,0.00021171860022029055,1.0,,,-0.0004228422797011532,0.9990956423134107,0.4998941406998899,0.5000394388976901,0.0005163336294209647,167
logistic_regression_tau_0_6,CWE-834,0.08214285714285714,0.008571428571428572,0.9998213618012375,0.9985560776082003,0.00017863819876252261,0.9914285714285714,0.03879453879453879,0.026102158343012005,0.02601711732067576,0.9983779758935883,0.5041963951863331,0.5041963951863331,0.0032026111065965833,351
logistic_regression_tau_0_7,CWE-118,0.23640825842204888,0.3811053377420879,0.9434722659294243,0.9707541254182022,0.05652773407057565,0.6188946622579122,0.2917847296289258,0.3395217721374498,0.2592995670381928,0.9187781713934104,0.662288801835756,0.6638783634186949,0.13964199318343115,10585
logistic_regression_tau_0_7,CWE-190,0.06998037611738508,0.06613916862270008,0.9948842020338653,0.9945231862627268,0.005115797966134646,0.9338608313772999,0.06793567284661432,0.06683094491128297,0.06270735652914759,0.9894671729119283,0.5305116853282827,0.5312169212181552,0.022781812955066448,1406
logistic_regression_tau_0_7,CWE-191,,0.0,1.0,0.9993072153030658,0.0,1.0,,,,0.9993072153030658,0.5,0.5,0.0003880536565441689,167
logistic_regression_tau_0_7,CWE-20,0.04019703780927011,0.0685229796110625,0.9868104701244199,0.9924549036918476,0.013189529875580013,0.9314770203889374,0.05064978126848285,0.06003739057314218,0.04249703447992446,0.9794736064000267,0.5276667248677412,0.5279061562128196,0.013896781318255827,1926
logistic_regression_tau_0_7,CWE-269,,0.0,1.0,0.9995146361616323,0.0,1.0,,,,0.9995146361616323,0.5,0.5,0.0006285395547129194,117
logistic_regression_tau_0_7,CWE-285,0.05012066950147446,0.03176691729323308,0.9992773370457158,0.9988624716504709,0.0007226629542842494,0.968233082706767,0.03872721116734353,0.03420703176246511,0.03891095238444108,0.9981415210093608,0.5155221271694744,0.5157685446175055,0.003001181689291966,283
logistic_regression_tau_0_7,CWE-287,,0.0,1.0,0.998676655263292,0.0,1.0,,,,0.998676655263292,0.5,0.5,0.0014427608801302215,319
logistic_regression_tau_0_7,CWE-369,0.0,0.0,0.999958470121528,0.9988632882768329,4.15298784719042e-05,1.0,,,-0.00023600385608653113,0.9988218527553144,0.499979235060764,0.49998131134338764,0.0009606828740362571,274
logistic_regression_tau_0_7,CWE-400,,0.0,1.0,0.9976022170712152,0.0,1.0,,,,0.9976022170712152,0.5,0.5,0.0022117584559739507,578
logistic_regression_tau_0_7,CWE-404,0.0,0.0,0.9997206346623354,0.9949084830537682,0.0002793653376645117,1.0,,,-0.0013124706460990287,0.9946319517913402,0.4998603173311677,0.4993766604253954,0.003183846677978092,1227
logistic_regression_tau_0_7,CWE-476,0.08434710036666793,0.026730959446092977,0.9979655373922164,0.9931898689600638,0.0020344626077836944,0.9732690405539071,0.04054448206971268,0.03094601105601851,0.04372131125372523,0.9911846387223383,0.5123482484191546,0.5123565198692533,0.018451171908041925,1683
logistic_regression_tau_0_7,CWE-662,0.01632801161103048,0.003773584905660378,0.998039554092038,0.9967079950627651,0.001960445907961972,0.9962264150943396,0.009244485220790619,0.008569061255342037,0.004137432697305243,0.9947604773733583,0.5009065694988493,0.5064322651112312,0.00662086415527541,795
logistic_regression_tau_0_7,CWE-665,0.0,0.0,0.9983064008624979,0.9994140890886772,0.0016935991375021473,1.0,,,-0.0011096113752631174,0.997722458753266,0.49915320043124894,0.48951284572590514,0.0005657110731096654,141
logistic_regression_tau_0_7,CWE-668,0.060049334006206365,0.2324068088773971,0.9792983888267305,0.9955593818220994,0.020701611173269532,0.7675931911226029,0.09543258718861826,0.14763334429198963,0.10849647936152285,0.9750721445716748,0.6058525988520638,0.6058214648554825,0.014694183957622908,1364
logistic_regression_tau_0_7,CWE-704,0.0,0.0,0.9996716654198803,0.9981740994775633,0.00032833458011964254,1.0,,,-0.0008651213229166053,0.9978469627082307,0.49983583270994014,0.49877004763784055,0.001137281666821176,440
logistic_regression_tau_0_7,CWE-705,,0.0,1.0,0.9989048180183874,0.0,1.0,,,,0.9989048180183874,0.5,0.5,0.0012451628588217342,264
logistic_regression_tau_0_7,CWE-706,0.0,0.0,0.9999084257731388,0.9966519243911571,9.157422686120772e-05,1.0,,,-0.0006060956568006027,0.9965609625404547,0.4999542128865694,0.49996045733598626,0.002283290109662768,807
logistic_regression_tau_0_7,CWE-74,0.35125891145970606,0.24840141085447714,0.9982050401648426,0.9970672964890754,0.0017949598351574773,0.7515985891455228,0.29084236748847314,0.2637755196074348,0.2929999040688097,0.9952873969102273,0.6233032255096599,0.6233998082575171,0.06363895996845004,938
logistic_regression_tau_0_7,CWE-754,0.0,0.0,0.9997882813997798,0.9993070697516352,0.00021171860022029055,1.0,,,-0.0004228422797011532,0.9990956423134107,0.4998941406998899,0.5000394388976901,0.0005163336294209647,167
logistic_regression_tau_0_7,CWE-834,0.08214285714285714,0.008571428571428572,0.9998213618012375,0.9985560776082003,0.00017863819876252261,0.9914285714285714,0.03879453879453879,0.026102158343012005,0.02601711732067576,0.9983779758935883,0.5041963951863331,0.5041963951863331,0.0032026111065965833,351
logistic_regression_tau_0_8,CWE-118,0.2364646694140678,0.3811053377420879,0.9434896206383658,0.9707546511292348,0.0565103793616342,0.6188946622579122,0.2918271580846007,0.33954450369915523,0.2593419148453054,0.9187947640846728,0.6622974791902269,0.6638783634186949,0.13964199318343115,10585
logistic_regression_tau_0_8,CWE-190,0.07243700157572813,0.06613916862270008,0.9950636303706946,0.9945241609335579,0.004936369629305567,0.9338608313772999,0.06911519144805657,0.06729194391566343,0.06400354164161057,0.9896455539802241,0.5306013994966973,0.5312169212181552,0.022781812955066448,1406
logistic_regression_tau_0_8,CWE-191,,0.0,1.0,0.9993072153030658,0.0,1.0,,,,0.9993072153030658,0.5,0.5,0.0003880536565441689,167
logistic_regression_tau_0_8,CWE-20,0.04019703780927011,0.0685229796110625,0.9868104701244199,0.9924549036918476,0.013189529875580013,0.9314770203889374,0.05064978126848285,0.06003739057314218,0.04249703447992446,0.9794736064000267,0.5276667248677412,0.5279061562128196,0.013896781318255827,1926
logistic_regression_tau_0_8,CWE-269,,0.0,1.0,0.9995146361616323,0.0,1.0,,,,0.9995146361616323,0.5,0.5,0.0006285395547129194,117
logistic_regression_tau_0_8,CWE-285,0.05012066950147446,0.03176691729323308,0.9992773370457158,0.9988624716504709,0.0007226629542842494,0.968233082706767,0.03872721116734353,0.03420703176246511,0.03891095238444108,0.9981415210093608,0.5155221271694744,0.5157685446175055,0.003001181689291966,283
logistic_regression_tau_0_8,CWE-287,,0.0,1.0,0.998676655263292,0.0,1.0,,,,0.998676655263292,0.5,0.5,0.0014427608801302215,319
logistic_regression_tau_0_8,CWE-369,0.0,0.0,0.999958470121528,0.9988632882768329,4.15298784719042e-05,1.0,,,-0.00023600385608653113,0.9988218527553144,0.499979235060764,0.49998131134338764,0.0009606828740362571,274
logistic_regression_tau_0_8,CWE-400,,0.0,1.0,0.9976022170712152,0.0,1.0,,,,0.9976022170712152,0.5,0.5,0.0022117584559739507,578
logistic_regression_tau_0_8,CWE-404,0.0,0.0,0.9999666486013258,0.9949097274441684,3.33513986742819e-05,1.0,,,-0.0009224270024809402,0.9948767154977268,0.4999833243006629,0.4993766604253954,0.003183846677978092,1227
logistic_regression_tau_0_8,CWE-476,0.08434710036666793,0.026730959446092977,0.9979655373922164,0.9931898689600638,0.0020344626077836944,0.9732690405539071,0.04054448206971268,0.03094601105601851,0.04372131125372523,0.9911846387223383,0.5123482484191546,0.5123565198692533,0.018451171908041925,1683
logistic_regression_tau_0_8,CWE-662,0.019230769230769232,0.001257861635220126,0.9997960577340775,0.996705477164199,0.00020394226592242992,0.9987421383647799,0.011627906976744186,0.007704160246533128,0.004589025181307289,0.9965028906156987,0.5005269596846489,0.5064322651112312,0.00662086415527541,795
logistic_regression_tau_0_8,CWE-665,0.0,0.0,0.9983064008624979,0.9994140890886772,0.0016935991375021473,1.0,,,-0.0011096113752631174,0.997722458753266,0.49915320043124894,0.48951284572590514,0.0005657110731096654,141
logistic_regression_tau_0_8,CWE-668,0.060049334006206365,0.2324068088773971,0.9792983888267305,0.9955593818220994,0.020701611173269532,0.7675931911226029,0.09543258718861826,0.14763334429198963,0.10849647936152285,0.9750721445716748,0.6058525988520638,0.6058214648554825,0.014694183957622908,1364
logistic_regression_tau_0_8,CWE-704,0.0,0.0,0.9996716654198803,0.9981740994775633,0.00032833458011964254,1.0,,,-0.0008651213229166053,0.9978469627082307,0.49983583270994014,0.49877004763784055,0.001137281666821176,440
logistic_regression_tau_0_8,CWE-705,,0.0,1.0,0.9989048180183874,0.0,1.0,,,,0.9989048180183874,0.5,0.5,0.0012451628588217342,264
logistic_regression_tau_0_8,CWE-706,0.0,0.0,0.9999084257731388,0.9966519243911571,9.157422686120772e-05,1.0,,,-0.0006060956568006027,0.9965609625404547,0.4999542128865694,0.49996045733598626,0.002283290109662768,807
logistic_regression_tau_0_8,CWE-74,0.35125891145970606,0.24840141085447714,0.9982050401648426,0.9970672964890754,0.0017949598351574773,0.7515985891455228,0.29084236748847314,0.2637755196074348,0.2929999040688097,0.9952873969102273,0.6233032255096599,0.6233998082575171,0.06363895996845004,938
logistic_regression_tau_0_8,CWE-754,0.0,0.0,0.9997882813997798,0.9993070697516352,0.00021171860022029055,1.0,,,-0.0004228422797011532,0.9990956423134107,0.4998941406998899,0.5000394388976901,0.0005163336294209647,167
logistic_regression_tau_0_8,CWE-834,0.08214285714285714,0.008571428571428572,0.9998213618012375,0.9985560776082003,0.00017863819876252261,0.9914285714285714,0.03879453879453879,0.026102158343012005,0.02601711732067576,0.9983779758935883,0.5041963951863331,0.5041963951863331,0.0032026111065965833,351
logistic_regression_tau_0_9,CWE-118,0.3386162726162726,0.031365139348134154,0.9971189843722209,0.9572898929438491,0.0028810156277790837,0.9686348606518658,0.05728629370556865,0.03829525267019829,0.09146309220098661,0.9547118010114835,0.5142420618601775,0.6638783634186949,0.13964199318343115,10585
logistic_regression_tau_0_9,CWE-190,0.11574047238934093,0.04340627445041771,0.9968536345879455,0.9944016375518621,0.0031463654120544677,0.9565937255495822,0.05321213861909235,0.04632195973532667,0.05960886032550221,0.9912923685952034,0.5201299545191815,0.5312169212181552,0.022781812955066448,1406
logistic_regression_tau_0_9,CWE-191,,0.0,1.0,0.9993072153030658,0.0,1.0,,,,0.9993072153030658,0.5,0.5,0.0003880536565441689,167
logistic_regression_tau_0_9,CWE-20,0.04040816326530612,0.002077922077922078,0.9996027394856111,0.9920234817716777,0.0003972605143889891,0.9979220779220779,0.009205996080300864,0.0062912871906305535,0.011677560173683377,0.9916326593717594,0.5008403307817665,0.5279061562128196,0.013896781318255827,1926
logistic_regression_tau_0_9,CWE-269,,0.0,1.0,0.9995146361616323,0.0,1.0,,,,0.9995146361616323,0.5,0.5,0.0006285395547129194,117
logistic_regression_tau_0_9,CWE-285,0.05012066950147446,0.03176691729323308,0.9992773370457158,0.9988624716504709,0.0007226629542842494,0.968233082706767,0.03872721116734353,0.03420703176246511,0.03891095238444108,0.9981415210093608,0.5155221271694744,0.5157685446175055,0.003001181689291966,283
logistic_regression_tau_0_9,CWE-287,,0.0,1.0,0.998676655263292,0.0,1.0,,,,0.998676655263292,0.5,0.5,0.0014427608801302215,319
logistic_regression_tau_0_9,CWE-369,0.0,0.0,0.999958470121528,0.9988632882768329,4.15298784719042e-05,1.0,,,-0.00023600385608653113,0.9988218527553144,0.499979235060764,0.49998131134338764,0.0009606828740362571,274
logistic_regression_tau_0_9,CWE-400,,0.0,1.0,0.9976022170712152,0.0,1.0,,,,0.9976022170712152,0.5,0.5,0.0022117584559739507,578
logistic_regression_tau_0_9,CWE-404,,0.0,1.0,0.9949098967503192,0.0,1.0,,,,0.9949098967503192,0.5,0.4993766604253954,0.003183846677978092,1227
logistic_regression_tau_0_9,CWE-476,0.1554167764602547,0.015447929913805286,0.9989472439768547,0.9931181493349989,0.0010527560231451355,0.9845520700861947,0.026457586859738556,0.018489219856123403,0.0433993003723679,0.9920806720080609,0.50719758694533,0.5123565198692533,0.018451171908041925,1683
logistic_regression_tau_0_9,CWE-662,0.0,0.0,0.9998626609205008,0.9967015595621076,0.0001373390794992865,1.0,,,-0.0008589220351715646,0.9965651249107317,0.4999313304602504,0.5064322651112312,0.00662086415527541,795
logistic_regression_tau_0_9,CWE-665,0.0,0.0,0.9997966084993626,0.9994149561588566,0.00020339150063732698,1.0,,,-0.00037911952333572515,0.9992118008746262,0.4998983042496813,0.48951284572590514,0.0005657110731096654,141
logistic_regression_tau_0_9,CWE-668,0.060049334006206365,0.2324068088773971,0.9792983888267305,0.9955593818220994,0.020701611173269532,0.7675931911226029,0.09543258718861826,0.14763334429198963,0.10849647936152285,0.9750721445716748,0.6058525988520638,0.6058214648554825,0.014694183957622908,1364
logistic_regression_tau_0_9,CWE-704,,0.0,1.0,0.9981746979592373,0.0,1.0,,,,0.9981746979592373,0.5,0.49877004763784055,0.001137281666821176,440
logistic_regression_tau_0_9,CWE-705,,0.0,1.0,0.9989048180183874,0.0,1.0,,,,0.9989048180183874,0.5,0.5,0.0012451628588217342,264
logistic_regression_tau_0_9,CWE-706,,0.0,1.0,0.9966522300861488,0.0,1.0,,,,0.9966522300861488,0.5,0.49996045733598626,0.002283290109662768,807
logistic_regression_tau_0_9,CWE-74,0.35125891145970606,0.24840141085447714,0.9982050401648426,0.9970672964890754,0.0017949598351574773,0.7515985891455228,0.29084236748847314,0.2637755196074348,0.2929999040688097,0.9952873969102273,0.6233032255096599,0.6233998082575171,0.06363895996845004,938
logistic_regression_tau_0_9,CWE-754,0.0,0.0,0.9997882813997798,0.9993070697516352,0.00021171860022029055,1.0,,,-0.0004228422797011532,0.9990956423134107,0.4998941406998899,0.5000394388976901,0.0005163336294209647,167
logistic_regression_tau_0_9,CWE-834,0.08214285714285714,0.008571428571428572,0.9998213618012375,0.9985560776082003,0.00017863819876252261,0.9914285714285714,0.03879453879453879,0.026102158343012005,0.02601711732067576,0.9983779758935883,0.5041963951863331,0.5041963951863331,0.0032026111065965833,351
logistic_interactions_tau_0_1,CWE-118,0.04391095932153146,1.0,0.0,,1.0,0.0,0.08412778675095499,0.18675281500253121,,0.04391095932153146,0.5,0.6639185312379119,0.1428017008745402,10585
logistic_interactions_tau_0_1,CWE-190,0.005832668945827858,1.0,0.0,,1.0,0.0,0.01159769227217632,0.028498455348573183,,0.005832668945827858,0.5,0.5312222968253155,0.02256133550431936,1406
logistic_interactions_tau_0_1,CWE-191,0.0006927846969342311,1.0,0.0,,1.0,0.0,0.0013846099521398784,0.0034543489613727955,,0.0006927846969342311,0.5,0.5,0.0003880536565441689,167
logistic_interactions_tau_0_1,CWE-20,0.007989845633764248,1.0,0.0,,1.0,0.0,0.01585302785916827,0.03871201453314919,,0.007989845633764248,0.5,0.5279037699412695,0.01387148678221351,1926
logistic_interactions_tau_0_1,CWE-269,0.0004853638383677117,1.0,0.0,,1.0,0.0,0.0009702565440857498,0.002422114718145432,,0.0004853638383677117,0.5,0.5,0.0006285395547129194,117
logistic_interactions_tau_0_1,CWE-285,0.0011740010507655932,1.0,0.0,,1.0,0.0,0.002345248571322521,0.0058425664921943985,,0.0011740010507655932,0.5,0.5157685446175055,0.003001181689291966,283
logistic_interactions_tau_0_1,CWE-287,0.0013233447367079737,1.0,0.0,,1.0,0.0,0.002643191478543086,0.006581881886205443,,0.0013233447367079737,0.5,0.5,0.0014427608801302215,319
logistic_interactions_tau_0_1,CWE-369,0.001136664570049566,1.0,0.0,,1.0,0.0,0.0022707479275197217,0.005657598354241595,,0.001136664570049566,0.5,0.49998131134338764,0.0009606828740362571,274
logistic_interactions_tau_0_1,CWE-400,0.0023977829287847594,1.0,0.0,,1.0,0.0,0.0047840944338221735,0.01187501777538932,,0.0023977829287847594,0.5,0.5,0.0022117584559739507,578
logistic_interactions_tau_0_1,CWE-404,0.005086757026893417,0.9991869918699188,0.0001542502188685538,0.9736842105263158,0.9998457497811314,0.0008130081300813009,0.010121983848113901,0.024926196130841023,-0.008362423486784972,0.005239418886346171,0.4996706210443936,0.4993766604253954,0.003183846677978092,1227
logistic_interactions_tau_0_1,CWE-476,0.006981779152874261,1.0,0.0,,1.0,0.0,0.013866743590598963,0.03396047592483246,,0.006981779152874261,0.5,0.5123565198692533,0.018451171908041925,1683
logistic_interactions_tau_0_1,CWE-662,0.003297988914559992,1.0,0.0,,1.0,0.0,0.006574295873778058,0.016275242293923135,,0.003297988914559992,0.5,0.5064325268799775,0.006636031450554014,795
logistic_interactions_tau_0_1,CWE-665,0.0005731659888523913,0.9793103448275862,0.0011912666605915663,0.9934782608695653,0.9988087333394084,0.020689655172413793,0.0011456613192385736,0.002859135112328878,-0.010798384373265834,0.0017630494194680415,0.49025080574408886,0.48951284572590514,0.0005657110731096654,141
logistic_interactions_tau_0_1,CWE-668,0.005658435965019412,1.0,0.0,,1.0,0.0,0.011253196309996091,0.02766599356249458,,0.005658435965019412,0.5,0.6058214648554825,0.014694183957622908,1364
logistic_interactions_tau_0_1,CWE-704,0.0018253020407627627,1.0,0.0,,1.0,0.0,0.0036439527669716804,0.009060358638061244,,0.0018253020407627627,0.5,0.49877004763784055,0.001137281666821176,440
logistic_interactions_tau_0_1,CWE-705,0.0010951819816126282,1.0,0.0,,1.0,0.0,0.0021879675998388443,0.005452024673510329,,0.0010951819816126282,0.5,0.5,0.0012451628588217342,264
logistic_interactions_tau_0_1,CWE-706,0.003347769913851251,1.0,0.0,,1.0,0.0,0.006673199285864871,0.016517658271885883,,0.003347769913851251,0.5,0.49996045733598626,0.002283290109662768,807
logistic_interactions_tau_0_1,CWE-74,0.0038912118712270197,1.0,0.0,,1.0,0.0,0.007752257862307814,0.019157868084253387,,0.0038912118712270197,0.5,0.6233998082575171,0.06363895996845004,938
logistic_interactions_tau_0_1,CWE-754,0.0006927846968557118,1.0,0.0,,1.0,0.0,0.001384609951983493,0.003454348960986691,,0.0006927846968557118,0.5,0.5000394388976901,0.0005163336294209647,167
logistic_interactions_tau_0_1,CWE-834,0.0014560926337639194,1.0,0.0,,1.0,0.0,0.0029079508877309897,0.007238303280824585,,0.0014560926337639194,0.5,0.5041963951863331,0.0032026111065965833,351
logistic_interactions_tau_0_2,CWE-118,0.04391095932153146,1.0,0.0,,1.0,0.0,0.08412778675095499,0.18675281500253121,,0.04391095932153146,0.5,0.6639185312379119,0.1428017008745402,10585
logistic_interactions_tau_0_2,CWE-190,0.005832668945827858,1.0,0.0,,1.0,0.0,0.01159769227217632,0.028498455348573183,,0.005832668945827858,0.5,0.5312222968253155,0.02256133550431936,1406
logistic_interactions_tau_0_2,CWE-191,0.0006927846969342311,1.0,0.0,,1.0,0.0,0.0013846099521398784,0.0034543489613727955,,0.0006927846969342311,0.5,0.5,0.0003880536565441689,167
logistic_interactions_tau_0_2,CWE-20,0.007989845633764248,1.0,0.0,,1.0,0.0,0.01585302785916827,0.03871201453314919,,0.007989845633764248,0.5,0.5279037699412695,0.01387148678221351,1926
logistic_interactions_tau_0_2,CWE-269,0.0004853638383677117,1.0,0.0,,1.0,0.0,0.0009702565440857498,0.002422114718145432,,0.0004853638383677117,0.5,0.5,0.0006285395547129194,117
logistic_interactions_tau_0_2,CWE-285,0.0011740010507655932,1.0,0.0,,1.0,0.0,0.002345248571322521,0.0058425664921943985,,0.0011740010507655932,0.5,0.5157685446175055,0.003001181689291966,283
logistic_interactions_tau_0_2,CWE-287,0.0013233447367079737,1.0,0.0,,1.0,0.0,0.002643191478543086,0.006581881886205443,,0.0013233447367079737,0.5,0.5,0.0014427608801302215,319
logistic_interactions_tau_0_2,CWE-369,0.001136664570049566,1.0,0.0,,1.0,0.0,0.0022707479275197217,0.005657598354241595,,0.001136664570049566,0.5,0.49998131134338764,0.0009606828740362571,274
logistic_interactions_tau_0_2,CWE-400,0.0023977829287847594,1.0,0.0,,1.0,0.0,0.0047840944338221735,0.01187501777538932,,0.0023977829287847594,0.5,0.5,0.0022117584559739507,578
logistic_interactions_tau_0_2,CWE-404,0.005086904797335782,0.9991869918699188,0.00018343269270855046,0.9777777777777777,0.9998165673072915,0.0008130081300813009,0.010122276393887084,0.024926905702412988,-0.007344651280716381,0.005268452482364421,0.49968521228131363,0.4993766604253954,0.003183846677978092,1227
logistic_interactions_tau_0_2,CWE-476,0.006981779152874261,1.0,0.0,,1.0,0.0,0.013866743590598963,0.03396047592483246,,0.006981779152874261,0.5,0.5123565198692533,0.018451171908041925,1683
logistic_interactions_tau_0_2,CWE-662,0.003297988914559992,1.0,0.0,,1.0,0.0,0.006574295873778058,0.016275242293923135,,0.003297988914559992,0.5,0.5064325268799775,0.006636031450554014,795
logistic_interactions_tau_0_2,CWE-665,0.0005732946063562283,0.9793103448275862,0.0014278368951298986,0.9958904109589041,0.9985721631048701,0.020689655172413793,0.0011459182449628257,0.0028597751153629234,-0.008344988425934135,0.0019994776294601667,0.490369090861358,0.48951284572590514,0.0005657110731096654,141
logistic_interactions_tau_0_2,CWE-668,0.005658435965019412,1.0,0.0,,1.0,0.0,0.011253196309996091,0.02766599356249458,,0.005658435965019412,0.5,0.6058214648554825,0.014694183957622908,1364
logistic_interactions_tau_0_2,CWE-704,0.0018253020407627627,1.0,0.0,,1.0,0.0,0.0036439527669716804,0.009060358638061244,,0.0018253020407627627,0.5,0.49877004763784055,0.001137281666821176,440
logistic_interactions_tau_0_2,CWE-705,0.0010951819816126282,1.0,0.0,,1.0,0.0,0.0021879675998388443,0.005452024673510329,,0.0010951819816126282,0.5,0.5,0.0012451628588217342,264
logistic_interactions_tau_0_2,CWE-706,0.003347769913851251,1.0,0.0,,1.0,0.0,0.006673199285864871,0.016517658271885883,,0.003347769913851251,0.5,0.49996045733598626,0.002283290109662768,807
logistic_interactions_tau_0_2,CWE-74,0.0038912118712270197,1.0,0.0,,1.0,0.0,0.007752257862307814,0.019157868084253387,,0.0038912118712270197,0.5,0.6233998082575171,0.06363895996845004,938
logistic_interactions_tau_0_2,CWE-754,0.0006927846968557118,1.0,0.0,,1.0,0.0,0.001384609951983493,0.003454348960986691,,0.0006927846968557118,0.5,0.5000394388976901,0.0005163336294209647,167
logistic_interactions_tau_0_2,CWE-834,0.0014560926337639194,1.0,0.0,,1.0,0.0,0.0029079508877309897,0.007238303280824585,,0.0014560926337639194,0.5,0.5041963951863331,0.0032026111065965833,351
logistic_interactions_tau_0_3,CWE-118,0.04391095932153146,1.0,0.0,,1.0,0.0,0.08412778675095499,0.18675281500253121,,0.04391095932153146,0.5,0.6639185312379119,0.1428017008745402,10585
logistic_interactions_tau_0_3,CWE-190,0.005832668945827858,1.0,0.0,,1.0,0.0,0.01159769227217632,0.028498455348573183,,0.005832668945827858,0.5,0.5312222968253155,0.02256133550431936,1406
logistic_interactions_tau_0_3,CWE-191,0.0006927846969342311,1.0,0.0,,1.0,0.0,0.0013846099521398784,0.0034543489613727955,,0.0006927846969342311,0.5,0.5,0.0003880536565441689,167
logistic_interactions_tau_0_3,CWE-20,0.007989845633764248,1.0,0.0,,1.0,0.0,0.01585302785916827,0.03871201453314919,,0.007989845633764248,0.5,0.5279037699412695,0.01387148678221351,1926
logistic_interactions_tau_0_3,CWE-269,0.0004853638383677117,1.0,0.0,,1.0,0.0,0.0009702565440857498,0.002422114718145432,,0.0004853638383677117,0.5,0.5,0.0006285395547129194,117
logistic_interactions_tau_0_3,CWE-285,0.0011744599830296198,1.0,0.0003904377266078005,1.0,0.9996095622733921,0.0,0.0023461642797704433,0.005844839706186556,0.0007512374449958182,0.0015639795440137052,0.5001952188633039,0.5157685446175055,0.003001181689291966,283
logistic_interactions_tau_0_3,CWE-287,0.0013233447367079737,1.0,0.0,,1.0,0.0,0.002643191478543086,0.006581881886205443,,0.0013233447367079737,0.5,0.5,0.0014427608801302215,319
logistic_interactions_tau_0_3,CWE-369,0.001136664570049566,1.0,0.0,,1.0,0.0,0.0022707479275197217,0.005657598354241595,,0.001136664570049566,0.5,0.49998131134338764,0.0009606828740362571,274
logistic_interactions_tau_0_3,CWE-400,0.0023977829287847594,1.0,0.0,,1.0,0.0,0.0047840944338221735,0.01187501777538932,,0.0023977829287847594,0.5,0.5,0.0022117584559739507,578
logistic_interactions_tau_0_3,CWE-404,0.005086904797335782,0.9991869918699188,0.00018343269270855046,0.9777777777777777,0.9998165673072915,0.0008130081300813009,0.010122276393887084,0.024926905702412988,-0.007344651280716381,0.005268452482364421,0.49968521228131363,0.4993766604253954,0.003183846677978092,1227
logistic_interactions_tau_0_3,CWE-476,0.006981779152874261,1.0,0.0,,1.0,0.0,0.013866743590598963,0.03396047592483246,,0.006981779152874261,0.5,0.5123565198692533,0.018451171908041925,1683
logistic_interactions_tau_0_3,CWE-662,0.003297988914559992,1.0,0.0,,1.0,0.0,0.006574295873778058,0.016275242293923135,,0.003297988914559992,0.5,0.5064325268799775,0.006636031450554014,795
logistic_interactions_tau_0_3,CWE-665,0.0005732946063562283,0.9793103448275862,0.0014278368951298986,0.9958904109589041,0.9985721631048701,0.020689655172413793,0.0011459182449628257,0.0028597751153629234,-0.008344988425934135,0.0019994776294601667,0.490369090861358,0.48951284572590514,0.0005657110731096654,141
logistic_interactions_tau_0_3,CWE-668,0.005658435965019412,1.0,0.0,,1.0,0.0,0.011253196309996091,0.02766599356249458,,0.005658435965019412,0.5,0.6058214648554825,0.014694183957622908,1364
logistic_interactions_tau_0_3,CWE-704,0.0018212964632495113,0.9977272727272727,7.47974236442967e-05,0.9473684210526315,0.9999252025763556,0.0022727272727272726,0.0036359556884827636,0.009040470778735963,-0.023634002865180005,0.0018958151271620326,0.49890103507545847,0.49877004763784055,0.001137281666821176,440
logistic_interactions_tau_0_3,CWE-705,0.0010951819816126282,1.0,0.0,,1.0,0.0,0.0021879675998388443,0.005452024673510329,,0.0010951819816126282,0.5,0.5,0.0012451628588217342,264
logistic_interactions_tau_0_3,CWE-706,0.003347769913851251,1.0,0.0,,1.0,0.0,0.006673199285864871,0.016517658271885883,,0.003347769913851251,0.5,0.49996045733598626,0.002283290109662768,807
logistic_interactions_tau_0_3,CWE-74,0.0038912118712270197,1.0,0.0,,1.0,0.0,0.007752257862307814,0.019157868084253387,,0.0038912118712270197,0.5,0.6233998082575171,0.06363895996845004,938
logistic_interactions_tau_0_3,CWE-754,0.0006927846968557118,1.0,0.0,,1.0,0.0,0.001384609951983493,0.003454348960986691,,0.0006927846968557118,0.5,0.5000394388976901,0.0005163336294209647,167
logistic_interactions_tau_0_3,CWE-834,0.0014560926337639194,1.0,0.0,,1.0,0.0,0.0029079508877309897,0.007238303280824585,,0.0014560926337639194,0.5,0.5041963951863331,0.0032026111065965833,351
logistic_interactions_tau_0_4,CWE-118,0.236576542496218,0.38393953708077466,0.943103460480566,0.9708731014860985,0.056896539519434006,0.6160604629192253,0.29273961192547143,0.3413866757545912,0.26046249983608727,0.9185500133699527,0.6635214987806703,0.6639185312379119,0.1428017008745402,10585
logistic_interactions_tau_0_4,CWE-190,0.005832668945827858,1.0,0.0,,1.0,0.0,0.01159769227217632,0.028498455348573183,,0.005832668945827858,0.5,0.5312222968253155,0.02256133550431936,1406
logistic_interactions_tau_0_4,CWE-191,0.0006927846969342311,1.0,0.0,,1.0,0.0,0.0013846099521398784,0.0034543489613727955,,0.0006927846969342311,0.5,0.5,0.0003880536565441689,167
logistic_interactions_tau_0_4,CWE-20,0.007989845633764248,1.0,0.0,,1.0,0.0,0.01585302785916827,0.03871201453314919,,0.007989845633764248,0.5,0.5279037699412695,0.01387148678221351,1926
logistic_interactions_tau_0_4,CWE-269,0.0004853638383677117,1.0,0.0,,1.0,0.0,0.0009702565440857498,0.002422114718145432,,0.0004853638383677117,0.5,0.5,0.0006285395547129194,117
logistic_interactions_tau_0_4,CWE-285,0.0011745949333431178,1.0,0.0005067071394472657,1.0,0.9994932928605527,0.0,0.0023464335544114675,0.005845508230422851,0.0007653719619674842,0.0016801139280867038,0.5002533535697237,0.5157685446175055,0.003001181689291966,283
logistic_interactions_tau_0_4,CWE-287,0.0013233447367079737,1.0,0.0,,1.0,0.0,0.002643191478543086,0.006581881886205443,,0.0013233447367079737,0.5,0.5,0.0014427608801302215,319
logistic_interactions_tau_0_4,CWE-369,0.001136664570049566,1.0,0.0,,1.0,0.0,0.0022707479275197217,0.005657598354241595,,0.001136664570049566,0.5,0.49998131134338764,0.0009606828740362571,274
logistic_interactions_tau_0_4,CWE-400,0.0023977829287847594,1.0,0.0,,1.0,0.0,0.0047840944338221735,0.01187501777538932,,0.0023977829287847594,0.5,0.5,0.0022117584559739507,578
logistic_interactions_tau_0_4,CWE-404,0.005086925910904613,0.9991869918699188,0.0001876016175428357,0.9782608695652174,0.9998123983824572,0.0008130081300813009,0.010122318193045352,0.024927007086276994,-0.007216351061945089,0.005272600138938457,0.4996872967437308,0.4993766604253954,0.003183846677978092,1227
logistic_interactions_tau_0_4,CWE-476,0.006981779152874261,1.0,0.0,,1.0,0.0,0.013866743590598963,0.03396047592483246,,0.006981779152874261,0.5,0.5123565198692533,0.018451171908041925,1683
logistic_interactions_tau_0_4,CWE-662,0.003297988914559992,1.0,0.0,,1.0,0.0,0.006574295873778058,0.016275242293923135,,0.003297988914559992,0.5,0.5064325268799775,0.006636031450554014,795
logistic_interactions_tau_0_4,CWE-665,0.0005733126108630057,0.9793103448275862,0.0014610394932332003,0.996103896103896,0.9985389605067668,0.020689655172413793,0.0011459542105663305,0.00285986470497119,-0.008095264115888505,0.002032660258353941,0.4903856921604097,0.48951284572590514,0.0005657110731096654,141
logistic_interactions_tau_0_4,CWE-668,0.005658435965019412,1.0,0.0,,1.0,0.0,0.011253196309996091,0.02766599356249458,,0.005658435965019412,0.5,0.6058214648554825,0.014694183957622908,1364
logistic_interactions_tau_0_4,CWE-704,0.0018212964632495113,0.9977272727272727,7.47974236442967e-05,0.9473684210526315,0.9999252025763556,0.0022727272727272726,0.0036359556884827636,0.009040470778735963,-0.023634002865180005,0.0018958151271620326,0.49890103507545847,0.49877004763784055,0.001137281666821176,440
logistic_interactions_tau_0_4,CWE-705,0.0010951819816126282,1.0,0.0,,1.0,0.0,0.0021879675998388443,0.005452024673510329,,0.0010951819816126282,0.5,0.5,0.0012451628588217342,264
logistic_interactions_tau_0_4,CWE-706,0.003347769913851251,1.0,0.0,,1.0,0.0,0.006673199285864871,0.016517658271885883,,0.003347769913851251,0.5,0.49996045733598626,0.002283290109662768,807
logistic_interactions_tau_0_4,CWE-74,0.0038912118712270197,1.0,0.0,,1.0,0.0,0.007752257862307814,0.019157868084253387,,0.0038912118712270197,0.5,0.6233998082575171,0.06363895996845004,938
logistic_interactions_tau_0_4,CWE-754,0.0006927846968557118,1.0,0.0,,1.0,0.0,0.001384609951983493,0.003454348960986691,,0.0006927846968557118,0.5,0.5000394388976901,0.0005163336294209647,167
logistic_interactions_tau_0_4,CWE-834,0.0014560926337639194,1.0,0.0,,1.0,0.0,0.0029079508877309897,0.007238303280824585,,0.0014560926337639194,0.5,0.5041963951863331,0.0032026111065965833,351
logistic_interactions_tau_0_5,CWE-118,0.236576542496218,0.38393953708077466,0.943103460480566,0.9708731014860985,0.056896539519434006,0.6160604629192253,0.29273961192547143,0.3413866757545912,0.26046249983608727,0.9185500133699527,0.6635214987806703,0.6639185312379119,0.1428017008745402,10585
logistic_interactions_tau_0_5,CWE-190,0.07018804152972885,0.06756265616718407,0.9947757090895042,0.9945308807698625,0.005224290910495763,0.932437343832816,0.06881645257390266,0.06805100607751913,0.06350195697471986,0.9893676089353856,0.5311691826283441,0.5312222968253155,0.02256133550431936,1406
logistic_interactions_tau_0_5,CWE-191,0.0006927846969342311,1.0,0.0,,1.0,0.0,0.0013846099521398784,0.0034543489613727955,,0.0006927846969342311,0.5,0.5,0.0003880536565441689,167
logistic_interactions_tau_0_5,CWE-20,0.040294002508422924,0.06904246013054302,0.9867477423863062,0.9924586046569374,0.013252257613693714,0.930957539869457,0.05086784270446051,0.060398781789364045,0.04273752591478301,0.9794155285387343,0.5278951012584246,0.5279037699412695,0.01387148678221351,1926
logistic_interactions_tau_0_5,CWE-269,0.0004853638383677117,1.0,0.0,,1.0,0.0,0.0009702565440857498,0.002422114718145432,,0.0004853638383677117,0.5,0.5,0.0006285395547129194,117
logistic_interactions_tau_0_5,CWE-285,0.05012066950147446,0.03176691729323308,0.9992773370457158,0.9988624716504709,0.0007226629542842494,0.968233082706767,0.03872721116734353,0.03420703176246511,0.03891095238444108,0.9981415210093608,0.5155221271694744,0.5157685446175055,0.003001181689291966,283
logistic_interactions_tau_0_5,CWE-287,0.0013276080237309934,0.2,0.8,0.9986777210850477,0.2,0.8,0.0026516956350603883,0.006602975465819285,,0.7992076984727844,0.5,0.5,0.0014427608801302215,319
logistic_interactions_tau_0_5,CWE-369,0.0002281826290787645,0.2,0.7999584701215281,0.9988643386323897,0.2000415298784719,0.8,0.002279225892006133,0.005678650339686539,-0.00023600385608653113,0.7992782180134719,0.499979235060764,0.49998131134338764,0.0009606828740362571,274
logistic_interactions_tau_0_5,CWE-400,0.0023977829287847594,1.0,0.0,,1.0,0.0,0.0047840944338221735,0.01187501777538932,,0.0023977829287847594,0.5,0.5,0.0022117584559739507,578
logistic_interactions_tau_0_5,CWE-404,0.0020377448466797022,0.39918699186991874,0.5995496273813727,0.9907497046306775,0.40045037261862737,0.6008130081300813,0.010136977616577093,0.024962110430222492,-0.003547397988842063,0.5985395059626114,0.4993683096256457,0.4993766604253954,0.003183846677978092,1227
logistic_interactions_tau_0_5,CWE-476,0.08434710036666793,0.026730959446092977,0.9979655373922164,0.9931898689600638,0.0020344626077836944,0.9732690405539071,0.04054448206971268,0.03094601105601851,0.04372131125372523,0.9911846387223383,0.5123482484191546,0.5123565198692533,0.018451171908041925,1683
logistic_interactions_tau_0_5,CWE-662,0.008274809623180043,0.02138364779874214,0.9914633934167055,0.9967446022170788,0.008536606583294424,0.9786163522012579,0.011926081350654406,0.016228724464930476,0.008027570263232068,0.9882640806161487,0.5064235206077239,0.5064325268799775,0.006636031450554014,795
logistic_interactions_tau_0_5,CWE-665,0.00010818908122503328,0.1793103448275862,0.7989330999016977,0.9956382722223133,0.20106690009830236,0.8206896551724139,0.0010812384338677145,0.0026982150269821504,-0.009605301661414736,0.7985769114472807,0.48912172236464196,0.48951284572590514,0.0005657110731096654,141
logistic_interactions_tau_0_5,CWE-668,0.060049334006206365,0.2324068088773971,0.9792983888267305,0.9955593818220994,0.020701611173269532,0.7675931911226029,0.09543258718861826,0.14763334429198963,0.10849647936152285,0.9750721445716748,0.6058525988520638,0.6058214648554825,0.014694183957622908,1364
logistic_interactions_tau_0_5,CWE-704,0.0,0.0,0.9996716654198803,0.9981740994775633,0.00032833458011964254,1.0,,,-0.0008651213229166053,0.9978469627082307,0.49983583270994014,0.49877004763784055,0.001137281666821176,440
logistic_interactions_tau_0_5,CWE-705,0.0010951819816126282,1.0,0.0,,1.0,0.0,0.0021879675998388443,0.005452024673510329,,0.0010951819816126282,0.5,0.5,0.0012451628588217342,264
logistic_interactions_tau_0_5,CWE-706,0.000667800406487204,0.2,0.7999084257731388,0.9966496559970555,0.2000915742268612,0.8,0.006655780400587032,0.016474970324587612,-0.0006060956568006027,0.797896563353429,0.4999542128865694,0.49996045733598626,0.002283290109662768,807
logistic_interactions_tau_0_5,CWE-74,0.35125891145970606,0.24840141085447714,0.9982050401648426,0.9970672964890754,0.0017949598351574773,0.7515985891455228,0.29084236748847314,0.2637755196074348,0.2929999040688097,0.9952873969102273,0.6233032255096599,0.6233998082575171,0.06363895996845004,938
logistic_interactions_tau_0_5,CWE-754,0.00014102617279853998,0.2,0.7997882813997796,0.9993101199055422,0.2002117186002203,0.8,0.0014092680096161817,0.003515738098192497,-0.0004228422797011532,0.7993776946590078,0.4998941406998899,0.5000394388976901,0.0005163336294209647,167
logistic_interactions_tau_0_5,CWE-834,0.08214285714285714,0.008571428571428572,0.9998213618012375,0.9985560776082003,0.00017863819876252261,0.9914285714285714,0.03879453879453879,0.026102158343012005,0.02601711732067576,0.9983779758935883,0.5041963951863331,0.5041963951863331,0.0032026111065965833,351
logistic_interactions_tau_0_6,CWE-118,0.23645602944393235,0.383656117146906,0.9431077998166476,0.970860230845938,0.05689220018335243,0.616343882853094,0.2925646491123479,0.34115690122326897,0.2602675093263286,0.9185417153894514,0.6633819584817767,0.6639185312379119,0.1428017008745402,10585
logistic_interactions_tau_0_6,CWE-190,0.06998037611738508,0.06613916862270008,0.9948842020338653,0.9945231862627268,0.005115797966134646,0.9338608313772999,0.06793567284661432,0.06683094491128297,0.06270735652914759,0.9894671729119283,0.5305116853282827,0.5312222968253155,0.02256133550431936,1406
logistic_interactions_tau_0_6,CWE-191,,0.0,1.0,0.9993072153030658,0.0,1.0,,,,0.9993072153030658,0.5,0.5,0.0003880536565441689,167
logistic_interactions_tau_0_6,CWE-20,0.04008494949044637,0.0685229796110625,0.9867770125442664,0.9924546524656039,0.013222987455733599,0.9314770203889374,0.05056059362926067,0.05998713498472476,0.0424109732873879,0.9794404163709464,0.5276499960776644,0.5279037699412695,0.01387148678221351,1926
logistic_interactions_tau_0_6,CWE-269,,0.0,1.0,0.9995146361616323,0.0,1.0,,,,0.9995146361616323,0.5,0.5,0.0006285395547129194,117
logistic_interactions_tau_0_6,CWE-285,0.05012066950147446,0.03176691729323308,0.9992773370457158,0.9988624716504709,0.0007226629542842494,0.968233082706767,0.03872721116734353,0.03420703176246511,0.03891095238444108,0.9981415210093608,0.5155221271694744,0.5157685446175055,0.003001181689291966,283
logistic_interactions_tau_0_6,CWE-287,,0.0,1.0,0.998676655263292,0.0,1.0,,,,0.998676655263292,0.5,0.5,0.0014427608801302215,319
logistic_interactions_tau_0_6,CWE-369,0.0,0.0,0.999958470121528,0.9988632882768329,4.15298784719042e-05,1.0,,,-0.00023600385608653113,0.9988218527553144,0.499979235060764,0.49998131134338764,0.0009606828740362571,274
logistic_interactions_tau_0_6,CWE-400,,0.0,1.0,0.9976022170712152,0.0,1.0,,,,0.9976022170712152,0.5,0.5,0.0022117584559739507,578
logistic_interactions_tau_0_6,CWE-404,0.0,0.0,0.9997206346623354,0.9949084830537682,0.0002793653376645117,1.0,,,-0.0013124706460990287,0.9946319517913402,0.4998603173311677,0.4993766604253954,0.003183846677978092,1227
logistic_interactions_tau_0_6,CWE-476,0.08434710036666793,0.026730959446092977,0.9979655373922164,0.9931898689600638,0.0020344626077836944,0.9732690405539071,0.04054448206971268,0.03094601105601851,0.04372131125372523,0.9911846387223383,0.5123482484191546,0.5123565198692533,0.018451171908041925,1683
logistic_interactions_tau_0_6,CWE-662,0.008279238713444903,0.02138364779874214,0.9914717180785162,0.9967446297210018,0.008528281921483808,0.9786163522012579,0.01193077267610045,0.0162322777463859,0.008033756214641644,0.9882723778220646,0.5064276829386292,0.5064325268799775,0.006636031450554014,795
logistic_interactions_tau_0_6,CWE-665,0.0,0.0,0.9983064008624979,0.9994140890886772,0.0016935991375021473,1.0,,,-0.0011096113752631174,0.997722458753266,0.49915320043124894,0.48951284572590514,0.0005657110731096654,141
logistic_interactions_tau_0_6,CWE-668,0.060049334006206365,0.2324068088773971,0.9792983888267305,0.9955593818220994,0.020701611173269532,0.7675931911226029,0.09543258718861826,0.14763334429198963,0.10849647936152285,0.9750721445716748,0.6058525988520638,0.6058214648554825,0.014694183957622908,1364
logistic_interactions_tau_0_6,CWE-704,0.0,0.0,0.9996716654198803,0.9981740994775633,0.00032833458011964254,1.0,,,-0.0008651213229166053,0.9978469627082307,0.49983583270994014,0.49877004763784055,0.001137281666821176,440
logistic_interactions_tau_0_6,CWE-705,,0.0,1.0,0.9989048180183874,0.0,1.0,,,,0.9989048180183874,0.5,0.5,0.0012451628588217342,264
logistic_interactions_tau_0_6,CWE-706,0.0,0.0,0.9999084257731388,0.9966519243911571,9.157422686120772e-05,1.0,,,-0.0006060956568006027,0.9965609625404547,0.4999542128865694,0.49996045733598626,0.002283290109662768,807
logistic_interactions_tau_0_6,CWE-74,0.35125891145970606,0.24840141085447714,0.9982050401648426,0.9970672964890754,0.0017949598351574773,0.7515985891455228,0.29084236748847314,0.2637755196074348,0.2929999040688097,0.9952873969102273,0.6233032255096599,0.6233998082575171,0.06363895996845004,938
logistic_interactions_tau_0_6,CWE-754,0.0,0.0,0.9997882813997798,0.9993070697516352,0.00021171860022029055,1.0,,,-0.0004228422797011532,0.9990956423134107,0.4998941406998899,0.5000394388976901,0.0005163336294209647,167
logistic_interactions_tau_0_6,CWE-834,0.08214285714285714,0.008571428571428572,0.9998213618012375,0.9985560776082003,0.00017863819876252261,0.9914285714285714,0.03879453879453879,0.026102158343012005,0.02601711732067576,0.9983779758935883,0.5041963951863331,0.5041963951863331,0.0032026111065965833,351
logistic_interactions_tau_0_7,CWE-118,0.23636619544278054,0.3834671705243269,0.9431077998166476,0.9708515656292125,0.05689220018335243,0.6165328294756731,0.292440778432031,0.34099980513190375,0.2601303676561784,0.9185334183554126,0.6632874851704872,0.6639185312379119,0.1428017008745402,10585
logistic_interactions_tau_0_7,CWE-190,0.06998037611738508,0.06613916862270008,0.9948842020338653,0.9945231862627268,0.005115797966134646,0.9338608313772999,0.06793567284661432,0.06683094491128297,0.06270735652914759,0.9894671729119283,0.5305116853282827,0.5312222968253155,0.02256133550431936,1406
logistic_interactions_tau_0_7,CWE-191,,0.0,1.0,0.9993072153030658,0.0,1.0,,,,0.9993072153030658,0.5,0.5,0.0003880536565441689,167
logistic_interactions_tau_0_7,CWE-20,0.04008494949044637,0.0685229796110625,0.9867770125442664,0.9924546524656039,0.013222987455733599,0.9314770203889374,0.05056059362926067,0.05998713498472476,0.0424109732873879,0.9794404163709464,0.5276499960776644,0.5279037699412695,0.01387148678221351,1926
logistic_interactions_tau_0_7,CWE-269,,0.0,1.0,0.9995146361616323,0.0,1.0,,,,0.9995146361616323,0.5,0.5,0.0006285395547129194,117
logistic_interactions_tau_0_7,CWE-285,0.05012066950147446,0.03176691729323308,0.9992773370457158,0.9988624716504709,0.0007226629542842494,0.968233082706767,0.03872721116734353,0.03420703176246511,0.03891095238444108,0.9981415210093608,0.5155221271694744,0.5157685446175055,0.003001181689291966,283
logistic_interactions_tau_0_7,CWE-287,,0.0,1.0,0.998676655263292,0.0,1.0,,,,0.998676655263292,0.5,0.5,0.0014427608801302215,319
logistic_interactions_tau_0_7,CWE-369,0.0,0.0,0.999958470121528,0.9988632882768329,4.15298784719042e-05,1.0,,,-0.00023600385608653113,0.9988218527553144,0.499979235060764,0.49998131134338764,0.0009606828740362571,274
logistic_interactions_tau_0_7,CWE-400,,0.0,1.0,0.9976022170712152,0.0,1.0,,,,0.9976022170712152,0.5,0.5,0.0022117584559739507,578
logistic_interactions_tau_0_7,CWE-404,0.0,0.0,0.9998498971489911,0.9949091370181915,0.0001501028510089364,1.0,,,-0.0009719977720138959,0.9947605573667359,0.49992494857449554,0.4993766604253954,0.003183846677978092,1227
logistic_interactions_tau_0_7,CWE-476,0.08434710036666793,0.026730959446092977,0.9979655373922164,0.9931898689600638,0.0020344626077836944,0.9732690405539071,0.04054448206971268,0.03094601105601851,0.04372131125372523,0.9911846387223383,0.5123482484191546,0.5123565198692533,0.018451171908041925,1683
logistic_interactions_tau_0_7,CWE-662,0.01632801161103048,0.003773584905660378,0.9980520406517893,0.9967080361258267,0.001947959348210592,0.9962264150943396,0.009244485220790619,0.008569061255342037,0.004162150609849464,0.9947729227521181,0.5009128127787249,0.5064325268799775,0.006636031450554014,795
logistic_interactions_tau_0_7,CWE-665,0.0,0.0,0.9985014891290256,0.9994142027784312,0.0014985108709745063,1.0,,,-0.0010435288330900101,0.9979174337171128,0.4992507445645128,0.48951284572590514,0.0005657110731096654,141
logistic_interactions_tau_0_7,CWE-668,0.060049334006206365,0.2324068088773971,0.9792983888267305,0.9955593818220994,0.020701611173269532,0.7675931911226029,0.09543258718861826,0.14763334429198963,0.10849647936152285,0.9750721445716748,0.6058525988520638,0.6058214648554825,0.014694183957622908,1364
logistic_interactions_tau_0_7,CWE-704,0.0,0.0,0.9996716654198803,0.9981740994775633,0.00032833458011964254,1.0,,,-0.0008651213229166053,0.9978469627082307,0.49983583270994014,0.49877004763784055,0.001137281666821176,440
logistic_interactions_tau_0_7,CWE-705,,0.0,1.0,0.9989048180183874,0.0,1.0,,,,0.9989048180183874,0.5,0.5,0.0012451628588217342,264
logistic_interactions_tau_0_7,CWE-706,0.0,0.0,0.9999084257731388,0.9966519243911571,9.157422686120772e-05,1.0,,,-0.0006060956568006027,0.9965609625404547,0.4999542128865694,0.49996045733598626,0.002283290109662768,807
logistic_interactions_tau_0_7,CWE-74,0.35125891145970606,0.24840141085447714,0.9982050401648426,0.9970672964890754,0.0017949598351574773,0.7515985891455228,0.29084236748847314,0.2637755196074348,0.2929999040688097,0.9952873969102273,0.6233032255096599,0.6233998082575171,0.06363895996845004,938
logistic_interactions_tau_0_7,CWE-754,0.0,0.0,0.9997882813997798,0.9993070697516352,0.00021171860022029055,1.0,,,-0.0004228422797011532,0.9990956423134107,0.4998941406998899,0.5000394388976901,0.0005163336294209647,167
logistic_interactions_tau_0_7,CWE-834,0.08214285714285714,0.008571428571428572,0.9998213618012375,0.9985560776082003,0.00017863819876252261,0.9914285714285714,0.03879453879453879,0.026102158343012005,0.02601711732067576,0.9983779758935883,0.5041963951863331,0.5041963951863331,0.0032026111065965833,351
logistic_interactions_tau_0_8,CWE-118,0.23618361695975326,0.3829948039678791,0.9431208178248923,0.970830291885558,0.05687918217510769,0.6170051960321209,0.29216304221528927,0.3406243345253722,0.25981922229663634,0.9185251211494967,0.6630578108963856,0.6639185312379119,0.1428017008745402,10585
logistic_interactions_tau_0_8,CWE-190,0.07243700157572813,0.06613916862270008,0.9950636303706946,0.9945241609335579,0.004936369629305567,0.9338608313772999,0.06911519144805657,0.06729194391566343,0.06400354164161057,0.9896455539802241,0.5306013994966973,0.5312222968253155,0.02256133550431936,1406
logistic_interactions_tau_0_8,CWE-191,,0.0,1.0,0.9993072153030658,0.0,1.0,,,,0.9993072153030658,0.5,0.5,0.0003880536565441689,167
logistic_interactions_tau_0_8,CWE-20,0.04008494949044637,0.0685229796110625,0.9867770125442664,0.9924546524656039,0.013222987455733599,0.9314770203889374,0.05056059362926067,0.05998713498472476,0.0424109732873879,0.9794404163709464,0.5276499960776644,0.5279037699412695,0.01387148678221351,1926
logistic_interactions_tau_0_8,CWE-269,,0.0,1.0,0.9995146361616323,0.0,1.0,,,,0.9995146361616323,0.5,0.5,0.0006285395547129194,117
logistic_interactions_tau_0_8,CWE-285,0.05012066950147446,0.03176691729323308,0.9992773370457158,0.9988624716504709,0.0007226629542842494,0.968233082706767,0.03872721116734353,0.03420703176246511,0.03891095238444108,0.9981415210093608,0.5155221271694744,0.5157685446175055,0.003001181689291966,283
logistic_interactions_tau_0_8,CWE-287,,0.0,1.0,0.998676655263292,0.0,1.0,,,,0.998676655263292,0.5,0.5,0.0014427608801302215,319
logistic_interactions_tau_0_8,CWE-369,0.0,0.0,0.999958470121528,0.9988632882768329,4.15298784719042e-05,1.0,,,-0.00023600385608653113,0.9988218527553144,0.499979235060764,0.49998131134338764,0.0009606828740362571,274
logistic_interactions_tau_0_8,CWE-400,,0.0,1.0,0.9976022170712152,0.0,1.0,,,,0.9976022170712152,0.5,0.5,0.0022117584559739507,578
logistic_interactions_tau_0_8,CWE-404,0.0,0.0,0.9999666486013258,0.9949097274441684,3.33513986742819e-05,1.0,,,-0.0009224270024809402,0.9948767154977268,0.4999833243006629,0.4993766604253954,0.003183846677978092,1227
logistic_interactions_tau_0_8,CWE-476,0.08434710036666793,0.026730959446092977,0.9979655373922164,0.9931898689600638,0.0020344626077836944,0.9732690405539071,0.04054448206971268,0.03094601105601851,0.04372131125372523,0.9911846387223383,0.5123482484191546,0.5123565198692533,0.018451171908041925,1683
logistic_interactions_tau_0_8,CWE-662,0.019230769230769232,0.001257861635220126,0.9998127056720774,0.9967055319124858,0.00018729432792257395,0.9987421383647799,0.011627906976744186,0.007704160246533128,0.004628244014793525,0.9965194836510328,0.5005352836536489,0.5064325268799775,0.006636031450554014,795
logistic_interactions_tau_0_8,CWE-665,0.0,0.0,0.9985014891290256,0.9994142027784312,0.0014985108709745063,1.0,,,-0.0010435288330900101,0.9979174337171128,0.4992507445645128,0.48951284572590514,0.0005657110731096654,141
logistic_interactions_tau_0_8,CWE-668,0.060049334006206365,0.2324068088773971,0.9792983888267305,0.9955593818220994,0.020701611173269532,0.7675931911226029,0.09543258718861826,0.14763334429198963,0.10849647936152285,0.9750721445716748,0.6058525988520638,0.6058214648554825,0.014694183957622908,1364
logistic_interactions_tau_0_8,CWE-704,0.0,0.0,0.9996716654198803,0.9981740994775633,0.00032833458011964254,1.0,,,-0.0008651213229166053,0.9978469627082307,0.49983583270994014,0.49877004763784055,0.001137281666821176,440
logistic_interactions_tau_0_8,CWE-705,,0.0,1.0,0.9989048180183874,0.0,1.0,,,,0.9989048180183874,0.5,0.5,0.0012451628588217342,264
logistic_interactions_tau_0_8,CWE-706,0.0,0.0,0.9999084257731388,0.9966519243911571,9.157422686120772e-05,1.0,,,-0.0006060956568006027,0.9965609625404547,0.4999542128865694,0.49996045733598626,0.002283290109662768,807
logistic_interactions_tau_0_8,CWE-74,0.35125891145970606,0.24840141085447714,0.9982050401648426,0.9970672964890754,0.0017949598351574773,0.7515985891455228,0.29084236748847314,0.2637755196074348,0.2929999040688097,0.9952873969102273,0.6233032255096599,0.6233998082575171,0.06363895996845004,938
logistic_interactions_tau_0_8,CWE-754,0.0,0.0,0.9997882813997798,0.9993070697516352,0.00021171860022029055,1.0,,,-0.0004228422797011532,0.9990956423134107,0.4998941406998899,0.5000394388976901,0.0005163336294209647,167
logistic_interactions_tau_0_8,CWE-834,0.08214285714285714,0.008571428571428572,0.9998213618012375,0.9985560776082003,0.00017863819876252261,0.9914285714285714,0.03879453879453879,0.026102158343012005,0.02601711732067576,0.9983779758935883,0.5041963951863331,0.5041963951863331,0.0032026111065965833,351
logistic_interactions_tau_0_9,CWE-118,0.39392280999611107,0.02267359470949457,0.9983338971160466,0.9569733266279744,0.0016661028839534014,0.9773264052905054,0.04276993986560775,0.027920658533224625,0.08530202590449336,0.955491706117353,0.5105037459127706,0.6639185312379119,0.1428017008745402,10585
logistic_interactions_tau_0_9,CWE-190,0.1199986273053906,0.0441180182226597,0.9968828462893186,0.9944059278631927,0.003117153710681518,0.9558819817773403,0.05458299849217955,0.04723200936157519,0.06148047183619232,0.9913255586236807,0.5205004322559891,0.5312222968253155,0.02256133550431936,1406
logistic_interactions_tau_0_9,CWE-191,,0.0,1.0,0.9993072153030658,0.0,1.0,,,,0.9993072153030658,0.5,0.5,0.0003880536565441689,167
logistic_interactions_tau_0_9,CWE-20,,0.0,1.0,0.9920101543662359,0.0,1.0,,,,0.9920101543662359,0.5,0.5279037699412695,0.01387148678221351,1926
logistic_interactions_tau_0_9,CWE-269,,0.0,1.0,0.9995146361616323,0.0,1.0,,,,0.9995146361616323,0.5,0.5,0.0006285395547129194,117
logistic_interactions_tau_0_9,CWE-285,0.05012066950147446,0.03176691729323308,0.9992773370457158,0.9988624716504709,0.0007226629542842494,0.968233082706767,0.03872721116734353,0.03420703176246511,0.03891095238444108,0.9981415210093608,0.5155221271694744,0.5157685446175055,0.003001181689291966,283
logistic_interactions_tau_0_9,CWE-287,,0.0,1.0,0.998676655263292,0.0,1.0,,,,0.998676655263292,0.5,0.5,0.0014427608801302215,319
logistic_interactions_tau_0_9,CWE-369,0.0,0.0,0.999958470121528,0.9988632882768329,4.15298784719042e-05,1.0,,,-0.00023600385608653113,0.9988218527553144,0.499979235060764,0.49998131134338764,0.0009606828740362571,274
logistic_interactions_tau_0_9,CWE-400,,0.0,1.0,0.9976022170712152,0.0,1.0,,,,0.9976022170712152,0.5,0.5,0.0022117584559739507,578
logistic_interactions_tau_0_9,CWE-404,,0.0,1.0,0.9949098967503192,0.0,1.0,,,,0.9949098967503192,0.5,0.4993766604253954,0.003183846677978092,1227
logistic_interactions_tau_0_9,CWE-476,0.1554167764602547,0.015447929913805286,0.9989472439768547,0.9931181493349989,0.0010527560231451355,0.9845520700861947,0.026457586859738556,0.018489219856123403,0.0433993003723679,0.9920806720080609,0.50719758694533,0.5123565198692533,0.018451171908041925,1683
logistic_interactions_tau_0_9,CWE-662,0.0,0.0,0.9998917917804853,0.9967016553189524,0.00010820821951468421,1.0,,,-0.0009418400360442212,0.9965941597110138,0.49994589589024263,0.5064325268799775,0.006636031450554014,795
logistic_interactions_tau_0_9,CWE-665,0.0,0.0,0.9999916967658903,0.9994150694286738,8.303234109685722e-06,1.0,,,-0.0001552973840636489,0.999406775838473,0.49999584838294514,0.48951284572590514,0.0005657110731096654,141
logistic_interactions_tau_0_9,CWE-668,0.060049334006206365,0.2324068088773971,0.9792983888267305,0.9955593818220994,0.020701611173269532,0.7675931911226029,0.09543258718861826,0.14763334429198963,0.10849647936152285,0.9750721445716748,0.6058525988520638,0.6058214648554825,0.014694183957622908,1364
logistic_interactions_tau_0_9,CWE-704,,0.0,1.0,0.9981746979592373,0.0,1.0,,,,0.9981746979592373,0.5,0.49877004763784055,0.001137281666821176,440
logistic_interactions_tau_0_9,CWE-705,,0.0,1.0,0.9989048180183874,0.0,1.0,,,,0.9989048180183874,0.5,0.5,0.0012451628588217342,264
logistic_interactions_tau_0_9,CWE-706,,0.0,1.0,0.9966522300861488,0.0,1.0,,,,0.9966522300861488,0.5,0.49996045733598626,0.002283290109662768,807
logistic_interactions_tau_0_9,CWE-74,0.35125891145970606,0.24840141085447714,0.9982050401648426,0.9970672964890754,0.0017949598351574773,0.7515985891455228,0.29084236748847314,0.2637755196074348,0.2929999040688097,0.9952873969102273,0.6233032255096599,0.6233998082575171,0.06363895996845004,938
logistic_interactions_tau_0_9,CWE-754,0.0,0.0,0.9997882813997798,0.9993070697516352,0.00021171860022029055,1.0,,,-0.0004228422797011532,0.9990956423134107,0.4998941406998899,0.5000394388976901,0.0005163336294209647,167
logistic_interactions_tau_0_9,CWE-834,0.08214285714285714,0.008571428571428572,0.9998213618012375,0.9985560776082003,0.00017863819876252261,0.9914285714285714,0.03879453879453879,0.026102158343012005,0.02601711732067576,0.9983779758935883,0.5041963951863331,0.5041963951863331,0.0032026111065965833,351
decision_tree_tau_0_1,CWE-118,0.04391095932153146,1.0,0.0,,1.0,0.0,0.08412778675095499,0.18675281500253121,,0.04391095932153146,0.5,0.6625138228609844,0.13820108688579222,10585
decision_tree_tau_0_1,CWE-190,0.005828857774628285,0.9992882562277579,5.42480387247538e-05,0.9285714285714286,0.9999457519612752,0.0007117437722419928,0.011590110212022213,0.02847979608504498,-0.014687427859045515,0.005882452181323305,0.49967125213324143,0.5283264304059203,0.019098533601455366,1406
decision_tree_tau_0_1,CWE-191,0.0006931094162655225,1.0,0.0004690947339910082,1.0,0.9995309052660091,0.0,0.0013852584920201457,0.00345596359812793,0.0005698559564827354,0.0011615546393440052,0.5002345473669955,0.5002345473669955,0.00038815096839741524,167
decision_tree_tau_0_1,CWE-20,0.007985829221536372,0.9994805194805195,1.2546002007360322e-05,0.75,0.9999874539979926,0.0005194805194805195,0.015845056598870155,0.03869253429184028,-0.02476846784056374,0.007998142839680155,0.4997465327412634,0.527401973987728,0.013516986620071439,1926
decision_tree_tau_0_1,CWE-269,0.00048544826634811216,1.0,0.0001743182940873977,1.0,0.9998256817059126,0.0,0.0009704252364686738,0.002422535225829294,0.0002878536026776052,0.0006595976795180051,0.5000871591470437,0.5000871591470437,0.0006287410272161617,117
decision_tree_tau_0_1,CWE-285,0.0011746729785241242,1.0,0.0005731574114144985,1.0,0.9994268425885855,0.0,0.0023465892785254332,0.005845894813101532,0.0008133286165426298,0.0017464861556221185,0.5002865787057071,0.5158330184462427,0.0030014116093045307,283
decision_tree_tau_0_1,CWE-287,0.0013233447367079737,1.0,0.0,,1.0,0.0,0.002643191478543086,0.006581881886205443,,0.0013233447367079737,0.5,0.5,0.0014427608801302215,319
decision_tree_tau_0_1,CWE-369,0.0011325297378341325,0.9963636363636363,8.307027745472671e-06,0.6666666666666666,0.9999916929722545,0.0036363636363636364,0.0022624876555608167,0.005637017798942648,-0.0776301459621982,0.0011408133451237252,0.4981859716956909,0.498165206756455,0.0009605581179680152,274
decision_tree_tau_0_1,CWE-400,0.002398160481318974,1.0,0.0001580169559939142,1.0,0.9998419830440062,0.0,0.004784845935085356,0.011876869883643806,0.000599755433092071,0.0025554214973687933,0.500079008477997,0.500079008477997,0.0022122596417830523,578
decision_tree_tau_0_1,CWE-404,0.0050842113600431445,0.9983739837398374,0.0004669826015945251,0.9878632478632479,0.9995330173984055,0.0016260162601626018,0.010116902235637663,0.024913565923921206,-0.002904954694694195,0.005546410433180883,0.49942048317071597,0.4993454995326072,0.0031830393267897536,1227
decision_tree_tau_0_1,CWE-476,0.006981779152874261,1.0,0.0,,1.0,0.0,0.013866743590598963,0.03396047592483246,,0.006981779152874261,0.5,0.5123565198692533,0.018451171908041925,1683
decision_tree_tau_0_1,CWE-662,0.003298071004343576,1.0,2.4972599810469916e-05,1.0,0.9999750274001895,0.0,0.006574458975746014,0.01627564212409426,0.00031623399423709214,0.003322879155809976,0.5000124862999052,0.5064571329983144,0.006637450426079168,795
decision_tree_tau_0_1,CWE-665,0.0005732873627073301,0.9793103448275862,0.0014153841977888521,0.9958904109589041,0.9985846158022111,0.020689655172413793,0.0011459037744964528,0.0028597390649936216,-0.008349594884462432,0.0019870321645010167,0.49036286451268757,0.48960738272852977,0.0005658138392311364,141
decision_tree_tau_0_1,CWE-668,0.005650396392075439,0.9985347985347985,3.754580312540854e-05,0.7708333333333333,0.9999624541968746,0.0014652014652014652,0.011237204820125421,0.027626658167586887,-0.02746823355757217,0.005687472142116903,0.499286172168962,0.6044432245130686,0.014702330526484727,1364
decision_tree_tau_0_1,CWE-704,0.0018214174090267414,0.9977272727272727,0.00014129879031524127,0.9886363636363636,0.9998587012096849,0.0022727272727272726,0.003636196699216525,0.009041066771102954,-0.005172651067690296,0.0019621950989630725,0.498934285758794,0.49877011846873415,0.0011372819250436898,440
decision_tree_tau_0_1,CWE-705,0.0010952594315850723,1.0,7.060076745358566e-05,1.0,0.9999293992325464,0.0,0.0021881221601246946,0.005452408543473205,0.0002621818784862526,0.0011657052214295663,0.5000353003837268,0.5000353003837268,0.0012452742378433314,264
decision_tree_tau_0_1,CWE-706,0.0033436909103051623,0.9987577639751553,1.6646898474727926e-05,0.8,0.9999833531015252,0.0012422360248447203,0.006665067971117292,0.01649752758376186,-0.03471675219559573,0.0033602133996864167,0.49938720543681503,0.49934141832338436,0.0022801637999770854,807
decision_tree_tau_0_1,CWE-74,0.003892326290662254,1.0,0.0002873537258289323,1.0,0.9997126462741711,0.0,0.0077544694490425696,0.0191632706226178,0.0010537499335972328,0.00417744715238713,0.5001436768629144,0.6234342103365511,0.0636392950000818,938
decision_tree_tau_0_1,CWE-754,0.0006847663026329431,0.9882352941176471,0.0003985160369750734,0.9857142857142858,0.9996014839630248,0.011764705882352941,0.0013685840858203811,0.003414365989995485,-0.012444671808970107,0.001082728772630655,0.494316905077311,0.49421104577720093,0.0005097104986380001,167
decision_tree_tau_0_1,CWE-834,0.0014560926337639194,1.0,0.0,,1.0,0.0,0.0029079508877309897,0.007238303280824585,,0.0014560926337639194,0.5,0.5041963951863331,0.0032026111065965833,351
decision_tree_tau_0_2,CWE-118,0.04391095932153146,1.0,0.0,,1.0,0.0,0.08412778675095499,0.18675281500253121,,0.04391095932153146,0.5,0.6625138228609844,0.13820108688579222,10585
decision_tree_tau_0_2,CWE-190,0.005828857774628285,0.9992882562277579,5.42480387247538e-05,0.9285714285714286,0.9999457519612752,0.0007117437722419928,0.011590110212022213,0.02847979608504498,-0.014687427859045515,0.005882452181323305,0.49967125213324143,0.5283264304059203,0.019098533601455366,1406
decision_tree_tau_0_2,CWE-191,0.0006931094162655225,1.0,0.0004690947339910082,1.0,0.9995309052660091,0.0,0.0013852584920201457,0.00345596359812793,0.0005698559564827354,0.0011615546393440052,0.5002345473669955,0.5002345473669955,0.00038815096839741524,167
decision_tree_tau_0_2,CWE-20,0.007985829221536372,0.9994805194805195,1.2546002007360322e-05,0.75,0.9999874539979926,0.0005194805194805195,0.015845056598870155,0.03869253429184028,-0.02476846784056374,0.007998142839680155,0.4997465327412634,0.527401973987728,0.013516986620071439,1926
decision_tree_tau_0_2,CWE-269,0.00048544826634811216,1.0,0.0001743182940873977,1.0,0.9998256817059126,0.0,0.0009704252364686738,0.002422535225829294,0.0002878536026776052,0.0006595976795180051,0.5000871591470437,0.5000871591470437,0.0006287410272161617,117
decision_tree_tau_0_2,CWE-285,0.0011746729785241242,1.0,0.0005731574114144985,1.0,0.9994268425885855,0.0,0.0023465892785254332,0.005845894813101532,0.0008133286165426298,0.0017464861556221185,0.5002865787057071,0.5158330184462427,0.0030014116093045307,283
decision_tree_tau_0_2,CWE-287,0.0013233447367079737,1.0,0.0,,1.0,0.0,0.002643191478543086,0.006581881886205443,,0.0013233447367079737,0.5,0.5,0.0014427608801302215,319
decision_tree_tau_0_2,CWE-369,0.0011325297378341325,0.9963636363636363,8.307027745472671e-06,0.6666666666666666,0.9999916929722545,0.0036363636363636364,0.0022624876555608167,0.005637017798942648,-0.0776301459621982,0.0011408133451237252,0.4981859716956909,0.498165206756455,0.0009605581179680152,274
decision_tree_tau_0_2,CWE-400,0.002398160481318974,1.0,0.0001580169559939142,1.0,0.9998419830440062,0.0,0.004784845935085356,0.011876869883643806,0.000599755433092071,0.0025554214973687933,0.500079008477997,0.500079008477997,0.0022122596417830523,578
decision_tree_tau_0_2,CWE-404,0.0050842113600431445,0.9983739837398374,0.0004669826015945251,0.9878632478632479,0.9995330173984055,0.0016260162601626018,0.010116902235637663,0.024913565923921206,-0.002904954694694195,0.005546410433180883,0.49942048317071597,0.4993454995326072,0.0031830393267897536,1227
decision_tree_tau_0_2,CWE-476,0.006981779152874261,1.0,0.0,,1.0,0.0,0.013866743590598963,0.03396047592483246,,0.006981779152874261,0.5,0.5123565198692533,0.018451171908041925,1683
decision_tree_tau_0_2,CWE-662,0.003298071004343576,1.0,2.4972599810469916e-05,1.0,0.9999750274001895,0.0,0.006574458975746014,0.01627564212409426,0.00031623399423709214,0.003322879155809976,0.5000124862999052,0.5064571329983144,0.006637450426079168,795
decision_tree_tau_0_2,CWE-665,0.0005732873627073301,0.9793103448275862,0.0014153841977888521,0.9958904109589041,0.9985846158022111,0.020689655172413793,0.0011459037744964528,0.0028597390649936216,-0.008349594884462432,0.0019870321645010167,0.49036286451268757,0.48960738272852977,0.0005658138392311364,141
decision_tree_tau_0_2,CWE-668,0.005650396392075439,0.9985347985347985,3.754580312540854e-05,0.7708333333333333,0.9999624541968746,0.0014652014652014652,0.011237204820125421,0.027626658167586887,-0.02746823355757217,0.005687472142116903,0.499286172168962,0.6044432245130686,0.014702330526484727,1364
decision_tree_tau_0_2,CWE-704,0.0018214174090267414,0.9977272727272727,0.00014129879031524127,0.9886363636363636,0.9998587012096849,0.0022727272727272726,0.003636196699216525,0.009041066771102954,-0.005172651067690296,0.0019621950989630725,0.498934285758794,0.49877011846873415,0.0011372819250436898,440
decision_tree_tau_0_2,CWE-705,0.0010952594315850723,1.0,7.060076745358566e-05,1.0,0.9999293992325464,0.0,0.0021881221601246946,0.005452408543473205,0.0002621818784862526,0.0011657052214295663,0.5000353003837268,0.5000353003837268,0.0012452742378433314,264
decision_tree_tau_0_2,CWE-706,0.0033436909103051623,0.9987577639751553,1.6646898474727926e-05,0.8,0.9999833531015252,0.0012422360248447203,0.006665067971117292,0.01649752758376186,-0.03471675219559573,0.0033602133996864167,0.49938720543681503,0.49934141832338436,0.0022801637999770854,807
decision_tree_tau_0_2,CWE-74,0.003892326290662254,1.0,0.0002873537258289323,1.0,0.9997126462741711,0.0,0.0077544694490425696,0.0191632706226178,0.0010537499335972328,0.00417744715238713,0.5001436768629144,0.6234342103365511,0.0636392950000818,938
decision_tree_tau_0_2,CWE-754,0.0006847663026329431,0.9882352941176471,0.0003985160369750734,0.9857142857142858,0.9996014839630248,0.011764705882352941,0.0013685840858203811,0.003414365989995485,-0.012444671808970107,0.001082728772630655,0.494316905077311,0.49421104577720093,0.0005097104986380001,167
decision_tree_tau_0_2,CWE-834,0.0014560926337639194,1.0,0.0,,1.0,0.0,0.0029079508877309897,0.007238303280824585,,0.0014560926337639194,0.5,0.5041963951863331,0.0032026111065965833,351
decision_tree_tau_0_3,CWE-118,0.04391095932153146,1.0,0.0,,1.0,0.0,0.08412778675095499,0.18675281500253121,,0.04391095932153146,0.5,0.6625138228609844,0.13820108688579222,10585
decision_tree_tau_0_3,CWE-190,0.005828857774628285,0.9992882562277579,5.42480387247538e-05,0.9285714285714286,0.9999457519612752,0.0007117437722419928,0.011590110212022213,0.02847979608504498,-0.014687427859045515,0.005882452181323305,0.49967125213324143,0.5283264304059203,0.019098533601455366,1406
decision_tree_tau_0_3,CWE-191,0.0006931094162655225,1.0,0.0004690947339910082,1.0,0.9995309052660091,0.0,0.0013852584920201457,0.00345596359812793,0.0005698559564827354,0.0011615546393440052,0.5002345473669955,0.5002345473669955,0.00038815096839741524,167
decision_tree_tau_0_3,CWE-20,0.007985829221536372,0.9994805194805195,1.2546002007360322e-05,0.75,0.9999874539979926,0.0005194805194805195,0.015845056598870155,0.03869253429184028,-0.02476846784056374,0.007998142839680155,0.4997465327412634,0.527401973987728,0.013516986620071439,1926
decision_tree_tau_0_3,CWE-269,0.00048544826634811216,1.0,0.0001743182940873977,1.0,0.9998256817059126,0.0,0.0009704252364686738,0.002422535225829294,0.0002878536026776052,0.0006595976795180051,0.5000871591470437,0.5000871591470437,0.0006287410272161617,117
decision_tree_tau_0_3,CWE-285,0.0011746729785241242,1.0,0.0005731574114144985,1.0,0.9994268425885855,0.0,0.0023465892785254332,0.005845894813101532,0.0008133286165426298,0.0017464861556221185,0.5002865787057071,0.5158330184462427,0.0030014116093045307,283
decision_tree_tau_0_3,CWE-287,0.0013233447367079737,1.0,0.0,,1.0,0.0,0.002643191478543086,0.006581881886205443,,0.0013233447367079737,0.5,0.5,0.0014427608801302215,319
decision_tree_tau_0_3,CWE-369,0.0011325297378341325,0.9963636363636363,8.307027745472671e-06,0.6666666666666666,0.9999916929722545,0.0036363636363636364,0.0022624876555608167,0.005637017798942648,-0.0776301459621982,0.0011408133451237252,0.4981859716956909,0.498165206756455,0.0009605581179680152,274
decision_tree_tau_0_3,CWE-400,0.002398160481318974,1.0,0.0001580169559939142,1.0,0.9998419830440062,0.0,0.004784845935085356,0.011876869883643806,0.000599755433092071,0.0025554214973687933,0.500079008477997,0.500079008477997,0.0022122596417830523,578
decision_tree_tau_0_3,CWE-404,0.0050842113600431445,0.9983739837398374,0.0004669826015945251,0.9878632478632479,0.9995330173984055,0.0016260162601626018,0.010116902235637663,0.024913565923921206,-0.002904954694694195,0.005546410433180883,0.49942048317071597,0.4993454995326072,0.0031830393267897536,1227
decision_tree_tau_0_3,CWE-476,0.006981779152874261,1.0,0.0,,1.0,0.0,0.013866743590598963,0.03396047592483246,,0.006981779152874261,0.5,0.5123565198692533,0.018451171908041925,1683
decision_tree_tau_0_3,CWE-662,0.003298071004343576,1.0,2.4972599810469916e-05,1.0,0.9999750274001895,0.0,0.006574458975746014,0.01627564212409426,0.00031623399423709214,0.003322879155809976,0.5000124862999052,0.5064571329983144,0.006637450426079168,795
decision_tree_tau_0_3,CWE-665,0.0005732873627073301,0.9793103448275862,0.0014153841977888521,0.9958904109589041,0.9985846158022111,0.020689655172413793,0.0011459037744964528,0.0028597390649936216,-0.008349594884462432,0.0019870321645010167,0.49036286451268757,0.48960738272852977,0.0005658138392311364,141
decision_tree_tau_0_3,CWE-668,0.005650396392075439,0.9985347985347985,3.754580312540854e-05,0.7708333333333333,0.9999624541968746,0.0014652014652014652,0.011237204820125421,0.027626658167586887,-0.02746823355757217,0.005687472142116903,0.499286172168962,0.6044432245130686,0.014702330526484727,1364
decision_tree_tau_0_3,CWE-704,0.0018214174090267414,0.9977272727272727,0.00014129879031524127,0.9886363636363636,0.9998587012096849,0.0022727272727272726,0.003636196699216525,0.009041066771102954,-0.005172651067690296,0.0019621950989630725,0.498934285758794,0.49877011846873415,0.0011372819250436898,440
decision_tree_tau_0_3,CWE-705,0.0010952594315850723,1.0,7.060076745358566e-05,1.0,0.9999293992325464,0.0,0.0021881221601246946,0.005452408543473205,0.0002621818784862526,0.0011657052214295663,0.5000353003837268,0.5000353003837268,0.0012452742378433314,264
decision_tree_tau_0_3,CWE-706,0.0033436909103051623,0.9987577639751553,1.6646898474727926e-05,0.8,0.9999833531015252,0.0012422360248447203,0.006665067971117292,0.01649752758376186,-0.03471675219559573,0.0033602133996864167,0.49938720543681503,0.49934141832338436,0.0022801637999770854,807
decision_tree_tau_0_3,CWE-74,0.003892326290662254,1.0,0.0002873537258289323,1.0,0.9997126462741711,0.0,0.0077544694490425696,0.0191632706226178,0.0010537499335972328,0.00417744715238713,0.5001436768629144,0.6234342103365511,0.0636392950000818,938
decision_tree_tau_0_3,CWE-754,0.0006847663026329431,0.9882352941176471,0.0003985160369750734,0.9857142857142858,0.9996014839630248,0.011764705882352941,0.0013685840858203811,0.003414365989995485,-0.012444671808970107,0.001082728772630655,0.494316905077311,0.49421104577720093,0.0005097104986380001,167
decision_tree_tau_0_3,CWE-834,0.0014560926337639194,1.0,0.0,,1.0,0.0,0.0029079508877309897,0.007238303280824585,,0.0014560926337639194,0.5,0.5041963951863331,0.0032026111065965833,351
decision_tree_tau_0_4,CWE-118,0.23642016907810723,0.3810108644307983,0.9434896206383658,0.9707503141655025,0.0565103793616342,0.6189891355692018,0.2917656103320811,0.33946619756369156,0.25927362992968844,0.9187906148792455,0.6622502425345821,0.6625138228609844,0.13820108688579222,10585
decision_tree_tau_0_4,CWE-190,0.005828857774628285,0.9992882562277579,5.42480387247538e-05,0.9285714285714286,0.9999457519612752,0.0007117437722419928,0.011590110212022213,0.02847979608504498,-0.014687427859045515,0.005882452181323305,0.49967125213324143,0.5283264304059203,0.019098533601455366,1406
decision_tree_tau_0_4,CWE-191,0.0006931094162655225,1.0,0.0004690947339910082,1.0,0.9995309052660091,0.0,0.0013852584920201457,0.00345596359812793,0.0005698559564827354,0.0011615546393440052,0.5002345473669955,0.5002345473669955,0.00038815096839741524,167
decision_tree_tau_0_4,CWE-20,0.007985829221536372,0.9994805194805195,1.2546002007360322e-05,0.75,0.9999874539979926,0.0005194805194805195,0.015845056598870155,0.03869253429184028,-0.02476846784056374,0.007998142839680155,0.4997465327412634,0.527401973987728,0.013516986620071439,1926
decision_tree_tau_0_4,CWE-269,0.00048544826634811216,1.0,0.0001743182940873977,1.0,0.9998256817059126,0.0,0.0009704252364686738,0.002422535225829294,0.0002878536026776052,0.0006595976795180051,0.5000871591470437,0.5000871591470437,0.0006287410272161617,117
decision_tree_tau_0_4,CWE-285,0.0011746729785241242,1.0,0.0005731574114144985,1.0,0.9994268425885855,0.0,0.0023465892785254332,0.005845894813101532,0.0008133286165426298,0.0017464861556221185,0.5002865787057071,0.5158330184462427,0.0030014116093045307,283
decision_tree_tau_0_4,CWE-287,0.0013233447367079737,1.0,0.0,,1.0,0.0,0.002643191478543086,0.006581881886205443,,0.0013233447367079737,0.5,0.5,0.0014427608801302215,319
decision_tree_tau_0_4,CWE-369,0.0011325297378341325,0.9963636363636363,8.307027745472671e-06,0.6666666666666666,0.9999916929722545,0.0036363636363636364,0.0022624876555608167,0.005637017798942648,-0.0776301459621982,0.0011408133451237252,0.4981859716956909,0.498165206756455,0.0009605581179680152,274
decision_tree_tau_0_4,CWE-400,0.002398160481318974,1.0,0.0001580169559939142,1.0,0.9998419830440062,0.0,0.004784845935085356,0.011876869883643806,0.000599755433092071,0.0025554214973687933,0.500079008477997,0.500079008477997,0.0022122596417830523,578
decision_tree_tau_0_4,CWE-404,0.0050842113600431445,0.9983739837398374,0.0004669826015945251,0.9878632478632479,0.9995330173984055,0.0016260162601626018,0.010116902235637663,0.024913565923921206,-0.002904954694694195,0.005546410433180883,0.49942048317071597,0.4993454995326072,0.0031830393267897536,1227
decision_tree_tau_0_4,CWE-476,0.006981779152874261,1.0,0.0,,1.0,0.0,0.013866743590598963,0.03396047592483246,,0.006981779152874261,0.5,0.5123565198692533,0.018451171908041925,1683
decision_tree_tau_0_4,CWE-662,0.003298071004343576,1.0,2.4972599810469916e-05,1.0,0.9999750274001895,0.0,0.006574458975746014,0.01627564212409426,0.00031623399423709214,0.003322879155809976,0.5000124862999052,0.5064571329983144,0.006637450426079168,795
decision_tree_tau_0_4,CWE-665,0.0005732873627073301,0.9793103448275862,0.0014153841977888521,0.9958904109589041,0.9985846158022111,0.020689655172413793,0.0011459037744964528,0.0028597390649936216,-0.008349594884462432,0.0019870321645010167,0.49036286451268757,0.48960738272852977,0.0005658138392311364,141
decision_tree_tau_0_4,CWE-668,0.005650396392075439,0.9985347985347985,3.754580312540854e-05,0.7708333333333333,0.9999624541968746,0.0014652014652014652,0.011237204820125421,0.027626658167586887,-0.02746823355757217,0.005687472142116903,0.499286172168962,0.6044432245130686,0.014702330526484727,1364
decision_tree_tau_0_4,CWE-704,0.0018214174090267414,0.9977272727272727,0.00014129879031524127,0.9886363636363636,0.9998587012096849,0.0022727272727272726,0.003636196699216525,0.009041066771102954,-0.005172651067690296,0.0019621950989630725,0.498934285758794,0.49877011846873415,0.0011372819250436898,440
decision_tree_tau_0_4,CWE-705,0.0010952594315850723,1.0,7.060076745358566e-05,1.0,0.9999293992325464,0.0,0.0021881221601246946,0.005452408543473205,0.0002621818784862526,0.0011657052214295663,0.5000353003837268,0.5000353003837268,0.0012452742378433314,264
decision_tree_tau_0_4,CWE-706,0.0033436909103051623,0.9987577639751553,1.6646898474727926e-05,0.8,0.9999833531015252,0.0012422360248447203,0.006665067971117292,0.01649752758376186,-0.03471675219559573,0.0033602133996864167,0.49938720543681503,0.49934141832338436,0.0022801637999770854,807
decision_tree_tau_0_4,CWE-74,0.003892326290662254,1.0,0.0002873537258289323,1.0,0.9997126462741711,0.0,0.0077544694490425696,0.0191632706226178,0.0010537499335972328,0.00417744715238713,0.5001436768629144,0.6234342103365511,0.0636392950000818,938
decision_tree_tau_0_4,CWE-754,0.0006847663026329431,0.9882352941176471,0.0003985160369750734,0.9857142857142858,0.9996014839630248,0.011764705882352941,0.0013685840858203811,0.003414365989995485,-0.012444671808970107,0.001082728772630655,0.494316905077311,0.49421104577720093,0.0005097104986380001,167
decision_tree_tau_0_4,CWE-834,0.0014560926337639194,1.0,0.0,,1.0,0.0,0.0029079508877309897,0.007238303280824585,,0.0014560926337639194,0.5,0.5041963951863331,0.0032026111065965833,351
decision_tree_tau_0_5,CWE-118,0.23642016907810723,0.3810108644307983,0.9434896206383658,0.9707503141655025,0.0565103793616342,0.6189891355692018,0.2917656103320811,0.33946619756369156,0.25927362992968844,0.9187906148792455,0.6622502425345821,0.6625138228609844,0.13820108688579222,10585
decision_tree_tau_0_5,CWE-190,0.07238663639391599,0.06187122990333409,0.9953640752172976,0.994500918213547,0.004635924782702269,0.938128770096666,0.06670341857207081,0.06371498345430823,0.06186719789399642,0.9899193566162001,0.5286176525603159,0.5283264304059203,0.019098533601455366,1406
decision_tree_tau_0_5,CWE-191,0.0006931094162655225,1.0,0.0004690947339910082,1.0,0.9995309052660091,0.0,0.0013852584920201457,0.00345596359812793,0.0005698559564827354,0.0011615546393440052,0.5002345473669955,0.5002345473669955,0.00038815096839741524,167
decision_tree_tau_0_5,CWE-20,0.04003804572524662,0.0685229796110625,0.9867602883883138,0.9924545251795085,0.013239711611686352,0.9314770203889374,0.050523468592135634,0.05996634170012395,0.042373995112012376,0.9794238257446501,0.5276416339996881,0.527401973987728,0.013516986620071439,1926
decision_tree_tau_0_5,CWE-269,0.00048544826634811216,1.0,0.0001743182940873977,1.0,0.9998256817059126,0.0,0.0009704252364686738,0.002422535225829294,0.0002878536026776052,0.0006595976795180051,0.5000871591470437,0.5000871591470437,0.0006287410272161617,117
decision_tree_tau_0_5,CWE-285,0.055604787159665214,0.03176691729323308,0.999343787317683,0.9988625473846333,0.0006562126823170166,0.968233082706767,0.0400846654042697,0.03460697315306208,0.04096816814307478,0.9982078932368964,0.515555352305458,0.5158330184462427,0.0030014116093045307,283
decision_tree_tau_0_5,CWE-287,0.0013276080237309934,0.2,0.8,0.9986777210850477,0.2,0.8,0.0026516956350603883,0.006602975465819285,,0.7992076984727844,0.5,0.5,0.0014427608801302215,319
decision_tree_tau_0_5,CWE-369,0.00022404779686333083,0.19636363636363635,0.7999667771492736,0.9324248042392451,0.20003322285072644,0.8036363636363637,0.002237924532211608,0.0055757475631918055,-0.01571483227730886,0.799282366788546,0.498165206756455,0.498165206756455,0.0009605581179680152,274
decision_tree_tau_0_5,CWE-400,0.002398160481318974,1.0,0.0001580169559939142,1.0,0.9998419830440062,0.0,0.004784845935085356,0.011876869883643806,0.000599755433092071,0.0025554214973687933,0.500079008477997,0.500079008477997,0.0022122596417830523,578
decision_tree_tau_0_5,CWE-404,0.0020341234667273244,0.3983739837398374,0.6001709326112794,0.9848134763730461,0.39982906738872054,0.6016260162601627,0.01011894932018607,0.024917619392246536,-0.004237168490146593,0.5991535028247034,0.49927245817555843,0.4993454995326072,0.0031830393267897536,1227
decision_tree_tau_0_5,CWE-476,0.08434710036666793,0.026730959446092977,0.9979655373922164,0.9931898689600638,0.0020344626077836944,0.9732690405539071,0.04054448206971268,0.03094601105601851,0.04372131125372523,0.9911846387223383,0.5123482484191546,0.5123565198692533,0.018451171908041925,1683
decision_tree_tau_0_5,CWE-662,0.00829662190045093,0.02138364779874214,0.9914883660165161,0.9967446841459209,0.008511633983483953,0.9786163522012579,0.011948596114282858,0.016245277818726374,0.008052806898043384,0.9882889708573988,0.5064360069076291,0.5064571329983144,0.006637450426079168,795
decision_tree_tau_0_5,CWE-665,0.00010817107671825595,0.1793103448275862,0.799082532872781,0.9954248935116787,0.200917467127219,0.8206896551724139,0.0010810586058501903,0.002697767078940815,-0.009805638197368668,0.7987262583172747,0.4891964388501836,0.48960738272852977,0.0005658138392311364,141
decision_tree_tau_0_5,CWE-668,0.05979241261018649,0.23094160741219563,0.9793359346298558,0.9955511106406127,0.020664065370144126,0.7690583925878044,0.0949829022147629,0.14684579013627172,0.10787057527010765,0.9751011807487723,0.6051387710210258,0.6044432245130686,0.014702330526484727,1364
decision_tree_tau_0_5,CWE-704,0.00036102581127064485,0.19772727272727272,0.7997589290807987,0.9894481993044856,0.2002410709192013,0.8022727272727274,0.003603678237097175,0.008960204333855153,-0.005060030464761202,0.7986599371161281,0.4987431009040357,0.49877011846873415,0.0011372819250436898,440
decision_tree_tau_0_5,CWE-705,0.0010952594315850723,1.0,7.060076745358566e-05,1.0,0.9999293992325464,0.0,0.0021881221601246946,0.005452408543473205,0.0002621818784862526,0.0011657052214295663,0.5000353003837268,0.5000353003837268,0.0012452742378433314,264
decision_tree_tau_0_5,CWE-706,0.0006637214029411155,0.19875776397515527,0.7999250726716135,0.9573197247976444,0.20007492732838647,0.8012422360248447,0.006615123826849134,0.016374316883967496,-0.007428226964559628,0.7979090068392642,0.49934141832338436,0.49934141832338436,0.0022801637999770854,807
decision_tree_tau_0_5,CWE-74,0.3572596534638973,0.24840141085447714,0.9982508504204921,0.9970674305859528,0.0017491495795079713,0.7515985891455228,0.2928657146150081,0.2644365760657563,0.2955327215383708,0.9953330288762074,0.6233261306374847,0.6234342103365511,0.0636392950000818,938
decision_tree_tau_0_5,CWE-754,0.00013280763643909525,0.18823529411764706,0.7998962010411544,0.9851623816387194,0.20010379895884559,0.8117647058823529,0.0013271400132714,0.0033108471630178367,-0.013182626960416739,0.7994772425456891,0.49406574757940075,0.49421104577720093,0.0005097104986380001,167
decision_tree_tau_0_5,CWE-834,0.08214285714285714,0.008571428571428572,0.9998213618012375,0.9985560776082003,0.00017863819876252261,0.9914285714285714,0.03879453879453879,0.026102158343012005,0.02601711732067576,0.9983779758935883,0.5041963951863331,0.5041963951863331,0.0032026111065965833,351
decision_tree_tau_0_6,CWE-118,0.23642016907810723,0.3810108644307983,0.9434896206383658,0.9707503141655025,0.0565103793616342,0.6189891355692018,0.2917656103320811,0.33946619756369156,0.25927362992968844,0.9187906148792455,0.6622502425345821,0.6625138228609844,0.13820108688579222,10585
decision_tree_tau_0_6,CWE-190,0.07238663639391599,0.06187122990333409,0.9953640752172976,0.994500918213547,0.004635924782702269,0.938128770096666,0.06670341857207081,0.06371498345430823,0.06186719789399642,0.9899193566162001,0.5286176525603159,0.5283264304059203,0.019098533601455366,1406
decision_tree_tau_0_6,CWE-191,,0.0,1.0,0.9993072153030658,0.0,1.0,,,,0.9993072153030658,0.5,0.5002345473669955,0.00038815096839741524,167
decision_tree_tau_0_6,CWE-20,0.04003804572524662,0.0685229796110625,0.9867602883883138,0.9924545251795085,0.013239711611686352,0.9314770203889374,0.050523468592135634,0.05996634170012395,0.042373995112012376,0.9794238257446501,0.5276416339996881,0.527401973987728,0.013516986620071439,1926
decision_tree_tau_0_6,CWE-269,,0.0,1.0,0.9995146361616323,0.0,1.0,,,,0.9995146361616323,0.5,0.5000871591470437,0.0006287410272161617,117
decision_tree_tau_0_6,CWE-285,0.055604787159665214,0.03176691729323308,0.999343787317683,0.9988625473846333,0.0006562126823170166,0.968233082706767,0.0400846654042697,0.03460697315306208,0.04096816814307478,0.9982078932368964,0.515555352305458,0.5158330184462427,0.0030014116093045307,283
decision_tree_tau_0_6,CWE-287,,0.0,1.0,0.998676655263292,0.0,1.0,,,,0.998676655263292,0.5,0.5,0.0014427608801302215,319
decision_tree_tau_0_6,CWE-369,0.0,0.0,0.999958470121528,0.9988632882768329,4.15298784719042e-05,1.0,,,-0.00023600385608653113,0.9988218527553144,0.499979235060764,0.498165206756455,0.0009605581179680152,274
decision_tree_tau_0_6,CWE-400,,0.0,1.0,0.9976022170712152,0.0,1.0,,,,0.9976022170712152,0.5,0.500079008477997,0.0022122596417830523,578
decision_tree_tau_0_6,CWE-404,0.0,0.0,0.9998498971489911,0.9949091370181915,0.0001501028510089364,1.0,,,-0.0009719977720138959,0.9947605573667359,0.49992494857449554,0.4993454995326072,0.0031830393267897536,1227
decision_tree_tau_0_6,CWE-476,0.08434710036666793,0.026730959446092977,0.9979655373922164,0.9931898689600638,0.0020344626077836944,0.9732690405539071,0.04054448206971268,0.03094601105601851,0.04372131125372523,0.9911846387223383,0.5123482484191546,0.5123565198692533,0.018451171908041925,1683
decision_tree_tau_0_6,CWE-662,0.00829662190045093,0.02138364779874214,0.9914883660165161,0.9967446841459209,0.008511633983483953,0.9786163522012579,0.011948596114282858,0.016245277818726374,0.008052806898043384,0.9882889708573988,0.5064360069076291,0.5064571329983144,0.006637450426079168,795
decision_tree_tau_0_6,CWE-665,0.0,0.0,0.9984890364316845,0.9994141955230347,0.0015109635683155528,1.0,,,-0.001047876657648497,0.9979049882521538,0.49924451821584226,0.48960738272852977,0.0005658138392311364,141
decision_tree_tau_0_6,CWE-668,0.05979241261018649,0.23094160741219563,0.9793359346298558,0.9955511106406127,0.020664065370144126,0.7690583925878044,0.0949829022147629,0.14684579013627172,0.10787057527010765,0.9751011807487723,0.6051387710210258,0.6044432245130686,0.014702330526484727,1364
decision_tree_tau_0_6,CWE-704,0.0,0.0,0.9996716654198803,0.9981740994775633,0.00032833458011964254,1.0,,,-0.0008651213229166053,0.9978469627082307,0.49983583270994014,0.49877011846873415,0.0011372819250436898,440
decision_tree_tau_0_6,CWE-705,,0.0,1.0,0.9989048180183874,0.0,1.0,,,,0.9989048180183874,0.5,0.5000353003837268,0.0012452742378433314,264
decision_tree_tau_0_6,CWE-706,0.0,0.0,0.9999084257731388,0.9966519243911571,9.157422686120772e-05,1.0,,,-0.0006060956568006027,0.9965609625404547,0.4999542128865694,0.49934141832338436,0.0022801637999770854,807
decision_tree_tau_0_6,CWE-74,0.3572596534638973,0.24840141085447714,0.9982508504204921,0.9970674305859528,0.0017491495795079713,0.7515985891455228,0.2928657146150081,0.2644365760657563,0.2955327215383708,0.9953330288762074,0.6233261306374847,0.6234342103365511,0.0636392950000818,938
decision_tree_tau_0_6,CWE-754,0.0,0.0,0.9997882813997798,0.9993070697516352,0.00021171860022029055,1.0,,,-0.0004228422797011532,0.9990956423134107,0.4998941406998899,0.49421104577720093,0.0005097104986380001,167
decision_tree_tau_0_6,CWE-834,0.08214285714285714,0.008571428571428572,0.9998213618012375,0.9985560776082003,0.00017863819876252261,0.9914285714285714,0.03879453879453879,0.026102158343012005,0.02601711732067576,0.9983779758935883,0.5041963951863331,0.5041963951863331,0.0032026111065965833,351
decision_tree_tau_0_7,CWE-118,0.23642016907810723,0.3810108644307983,0.9434896206383658,0.9707503141655025,0.0565103793616342,0.6189891355692018,0.2917656103320811,0.33946619756369156,0.25927362992968844,0.9187906148792455,0.6622502425345821,0.6625138228609844,0.13820108688579222,10585
decision_tree_tau_0_7,CWE-190,0.07238663639391599,0.06187122990333409,0.9953640752172976,0.994500918213547,0.004635924782702269,0.938128770096666,0.06670341857207081,0.06371498345430823,0.06186719789399642,0.9899193566162001,0.5286176525603159,0.5283264304059203,0.019098533601455366,1406
decision_tree_tau_0_7,CWE-191,,0.0,1.0,0.9993072153030658,0.0,1.0,,,,0.9993072153030658,0.5,0.5002345473669955,0.00038815096839741524,167
decision_tree_tau_0_7,CWE-20,0.04003804572524662,0.0685229796110625,0.9867602883883138,0.9924545251795085,0.013239711611686352,0.9314770203889374,0.050523468592135634,0.05996634170012395,0.042373995112012376,0.9794238257446501,0.5276416339996881,0.527401973987728,0.013516986620071439,1926
decision_tree_tau_0_7,CWE-269,,0.0,1.0,0.9995146361616323,0.0,1.0,,,,0.9995146361616323,0.5,0.5000871591470437,0.0006287410272161617,117
decision_tree_tau_0_7,CWE-285,0.055604787159665214,0.03176691729323308,0.999343787317683,0.9988625473846333,0.0006562126823170166,0.968233082706767,0.0400846654042697,0.03460697315306208,0.04096816814307478,0.9982078932368964,0.515555352305458,0.5158330184462427,0.0030014116093045307,283
decision_tree_tau_0_7,CWE-287,,0.0,1.0,0.998676655263292,0.0,1.0,,,,0.998676655263292,0.5,0.5,0.0014427608801302215,319
decision_tree_tau_0_7,CWE-369,0.0,0.0,0.999958470121528,0.9988632882768329,4.15298784719042e-05,1.0,,,-0.00023600385608653113,0.9988218527553144,0.499979235060764,0.498165206756455,0.0009605581179680152,274
decision_tree_tau_0_7,CWE-400,,0.0,1.0,0.9976022170712152,0.0,1.0,,,,0.9976022170712152,0.5,0.500079008477997,0.0022122596417830523,578
decision_tree_tau_0_7,CWE-404,0.0,0.0,0.9998498971489911,0.9949091370181915,0.0001501028510089364,1.0,,,-0.0009719977720138959,0.9947605573667359,0.49992494857449554,0.4993454995326072,0.0031830393267897536,1227
decision_tree_tau_0_7,CWE-476,0.08434710036666793,0.026730959446092977,0.9979655373922164,0.9931898689600638,0.0020344626077836944,0.9732690405539071,0.04054448206971268,0.03094601105601851,0.04372131125372523,0.9911846387223383,0.5123482484191546,0.5123565198692533,0.018451171908041925,1683
decision_tree_tau_0_7,CWE-662,0.01632801161103048,0.003773584905660378,0.9980562020300379,0.9967080498110521,0.001943797969962116,0.9962264150943396,0.009244485220790619,0.008569061255342037,0.004168807764094232,0.9947770704086922,0.5009148934678491,0.5064571329983144,0.006637450426079168,795
decision_tree_tau_0_7,CWE-665,0.0,0.0,0.9984890364316845,0.9994141955230347,0.0015109635683155528,1.0,,,-0.001047876657648497,0.9979049882521538,0.49924451821584226,0.48960738272852977,0.0005658138392311364,141
decision_tree_tau_0_7,CWE-668,0.05979241261018649,0.23094160741219563,0.9793359346298558,0.9955511106406127,0.020664065370144126,0.7690583925878044,0.0949829022147629,0.14684579013627172,0.10787057527010765,0.9751011807487723,0.6051387710210258,0.6044432245130686,0.014702330526484727,1364
decision_tree_tau_0_7,CWE-704,0.0,0.0,0.9996716654198803,0.9981740994775633,0.00032833458011964254,1.0,,,-0.0008651213229166053,0.9978469627082307,0.49983583270994014,0.49877011846873415,0.0011372819250436898,440
decision_tree_tau_0_7,CWE-705,,0.0,1.0,0.9989048180183874,0.0,1.0,,,,0.9989048180183874,0.5,0.5000353003837268,0.0012452742378433314,264
decision_tree_tau_0_7,CWE-706,0.0,0.0,0.9999084257731388,0.9966519243911571,9.157422686120772e-05,1.0,,,-0.0006060956568006027,0.9965609625404547,0.4999542128865694,0.49934141832338436,0.0022801637999770854,807
decision_tree_tau_0_7,CWE-74,0.3572596534638973,0.24840141085447714,0.9982508504204921,0.9970674305859528,0.0017491495795079713,0.7515985891455228,0.2928657146150081,0.2644365760657563,0.2955327215383708,0.9953330288762074,0.6233261306374847,0.6234342103365511,0.0636392950000818,938
decision_tree_tau_0_7,CWE-754,0.0,0.0,0.9997882813997798,0.9993070697516352,0.00021171860022029055,1.0,,,-0.0004228422797011532,0.9990956423134107,0.4998941406998899,0.49421104577720093,0.0005097104986380001,167
decision_tree_tau_0_7,CWE-834,0.08214285714285714,0.008571428571428572,0.9998213618012375,0.9985560776082003,0.00017863819876252261,0.9914285714285714,0.03879453879453879,0.026102158343012005,0.02601711732067576,0.9983779758935883,0.5041963951863331,0.5041963951863331,0.0032026111065965833,351
decision_tree_tau_0_8,CWE-118,0.23642016907810723,0.3810108644307983,0.9434896206383658,0.9707503141655025,0.0565103793616342,0.6189891355692018,0.2917656103320811,0.33946619756369156,0.25927362992968844,0.9187906148792455,0.6622502425345821,0.6625138228609844,0.13820108688579222,10585
decision_tree_tau_0_8,CWE-190,0.07238663639391599,0.06187122990333409,0.9953640752172976,0.994500918213547,0.004635924782702269,0.938128770096666,0.06670341857207081,0.06371498345430823,0.06186719789399642,0.9899193566162001,0.5286176525603159,0.5283264304059203,0.019098533601455366,1406
decision_tree_tau_0_8,CWE-191,,0.0,1.0,0.9993072153030658,0.0,1.0,,,,0.9993072153030658,0.5,0.5002345473669955,0.00038815096839741524,167
decision_tree_tau_0_8,CWE-20,0.04003804572524662,0.0685229796110625,0.9867602883883138,0.9924545251795085,0.013239711611686352,0.9314770203889374,0.050523468592135634,0.05996634170012395,0.042373995112012376,0.9794238257446501,0.5276416339996881,0.527401973987728,0.013516986620071439,1926
decision_tree_tau_0_8,CWE-269,,0.0,1.0,0.9995146361616323,0.0,1.0,,,,0.9995146361616323,0.5,0.5000871591470437,0.0006287410272161617,117
decision_tree_tau_0_8,CWE-285,0.055604787159665214,0.03176691729323308,0.999343787317683,0.9988625473846333,0.0006562126823170166,0.968233082706767,0.0400846654042697,0.03460697315306208,0.04096816814307478,0.9982078932368964,0.515555352305458,0.5158330184462427,0.0030014116093045307,283
decision_tree_tau_0_8,CWE-287,,0.0,1.0,0.998676655263292,0.0,1.0,,,,0.998676655263292,0.5,0.5,0.0014427608801302215,319
decision_tree_tau_0_8,CWE-369,0.0,0.0,0.999958470121528,0.9988632882768329,4.15298784719042e-05,1.0,,,-0.00023600385608653113,0.9988218527553144,0.499979235060764,0.498165206756455,0.0009605581179680152,274
decision_tree_tau_0_8,CWE-400,,0.0,1.0,0.9976022170712152,0.0,1.0,,,,0.9976022170712152,0.5,0.500079008477997,0.0022122596417830523,578
decision_tree_tau_0_8,CWE-404,0.0,0.0,0.9998498971489911,0.9949091370181915,0.0001501028510089364,1.0,,,-0.0009719977720138959,0.9947605573667359,0.49992494857449554,0.4993454995326072,0.0031830393267897536,1227
decision_tree_tau_0_8,CWE-476,0.08434710036666793,0.026730959446092977,0.9979655373922164,0.9931898689600638,0.0020344626077836944,0.9732690405539071,0.04054448206971268,0.03094601105601851,0.04372131125372523,0.9911846387223383,0.5123482484191546,0.5123565198692533,0.018451171908041925,1683
decision_tree_tau_0_8,CWE-662,0.04395604395604395,0.002515723270440252,0.9997877316866456,0.9967095853253092,0.00021226831335441576,0.9974842767295599,0.011838049873914262,0.007740105006625817,0.009569205116231447,0.9964987406362431,0.501151727478543,0.5064571329983144,0.006637450426079168,795
decision_tree_tau_0_8,CWE-665,0.0,0.0,0.9984890364316845,0.9994141955230347,0.0015109635683155528,1.0,,,-0.001047876657648497,0.9979049882521538,0.49924451821584226,0.48960738272852977,0.0005658138392311364,141
decision_tree_tau_0_8,CWE-668,0.05979241261018649,0.23094160741219563,0.9793359346298558,0.9955511106406127,0.020664065370144126,0.7690583925878044,0.0949829022147629,0.14684579013627172,0.10787057527010765,0.9751011807487723,0.6051387710210258,0.6044432245130686,0.014702330526484727,1364
decision_tree_tau_0_8,CWE-704,0.0,0.0,0.9996716654198803,0.9981740994775633,0.00032833458011964254,1.0,,,-0.0008651213229166053,0.9978469627082307,0.49983583270994014,0.49877011846873415,0.0011372819250436898,440
decision_tree_tau_0_8,CWE-705,,0.0,1.0,0.9989048180183874,0.0,1.0,,,,0.9989048180183874,0.5,0.5000353003837268,0.0012452742378433314,264
decision_tree_tau_0_8,CWE-706,0.0,0.0,0.9999084257731388,0.9966519243911571,9.157422686120772e-05,1.0,,,-0.0006060956568006027,0.9965609625404547,0.4999542128865694,0.49934141832338436,0.0022801637999770854,807
decision_tree_tau_0_8,CWE-74,0.3572596534638973,0.24840141085447714,0.9982508504204921,0.9970674305859528,0.0017491495795079713,0.7515985891455228,0.2928657146150081,0.2644365760657563,0.2955327215383708,0.9953330288762074,0.6233261306374847,0.6234342103365511,0.0636392950000818,938
decision_tree_tau_0_8,CWE-754,0.0,0.0,0.9997882813997798,0.9993070697516352,0.00021171860022029055,1.0,,,-0.0004228422797011532,0.9990956423134107,0.4998941406998899,0.49421104577720093,0.0005097104986380001,167
decision_tree_tau_0_8,CWE-834,0.08214285714285714,0.008571428571428572,0.9998213618012375,0.9985560776082003,0.00017863819876252261,0.9914285714285714,0.03879453879453879,0.026102158343012005,0.02601711732067576,0.9983779758935883,0.5041963951863331,0.5041963951863331,0.0032026111065965833,351
decision_tree_tau_0_9,CWE-118,0.47707612807976946,0.014359943316013226,0.9992450430525184,0.9566609963121463,0.0007549569474817146,0.9856400566839868,0.027850695865604274,0.01781085688567489,0.07644779153607681,0.9559977891360404,0.5068024931842657,0.6625138228609844,0.13820108688579222,10585
decision_tree_tau_0_9,CWE-190,0.11086783391125807,0.04981449231468161,0.9962860994986611,0.9944357846022738,0.003713900501338842,0.9501855076853184,0.05573306834100442,0.051824544581135966,0.05836769508840932,0.9907654785573033,0.5230502959066714,0.5283264304059203,0.019098533601455366,1406
decision_tree_tau_0_9,CWE-191,,0.0,1.0,0.9993072153030658,0.0,1.0,,,,0.9993072153030658,0.5,0.5002345473669955,0.00038815096839741524,167
decision_tree_tau_0_9,CWE-20,0.0,0.0,0.9999498182638936,0.9920097564636592,5.018173610633822e-05,1.0,,,-0.0006978483484142444,0.9919603737108591,0.4999749091319468,0.527401973987728,0.013516986620071439,1926
decision_tree_tau_0_9,CWE-269,,0.0,1.0,0.9995146361616323,0.0,1.0,,,,0.9995146361616323,0.5,0.5000871591470437,0.0006287410272161617,117
decision_tree_tau_0_9,CWE-285,0.055604787159665214,0.03176691729323308,0.999343787317683,0.9988625473846333,0.0006562126823170166,0.968233082706767,0.0400846654042697,0.03460697315306208,0.04096816814307478,0.9982078932368964,0.515555352305458,0.5158330184462427,0.0030014116093045307,283
decision_tree_tau_0_9,CWE-287,,0.0,1.0,0.998676655263292,0.0,1.0,,,,0.998676655263292,0.5,0.5,0.0014427608801302215,319
decision_tree_tau_0_9,CWE-369,0.0,0.0,0.999958470121528,0.9988632882768329,4.15298784719042e-05,1.0,,,-0.00023600385608653113,0.9988218527553144,0.499979235060764,0.498165206756455,0.0009605581179680152,274
decision_tree_tau_0_9,CWE-400,,0.0,1.0,0.9976022170712152,0.0,1.0,,,,0.9976022170712152,0.5,0.500079008477997,0.0022122596417830523,578
decision_tree_tau_0_9,CWE-404,,0.0,1.0,0.9949098967503192,0.0,1.0,,,,0.9949098967503192,0.5,0.4993454995326072,0.0031830393267897536,1227
decision_tree_tau_0_9,CWE-476,0.1554167764602547,0.015447929913805286,0.9989472439768547,0.9931181493349989,0.0010527560231451355,0.9845520700861947,0.026457586859738556,0.018489219856123403,0.0433993003723679,0.9920806720080609,0.50719758694533,0.5123565198692533,0.018451171908041925,1683
decision_tree_tau_0_9,CWE-662,0.0,0.0,0.9998626609205008,0.9967015595621076,0.0001373390794992865,1.0,,,-0.0008589220351715646,0.9965651249107317,0.4999313304602504,0.5064571329983144,0.006637450426079168,795
decision_tree_tau_0_9,CWE-665,0.0,0.0,0.9999916967658903,0.9994150694286738,8.303234109685722e-06,1.0,,,-0.0001552973840636489,0.999406775838473,0.49999584838294514,0.48960738272852977,0.0005658138392311364,141
decision_tree_tau_0_9,CWE-668,0.059964892195492225,0.23094160741219563,0.9793985138107203,0.9955513914586192,0.020601486189279733,0.7690583925878044,0.09520106560644745,0.14705510679200254,0.108055428912159,0.9751634060939193,0.605170060611458,0.6044432245130686,0.014702330526484727,1364
decision_tree_tau_0_9,CWE-704,,0.0,1.0,0.9981746979592373,0.0,1.0,,,,0.9981746979592373,0.5,0.49877011846873415,0.0011372819250436898,440
decision_tree_tau_0_9,CWE-705,,0.0,1.0,0.9989048180183874,0.0,1.0,,,,0.9989048180183874,0.5,0.5000353003837268,0.0012452742378433314,264
decision_tree_tau_0_9,CWE-706,0.0,0.0,0.9999084257731388,0.9966519243911571,9.157422686120772e-05,1.0,,,-0.0006060956568006027,0.9965609625404547,0.4999542128865694,0.49934141832338436,0.0022801637999770854,807
decision_tree_tau_0_9,CWE-74,0.3572596534638973,0.24840141085447714,0.9982508504204921,0.9970674305859528,0.0017491495795079713,0.7515985891455228,0.2928657146150081,0.2644365760657563,0.2955327215383708,0.9953330288762074,0.6233261306374847,0.6234342103365511,0.0636392950000818,938
decision_tree_tau_0_9,CWE-754,0.0,0.0,0.9997882813997798,0.9993070697516352,0.00021171860022029055,1.0,,,-0.0004228422797011532,0.9990956423134107,0.4998941406998899,0.49421104577720093,0.0005097104986380001,167
decision_tree_tau_0_9,CWE-834,0.08214285714285714,0.008571428571428572,0.9998213618012375,0.9985560776082003,0.00017863819876252261,0.9914285714285714,0.03879453879453879,0.026102158343012005,0.02601711732067576,0.9983779758935883,0.5041963951863331,0.5041963951863331,0.0032026111065965833,351
random_forest_tau_0_1,CWE-118,0.04391095932153146,1.0,0.0,,1.0,0.0,0.08412778675095499,0.18675281500253121,,0.04391095932153146,0.5,0.6638735740214894,0.14066437085415612,10585
random_forest_tau_0_1,CWE-190,0.005832668945827858,1.0,0.0,,1.0,0.0,0.01159769227217632,0.028498455348573183,,0.005832668945827858,0.5,0.5298525366460671,0.02241947436476726,1406
random_forest_tau_0_1,CWE-191,0.0006931094162655225,1.0,0.0004690947339910082,1.0,0.9995309052660091,0.0,0.0013852584920201457,0.00345596359812793,0.0005698559564827354,0.0011615546393440052,0.5002345473669955,0.5002345473669955,0.00038815096839741524,167
random_forest_tau_0_1,CWE-20,0.007989845633764248,1.0,0.0,,1.0,0.0,0.01585302785916827,0.03871201453314919,,0.007989845633764248,0.5,0.527401973987728,0.013516986620071439,1926
random_forest_tau_0_1,CWE-269,0.00048544826634811216,1.0,0.0001743182940873977,1.0,0.9998256817059126,0.0,0.0009704252364686738,0.002422535225829294,0.0002878536026776052,0.0006595976795180051,0.5000871591470437,0.5000871591470437,0.0006287410272161617,117
random_forest_tau_0_1,CWE-285,0.001174619389096483,1.0,0.0005274728978845317,1.0,0.9994725271021154,0.0,0.002346482350822752,0.005845629364303103,0.0007830872448105202,0.001700855222306984,0.5002637364489423,0.5158330184462427,0.0030014116093045307,283
random_forest_tau_0_1,CWE-287,0.0013233447367079737,1.0,0.0,,1.0,0.0,0.002643191478543086,0.006581881886205443,,0.0013233447367079737,0.5,0.5,0.0014427608801302215,319
random_forest_tau_0_1,CWE-369,0.001136664570049566,1.0,0.0,,1.0,0.0,0.0022707479275197217,0.005657598354241595,,0.001136664570049566,0.5,0.498165206756455,0.0009605581179680152,274
random_forest_tau_0_1,CWE-400,0.0023979523007599526,1.0,7.069463086328618e-05,1.0,0.9999293053691367,0.0,0.0047844315566562025,0.011875848597142339,0.0005212912759170047,0.00246830780341113,0.5000353473154316,0.500079008477997,0.0022122596417830523,578
random_forest_tau_0_1,CWE-404,0.005083810727660586,0.9983739837398374,0.00038776346894937196,0.9879598662207357,0.9996122365310507,0.0016260162601626018,0.010116109052083651,0.024911641773635924,-0.0031078680147403536,0.005467593774058162,0.49938087360439337,0.499060032170539,0.0031814480959915384,1227
random_forest_tau_0_1,CWE-476,0.006981779152874261,1.0,0.0,,1.0,0.0,0.013866743590598963,0.03396047592483246,,0.006981779152874261,0.5,0.5123565198692533,0.018451171908041925,1683
random_forest_tau_0_1,CWE-662,0.003297988914559992,1.0,0.0,,1.0,0.0,0.006574295873778058,0.016275242293923135,,0.003297988914559992,0.5,0.5064407451165347,0.006637311661200072,795
random_forest_tau_0_1,CWE-665,0.0005733222685927196,0.9793103448275862,0.0014776438930881436,0.996103896103896,0.998522356106912,0.020689655172413793,0.0011459735035854945,0.0028599127698024623,-0.008088923121656653,0.002049255014100468,0.49039399436033715,0.4897298292411314,0.0005660097307714632,141
random_forest_tau_0_1,CWE-668,0.005650396392075439,0.9985347985347985,3.754580312540854e-05,0.7708333333333333,0.9999624541968746,0.0014652014652014652,0.011237204820125421,0.027626658167586887,-0.02746823355757217,0.005687472142116903,0.499286172168962,0.6044375593216905,0.014664449893236325,1364
random_forest_tau_0_1,CWE-704,0.0018213719533776104,0.9977272727272727,0.00011635802463373486,0.9848484848484849,0.9998836419753662,0.0022727272727272726,0.0036361061189764906,0.009040842776494355,-0.0070559257091562634,0.0019372998664001083,0.49892181537595326,0.49877004763784055,0.001137281666821176,440
random_forest_tau_0_1,CWE-705,0.0010952594315850723,1.0,7.060076745358566e-05,1.0,0.9999293992325464,0.0,0.0021881221601246946,0.005452408543473205,0.0002621818784862526,0.0011657052214295663,0.5000353003837268,0.5000353003837268,0.0012452742378433314,264
random_forest_tau_0_1,CWE-706,0.003347769913851251,1.0,0.0,,1.0,0.0,0.006673199285864871,0.016517658271885883,,0.003347769913851251,0.5,0.49934141832338436,0.0022801637999770854,807
random_forest_tau_0_1,CWE-74,0.003892245534944689,1.0,0.0002665307169253389,1.0,0.9997334692830746,0.0,0.0077543091876068615,0.019162879129401567,0.0010146552299917747,0.004156705169941208,0.5001332653584626,0.6234342103365511,0.0636392950000818,938
random_forest_tau_0_1,CWE-754,0.0006847663026329431,0.9882352941176471,0.0003985160369750734,0.9857142857142858,0.9996014839630248,0.011764705882352941,0.0013685840858203811,0.003414365989995485,-0.012444671808970107,0.001082728772630655,0.494316905077311,0.49421104577720093,0.0005097104986380001,167
random_forest_tau_0_1,CWE-834,0.0014560926337639194,1.0,0.0,,1.0,0.0,0.0029079508877309897,0.007238303280824585,,0.0014560926337639194,0.5,0.5041963951863331,0.0032026111065965833,351
random_forest_tau_0_2,CWE-118,0.04391095932153146,1.0,0.0,,1.0,0.0,0.08412778675095499,0.18675281500253121,,0.04391095932153146,0.5,0.6638735740214894,0.14066437085415612,10585
random_forest_tau_0_2,CWE-190,0.005832668945827858,1.0,0.0,,1.0,0.0,0.01159769227217632,0.028498455348573183,,0.005832668945827858,0.5,0.5298525366460671,0.02241947436476726,1406
random_forest_tau_0_2,CWE-191,0.0006931094162655225,1.0,0.0004690947339910082,1.0,0.9995309052660091,0.0,0.0013852584920201457,0.00345596359812793,0.0005698559564827354,0.0011615546393440052,0.5002345473669955,0.5002345473669955,0.00038815096839741524,167
random_forest_tau_0_2,CWE-20,0.007985829221536372,0.9994805194805195,1.2546002007360322e-05,0.75,0.9999874539979926,0.0005194805194805195,0.015845056598870155,0.03869253429184028,-0.02476846784056374,0.007998142839680155,0.4997465327412634,0.527401973987728,0.013516986620071439,1926
random_forest_tau_0_2,CWE-269,0.00048544826634811216,1.0,0.0001743182940873977,1.0,0.9998256817059126,0.0,0.0009704252364686738,0.002422535225829294,0.0002878536026776052,0.0006595976795180051,0.5000871591470437,0.5000871591470437,0.0006287410272161617,117
random_forest_tau_0_2,CWE-285,0.0011746729785241242,1.0,0.0005731574114144985,1.0,0.9994268425885855,0.0,0.0023465892785254332,0.005845894813101532,0.0008133286165426298,0.0017464861556221185,0.5002865787057071,0.5158330184462427,0.0030014116093045307,283
random_forest_tau_0_2,CWE-287,0.0013233447367079737,1.0,0.0,,1.0,0.0,0.002643191478543086,0.006581881886205443,,0.0013233447367079737,0.5,0.5,0.0014427608801302215,319
random_forest_tau_0_2,CWE-369,0.0011325297378341325,0.9963636363636363,8.307027745472671e-06,0.6666666666666666,0.9999916929722545,0.0036363636363636364,0.0022624876555608167,0.005637017798942648,-0.0776301459621982,0.0011408133451237252,0.4981859716956909,0.498165206756455,0.0009605581179680152,274
random_forest_tau_0_2,CWE-400,0.002398160481318974,1.0,0.0001580169559939142,1.0,0.9998419830440062,0.0,0.004784845935085356,0.011876869883643806,0.000599755433092071,0.0025554214973687933,0.500079008477997,0.500079008477997,0.0022122596417830523,578
random_forest_tau_0_2,CWE-404,0.005084232473611975,0.9983739837398374,0.0004711515264288103,0.9879598662207357,0.9995288484735712,0.0016260162601626018,0.01011694403479593,0.024913667307785207,-0.0028792946509399366,0.0055505580897549185,0.4994225676331331,0.499060032170539,0.0031814480959915384,1227
random_forest_tau_0_2,CWE-476,0.006981779152874261,1.0,0.0,,1.0,0.0,0.013866743590598963,0.03396047592483246,,0.006981779152874261,0.5,0.5123565198692533,0.018451171908041925,1683
random_forest_tau_0_2,CWE-662,0.003297988914559992,1.0,0.0,,1.0,0.0,0.006574295873778058,0.016275242293923135,,0.003297988914559992,0.5,0.5064407451165347,0.006637311661200072,795
random_forest_tau_0_2,CWE-665,0.0005733971290892573,0.9793103448275862,0.0016063105089262092,0.996103896103896,0.9983936894910738,0.020689655172413793,0.0011461230506209035,0.0028602853372464666,-0.008044152619760856,0.002177846908397182,0.4904583276682562,0.4897298292411314,0.0005660097307714632,141
random_forest_tau_0_2,CWE-668,0.005650396392075439,0.9985347985347985,3.754580312540854e-05,0.7708333333333333,0.9999624541968746,0.0014652014652014652,0.011237204820125421,0.027626658167586887,-0.02746823355757217,0.005687472142116903,0.499286172168962,0.6044375593216905,0.014664449893236325,1364
random_forest_tau_0_2,CWE-704,0.0018214174090267414,0.9977272727272727,0.00014129879031524127,0.9886363636363636,0.9998587012096849,0.0022727272727272726,0.003636196699216525,0.009041066771102954,-0.005172651067690296,0.0019621950989630725,0.498934285758794,0.49877004763784055,0.001137281666821176,440
random_forest_tau_0_2,CWE-705,0.0010952594315850723,1.0,7.060076745358566e-05,1.0,0.9999293992325464,0.0,0.0021881221601246946,0.005452408543473205,0.0002621818784862526,0.0011657052214295663,0.5000353003837268,0.5000353003837268,0.0012452742378433314,264
random_forest_tau_0_2,CWE-706,0.0033436909103051623,0.9987577639751553,1.6646898474727926e-05,0.8,0.9999833531015252,0.0012422360248447203,0.006665067971117292,0.01649752758376186,-0.03471675219559573,0.0033602133996864167,0.49938720543681503,0.49934141832338436,0.0022801637999770854,807
random_forest_tau_0_2,CWE-74,0.003892326290662254,1.0,0.0002873537258289323,1.0,0.9997126462741711,0.0,0.0077544694490425696,0.0191632706226178,0.0010537499335972328,0.00417744715238713,0.5001436768629144,0.6234342103365511,0.0636392950000818,938
random_forest_tau_0_2,CWE-754,0.0006847663026329431,0.9882352941176471,0.0003985160369750734,0.9857142857142858,0.9996014839630248,0.011764705882352941,0.0013685840858203811,0.003414365989995485,-0.012444671808970107,0.001082728772630655,0.494316905077311,0.49421104577720093,0.0005097104986380001,167
random_forest_tau_0_2,CWE-834,0.0014560926337639194,1.0,0.0,,1.0,0.0,0.0029079508877309897,0.007238303280824585,,0.0014560926337639194,0.5,0.5041963951863331,0.0032026111065965833,351
random_forest_tau_0_3,CWE-118,0.04391095932153146,1.0,0.0,,1.0,0.0,0.08412778675095499,0.18675281500253121,,0.04391095932153146,0.5,0.6638735740214894,0.14066437085415612,10585
random_forest_tau_0_3,CWE-190,0.005832668945827858,1.0,0.0,,1.0,0.0,0.01159769227217632,0.028498455348573183,,0.005832668945827858,0.5,0.5298525366460671,0.02241947436476726,1406
random_forest_tau_0_3,CWE-191,0.0006931094162655225,1.0,0.0004690947339910082,1.0,0.9995309052660091,0.0,0.0013852584920201457,0.00345596359812793,0.0005698559564827354,0.0011615546393440052,0.5002345473669955,0.5002345473669955,0.00038815096839741524,167
random_forest_tau_0_3,CWE-20,0.007985829221536372,0.9994805194805195,1.2546002007360322e-05,0.75,0.9999874539979926,0.0005194805194805195,0.015845056598870155,0.03869253429184028,-0.02476846784056374,0.007998142839680155,0.4997465327412634,0.527401973987728,0.013516986620071439,1926
random_forest_tau_0_3,CWE-269,0.00048544826634811216,1.0,0.0001743182940873977,1.0,0.9998256817059126,0.0,0.0009704252364686738,0.002422535225829294,0.0002878536026776052,0.0006595976795180051,0.5000871591470437,0.5000871591470437,0.0006287410272161617,117
random_forest_tau_0_3,CWE-285,0.0011746729785241242,1.0,0.0005731574114144985,1.0,0.9994268425885855,0.0,0.0023465892785254332,0.005845894813101532,0.0008133286165426298,0.0017464861556221185,0.5002865787057071,0.5158330184462427,0.0030014116093045307,283
random_forest_tau_0_3,CWE-287,0.0013233447367079737,1.0,0.0,,1.0,0.0,0.002643191478543086,0.006581881886205443,,0.0013233447367079737,0.5,0.5,0.0014427608801302215,319
random_forest_tau_0_3,CWE-369,0.0011325297378341325,0.9963636363636363,8.307027745472671e-06,0.6666666666666666,0.9999916929722545,0.0036363636363636364,0.0022624876555608167,0.005637017798942648,-0.0776301459621982,0.0011408133451237252,0.4981859716956909,0.498165206756455,0.0009605581179680152,274
random_forest_tau_0_3,CWE-400,0.002398160481318974,1.0,0.0001580169559939142,1.0,0.9998419830440062,0.0,0.004784845935085356,0.011876869883643806,0.000599755433092071,0.0025554214973687933,0.500079008477997,0.500079008477997,0.0022122596417830523,578
random_forest_tau_0_3,CWE-404,0.005084232473611975,0.9983739837398374,0.0004711515264288103,0.9879598662207357,0.9995288484735712,0.0016260162601626018,0.01011694403479593,0.024913667307785207,-0.0028792946509399366,0.0055505580897549185,0.4994225676331331,0.499060032170539,0.0031814480959915384,1227
random_forest_tau_0_3,CWE-476,0.006981779152874261,1.0,0.0,,1.0,0.0,0.013866743590598963,0.03396047592483246,,0.006981779152874261,0.5,0.5123565198692533,0.018451171908041925,1683
random_forest_tau_0_3,CWE-662,0.003297988914559992,1.0,0.0,,1.0,0.0,0.006574295873778058,0.016275242293923135,,0.003297988914559992,0.5,0.5064407451165347,0.006637311661200072,795
random_forest_tau_0_3,CWE-665,0.0005734188720728256,0.9793103448275862,0.001643675062419795,0.996103896103896,0.9983563249375802,0.020689655172413793,0.0011461664860518228,0.002860393548120738,-0.008030971058991806,0.002215189757241628,0.490477009945003,0.4897298292411314,0.0005660097307714632,141
random_forest_tau_0_3,CWE-668,0.005650396392075439,0.9985347985347985,3.754580312540854e-05,0.7708333333333333,0.9999624541968746,0.0014652014652014652,0.011237204820125421,0.027626658167586887,-0.02746823355757217,0.005687472142116903,0.499286172168962,0.6044375593216905,0.014664449893236325,1364
random_forest_tau_0_3,CWE-704,0.0018214174090267414,0.9977272727272727,0.00014129879031524127,0.9886363636363636,0.9998587012096849,0.0022727272727272726,0.003636196699216525,0.009041066771102954,-0.005172651067690296,0.0019621950989630725,0.498934285758794,0.49877004763784055,0.001137281666821176,440
random_forest_tau_0_3,CWE-705,0.0010952594315850723,1.0,7.060076745358566e-05,1.0,0.9999293992325464,0.0,0.0021881221601246946,0.005452408543473205,0.0002621818784862526,0.0011657052214295663,0.5000353003837268,0.5000353003837268,0.0012452742378433314,264
random_forest_tau_0_3,CWE-706,0.0033436909103051623,0.9987577639751553,1.6646898474727926e-05,0.8,0.9999833531015252,0.0012422360248447203,0.006665067971117292,0.01649752758376186,-0.03471675219559573,0.0033602133996864167,0.49938720543681503,0.49934141832338436,0.0022801637999770854,807
random_forest_tau_0_3,CWE-74,0.003892326290662254,1.0,0.0002873537258289323,1.0,0.9997126462741711,0.0,0.0077544694490425696,0.0191632706226178,0.0010537499335972328,0.00417744715238713,0.5001436768629144,0.6234342103365511,0.0636392950000818,938
random_forest_tau_0_3,CWE-754,0.0006847663026329431,0.9882352941176471,0.0003985160369750734,0.9857142857142858,0.9996014839630248,0.011764705882352941,0.0013685840858203811,0.003414365989995485,-0.012444671808970107,0.001082728772630655,0.494316905077311,0.49421104577720093,0.0005097104986380001,167
random_forest_tau_0_3,CWE-834,0.0014560926337639194,1.0,0.0,,1.0,0.0,0.0029079508877309897,0.007238303280824585,,0.0014560926337639194,0.5,0.5041963951863331,0.0032026111065965833,351
random_forest_tau_0_4,CWE-118,0.04391095932153146,1.0,0.0,,1.0,0.0,0.08412778675095499,0.18675281500253121,,0.04391095932153146,0.5,0.6638735740214894,0.14066437085415612,10585
random_forest_tau_0_4,CWE-190,0.005828544438638826,0.9992882562277579,0.0,0.0,1.0,0.0007117437722419928,0.011589490783255371,0.028478299992707456,-0.05948150331176768,0.005828520342869904,0.4996441281138789,0.5298525366460671,0.02241947436476726,1406
random_forest_tau_0_4,CWE-191,0.0006931094162655225,1.0,0.0004690947339910082,1.0,0.9995309052660091,0.0,0.0013852584920201457,0.00345596359812793,0.0005698559564827354,0.0011615546393440052,0.5002345473669955,0.5002345473669955,0.00038815096839741524,167
random_forest_tau_0_4,CWE-20,0.007985829221536372,0.9994805194805195,1.2546002007360322e-05,0.75,0.9999874539979926,0.0005194805194805195,0.015845056598870155,0.03869253429184028,-0.02476846784056374,0.007998142839680155,0.4997465327412634,0.527401973987728,0.013516986620071439,1926
random_forest_tau_0_4,CWE-269,0.00048544826634811216,1.0,0.0001743182940873977,1.0,0.9998256817059126,0.0,0.0009704252364686738,0.002422535225829294,0.0002878536026776052,0.0006595976795180051,0.5000871591470437,0.5000871591470437,0.0006287410272161617,117
random_forest_tau_0_4,CWE-285,0.0011746729785241242,1.0,0.0005731574114144985,1.0,0.9994268425885855,0.0,0.0023465892785254332,0.005845894813101532,0.0008133286165426298,0.0017464861556221185,0.5002865787057071,0.5158330184462427,0.0030014116093045307,283
random_forest_tau_0_4,CWE-287,0.0013233447367079737,1.0,0.0,,1.0,0.0,0.002643191478543086,0.006581881886205443,,0.0013233447367079737,0.5,0.5,0.0014427608801302215,319
random_forest_tau_0_4,CWE-369,0.0011325297378341325,0.9963636363636363,8.307027745472671e-06,0.6666666666666666,0.9999916929722545,0.0036363636363636364,0.0022624876555608167,0.005637017798942648,-0.0776301459621982,0.0011408133451237252,0.4981859716956909,0.498165206756455,0.0009605581179680152,274
random_forest_tau_0_4,CWE-400,0.002398160481318974,1.0,0.0001580169559939142,1.0,0.9998419830440062,0.0,0.004784845935085356,0.011876869883643806,0.000599755433092071,0.0025554214973687933,0.500079008477997,0.500079008477997,0.0022122596417830523,578
random_forest_tau_0_4,CWE-404,0.005084232473611975,0.9983739837398374,0.0004711515264288103,0.9879598662207357,0.9995288484735712,0.0016260162601626018,0.01011694403479593,0.024913667307785207,-0.0028792946509399366,0.0055505580897549185,0.4994225676331331,0.499060032170539,0.0031814480959915384,1227
random_forest_tau_0_4,CWE-476,0.006981779152874261,1.0,0.0,,1.0,0.0,0.013866743590598963,0.03396047592483246,,0.006981779152874261,0.5,0.5123565198692533,0.018451171908041925,1683
random_forest_tau_0_4,CWE-662,0.003297988914559992,1.0,0.0,,1.0,0.0,0.006574295873778058,0.016275242293923135,,0.003297988914559992,0.5,0.5064407451165347,0.006637311661200072,795
random_forest_tau_0_4,CWE-665,0.0005734188720728256,0.9793103448275862,0.001643675062419795,0.996103896103896,0.9983563249375802,0.020689655172413793,0.0011461664860518228,0.002860393548120738,-0.008030971058991806,0.002215189757241628,0.490477009945003,0.4897298292411314,0.0005660097307714632,141
random_forest_tau_0_4,CWE-668,0.005650396392075439,0.9985347985347985,3.754580312540854e-05,0.7708333333333333,0.9999624541968746,0.0014652014652014652,0.011237204820125421,0.027626658167586887,-0.02746823355757217,0.005687472142116903,0.499286172168962,0.6044375593216905,0.014664449893236325,1364
random_forest_tau_0_4,CWE-704,0.0018214174090267414,0.9977272727272727,0.00014129879031524127,0.9886363636363636,0.9998587012096849,0.0022727272727272726,0.003636196699216525,0.009041066771102954,-0.005172651067690296,0.0019621950989630725,0.498934285758794,0.49877004763784055,0.001137281666821176,440
random_forest_tau_0_4,CWE-705,0.0010952594315850723,1.0,7.060076745358566e-05,1.0,0.9999293992325464,0.0,0.0021881221601246946,0.005452408543473205,0.0002621818784862526,0.0011657052214295663,0.5000353003837268,0.5000353003837268,0.0012452742378433314,264
random_forest_tau_0_4,CWE-706,0.0033436909103051623,0.9987577639751553,1.6646898474727926e-05,0.8,0.9999833531015252,0.0012422360248447203,0.006665067971117292,0.01649752758376186,-0.03471675219559573,0.0033602133996864167,0.49938720543681503,0.49934141832338436,0.0022801637999770854,807
random_forest_tau_0_4,CWE-74,0.003892326290662254,1.0,0.0002873537258289323,1.0,0.9997126462741711,0.0,0.0077544694490425696,0.0191632706226178,0.0010537499335972328,0.00417744715238713,0.5001436768629144,0.6234342103365511,0.0636392950000818,938
random_forest_tau_0_4,CWE-754,0.0006847663026329431,0.9882352941176471,0.0003985160369750734,0.9857142857142858,0.9996014839630248,0.011764705882352941,0.0013685840858203811,0.003414365989995485,-0.012444671808970107,0.001082728772630655,0.494316905077311,0.49421104577720093,0.0005097104986380001,167
random_forest_tau_0_4,CWE-834,0.0014560926337639194,1.0,0.0,,1.0,0.0,0.0029079508877309897,0.007238303280824585,,0.0014560926337639194,0.5,0.5041963951863331,0.0032026111065965833,351
random_forest_tau_0_5,CWE-118,0.2365003009584278,0.3837505904581956,0.9431077998166476,0.9708645699893221,0.05689220018335243,0.6162494095418045,0.29262597484201314,0.34123506445145746,0.2603356331252094,0.9185458645948785,0.6634291951374215,0.6638735740214894,0.14066437085415612,10585
random_forest_tau_0_5,CWE-190,0.06967969378890879,0.06613916862270008,0.994829957128229,0.9945228709594389,0.005170042871771009,0.9338608313772999,0.06784643493721837,0.06680796482075105,0.06255726135767685,0.989413243567923,0.5304845628754645,0.5298525366460671,0.02241947436476726,1406
random_forest_tau_0_5,CWE-191,0.0006931094162655225,1.0,0.0004690947339910082,1.0,0.9995309052660091,0.0,0.0013852584920201457,0.00345596359812793,0.0005698559564827354,0.0011615546393440052,0.5002345473669955,0.5002345473669955,0.00038815096839741524,167
random_forest_tau_0_5,CWE-20,0.04003804572524662,0.0685229796110625,0.9867602883883138,0.9924545251795085,0.013239711611686352,0.9314770203889374,0.050523468592135634,0.05996634170012395,0.042373995112012376,0.9794238257446501,0.5276416339996881,0.527401973987728,0.013516986620071439,1926
random_forest_tau_0_5,CWE-269,0.0004909779842873119,0.6,0.40009130981690044,0.9998091781152247,0.5999086901830996,0.4,0.000981473897616644,0.0024500763040256647,0.0002724022582796897,0.40019498503372136,0.5000456549084502,0.5000871591470437,0.0006287410272161617,117
random_forest_tau_0_5,CWE-285,0.055604787159665214,0.03176691729323308,0.999343787317683,0.9988625473846333,0.0006562126823170166,0.968233082706767,0.0400846654042697,0.03460697315306208,0.04096816814307478,0.9982078932368964,0.515555352305458,0.5158330184462427,0.0030014116093045307,283
random_forest_tau_0_5,CWE-287,,0.0,1.0,0.998676655263292,0.0,1.0,,,,0.998676655263292,0.5,0.5,0.0014427608801302215,319
random_forest_tau_0_5,CWE-369,0.00022404779686333083,0.19636363636363635,0.7999667771492736,0.9324248042392451,0.20003322285072644,0.8036363636363637,0.002237924532211608,0.0055757475631918055,-0.01571483227730886,0.799282366788546,0.498165206756455,0.498165206756455,0.0009605581179680152,274
random_forest_tau_0_5,CWE-400,0.002401289440980737,0.8,0.2001039662730843,0.999522999709652,0.7998960337269156,0.2,0.004791073975148085,0.011892219071394376,0.0005489568056748052,0.20154749914472042,0.5000519831365422,0.500079008477997,0.0022122596417830523,578
random_forest_tau_0_5,CWE-404,0.002034144580296155,0.3983739837398374,0.5997831412389338,0.9849081108337094,0.40021685876106616,0.6016260162601627,0.010119053818081744,0.024917872851906553,-0.004863496189760391,0.5987676821397868,0.49907856248938565,0.499060032170539,0.0031814480959915384,1227
random_forest_tau_0_5,CWE-476,0.08434710036666793,0.026730959446092977,0.9979655373922164,0.9931898689600638,0.0020344626077836944,0.9732690405539071,0.04054448206971268,0.03094601105601851,0.04372131125372523,0.9911846387223383,0.5123482484191546,0.5123565198692533,0.018451171908041925,1683
random_forest_tau_0_5,CWE-662,0.008285258598519259,0.02138364779874214,0.9914717163463804,0.9967446293212646,0.008528283653619576,0.9786163522012579,0.011936645787675376,0.016236303028519278,0.008038425539895463,0.9882723761013346,0.5064276820725613,0.5064407451165347,0.006637311661200072,795
random_forest_tau_0_5,CWE-665,0.00010818908122503328,0.1793103448275862,0.7991240365511705,0.995638383491859,0.20087596344882952,0.8206896551724139,0.0010812384338677145,0.0026982150269821504,-0.009553539899706875,0.7987677372057005,0.48921719068937836,0.4897298292411314,0.0005660097307714632,141
random_forest_tau_0_5,CWE-668,0.05978118016526934,0.23094160741219563,0.979331762313177,0.9955510919198567,0.02066823768682296,0.7690583925878044,0.09496863449436563,0.14683201537937465,0.10785846157279819,0.975097031973698,0.6051366848626863,0.6044375593216905,0.014664449893236325,1364
random_forest_tau_0_5,CWE-704,0.00036102581127064485,0.19772727272727272,0.7997589290807987,0.9894481993044856,0.2002410709192013,0.8022727272727274,0.003603678237097175,0.008960204333855153,-0.005060030464761202,0.7986599371161281,0.4987431009040357,0.49877004763784055,0.001137281666821176,440
random_forest_tau_0_5,CWE-705,,0.0,1.0,0.9989048180183874,0.0,1.0,,,,0.9989048180183874,0.5,0.5000353003837268,0.0012452742378433314,264
random_forest_tau_0_5,CWE-706,0.0006637214029411155,0.19875776397515527,0.7999250726716135,0.9573197247976444,0.20007492732838647,0.8012422360248447,0.006615123826849134,0.016374316883967496,-0.007428226964559628,0.7979090068392642,0.49934141832338436,0.49934141832338436,0.0022801637999770854,807
random_forest_tau_0_5,CWE-74,0.3572596534638973,0.24840141085447714,0.9982508504204921,0.9970674305859528,0.0017491495795079713,0.7515985891455228,0.2928657146150081,0.2644365760657563,0.2955327215383708,0.9953330288762074,0.6233261306374847,0.6234342103365511,0.0636392950000818,938
random_forest_tau_0_5,CWE-754,0.00013280763643909525,0.18823529411764706,0.7998962010411544,0.9851623816387194,0.20010379895884559,0.8117647058823529,0.0013271400132714,0.0033108471630178367,-0.013182626960416739,0.7994772425456891,0.49406574757940075,0.49421104577720093,0.0005097104986380001,167
random_forest_tau_0_5,CWE-834,0.08214285714285714,0.008571428571428572,0.9998213618012375,0.9985560776082003,0.00017863819876252261,0.9914285714285714,0.03879453879453879,0.026102158343012005,0.02601711732067576,0.9983779758935883,0.5041963951863331,0.5041963951863331,0.0032026111065965833,351
random_forest_tau_0_6,CWE-118,0.23638085967535064,0.3834671705243269,0.9431121396235262,0.9708516850981972,0.056887860376473844,0.6165328294756731,0.2924523095957319,0.34100621858119967,0.2601414976363072,0.9185375673889628,0.6632896550739265,0.6638735740214894,0.14066437085415612,10585
random_forest_tau_0_6,CWE-190,0.06967969378890879,0.06613916862270008,0.994829957128229,0.9945228709594389,0.005170042871771009,0.9338608313772999,0.06784643493721837,0.06680796482075105,0.06255726135767685,0.989413243567923,0.5304845628754645,0.5298525366460671,0.02241947436476726,1406
random_forest_tau_0_6,CWE-191,,0.0,1.0,0.9993072153030658,0.0,1.0,,,,0.9993072153030658,0.5,0.5002345473669955,0.00038815096839741524,167
random_forest_tau_0_6,CWE-20,0.04003804572524662,0.0685229796110625,0.9867602883883138,0.9924545251795085,0.013239711611686352,0.9314770203889374,0.050523468592135634,0.05996634170012395,0.042373995112012376,0.9794238257446501,0.5276416339996881,0.527401973987728,0.013516986620071439,1926
random_forest_tau_0_6,CWE-269,,0.0,1.0,0.9995146361616323,0.0,1.0,,,,0.9995146361616323,0.5,0.5000871591470437,0.0006287410272161617,117
random_forest_tau_0_6,CWE-285,0.055604787159665214,0.03176691729323308,0.999343787317683,0.9988625473846333,0.0006562126823170166,0.968233082706767,0.0400846654042697,0.03460697315306208,0.04096816814307478,0.9982078932368964,0.515555352305458,0.5158330184462427,0.0030014116093045307,283
random_forest_tau_0_6,CWE-287,,0.0,1.0,0.998676655263292,0.0,1.0,,,,0.998676655263292,0.5,0.5,0.0014427608801302215,319
random_forest_tau_0_6,CWE-369,0.0,0.0,0.999958470121528,0.9988632882768329,4.15298784719042e-05,1.0,,,-0.00023600385608653113,0.9988218527553144,0.499979235060764,0.498165206756455,0.0009605581179680152,274
random_forest_tau_0_6,CWE-400,,0.0,1.0,0.9976022170712152,0.0,1.0,,,,0.9976022170712152,0.5,0.500079008477997,0.0022122596417830523,578
random_forest_tau_0_6,CWE-404,0.0,0.0,0.9998498971489911,0.9949091370181915,0.0001501028510089364,1.0,,,-0.0009719977720138959,0.9947605573667359,0.49992494857449554,0.499060032170539,0.0031814480959915384,1227
random_forest_tau_0_6,CWE-476,0.08434710036666793,0.026730959446092977,0.9979655373922164,0.9931898689600638,0.0020344626077836944,0.9732690405539071,0.04054448206971268,0.03094601105601851,0.04372131125372523,0.9911846387223383,0.5123482484191546,0.5123565198692533,0.018451171908041925,1683
random_forest_tau_0_6,CWE-662,0.00829662190045093,0.02138364779874214,0.9914883660165161,0.9967446841459209,0.008511633983483953,0.9786163522012579,0.011948596114282858,0.016245277818726374,0.008052806898043384,0.9882889708573988,0.5064360069076291,0.5064407451165347,0.006637311661200072,795
random_forest_tau_0_6,CWE-665,0.0,0.0,0.9985014891290256,0.9994142027784312,0.0014985108709745063,1.0,,,-0.0010435288330900101,0.9979174337171128,0.4992507445645128,0.4897298292411314,0.0005660097307714632,141
random_forest_tau_0_6,CWE-668,0.05978118016526934,0.23094160741219563,0.979331762313177,0.9955510919198567,0.02066823768682296,0.7690583925878044,0.09496863449436563,0.14683201537937465,0.10785846157279819,0.975097031973698,0.6051366848626863,0.6044375593216905,0.014664449893236325,1364
random_forest_tau_0_6,CWE-704,0.0,0.0,0.9996716654198803,0.9981740994775633,0.00032833458011964254,1.0,,,-0.0008651213229166053,0.9978469627082307,0.49983583270994014,0.49877004763784055,0.001137281666821176,440
random_forest_tau_0_6,CWE-705,,0.0,1.0,0.9989048180183874,0.0,1.0,,,,0.9989048180183874,0.5,0.5000353003837268,0.0012452742378433314,264
random_forest_tau_0_6,CWE-706,0.0,0.0,0.9999084257731388,0.9966519243911571,9.157422686120772e-05,1.0,,,-0.0006060956568006027,0.9965609625404547,0.4999542128865694,0.49934141832338436,0.0022801637999770854,807
random_forest_tau_0_6,CWE-74,0.3572596534638973,0.24840141085447714,0.9982508504204921,0.9970674305859528,0.0017491495795079713,0.7515985891455228,0.2928657146150081,0.2644365760657563,0.2955327215383708,0.9953330288762074,0.6233261306374847,0.6234342103365511,0.0636392950000818,938
random_forest_tau_0_6,CWE-754,0.0,0.0,0.9997882813997798,0.9993070697516352,0.00021171860022029055,1.0,,,-0.0004228422797011532,0.9990956423134107,0.4998941406998899,0.49421104577720093,0.0005097104986380001,167
random_forest_tau_0_6,CWE-834,0.08214285714285714,0.008571428571428572,0.9998213618012375,0.9985560776082003,0.00017863819876252261,0.9914285714285714,0.03879453879453879,0.026102158343012005,0.02601711732067576,0.9983779758935883,0.5041963951863331,0.5041963951863331,0.0032026111065965833,351
random_forest_tau_0_7,CWE-118,0.23647098482500697,0.38129428436466695,0.9434635874455515,0.9707625253982559,0.05653641255444861,0.6187057156353329,0.29188800396433623,0.3396677383593327,0.25941613265164626,0.9187781713934104,0.6623789359051091,0.6638735740214894,0.14066437085415612,10585
random_forest_tau_0_7,CWE-190,0.06947202837656502,0.0647156810782161,0.9949384500725902,0.9945151764523033,0.005061549927409892,0.935284318921784,0.06696565520993002,0.06558790365451488,0.0617626609121046,0.9895128075444658,0.5298270655754032,0.5298525366460671,0.02241947436476726,1406
random_forest_tau_0_7,CWE-191,,0.0,1.0,0.9993072153030658,0.0,1.0,,,,0.9993072153030658,0.5,0.5002345473669955,0.00038815096839741524,167
random_forest_tau_0_7,CWE-20,0.04003804572524662,0.0685229796110625,0.9867602883883138,0.9924545251795085,0.013239711611686352,0.9314770203889374,0.050523468592135634,0.05996634170012395,0.042373995112012376,0.9794238257446501,0.5276416339996881,0.527401973987728,0.013516986620071439,1926
random_forest_tau_0_7,CWE-269,,0.0,1.0,0.9995146361616323,0.0,1.0,,,,0.9995146361616323,0.5,0.5000871591470437,0.0006287410272161617,117
random_forest_tau_0_7,CWE-285,0.055604787159665214,0.03176691729323308,0.999343787317683,0.9988625473846333,0.0006562126823170166,0.968233082706767,0.0400846654042697,0.03460697315306208,0.04096816814307478,0.9982078932368964,0.515555352305458,0.5158330184462427,0.0030014116093045307,283
random_forest_tau_0_7,CWE-287,,0.0,1.0,0.998676655263292,0.0,1.0,,,,0.998676655263292,0.5,0.5,0.0014427608801302215,319
random_forest_tau_0_7,CWE-369,0.0,0.0,0.999958470121528,0.9988632882768329,4.15298784719042e-05,1.0,,,-0.00023600385608653113,0.9988218527553144,0.499979235060764,0.498165206756455,0.0009605581179680152,274
random_forest_tau_0_7,CWE-400,,0.0,1.0,0.9976022170712152,0.0,1.0,,,,0.9976022170712152,0.5,0.500079008477997,0.0022122596417830523,578
random_forest_tau_0_7,CWE-404,0.0,0.0,0.9998498971489911,0.9949091370181915,0.0001501028510089364,1.0,,,-0.0009719977720138959,0.9947605573667359,0.49992494857449554,0.499060032170539,0.0031814480959915384,1227
random_forest_tau_0_7,CWE-476,0.08434710036666793,0.026730959446092977,0.9979655373922164,0.9931898689600638,0.0020344626077836944,0.9732690405539071,0.04054448206971268,0.03094601105601851,0.04372131125372523,0.9911846387223383,0.5123482484191546,0.5123565198692533,0.018451171908041925,1683
random_forest_tau_0_7,CWE-662,0.01632801161103048,0.003773584905660378,0.9980562020300379,0.9967080498110521,0.001943797969962116,0.9962264150943396,0.009244485220790619,0.008569061255342037,0.004168807764094232,0.9947770704086922,0.5009148934678491,0.5064407451165347,0.006637311661200072,795
random_forest_tau_0_7,CWE-665,0.0,0.0,0.9985014891290256,0.9994142027784312,0.0014985108709745063,1.0,,,-0.0010435288330900101,0.9979174337171128,0.4992507445645128,0.4897298292411314,0.0005660097307714632,141
random_forest_tau_0_7,CWE-668,0.05979241261018649,0.23094160741219563,0.9793359346298558,0.9955511106406127,0.020664065370144126,0.7690583925878044,0.0949829022147629,0.14684579013627172,0.10787057527010765,0.9751011807487723,0.6051387710210258,0.6044375593216905,0.014664449893236325,1364
random_forest_tau_0_7,CWE-704,0.0,0.0,0.9996716654198803,0.9981740994775633,0.00032833458011964254,1.0,,,-0.0008651213229166053,0.9978469627082307,0.49983583270994014,0.49877004763784055,0.001137281666821176,440
random_forest_tau_0_7,CWE-705,,0.0,1.0,0.9989048180183874,0.0,1.0,,,,0.9989048180183874,0.5,0.5000353003837268,0.0012452742378433314,264
random_forest_tau_0_7,CWE-706,0.0,0.0,0.9999084257731388,0.9966519243911571,9.157422686120772e-05,1.0,,,-0.0006060956568006027,0.9965609625404547,0.4999542128865694,0.49934141832338436,0.0022801637999770854,807
random_forest_tau_0_7,CWE-74,0.3572596534638973,0.24840141085447714,0.9982508504204921,0.9970674305859528,0.0017491495795079713,0.7515985891455228,0.2928657146150081,0.2644365760657563,0.2955327215383708,0.9953330288762074,0.6233261306374847,0.6234342103365511,0.0636392950000818,938
random_forest_tau_0_7,CWE-754,0.0,0.0,0.9997882813997798,0.9993070697516352,0.00021171860022029055,1.0,,,-0.0004228422797011532,0.9990956423134107,0.4998941406998899,0.49421104577720093,0.0005097104986380001,167
random_forest_tau_0_7,CWE-834,0.08214285714285714,0.008571428571428572,0.9998213618012375,0.9985560776082003,0.00017863819876252261,0.9914285714285714,0.03879453879453879,0.026102158343012005,0.02601711732067576,0.9983779758935883,0.5041963951863331,0.5041963951863331,0.0032026111065965833,351
random_forest_tau_0_8,CWE-118,0.35008953098783574,0.029003306565895132,0.9974747385855866,0.957204879370171,0.0025252614144134966,0.9709966934341049,0.053420857080856685,0.035491033641746716,0.08974170690517898,0.9549482353309994,0.5132390225757408,0.6638735740214894,0.14066437085415612,10585
random_forest_tau_0_8,CWE-190,0.07195348131937657,0.0647156810782161,0.9951178784094192,0.9945161533640634,0.004882121590580814,0.935284318921784,0.0681323805551238,0.06603823257738232,0.06305953205480416,0.9896911886127617,0.5299167797438177,0.5298525366460671,0.02241947436476726,1406
random_forest_tau_0_8,CWE-191,,0.0,1.0,0.9993072153030658,0.0,1.0,,,,0.9993072153030658,0.5,0.5002345473669955,0.00038815096839741524,167
random_forest_tau_0_8,CWE-20,0.04003804572524662,0.0685229796110625,0.9867602883883138,0.9924545251795085,0.013239711611686352,0.9314770203889374,0.050523468592135634,0.05996634170012395,0.042373995112012376,0.9794238257446501,0.5276416339996881,0.527401973987728,0.013516986620071439,1926
random_forest_tau_0_8,CWE-269,,0.0,1.0,0.9995146361616323,0.0,1.0,,,,0.9995146361616323,0.5,0.5000871591470437,0.0006287410272161617,117
random_forest_tau_0_8,CWE-285,0.055604787159665214,0.03176691729323308,0.999343787317683,0.9988625473846333,0.0006562126823170166,0.968233082706767,0.0400846654042697,0.03460697315306208,0.04096816814307478,0.9982078932368964,0.515555352305458,0.5158330184462427,0.0030014116093045307,283
random_forest_tau_0_8,CWE-287,,0.0,1.0,0.998676655263292,0.0,1.0,,,,0.998676655263292,0.5,0.5,0.0014427608801302215,319
random_forest_tau_0_8,CWE-369,,0.0,1.0,0.9988633354299505,0.0,1.0,,,,0.9988633354299505,0.5,0.498165206756455,0.0009605581179680152,274
random_forest_tau_0_8,CWE-400,,0.0,1.0,0.9976022170712152,0.0,1.0,,,,0.9976022170712152,0.5,0.500079008477997,0.0022122596417830523,578
random_forest_tau_0_8,CWE-404,0.0,0.0,0.9998498971489911,0.9949091370181915,0.0001501028510089364,1.0,,,-0.0009719977720138959,0.9947605573667359,0.49992494857449554,0.499060032170539,0.0031814480959915384,1227
random_forest_tau_0_8,CWE-476,0.08434710036666793,0.026730959446092977,0.9979655373922164,0.9931898689600638,0.0020344626077836944,0.9732690405539071,0.04054448206971268,0.03094601105601851,0.04372131125372523,0.9911846387223383,0.5123482484191546,0.5123565198692533,0.018451171908041925,1683
random_forest_tau_0_8,CWE-662,0.04395604395604395,0.002515723270440252,0.9997877316866456,0.9967095853253092,0.00021226831335441576,0.9974842767295599,0.011838049873914262,0.007740105006625817,0.009569205116231447,0.9964987406362431,0.501151727478543,0.5064407451165347,0.006637311661200072,795
random_forest_tau_0_8,CWE-665,0.0,0.0,0.9985014891290256,0.9994142027784312,0.0014985108709745063,1.0,,,-0.0010435288330900101,0.9979174337171128,0.4992507445645128,0.4897298292411314,0.0005660097307714632,141
random_forest_tau_0_8,CWE-668,0.05979241261018649,0.23094160741219563,0.9793359346298558,0.9955511106406127,0.020664065370144126,0.7690583925878044,0.0949829022147629,0.14684579013627172,0.10787057527010765,0.9751011807487723,0.6051387710210258,0.6044375593216905,0.014664449893236325,1364
random_forest_tau_0_8,CWE-704,0.0,0.0,0.9996716654198803,0.9981740994775633,0.00032833458011964254,1.0,,,-0.0008651213229166053,0.9978469627082307,0.49983583270994014,0.49877004763784055,0.001137281666821176,440
random_forest_tau_0_8,CWE-705,,0.0,1.0,0.9989048180183874,0.0,1.0,,,,0.9989048180183874,0.5,0.5000353003837268,0.0012452742378433314,264
random_forest_tau_0_8,CWE-706,0.0,0.0,0.9999833472106576,0.9966521743019852,1.6652789342214823e-05,1.0,,,-0.0005290192736642528,0.9966356332644402,0.4999916736053288,0.49934141832338436,0.0022801637999770854,807
random_forest_tau_0_8,CWE-74,0.3572596534638973,0.24840141085447714,0.9982508504204921,0.9970674305859528,0.0017491495795079713,0.7515985891455228,0.2928657146150081,0.2644365760657563,0.2955327215383708,0.9953330288762074,0.6233261306374847,0.6234342103365511,0.0636392950000818,938
random_forest_tau_0_8,CWE-754,0.0,0.0,0.9997882813997798,0.9993070697516352,0.00021171860022029055,1.0,,,-0.0004228422797011532,0.9990956423134107,0.4998941406998899,0.49421104577720093,0.0005097104986380001,167
random_forest_tau_0_8,CWE-834,0.08214285714285714,0.008571428571428572,0.9998213618012375,0.9985560776082003,0.00017863819876252261,0.9914285714285714,0.03879453879453879,0.026102158343012005,0.02601711732067576,0.9983779758935883,0.5041963951863331,0.5041963951863331,0.0032026111065965833,351
random_forest_tau_0_9,CWE-118,0.729,0.003117619272555503,0.9999175523301458,0.9562165095710752,8.244766985418341e-05,0.9968823807274445,0.006192175863537236,0.0038902484374813417,0.042639872348580285,0.9561471174208181,0.5015175858013506,0.6638735740214894,0.14066437085415612,10585
random_forest_tau_0_9,CWE-190,0.4866666666666667,0.007826657580575958,0.9999499249733894,0.9942124128309071,5.007502661059604e-05,0.992173342419424,0.015384718339029574,0.009740783997115468,0.06029243327204682,0.9941631815042733,0.5038882912769826,0.5298525366460671,0.02241947436476726,1406
random_forest_tau_0_9,CWE-191,,0.0,1.0,0.9993072153030658,0.0,1.0,,,,0.9993072153030658,0.5,0.5002345473669955,0.00038815096839741524,167
random_forest_tau_0_9,CWE-20,0.0,0.0,0.9999581806915063,0.9920098227036631,4.1819308493602246e-05,1.0,,,-0.0007378607278159883,0.9919686693680827,0.49997909034575316,0.527401973987728,0.013516986620071439,1926
random_forest_tau_0_9,CWE-269,,0.0,1.0,0.9995146361616323,0.0,1.0,,,,0.9995146361616323,0.5,0.5000871591470437,0.0006287410272161617,117
random_forest_tau_0_9,CWE-285,0.055604787159665214,0.03176691729323308,0.999343787317683,0.9988625473846333,0.0006562126823170166,0.968233082706767,0.0400846654042697,0.03460697315306208,0.04096816814307478,0.9982078932368964,0.515555352305458,0.5158330184462427,0.0030014116093045307,283
random_forest_tau_0_9,CWE-287,,0.0,1.0,0.998676655263292,0.0,1.0,,,,0.998676655263292,0.5,0.5,0.0014427608801302215,319
random_forest_tau_0_9,CWE-369,,0.0,1.0,0.9988633354299505,0.0,1.0,,,,0.9988633354299505,0.5,0.498165206756455,0.0009605581179680152,274
random_forest_tau_0_9,CWE-400,,0.0,1.0,0.9976022170712152,0.0,1.0,,,,0.9976022170712152,0.5,0.500079008477997,0.0022122596417830523,578
random_forest_tau_0_9,CWE-404,,0.0,1.0,0.9949098967503192,0.0,1.0,,,,0.9949098967503192,0.5,0.499060032170539,0.0031814480959915384,1227
random_forest_tau_0_9,CWE-476,0.1554167764602547,0.015447929913805286,0.9989472439768547,0.9931181493349989,0.0010527560231451355,0.9845520700861947,0.026457586859738556,0.018489219856123403,0.0433993003723679,0.9920806720080609,0.50719758694533,0.5123565198692533,0.018451171908041925,1683
random_forest_tau_0_9,CWE-662,0.0,0.0,0.9998626609205008,0.9967015595621076,0.0001373390794992865,1.0,,,-0.0008589220351715646,0.9965651249107317,0.4999313304602504,0.5064407451165347,0.006637311661200072,795
random_forest_tau_0_9,CWE-665,0.0,0.0,0.9999916967658903,0.9994150694286738,8.303234109685722e-06,1.0,,,-0.0001552973840636489,0.999406775838473,0.49999584838294514,0.4897298292411314,0.0005660097307714632,141
random_forest_tau_0_9,CWE-668,0.06003548591299912,0.23094160741219563,0.9794277236836573,0.9955515269715797,0.02057227631634268,0.7690583925878044,0.09529077162039608,0.14714176545590524,0.1081323672337009,0.9751924505319092,0.6051846655479265,0.6044375593216905,0.014664449893236325,1364
random_forest_tau_0_9,CWE-704,,0.0,1.0,0.9981746979592373,0.0,1.0,,,,0.9981746979592373,0.5,0.49877004763784055,0.001137281666821176,440
random_forest_tau_0_9,CWE-705,,0.0,1.0,0.9989048180183874,0.0,1.0,,,,0.9989048180183874,0.5,0.5000353003837268,0.0012452742378433314,264
random_forest_tau_0_9,CWE-706,,0.0,1.0,0.9966522300861488,0.0,1.0,,,,0.9966522300861488,0.5,0.49934141832338436,0.0022801637999770854,807
random_forest_tau_0_9,CWE-74,0.3572596534638973,0.24840141085447714,0.9982508504204921,0.9970674305859528,0.0017491495795079713,0.7515985891455228,0.2928657146150081,0.2644365760657563,0.2955327215383708,0.9953330288762074,0.6233261306374847,0.6234342103365511,0.0636392950000818,938
random_forest_tau_0_9,CWE-754,0.0,0.0,0.9997882813997798,0.9993070697516352,0.00021171860022029055,1.0,,,-0.0004228422797011532,0.9990956423134107,0.4998941406998899,0.49421104577720093,0.0005097104986380001,167
random_forest_tau_0_9,CWE-834,0.08214285714285714,0.008571428571428572,0.9998213618012375,0.9985560776082003,0.00017863819876252261,0.9914285714285714,0.03879453879453879,0.026102158343012005,0.02601711732067576,0.9983779758935883,0.5041963951863331,0.5041963951863331,0.0032026111065965833,351
gradient_boosting_tau_0_1,CWE-118,0.04391095932153146,1.0,0.0,,1.0,0.0,0.08412778675095499,0.18675281500253121,,0.04391095932153146,0.5,0.6638864675523674,0.14081783778256085,10585
gradient_boosting_tau_0_1,CWE-190,0.005832668945827858,1.0,0.0,,1.0,0.0,0.01159769227217632,0.028498455348573183,,0.005832668945827858,0.5,0.5305634677054616,0.022410268264929135,1406
gradient_boosting_tau_0_1,CWE-191,0.0006931094162655225,1.0,0.0004690947339910082,1.0,0.9995309052660091,0.0,0.0013852584920201457,0.00345596359812793,0.0005698559564827354,0.0011615546393440052,0.5002345473669955,0.5002345473669955,0.00038815096839741524,167
gradient_boosting_tau_0_1,CWE-20,0.007985829221536372,0.9994805194805195,1.2546002007360322e-05,0.75,0.9999874539979926,0.0005194805194805195,0.015845056598870155,0.03869253429184028,-0.02476846784056374,0.007998142839680155,0.4997465327412634,0.5274057065119683,0.013874251604825505,1926
gradient_boosting_tau_0_1,CWE-269,0.00048544826634811216,1.0,0.0001743182940873977,1.0,0.9998256817059126,0.0,0.0009704252364686738,0.002422535225829294,0.0002878536026776052,0.0006595976795180051,0.5000871591470437,0.5000871591470437,0.0006287410272161617,117
gradient_boosting_tau_0_1,CWE-285,0.0011746729785241242,1.0,0.0005731574114144985,1.0,0.9994268425885855,0.0,0.0023465892785254332,0.005845894813101532,0.0008133286165426298,0.0017464861556221185,0.5002865787057071,0.5158330184462427,0.0030014116093045307,283
gradient_boosting_tau_0_1,CWE-287,0.0013233447367079737,1.0,0.0,,1.0,0.0,0.002643191478543086,0.006581881886205443,,0.0013233447367079737,0.5,0.5,0.0014427608801302215,319
gradient_boosting_tau_0_1,CWE-369,0.0011325297378341325,0.9963636363636363,8.307027745472671e-06,0.6666666666666666,0.9999916929722545,0.0036363636363636364,0.0022624876555608167,0.005637017798942648,-0.0776301459621982,0.0011408133451237252,0.4981859716956909,0.498165206756455,0.0009605581179680152,274
gradient_boosting_tau_0_1,CWE-400,0.002398160481318974,1.0,0.0001580169559939142,1.0,0.9998419830440062,0.0,0.004784845935085356,0.011876869883643806,0.000599755433092071,0.0025554214973687933,0.500079008477997,0.500079008477997,0.0022122596417830523,578
gradient_boosting_tau_0_1,CWE-404,0.005084232473611975,0.9983739837398374,0.0004711515264288103,0.9879598662207357,0.9995288484735712,0.0016260162601626018,0.01011694403479593,0.024913667307785207,-0.0028792946509399366,0.0055505580897549185,0.4994225676331331,0.4991852889884787,0.0031820686682829196,1227
gradient_boosting_tau_0_1,CWE-476,0.006981779152874261,1.0,0.0,,1.0,0.0,0.013866743590598963,0.03396047592483246,,0.006981779152874261,0.5,0.5123565198692533,0.018451171908041925,1683
gradient_boosting_tau_0_1,CWE-662,0.003298071004343576,1.0,2.4972599810469916e-05,1.0,0.9999750274001895,0.0,0.006574458975746014,0.01627564212409426,0.00031623399423709214,0.003322879155809976,0.5000124862999052,0.5064463999437787,0.005370018384069172,795
gradient_boosting_tau_0_1,CWE-665,0.0005733126108630057,0.9793103448275862,0.0014610394932332003,0.996103896103896,0.9985389605067668,0.020689655172413793,0.0011459542105663305,0.00285986470497119,-0.008095264115888505,0.002032660258353941,0.4903856921604097,0.48968746377405664,0.000565950022727743,141
gradient_boosting_tau_0_1,CWE-668,0.005650396392075439,0.9985347985347985,3.754580312540854e-05,0.7708333333333333,0.9999624541968746,0.0014652014652014652,0.011237204820125421,0.027626658167586887,-0.02746823355757217,0.005687472142116903,0.499286172168962,0.6044528865914617,0.014744817937043719,1364
gradient_boosting_tau_0_1,CWE-704,0.0018214174090267414,0.9977272727272727,0.00014129879031524127,0.9886363636363636,0.9998587012096849,0.0022727272727272726,0.003636196699216525,0.009041066771102954,-0.005172651067690296,0.0019621950989630725,0.498934285758794,0.49877011846873415,0.0011372819250436898,440
gradient_boosting_tau_0_1,CWE-705,0.0010952594315850723,1.0,7.060076745358566e-05,1.0,0.9999293992325464,0.0,0.0021881221601246946,0.005452408543473205,0.0002621818784862526,0.0011657052214295663,0.5000353003837268,0.5000353003837268,0.0012452742378433314,264
gradient_boosting_tau_0_1,CWE-706,0.0033436909103051623,0.9987577639751553,1.6646898474727926e-05,0.8,0.9999833531015252,0.0012422360248447203,0.006665067971117292,0.01649752758376186,-0.03471675219559573,0.0033602133996864167,0.49938720543681503,0.49934141832338436,0.0022801637999770854,807
gradient_boosting_tau_0_1,CWE-74,0.003892326290662254,1.0,0.0002873537258289323,1.0,0.9997126462741711,0.0,0.0077544694490425696,0.0191632706226178,0.0010537499335972328,0.00417744715238713,0.5001436768629144,0.6234342103365511,0.0636392950000818,938
gradient_boosting_tau_0_1,CWE-754,0.0006847663026329431,0.9882352941176471,0.0003985160369750734,0.9857142857142858,0.9996014839630248,0.011764705882352941,0.0013685840858203811,0.003414365989995485,-0.012444671808970107,0.001082728772630655,0.494316905077311,0.49421104577720093,0.0005097104986380001,167
gradient_boosting_tau_0_1,CWE-834,0.0014560926337639194,1.0,0.0,,1.0,0.0,0.0029079508877309897,0.007238303280824585,,0.0014560926337639194,0.5,0.5042836366651544,0.0032029523532205715,351
gradient_boosting_tau_0_2,CWE-118,0.04391095932153146,1.0,0.0,,1.0,0.0,0.08412778675095499,0.18675281500253121,,0.04391095932153146,0.5,0.6638864675523674,0.14081783778256085,10585
gradient_boosting_tau_0_2,CWE-190,0.005832668945827858,1.0,0.0,,1.0,0.0,0.01159769227217632,0.028498455348573183,,0.005832668945827858,0.5,0.5305634677054616,0.022410268264929135,1406
gradient_boosting_tau_0_2,CWE-191,0.0006931094162655225,1.0,0.0004690947339910082,1.0,0.9995309052660091,0.0,0.0013852584920201457,0.00345596359812793,0.0005698559564827354,0.0011615546393440052,0.5002345473669955,0.5002345473669955,0.00038815096839741524,167
gradient_boosting_tau_0_2,CWE-20,0.007985829221536372,0.9994805194805195,1.2546002007360322e-05,0.75,0.9999874539979926,0.0005194805194805195,0.015845056598870155,0.03869253429184028,-0.02476846784056374,0.007998142839680155,0.4997465327412634,0.5274057065119683,0.013874251604825505,1926
gradient_boosting_tau_0_2,CWE-269,0.00048544826634811216,1.0,0.0001743182940873977,1.0,0.9998256817059126,0.0,0.0009704252364686738,0.002422535225829294,0.0002878536026776052,0.0006595976795180051,0.5000871591470437,0.5000871591470437,0.0006287410272161617,117
gradient_boosting_tau_0_2,CWE-285,0.0011746729785241242,1.0,0.0005731574114144985,1.0,0.9994268425885855,0.0,0.0023465892785254332,0.005845894813101532,0.0008133286165426298,0.0017464861556221185,0.5002865787057071,0.5158330184462427,0.0030014116093045307,283
gradient_boosting_tau_0_2,CWE-287,0.0013233447367079737,1.0,0.0,,1.0,0.0,0.002643191478543086,0.006581881886205443,,0.0013233447367079737,0.5,0.5,0.0014427608801302215,319
gradient_boosting_tau_0_2,CWE-369,0.0011325297378341325,0.9963636363636363,8.307027745472671e-06,0.6666666666666666,0.9999916929722545,0.0036363636363636364,0.0022624876555608167,0.005637017798942648,-0.0776301459621982,0.0011408133451237252,0.4981859716956909,0.498165206756455,0.0009605581179680152,274
gradient_boosting_tau_0_2,CWE-400,0.002398160481318974,1.0,0.0001580169559939142,1.0,0.9998419830440062,0.0,0.004784845935085356,0.011876869883643806,0.000599755433092071,0.0025554214973687933,0.500079008477997,0.500079008477997,0.0022122596417830523,578
gradient_boosting_tau_0_2,CWE-404,0.005084232473611975,0.9983739837398374,0.0004711515264288103,0.9879598662207357,0.9995288484735712,0.0016260162601626018,0.01011694403479593,0.024913667307785207,-0.0028792946509399366,0.0055505580897549185,0.4994225676331331,0.4991852889884787,0.0031820686682829196,1227
gradient_boosting_tau_0_2,CWE-476,0.006981779152874261,1.0,0.0,,1.0,0.0,0.013866743590598963,0.03396047592483246,,0.006981779152874261,0.5,0.5123565198692533,0.018451171908041925,1683
gradient_boosting_tau_0_2,CWE-662,0.003298071004343576,1.0,2.4972599810469916e-05,1.0,0.9999750274001895,0.0,0.006574458975746014,0.01627564212409426,0.00031623399423709214,0.003322879155809976,0.5000124862999052,0.5064463999437787,0.005370018384069172,795
gradient_boosting_tau_0_2,CWE-665,0.000573387473164858,0.9793103448275862,0.0015897061090712657,0.996103896103896,0.9984102938909288,0.020689655172413793,0.0011461037612060777,0.002860237281379077,-0.00805068630619387,0.002161252152650655,0.4904500254683287,0.48968746377405664,0.000565950022727743,141
gradient_boosting_tau_0_2,CWE-668,0.005650396392075439,0.9985347985347985,3.754580312540854e-05,0.7708333333333333,0.9999624541968746,0.0014652014652014652,0.011237204820125421,0.027626658167586887,-0.02746823355757217,0.005687472142116903,0.499286172168962,0.6044528865914617,0.014744817937043719,1364
gradient_boosting_tau_0_2,CWE-704,0.0018214174090267414,0.9977272727272727,0.00014129879031524127,0.9886363636363636,0.9998587012096849,0.0022727272727272726,0.003636196699216525,0.009041066771102954,-0.005172651067690296,0.0019621950989630725,0.498934285758794,0.49877011846873415,0.0011372819250436898,440
gradient_boosting_tau_0_2,CWE-705,0.0010952594315850723,1.0,7.060076745358566e-05,1.0,0.9999293992325464,0.0,0.0021881221601246946,0.005452408543473205,0.0002621818784862526,0.0011657052214295663,0.5000353003837268,0.5000353003837268,0.0012452742378433314,264
gradient_boosting_tau_0_2,CWE-706,0.0033436909103051623,0.9987577639751553,1.6646898474727926e-05,0.8,0.9999833531015252,0.0012422360248447203,0.006665067971117292,0.01649752758376186,-0.03471675219559573,0.0033602133996864167,0.49938720543681503,0.49934141832338436,0.0022801637999770854,807
gradient_boosting_tau_0_2,CWE-74,0.003892326290662254,1.0,0.0002873537258289323,1.0,0.9997126462741711,0.0,0.0077544694490425696,0.0191632706226178,0.0010537499335972328,0.00417744715238713,0.5001436768629144,0.6234342103365511,0.0636392950000818,938
gradient_boosting_tau_0_2,CWE-754,0.0006847663026329431,0.9882352941176471,0.0003985160369750734,0.9857142857142858,0.9996014839630248,0.011764705882352941,0.0013685840858203811,0.003414365989995485,-0.012444671808970107,0.001082728772630655,0.494316905077311,0.49421104577720093,0.0005097104986380001,167
gradient_boosting_tau_0_2,CWE-834,0.0014560926337639194,1.0,0.0,,1.0,0.0,0.0029079508877309897,0.007238303280824585,,0.0014560926337639194,0.5,0.5042836366651544,0.0032029523532205715,351
gradient_boosting_tau_0_3,CWE-118,0.04391095932153146,1.0,0.0,,1.0,0.0,0.08412778675095499,0.18675281500253121,,0.04391095932153146,0.5,0.6638864675523674,0.14081783778256085,10585
gradient_boosting_tau_0_3,CWE-190,0.005832668945827858,1.0,0.0,,1.0,0.0,0.01159769227217632,0.028498455348573183,,0.005832668945827858,0.5,0.5305634677054616,0.022410268264929135,1406
gradient_boosting_tau_0_3,CWE-191,0.0006931094162655225,1.0,0.0004690947339910082,1.0,0.9995309052660091,0.0,0.0013852584920201457,0.00345596359812793,0.0005698559564827354,0.0011615546393440052,0.5002345473669955,0.5002345473669955,0.00038815096839741524,167
gradient_boosting_tau_0_3,CWE-20,0.007985829221536372,0.9994805194805195,1.2546002007360322e-05,0.75,0.9999874539979926,0.0005194805194805195,0.015845056598870155,0.03869253429184028,-0.02476846784056374,0.007998142839680155,0.4997465327412634,0.5274057065119683,0.013874251604825505,1926
gradient_boosting_tau_0_3,CWE-269,0.00048544826634811216,1.0,0.0001743182940873977,1.0,0.9998256817059126,0.0,0.0009704252364686738,0.002422535225829294,0.0002878536026776052,0.0006595976795180051,0.5000871591470437,0.5000871591470437,0.0006287410272161617,117
gradient_boosting_tau_0_3,CWE-285,0.0011746729785241242,1.0,0.0005731574114144985,1.0,0.9994268425885855,0.0,0.0023465892785254332,0.005845894813101532,0.0008133286165426298,0.0017464861556221185,0.5002865787057071,0.5158330184462427,0.0030014116093045307,283
gradient_boosting_tau_0_3,CWE-287,0.0013233447367079737,1.0,0.0,,1.0,0.0,0.002643191478543086,0.006581881886205443,,0.0013233447367079737,0.5,0.5,0.0014427608801302215,319
gradient_boosting_tau_0_3,CWE-369,0.0011325297378341325,0.9963636363636363,8.307027745472671e-06,0.6666666666666666,0.9999916929722545,0.0036363636363636364,0.0022624876555608167,0.005637017798942648,-0.0776301459621982,0.0011408133451237252,0.4981859716956909,0.498165206756455,0.0009605581179680152,274
gradient_boosting_tau_0_3,CWE-400,0.002398160481318974,1.0,0.0001580169559939142,1.0,0.9998419830440062,0.0,0.004784845935085356,0.011876869883643806,0.000599755433092071,0.0025554214973687933,0.500079008477997,0.500079008477997,0.0022122596417830523,578
gradient_boosting_tau_0_3,CWE-404,0.005084232473611975,0.9983739837398374,0.0004711515264288103,0.9879598662207357,0.9995288484735712,0.0016260162601626018,0.01011694403479593,0.024913667307785207,-0.0028792946509399366,0.0055505580897549185,0.4994225676331331,0.4991852889884787,0.0031820686682829196,1227
gradient_boosting_tau_0_3,CWE-476,0.006981779152874261,1.0,0.0,,1.0,0.0,0.013866743590598963,0.03396047592483246,,0.006981779152874261,0.5,0.5123565198692533,0.018451171908041925,1683
gradient_boosting_tau_0_3,CWE-662,0.003298071004343576,1.0,2.4972599810469916e-05,1.0,0.9999750274001895,0.0,0.006574458975746014,0.01627564212409426,0.00031623399423709214,0.003322879155809976,0.5000124862999052,0.5064463999437787,0.005370018384069172,795
gradient_boosting_tau_0_3,CWE-665,0.000573387473164858,0.9793103448275862,0.0015897061090712657,0.996103896103896,0.9984102938909288,0.020689655172413793,0.0011461037612060777,0.002860237281379077,-0.00805068630619387,0.002161252152650655,0.4904500254683287,0.48968746377405664,0.000565950022727743,141
gradient_boosting_tau_0_3,CWE-668,0.005650396392075439,0.9985347985347985,3.754580312540854e-05,0.7708333333333333,0.9999624541968746,0.0014652014652014652,0.011237204820125421,0.027626658167586887,-0.02746823355757217,0.005687472142116903,0.499286172168962,0.6044528865914617,0.014744817937043719,1364
gradient_boosting_tau_0_3,CWE-704,0.0018214174090267414,0.9977272727272727,0.00014129879031524127,0.9886363636363636,0.9998587012096849,0.0022727272727272726,0.003636196699216525,0.009041066771102954,-0.005172651067690296,0.0019621950989630725,0.498934285758794,0.49877011846873415,0.0011372819250436898,440
gradient_boosting_tau_0_3,CWE-705,0.0010952594315850723,1.0,7.060076745358566e-05,1.0,0.9999293992325464,0.0,0.0021881221601246946,0.005452408543473205,0.0002621818784862526,0.0011657052214295663,0.5000353003837268,0.5000353003837268,0.0012452742378433314,264
gradient_boosting_tau_0_3,CWE-706,0.0033436909103051623,0.9987577639751553,1.6646898474727926e-05,0.8,0.9999833531015252,0.0012422360248447203,0.006665067971117292,0.01649752758376186,-0.03471675219559573,0.0033602133996864167,0.49938720543681503,0.49934141832338436,0.0022801637999770854,807
gradient_boosting_tau_0_3,CWE-74,0.003892326290662254,1.0,0.0002873537258289323,1.0,0.9997126462741711,0.0,0.0077544694490425696,0.0191632706226178,0.0010537499335972328,0.00417744715238713,0.5001436768629144,0.6234342103365511,0.0636392950000818,938
gradient_boosting_tau_0_3,CWE-754,0.0006847663026329431,0.9882352941176471,0.0003985160369750734,0.9857142857142858,0.9996014839630248,0.011764705882352941,0.0013685840858203811,0.003414365989995485,-0.012444671808970107,0.001082728772630655,0.494316905077311,0.49421104577720093,0.0005097104986380001,167
gradient_boosting_tau_0_3,CWE-834,0.0014560926337639194,1.0,0.0,,1.0,0.0,0.0029079508877309897,0.007238303280824585,,0.0014560926337639194,0.5,0.5042836366651544,0.0032029523532205715,351
gradient_boosting_tau_0_4,CWE-118,0.15848810889498494,0.6277751535191308,0.5659164238242638,0.9706765914334755,0.43408357617573623,0.3722248464808692,0.20776172422920552,0.2774702936403059,0.25759049974580245,0.5686314067960302,0.5968457886716972,0.6638864675523674,0.14081783778256085,10585
gradient_boosting_tau_0_4,CWE-190,0.005828857774628285,0.9992882562277579,5.42480387247538e-05,0.9285714285714286,0.9999457519612752,0.0007117437722419928,0.011590110212022213,0.02847979608504498,-0.014687427859045515,0.005882452181323305,0.49967125213324143,0.5305634677054616,0.022410268264929135,1406
gradient_boosting_tau_0_4,CWE-191,0.0006931094162655225,1.0,0.0004690947339910082,1.0,0.9995309052660091,0.0,0.0013852584920201457,0.00345596359812793,0.0005698559564827354,0.0011615546393440052,0.5002345473669955,0.5002345473669955,0.00038815096839741524,167
gradient_boosting_tau_0_4,CWE-20,0.007985829221536372,0.9994805194805195,1.2546002007360322e-05,0.75,0.9999874539979926,0.0005194805194805195,0.015845056598870155,0.03869253429184028,-0.02476846784056374,0.007998142839680155,0.4997465327412634,0.5274057065119683,0.013874251604825505,1926
gradient_boosting_tau_0_4,CWE-269,0.00048544826634811216,1.0,0.0001743182940873977,1.0,0.9998256817059126,0.0,0.0009704252364686738,0.002422535225829294,0.0002878536026776052,0.0006595976795180051,0.5000871591470437,0.5000871591470437,0.0006287410272161617,117
gradient_boosting_tau_0_4,CWE-285,0.0011746729785241242,1.0,0.0005731574114144985,1.0,0.9994268425885855,0.0,0.0023465892785254332,0.005845894813101532,0.0008133286165426298,0.0017464861556221185,0.5002865787057071,0.5158330184462427,0.0030014116093045307,283
gradient_boosting_tau_0_4,CWE-287,0.0013233447367079737,1.0,0.0,,1.0,0.0,0.002643191478543086,0.006581881886205443,,0.0013233447367079737,0.5,0.5,0.0014427608801302215,319
gradient_boosting_tau_0_4,CWE-369,0.0011325297378341325,0.9963636363636363,8.307027745472671e-06,0.6666666666666666,0.9999916929722545,0.0036363636363636364,0.0022624876555608167,0.005637017798942648,-0.0776301459621982,0.0011408133451237252,0.4981859716956909,0.498165206756455,0.0009605581179680152,274
gradient_boosting_tau_0_4,CWE-400,0.002398160481318974,1.0,0.0001580169559939142,1.0,0.9998419830440062,0.0,0.004784845935085356,0.011876869883643806,0.000599755433092071,0.0025554214973687933,0.500079008477997,0.500079008477997,0.0022122596417830523,578
gradient_boosting_tau_0_4,CWE-404,0.00508486552588645,0.9983739837398374,0.0005962218785018514,0.9879598662207357,0.9994037781214982,0.0016260162601626018,0.010118197362474704,0.02491670764876795,-0.0026945872881731776,0.005674992948106571,0.4994851028091697,0.4991852889884787,0.0031820686682829196,1227
gradient_boosting_tau_0_4,CWE-476,0.006981779152874261,1.0,0.0,,1.0,0.0,0.013866743590598963,0.03396047592483246,,0.006981779152874261,0.5,0.5123565198692533,0.018451171908041925,1683
gradient_boosting_tau_0_4,CWE-662,0.003298071004343576,1.0,2.4972599810469916e-05,1.0,0.9999750274001895,0.0,0.006574458975746014,0.01627564212409426,0.00031623399423709214,0.003322879155809976,0.5000124862999052,0.5064463999437787,0.005370018384069172,795
gradient_boosting_tau_0_4,CWE-665,0.0005734092170516741,0.9793103448275862,0.0016270706625648515,0.996103896103896,0.998372929337435,0.020689655172413793,0.0011461471984403446,0.0028603454967382155,-0.008037619821833092,0.002198595001495101,0.4904687077450755,0.48968746377405664,0.000565950022727743,141
gradient_boosting_tau_0_4,CWE-668,0.005650396392075439,0.9985347985347985,3.754580312540854e-05,0.7708333333333333,0.9999624541968746,0.0014652014652014652,0.011237204820125421,0.027626658167586887,-0.02746823355757217,0.005687472142116903,0.499286172168962,0.6044528865914617,0.014744817937043719,1364
gradient_boosting_tau_0_4,CWE-704,0.0018214174090267414,0.9977272727272727,0.00014129879031524127,0.9886363636363636,0.9998587012096849,0.0022727272727272726,0.003636196699216525,0.009041066771102954,-0.005172651067690296,0.0019621950989630725,0.498934285758794,0.49877011846873415,0.0011372819250436898,440
gradient_boosting_tau_0_4,CWE-705,0.0010952594315850723,1.0,7.060076745358566e-05,1.0,0.9999293992325464,0.0,0.0021881221601246946,0.005452408543473205,0.0002621818784862526,0.0011657052214295663,0.5000353003837268,0.5000353003837268,0.0012452742378433314,264
gradient_boosting_tau_0_4,CWE-706,0.0033436909103051623,0.9987577639751553,1.6646898474727926e-05,0.8,0.9999833531015252,0.0012422360248447203,0.006665067971117292,0.01649752758376186,-0.03471675219559573,0.0033602133996864167,0.49938720543681503,0.49934141832338436,0.0022801637999770854,807
gradient_boosting_tau_0_4,CWE-74,0.003892326290662254,1.0,0.0002873537258289323,1.0,0.9997126462741711,0.0,0.0077544694490425696,0.0191632706226178,0.0010537499335972328,0.00417744715238713,0.5001436768629144,0.6234342103365511,0.0636392950000818,938
gradient_boosting_tau_0_4,CWE-754,0.0006847663026329431,0.9882352941176471,0.0003985160369750734,0.9857142857142858,0.9996014839630248,0.011764705882352941,0.0013685840858203811,0.003414365989995485,-0.012444671808970107,0.001082728772630655,0.494316905077311,0.49421104577720093,0.0005097104986380001,167
gradient_boosting_tau_0_4,CWE-834,0.0014561598325969886,1.0,4.569339730408956e-05,1.0,0.9999543066026959,0.0,0.002908084890429133,0.00723863535128644,0.0005800772701332461,0.0015017187484928588,0.500022846698652,0.5042836366651544,0.0032029523532205715,351
gradient_boosting_tau_0_5,CWE-118,0.236576542496218,0.38393953708077466,0.943103460480566,0.9708731014860985,0.056896539519434006,0.6160604629192253,0.29273961192547143,0.3413866757545912,0.26046249983608727,0.9185500133699527,0.6635214987806703,0.6638864675523674,0.14081783778256085,10585
gradient_boosting_tau_0_5,CWE-190,0.07035258287074078,0.06685091239494208,0.994829957128229,0.9945270206477727,0.005170042871771009,0.9331490876050579,0.06853962360509058,0.06751248670098232,0.06325205054783452,0.9894173921708809,0.5308404347615856,0.5305634677054616,0.022410268264929135,1406
gradient_boosting_tau_0_5,CWE-191,0.0006952300005580482,0.4,0.600186820699361,0.9995851775531996,0.39981317930063903,0.6,0.0013894937680167569,0.0034665077774604282,0.0005697337019059082,0.600049830722998,0.5000934103496805,0.5002345473669955,0.00038815096839741524,167
gradient_boosting_tau_0_5,CWE-20,0.04003804572524662,0.0685229796110625,0.9867602883883138,0.9924545251795085,0.013239711611686352,0.9314770203889374,0.050523468592135634,0.05996634170012395,0.042373995112012376,0.9794238257446501,0.5276416339996881,0.5274057065119683,0.013874251604825505,1926
gradient_boosting_tau_0_5,CWE-269,0.00048754294582431485,0.8,0.20014526963758775,0.9999045999419304,0.7998547303624123,0.2,0.0009746105147776987,0.0024329679060625733,0.00029400897420359974,0.20043976276309672,0.5000726348187939,0.5000871591470437,0.0006287410272161617,117
gradient_boosting_tau_0_5,CWE-285,0.055604787159665214,0.03176691729323308,0.999343787317683,0.9988625473846333,0.0006562126823170166,0.968233082706767,0.0400846654042697,0.03460697315306208,0.04096816814307478,0.9982078932368964,0.515555352305458,0.5158330184462427,0.0030014116093045307,283
gradient_boosting_tau_0_5,CWE-287,0.0013275346129958798,0.6,0.4,0.998682940077724,0.6,0.4,0.002651549202582402,0.006602612278989649,,0.4002696967988871,0.5,0.5,0.0014427608801302215,319
gradient_boosting_tau_0_5,CWE-369,0.00045217837050802787,0.39636363636363636,0.5999709297145207,0.9158161744302755,0.4000290702854793,0.6036363636363636,0.00225831552776346,0.005626554156508161,-0.019605066598705347,0.5997427757644471,0.49816728303907853,0.498165206756455,0.0009605581179680152,274
gradient_boosting_tau_0_5,CWE-400,0.002396066932667206,0.4,0.6000706858121437,0.9985604752701658,0.39992931418785627,0.6,0.004780678822680779,0.011866599861777644,0.0006251719182182597,0.5995892503413652,0.5000353429060719,0.500079008477997,0.0022122596417830523,578
gradient_boosting_tau_0_5,CWE-404,0.00305082646261004,0.5983739837398374,0.40012087108562777,0.9859259532527702,0.5998791289143722,0.40162601626016264,0.010117835249777362,0.024915423721128958,-0.004015905362653254,0.4011365111983915,0.4992474274127326,0.4991852889884787,0.0031820686682829196,1227
gradient_boosting_tau_0_5,CWE-476,0.08434710036666793,0.026730959446092977,0.9979655373922164,0.9931898689600638,0.0020344626077836944,0.9732690405539071,0.04054448206971268,0.03094601105601851,0.04372131125372523,0.9911846387223383,0.5123482484191546,0.5123565198692533,0.018451171908041925,1683
gradient_boosting_tau_0_5,CWE-662,0.00829662190045093,0.02138364779874214,0.9914883660165161,0.9967446841459209,0.008511633983483953,0.9786163522012579,0.011948596114282858,0.016245277818726374,0.008052806898043384,0.9882889708573988,0.5064360069076291,0.5064463999437787,0.005370018384069172,795
gradient_boosting_tau_0_5,CWE-665,0.00010818908122503328,0.1793103448275862,0.7990991310710294,0.995638368982578,0.2009008689289707,0.8206896551724139,0.0010812384338677145,0.0026982150269821504,-0.009560583737193786,0.7987428461904219,0.48920473794930774,0.48968746377405664,0.000565950022727743,141
gradient_boosting_tau_0_5,CWE-668,0.05978118016526934,0.23094160741219563,0.979331762313177,0.9955510919198567,0.02066823768682296,0.7690583925878044,0.09496863449436563,0.14683201537937465,0.10785846157279819,0.975097031973698,0.6051366848626863,0.6044528865914617,0.014744817937043719,1364
gradient_boosting_tau_0_5,CWE-704,0.0,0.0,0.9996716654198803,0.9981740994775633,0.00032833458011964254,1.0,,,-0.0008651213229166053,0.9978469627082307,0.49983583270994014,0.49877011846873415,0.0011372819250436898,440
gradient_boosting_tau_0_5,CWE-705,0.0010889306375766721,0.4,0.60000830547556,0.9993403812391677,0.3999916945244399,0.6,0.002175492094402683,0.005421038455202804,0.00015036524003570744,0.5997842408915962,0.5000041527377801,0.5000353003837268,0.0012452742378433314,264
gradient_boosting_tau_0_5,CWE-706,0.0013316464791716949,0.3987577639751553,0.599937560184101,0.947484614301001,0.40006243981589895,0.6012422360248447,0.006636071320081587,0.01642616116443682,-0.009171120706838955,0.5992573028005992,0.4993476620796281,0.49934141832338436,0.0022801637999770854,807
gradient_boosting_tau_0_5,CWE-74,0.3572596534638973,0.24840141085447714,0.9982508504204921,0.9970674305859528,0.0017491495795079713,0.7515985891455228,0.2928657146150081,0.2644365760657563,0.2955327215383708,0.9953330288762074,0.6233261306374847,0.6234342103365511,0.0636392950000818,938
gradient_boosting_tau_0_5,CWE-754,0.000410833499061756,0.5882352941176471,0.4001411041441184,0.9854403756480907,0.5998588958558816,0.4117647058823529,0.0013684890296870164,0.0034140728023594226,-0.012818472182569682,0.4002778263854146,0.49418819913088274,0.49421104577720093,0.0005097104986380001,167
gradient_boosting_tau_0_5,CWE-834,0.0009680776449300376,0.4,0.5999584631360333,0.9985411562166869,0.40004153686396676,0.6,0.002900021765406594,0.007218653036965965,-0.0005491390253132258,0.5996641239744118,0.4999792315680166,0.5042836366651544,0.0032029523532205715,351
gradient_boosting_tau_0_6,CWE-118,0.23655567445440173,0.38346717052432683,0.9431685476974365,0.9708533865032635,0.0568314523025634,0.6165328294756731,0.2925870326260134,0.34107991397320814,0.2602751232721041,0.918591498797063,0.6633178591108817,0.6638864675523674,0.14081783778256085,10585
gradient_boosting_tau_0_6,CWE-190,0.06967969378890879,0.06613916862270008,0.994829957128229,0.9945228709594389,0.005170042871771009,0.9338608313772999,0.06784643493721837,0.06680796482075105,0.06255726135767685,0.989413243567923,0.5304845628754645,0.5305634677054616,0.022410268264929135,1406
gradient_boosting_tau_0_6,CWE-191,,0.0,1.0,0.9993072153030658,0.0,1.0,,,,0.9993072153030658,0.5,0.5002345473669955,0.00038815096839741524,167
gradient_boosting_tau_0_6,CWE-20,0.040101069280300314,0.0685229796110625,0.9867770191897189,0.9924546491434866,0.013222980810280966,0.9314770203889374,0.050574539666046824,0.059995560131435074,0.0424219922633504,0.9794404225663588,0.5276499994003908,0.5274057065119683,0.013874251604825505,1926
gradient_boosting_tau_0_6,CWE-269,,0.0,1.0,0.9995146361616323,0.0,1.0,,,,0.9995146361616323,0.5,0.5000871591470437,0.0006287410272161617,117
gradient_boosting_tau_0_6,CWE-285,0.055604787159665214,0.03176691729323308,0.999343787317683,0.9988625473846333,0.0006562126823170166,0.968233082706767,0.0400846654042697,0.03460697315306208,0.04096816814307478,0.9982078932368964,0.515555352305458,0.5158330184462427,0.0030014116093045307,283
gradient_boosting_tau_0_6,CWE-287,,0.0,1.0,0.998676655263292,0.0,1.0,,,,0.998676655263292,0.5,0.5,0.0014427608801302215,319
gradient_boosting_tau_0_6,CWE-369,0.0,0.0,0.999958470121528,0.9988632882768329,4.15298784719042e-05,1.0,,,-0.00023600385608653113,0.9988218527553144,0.499979235060764,0.498165206756455,0.0009605581179680152,274
gradient_boosting_tau_0_6,CWE-400,,0.0,1.0,0.9976022170712152,0.0,1.0,,,,0.9976022170712152,0.5,0.500079008477997,0.0022122596417830523,578
gradient_boosting_tau_0_6,CWE-404,0.0,0.0,0.9998498971489911,0.9949091370181915,0.0001501028510089364,1.0,,,-0.0009719977720138959,0.9947605573667359,0.49992494857449554,0.4991852889884787,0.0031820686682829196,1227
gradient_boosting_tau_0_6,CWE-476,0.08434710036666793,0.026730959446092977,0.9979655373922164,0.9931898689600638,0.0020344626077836944,0.9732690405539071,0.04054448206971268,0.03094601105601851,0.04372131125372523,0.9911846387223383,0.5123482484191546,0.5123565198692533,0.018451171908041925,1683
gradient_boosting_tau_0_6,CWE-662,0.007832841980990272,0.020125786163522015,0.991513340001948,0.9967405955907193,0.00848665999805211,0.979874213836478,0.011270827865759893,0.015308152982230469,0.007293320257490243,0.9883097138721885,0.505819563082735,0.5064463999437787,0.005370018384069172,795
gradient_boosting_tau_0_6,CWE-665,0.0,0.0,0.9985014891290256,0.9994142027784312,0.0014985108709745063,1.0,,,-0.0010435288330900101,0.9979174337171128,0.4992507445645128,0.48968746377405664,0.000565950022727743,141
gradient_boosting_tau_0_6,CWE-668,0.05983569512812218,0.23094160741219563,0.9793484512317351,0.9955511624632514,0.02065154876826488,0.7690583925878044,0.09503765827843771,0.14689833721555928,0.10791613574350559,0.9751136263855299,0.6051450293219653,0.6044528865914617,0.014744817937043719,1364
gradient_boosting_tau_0_6,CWE-704,0.0,0.0,0.9996716654198803,0.9981740994775633,0.00032833458011964254,1.0,,,-0.0008651213229166053,0.9978469627082307,0.49983583270994014,0.49877011846873415,0.0011372819250436898,440
gradient_boosting_tau_0_6,CWE-705,,0.0,1.0,0.9989048180183874,0.0,1.0,,,,0.9989048180183874,0.5,0.5000353003837268,0.0012452742378433314,264
gradient_boosting_tau_0_6,CWE-706,0.0,0.0,0.9999084257731388,0.9966519243911571,9.157422686120772e-05,1.0,,,-0.0006060956568006027,0.9965609625404547,0.4999542128865694,0.49934141832338436,0.0022801637999770854,807
gradient_boosting_tau_0_6,CWE-74,0.3572596534638973,0.24840141085447714,0.9982508504204921,0.9970674305859528,0.0017491495795079713,0.7515985891455228,0.2928657146150081,0.2644365760657563,0.2955327215383708,0.9953330288762074,0.6233261306374847,0.6234342103365511,0.0636392950000818,938
gradient_boosting_tau_0_6,CWE-754,0.0,0.0,0.9997882813997798,0.9993070697516352,0.00021171860022029055,1.0,,,-0.0004228422797011532,0.9990956423134107,0.4998941406998899,0.49421104577720093,0.0005097104986380001,167
gradient_boosting_tau_0_6,CWE-834,0.1369047619047619,0.008571428571428572,0.9999086032800589,0.998556205062704,9.139671994109714e-05,0.9914285714285714,0.03879453879453879,0.026102158343012005,0.04373831703612995,0.9984650897590589,0.5042400159257437,0.5042836366651544,0.0032029523532205715,351
gradient_boosting_tau_0_7,CWE-118,0.23669133370775491,0.3820500708549835,0.9434201997319102,0.970795896051054,0.05657980026808981,0.6179499291450166,0.29227694295635076,0.3402380960096124,0.25985930544476454,0.9187698775426772,0.6627351352934469,0.6638864675523674,0.14081783778256085,10585
gradient_boosting_tau_0_7,CWE-190,0.07015358839171079,0.0647156810782161,0.9949885147394515,0.9945154489173286,0.00501148526054853,0.935284318921784,0.06729412236321469,0.06571647744464572,0.06212293926016575,0.9895625794233542,0.5298520979088337,0.5305634677054616,0.022410268264929135,1406
gradient_boosting_tau_0_7,CWE-191,,0.0,1.0,0.9993072153030658,0.0,1.0,,,,0.9993072153030658,0.5,0.5002345473669955,0.00038815096839741524,167
gradient_boosting_tau_0_7,CWE-20,0.040101069280300314,0.0685229796110625,0.9867770191897189,0.9924546491434866,0.013222980810280966,0.9314770203889374,0.050574539666046824,0.059995560131435074,0.0424219922633504,0.9794404225663588,0.5276499994003908,0.5274057065119683,0.013874251604825505,1926
gradient_boosting_tau_0_7,CWE-269,,0.0,1.0,0.9995146361616323,0.0,1.0,,,,0.9995146361616323,0.5,0.5000871591470437,0.0006287410272161617,117
gradient_boosting_tau_0_7,CWE-285,0.055604787159665214,0.03176691729323308,0.999343787317683,0.9988625473846333,0.0006562126823170166,0.968233082706767,0.0400846654042697,0.03460697315306208,0.04096816814307478,0.9982078932368964,0.515555352305458,0.5158330184462427,0.0030014116093045307,283
gradient_boosting_tau_0_7,CWE-287,,0.0,1.0,0.998676655263292,0.0,1.0,,,,0.998676655263292,0.5,0.5,0.0014427608801302215,319
gradient_boosting_tau_0_7,CWE-369,0.0,0.0,0.9999750796927935,0.9988633072017634,2.492030720646249e-05,1.0,,,-0.00021207621319711793,0.9988384433816104,0.49998753984639677,0.498165206756455,0.0009605581179680152,274
gradient_boosting_tau_0_7,CWE-400,,0.0,1.0,0.9976022170712152,0.0,1.0,,,,0.9976022170712152,0.5,0.500079008477997,0.0022122596417830523,578
gradient_boosting_tau_0_7,CWE-404,0.0,0.0,0.9999666486013258,0.9949097274441684,3.33513986742819e-05,1.0,,,-0.0009224270024809402,0.9948767154977268,0.4999833243006629,0.4991852889884787,0.0031820686682829196,1227
gradient_boosting_tau_0_7,CWE-476,0.08434710036666793,0.026730959446092977,0.9979655373922164,0.9931898689600638,0.0020344626077836944,0.9732690405539071,0.04054448206971268,0.03094601105601851,0.04372131125372523,0.9911846387223383,0.5123482484191546,0.5123565198692533,0.018451171908041925,1683
gradient_boosting_tau_0_7,CWE-662,0.01586423169156982,0.002515723270440252,0.9980811760154698,0.9967039612558505,0.001918823984530274,0.9974842767295599,0.007550064599483204,0.006226249164102271,0.0034093211235410917,0.994797813423482,0.500298449642955,0.5064463999437787,0.005370018384069172,795
gradient_boosting_tau_0_7,CWE-665,0.0,0.0,0.9992569516274357,0.9994146421391716,0.0007430483725644431,1.0,,,-0.0007409294980591785,0.9986724574523406,0.49962847581371783,0.48968746377405664,0.000565950022727743,141
gradient_boosting_tau_0_7,CWE-668,0.05989495623276414,0.23094160741219563,0.9793693093342102,0.99555125727931,0.020630690665789823,0.7690583925878044,0.09511140348666677,0.1469674408208272,0.10797848674927293,0.9751343664750509,0.605155458373203,0.6044528865914617,0.014744817937043719,1364
gradient_boosting_tau_0_7,CWE-704,0.0,0.0,0.9999210209086751,0.9981745539775119,7.897909132477033e-05,1.0,,,-0.0008492498644281687,0.9980958630561212,0.49996051045433754,0.49877011846873415,0.0011372819250436898,440
gradient_boosting_tau_0_7,CWE-705,,0.0,1.0,0.9989048180183874,0.0,1.0,,,,0.9989048180183874,0.5,0.5000353003837268,0.0012452742378433314,264
gradient_boosting_tau_0_7,CWE-706,0.0,0.0,0.9999583773825333,0.996652090684733,4.162261746656456e-05,1.0,,,-0.0005883520361519646,0.9966107473249959,0.4999791886912667,0.49934141832338436,0.0022801637999770854,807
gradient_boosting_tau_0_7,CWE-74,0.3572596534638973,0.24840141085447714,0.9982508504204921,0.9970674305859528,0.0017491495795079713,0.7515985891455228,0.2928657146150081,0.2644365760657563,0.2955327215383708,0.9953330288762074,0.6233261306374847,0.6234342103365511,0.0636392950000818,938
gradient_boosting_tau_0_7,CWE-754,0.0,0.0,0.9997882813997798,0.9993070697516352,0.00021171860022029055,1.0,,,-0.0004228422797011532,0.9990956423134107,0.4998941406998899,0.49421104577720093,0.0005097104986380001,167
gradient_boosting_tau_0_7,CWE-834,0.0625,0.002857142857142857,0.9999293764577318,0.9985479488246941,7.06235422681085e-05,0.9971428571428571,0.02564102564102564,0.017361111111111112,0.02062573120796016,0.9984775355679327,0.5013932596574373,0.5042836366651544,0.0032029523532205715,351
gradient_boosting_tau_0_8,CWE-118,0.23647098482500697,0.38129428436466695,0.9434635874455515,0.9707625253982559,0.05653641255444861,0.6187057156353329,0.29188800396433623,0.3396677383593327,0.25941613265164626,0.9187781713934104,0.6623789359051091,0.6638864675523674,0.14081783778256085,10585
gradient_boosting_tau_0_8,CWE-190,0.07360375112401377,0.0647156810782161,0.9952388901337604,0.9945168179902867,0.004761109866239575,0.935284318921784,0.06886337648206109,0.0663111348808198,0.06390228521789096,0.9898114939714409,0.5299772856059882,0.5305634677054616,0.022410268264929135,1406
gradient_boosting_tau_0_8,CWE-191,,0.0,1.0,0.9993072153030658,0.0,1.0,,,,0.9993072153030658,0.5,0.5002345473669955,0.00038815096839741524,167
gradient_boosting_tau_0_8,CWE-20,0.04019703780927011,0.0685229796110625,0.9868104701244199,0.9924549036918476,0.013189529875580013,0.9314770203889374,0.05064978126848285,0.06003739057314218,0.04249703447992446,0.9794736064000267,0.5276667248677412,0.5274057065119683,0.013874251604825505,1926
gradient_boosting_tau_0_8,CWE-269,,0.0,1.0,0.9995146361616323,0.0,1.0,,,,0.9995146361616323,0.5,0.5000871591470437,0.0006287410272161617,117
gradient_boosting_tau_0_8,CWE-285,0.055604787159665214,0.03176691729323308,0.999343787317683,0.9988625473846333,0.0006562126823170166,0.968233082706767,0.0400846654042697,0.03460697315306208,0.04096816814307478,0.9982078932368964,0.515555352305458,0.5158330184462427,0.0030014116093045307,283
gradient_boosting_tau_0_8,CWE-287,,0.0,1.0,0.998676655263292,0.0,1.0,,,,0.998676655263292,0.5,0.5,0.0014427608801302215,319
gradient_boosting_tau_0_8,CWE-369,0.0,0.0,0.9999916922821301,0.9988633261329756,8.307717869901138e-06,1.0,,,-0.0002157243815955881,0.9988550370190961,0.49999584614106507,0.498165206756455,0.0009605581179680152,274
gradient_boosting_tau_0_8,CWE-400,,0.0,1.0,0.9976022170712152,0.0,1.0,,,,0.9976022170712152,0.5,0.500079008477997,0.0022122596417830523,578
gradient_boosting_tau_0_8,CWE-404,,0.0,1.0,0.9949098967503192,0.0,1.0,,,,0.9949098967503192,0.5,0.4991852889884787,0.0031820686682829196,1227
gradient_boosting_tau_0_8,CWE-476,0.08434710036666793,0.026730959446092977,0.9979655373922164,0.9931898689600638,0.0020344626077836944,0.9732690405539071,0.04054448206971268,0.03094601105601851,0.04372131125372523,0.9911846387223383,0.5123482484191546,0.5123565198692533,0.018451171908041925,1683
gradient_boosting_tau_0_8,CWE-662,0.0,0.0,0.9998917917804853,0.9967016553189524,0.00010820821951468421,1.0,,,-0.0009418400360442212,0.9965941597110138,0.49994589589024263,0.5064463999437787,0.005370018384069172,795
gradient_boosting_tau_0_8,CWE-665,0.0,0.0,0.9999916967658903,0.9994150694286738,8.303234109685722e-06,1.0,,,-0.0001552973840636489,0.999406775838473,0.49999584838294514,0.48968746377405664,0.000565950022727743,141
gradient_boosting_tau_0_8,CWE-668,0.06005612220222657,0.23094160741219563,0.9794360606591672,0.9955515691174732,0.02056393934083283,0.7690583925878044,0.09531500589631217,0.14716244099292247,0.10815317170398561,0.9752007398222073,0.6051888340356814,0.6044528865914617,0.014744817937043719,1364
gradient_boosting_tau_0_8,CWE-704,,0.0,1.0,0.9981746979592373,0.0,1.0,,,,0.9981746979592373,0.5,0.49877011846873415,0.0011372819250436898,440
gradient_boosting_tau_0_8,CWE-705,,0.0,1.0,0.9989048180183874,0.0,1.0,,,,0.9989048180183874,0.5,0.5000353003837268,0.0012452742378433314,264
gradient_boosting_tau_0_8,CWE-706,,0.0,1.0,0.9966522300861488,0.0,1.0,,,,0.9966522300861488,0.5,0.49934141832338436,0.0022801637999770854,807
gradient_boosting_tau_0_8,CWE-74,0.3572596534638973,0.24840141085447714,0.9982508504204921,0.9970674305859528,0.0017491495795079713,0.7515985891455228,0.2928657146150081,0.2644365760657563,0.2955327215383708,0.9953330288762074,0.6233261306374847,0.6234342103365511,0.0636392950000818,938
gradient_boosting_tau_0_8,CWE-754,0.0,0.0,0.9997882813997798,0.9993070697516352,0.00021171860022029055,1.0,,,-0.0004228422797011532,0.9990956423134107,0.4998941406998899,0.49421104577720093,0.0005097104986380001,167
gradient_boosting_tau_0_8,CWE-834,0.0625,0.002857142857142857,0.9999293764577318,0.9985479488246941,7.06235422681085e-05,0.9971428571428571,0.02564102564102564,0.017361111111111112,0.02062573120796016,0.9984775355679327,0.5013932596574373,0.5042836366651544,0.0032029523532205715,351
gradient_boosting_tau_0_9,CWE-118,0.39950742213798307,0.01993386868209731,0.9985855365375965,0.9568683343038741,0.0014144634624035299,0.9800661313179028,0.03787577928549069,0.024593402299942474,0.08065102481465677,0.955611996245481,0.5092597026098469,0.6638864675523674,0.14081783778256085,10585
gradient_boosting_tau_0_9,CWE-190,0.3370879120879121,0.022056485197243885,0.9997538106787957,0.9942938068359242,0.0002461893212042402,0.9779435148027561,0.04124160834551314,0.02709753898968941,0.08430144429503474,0.994051178773965,0.5109051479380199,0.5305634677054616,0.022410268264929135,1406
gradient_boosting_tau_0_9,CWE-191,,0.0,1.0,0.9993072153030658,0.0,1.0,,,,0.9993072153030658,0.5,0.5002345473669955,0.00038815096839741524,167
gradient_boosting_tau_0_9,CWE-20,,0.0,1.0,0.9920101543662359,0.0,1.0,,,,0.9920101543662359,0.5,0.5274057065119683,0.013874251604825505,1926
gradient_boosting_tau_0_9,CWE-269,,0.0,1.0,0.9995146361616323,0.0,1.0,,,,0.9995146361616323,0.5,0.5000871591470437,0.0006287410272161617,117
gradient_boosting_tau_0_9,CWE-285,0.055604787159665214,0.03176691729323308,0.999343787317683,0.9988625473846333,0.0006562126823170166,0.968233082706767,0.0400846654042697,0.03460697315306208,0.04096816814307478,0.9982078932368964,0.515555352305458,0.5158330184462427,0.0030014116093045307,283
gradient_boosting_tau_0_9,CWE-287,,0.0,1.0,0.998676655263292,0.0,1.0,,,,0.998676655263292,0.5,0.5,0.0014427608801302215,319
gradient_boosting_tau_0_9,CWE-369,,0.0,1.0,0.9988633354299505,0.0,1.0,,,,0.9988633354299505,0.5,0.498165206756455,0.0009605581179680152,274
gradient_boosting_tau_0_9,CWE-400,,0.0,1.0,0.9976022170712152,0.0,1.0,,,,0.9976022170712152,0.5,0.500079008477997,0.0022122596417830523,578
gradient_boosting_tau_0_9,CWE-404,,0.0,1.0,0.9949098967503192,0.0,1.0,,,,0.9949098967503192,0.5,0.4991852889884787,0.0031820686682829196,1227
gradient_boosting_tau_0_9,CWE-476,0.1554167764602547,0.015447929913805286,0.9989472439768547,0.9931181493349989,0.0010527560231451355,0.9845520700861947,0.026457586859738556,0.018489219856123403,0.0433993003723679,0.9920806720080609,0.50719758694533,0.5123565198692533,0.018451171908041925,1683
gradient_boosting_tau_0_9,CWE-662,0.0,0.0,0.9999375793262729,0.9967018058751729,6.242067372713844e-05,1.0,,,-0.0010146160934536863,0.9966397962368294,0.49996878966313646,0.5064463999437787,0.005370018384069172,795
gradient_boosting_tau_0_9,CWE-665,0.0,0.0,0.9999916967658903,0.9994150694286738,8.303234109685722e-06,1.0,,,-0.0001552973840636489,0.999406775838473,0.49999584838294514,0.48968746377405664,0.000565950022727743,141
gradient_boosting_tau_0_9,CWE-668,0.060130628726683934,0.18625296272355096,0.9834364893777539,0.995317543111819,0.016563510622246223,0.813747037276449,0.09557483558783411,0.1478757146533671,0.10868709601043423,0.9789255019611943,0.5848447260506523,0.6044528865914617,0.014744817937043719,1364
gradient_boosting_tau_0_9,CWE-704,,0.0,1.0,0.9981746979592373,0.0,1.0,,,,0.9981746979592373,0.5,0.49877011846873415,0.0011372819250436898,440
gradient_boosting_tau_0_9,CWE-705,,0.0,1.0,0.9989048180183874,0.0,1.0,,,,0.9989048180183874,0.5,0.5000353003837268,0.0012452742378433314,264
gradient_boosting_tau_0_9,CWE-706,,0.0,1.0,0.9966522300861488,0.0,1.0,,,,0.9966522300861488,0.5,0.49934141832338436,0.0022801637999770854,807
gradient_boosting_tau_0_9,CWE-74,0.3572596534638973,0.24840141085447714,0.9982508504204921,0.9970674305859528,0.0017491495795079713,0.7515985891455228,0.2928657146150081,0.2644365760657563,0.2955327215383708,0.9953330288762074,0.6233261306374847,0.6234342103365511,0.0636392950000818,938
gradient_boosting_tau_0_9,CWE-754,0.0,0.0,0.9998214936467958,0.999307093162353,0.00017850635320420337,1.0,,,-0.000449705818836855,0.9991288311370743,0.4999107468233979,0.49421104577720093,0.0005097104986380001,167
gradient_boosting_tau_0_9,CWE-834,0.0625,0.002857142857142857,0.9999293764577318,0.9985479488246941,7.06235422681085e-05,0.9971428571428571,0.02564102564102564,0.017361111111111112,0.02062573120796016,0.9984775355679327,0.5013932596574373,0.5042836366651544,0.0032029523532205715,351
