strategy,family,precision,recall,specificity,npv,fpr,fnr,f1,f2,mcc,accuracy,balanced_accuracy,roc_auc,pr_auc,positive_support
tool:codeql,CWE-116,0.0,0.0,0.9975840108940979,0.9933466979090909,0.0024159891059020297,1.0,,,-0.0038625171733067025,0.9909631198531299,0.49879200544704894,0.49879200544704894,0.004224029237446174,58
tool:codeql,CWE-190,0.375,0.02857142857142857,0.9993015077079221,0.9844180323902257,0.0006984922920779795,0.9714285714285715,0.08673835125448028,0.05809814391050089,0.11145508122731246,0.9837484049127619,0.5139364681396753,0.5139364681396753,0.02644364776454114,140
tool:codeql,CWE-191,0.0,0.0,0.9994214961912771,0.9894652752136299,0.0005785038087229346,1.0,,,-0.003170174949541319,0.9888990288942431,0.49971074809563854,0.49971074809563854,0.011199938317574827,92
tool:codeql,CWE-20,0.008247338972667186,0.03823529411764706,0.8160268611874757,0.9544590824094111,0.1839731388125242,0.9617647058823529,0.01356719726377586,0.02213460938222813,-0.07371849213796913,0.7857620426274236,0.4271310776525614,0.4271310776525614,0.02547518316808207,340
tool:codeql,CWE-269,,0.0,1.0,0.9900428049565541,0.0,1.0,,,,0.9900428049565541,0.5,0.5,0.006911903694493654,87
tool:codeql,CWE-285,0.02857142857142857,0.0034482758620689655,0.9965682211965046,0.9666966417832056,0.0034317788034954255,0.9965517241379309,0.03076923076923077,0.02092050209205021,-0.00028300158192530575,0.9634932510878352,0.5000082485292868,0.5000082485292868,0.04068886658153682,291
tool:codeql,CWE-287,0.38706949089557785,0.0690451612903226,0.9914967484210688,0.932759862861797,0.008503251578931104,0.9309548387096773,0.1168924650731353,0.08255607700501758,0.13881093463676103,0.925724375059205,0.5302709548556958,0.5302709548556958,0.06957835236861584,623
tool:codeql,CWE-311,0.33801629502572894,0.20196470196470195,0.9822851092549714,0.9638193851929296,0.01771489074502856,0.798035298035298,0.25162164478514637,0.2191490968912695,0.23525055384901467,0.9478129574134353,0.5921249056098367,0.5921249056098367,0.1330349983589083,386
tool:codeql,CWE-326,0.0,0.0,0.9996553012694074,0.9970229170025071,0.00034469873059259087,1.0,,,-0.0013239872075725178,0.9966803224548997,0.4998276506347037,0.4998276506347037,0.003652429867716807,26
tool:codeql,CWE-327,0.7453424544968981,0.6857142857142857,0.9901115882761335,0.9869318556524922,0.009888411723866421,0.3142857142857143,0.7129535412173773,0.6960708071316575,0.7028761616411268,0.9779177060042281,0.8379129369952096,0.8379129369952096,0.5117713490462442,350
tool:codeql,CWE-330,0.9954545454545455,0.876,0.9998816568047337,0.9963628343537658,0.00011834319526627219,0.124,0.9313485246087334,0.8972132021624836,0.9317790948174126,0.9963378522068357,0.9379408284023668,0.9379408284023668,0.8711912070379626,250
tool:codeql,CWE-345,0.5709956709956711,0.06037735849056604,0.9970767063857195,0.9426392588095245,0.0029232936142803427,0.939622641509434,0.10896274809140412,0.0734800668038779,0.1712377248621926,0.9402601045206845,0.5287270324381429,0.5287270324381429,0.0867625226263012,530
tool:codeql,CWE-400,0.16666666666666666,0.00392156862745098,0.9995294792169748,0.9712584737589385,0.0004705207830251109,0.996078431372549,0.03773584905660377,0.024271844660194174,0.028243951576004626,0.9708180646312338,0.5017255239222129,0.5017255239222129,0.02508349827053969,252
tool:codeql,CWE-501,0.6563157894736842,0.6333333333333333,0.996531494604959,0.9961850773259261,0.0034685053950409815,0.36666666666666664,0.6430424232281817,0.6368088433305825,0.6403139211725425,0.9927897366992509,0.8149324139691462,0.8149324139691462,0.4249876080868165,90
tool:codeql,CWE-610,0.3833333333333333,0.026415094339622643,0.9991734067527516,0.9701976185836131,0.0008265932472484413,0.9735849056603774,0.08228905597326651,0.05408412288257249,0.09514935081686655,0.9694434860682344,0.5127942505461871,0.5127942505461871,0.048849859441915576,267
tool:codeql,CWE-662,0.5,0.010526315789473684,0.9998847262247839,0.9893549317615851,0.00011527377521613833,0.9894736842105264,0.1,0.06493506493506494,0.1128650158803385,0.9892433241232588,0.5052055210071288,0.5052055210071288,0.0190014225845472,94
tool:codeql,CWE-665,0.0,0.0,0.9942675908198282,0.9981583908689181,0.005732409180171837,1.0,,,-0.003243654837687654,0.9924475357717111,0.4971337954099141,0.4971337954099141,0.001808520595097704,16
tool:codeql,CWE-668,0.02978215711496593,0.016409298464092982,0.923689758790651,0.8673906986743948,0.07631024120934896,0.9835907015359069,0.021150705072099547,0.01802472631422974,-0.07845576588815771,0.8097870954158843,0.47004952862737204,0.47004952862737204,0.07935126580622023,1097
tool:codeql,CWE-704,0.0,0.0,0.9994246205209987,0.9953056043851424,0.0005753794790013301,1.0,,,-0.002073085901499879,0.9947354882986836,0.49971231026049934,0.49971231026049934,0.005515093919368464,41
tool:codeql,CWE-705,0.0,0.0,0.7919248153987226,0.9992774886697801,0.20807518460127733,1.0,,,-0.012260626171263982,0.7914716697010048,0.3959624076993613,0.3959624076993613,0.0006640461415802463,5
tool:codeql,CWE-706,0.3919408369408369,0.05378531073446328,0.9971562993360893,0.9675788949461444,0.002843700663910681,0.9462146892655368,0.09391827294487905,0.06486268527310793,0.1341439358648077,0.9649796356800971,0.5254708050352763,0.5254708050352763,0.06272015668502812,298
tool:codeql,CWE-74,0.3925798753517224,0.47934241197399097,0.8551448781715896,0.8937973961555491,0.14485512182841045,0.520657588026009,0.4314997820599302,0.4589413554283908,0.30946950706251236,0.7937739716498268,0.6672436450727902,0.6672436450727902,0.30525835553156255,1427
tool:codeql,CWE-754,0.0,0.0,0.9995407540418931,0.9973668242147973,0.0004592459581069357,1.0,,,-0.0013956921387708468,0.9969099426864861,0.49977037702094657,0.49977037702094657,0.0024351446285045372,23
tool:codeql,CWE-807,1.0,0.04,1.0,0.9975963199260918,0.0,0.96,0.33333333333333337,0.23809523809523808,0.44670249408097223,0.9975965807033644,0.52,0.52,0.041807500673760864,22
tool:codeql,CWE-834,0.0,0.0,0.999425873826319,0.9970231146556289,0.0005741261736810094,1.0,,,-0.0016368168442753028,0.9964522722838621,0.4997129369131595,0.4997129369131595,0.00313424695783421,26
tool:codeql,CWE-913,0.5,0.009523809523809523,0.9997673065735893,0.9878651774786595,0.00023269342641070388,0.9904761904761905,0.0909090909090909,0.058823529411764705,0.10660717682464496,0.9876393829544974,0.5046455580486995,0.5046455580486995,0.05202552843581685,107
tool:codeql,CWE-923,0.0,0.0,0.9998808814770698,0.9621146703322635,0.00011911852293031567,1.0,,,-0.004782052476925189,0.9620045208953188,0.4999404407385349,0.4999404407385349,0.021698273675510128,331
tool:joern,CWE-116,,0.0,1.0,0.9933628747877409,0.0,1.0,,,,0.9933628747877409,0.5,0.5,0.004226745645185005,58
tool:joern,CWE-190,,0.0,1.0,0.9839778976841469,0.0,1.0,,,,0.9839778976841469,0.5,0.5,0.012120947940244603,140
tool:joern,CWE-191,,0.0,1.0,0.9894713742942963,0.0,1.0,,,,0.9894713742942963,0.5,0.5,0.011208041703251927,92
tool:joern,CWE-20,,0.0,1.0,0.9610891800900709,0.0,1.0,,,,0.9610891800900709,0.5,0.5,0.02537153736270973,340
tool:joern,CWE-269,,0.0,1.0,0.9900428049565541,0.0,1.0,,,,0.9900428049565541,0.5,0.5,0.006911903694493654,87
tool:joern,CWE-285,,0.0,1.0,0.9666968119513619,0.0,1.0,,,,0.9666968119513619,0.5,0.5,0.037761383896875465,291
tool:joern,CWE-287,,0.0,1.0,0.9287013301412594,0.0,1.0,,,,0.9287013301412594,0.5,0.5,0.043063600552858246,623
tool:joern,CWE-311,,0.0,1.0,0.9558246710941759,0.0,1.0,,,,0.9558246710941759,0.5,0.5,0.026184415657284205,386
tool:joern,CWE-326,,0.0,1.0,0.9970239677720049,0.0,1.0,,,,0.9970239677720049,0.5,0.5,0.003652429867716807,26
tool:joern,CWE-327,0.8342857142857143,0.06285714285714286,0.9994024838151858,0.9623471963202842,0.0005975161848141427,0.9371428571428572,0.11583291562238932,0.07692506148245912,0.21765785146162747,0.9618893180353378,0.5311298133361644,0.5311298133361644,0.10822198269081788,350
tool:joern,CWE-330,,0.0,1.0,0.971389103007405,0.0,1.0,,,,0.971389103007405,0.5,0.5,0.035810425002813485,250
tool:joern,CWE-345,,0.0,1.0,0.9393448983756988,0.0,1.0,,,,0.9393448983756988,0.5,0.5,0.040223018758731244,530
tool:joern,CWE-400,,0.0,1.0,0.9711604002190356,0.0,1.0,,,,0.9711604002190356,0.5,0.5,0.02090234901350934,252
tool:joern,CWE-501,,0.0,1.0,0.9897000770826658,0.0,1.0,,,,0.9897000770826658,0.5,0.5,0.014697645403154158,90
tool:joern,CWE-610,,0.0,1.0,0.9694437463994798,0.0,1.0,,,,0.9694437463994798,0.5,0.5,0.030423524775289985,267
tool:joern,CWE-662,,0.0,1.0,0.9892428016715495,0.0,1.0,,,,0.9892428016715495,0.5,0.5,0.008137119002577992,94
tool:joern,CWE-665,,0.0,1.0,0.9981691909293028,0.0,1.0,,,,0.9981691909293028,0.5,0.5,0.0018385831251602341,16
tool:joern,CWE-668,,0.0,1.0,0.8744547811064708,0.0,1.0,,,,0.8744547811064708,0.5,0.5,0.07477755073997742,1097
tool:joern,CWE-704,,0.0,1.0,0.995308231395666,0.0,1.0,,,,0.995308231395666,0.5,0.5,0.005515093919368464,41
tool:joern,CWE-705,,0.0,1.0,0.999427782060148,0.0,1.0,,,,0.999427782060148,0.5,0.5,0.000664512302700899,5
tool:joern,CWE-706,,0.0,1.0,0.965895496231633,0.0,1.0,,,,0.965895496231633,0.5,0.5,0.039878990810031954,298
tool:joern,CWE-74,,0.0,1.0,0.8366883970762455,0.0,1.0,,,,0.8366883970762455,0.5,0.5,0.19081215511769253,1427
tool:joern,CWE-754,,0.0,1.0,0.9973680053751964,0.0,1.0,,,,0.9973680053751964,0.5,0.5,0.002439130774818999,23
tool:joern,CWE-807,,0.0,1.0,0.9974824254522229,0.0,1.0,,,,0.9974824254522229,0.5,0.5,0.0018129355392920317,22
tool:joern,CWE-834,,0.0,1.0,0.9970247550495989,0.0,1.0,,,,0.9970247550495989,0.5,0.5,0.0031581510982223197,26
tool:joern,CWE-913,,0.0,1.0,0.9877547204747407,0.0,1.0,,,,0.9877547204747407,0.5,0.5,0.04357650721839215,107
tool:joern,CWE-923,,0.0,1.0,0.9621190684325468,0.0,1.0,,,,0.9621190684325468,0.5,0.5,0.021698273675510128,331
tool:semgrep,CWE-116,,0.0,1.0,0.9933628747877409,0.0,1.0,,,,0.9933628747877409,0.5,0.5,0.004226745645185005,58
tool:semgrep,CWE-190,,0.0,1.0,0.9839778976841469,0.0,1.0,,,,0.9839778976841469,0.5,0.5,0.012120947940244603,140
tool:semgrep,CWE-191,,0.0,1.0,0.9894713742942963,0.0,1.0,,,,0.9894713742942963,0.5,0.5,0.011208041703251927,92
tool:semgrep,CWE-20,,0.0,1.0,0.9610891800900709,0.0,1.0,,,,0.9610891800900709,0.5,0.5,0.02537153736270973,340
tool:semgrep,CWE-269,0.0,0.0,0.9825446482653588,0.9898674841729964,0.01745535173464125,1.0,,,-0.013286628613431531,0.9727614499032449,0.4912723241326794,0.4912723241326794,0.006673191163898038,87
tool:semgrep,CWE-285,0.011764705882352941,0.003389830508474576,0.9908884768980217,0.9665125950128294,0.00911152310197834,0.9966101694915255,0.02631578947368421,0.019762845849802372,-0.011077157463295646,0.958003187540932,0.4971391537032481,0.4971391537032481,0.03591764718020498,291
tool:semgrep,CWE-287,0.8888888888888888,0.011264516129032258,0.9998770743700062,0.9294370620629347,0.0001229256299938537,0.9887354838709678,0.03674670874474024,0.02334038574379564,0.1227785416463434,0.9293866557234134,0.5055707952495192,0.5055707952495192,0.05352521115643194,623
tool:semgrep,CWE-311,0.39191574093913273,0.4586080586080586,0.9670809104649155,0.974783514971554,0.03291908953508441,0.5413919413919415,0.42191517828848246,0.4429662688074962,0.3947860174720114,0.9446155709320843,0.7128444845364871,0.7128444845364871,0.2224662848699829,386
tool:semgrep,CWE-326,0.024577518695165754,0.15333333333333335,0.9809461371764808,0.9974315775162392,0.019053862823519164,0.8466666666666667,0.052893932617769826,0.09338384425583589,0.05430539275671007,0.9784850673642836,0.567139735254907,0.567139735254907,0.008942299917005864,26
tool:semgrep,CWE-327,0.7768131429142116,0.35428571428571426,0.9957107055486875,0.9736555847385313,0.004289294451312611,0.6457142857142857,0.4847172738231193,0.39687087724913134,0.5113576144329163,0.9700162363652775,0.6749982099172008,0.6749982099172008,0.37791460440755964,350
tool:semgrep,CWE-330,0.921974850546279,0.8719999999999999,0.9977621981917469,0.9962392603164105,0.0022378018082530064,0.128,0.8949708994501828,0.8807370640561525,0.8930381705934971,0.9941648449140199,0.9348810990958736,0.9348810990958734,0.7377119819075015,250
tool:semgrep,CWE-345,0.0,0.0,0.998658530056064,0.9392682694703467,0.0013414699439361483,1.0,,,-0.00998721661874456,0.9380848700553488,0.499329265028032,0.499329265028032,0.04012631041292864,530
tool:semgrep,CWE-400,,0.0,1.0,0.9711604002190356,0.0,1.0,,,,0.9711604002190356,0.5,0.5,0.02090234901350934,252
tool:semgrep,CWE-501,0.6591228070175438,0.47777777777777775,0.9972264854258348,0.9945800448516404,0.0027735145741650306,0.5222222222222223,0.5415296415296416,0.49963577913535867,0.5507761985345885,0.9918742711392227,0.7375021316018063,0.7375021316018063,0.30745220478713314,90
tool:semgrep,CWE-610,0.6170363101859209,0.33696715583508036,0.9935054650223221,0.9793994944002865,0.006494534977677932,0.6630328441649196,0.43521759923481584,0.37034760357056523,0.44360180643455305,0.9734431129125923,0.6652363104287012,0.6652363104287012,0.2554183754823809,267
tool:semgrep,CWE-662,,0.0,1.0,0.9892428016715495,0.0,1.0,,,,0.9892428016715495,0.5,0.5,0.008137119002577992,94
tool:semgrep,CWE-665,,0.0,1.0,0.9981691909293028,0.0,1.0,,,,0.9981691909293028,0.5,0.5,0.0018385831251602341,16
tool:semgrep,CWE-668,0.0,0.0,0.9998684210526315,0.8744402397859867,0.00013157894736842105,1.0,,,-0.009123043705639607,0.874339838577735,0.49993421052631576,0.49993421052631576,0.07477272582972486,1097
tool:semgrep,CWE-704,,0.0,1.0,0.995308231395666,0.0,1.0,,,,0.995308231395666,0.5,0.5,0.005515093919368464,41
tool:semgrep,CWE-705,,0.0,1.0,0.999427782060148,0.0,1.0,,,,0.999427782060148,0.5,0.5,0.000664512302700899,5
tool:semgrep,CWE-706,0.4813147008374533,0.4331638418079097,0.983648512461085,0.9800572247279418,0.016351487538915153,0.5668361581920903,0.4552851821837631,0.44160447783496687,0.4382170183413926,0.9648683692080864,0.7084061771344972,0.7084061771344972,0.2763560029810001,298
tool:semgrep,CWE-74,0.5497211048975592,0.5711225616488774,0.9086405998091021,0.9156483498753787,0.09135940019089783,0.4288774383511226,0.5601960691450427,0.5666957935105527,0.47250575641074716,0.8535255650653799,0.7398815807289898,0.7398815807289898,0.4072965088034978,1427
tool:semgrep,CWE-754,,0.0,1.0,0.9973680053751964,0.0,1.0,,,,0.9973680053751964,0.5,0.5,0.002439130774818999,23
tool:semgrep,CWE-807,,0.0,1.0,0.9974824254522229,0.0,1.0,,,,0.9974824254522229,0.5,0.5,0.0018129355392920317,22
tool:semgrep,CWE-834,,0.0,1.0,0.9970247550495989,0.0,1.0,,,,0.9970247550495989,0.5,0.5,0.0031581510982223197,26
tool:semgrep,CWE-913,0.34305194805194805,0.24415584415584415,0.9942054074426965,0.9906513011976612,0.00579459255730354,0.7558441558441558,0.2816664241054485,0.25737066755097265,0.28019665576605995,0.9850075266115803,0.6191806257992702,0.6191806257992704,0.1350156828734585,107
tool:semgrep,CWE-923,,0.0,1.0,0.9621190684325468,0.0,1.0,,,,0.9621190684325468,0.5,0.5,0.021698273675510128,331
or_1_of_3,CWE-116,0.0,0.0,0.9975840108940979,0.9933466979090909,0.0024159891059020297,1.0,,,-0.0038625171733067025,0.9909631198531299,0.49879200544704894,0.49879200544704894,0.004224029237446174,58
or_1_of_3,CWE-190,0.375,0.02857142857142857,0.9993015077079221,0.9844180323902257,0.0006984922920779795,0.9714285714285715,0.08673835125448028,0.05809814391050089,0.11145508122731246,0.9837484049127619,0.5139364681396753,0.5139364681396753,0.02644364776454114,140
or_1_of_3,CWE-191,0.0,0.0,0.9994214961912771,0.9894652752136299,0.0005785038087229346,1.0,,,-0.003170174949541319,0.9888990288942431,0.49971074809563854,0.49971074809563854,0.011199938317574827,92
or_1_of_3,CWE-20,0.008247338972667186,0.03823529411764706,0.8160268611874757,0.9544590824094111,0.1839731388125242,0.9617647058823529,0.01356719726377586,0.02213460938222813,-0.07371849213796913,0.7857620426274236,0.4271310776525614,0.4271310776525614,0.02547518316808207,340
or_1_of_3,CWE-269,0.0,0.0,0.9825446482653588,0.9898674841729964,0.01745535173464125,1.0,,,-0.013286628613431531,0.9727614499032449,0.4912723241326794,0.4912723241326794,0.006673191163898038,87
or_1_of_3,CWE-285,0.017786561264822136,0.006838106370543542,0.9884006512254434,0.9665427890537297,0.011599348774556656,0.9931618936294564,0.024691358024691357,0.019493844049247606,-0.008637948333081343,0.9557123480240467,0.4976193787979934,0.4976193787979934,0.03674587224090652,291
or_1_of_3,CWE-287,0.40728856624319415,0.07709677419354839,0.991373822791075,0.9332931115327993,0.008626177208924958,0.9229032258064516,0.12917843121494238,0.09190796258757424,0.15219058629375007,0.9261809978529895,0.5342352984923118,0.5342352984923118,0.07394414404991626,623
or_1_of_3,CWE-311,0.3541267186731977,0.47415917415917413,0.9600174813789009,0.9753139230901551,0.03998251862109918,0.5258408258408258,0.404797809278978,0.443506250564602,0.3779272451087289,0.938549478685154,0.7170883277690375,0.7170883277690374,0.2052541368963651,386
or_1_of_3,CWE-326,0.024267203957606433,0.15333333333333335,0.9806014384458882,0.9974306188118442,0.019398561554111755,0.8466666666666667,0.05230914918414918,0.09263245587885259,0.053842958424066736,0.9781414220471785,0.5669673858896107,0.5669673858896107,0.008879396104102053,26
or_1_of_3,CWE-327,0.6989365101725737,0.7514285714285714,0.9862990569559212,0.9895990157132009,0.013700943044078703,0.24857142857142858,0.7223535226864485,0.73900822939352,0.7118638882387297,0.9768883518081617,0.8688638141922465,0.8688638141922465,0.5465832537330181,350
or_1_of_3,CWE-330,0.9183100570926659,0.876,0.9976438549964808,0.9963557985431917,0.0023561450035192786,0.124,0.8953475608005282,0.8833328448897906,0.8933035600580688,0.9941640576364259,0.9368219274982404,0.9368219274982403,0.7333478567865042,250
or_1_of_3,CWE-345,0.4740384615384616,0.06037735849056604,0.9957352364417835,0.942566284014117,0.004264763558216491,0.939622641509434,0.10699003691501607,0.07311761517511732,0.15268467196278707,0.9390000762003344,0.5280562974661749,0.5280562974661749,0.07303906215858169,530
or_1_of_3,CWE-400,0.16666666666666666,0.00392156862745098,0.9995294792169748,0.9712584737589385,0.0004705207830251109,0.996078431372549,0.03773584905660377,0.024271844660194174,0.028243951576004626,0.9708180646312338,0.5017255239222129,0.5017255239222129,0.02508349827053969,252
or_1_of_3,CWE-501,0.6343582887700535,0.7555555555555555,0.9953759521156236,0.9974510718457104,0.004624047884376441,0.24444444444444446,0.6863769889840882,0.7253228560984017,0.6871823718274396,0.9929050742194943,0.8754657538355894,0.8754657538355894,0.46799674574524597,90
or_1_of_3,CWE-610,0.5940441176470588,0.3445143256464011,0.9926788717750735,0.9796106942920773,0.007321128224926374,0.6554856743535988,0.43565892324873723,0.37592587776051045,0.4395751169996499,0.9728707648071175,0.6685965987107373,0.6685965987107374,0.24433657402588235,267
or_1_of_3,CWE-662,0.5,0.010526315789473684,0.9998847262247839,0.9893549317615851,0.00011527377521613833,0.9894736842105264,0.1,0.06493506493506494,0.1128650158803385,0.9892433241232588,0.5052055210071288,0.5052055210071288,0.0190014225845472,94
or_1_of_3,CWE-665,0.0,0.0,0.9942675908198282,0.9981583908689181,0.005732409180171837,1.0,,,-0.003243654837687654,0.9924475357717111,0.4971337954099141,0.4971337954099141,0.001808520595097704,16
or_1_of_3,CWE-668,0.029717640985933668,0.016409298464092982,0.9235581798432826,0.8673742225685798,0.07644182015671737,0.9835907015359069,0.021133853033002813,0.018019771011064292,-0.07857200269898426,0.8096721528871488,0.4699837391536878,0.4699837391536878,0.0793487053845483,1097
or_1_of_3,CWE-704,0.0,0.0,0.9994246205209987,0.9953056043851424,0.0005753794790013301,1.0,,,-0.002073085901499879,0.9947354882986836,0.49971231026049934,0.49971231026049934,0.005515093919368464,41
or_1_of_3,CWE-705,0.0,0.0,0.7919248153987226,0.9992774886697801,0.20807518460127733,1.0,,,-0.012260626171263982,0.7914716697010048,0.3959624076993613,0.3959624076993613,0.0006640461415802463,5
or_1_of_3,CWE-706,0.4587420933285594,0.4331638418079097,0.9821099644129129,0.980027747326033,0.017890035587087107,0.5668361581920903,0.44476614902543066,0.43755155247917993,0.426493657369754,0.9633819882374489,0.7076369031104112,0.7076369031104113,0.24237882830194857,298
or_1_of_3,CWE-74,0.38754615077199833,0.6152791068580543,0.8100250763010883,0.9151552301849772,0.18997492369891153,0.3847208931419458,0.4755028165117528,0.550521373169566,0.3587950161725755,0.7782233031740681,0.7126520915795713,0.7126520915795713,0.31045875845485005,1427
or_1_of_3,CWE-754,0.0,0.0,0.9995407540418931,0.9973668242147973,0.0004592459581069357,1.0,,,-0.0013956921387708468,0.9969099426864861,0.49977037702094657,0.49977037702094657,0.0024351446285045372,23
or_1_of_3,CWE-807,1.0,0.04,1.0,0.9975963199260918,0.0,0.96,0.33333333333333337,0.23809523809523808,0.44670249408097223,0.9975965807033644,0.52,0.52,0.041807500673760864,22
or_1_of_3,CWE-834,0.0,0.0,0.999425873826319,0.9970231146556289,0.0005741261736810094,1.0,,,-0.0016368168442753028,0.9964522722838621,0.4997129369131595,0.4997129369131595,0.00313424695783421,26
or_1_of_3,CWE-913,0.3404329004329004,0.25367965367965367,0.9939727140162857,0.9907643488992599,0.006027285983714244,0.7463203463203463,0.286005526005526,0.26498540575394613,0.2840169604253394,0.984892189091337,0.6238261838479697,0.6238261838479697,0.13708526881662836,107
or_1_of_3,CWE-923,0.0,0.0,0.9998808814770698,0.9621146703322635,0.00011911852293031567,1.0,,,-0.004782052476925189,0.9620045208953188,0.4999404407385349,0.4999404407385349,0.021698273675510128,331
traditional_2_of_3,CWE-116,,0.0,1.0,0.9933628747877409,0.0,1.0,,,,0.9933628747877409,0.5,0.49879200544704894,0.004224029237446174,58
traditional_2_of_3,CWE-190,,0.0,1.0,0.9839778976841469,0.0,1.0,,,,0.9839778976841469,0.5,0.5139364681396753,0.02644364776454114,140
traditional_2_of_3,CWE-191,,0.0,1.0,0.9894713742942963,0.0,1.0,,,,0.9894713742942963,0.5,0.49971074809563854,0.011199938317574827,92
traditional_2_of_3,CWE-20,,0.0,1.0,0.9610891800900709,0.0,1.0,,,,0.9610891800900709,0.5,0.4271310776525614,0.02547518316808207,340
traditional_2_of_3,CWE-269,,0.0,1.0,0.9900428049565541,0.0,1.0,,,,0.9900428049565541,0.5,0.4912723241326794,0.006673191163898038,87
traditional_2_of_3,CWE-285,0.0,0.0,0.9990560468690829,0.9666665444426845,0.0009439531309171102,1.0,,,-0.008846355398690471,0.9657840906047206,0.49952802343454145,0.49761531243494855,0.03608905779098863,291
traditional_2_of_3,CWE-287,1.0,0.0032129032258064517,1.0,0.9289138747097734,0.0,0.9967870967741936,0.015936507936507936,0.010020201046598955,0.08639870567379834,0.9289300329296291,0.5016064516129032,0.5342481376907873,0.07702904420352608,623
traditional_2_of_3,CWE-311,0.4420705206783305,0.18641358641358644,0.9893485383409862,0.9633931138299616,0.010651461659013789,0.8135864135864136,0.2600198264474374,0.21009443602797923,0.26555788782717554,0.9538790496603659,0.5878810623772862,0.7182981078144732,0.2515027848850203,386
traditional_2_of_3,CWE-326,,0.0,1.0,0.9970239677720049,0.0,1.0,,,,0.9970239677720049,0.5,0.5669673858896107,0.008879396104102053,26
traditional_2_of_3,CWE-327,0.9409267399267399,0.32571428571428573,0.999164812905371,0.9726120295837152,0.000835187094629118,0.6742857142857143,0.4834502274507873,0.3745785253858484,0.5444444888286232,0.9721884563804991,0.6624395493098283,0.8707743440263485,0.671113402795251,350
traditional_2_of_3,CWE-330,1.0,0.8719999999999999,1.0,0.9962467043859311,0.0,0.128,0.9310282317695663,0.8945652901338793,0.9317718014181124,0.9963386394844298,0.9359999999999999,0.9378645620545548,0.8842225106195765,250
traditional_2_of_3,CWE-345,,0.0,1.0,0.9393448983756988,0.0,1.0,,,,0.9393448983756988,0.5,0.5280562974661749,0.07303906215858169,530
traditional_2_of_3,CWE-400,,0.0,1.0,0.9711604002190356,0.0,1.0,,,,0.9711604002190356,0.5,0.5017255239222129,0.02508349827053969,252
traditional_2_of_3,CWE-501,0.7074203574203575,0.3555555555555555,0.9983820279151704,0.9933268865380107,0.0016179720848295714,0.6444444444444445,0.460708681175867,0.3904707005985183,0.4899127929215229,0.9917589336189794,0.676968791735363,0.8756774679157309,0.5335368881984431,90
traditional_2_of_3,CWE-610,1.0,0.018867924528301886,1.0,0.9699990592329767,0.0,0.9811320754716981,0.06083052749719416,0.03897737410966316,0.1726986521908932,0.9700158341737091,0.5094339622641509,0.6686656358380688,0.26104638881986203,267
traditional_2_of_3,CWE-662,,0.0,1.0,0.9892428016715495,0.0,1.0,,,,0.9892428016715495,0.5,0.5052055210071288,0.0190014225845472,94
traditional_2_of_3,CWE-665,,0.0,1.0,0.9981691909293028,0.0,1.0,,,,0.9981691909293028,0.5,0.4971337954099141,0.001808520595097704,16
traditional_2_of_3,CWE-668,,0.0,1.0,0.8744547811064708,0.0,1.0,,,,0.8744547811064708,0.5,0.4699837391536878,0.0793487053845483,1097
traditional_2_of_3,CWE-704,,0.0,1.0,0.995308231395666,0.0,1.0,,,,0.995308231395666,0.5,0.49971231026049934,0.005515093919368464,41
traditional_2_of_3,CWE-705,,0.0,1.0,0.999427782060148,0.0,1.0,,,,0.999427782060148,0.5,0.3959624076993613,0.0006640461415802463,5
traditional_2_of_3,CWE-706,0.6009523809523809,0.05378531073446328,0.9986948473842613,0.9676263548702426,0.0013051526157387282,0.9462146892655368,0.0985018091361375,0.06571615534298206,0.17208416705366103,0.9664660166507346,0.5262400790593623,0.7078380232404798,0.26572065648165244,298
traditional_2_of_3,CWE-74,0.6473960353261842,0.43518586676481413,0.9537604016796033,0.8964002411736445,0.046239598320396744,0.5648141332351859,0.5203618519650426,0.4656577260687439,0.45985290925513767,0.8690762335411385,0.6944731342222087,0.7397168553056324,0.45251265848982625,1427
traditional_2_of_3,CWE-754,,0.0,1.0,0.9973680053751964,0.0,1.0,,,,0.9973680053751964,0.5,0.49977037702094657,0.0024351446285045372,23
traditional_2_of_3,CWE-807,,0.0,1.0,0.9974824254522229,0.0,1.0,,,,0.9974824254522229,0.5,0.52,0.041807500673760864,22
traditional_2_of_3,CWE-834,,0.0,1.0,0.9970247550495989,0.0,1.0,,,,0.9970247550495989,0.5,0.4997129369131595,0.00313424695783421,26
traditional_2_of_3,CWE-913,,0.0,1.0,0.9877547204747407,0.0,1.0,,,,0.9877547204747407,0.5,0.6238261838479697,0.13708526881662836,107
traditional_2_of_3,CWE-923,,0.0,1.0,0.9621190684325468,0.0,1.0,,,,0.9621190684325468,0.5,0.4999404407385349,0.021698273675510128,331
weighted_fire_specificity_silence_sensitivity_tau_0_1,CWE-116,0.0,0.0,0.9975840108940979,0.9933466979090909,0.0024159891059020297,1.0,,,-0.0038625171733067025,0.9909631198531299,0.49879200544704894,0.49879200544704894,0.004224029237446174,58
weighted_fire_specificity_silence_sensitivity_tau_0_1,CWE-190,0.375,0.02857142857142857,0.9993015077079221,0.9844180323902257,0.0006984922920779795,0.9714285714285715,0.08673835125448028,0.05809814391050089,0.11145508122731246,0.9837484049127619,0.5139364681396753,0.5139364681396753,0.02644364776454114,140
weighted_fire_specificity_silence_sensitivity_tau_0_1,CWE-191,0.0,0.0,0.9994214961912771,0.9894652752136299,0.0005785038087229346,1.0,,,-0.003170174949541319,0.9888990288942431,0.49971074809563854,0.49971074809563854,0.011199938317574827,92
weighted_fire_specificity_silence_sensitivity_tau_0_1,CWE-20,0.008247338972667186,0.03823529411764706,0.8160268611874757,0.9544590824094111,0.1839731388125242,0.9617647058823529,0.01356719726377586,0.02213460938222813,-0.07371849213796913,0.7857620426274236,0.4271310776525614,0.4271310776525614,0.02547518316808207,340
weighted_fire_specificity_silence_sensitivity_tau_0_1,CWE-269,0.0,0.0,0.9825446482653588,0.9898674841729964,0.01745535173464125,1.0,,,-0.013286628613431531,0.9727614499032449,0.4912723241326794,0.4912723241326794,0.006673191163898038,87
weighted_fire_specificity_silence_sensitivity_tau_0_1,CWE-285,0.017786561264822136,0.006838106370543542,0.9884006512254434,0.9665427890537297,0.011599348774556656,0.9931618936294564,0.024691358024691357,0.019493844049247606,-0.008637948333081343,0.9557123480240467,0.4976193787979934,0.49759402352321286,0.03576065056602967,291
weighted_fire_specificity_silence_sensitivity_tau_0_1,CWE-287,0.40728856624319415,0.07709677419354839,0.991373822791075,0.9332931115327993,0.008626177208924958,0.9229032258064516,0.12917843121494238,0.09190796258757424,0.15219058629375007,0.9261809978529895,0.5342352984923118,0.5342169681108884,0.07648228790943142,623
weighted_fire_specificity_silence_sensitivity_tau_0_1,CWE-311,0.3541267186731977,0.47415917415917413,0.9600174813789009,0.9753139230901551,0.03998251862109918,0.5258408258408258,0.404797809278978,0.443506250564602,0.3779272451087289,0.938549478685154,0.7170883277690375,0.7190889239291658,0.2617383564068508,386
weighted_fire_specificity_silence_sensitivity_tau_0_1,CWE-326,0.024267203957606433,0.15333333333333335,0.9806014384458882,0.9974306188118442,0.019398561554111755,0.8466666666666667,0.05230914918414918,0.09263245587885259,0.053842958424066736,0.9781414220471785,0.5669673858896107,0.5669884852281986,0.008942299917005864,26
weighted_fire_specificity_silence_sensitivity_tau_0_1,CWE-327,0.6989365101725737,0.7514285714285714,0.9862990569559212,0.9895990157132009,0.013700943044078703,0.24857142857142858,0.7223535226864485,0.73900822939352,0.7118638882387297,0.9768883518081617,0.8688638141922465,0.8713530946470904,0.67636981959647,350
weighted_fire_specificity_silence_sensitivity_tau_0_1,CWE-330,0.9183100570926659,0.876,0.9976438549964808,0.9963557985431917,0.0023561450035192786,0.124,0.8953475608005282,0.8833328448897906,0.8933035600580688,0.9941640576364259,0.9368219274982404,0.9378716125833444,0.8846306738848826,250
weighted_fire_specificity_silence_sensitivity_tau_0_1,CWE-345,0.4740384615384616,0.06037735849056604,0.9957352364417835,0.942566284014117,0.004264763558216491,0.939622641509434,0.10699003691501607,0.07311761517511732,0.15268467196278707,0.9390000762003344,0.5280562974661749,0.5280959767402422,0.08654965795691334,530
weighted_fire_specificity_silence_sensitivity_tau_0_1,CWE-400,0.16666666666666666,0.00392156862745098,0.9995294792169748,0.9712584737589385,0.0004705207830251109,0.996078431372549,0.03773584905660377,0.024271844660194174,0.028243951576004626,0.9708180646312338,0.5017255239222129,0.5017255239222129,0.02508349827053969,252
weighted_fire_specificity_silence_sensitivity_tau_0_1,CWE-501,0.6343582887700535,0.7555555555555555,0.9953759521156236,0.9974510718457104,0.004624047884376441,0.24444444444444446,0.6863769889840882,0.7253228560984017,0.6871823718274396,0.9929050742194943,0.8754657538355894,0.8757030354575995,0.5334587484724145,90
weighted_fire_specificity_silence_sensitivity_tau_0_1,CWE-610,0.5940441176470588,0.3445143256464011,0.9926788717750735,0.9796106942920773,0.007321128224926374,0.6554856743535988,0.43565892324873723,0.37592587776051045,0.4395751169996499,0.9728707648071175,0.6685965987107373,0.668769104381983,0.27564602650961134,267
weighted_fire_specificity_silence_sensitivity_tau_0_1,CWE-662,0.5,0.010526315789473684,0.9998847262247839,0.9893549317615851,0.00011527377521613833,0.9894736842105264,0.1,0.06493506493506494,0.1128650158803385,0.9892433241232588,0.5052055210071288,0.5052055210071288,0.0190014225845472,94
weighted_fire_specificity_silence_sensitivity_tau_0_1,CWE-665,0.0,0.0,0.9942675908198282,0.9981583908689181,0.005732409180171837,1.0,,,-0.003243654837687654,0.9924475357717111,0.4971337954099141,0.4971337954099141,0.001808520595097704,16
weighted_fire_specificity_silence_sensitivity_tau_0_1,CWE-668,0.02978215711496593,0.016409298464092982,0.923689758790651,0.8673906986743948,0.07631024120934896,0.9835907015359069,0.021150705072099547,0.01802472631422974,-0.07845576588815771,0.8097870954158843,0.47004952862737204,0.47004952862737204,0.07935126580622023,1097
weighted_fire_specificity_silence_sensitivity_tau_0_1,CWE-704,0.0,0.0,0.9994246205209987,0.9953056043851424,0.0005753794790013301,1.0,,,-0.002073085901499879,0.9947354882986836,0.49971231026049934,0.49971231026049934,0.005515093919368464,41
weighted_fire_specificity_silence_sensitivity_tau_0_1,CWE-705,0.0,0.0,0.7919248153987226,0.9992774886697801,0.20807518460127733,1.0,,,-0.012260626171263982,0.7914716697010048,0.3959624076993613,0.3959624076993613,0.0006640461415802463,5
weighted_fire_specificity_silence_sensitivity_tau_0_1,CWE-706,0.4587420933285594,0.4331638418079097,0.9821099644129129,0.980027747326033,0.017890035587087107,0.5668361581920903,0.44476614902543066,0.43755155247917993,0.426493657369754,0.9633819882374489,0.7076369031104112,0.7081344783830353,0.28791554628880717,298
weighted_fire_specificity_silence_sensitivity_tau_0_1,CWE-74,0.38754615077199833,0.6152791068580543,0.8100250763010883,0.9151552301849772,0.18997492369891153,0.3847208931419458,0.4755028165117528,0.550521373169566,0.3587950161725755,0.7782233031740681,0.7126520915795713,0.7454144401273076,0.47108573983964774,1427
weighted_fire_specificity_silence_sensitivity_tau_0_1,CWE-754,0.0,0.0,0.9995407540418931,0.9973668242147973,0.0004592459581069357,1.0,,,-0.0013956921387708468,0.9969099426864861,0.49977037702094657,0.49977037702094657,0.0024351446285045372,23
weighted_fire_specificity_silence_sensitivity_tau_0_1,CWE-807,,0.0,1.0,0.9974824254522229,0.0,1.0,,,,0.9974824254522229,0.5,0.5,0.0018129355392920317,22
weighted_fire_specificity_silence_sensitivity_tau_0_1,CWE-834,0.0,0.0,0.999425873826319,0.9970231146556289,0.0005741261736810094,1.0,,,-0.0016368168442753028,0.9964522722838621,0.4997129369131595,0.4997129369131595,0.00313424695783421,26
weighted_fire_specificity_silence_sensitivity_tau_0_1,CWE-913,0.3404329004329004,0.25367965367965367,0.9939727140162857,0.9907643488992599,0.006027285983714244,0.7463203463203463,0.286005526005526,0.26498540575394613,0.2840169604253394,0.984892189091337,0.6238261838479697,0.6238262994720325,0.13616947825798068,107
weighted_fire_specificity_silence_sensitivity_tau_0_1,CWE-923,,0.0,1.0,0.9621190684325468,0.0,1.0,,,,0.9621190684325468,0.5,0.5,0.021698273675510128,331
weighted_fire_specificity_silence_sensitivity_tau_0_2,CWE-116,0.0,0.0,0.9975840108940979,0.9933466979090909,0.0024159891059020297,1.0,,,-0.0038625171733067025,0.9909631198531299,0.49879200544704894,0.49879200544704894,0.004224029237446174,58
weighted_fire_specificity_silence_sensitivity_tau_0_2,CWE-190,0.375,0.02857142857142857,0.9993015077079221,0.9844180323902257,0.0006984922920779795,0.9714285714285715,0.08673835125448028,0.05809814391050089,0.11145508122731246,0.9837484049127619,0.5139364681396753,0.5139364681396753,0.02644364776454114,140
weighted_fire_specificity_silence_sensitivity_tau_0_2,CWE-191,0.0,0.0,0.9994214961912771,0.9894652752136299,0.0005785038087229346,1.0,,,-0.003170174949541319,0.9888990288942431,0.49971074809563854,0.49971074809563854,0.011199938317574827,92
weighted_fire_specificity_silence_sensitivity_tau_0_2,CWE-20,0.008247338972667186,0.03823529411764706,0.8160268611874757,0.9544590824094111,0.1839731388125242,0.9617647058823529,0.01356719726377586,0.02213460938222813,-0.07371849213796913,0.7857620426274236,0.4271310776525614,0.4271310776525614,0.02547518316808207,340
weighted_fire_specificity_silence_sensitivity_tau_0_2,CWE-269,0.0,0.0,0.9825446482653588,0.9898674841729964,0.01745535173464125,1.0,,,-0.013286628613431531,0.9727614499032449,0.4912723241326794,0.4912723241326794,0.006673191163898038,87
weighted_fire_specificity_silence_sensitivity_tau_0_2,CWE-285,0.017786561264822136,0.006838106370543542,0.9884006512254434,0.9665427890537297,0.011599348774556656,0.9931618936294564,0.024691358024691357,0.019493844049247606,-0.008637948333081343,0.9557123480240467,0.4976193787979934,0.49759402352321286,0.03576065056602967,291
weighted_fire_specificity_silence_sensitivity_tau_0_2,CWE-287,0.40728856624319415,0.07709677419354839,0.991373822791075,0.9332931115327993,0.008626177208924958,0.9229032258064516,0.12917843121494238,0.09190796258757424,0.15219058629375007,0.9261809978529895,0.5342352984923118,0.5342169681108884,0.07648228790943142,623
weighted_fire_specificity_silence_sensitivity_tau_0_2,CWE-311,0.3541267186731977,0.47415917415917413,0.9600174813789009,0.9753139230901551,0.03998251862109918,0.5258408258408258,0.404797809278978,0.443506250564602,0.3779272451087289,0.938549478685154,0.7170883277690375,0.7190889239291658,0.2617383564068508,386
weighted_fire_specificity_silence_sensitivity_tau_0_2,CWE-326,0.024267203957606433,0.15333333333333335,0.9806014384458882,0.9974306188118442,0.019398561554111755,0.8466666666666667,0.05230914918414918,0.09263245587885259,0.053842958424066736,0.9781414220471785,0.5669673858896107,0.5669884852281986,0.008942299917005864,26
weighted_fire_specificity_silence_sensitivity_tau_0_2,CWE-327,0.6989365101725737,0.7514285714285714,0.9862990569559212,0.9895990157132009,0.013700943044078703,0.24857142857142858,0.7223535226864485,0.73900822939352,0.7118638882387297,0.9768883518081617,0.8688638141922465,0.8713530946470904,0.67636981959647,350
weighted_fire_specificity_silence_sensitivity_tau_0_2,CWE-330,0.9183100570926659,0.876,0.9976438549964808,0.9963557985431917,0.0023561450035192786,0.124,0.8953475608005282,0.8833328448897906,0.8933035600580688,0.9941640576364259,0.9368219274982404,0.9378716125833444,0.8846306738848826,250
weighted_fire_specificity_silence_sensitivity_tau_0_2,CWE-345,0.4740384615384616,0.06037735849056604,0.9957352364417835,0.942566284014117,0.004264763558216491,0.939622641509434,0.10699003691501607,0.07311761517511732,0.15268467196278707,0.9390000762003344,0.5280562974661749,0.5280959767402422,0.08654965795691334,530
weighted_fire_specificity_silence_sensitivity_tau_0_2,CWE-400,0.16666666666666666,0.00392156862745098,0.9995294792169748,0.9712584737589385,0.0004705207830251109,0.996078431372549,0.03773584905660377,0.024271844660194174,0.028243951576004626,0.9708180646312338,0.5017255239222129,0.5017255239222129,0.02508349827053969,252
weighted_fire_specificity_silence_sensitivity_tau_0_2,CWE-501,0.6343582887700535,0.7555555555555555,0.9953759521156236,0.9974510718457104,0.004624047884376441,0.24444444444444446,0.6863769889840882,0.7253228560984017,0.6871823718274396,0.9929050742194943,0.8754657538355894,0.8757030354575995,0.5334587484724145,90
weighted_fire_specificity_silence_sensitivity_tau_0_2,CWE-610,0.5940441176470588,0.3445143256464011,0.9926788717750735,0.9796106942920773,0.007321128224926374,0.6554856743535988,0.43565892324873723,0.37592587776051045,0.4395751169996499,0.9728707648071175,0.6685965987107373,0.668769104381983,0.27564602650961134,267
weighted_fire_specificity_silence_sensitivity_tau_0_2,CWE-662,0.5,0.010526315789473684,0.9998847262247839,0.9893549317615851,0.00011527377521613833,0.9894736842105264,0.1,0.06493506493506494,0.1128650158803385,0.9892433241232588,0.5052055210071288,0.5052055210071288,0.0190014225845472,94
weighted_fire_specificity_silence_sensitivity_tau_0_2,CWE-665,0.0,0.0,0.9942675908198282,0.9981583908689181,0.005732409180171837,1.0,,,-0.003243654837687654,0.9924475357717111,0.4971337954099141,0.4971337954099141,0.001808520595097704,16
weighted_fire_specificity_silence_sensitivity_tau_0_2,CWE-668,0.02978215711496593,0.016409298464092982,0.923689758790651,0.8673906986743948,0.07631024120934896,0.9835907015359069,0.021150705072099547,0.01802472631422974,-0.07845576588815771,0.8097870954158843,0.47004952862737204,0.47004952862737204,0.07935126580622023,1097
weighted_fire_specificity_silence_sensitivity_tau_0_2,CWE-704,0.0,0.0,0.9994246205209987,0.9953056043851424,0.0005753794790013301,1.0,,,-0.002073085901499879,0.9947354882986836,0.49971231026049934,0.49971231026049934,0.005515093919368464,41
weighted_fire_specificity_silence_sensitivity_tau_0_2,CWE-705,0.0,0.0,0.7919248153987226,0.9992774886697801,0.20807518460127733,1.0,,,-0.012260626171263982,0.7914716697010048,0.3959624076993613,0.3959624076993613,0.0006640461415802463,5
weighted_fire_specificity_silence_sensitivity_tau_0_2,CWE-706,0.4587420933285594,0.4331638418079097,0.9821099644129129,0.980027747326033,0.017890035587087107,0.5668361581920903,0.44476614902543066,0.43755155247917993,0.426493657369754,0.9633819882374489,0.7076369031104112,0.7081344783830353,0.28791554628880717,298
weighted_fire_specificity_silence_sensitivity_tau_0_2,CWE-74,0.38754615077199833,0.6152791068580543,0.8100250763010883,0.9151552301849772,0.18997492369891153,0.3847208931419458,0.4755028165117528,0.550521373169566,0.3587950161725755,0.7782233031740681,0.7126520915795713,0.7454144401273076,0.47108573983964774,1427
weighted_fire_specificity_silence_sensitivity_tau_0_2,CWE-754,0.0,0.0,0.9995407540418931,0.9973668242147973,0.0004592459581069357,1.0,,,-0.0013956921387708468,0.9969099426864861,0.49977037702094657,0.49977037702094657,0.0024351446285045372,23
weighted_fire_specificity_silence_sensitivity_tau_0_2,CWE-807,,0.0,1.0,0.9974824254522229,0.0,1.0,,,,0.9974824254522229,0.5,0.5,0.0018129355392920317,22
weighted_fire_specificity_silence_sensitivity_tau_0_2,CWE-834,0.0,0.0,0.999425873826319,0.9970231146556289,0.0005741261736810094,1.0,,,-0.0016368168442753028,0.9964522722838621,0.4997129369131595,0.4997129369131595,0.00313424695783421,26
weighted_fire_specificity_silence_sensitivity_tau_0_2,CWE-913,0.3404329004329004,0.25367965367965367,0.9939727140162857,0.9907643488992599,0.006027285983714244,0.7463203463203463,0.286005526005526,0.26498540575394613,0.2840169604253394,0.984892189091337,0.6238261838479697,0.6238262994720325,0.13616947825798068,107
weighted_fire_specificity_silence_sensitivity_tau_0_2,CWE-923,,0.0,1.0,0.9621190684325468,0.0,1.0,,,,0.9621190684325468,0.5,0.5,0.021698273675510128,331
weighted_fire_specificity_silence_sensitivity_tau_0_3,CWE-116,0.0,0.0,0.9975840108940979,0.9933466979090909,0.0024159891059020297,1.0,,,-0.0038625171733067025,0.9909631198531299,0.49879200544704894,0.49879200544704894,0.004224029237446174,58
weighted_fire_specificity_silence_sensitivity_tau_0_3,CWE-190,0.375,0.02857142857142857,0.9993015077079221,0.9844180323902257,0.0006984922920779795,0.9714285714285715,0.08673835125448028,0.05809814391050089,0.11145508122731246,0.9837484049127619,0.5139364681396753,0.5139364681396753,0.02644364776454114,140
weighted_fire_specificity_silence_sensitivity_tau_0_3,CWE-191,0.0,0.0,0.9994214961912771,0.9894652752136299,0.0005785038087229346,1.0,,,-0.003170174949541319,0.9888990288942431,0.49971074809563854,0.49971074809563854,0.011199938317574827,92
weighted_fire_specificity_silence_sensitivity_tau_0_3,CWE-20,0.008247338972667186,0.03823529411764706,0.8160268611874757,0.9544590824094111,0.1839731388125242,0.9617647058823529,0.01356719726377586,0.02213460938222813,-0.07371849213796913,0.7857620426274236,0.4271310776525614,0.4271310776525614,0.02547518316808207,340
weighted_fire_specificity_silence_sensitivity_tau_0_3,CWE-269,0.0,0.0,0.9825446482653588,0.9898674841729964,0.01745535173464125,1.0,,,-0.013286628613431531,0.9727614499032449,0.4912723241326794,0.4912723241326794,0.006673191163898038,87
weighted_fire_specificity_silence_sensitivity_tau_0_3,CWE-285,0.017786561264822136,0.006838106370543542,0.9884006512254434,0.9665427890537297,0.011599348774556656,0.9931618936294564,0.024691358024691357,0.019493844049247606,-0.008637948333081343,0.9557123480240467,0.4976193787979934,0.49759402352321286,0.03576065056602967,291
weighted_fire_specificity_silence_sensitivity_tau_0_3,CWE-287,0.40728856624319415,0.07709677419354839,0.991373822791075,0.9332931115327993,0.008626177208924958,0.9229032258064516,0.12917843121494238,0.09190796258757424,0.15219058629375007,0.9261809978529895,0.5342352984923118,0.5342169681108884,0.07648228790943142,623
weighted_fire_specificity_silence_sensitivity_tau_0_3,CWE-311,0.3541267186731977,0.47415917415917413,0.9600174813789009,0.9753139230901551,0.03998251862109918,0.5258408258408258,0.404797809278978,0.443506250564602,0.3779272451087289,0.938549478685154,0.7170883277690375,0.7190889239291658,0.2617383564068508,386
weighted_fire_specificity_silence_sensitivity_tau_0_3,CWE-326,0.024267203957606433,0.15333333333333335,0.9806014384458882,0.9974306188118442,0.019398561554111755,0.8466666666666667,0.05230914918414918,0.09263245587885259,0.053842958424066736,0.9781414220471785,0.5669673858896107,0.5669884852281986,0.008942299917005864,26
weighted_fire_specificity_silence_sensitivity_tau_0_3,CWE-327,0.6989365101725737,0.7514285714285714,0.9862990569559212,0.9895990157132009,0.013700943044078703,0.24857142857142858,0.7223535226864485,0.73900822939352,0.7118638882387297,0.9768883518081617,0.8688638141922465,0.8713530946470904,0.67636981959647,350
weighted_fire_specificity_silence_sensitivity_tau_0_3,CWE-330,0.9183100570926659,0.876,0.9976438549964808,0.9963557985431917,0.0023561450035192786,0.124,0.8953475608005282,0.8833328448897906,0.8933035600580688,0.9941640576364259,0.9368219274982404,0.9378716125833444,0.8846306738848826,250
weighted_fire_specificity_silence_sensitivity_tau_0_3,CWE-345,0.4740384615384616,0.06037735849056604,0.9957352364417835,0.942566284014117,0.004264763558216491,0.939622641509434,0.10699003691501607,0.07311761517511732,0.15268467196278707,0.9390000762003344,0.5280562974661749,0.5280959767402422,0.08654965795691334,530
weighted_fire_specificity_silence_sensitivity_tau_0_3,CWE-400,0.16666666666666666,0.00392156862745098,0.9995294792169748,0.9712584737589385,0.0004705207830251109,0.996078431372549,0.03773584905660377,0.024271844660194174,0.028243951576004626,0.9708180646312338,0.5017255239222129,0.5017255239222129,0.02508349827053969,252
weighted_fire_specificity_silence_sensitivity_tau_0_3,CWE-501,0.6343582887700535,0.7555555555555555,0.9953759521156236,0.9974510718457104,0.004624047884376441,0.24444444444444446,0.6863769889840882,0.7253228560984017,0.6871823718274396,0.9929050742194943,0.8754657538355894,0.8757030354575995,0.5334587484724145,90
weighted_fire_specificity_silence_sensitivity_tau_0_3,CWE-610,0.5940441176470588,0.3445143256464011,0.9926788717750735,0.9796106942920773,0.007321128224926374,0.6554856743535988,0.43565892324873723,0.37592587776051045,0.4395751169996499,0.9728707648071175,0.6685965987107373,0.668769104381983,0.27564602650961134,267
weighted_fire_specificity_silence_sensitivity_tau_0_3,CWE-662,0.5,0.010526315789473684,0.9998847262247839,0.9893549317615851,0.00011527377521613833,0.9894736842105264,0.1,0.06493506493506494,0.1128650158803385,0.9892433241232588,0.5052055210071288,0.5052055210071288,0.0190014225845472,94
weighted_fire_specificity_silence_sensitivity_tau_0_3,CWE-665,0.0,0.0,0.9942675908198282,0.9981583908689181,0.005732409180171837,1.0,,,-0.003243654837687654,0.9924475357717111,0.4971337954099141,0.4971337954099141,0.001808520595097704,16
weighted_fire_specificity_silence_sensitivity_tau_0_3,CWE-668,0.02978215711496593,0.016409298464092982,0.923689758790651,0.8673906986743948,0.07631024120934896,0.9835907015359069,0.021150705072099547,0.01802472631422974,-0.07845576588815771,0.8097870954158843,0.47004952862737204,0.47004952862737204,0.07935126580622023,1097
weighted_fire_specificity_silence_sensitivity_tau_0_3,CWE-704,0.0,0.0,0.9994246205209987,0.9953056043851424,0.0005753794790013301,1.0,,,-0.002073085901499879,0.9947354882986836,0.49971231026049934,0.49971231026049934,0.005515093919368464,41
weighted_fire_specificity_silence_sensitivity_tau_0_3,CWE-705,0.0,0.0,0.7919248153987226,0.9992774886697801,0.20807518460127733,1.0,,,-0.012260626171263982,0.7914716697010048,0.3959624076993613,0.3959624076993613,0.0006640461415802463,5
weighted_fire_specificity_silence_sensitivity_tau_0_3,CWE-706,0.4587420933285594,0.4331638418079097,0.9821099644129129,0.980027747326033,0.017890035587087107,0.5668361581920903,0.44476614902543066,0.43755155247917993,0.426493657369754,0.9633819882374489,0.7076369031104112,0.7081344783830353,0.28791554628880717,298
weighted_fire_specificity_silence_sensitivity_tau_0_3,CWE-74,0.38754615077199833,0.6152791068580543,0.8100250763010883,0.9151552301849772,0.18997492369891153,0.3847208931419458,0.4755028165117528,0.550521373169566,0.3587950161725755,0.7782233031740681,0.7126520915795713,0.7454144401273076,0.47108573983964774,1427
weighted_fire_specificity_silence_sensitivity_tau_0_3,CWE-754,0.0,0.0,0.9995407540418931,0.9973668242147973,0.0004592459581069357,1.0,,,-0.0013956921387708468,0.9969099426864861,0.49977037702094657,0.49977037702094657,0.0024351446285045372,23
weighted_fire_specificity_silence_sensitivity_tau_0_3,CWE-807,,0.0,1.0,0.9974824254522229,0.0,1.0,,,,0.9974824254522229,0.5,0.5,0.0018129355392920317,22
weighted_fire_specificity_silence_sensitivity_tau_0_3,CWE-834,0.0,0.0,0.999425873826319,0.9970231146556289,0.0005741261736810094,1.0,,,-0.0016368168442753028,0.9964522722838621,0.4997129369131595,0.4997129369131595,0.00313424695783421,26
weighted_fire_specificity_silence_sensitivity_tau_0_3,CWE-913,0.3404329004329004,0.25367965367965367,0.9939727140162857,0.9907643488992599,0.006027285983714244,0.7463203463203463,0.286005526005526,0.26498540575394613,0.2840169604253394,0.984892189091337,0.6238261838479697,0.6238262994720325,0.13616947825798068,107
weighted_fire_specificity_silence_sensitivity_tau_0_3,CWE-923,,0.0,1.0,0.9621190684325468,0.0,1.0,,,,0.9621190684325468,0.5,0.5,0.021698273675510128,331
weighted_fire_specificity_silence_sensitivity_tau_0_4,CWE-116,0.0,0.0,0.9975840108940979,0.9933466979090909,0.0024159891059020297,1.0,,,-0.0038625171733067025,0.9909631198531299,0.49879200544704894,0.49879200544704894,0.004224029237446174,58
weighted_fire_specificity_silence_sensitivity_tau_0_4,CWE-190,0.375,0.02857142857142857,0.9993015077079221,0.9844180323902257,0.0006984922920779795,0.9714285714285715,0.08673835125448028,0.05809814391050089,0.11145508122731246,0.9837484049127619,0.5139364681396753,0.5139364681396753,0.02644364776454114,140
weighted_fire_specificity_silence_sensitivity_tau_0_4,CWE-191,0.0,0.0,0.9994214961912771,0.9894652752136299,0.0005785038087229346,1.0,,,-0.003170174949541319,0.9888990288942431,0.49971074809563854,0.49971074809563854,0.011199938317574827,92
weighted_fire_specificity_silence_sensitivity_tau_0_4,CWE-20,0.008247338972667186,0.03823529411764706,0.8160268611874757,0.9544590824094111,0.1839731388125242,0.9617647058823529,0.01356719726377586,0.02213460938222813,-0.07371849213796913,0.7857620426274236,0.4271310776525614,0.4271310776525614,0.02547518316808207,340
weighted_fire_specificity_silence_sensitivity_tau_0_4,CWE-269,0.0,0.0,0.9825446482653588,0.9898674841729964,0.01745535173464125,1.0,,,-0.013286628613431531,0.9727614499032449,0.4912723241326794,0.4912723241326794,0.006673191163898038,87
weighted_fire_specificity_silence_sensitivity_tau_0_4,CWE-285,0.017786561264822136,0.006838106370543542,0.9884006512254434,0.9665427890537297,0.011599348774556656,0.9931618936294564,0.024691358024691357,0.019493844049247606,-0.008637948333081343,0.9557123480240467,0.4976193787979934,0.49759402352321286,0.03576065056602967,291
weighted_fire_specificity_silence_sensitivity_tau_0_4,CWE-287,0.40728856624319415,0.07709677419354839,0.991373822791075,0.9332931115327993,0.008626177208924958,0.9229032258064516,0.12917843121494238,0.09190796258757424,0.15219058629375007,0.9261809978529895,0.5342352984923118,0.5342169681108884,0.07648228790943142,623
weighted_fire_specificity_silence_sensitivity_tau_0_4,CWE-311,0.3541267186731977,0.47415917415917413,0.9600174813789009,0.9753139230901551,0.03998251862109918,0.5258408258408258,0.404797809278978,0.443506250564602,0.3779272451087289,0.938549478685154,0.7170883277690375,0.7190889239291658,0.2617383564068508,386
weighted_fire_specificity_silence_sensitivity_tau_0_4,CWE-326,0.024267203957606433,0.15333333333333335,0.9806014384458882,0.9974306188118442,0.019398561554111755,0.8466666666666667,0.05230914918414918,0.09263245587885259,0.053842958424066736,0.9781414220471785,0.5669673858896107,0.5669884852281986,0.008942299917005864,26
weighted_fire_specificity_silence_sensitivity_tau_0_4,CWE-327,0.6989365101725737,0.7514285714285714,0.9862990569559212,0.9895990157132009,0.013700943044078703,0.24857142857142858,0.7223535226864485,0.73900822939352,0.7118638882387297,0.9768883518081617,0.8688638141922465,0.8713530946470904,0.67636981959647,350
weighted_fire_specificity_silence_sensitivity_tau_0_4,CWE-330,0.9183100570926659,0.876,0.9976438549964808,0.9963557985431917,0.0023561450035192786,0.124,0.8953475608005282,0.8833328448897906,0.8933035600580688,0.9941640576364259,0.9368219274982404,0.9378716125833444,0.8846306738848826,250
weighted_fire_specificity_silence_sensitivity_tau_0_4,CWE-345,0.4740384615384616,0.06037735849056604,0.9957352364417835,0.942566284014117,0.004264763558216491,0.939622641509434,0.10699003691501607,0.07311761517511732,0.15268467196278707,0.9390000762003344,0.5280562974661749,0.5280959767402422,0.08654965795691334,530
weighted_fire_specificity_silence_sensitivity_tau_0_4,CWE-400,0.16666666666666666,0.00392156862745098,0.9995294792169748,0.9712584737589385,0.0004705207830251109,0.996078431372549,0.03773584905660377,0.024271844660194174,0.028243951576004626,0.9708180646312338,0.5017255239222129,0.5017255239222129,0.02508349827053969,252
weighted_fire_specificity_silence_sensitivity_tau_0_4,CWE-501,0.6343582887700535,0.7555555555555555,0.9953759521156236,0.9974510718457104,0.004624047884376441,0.24444444444444446,0.6863769889840882,0.7253228560984017,0.6871823718274396,0.9929050742194943,0.8754657538355894,0.8757030354575995,0.5334587484724145,90
weighted_fire_specificity_silence_sensitivity_tau_0_4,CWE-610,0.5940441176470588,0.3445143256464011,0.9926788717750735,0.9796106942920773,0.007321128224926374,0.6554856743535988,0.43565892324873723,0.37592587776051045,0.4395751169996499,0.9728707648071175,0.6685965987107373,0.668769104381983,0.27564602650961134,267
weighted_fire_specificity_silence_sensitivity_tau_0_4,CWE-662,0.5,0.010526315789473684,0.9998847262247839,0.9893549317615851,0.00011527377521613833,0.9894736842105264,0.1,0.06493506493506494,0.1128650158803385,0.9892433241232588,0.5052055210071288,0.5052055210071288,0.0190014225845472,94
weighted_fire_specificity_silence_sensitivity_tau_0_4,CWE-665,0.0,0.0,0.9942675908198282,0.9981583908689181,0.005732409180171837,1.0,,,-0.003243654837687654,0.9924475357717111,0.4971337954099141,0.4971337954099141,0.001808520595097704,16
weighted_fire_specificity_silence_sensitivity_tau_0_4,CWE-668,0.02978215711496593,0.016409298464092982,0.923689758790651,0.8673906986743948,0.07631024120934896,0.9835907015359069,0.021150705072099547,0.01802472631422974,-0.07845576588815771,0.8097870954158843,0.47004952862737204,0.47004952862737204,0.07935126580622023,1097
weighted_fire_specificity_silence_sensitivity_tau_0_4,CWE-704,0.0,0.0,0.9994246205209987,0.9953056043851424,0.0005753794790013301,1.0,,,-0.002073085901499879,0.9947354882986836,0.49971231026049934,0.49971231026049934,0.005515093919368464,41
weighted_fire_specificity_silence_sensitivity_tau_0_4,CWE-705,0.0,0.0,0.7919248153987226,0.9992774886697801,0.20807518460127733,1.0,,,-0.012260626171263982,0.7914716697010048,0.3959624076993613,0.3959624076993613,0.0006640461415802463,5
weighted_fire_specificity_silence_sensitivity_tau_0_4,CWE-706,0.4587420933285594,0.4331638418079097,0.9821099644129129,0.980027747326033,0.017890035587087107,0.5668361581920903,0.44476614902543066,0.43755155247917993,0.426493657369754,0.9633819882374489,0.7076369031104112,0.7081344783830353,0.28791554628880717,298
weighted_fire_specificity_silence_sensitivity_tau_0_4,CWE-74,0.38754615077199833,0.6152791068580543,0.8100250763010883,0.9151552301849772,0.18997492369891153,0.3847208931419458,0.4755028165117528,0.550521373169566,0.3587950161725755,0.7782233031740681,0.7126520915795713,0.7454144401273076,0.47108573983964774,1427
weighted_fire_specificity_silence_sensitivity_tau_0_4,CWE-754,0.0,0.0,0.9995407540418931,0.9973668242147973,0.0004592459581069357,1.0,,,-0.0013956921387708468,0.9969099426864861,0.49977037702094657,0.49977037702094657,0.0024351446285045372,23
weighted_fire_specificity_silence_sensitivity_tau_0_4,CWE-807,,0.0,1.0,0.9974824254522229,0.0,1.0,,,,0.9974824254522229,0.5,0.5,0.0018129355392920317,22
weighted_fire_specificity_silence_sensitivity_tau_0_4,CWE-834,0.0,0.0,0.999425873826319,0.9970231146556289,0.0005741261736810094,1.0,,,-0.0016368168442753028,0.9964522722838621,0.4997129369131595,0.4997129369131595,0.00313424695783421,26
weighted_fire_specificity_silence_sensitivity_tau_0_4,CWE-913,0.3404329004329004,0.25367965367965367,0.9939727140162857,0.9907643488992599,0.006027285983714244,0.7463203463203463,0.286005526005526,0.26498540575394613,0.2840169604253394,0.984892189091337,0.6238261838479697,0.6238262994720325,0.13616947825798068,107
weighted_fire_specificity_silence_sensitivity_tau_0_4,CWE-923,,0.0,1.0,0.9621190684325468,0.0,1.0,,,,0.9621190684325468,0.5,0.5,0.021698273675510128,331
weighted_fire_specificity_silence_sensitivity_tau_0_5,CWE-116,0.0,0.0,0.9975840108940979,0.9933466979090909,0.0024159891059020297,1.0,,,-0.0038625171733067025,0.9909631198531299,0.49879200544704894,0.49879200544704894,0.004224029237446174,58
weighted_fire_specificity_silence_sensitivity_tau_0_5,CWE-190,0.375,0.02857142857142857,0.9993015077079221,0.9844180323902257,0.0006984922920779795,0.9714285714285715,0.08673835125448028,0.05809814391050089,0.11145508122731246,0.9837484049127619,0.5139364681396753,0.5139364681396753,0.02644364776454114,140
weighted_fire_specificity_silence_sensitivity_tau_0_5,CWE-191,0.0,0.0,0.9994214961912771,0.9894652752136299,0.0005785038087229346,1.0,,,-0.003170174949541319,0.9888990288942431,0.49971074809563854,0.49971074809563854,0.011199938317574827,92
weighted_fire_specificity_silence_sensitivity_tau_0_5,CWE-20,0.008247338972667186,0.03823529411764706,0.8160268611874757,0.9544590824094111,0.1839731388125242,0.9617647058823529,0.01356719726377586,0.02213460938222813,-0.07371849213796913,0.7857620426274236,0.4271310776525614,0.4271310776525614,0.02547518316808207,340
weighted_fire_specificity_silence_sensitivity_tau_0_5,CWE-269,0.0,0.0,0.9825446482653588,0.9898674841729964,0.01745535173464125,1.0,,,-0.013286628613431531,0.9727614499032449,0.4912723241326794,0.4912723241326794,0.006673191163898038,87
weighted_fire_specificity_silence_sensitivity_tau_0_5,CWE-285,0.017786561264822136,0.006838106370543542,0.9884006512254434,0.9665427890537297,0.011599348774556656,0.9931618936294564,0.024691358024691357,0.019493844049247606,-0.008637948333081343,0.9557123480240467,0.4976193787979934,0.49759402352321286,0.03576065056602967,291
weighted_fire_specificity_silence_sensitivity_tau_0_5,CWE-287,0.40728856624319415,0.07709677419354839,0.991373822791075,0.9332931115327993,0.008626177208924958,0.9229032258064516,0.12917843121494238,0.09190796258757424,0.15219058629375007,0.9261809978529895,0.5342352984923118,0.5342169681108884,0.07648228790943142,623
weighted_fire_specificity_silence_sensitivity_tau_0_5,CWE-311,0.3541267186731977,0.47415917415917413,0.9600174813789009,0.9753139230901551,0.03998251862109918,0.5258408258408258,0.404797809278978,0.443506250564602,0.3779272451087289,0.938549478685154,0.7170883277690375,0.7190889239291658,0.2617383564068508,386
weighted_fire_specificity_silence_sensitivity_tau_0_5,CWE-326,0.024267203957606433,0.15333333333333335,0.9806014384458882,0.9974306188118442,0.019398561554111755,0.8466666666666667,0.05230914918414918,0.09263245587885259,0.053842958424066736,0.9781414220471785,0.5669673858896107,0.5669884852281986,0.008942299917005864,26
weighted_fire_specificity_silence_sensitivity_tau_0_5,CWE-327,0.7009888240558735,0.7514285714285714,0.9864183886981648,0.9896003693269935,0.013581611301835267,0.24857142857142858,0.7233869573369044,0.7394233698086603,0.7129536732662488,0.9770028993453896,0.8689234800633681,0.8713530946470904,0.67636981959647,350
weighted_fire_specificity_silence_sensitivity_tau_0_5,CWE-330,0.9183100570926659,0.876,0.9976438549964808,0.9963557985431917,0.0023561450035192786,0.124,0.8953475608005282,0.8833328448897906,0.8933035600580688,0.9941640576364259,0.9368219274982404,0.9378716125833444,0.8846306738848826,250
weighted_fire_specificity_silence_sensitivity_tau_0_5,CWE-345,0.4740384615384616,0.06037735849056604,0.9957352364417835,0.942566284014117,0.004264763558216491,0.939622641509434,0.10699003691501607,0.07311761517511732,0.15268467196278707,0.9390000762003344,0.5280562974661749,0.5280959767402422,0.08654965795691334,530
weighted_fire_specificity_silence_sensitivity_tau_0_5,CWE-400,0.16666666666666666,0.00392156862745098,0.9995294792169748,0.9712584737589385,0.0004705207830251109,0.996078431372549,0.03773584905660377,0.024271844660194174,0.028243951576004626,0.9708180646312338,0.5017255239222129,0.5017255239222129,0.02508349827053969,252
weighted_fire_specificity_silence_sensitivity_tau_0_5,CWE-501,0.6343582887700535,0.7555555555555555,0.9953759521156236,0.9974510718457104,0.004624047884376441,0.24444444444444446,0.6863769889840882,0.7253228560984017,0.6871823718274396,0.9929050742194943,0.8754657538355894,0.8757030354575995,0.5334587484724145,90
weighted_fire_specificity_silence_sensitivity_tau_0_5,CWE-610,0.5940441176470588,0.3445143256464011,0.9926788717750735,0.9796106942920773,0.007321128224926374,0.6554856743535988,0.43565892324873723,0.37592587776051045,0.4395751169996499,0.9728707648071175,0.6685965987107373,0.668769104381983,0.27564602650961134,267
weighted_fire_specificity_silence_sensitivity_tau_0_5,CWE-662,0.5,0.010526315789473684,0.9998847262247839,0.9893549317615851,0.00011527377521613833,0.9894736842105264,0.1,0.06493506493506494,0.1128650158803385,0.9892433241232588,0.5052055210071288,0.5052055210071288,0.0190014225845472,94
weighted_fire_specificity_silence_sensitivity_tau_0_5,CWE-665,0.0,0.0,0.9942675908198282,0.9981583908689181,0.005732409180171837,1.0,,,-0.003243654837687654,0.9924475357717111,0.4971337954099141,0.4971337954099141,0.001808520595097704,16
weighted_fire_specificity_silence_sensitivity_tau_0_5,CWE-668,0.02978215711496593,0.016409298464092982,0.923689758790651,0.8673906986743948,0.07631024120934896,0.9835907015359069,0.021150705072099547,0.01802472631422974,-0.07845576588815771,0.8097870954158843,0.47004952862737204,0.47004952862737204,0.07935126580622023,1097
weighted_fire_specificity_silence_sensitivity_tau_0_5,CWE-704,0.0,0.0,0.9994246205209987,0.9953056043851424,0.0005753794790013301,1.0,,,-0.002073085901499879,0.9947354882986836,0.49971231026049934,0.49971231026049934,0.005515093919368464,41
weighted_fire_specificity_silence_sensitivity_tau_0_5,CWE-705,0.0,0.0,0.7919248153987226,0.9992774886697801,0.20807518460127733,1.0,,,-0.012260626171263982,0.7914716697010048,0.3959624076993613,0.3959624076993613,0.0006640461415802463,5
weighted_fire_specificity_silence_sensitivity_tau_0_5,CWE-706,0.4587420933285594,0.4331638418079097,0.9821099644129129,0.980027747326033,0.017890035587087107,0.5668361581920903,0.44476614902543066,0.43755155247917993,0.426493657369754,0.9633819882374489,0.7076369031104112,0.7081344783830353,0.28791554628880717,298
weighted_fire_specificity_silence_sensitivity_tau_0_5,CWE-74,0.38754615077199833,0.6152791068580543,0.8100250763010883,0.9151552301849772,0.18997492369891153,0.3847208931419458,0.4755028165117528,0.550521373169566,0.3587950161725755,0.7782233031740681,0.7126520915795713,0.7454144401273076,0.47108573983964774,1427
weighted_fire_specificity_silence_sensitivity_tau_0_5,CWE-754,0.0,0.0,0.9995407540418931,0.9973668242147973,0.0004592459581069357,1.0,,,-0.0013956921387708468,0.9969099426864861,0.49977037702094657,0.49977037702094657,0.0024351446285045372,23
weighted_fire_specificity_silence_sensitivity_tau_0_5,CWE-807,,0.0,1.0,0.9974824254522229,0.0,1.0,,,,0.9974824254522229,0.5,0.5,0.0018129355392920317,22
weighted_fire_specificity_silence_sensitivity_tau_0_5,CWE-834,0.0,0.0,0.999425873826319,0.9970231146556289,0.0005741261736810094,1.0,,,-0.0016368168442753028,0.9964522722838621,0.4997129369131595,0.4997129369131595,0.00313424695783421,26
weighted_fire_specificity_silence_sensitivity_tau_0_5,CWE-913,0.3404329004329004,0.25367965367965367,0.9939727140162857,0.9907643488992599,0.006027285983714244,0.7463203463203463,0.286005526005526,0.26498540575394613,0.2840169604253394,0.984892189091337,0.6238261838479697,0.6238262994720325,0.13616947825798068,107
weighted_fire_specificity_silence_sensitivity_tau_0_5,CWE-923,,0.0,1.0,0.9621190684325468,0.0,1.0,,,,0.9621190684325468,0.5,0.5,0.021698273675510128,331
weighted_fire_specificity_silence_sensitivity_tau_0_6,CWE-116,0.0,0.0,0.9975840108940979,0.9933466979090909,0.0024159891059020297,1.0,,,-0.0038625171733067025,0.9909631198531299,0.49879200544704894,0.49879200544704894,0.004224029237446174,58
weighted_fire_specificity_silence_sensitivity_tau_0_6,CWE-190,0.375,0.02857142857142857,0.9993015077079221,0.9844180323902257,0.0006984922920779795,0.9714285714285715,0.08673835125448028,0.05809814391050089,0.11145508122731246,0.9837484049127619,0.5139364681396753,0.5139364681396753,0.02644364776454114,140
weighted_fire_specificity_silence_sensitivity_tau_0_6,CWE-191,0.0,0.0,0.9994214961912771,0.9894652752136299,0.0005785038087229346,1.0,,,-0.003170174949541319,0.9888990288942431,0.49971074809563854,0.49971074809563854,0.011199938317574827,92
weighted_fire_specificity_silence_sensitivity_tau_0_6,CWE-20,0.008247338972667186,0.03823529411764706,0.8160268611874757,0.9544590824094111,0.1839731388125242,0.9617647058823529,0.01356719726377586,0.02213460938222813,-0.07371849213796913,0.7857620426274236,0.4271310776525614,0.4271310776525614,0.02547518316808207,340
weighted_fire_specificity_silence_sensitivity_tau_0_6,CWE-269,0.0,0.0,0.9825446482653588,0.9898674841729964,0.01745535173464125,1.0,,,-0.013286628613431531,0.9727614499032449,0.4912723241326794,0.4912723241326794,0.006673191163898038,87
weighted_fire_specificity_silence_sensitivity_tau_0_6,CWE-285,0.017786561264822136,0.006838106370543542,0.9884006512254434,0.9665427890537297,0.011599348774556656,0.9931618936294564,0.024691358024691357,0.019493844049247606,-0.008637948333081343,0.9557123480240467,0.4976193787979934,0.49759402352321286,0.03576065056602967,291
weighted_fire_specificity_silence_sensitivity_tau_0_6,CWE-287,0.40728856624319415,0.07709677419354839,0.991373822791075,0.9332931115327993,0.008626177208924958,0.9229032258064516,0.12917843121494238,0.09190796258757424,0.15219058629375007,0.9261809978529895,0.5342352984923118,0.5342169681108884,0.07648228790943142,623
weighted_fire_specificity_silence_sensitivity_tau_0_6,CWE-311,0.3541267186731977,0.47415917415917413,0.9600174813789009,0.9753139230901551,0.03998251862109918,0.5258408258408258,0.404797809278978,0.443506250564602,0.3779272451087289,0.938549478685154,0.7170883277690375,0.7190889239291658,0.2617383564068508,386
weighted_fire_specificity_silence_sensitivity_tau_0_6,CWE-326,0.024267203957606433,0.15333333333333335,0.9806014384458882,0.9974306188118442,0.019398561554111755,0.8466666666666667,0.05230914918414918,0.09263245587885259,0.053842958424066736,0.9781414220471785,0.5669673858896107,0.5669884852281986,0.008942299917005864,26
weighted_fire_specificity_silence_sensitivity_tau_0_6,CWE-327,0.7509084163553342,0.7228571428571429,0.9898724960548482,0.9884547396478236,0.010127503945151776,0.27714285714285714,0.7353719000565901,0.7275279393908578,0.7253595981280524,0.9791751193606112,0.8563648194559956,0.8713530946470904,0.67636981959647,350
weighted_fire_specificity_silence_sensitivity_tau_0_6,CWE-330,1.0,0.8719999999999999,1.0,0.9962467043859311,0.0,0.128,0.9310282317695663,0.8945652901338793,0.9317718014181124,0.9963386394844298,0.9359999999999999,0.9378716125833444,0.8846306738848826,250
weighted_fire_specificity_silence_sensitivity_tau_0_6,CWE-345,0.4740384615384616,0.06037735849056604,0.9957352364417835,0.942566284014117,0.004264763558216491,0.939622641509434,0.10699003691501607,0.07311761517511732,0.15268467196278707,0.9390000762003344,0.5280562974661749,0.5280959767402422,0.08654965795691334,530
weighted_fire_specificity_silence_sensitivity_tau_0_6,CWE-400,0.16666666666666666,0.00392156862745098,0.9995294792169748,0.9712584737589385,0.0004705207830251109,0.996078431372549,0.03773584905660377,0.024271844660194174,0.028243951576004626,0.9708180646312338,0.5017255239222129,0.5017255239222129,0.02508349827053969,252
weighted_fire_specificity_silence_sensitivity_tau_0_6,CWE-501,0.6343582887700535,0.7555555555555555,0.9953759521156236,0.9974510718457104,0.004624047884376441,0.24444444444444446,0.6863769889840882,0.7253228560984017,0.6871823718274396,0.9929050742194943,0.8754657538355894,0.8757030354575995,0.5334587484724145,90
weighted_fire_specificity_silence_sensitivity_tau_0_6,CWE-610,0.5940441176470588,0.3445143256464011,0.9926788717750735,0.9796106942920773,0.007321128224926374,0.6554856743535988,0.43565892324873723,0.37592587776051045,0.4395751169996499,0.9728707648071175,0.6685965987107373,0.668769104381983,0.27564602650961134,267
weighted_fire_specificity_silence_sensitivity_tau_0_6,CWE-662,0.5,0.010526315789473684,0.9998847262247839,0.9893549317615851,0.00011527377521613833,0.9894736842105264,0.1,0.06493506493506494,0.1128650158803385,0.9892433241232588,0.5052055210071288,0.5052055210071288,0.0190014225845472,94
weighted_fire_specificity_silence_sensitivity_tau_0_6,CWE-665,0.0,0.0,0.9942675908198282,0.9981583908689181,0.005732409180171837,1.0,,,-0.003243654837687654,0.9924475357717111,0.4971337954099141,0.4971337954099141,0.001808520595097704,16
weighted_fire_specificity_silence_sensitivity_tau_0_6,CWE-668,0.02978215711496593,0.016409298464092982,0.923689758790651,0.8673906986743948,0.07631024120934896,0.9835907015359069,0.021150705072099547,0.01802472631422974,-0.07845576588815771,0.8097870954158843,0.47004952862737204,0.47004952862737204,0.07935126580622023,1097
weighted_fire_specificity_silence_sensitivity_tau_0_6,CWE-704,0.0,0.0,0.9994246205209987,0.9953056043851424,0.0005753794790013301,1.0,,,-0.002073085901499879,0.9947354882986836,0.49971231026049934,0.49971231026049934,0.005515093919368464,41
weighted_fire_specificity_silence_sensitivity_tau_0_6,CWE-705,0.0,0.0,0.7919248153987226,0.9992774886697801,0.20807518460127733,1.0,,,-0.012260626171263982,0.7914716697010048,0.3959624076993613,0.3959624076993613,0.0006640461415802463,5
weighted_fire_specificity_silence_sensitivity_tau_0_6,CWE-706,0.4587420933285594,0.4331638418079097,0.9821099644129129,0.980027747326033,0.017890035587087107,0.5668361581920903,0.44476614902543066,0.43755155247917993,0.426493657369754,0.9633819882374489,0.7076369031104112,0.7081344783830353,0.28791554628880717,298
weighted_fire_specificity_silence_sensitivity_tau_0_6,CWE-74,0.48086555298335554,0.5893362777573304,0.8681571262409425,0.9156388685570521,0.1318428737590574,0.41066372224266956,0.5240891058165779,0.5594840890747279,0.42474238151236365,0.8226573737314935,0.7287467019991365,0.7454144401273076,0.47108573983964774,1427
weighted_fire_specificity_silence_sensitivity_tau_0_6,CWE-754,0.0,0.0,0.9995407540418931,0.9973668242147973,0.0004592459581069357,1.0,,,-0.0013956921387708468,0.9969099426864861,0.49977037702094657,0.49977037702094657,0.0024351446285045372,23
weighted_fire_specificity_silence_sensitivity_tau_0_6,CWE-807,,0.0,1.0,0.9974824254522229,0.0,1.0,,,,0.9974824254522229,0.5,0.5,0.0018129355392920317,22
weighted_fire_specificity_silence_sensitivity_tau_0_6,CWE-834,0.0,0.0,0.999425873826319,0.9970231146556289,0.0005741261736810094,1.0,,,-0.0016368168442753028,0.9964522722838621,0.4997129369131595,0.4997129369131595,0.00313424695783421,26
weighted_fire_specificity_silence_sensitivity_tau_0_6,CWE-913,0.3404329004329004,0.25367965367965367,0.9939727140162857,0.9907643488992599,0.006027285983714244,0.7463203463203463,0.286005526005526,0.26498540575394613,0.2840169604253394,0.984892189091337,0.6238261838479697,0.6238262994720325,0.13616947825798068,107
weighted_fire_specificity_silence_sensitivity_tau_0_6,CWE-923,,0.0,1.0,0.9621190684325468,0.0,1.0,,,,0.9621190684325468,0.5,0.5,0.021698273675510128,331
weighted_fire_specificity_silence_sensitivity_tau_0_7,CWE-116,0.0,0.0,0.9975840108940979,0.9933466979090909,0.0024159891059020297,1.0,,,-0.0038625171733067025,0.9909631198531299,0.49879200544704894,0.49879200544704894,0.004224029237446174,58
weighted_fire_specificity_silence_sensitivity_tau_0_7,CWE-190,0.375,0.02857142857142857,0.9993015077079221,0.9844180323902257,0.0006984922920779795,0.9714285714285715,0.08673835125448028,0.05809814391050089,0.11145508122731246,0.9837484049127619,0.5139364681396753,0.5139364681396753,0.02644364776454114,140
weighted_fire_specificity_silence_sensitivity_tau_0_7,CWE-191,0.0,0.0,0.9994214961912771,0.9894652752136299,0.0005785038087229346,1.0,,,-0.003170174949541319,0.9888990288942431,0.49971074809563854,0.49971074809563854,0.011199938317574827,92
weighted_fire_specificity_silence_sensitivity_tau_0_7,CWE-20,0.008247338972667186,0.03823529411764706,0.8160268611874757,0.9544590824094111,0.1839731388125242,0.9617647058823529,0.01356719726377586,0.02213460938222813,-0.07371849213796913,0.7857620426274236,0.4271310776525614,0.4271310776525614,0.02547518316808207,340
weighted_fire_specificity_silence_sensitivity_tau_0_7,CWE-269,0.0,0.0,0.9825446482653588,0.9898674841729964,0.01745535173464125,1.0,,,-0.013286628613431531,0.9727614499032449,0.4912723241326794,0.4912723241326794,0.006673191163898038,87
weighted_fire_specificity_silence_sensitivity_tau_0_7,CWE-285,0.017786561264822136,0.006838106370543542,0.9884006512254434,0.9665427890537297,0.011599348774556656,0.9931618936294564,0.024691358024691357,0.019493844049247606,-0.008637948333081343,0.9557123480240467,0.4976193787979934,0.49759402352321286,0.03576065056602967,291
weighted_fire_specificity_silence_sensitivity_tau_0_7,CWE-287,0.40728856624319415,0.07709677419354839,0.991373822791075,0.9332931115327993,0.008626177208924958,0.9229032258064516,0.12917843121494238,0.09190796258757424,0.15219058629375007,0.9261809978529895,0.5342352984923118,0.5342169681108884,0.07648228790943142,623
weighted_fire_specificity_silence_sensitivity_tau_0_7,CWE-311,0.39191574093913273,0.4586080586080586,0.9670809104649155,0.974783514971554,0.03291908953508441,0.5413919413919415,0.42191517828848246,0.4429662688074962,0.3947860174720114,0.9446155709320843,0.7128444845364871,0.7190889239291658,0.2617383564068508,386
weighted_fire_specificity_silence_sensitivity_tau_0_7,CWE-326,0.024267203957606433,0.15333333333333335,0.9806014384458882,0.9974306188118442,0.019398561554111755,0.8466666666666667,0.05230914918414918,0.09263245587885259,0.053842958424066736,0.9781414220471785,0.5669673858896107,0.5669884852281986,0.008942299917005864,26
weighted_fire_specificity_silence_sensitivity_tau_0_7,CWE-327,0.8213273809523809,0.5428571428571429,0.993564543537814,0.981269611579655,0.00643545646218599,0.45714285714285713,0.61585574662304,0.5659927217564151,0.6362453383468261,0.9755154824606128,0.7682108431974785,0.8713530946470904,0.67636981959647,350
weighted_fire_specificity_silence_sensitivity_tau_0_7,CWE-330,1.0,0.8719999999999999,1.0,0.9962467043859311,0.0,0.128,0.9310282317695663,0.8945652901338793,0.9317718014181124,0.9963386394844298,0.9359999999999999,0.9378716125833444,0.8846306738848826,250
weighted_fire_specificity_silence_sensitivity_tau_0_7,CWE-345,0.4740384615384616,0.06037735849056604,0.9957352364417835,0.942566284014117,0.004264763558216491,0.939622641509434,0.10699003691501607,0.07311761517511732,0.15268467196278707,0.9390000762003344,0.5280562974661749,0.5280959767402422,0.08654965795691334,530
weighted_fire_specificity_silence_sensitivity_tau_0_7,CWE-400,0.16666666666666666,0.00392156862745098,0.9995294792169748,0.9712584737589385,0.0004705207830251109,0.996078431372549,0.03773584905660377,0.024271844660194174,0.028243951576004626,0.9708180646312338,0.5017255239222129,0.5017255239222129,0.02508349827053969,252
weighted_fire_specificity_silence_sensitivity_tau_0_7,CWE-501,0.7074203574203575,0.3555555555555555,0.9983820279151704,0.9933268865380107,0.0016179720848295714,0.6444444444444445,0.460708681175867,0.3904707005985183,0.4899127929215229,0.9917589336189794,0.676968791735363,0.8757030354575995,0.5334587484724145,90
weighted_fire_specificity_silence_sensitivity_tau_0_7,CWE-610,0.5940441176470588,0.3445143256464011,0.9926788717750735,0.9796106942920773,0.007321128224926374,0.6554856743535988,0.43565892324873723,0.37592587776051045,0.4395751169996499,0.9728707648071175,0.6685965987107373,0.668769104381983,0.27564602650961134,267
weighted_fire_specificity_silence_sensitivity_tau_0_7,CWE-662,0.5,0.010526315789473684,0.9998847262247839,0.9893549317615851,0.00011527377521613833,0.9894736842105264,0.1,0.06493506493506494,0.1128650158803385,0.9892433241232588,0.5052055210071288,0.5052055210071288,0.0190014225845472,94
weighted_fire_specificity_silence_sensitivity_tau_0_7,CWE-665,0.0,0.0,0.9942675908198282,0.9981583908689181,0.005732409180171837,1.0,,,-0.003243654837687654,0.9924475357717111,0.4971337954099141,0.4971337954099141,0.001808520595097704,16
weighted_fire_specificity_silence_sensitivity_tau_0_7,CWE-668,0.02978215711496593,0.016409298464092982,0.923689758790651,0.8673906986743948,0.07631024120934896,0.9835907015359069,0.021150705072099547,0.01802472631422974,-0.07845576588815771,0.8097870954158843,0.47004952862737204,0.47004952862737204,0.07935126580622023,1097
weighted_fire_specificity_silence_sensitivity_tau_0_7,CWE-704,0.0,0.0,0.9994246205209987,0.9953056043851424,0.0005753794790013301,1.0,,,-0.002073085901499879,0.9947354882986836,0.49971231026049934,0.49971231026049934,0.005515093919368464,41
weighted_fire_specificity_silence_sensitivity_tau_0_7,CWE-705,0.0,0.0,0.7919248153987226,0.9992774886697801,0.20807518460127733,1.0,,,-0.012260626171263982,0.7914716697010048,0.3959624076993613,0.3959624076993613,0.0006640461415802463,5
weighted_fire_specificity_silence_sensitivity_tau_0_7,CWE-706,0.4728526365859154,0.4331638418079097,0.9830547562864158,0.9800467200724798,0.01694524371358419,0.5668361581920903,0.4510812357149221,0.43992558754148553,0.43369656469801565,0.9642948415389313,0.7081092990471627,0.7081344783830353,0.28791554628880717,298
weighted_fire_specificity_silence_sensitivity_tau_0_7,CWE-74,0.6473960353261842,0.43518586676481413,0.9537604016796033,0.8964002411736445,0.046239598320396744,0.5648141332351859,0.5203618519650426,0.4656577260687439,0.45985290925513767,0.8690762335411385,0.6944731342222087,0.7454144401273076,0.47108573983964774,1427
weighted_fire_specificity_silence_sensitivity_tau_0_7,CWE-754,0.0,0.0,0.9995407540418931,0.9973668242147973,0.0004592459581069357,1.0,,,-0.0013956921387708468,0.9969099426864861,0.49977037702094657,0.49977037702094657,0.0024351446285045372,23
weighted_fire_specificity_silence_sensitivity_tau_0_7,CWE-807,,0.0,1.0,0.9974824254522229,0.0,1.0,,,,0.9974824254522229,0.5,0.5,0.0018129355392920317,22
weighted_fire_specificity_silence_sensitivity_tau_0_7,CWE-834,0.0,0.0,0.999425873826319,0.9970231146556289,0.0005741261736810094,1.0,,,-0.0016368168442753028,0.9964522722838621,0.4997129369131595,0.4997129369131595,0.00313424695783421,26
weighted_fire_specificity_silence_sensitivity_tau_0_7,CWE-913,0.3404329004329004,0.25367965367965367,0.9939727140162857,0.9907643488992599,0.006027285983714244,0.7463203463203463,0.286005526005526,0.26498540575394613,0.2840169604253394,0.984892189091337,0.6238261838479697,0.6238262994720325,0.13616947825798068,107
weighted_fire_specificity_silence_sensitivity_tau_0_7,CWE-923,,0.0,1.0,0.9621190684325468,0.0,1.0,,,,0.9621190684325468,0.5,0.5,0.021698273675510128,331
weighted_fire_specificity_silence_sensitivity_tau_0_8,CWE-116,0.0,0.0,0.9975840108940979,0.9933466979090909,0.0024159891059020297,1.0,,,-0.0038625171733067025,0.9909631198531299,0.49879200544704894,0.49879200544704894,0.004224029237446174,58
weighted_fire_specificity_silence_sensitivity_tau_0_8,CWE-190,0.375,0.02857142857142857,0.9993015077079221,0.9844180323902257,0.0006984922920779795,0.9714285714285715,0.08673835125448028,0.05809814391050089,0.11145508122731246,0.9837484049127619,0.5139364681396753,0.5139364681396753,0.02644364776454114,140
weighted_fire_specificity_silence_sensitivity_tau_0_8,CWE-191,0.0,0.0,0.9994214961912771,0.9894652752136299,0.0005785038087229346,1.0,,,-0.003170174949541319,0.9888990288942431,0.49971074809563854,0.49971074809563854,0.011199938317574827,92
weighted_fire_specificity_silence_sensitivity_tau_0_8,CWE-20,0.008247338972667186,0.03823529411764706,0.8160268611874757,0.9544590824094111,0.1839731388125242,0.9617647058823529,0.01356719726377586,0.02213460938222813,-0.07371849213796913,0.7857620426274236,0.4271310776525614,0.4271310776525614,0.02547518316808207,340
weighted_fire_specificity_silence_sensitivity_tau_0_8,CWE-269,0.0,0.0,0.9825446482653588,0.9898674841729964,0.01745535173464125,1.0,,,-0.013286628613431531,0.9727614499032449,0.4912723241326794,0.4912723241326794,0.006673191163898038,87
weighted_fire_specificity_silence_sensitivity_tau_0_8,CWE-285,0.017786561264822136,0.006838106370543542,0.9884006512254434,0.9665427890537297,0.011599348774556656,0.9931618936294564,0.024691358024691357,0.019493844049247606,-0.008637948333081343,0.9557123480240467,0.4976193787979934,0.49759402352321286,0.03576065056602967,291
weighted_fire_specificity_silence_sensitivity_tau_0_8,CWE-287,0.40728856624319415,0.07709677419354839,0.991373822791075,0.9332931115327993,0.008626177208924958,0.9229032258064516,0.12917843121494238,0.09190796258757424,0.15219058629375007,0.9261809978529895,0.5342352984923118,0.5342169681108884,0.07648228790943142,623
weighted_fire_specificity_silence_sensitivity_tau_0_8,CWE-311,0.39191574093913273,0.4586080586080586,0.9670809104649155,0.974783514971554,0.03291908953508441,0.5413919413919415,0.42191517828848246,0.4429662688074962,0.3947860174720114,0.9446155709320843,0.7128444845364871,0.7190889239291658,0.2617383564068508,386
weighted_fire_specificity_silence_sensitivity_tau_0_8,CWE-326,0.024267203957606433,0.15333333333333335,0.9806014384458882,0.9974306188118442,0.019398561554111755,0.8466666666666667,0.05230914918414918,0.09263245587885259,0.053842958424066736,0.9781414220471785,0.5669673858896107,0.5669884852281986,0.008942299917005864,26
weighted_fire_specificity_silence_sensitivity_tau_0_8,CWE-327,0.9524876090093481,0.2885714285714286,0.9994039051266561,0.9711542958057165,0.0005960948733437651,0.7114285714285714,0.44241716675096754,0.3351722709982161,0.5153067729012996,0.970931043024116,0.6439876668490424,0.8713530946470904,0.67636981959647,350
weighted_fire_specificity_silence_sensitivity_tau_0_8,CWE-330,1.0,0.8719999999999999,1.0,0.9962467043859311,0.0,0.128,0.9310282317695663,0.8945652901338793,0.9317718014181124,0.9963386394844298,0.9359999999999999,0.9378716125833444,0.8846306738848826,250
weighted_fire_specificity_silence_sensitivity_tau_0_8,CWE-345,0.4740384615384616,0.06037735849056604,0.9957352364417835,0.942566284014117,0.004264763558216491,0.939622641509434,0.10699003691501607,0.07311761517511732,0.15268467196278707,0.9390000762003344,0.5280562974661749,0.5280959767402422,0.08654965795691334,530
weighted_fire_specificity_silence_sensitivity_tau_0_8,CWE-400,0.16666666666666666,0.00392156862745098,0.9995294792169748,0.9712584737589385,0.0004705207830251109,0.996078431372549,0.03773584905660377,0.024271844660194174,0.028243951576004626,0.9708180646312338,0.5017255239222129,0.5017255239222129,0.02508349827053969,252
weighted_fire_specificity_silence_sensitivity_tau_0_8,CWE-501,0.7074203574203575,0.3555555555555555,0.9983820279151704,0.9933268865380107,0.0016179720848295714,0.6444444444444445,0.460708681175867,0.3904707005985183,0.4899127929215229,0.9917589336189794,0.676968791735363,0.8757030354575995,0.5334587484724145,90
weighted_fire_specificity_silence_sensitivity_tau_0_8,CWE-610,0.6170363101859209,0.33696715583508036,0.9935054650223221,0.9793994944002865,0.006494534977677932,0.6630328441649196,0.43521759923481584,0.37034760357056523,0.44360180643455305,0.9734431129125923,0.6652363104287012,0.668769104381983,0.27564602650961134,267
weighted_fire_specificity_silence_sensitivity_tau_0_8,CWE-662,0.5,0.010526315789473684,0.9998847262247839,0.9893549317615851,0.00011527377521613833,0.9894736842105264,0.1,0.06493506493506494,0.1128650158803385,0.9892433241232588,0.5052055210071288,0.5052055210071288,0.0190014225845472,94
weighted_fire_specificity_silence_sensitivity_tau_0_8,CWE-665,0.0,0.0,0.9942675908198282,0.9981583908689181,0.005732409180171837,1.0,,,-0.003243654837687654,0.9924475357717111,0.4971337954099141,0.4971337954099141,0.001808520595097704,16
weighted_fire_specificity_silence_sensitivity_tau_0_8,CWE-668,0.02978215711496593,0.016409298464092982,0.923689758790651,0.8673906986743948,0.07631024120934896,0.9835907015359069,0.021150705072099547,0.01802472631422974,-0.07845576588815771,0.8097870954158843,0.47004952862737204,0.47004952862737204,0.07935126580622023,1097
weighted_fire_specificity_silence_sensitivity_tau_0_8,CWE-704,0.0,0.0,0.9994246205209987,0.9953056043851424,0.0005753794790013301,1.0,,,-0.002073085901499879,0.9947354882986836,0.49971231026049934,0.49971231026049934,0.005515093919368464,41
weighted_fire_specificity_silence_sensitivity_tau_0_8,CWE-705,0.0,0.0,0.7919248153987226,0.9992774886697801,0.20807518460127733,1.0,,,-0.012260626171263982,0.7914716697010048,0.3959624076993613,0.3959624076993613,0.0006640461415802463,5
weighted_fire_specificity_silence_sensitivity_tau_0_8,CWE-706,0.4813147008374533,0.4331638418079097,0.983648512461085,0.9800572247279418,0.016351487538915153,0.5668361581920903,0.4552851821837631,0.44160447783496687,0.4382170183413926,0.9648683692080864,0.7084061771344972,0.7081344783830353,0.28791554628880717,298
weighted_fire_specificity_silence_sensitivity_tau_0_8,CWE-74,0.6473960353261842,0.43518586676481413,0.9537604016796033,0.8964002411736445,0.046239598320396744,0.5648141332351859,0.5203618519650426,0.4656577260687439,0.45985290925513767,0.8690762335411385,0.6944731342222087,0.7454144401273076,0.47108573983964774,1427
weighted_fire_specificity_silence_sensitivity_tau_0_8,CWE-754,0.0,0.0,0.9995407540418931,0.9973668242147973,0.0004592459581069357,1.0,,,-0.0013956921387708468,0.9969099426864861,0.49977037702094657,0.49977037702094657,0.0024351446285045372,23
weighted_fire_specificity_silence_sensitivity_tau_0_8,CWE-807,,0.0,1.0,0.9974824254522229,0.0,1.0,,,,0.9974824254522229,0.5,0.5,0.0018129355392920317,22
weighted_fire_specificity_silence_sensitivity_tau_0_8,CWE-834,0.0,0.0,0.999425873826319,0.9970231146556289,0.0005741261736810094,1.0,,,-0.0016368168442753028,0.9964522722838621,0.4997129369131595,0.4997129369131595,0.00313424695783421,26
weighted_fire_specificity_silence_sensitivity_tau_0_8,CWE-913,0.3404329004329004,0.25367965367965367,0.9939727140162857,0.9907643488992599,0.006027285983714244,0.7463203463203463,0.286005526005526,0.26498540575394613,0.2840169604253394,0.984892189091337,0.6238261838479697,0.6238262994720325,0.13616947825798068,107
weighted_fire_specificity_silence_sensitivity_tau_0_8,CWE-923,,0.0,1.0,0.9621190684325468,0.0,1.0,,,,0.9621190684325468,0.5,0.5,0.021698273675510128,331
weighted_fire_specificity_silence_sensitivity_tau_0_9,CWE-116,0.0,0.0,0.9975840108940979,0.9933466979090909,0.0024159891059020297,1.0,,,-0.0038625171733067025,0.9909631198531299,0.49879200544704894,0.49879200544704894,0.004224029237446174,58
weighted_fire_specificity_silence_sensitivity_tau_0_9,CWE-190,0.375,0.02857142857142857,0.9993015077079221,0.9844180323902257,0.0006984922920779795,0.9714285714285715,0.08673835125448028,0.05809814391050089,0.11145508122731246,0.9837484049127619,0.5139364681396753,0.5139364681396753,0.02644364776454114,140
weighted_fire_specificity_silence_sensitivity_tau_0_9,CWE-191,0.0,0.0,0.9994214961912771,0.9894652752136299,0.0005785038087229346,1.0,,,-0.003170174949541319,0.9888990288942431,0.49971074809563854,0.49971074809563854,0.011199938317574827,92
weighted_fire_specificity_silence_sensitivity_tau_0_9,CWE-20,0.008247338972667186,0.03823529411764706,0.8160268611874757,0.9544590824094111,0.1839731388125242,0.9617647058823529,0.01356719726377586,0.02213460938222813,-0.07371849213796913,0.7857620426274236,0.4271310776525614,0.4271310776525614,0.02547518316808207,340
weighted_fire_specificity_silence_sensitivity_tau_0_9,CWE-269,0.0,0.0,0.9825446482653588,0.9898674841729964,0.01745535173464125,1.0,,,-0.013286628613431531,0.9727614499032449,0.4912723241326794,0.4912723241326794,0.006673191163898038,87
weighted_fire_specificity_silence_sensitivity_tau_0_9,CWE-285,0.017786561264822136,0.006838106370543542,0.9884006512254434,0.9665427890537297,0.011599348774556656,0.9931618936294564,0.024691358024691357,0.019493844049247606,-0.008637948333081343,0.9557123480240467,0.4976193787979934,0.49759402352321286,0.03576065056602967,291
weighted_fire_specificity_silence_sensitivity_tau_0_9,CWE-287,0.40728856624319415,0.07709677419354839,0.991373822791075,0.9332931115327993,0.008626177208924958,0.9229032258064516,0.12917843121494238,0.09190796258757424,0.15219058629375007,0.9261809978529895,0.5342352984923118,0.5342169681108884,0.07648228790943142,623
weighted_fire_specificity_silence_sensitivity_tau_0_9,CWE-311,0.4420705206783305,0.18641358641358644,0.9893485383409862,0.9633931138299616,0.010651461659013789,0.8135864135864136,0.2600198264474374,0.21009443602797923,0.26555788782717554,0.9538790496603659,0.5878810623772862,0.7190889239291658,0.2617383564068508,386
weighted_fire_specificity_silence_sensitivity_tau_0_9,CWE-326,0.024577518695165754,0.15333333333333335,0.9809461371764808,0.9974315775162392,0.019053862823519164,0.8466666666666667,0.052893932617769826,0.09338384425583589,0.05430539275671007,0.9784850673642836,0.567139735254907,0.5669884852281986,0.008942299917005864,26
weighted_fire_specificity_silence_sensitivity_tau_0_9,CWE-327,0.9524876090093481,0.2885714285714286,0.9994039051266561,0.9711542958057165,0.0005960948733437651,0.7114285714285714,0.44241716675096754,0.3351722709982161,0.5153067729012996,0.970931043024116,0.6439876668490424,0.8713530946470904,0.67636981959647,350
weighted_fire_specificity_silence_sensitivity_tau_0_9,CWE-330,1.0,0.8719999999999999,1.0,0.9962467043859311,0.0,0.128,0.9310282317695663,0.8945652901338793,0.9317718014181124,0.9963386394844298,0.9359999999999999,0.9378716125833444,0.8846306738848826,250
weighted_fire_specificity_silence_sensitivity_tau_0_9,CWE-345,0.4740384615384616,0.06037735849056604,0.9957352364417835,0.942566284014117,0.004264763558216491,0.939622641509434,0.10699003691501607,0.07311761517511732,0.15268467196278707,0.9390000762003344,0.5280562974661749,0.5280959767402422,0.08654965795691334,530
weighted_fire_specificity_silence_sensitivity_tau_0_9,CWE-400,0.16666666666666666,0.00392156862745098,0.9995294792169748,0.9712584737589385,0.0004705207830251109,0.996078431372549,0.03773584905660377,0.024271844660194174,0.028243951576004626,0.9708180646312338,0.5017255239222129,0.5017255239222129,0.02508349827053969,252
weighted_fire_specificity_silence_sensitivity_tau_0_9,CWE-501,0.7074203574203575,0.3555555555555555,0.9983820279151704,0.9933268865380107,0.0016179720848295714,0.6444444444444445,0.460708681175867,0.3904707005985183,0.4899127929215229,0.9917589336189794,0.676968791735363,0.8757030354575995,0.5334587484724145,90
weighted_fire_specificity_silence_sensitivity_tau_0_9,CWE-610,0.6170363101859209,0.33696715583508036,0.9935054650223221,0.9793994944002865,0.006494534977677932,0.6630328441649196,0.43521759923481584,0.37034760357056523,0.44360180643455305,0.9734431129125923,0.6652363104287012,0.668769104381983,0.27564602650961134,267
weighted_fire_specificity_silence_sensitivity_tau_0_9,CWE-662,0.5,0.010526315789473684,0.9998847262247839,0.9893549317615851,0.00011527377521613833,0.9894736842105264,0.1,0.06493506493506494,0.1128650158803385,0.9892433241232588,0.5052055210071288,0.5052055210071288,0.0190014225845472,94
weighted_fire_specificity_silence_sensitivity_tau_0_9,CWE-665,0.0,0.0,0.9942675908198282,0.9981583908689181,0.005732409180171837,1.0,,,-0.003243654837687654,0.9924475357717111,0.4971337954099141,0.4971337954099141,0.001808520595097704,16
weighted_fire_specificity_silence_sensitivity_tau_0_9,CWE-668,0.02978215711496593,0.016409298464092982,0.923689758790651,0.8673906986743948,0.07631024120934896,0.9835907015359069,0.021150705072099547,0.01802472631422974,-0.07845576588815771,0.8097870954158843,0.47004952862737204,0.47004952862737204,0.07935126580622023,1097
weighted_fire_specificity_silence_sensitivity_tau_0_9,CWE-704,0.0,0.0,0.9994246205209987,0.9953056043851424,0.0005753794790013301,1.0,,,-0.002073085901499879,0.9947354882986836,0.49971231026049934,0.49971231026049934,0.005515093919368464,41
weighted_fire_specificity_silence_sensitivity_tau_0_9,CWE-705,0.0,0.0,0.7919248153987226,0.9992774886697801,0.20807518460127733,1.0,,,-0.012260626171263982,0.7914716697010048,0.3959624076993613,0.3959624076993613,0.0006640461415802463,5
weighted_fire_specificity_silence_sensitivity_tau_0_9,CWE-706,0.4813147008374533,0.4331638418079097,0.983648512461085,0.9800572247279418,0.016351487538915153,0.5668361581920903,0.4552851821837631,0.44160447783496687,0.4382170183413926,0.9648683692080864,0.7084061771344972,0.7081344783830353,0.28791554628880717,298
weighted_fire_specificity_silence_sensitivity_tau_0_9,CWE-74,0.6473960353261842,0.43518586676481413,0.9537604016796033,0.8964002411736445,0.046239598320396744,0.5648141332351859,0.5203618519650426,0.4656577260687439,0.45985290925513767,0.8690762335411385,0.6944731342222087,0.7454144401273076,0.47108573983964774,1427
weighted_fire_specificity_silence_sensitivity_tau_0_9,CWE-754,0.0,0.0,0.9995407540418931,0.9973668242147973,0.0004592459581069357,1.0,,,-0.0013956921387708468,0.9969099426864861,0.49977037702094657,0.49977037702094657,0.0024351446285045372,23
weighted_fire_specificity_silence_sensitivity_tau_0_9,CWE-807,,0.0,1.0,0.9974824254522229,0.0,1.0,,,,0.9974824254522229,0.5,0.5,0.0018129355392920317,22
weighted_fire_specificity_silence_sensitivity_tau_0_9,CWE-834,0.0,0.0,0.999425873826319,0.9970231146556289,0.0005741261736810094,1.0,,,-0.0016368168442753028,0.9964522722838621,0.4997129369131595,0.4997129369131595,0.00313424695783421,26
weighted_fire_specificity_silence_sensitivity_tau_0_9,CWE-913,0.34305194805194805,0.24415584415584415,0.9942054074426965,0.9906513011976612,0.00579459255730354,0.7558441558441558,0.2816664241054485,0.25737066755097265,0.28019665576605995,0.9850075266115803,0.6191806257992702,0.6238262994720325,0.13616947825798068,107
weighted_fire_specificity_silence_sensitivity_tau_0_9,CWE-923,,0.0,1.0,0.9621190684325468,0.0,1.0,,,,0.9621190684325468,0.5,0.5,0.021698273675510128,331
dst_dempster_fire_specificity_silence_sensitivity_tau_0_1,CWE-116,0.006637125212259194,1.0,0.0,,1.0,0.0,0.013186589096853324,0.0323260680371054,,0.006637125212259194,0.5,0.49879200544704894,0.004224029237446174,58
dst_dempster_fire_specificity_silence_sensitivity_tau_0_1,CWE-190,0.016022102315853142,1.0,0.0,,1.0,0.0,0.0315388814301979,0.07528554419545819,,0.016022102315853142,0.5,0.5139364681396753,0.02644364776454114,140
dst_dempster_fire_specificity_silence_sensitivity_tau_0_1,CWE-191,0.010528625705703665,1.0,0.0,,1.0,0.0,0.020837711032198718,0.05051435127396233,,0.010528625705703665,0.5,0.49971074809563854,0.011199938317574827,92
dst_dempster_fire_specificity_silence_sensitivity_tau_0_1,CWE-20,0.03891081990992907,1.0,0.0,,1.0,0.0,0.0749069272096872,0.16835118577524574,,0.03891081990992907,0.5,0.4271310776525614,0.02547518316808207,340
dst_dempster_fire_specificity_silence_sensitivity_tau_0_1,CWE-269,0.00995719504344585,1.0,0.0,,1.0,0.0,0.019717875891192005,0.04787738499672114,,0.00995719504344585,0.5,0.4912723241326794,0.006673191163898038,87
dst_dempster_fire_specificity_silence_sensitivity_tau_0_1,CWE-285,0.033303188048638036,1.0,0.0,,1.0,0.0,0.06445954003834602,0.14694052591986279,,0.033303188048638036,0.5,0.49762655442757203,0.03628610212596399,291
dst_dempster_fire_specificity_silence_sensitivity_tau_0_1,CWE-287,0.07129866985874049,1.0,0.0,,1.0,0.0,0.13310672096662107,0.2773831570470438,,0.07129866985874049,0.5,0.5342788155681664,0.0825040273413166,623
dst_dempster_fire_specificity_silence_sensitivity_tau_0_1,CWE-311,0.044175328905824096,1.0,0.0,,1.0,0.0,0.08461272120365193,0.18770738632231437,,0.044175328905824096,0.5,0.7175072916997807,0.2464778671954957,386
dst_dempster_fire_specificity_silence_sensitivity_tau_0_1,CWE-326,0.002976032227995122,1.0,0.0,,1.0,0.0,0.0059342929476608386,0.014704034419137682,,0.002976032227995122,0.5,0.566946286551023,0.008879396104102053,26
dst_dempster_fire_specificity_silence_sensitivity_tau_0_1,CWE-327,0.5719876187163379,0.7914285714285715,0.7895095206895717,0.9890958337517466,0.2104904793104283,0.20857142857142857,0.591316021699958,0.6191870758393672,0.7091449477621259,0.7895595846848741,0.7904690460590716,0.8707937266203128,0.6550768578265991,350
dst_dempster_fire_specificity_silence_sensitivity_tau_0_1,CWE-330,0.9183100570926659,0.876,0.9976438549964808,0.9963557985431917,0.0023561450035192786,0.124,0.8953475608005282,0.8833328448897906,0.8933035600580688,0.9941640576364259,0.9368219274982404,0.93782072500938,0.8711397703115662,250
dst_dempster_fire_specificity_silence_sensitivity_tau_0_1,CWE-345,0.06065510162430119,1.0,0.0,,1.0,0.0,0.11437285338661438,0.24406095518311818,,0.06065510162430119,0.5,0.5280166181921074,0.07303906215858169,530
dst_dempster_fire_specificity_silence_sensitivity_tau_0_1,CWE-400,0.028839599780964405,1.0,0.0,,1.0,0.0,0.056062245949479575,0.12928292872746022,,0.028839599780964405,0.5,0.5017255239222129,0.02508349827053969,252
dst_dempster_fire_specificity_silence_sensitivity_tau_0_1,CWE-501,0.39347259597949524,0.8222222222222222,0.597570225882478,0.9969108786162932,0.40242977411752207,0.17777777777777776,0.4121298004766835,0.43419228320693054,0.6712827467494965,0.5998768004391251,0.7098962240523501,0.8757030354575995,0.5334587484724145,90
dst_dempster_fire_specificity_silence_sensitivity_tau_0_1,CWE-610,0.0305562536005201,1.0,0.0,,1.0,0.0,0.05930036931752686,0.13614032764120285,,0.0305562536005201,0.5,0.6685621672941545,0.25493776893434705,267
dst_dempster_fire_specificity_silence_sensitivity_tau_0_1,CWE-662,0.01075719832845043,1.0,0.0,,1.0,0.0,0.021285341992589486,0.051566363556829156,,0.01075719832845043,0.5,0.5052055210071288,0.0190014225845472,94
dst_dempster_fire_specificity_silence_sensitivity_tau_0_1,CWE-665,0.0018308090706972465,1.0,0.0,,1.0,0.0,0.0036548249388115043,0.009086495736199383,,0.0018308090706972465,0.5,0.4971337954099141,0.001808520595097704,16
dst_dempster_fire_specificity_silence_sensitivity_tau_0_1,CWE-668,0.12554521889352926,1.0,0.0,,1.0,0.0,0.22308288399950532,0.4178743969494126,,0.12554521889352926,0.5,0.47004952862737204,0.07935126580622023,1097
dst_dempster_fire_specificity_silence_sensitivity_tau_0_1,CWE-704,0.0046917686043339984,1.0,0.0,,1.0,0.0,0.009339622078455685,0.023025785720466953,,0.0046917686043339984,0.5,0.49971231026049934,0.005515093919368464,41
dst_dempster_fire_specificity_silence_sensitivity_tau_0_1,CWE-705,0.0005722179398518981,1.0,0.0,,1.0,0.0,0.0011437813821953318,0.002854555934153951,,0.0005722179398518981,0.5,0.3959624076993613,0.0006640461415802463,5
dst_dempster_fire_specificity_silence_sensitivity_tau_0_1,CWE-706,0.034104503768367114,1.0,0.0,,1.0,0.0,0.06595929396591838,0.15005114500011635,,0.034104503768367114,0.5,0.7075415680979246,0.2644479214559303,298
dst_dempster_fire_specificity_silence_sensitivity_tau_0_1,CWE-74,0.16331160292375452,1.0,0.0,,1.0,0.0,0.2807695541606191,0.4939096897723768,,0.16331160292375452,0.5,0.7454144401273076,0.47108573983964774,1427
dst_dempster_fire_specificity_silence_sensitivity_tau_0_1,CWE-754,0.0026319946248035907,1.0,0.0,,1.0,0.0,0.005250016825459719,0.013021363928726442,,0.0026319946248035907,0.5,0.49977037702094657,0.0024351446285045372,23
dst_dempster_fire_specificity_silence_sensitivity_tau_0_1,CWE-807,0.0024334978650866644,0.8,0.2,0.9971461187214612,0.8,0.2,0.004855058129688364,0.012048994964252512,,0.20137602203636157,0.5,0.5,0.0018129355392920317,22
dst_dempster_fire_specificity_silence_sensitivity_tau_0_1,CWE-834,0.0029752449504010423,1.0,0.0,,1.0,0.0,0.005932738092245068,0.014700290915313557,,0.0029752449504010423,0.5,0.4997129369131595,0.00313424695783421,26
dst_dempster_fire_specificity_silence_sensitivity_tau_0_1,CWE-913,0.012245279525259362,1.0,0.0,,1.0,0.0,0.02419414815148266,0.058366189878964046,,0.012245279525259362,0.5,0.623826068223907,0.14320771779622019,107
dst_dempster_fire_specificity_silence_sensitivity_tau_0_1,CWE-923,0.037757808216475744,0.8,0.2,0.9616265750286369,0.8,0.2,0.07276802909235704,0.16401712128465792,,0.222531561578908,0.5,0.5,0.021698273675510128,331
dst_dempster_fire_specificity_silence_sensitivity_tau_0_2,CWE-116,0.006637125212259194,1.0,0.0,,1.0,0.0,0.013186589096853324,0.0323260680371054,,0.006637125212259194,0.5,0.49879200544704894,0.004224029237446174,58
dst_dempster_fire_specificity_silence_sensitivity_tau_0_2,CWE-190,0.016022102315853142,1.0,0.0,,1.0,0.0,0.0315388814301979,0.07528554419545819,,0.016022102315853142,0.5,0.5139364681396753,0.02644364776454114,140
dst_dempster_fire_specificity_silence_sensitivity_tau_0_2,CWE-191,0.010528625705703665,1.0,0.0,,1.0,0.0,0.020837711032198718,0.05051435127396233,,0.010528625705703665,0.5,0.49971074809563854,0.011199938317574827,92
dst_dempster_fire_specificity_silence_sensitivity_tau_0_2,CWE-20,0.03891081990992907,1.0,0.0,,1.0,0.0,0.0749069272096872,0.16835118577524574,,0.03891081990992907,0.5,0.4271310776525614,0.02547518316808207,340
dst_dempster_fire_specificity_silence_sensitivity_tau_0_2,CWE-269,0.00995719504344585,1.0,0.0,,1.0,0.0,0.019717875891192005,0.04787738499672114,,0.00995719504344585,0.5,0.4912723241326794,0.006673191163898038,87
dst_dempster_fire_specificity_silence_sensitivity_tau_0_2,CWE-285,0.033303188048638036,1.0,0.0,,1.0,0.0,0.06445954003834602,0.14694052591986279,,0.033303188048638036,0.5,0.49762655442757203,0.03628610212596399,291
dst_dempster_fire_specificity_silence_sensitivity_tau_0_2,CWE-287,0.07129866985874049,1.0,0.0,,1.0,0.0,0.13310672096662107,0.2773831570470438,,0.07129866985874049,0.5,0.5342788155681664,0.0825040273413166,623
dst_dempster_fire_specificity_silence_sensitivity_tau_0_2,CWE-311,0.044175328905824096,1.0,0.0,,1.0,0.0,0.08461272120365193,0.18770738632231437,,0.044175328905824096,0.5,0.7175072916997807,0.2464778671954957,386
dst_dempster_fire_specificity_silence_sensitivity_tau_0_2,CWE-326,0.002976032227995122,1.0,0.0,,1.0,0.0,0.0059342929476608386,0.014704034419137682,,0.002976032227995122,0.5,0.566946286551023,0.008879396104102053,26
dst_dempster_fire_specificity_silence_sensitivity_tau_0_2,CWE-327,0.6989365101725737,0.7514285714285714,0.9862990569559212,0.9895990157132009,0.013700943044078703,0.24857142857142858,0.7223535226864485,0.73900822939352,0.7118638882387297,0.9768883518081617,0.8688638141922465,0.8707937266203128,0.6550768578265991,350
dst_dempster_fire_specificity_silence_sensitivity_tau_0_2,CWE-330,0.9183100570926659,0.876,0.9976438549964808,0.9963557985431917,0.0023561450035192786,0.124,0.8953475608005282,0.8833328448897906,0.8933035600580688,0.9941640576364259,0.9368219274982404,0.93782072500938,0.8711397703115662,250
dst_dempster_fire_specificity_silence_sensitivity_tau_0_2,CWE-345,0.06065510162430119,1.0,0.0,,1.0,0.0,0.11437285338661438,0.24406095518311818,,0.06065510162430119,0.5,0.5280166181921074,0.07303906215858169,530
dst_dempster_fire_specificity_silence_sensitivity_tau_0_2,CWE-400,0.028839599780964405,1.0,0.0,,1.0,0.0,0.056062245949479575,0.12928292872746022,,0.028839599780964405,0.5,0.5017255239222129,0.02508349827053969,252
dst_dempster_fire_specificity_silence_sensitivity_tau_0_2,CWE-501,0.6343582887700535,0.7555555555555555,0.9953759521156236,0.9974510718457104,0.004624047884376441,0.24444444444444446,0.6863769889840882,0.7253228560984017,0.6871823718274396,0.9929050742194943,0.8754657538355894,0.8757030354575995,0.5334587484724145,90
dst_dempster_fire_specificity_silence_sensitivity_tau_0_2,CWE-610,0.0305562536005201,1.0,0.0,,1.0,0.0,0.05930036931752686,0.13614032764120285,,0.0305562536005201,0.5,0.6685621672941545,0.25493776893434705,267
dst_dempster_fire_specificity_silence_sensitivity_tau_0_2,CWE-662,0.01075719832845043,1.0,0.0,,1.0,0.0,0.021285341992589486,0.051566363556829156,,0.01075719832845043,0.5,0.5052055210071288,0.0190014225845472,94
dst_dempster_fire_specificity_silence_sensitivity_tau_0_2,CWE-665,0.0018308090706972465,1.0,0.0,,1.0,0.0,0.0036548249388115043,0.009086495736199383,,0.0018308090706972465,0.5,0.4971337954099141,0.001808520595097704,16
dst_dempster_fire_specificity_silence_sensitivity_tau_0_2,CWE-668,0.12554521889352926,1.0,0.0,,1.0,0.0,0.22308288399950532,0.4178743969494126,,0.12554521889352926,0.5,0.47004952862737204,0.07935126580622023,1097
dst_dempster_fire_specificity_silence_sensitivity_tau_0_2,CWE-704,0.0046917686043339984,1.0,0.0,,1.0,0.0,0.009339622078455685,0.023025785720466953,,0.0046917686043339984,0.5,0.49971231026049934,0.005515093919368464,41
dst_dempster_fire_specificity_silence_sensitivity_tau_0_2,CWE-705,0.0005722179398518981,1.0,0.0,,1.0,0.0,0.0011437813821953318,0.002854555934153951,,0.0005722179398518981,0.5,0.3959624076993613,0.0006640461415802463,5
dst_dempster_fire_specificity_silence_sensitivity_tau_0_2,CWE-706,0.034104503768367114,1.0,0.0,,1.0,0.0,0.06595929396591838,0.15005114500011635,,0.034104503768367114,0.5,0.7075415680979246,0.2644479214559303,298
dst_dempster_fire_specificity_silence_sensitivity_tau_0_2,CWE-74,0.38754615077199833,0.6152791068580543,0.8100250763010883,0.9151552301849772,0.18997492369891153,0.3847208931419458,0.4755028165117528,0.550521373169566,0.3587950161725755,0.7782233031740681,0.7126520915795713,0.7454144401273076,0.47108573983964774,1427
dst_dempster_fire_specificity_silence_sensitivity_tau_0_2,CWE-754,0.0026319946248035907,1.0,0.0,,1.0,0.0,0.005250016825459719,0.013021363928726442,,0.0026319946248035907,0.5,0.49977037702094657,0.0024351446285045372,23
dst_dempster_fire_specificity_silence_sensitivity_tau_0_2,CWE-807,0.0024334978650866644,0.8,0.2,0.9971461187214612,0.8,0.2,0.004855058129688364,0.012048994964252512,,0.20137602203636157,0.5,0.5,0.0018129355392920317,22
dst_dempster_fire_specificity_silence_sensitivity_tau_0_2,CWE-834,0.0029752449504010423,1.0,0.0,,1.0,0.0,0.005932738092245068,0.014700290915313557,,0.0029752449504010423,0.5,0.4997129369131595,0.00313424695783421,26
dst_dempster_fire_specificity_silence_sensitivity_tau_0_2,CWE-913,0.012245279525259362,1.0,0.0,,1.0,0.0,0.02419414815148266,0.058366189878964046,,0.012245279525259362,0.5,0.623826068223907,0.14320771779622019,107
dst_dempster_fire_specificity_silence_sensitivity_tau_0_2,CWE-923,0.037757808216475744,0.8,0.2,0.9616265750286369,0.8,0.2,0.07276802909235704,0.16401712128465792,,0.222531561578908,0.5,0.5,0.021698273675510128,331
dst_dempster_fire_specificity_silence_sensitivity_tau_0_3,CWE-116,0.006637125212259194,1.0,0.0,,1.0,0.0,0.013186589096853324,0.0323260680371054,,0.006637125212259194,0.5,0.49879200544704894,0.004224029237446174,58
dst_dempster_fire_specificity_silence_sensitivity_tau_0_3,CWE-190,0.016022102315853142,1.0,0.0,,1.0,0.0,0.0315388814301979,0.07528554419545819,,0.016022102315853142,0.5,0.5139364681396753,0.02644364776454114,140
dst_dempster_fire_specificity_silence_sensitivity_tau_0_3,CWE-191,0.010528625705703665,1.0,0.0,,1.0,0.0,0.020837711032198718,0.05051435127396233,,0.010528625705703665,0.5,0.49971074809563854,0.011199938317574827,92
dst_dempster_fire_specificity_silence_sensitivity_tau_0_3,CWE-20,0.03891081990992907,1.0,0.0,,1.0,0.0,0.0749069272096872,0.16835118577524574,,0.03891081990992907,0.5,0.4271310776525614,0.02547518316808207,340
dst_dempster_fire_specificity_silence_sensitivity_tau_0_3,CWE-269,0.00995719504344585,1.0,0.0,,1.0,0.0,0.019717875891192005,0.04787738499672114,,0.00995719504344585,0.5,0.4912723241326794,0.006673191163898038,87
dst_dempster_fire_specificity_silence_sensitivity_tau_0_3,CWE-285,0.033303188048638036,1.0,0.0,,1.0,0.0,0.06445954003834602,0.14694052591986279,,0.033303188048638036,0.5,0.49762655442757203,0.03628610212596399,291
dst_dempster_fire_specificity_silence_sensitivity_tau_0_3,CWE-287,0.07129866985874049,1.0,0.0,,1.0,0.0,0.13310672096662107,0.2773831570470438,,0.07129866985874049,0.5,0.5342788155681664,0.0825040273413166,623
dst_dempster_fire_specificity_silence_sensitivity_tau_0_3,CWE-311,0.3541267186731977,0.47415917415917413,0.9600174813789009,0.9753139230901551,0.03998251862109918,0.5258408258408258,0.404797809278978,0.443506250564602,0.3779272451087289,0.938549478685154,0.7170883277690375,0.7175072916997807,0.2464778671954957,386
dst_dempster_fire_specificity_silence_sensitivity_tau_0_3,CWE-326,0.002976032227995122,1.0,0.0,,1.0,0.0,0.0059342929476608386,0.014704034419137682,,0.002976032227995122,0.5,0.566946286551023,0.008879396104102053,26
dst_dempster_fire_specificity_silence_sensitivity_tau_0_3,CWE-327,0.6989365101725737,0.7514285714285714,0.9862990569559212,0.9895990157132009,0.013700943044078703,0.24857142857142858,0.7223535226864485,0.73900822939352,0.7118638882387297,0.9768883518081617,0.8688638141922465,0.8707937266203128,0.6550768578265991,350
dst_dempster_fire_specificity_silence_sensitivity_tau_0_3,CWE-330,0.9183100570926659,0.876,0.9976438549964808,0.9963557985431917,0.0023561450035192786,0.124,0.8953475608005282,0.8833328448897906,0.8933035600580688,0.9941640576364259,0.9368219274982404,0.93782072500938,0.8711397703115662,250
dst_dempster_fire_specificity_silence_sensitivity_tau_0_3,CWE-345,0.06065510162430119,1.0,0.0,,1.0,0.0,0.11437285338661438,0.24406095518311818,,0.06065510162430119,0.5,0.5280166181921074,0.07303906215858169,530
dst_dempster_fire_specificity_silence_sensitivity_tau_0_3,CWE-400,0.028839599780964405,1.0,0.0,,1.0,0.0,0.056062245949479575,0.12928292872746022,,0.028839599780964405,0.5,0.5017255239222129,0.02508349827053969,252
dst_dempster_fire_specificity_silence_sensitivity_tau_0_3,CWE-501,0.6343582887700535,0.7555555555555555,0.9953759521156236,0.9974510718457104,0.004624047884376441,0.24444444444444446,0.6863769889840882,0.7253228560984017,0.6871823718274396,0.9929050742194943,0.8754657538355894,0.8757030354575995,0.5334587484724145,90
dst_dempster_fire_specificity_silence_sensitivity_tau_0_3,CWE-610,0.0305562536005201,1.0,0.0,,1.0,0.0,0.05930036931752686,0.13614032764120285,,0.0305562536005201,0.5,0.6685621672941545,0.25493776893434705,267
dst_dempster_fire_specificity_silence_sensitivity_tau_0_3,CWE-662,0.01075719832845043,1.0,0.0,,1.0,0.0,0.021285341992589486,0.051566363556829156,,0.01075719832845043,0.5,0.5052055210071288,0.0190014225845472,94
dst_dempster_fire_specificity_silence_sensitivity_tau_0_3,CWE-665,0.0018308090706972465,1.0,0.0,,1.0,0.0,0.0036548249388115043,0.009086495736199383,,0.0018308090706972465,0.5,0.4971337954099141,0.001808520595097704,16
dst_dempster_fire_specificity_silence_sensitivity_tau_0_3,CWE-668,0.12554521889352926,1.0,0.0,,1.0,0.0,0.22308288399950532,0.4178743969494126,,0.12554521889352926,0.5,0.47004952862737204,0.07935126580622023,1097
dst_dempster_fire_specificity_silence_sensitivity_tau_0_3,CWE-704,0.0046917686043339984,1.0,0.0,,1.0,0.0,0.009339622078455685,0.023025785720466953,,0.0046917686043339984,0.5,0.49971231026049934,0.005515093919368464,41
dst_dempster_fire_specificity_silence_sensitivity_tau_0_3,CWE-705,0.0005722179398518981,1.0,0.0,,1.0,0.0,0.0011437813821953318,0.002854555934153951,,0.0005722179398518981,0.5,0.3959624076993613,0.0006640461415802463,5
dst_dempster_fire_specificity_silence_sensitivity_tau_0_3,CWE-706,0.4587420933285594,0.4331638418079097,0.9821099644129129,0.980027747326033,0.017890035587087107,0.5668361581920903,0.44476614902543066,0.43755155247917993,0.426493657369754,0.9633819882374489,0.7076369031104112,0.7075415680979246,0.2644479214559303,298
dst_dempster_fire_specificity_silence_sensitivity_tau_0_3,CWE-74,0.38754615077199833,0.6152791068580543,0.8100250763010883,0.9151552301849772,0.18997492369891153,0.3847208931419458,0.4755028165117528,0.550521373169566,0.3587950161725755,0.7782233031740681,0.7126520915795713,0.7454144401273076,0.47108573983964774,1427
dst_dempster_fire_specificity_silence_sensitivity_tau_0_3,CWE-754,0.0026319946248035907,1.0,0.0,,1.0,0.0,0.005250016825459719,0.013021363928726442,,0.0026319946248035907,0.5,0.49977037702094657,0.0024351446285045372,23
dst_dempster_fire_specificity_silence_sensitivity_tau_0_3,CWE-807,0.0024334978650866644,0.8,0.2,0.9971461187214612,0.8,0.2,0.004855058129688364,0.012048994964252512,,0.20137602203636157,0.5,0.5,0.0018129355392920317,22
dst_dempster_fire_specificity_silence_sensitivity_tau_0_3,CWE-834,0.0029752449504010423,1.0,0.0,,1.0,0.0,0.005932738092245068,0.014700290915313557,,0.0029752449504010423,0.5,0.4997129369131595,0.00313424695783421,26
dst_dempster_fire_specificity_silence_sensitivity_tau_0_3,CWE-913,0.012245279525259362,1.0,0.0,,1.0,0.0,0.02419414815148266,0.058366189878964046,,0.012245279525259362,0.5,0.623826068223907,0.14320771779622019,107
dst_dempster_fire_specificity_silence_sensitivity_tau_0_3,CWE-923,0.037757808216475744,0.8,0.2,0.9616265750286369,0.8,0.2,0.07276802909235704,0.16401712128465792,,0.222531561578908,0.5,0.5,0.021698273675510128,331
dst_dempster_fire_specificity_silence_sensitivity_tau_0_4,CWE-116,0.006637125212259194,1.0,0.0,,1.0,0.0,0.013186589096853324,0.0323260680371054,,0.006637125212259194,0.5,0.49879200544704894,0.004224029237446174,58
dst_dempster_fire_specificity_silence_sensitivity_tau_0_4,CWE-190,0.016022102315853142,1.0,0.0,,1.0,0.0,0.0315388814301979,0.07528554419545819,,0.016022102315853142,0.5,0.5139364681396753,0.02644364776454114,140
dst_dempster_fire_specificity_silence_sensitivity_tau_0_4,CWE-191,0.010528625705703665,1.0,0.0,,1.0,0.0,0.020837711032198718,0.05051435127396233,,0.010528625705703665,0.5,0.49971074809563854,0.011199938317574827,92
dst_dempster_fire_specificity_silence_sensitivity_tau_0_4,CWE-20,0.03891081990992907,1.0,0.0,,1.0,0.0,0.0749069272096872,0.16835118577524574,,0.03891081990992907,0.5,0.4271310776525614,0.02547518316808207,340
dst_dempster_fire_specificity_silence_sensitivity_tau_0_4,CWE-269,0.00995719504344585,1.0,0.0,,1.0,0.0,0.019717875891192005,0.04787738499672114,,0.00995719504344585,0.5,0.4912723241326794,0.006673191163898038,87
dst_dempster_fire_specificity_silence_sensitivity_tau_0_4,CWE-285,0.033303188048638036,1.0,0.0,,1.0,0.0,0.06445954003834602,0.14694052591986279,,0.033303188048638036,0.5,0.49762655442757203,0.03628610212596399,291
dst_dempster_fire_specificity_silence_sensitivity_tau_0_4,CWE-287,0.07129866985874049,1.0,0.0,,1.0,0.0,0.13310672096662107,0.2773831570470438,,0.07129866985874049,0.5,0.5342788155681664,0.0825040273413166,623
dst_dempster_fire_specificity_silence_sensitivity_tau_0_4,CWE-311,0.3541267186731977,0.47415917415917413,0.9600174813789009,0.9753139230901551,0.03998251862109918,0.5258408258408258,0.404797809278978,0.443506250564602,0.3779272451087289,0.938549478685154,0.7170883277690375,0.7175072916997807,0.2464778671954957,386
dst_dempster_fire_specificity_silence_sensitivity_tau_0_4,CWE-326,0.002976032227995122,1.0,0.0,,1.0,0.0,0.0059342929476608386,0.014704034419137682,,0.002976032227995122,0.5,0.566946286551023,0.008879396104102053,26
dst_dempster_fire_specificity_silence_sensitivity_tau_0_4,CWE-327,0.6989365101725737,0.7514285714285714,0.9862990569559212,0.9895990157132009,0.013700943044078703,0.24857142857142858,0.7223535226864485,0.73900822939352,0.7118638882387297,0.9768883518081617,0.8688638141922465,0.8707937266203128,0.6550768578265991,350
dst_dempster_fire_specificity_silence_sensitivity_tau_0_4,CWE-330,0.9183100570926659,0.876,0.9976438549964808,0.9963557985431917,0.0023561450035192786,0.124,0.8953475608005282,0.8833328448897906,0.8933035600580688,0.9941640576364259,0.9368219274982404,0.93782072500938,0.8711397703115662,250
dst_dempster_fire_specificity_silence_sensitivity_tau_0_4,CWE-345,0.06065510162430119,1.0,0.0,,1.0,0.0,0.11437285338661438,0.24406095518311818,,0.06065510162430119,0.5,0.5280166181921074,0.07303906215858169,530
dst_dempster_fire_specificity_silence_sensitivity_tau_0_4,CWE-400,0.028839599780964405,1.0,0.0,,1.0,0.0,0.056062245949479575,0.12928292872746022,,0.028839599780964405,0.5,0.5017255239222129,0.02508349827053969,252
dst_dempster_fire_specificity_silence_sensitivity_tau_0_4,CWE-501,0.6343582887700535,0.7555555555555555,0.9953759521156236,0.9974510718457104,0.004624047884376441,0.24444444444444446,0.6863769889840882,0.7253228560984017,0.6871823718274396,0.9929050742194943,0.8754657538355894,0.8757030354575995,0.5334587484724145,90
dst_dempster_fire_specificity_silence_sensitivity_tau_0_4,CWE-610,0.5940441176470588,0.3445143256464011,0.9926788717750735,0.9796106942920773,0.007321128224926374,0.6554856743535988,0.43565892324873723,0.37592587776051045,0.4395751169996499,0.9728707648071175,0.6685965987107373,0.6685621672941545,0.25493776893434705,267
dst_dempster_fire_specificity_silence_sensitivity_tau_0_4,CWE-662,0.01075719832845043,1.0,0.0,,1.0,0.0,0.021285341992589486,0.051566363556829156,,0.01075719832845043,0.5,0.5052055210071288,0.0190014225845472,94
dst_dempster_fire_specificity_silence_sensitivity_tau_0_4,CWE-665,0.0018308090706972465,1.0,0.0,,1.0,0.0,0.0036548249388115043,0.009086495736199383,,0.0018308090706972465,0.5,0.4971337954099141,0.001808520595097704,16
dst_dempster_fire_specificity_silence_sensitivity_tau_0_4,CWE-668,0.12554521889352926,1.0,0.0,,1.0,0.0,0.22308288399950532,0.4178743969494126,,0.12554521889352926,0.5,0.47004952862737204,0.07935126580622023,1097
dst_dempster_fire_specificity_silence_sensitivity_tau_0_4,CWE-704,0.0046917686043339984,1.0,0.0,,1.0,0.0,0.009339622078455685,0.023025785720466953,,0.0046917686043339984,0.5,0.49971231026049934,0.005515093919368464,41
dst_dempster_fire_specificity_silence_sensitivity_tau_0_4,CWE-705,0.0005722179398518981,1.0,0.0,,1.0,0.0,0.0011437813821953318,0.002854555934153951,,0.0005722179398518981,0.5,0.3959624076993613,0.0006640461415802463,5
dst_dempster_fire_specificity_silence_sensitivity_tau_0_4,CWE-706,0.4587420933285594,0.4331638418079097,0.9821099644129129,0.980027747326033,0.017890035587087107,0.5668361581920903,0.44476614902543066,0.43755155247917993,0.426493657369754,0.9633819882374489,0.7076369031104112,0.7075415680979246,0.2644479214559303,298
dst_dempster_fire_specificity_silence_sensitivity_tau_0_4,CWE-74,0.38754615077199833,0.6152791068580543,0.8100250763010883,0.9151552301849772,0.18997492369891153,0.3847208931419458,0.4755028165117528,0.550521373169566,0.3587950161725755,0.7782233031740681,0.7126520915795713,0.7454144401273076,0.47108573983964774,1427
dst_dempster_fire_specificity_silence_sensitivity_tau_0_4,CWE-754,0.0026319946248035907,1.0,0.0,,1.0,0.0,0.005250016825459719,0.013021363928726442,,0.0026319946248035907,0.5,0.49977037702094657,0.0024351446285045372,23
dst_dempster_fire_specificity_silence_sensitivity_tau_0_4,CWE-807,0.0024334978650866644,0.8,0.2,0.9971461187214612,0.8,0.2,0.004855058129688364,0.012048994964252512,,0.20137602203636157,0.5,0.5,0.0018129355392920317,22
dst_dempster_fire_specificity_silence_sensitivity_tau_0_4,CWE-834,0.0029752449504010423,1.0,0.0,,1.0,0.0,0.005932738092245068,0.014700290915313557,,0.0029752449504010423,0.5,0.4997129369131595,0.00313424695783421,26
dst_dempster_fire_specificity_silence_sensitivity_tau_0_4,CWE-913,0.3404329004329004,0.25367965367965367,0.9939727140162857,0.9907643488992599,0.006027285983714244,0.7463203463203463,0.286005526005526,0.26498540575394613,0.2840169604253394,0.984892189091337,0.6238261838479697,0.623826068223907,0.14320771779622019,107
dst_dempster_fire_specificity_silence_sensitivity_tau_0_4,CWE-923,0.037757808216475744,0.8,0.2,0.9616265750286369,0.8,0.2,0.07276802909235704,0.16401712128465792,,0.222531561578908,0.5,0.5,0.021698273675510128,331
dst_dempster_fire_specificity_silence_sensitivity_tau_0_5,CWE-116,0.006637125212259194,1.0,0.0,,1.0,0.0,0.013186589096853324,0.0323260680371054,,0.006637125212259194,0.5,0.49879200544704894,0.004224029237446174,58
dst_dempster_fire_specificity_silence_sensitivity_tau_0_5,CWE-190,0.375,0.02857142857142857,0.9993015077079221,0.9844180323902257,0.0006984922920779795,0.9714285714285715,0.08673835125448028,0.05809814391050089,0.11145508122731246,0.9837484049127619,0.5139364681396753,0.5139364681396753,0.02644364776454114,140
dst_dempster_fire_specificity_silence_sensitivity_tau_0_5,CWE-191,0.010528625705703665,1.0,0.0,,1.0,0.0,0.020837711032198718,0.05051435127396233,,0.010528625705703665,0.5,0.49971074809563854,0.011199938317574827,92
dst_dempster_fire_specificity_silence_sensitivity_tau_0_5,CWE-20,0.008247338972667186,0.03823529411764706,0.8160268611874757,0.9544590824094111,0.1839731388125242,0.9617647058823529,0.01356719726377586,0.02213460938222813,-0.07371849213796913,0.7857620426274236,0.4271310776525614,0.4271310776525614,0.02547518316808207,340
dst_dempster_fire_specificity_silence_sensitivity_tau_0_5,CWE-269,0.00995719504344585,1.0,0.0,,1.0,0.0,0.019717875891192005,0.04787738499672114,,0.00995719504344585,0.5,0.4912723241326794,0.006673191163898038,87
dst_dempster_fire_specificity_silence_sensitivity_tau_0_5,CWE-285,0.017786561264822136,0.006838106370543542,0.9884006512254434,0.9665427890537297,0.011599348774556656,0.9931618936294564,0.024691358024691357,0.019493844049247606,-0.008637948333081343,0.9557123480240467,0.4976193787979934,0.49762655442757203,0.03628610212596399,291
dst_dempster_fire_specificity_silence_sensitivity_tau_0_5,CWE-287,0.40728856624319415,0.07709677419354839,0.991373822791075,0.9332931115327993,0.008626177208924958,0.9229032258064516,0.12917843121494238,0.09190796258757424,0.15219058629375007,0.9261809978529895,0.5342352984923118,0.5342788155681664,0.0825040273413166,623
dst_dempster_fire_specificity_silence_sensitivity_tau_0_5,CWE-311,0.3541267186731977,0.47415917415917413,0.9600174813789009,0.9753139230901551,0.03998251862109918,0.5258408258408258,0.404797809278978,0.443506250564602,0.3779272451087289,0.938549478685154,0.7170883277690375,0.7175072916997807,0.2464778671954957,386
dst_dempster_fire_specificity_silence_sensitivity_tau_0_5,CWE-326,0.024267203957606433,0.15333333333333335,0.9806014384458882,0.9974306188118442,0.019398561554111755,0.8466666666666667,0.05230914918414918,0.09263245587885259,0.053842958424066736,0.9781414220471785,0.5669673858896107,0.566946286551023,0.008879396104102053,26
dst_dempster_fire_specificity_silence_sensitivity_tau_0_5,CWE-327,0.6989365101725737,0.7514285714285714,0.9862990569559212,0.9895990157132009,0.013700943044078703,0.24857142857142858,0.7223535226864485,0.73900822939352,0.7118638882387297,0.9768883518081617,0.8688638141922465,0.8707937266203128,0.6550768578265991,350
dst_dempster_fire_specificity_silence_sensitivity_tau_0_5,CWE-330,0.9183100570926659,0.876,0.9976438549964808,0.9963557985431917,0.0023561450035192786,0.124,0.8953475608005282,0.8833328448897906,0.8933035600580688,0.9941640576364259,0.9368219274982404,0.93782072500938,0.8711397703115662,250
dst_dempster_fire_specificity_silence_sensitivity_tau_0_5,CWE-345,0.4740384615384616,0.06037735849056604,0.9957352364417835,0.942566284014117,0.004264763558216491,0.939622641509434,0.10699003691501607,0.07311761517511732,0.15268467196278707,0.9390000762003344,0.5280562974661749,0.5280166181921074,0.07303906215858169,530
dst_dempster_fire_specificity_silence_sensitivity_tau_0_5,CWE-400,0.009736540664375716,0.2,0.7996474733172698,0.9712405233913337,0.20035252668273013,0.8,0.05676126878130218,0.13076923076923078,-0.004972479727114764,0.7825019134284845,0.49982373665863494,0.5017255239222129,0.02508349827053969,252
dst_dempster_fire_specificity_silence_sensitivity_tau_0_5,CWE-501,0.6343582887700535,0.7555555555555555,0.9953759521156236,0.9974510718457104,0.004624047884376441,0.24444444444444446,0.6863769889840882,0.7253228560984017,0.6871823718274396,0.9929050742194943,0.8754657538355894,0.8757030354575995,0.5334587484724145,90
dst_dempster_fire_specificity_silence_sensitivity_tau_0_5,CWE-610,0.5940441176470588,0.3445143256464011,0.9926788717750735,0.9796106942920773,0.007321128224926374,0.6554856743535988,0.43565892324873723,0.37592587776051045,0.4395751169996499,0.9728707648071175,0.6685965987107373,0.6685621672941545,0.25493776893434705,267
dst_dempster_fire_specificity_silence_sensitivity_tau_0_5,CWE-662,0.005441008018327606,0.2,0.7998847262247839,0.9892724612635859,0.20011527377521615,0.8,0.02152974504249292,0.05214050493962678,-0.0024994019416464323,0.7934815830006928,0.49994236311239193,0.5052055210071288,0.0190014225845472,94
dst_dempster_fire_specificity_silence_sensitivity_tau_0_5,CWE-665,0.0018308090706972465,1.0,0.0,,1.0,0.0,0.0036548249388115043,0.009086495736199383,,0.0018308090706972465,0.5,0.4971337954099141,0.001808520595097704,16
dst_dempster_fire_specificity_silence_sensitivity_tau_0_5,CWE-668,0.02978215711496593,0.016409298464092982,0.923689758790651,0.8673906986743948,0.07631024120934896,0.9835907015359069,0.021150705072099547,0.01802472631422974,-0.07845576588815771,0.8097870954158843,0.47004952862737204,0.47004952862737204,0.07935126580622023,1097
dst_dempster_fire_specificity_silence_sensitivity_tau_0_5,CWE-704,0.0046917686043339984,1.0,0.0,,1.0,0.0,0.009339622078455685,0.023025785720466953,,0.0046917686043339984,0.5,0.49971231026049934,0.005515093919368464,41
dst_dempster_fire_specificity_silence_sensitivity_tau_0_5,CWE-705,0.0005722179398518981,1.0,0.0,,1.0,0.0,0.0011437813821953318,0.002854555934153951,,0.0005722179398518981,0.5,0.3959624076993613,0.0006640461415802463,5
dst_dempster_fire_specificity_silence_sensitivity_tau_0_5,CWE-706,0.4587420933285594,0.4331638418079097,0.9821099644129129,0.980027747326033,0.017890035587087107,0.5668361581920903,0.44476614902543066,0.43755155247917993,0.426493657369754,0.9633819882374489,0.7076369031104112,0.7075415680979246,0.2644479214559303,298
dst_dempster_fire_specificity_silence_sensitivity_tau_0_5,CWE-74,0.38754615077199833,0.6152791068580543,0.8100250763010883,0.9151552301849772,0.18997492369891153,0.3847208931419458,0.4755028165117528,0.550521373169566,0.3587950161725755,0.7782233031740681,0.7126520915795713,0.7454144401273076,0.47108573983964774,1427
dst_dempster_fire_specificity_silence_sensitivity_tau_0_5,CWE-754,0.0026319946248035907,1.0,0.0,,1.0,0.0,0.005250016825459719,0.013021363928726442,,0.0026319946248035907,0.5,0.49977037702094657,0.0024351446285045372,23
dst_dempster_fire_specificity_silence_sensitivity_tau_0_5,CWE-807,,0.0,1.0,0.9974824254522229,0.0,1.0,,,,0.9974824254522229,0.5,0.5,0.0018129355392920317,22
dst_dempster_fire_specificity_silence_sensitivity_tau_0_5,CWE-834,0.0029752449504010423,1.0,0.0,,1.0,0.0,0.005932738092245068,0.014700290915313557,,0.0029752449504010423,0.5,0.4997129369131595,0.00313424695783421,26
dst_dempster_fire_specificity_silence_sensitivity_tau_0_5,CWE-913,0.3404329004329004,0.25367965367965367,0.9939727140162857,0.9907643488992599,0.006027285983714244,0.7463203463203463,0.286005526005526,0.26498540575394613,0.2840169604253394,0.984892189091337,0.6238261838479697,0.623826068223907,0.14320771779622019,107
dst_dempster_fire_specificity_silence_sensitivity_tau_0_5,CWE-923,0.037757808216475744,0.8,0.2,0.9616265750286369,0.8,0.2,0.07276802909235704,0.16401712128465792,,0.222531561578908,0.5,0.5,0.021698273675510128,331
dst_dempster_fire_specificity_silence_sensitivity_tau_0_6,CWE-116,0.0,0.0,0.9975840108940979,0.9933466979090909,0.0024159891059020297,1.0,,,-0.0038625171733067025,0.9909631198531299,0.49879200544704894,0.49879200544704894,0.004224029237446174,58
dst_dempster_fire_specificity_silence_sensitivity_tau_0_6,CWE-190,0.375,0.02857142857142857,0.9993015077079221,0.9844180323902257,0.0006984922920779795,0.9714285714285715,0.08673835125448028,0.05809814391050089,0.11145508122731246,0.9837484049127619,0.5139364681396753,0.5139364681396753,0.02644364776454114,140
dst_dempster_fire_specificity_silence_sensitivity_tau_0_6,CWE-191,0.0,0.0,0.9994214961912771,0.9894652752136299,0.0005785038087229346,1.0,,,-0.003170174949541319,0.9888990288942431,0.49971074809563854,0.49971074809563854,0.011199938317574827,92
dst_dempster_fire_specificity_silence_sensitivity_tau_0_6,CWE-20,0.008247338972667186,0.03823529411764706,0.8160268611874757,0.9544590824094111,0.1839731388125242,0.9617647058823529,0.01356719726377586,0.02213460938222813,-0.07371849213796913,0.7857620426274236,0.4271310776525614,0.4271310776525614,0.02547518316808207,340
dst_dempster_fire_specificity_silence_sensitivity_tau_0_6,CWE-269,0.0,0.0,0.9825446482653588,0.9898674841729964,0.01745535173464125,1.0,,,-0.013286628613431531,0.9727614499032449,0.4912723241326794,0.4912723241326794,0.006673191163898038,87
dst_dempster_fire_specificity_silence_sensitivity_tau_0_6,CWE-285,0.017786561264822136,0.006838106370543542,0.9884006512254434,0.9665427890537297,0.011599348774556656,0.9931618936294564,0.024691358024691357,0.019493844049247606,-0.008637948333081343,0.9557123480240467,0.4976193787979934,0.49762655442757203,0.03628610212596399,291
dst_dempster_fire_specificity_silence_sensitivity_tau_0_6,CWE-287,0.40728856624319415,0.07709677419354839,0.991373822791075,0.9332931115327993,0.008626177208924958,0.9229032258064516,0.12917843121494238,0.09190796258757424,0.15219058629375007,0.9261809978529895,0.5342352984923118,0.5342788155681664,0.0825040273413166,623
dst_dempster_fire_specificity_silence_sensitivity_tau_0_6,CWE-311,0.3541267186731977,0.47415917415917413,0.9600174813789009,0.9753139230901551,0.03998251862109918,0.5258408258408258,0.404797809278978,0.443506250564602,0.3779272451087289,0.938549478685154,0.7170883277690375,0.7175072916997807,0.2464778671954957,386
dst_dempster_fire_specificity_silence_sensitivity_tau_0_6,CWE-326,0.024267203957606433,0.15333333333333335,0.9806014384458882,0.9974306188118442,0.019398561554111755,0.8466666666666667,0.05230914918414918,0.09263245587885259,0.053842958424066736,0.9781414220471785,0.5669673858896107,0.566946286551023,0.008879396104102053,26
dst_dempster_fire_specificity_silence_sensitivity_tau_0_6,CWE-327,0.6989365101725737,0.7514285714285714,0.9862990569559212,0.9895990157132009,0.013700943044078703,0.24857142857142858,0.7223535226864485,0.73900822939352,0.7118638882387297,0.9768883518081617,0.8688638141922465,0.8707937266203128,0.6550768578265991,350
dst_dempster_fire_specificity_silence_sensitivity_tau_0_6,CWE-330,0.9183100570926659,0.876,0.9976438549964808,0.9963557985431917,0.0023561450035192786,0.124,0.8953475608005282,0.8833328448897906,0.8933035600580688,0.9941640576364259,0.9368219274982404,0.93782072500938,0.8711397703115662,250
dst_dempster_fire_specificity_silence_sensitivity_tau_0_6,CWE-345,0.4740384615384616,0.06037735849056604,0.9957352364417835,0.942566284014117,0.004264763558216491,0.939622641509434,0.10699003691501607,0.07311761517511732,0.15268467196278707,0.9390000762003344,0.5280562974661749,0.5280166181921074,0.07303906215858169,530
dst_dempster_fire_specificity_silence_sensitivity_tau_0_6,CWE-400,0.16666666666666666,0.00392156862745098,0.9995294792169748,0.9712584737589385,0.0004705207830251109,0.996078431372549,0.03773584905660377,0.024271844660194174,0.028243951576004626,0.9708180646312338,0.5017255239222129,0.5017255239222129,0.02508349827053969,252
dst_dempster_fire_specificity_silence_sensitivity_tau_0_6,CWE-501,0.6343582887700535,0.7555555555555555,0.9953759521156236,0.9974510718457104,0.004624047884376441,0.24444444444444446,0.6863769889840882,0.7253228560984017,0.6871823718274396,0.9929050742194943,0.8754657538355894,0.8757030354575995,0.5334587484724145,90
dst_dempster_fire_specificity_silence_sensitivity_tau_0_6,CWE-610,0.5940441176470588,0.3445143256464011,0.9926788717750735,0.9796106942920773,0.007321128224926374,0.6554856743535988,0.43565892324873723,0.37592587776051045,0.4395751169996499,0.9728707648071175,0.6685965987107373,0.6685621672941545,0.25493776893434705,267
dst_dempster_fire_specificity_silence_sensitivity_tau_0_6,CWE-662,0.5,0.010526315789473684,0.9998847262247839,0.9893549317615851,0.00011527377521613833,0.9894736842105264,0.1,0.06493506493506494,0.1128650158803385,0.9892433241232588,0.5052055210071288,0.5052055210071288,0.0190014225845472,94
dst_dempster_fire_specificity_silence_sensitivity_tau_0_6,CWE-665,0.0,0.0,0.9942675908198282,0.9981583908689181,0.005732409180171837,1.0,,,-0.003243654837687654,0.9924475357717111,0.4971337954099141,0.4971337954099141,0.001808520595097704,16
dst_dempster_fire_specificity_silence_sensitivity_tau_0_6,CWE-668,0.02978215711496593,0.016409298464092982,0.923689758790651,0.8673906986743948,0.07631024120934896,0.9835907015359069,0.021150705072099547,0.01802472631422974,-0.07845576588815771,0.8097870954158843,0.47004952862737204,0.47004952862737204,0.07935126580622023,1097
dst_dempster_fire_specificity_silence_sensitivity_tau_0_6,CWE-704,0.0,0.0,0.9994246205209987,0.9953056043851424,0.0005753794790013301,1.0,,,-0.002073085901499879,0.9947354882986836,0.49971231026049934,0.49971231026049934,0.005515093919368464,41
dst_dempster_fire_specificity_silence_sensitivity_tau_0_6,CWE-705,0.0,0.0,0.7919248153987226,0.9992774886697801,0.20807518460127733,1.0,,,-0.012260626171263982,0.7914716697010048,0.3959624076993613,0.3959624076993613,0.0006640461415802463,5
dst_dempster_fire_specificity_silence_sensitivity_tau_0_6,CWE-706,0.4587420933285594,0.4331638418079097,0.9821099644129129,0.980027747326033,0.017890035587087107,0.5668361581920903,0.44476614902543066,0.43755155247917993,0.426493657369754,0.9633819882374489,0.7076369031104112,0.7075415680979246,0.2644479214559303,298
dst_dempster_fire_specificity_silence_sensitivity_tau_0_6,CWE-74,0.38754615077199833,0.6152791068580543,0.8100250763010883,0.9151552301849772,0.18997492369891153,0.3847208931419458,0.4755028165117528,0.550521373169566,0.3587950161725755,0.7782233031740681,0.7126520915795713,0.7454144401273076,0.47108573983964774,1427
dst_dempster_fire_specificity_silence_sensitivity_tau_0_6,CWE-754,0.0,0.0,0.9995407540418931,0.9973668242147973,0.0004592459581069357,1.0,,,-0.0013956921387708468,0.9969099426864861,0.49977037702094657,0.49977037702094657,0.0024351446285045372,23
dst_dempster_fire_specificity_silence_sensitivity_tau_0_6,CWE-807,,0.0,1.0,0.9974824254522229,0.0,1.0,,,,0.9974824254522229,0.5,0.5,0.0018129355392920317,22
dst_dempster_fire_specificity_silence_sensitivity_tau_0_6,CWE-834,0.0,0.0,0.999425873826319,0.9970231146556289,0.0005741261736810094,1.0,,,-0.0016368168442753028,0.9964522722838621,0.4997129369131595,0.4997129369131595,0.00313424695783421,26
dst_dempster_fire_specificity_silence_sensitivity_tau_0_6,CWE-913,0.3404329004329004,0.25367965367965367,0.9939727140162857,0.9907643488992599,0.006027285983714244,0.7463203463203463,0.286005526005526,0.26498540575394613,0.2840169604253394,0.984892189091337,0.6238261838479697,0.623826068223907,0.14320771779622019,107
dst_dempster_fire_specificity_silence_sensitivity_tau_0_6,CWE-923,,0.0,1.0,0.9621190684325468,0.0,1.0,,,,0.9621190684325468,0.5,0.5,0.021698273675510128,331
dst_dempster_fire_specificity_silence_sensitivity_tau_0_7,CWE-116,0.0,0.0,0.9975840108940979,0.9933466979090909,0.0024159891059020297,1.0,,,-0.0038625171733067025,0.9909631198531299,0.49879200544704894,0.49879200544704894,0.004224029237446174,58
dst_dempster_fire_specificity_silence_sensitivity_tau_0_7,CWE-190,0.375,0.02857142857142857,0.9993015077079221,0.9844180323902257,0.0006984922920779795,0.9714285714285715,0.08673835125448028,0.05809814391050089,0.11145508122731246,0.9837484049127619,0.5139364681396753,0.5139364681396753,0.02644364776454114,140
dst_dempster_fire_specificity_silence_sensitivity_tau_0_7,CWE-191,0.0,0.0,0.9994214961912771,0.9894652752136299,0.0005785038087229346,1.0,,,-0.003170174949541319,0.9888990288942431,0.49971074809563854,0.49971074809563854,0.011199938317574827,92
dst_dempster_fire_specificity_silence_sensitivity_tau_0_7,CWE-20,0.008247338972667186,0.03823529411764706,0.8160268611874757,0.9544590824094111,0.1839731388125242,0.9617647058823529,0.01356719726377586,0.02213460938222813,-0.07371849213796913,0.7857620426274236,0.4271310776525614,0.4271310776525614,0.02547518316808207,340
dst_dempster_fire_specificity_silence_sensitivity_tau_0_7,CWE-269,0.0,0.0,0.9825446482653588,0.9898674841729964,0.01745535173464125,1.0,,,-0.013286628613431531,0.9727614499032449,0.4912723241326794,0.4912723241326794,0.006673191163898038,87
dst_dempster_fire_specificity_silence_sensitivity_tau_0_7,CWE-285,0.017786561264822136,0.006838106370543542,0.9884006512254434,0.9665427890537297,0.011599348774556656,0.9931618936294564,0.024691358024691357,0.019493844049247606,-0.008637948333081343,0.9557123480240467,0.4976193787979934,0.49762655442757203,0.03628610212596399,291
dst_dempster_fire_specificity_silence_sensitivity_tau_0_7,CWE-287,0.40728856624319415,0.07709677419354839,0.991373822791075,0.9332931115327993,0.008626177208924958,0.9229032258064516,0.12917843121494238,0.09190796258757424,0.15219058629375007,0.9261809978529895,0.5342352984923118,0.5342788155681664,0.0825040273413166,623
dst_dempster_fire_specificity_silence_sensitivity_tau_0_7,CWE-311,0.3541267186731977,0.47415917415917413,0.9600174813789009,0.9753139230901551,0.03998251862109918,0.5258408258408258,0.404797809278978,0.443506250564602,0.3779272451087289,0.938549478685154,0.7170883277690375,0.7175072916997807,0.2464778671954957,386
dst_dempster_fire_specificity_silence_sensitivity_tau_0_7,CWE-326,0.024267203957606433,0.15333333333333335,0.9806014384458882,0.9974306188118442,0.019398561554111755,0.8466666666666667,0.05230914918414918,0.09263245587885259,0.053842958424066736,0.9781414220471785,0.5669673858896107,0.566946286551023,0.008879396104102053,26
dst_dempster_fire_specificity_silence_sensitivity_tau_0_7,CWE-327,0.6989365101725737,0.7514285714285714,0.9862990569559212,0.9895990157132009,0.013700943044078703,0.24857142857142858,0.7223535226864485,0.73900822939352,0.7118638882387297,0.9768883518081617,0.8688638141922465,0.8707937266203128,0.6550768578265991,350
dst_dempster_fire_specificity_silence_sensitivity_tau_0_7,CWE-330,0.9183100570926659,0.876,0.9976438549964808,0.9963557985431917,0.0023561450035192786,0.124,0.8953475608005282,0.8833328448897906,0.8933035600580688,0.9941640576364259,0.9368219274982404,0.93782072500938,0.8711397703115662,250
dst_dempster_fire_specificity_silence_sensitivity_tau_0_7,CWE-345,0.4740384615384616,0.06037735849056604,0.9957352364417835,0.942566284014117,0.004264763558216491,0.939622641509434,0.10699003691501607,0.07311761517511732,0.15268467196278707,0.9390000762003344,0.5280562974661749,0.5280166181921074,0.07303906215858169,530
dst_dempster_fire_specificity_silence_sensitivity_tau_0_7,CWE-400,0.16666666666666666,0.00392156862745098,0.9995294792169748,0.9712584737589385,0.0004705207830251109,0.996078431372549,0.03773584905660377,0.024271844660194174,0.028243951576004626,0.9708180646312338,0.5017255239222129,0.5017255239222129,0.02508349827053969,252
dst_dempster_fire_specificity_silence_sensitivity_tau_0_7,CWE-501,0.6343582887700535,0.7555555555555555,0.9953759521156236,0.9974510718457104,0.004624047884376441,0.24444444444444446,0.6863769889840882,0.7253228560984017,0.6871823718274396,0.9929050742194943,0.8754657538355894,0.8757030354575995,0.5334587484724145,90
dst_dempster_fire_specificity_silence_sensitivity_tau_0_7,CWE-610,0.5940441176470588,0.3445143256464011,0.9926788717750735,0.9796106942920773,0.007321128224926374,0.6554856743535988,0.43565892324873723,0.37592587776051045,0.4395751169996499,0.9728707648071175,0.6685965987107373,0.6685621672941545,0.25493776893434705,267
dst_dempster_fire_specificity_silence_sensitivity_tau_0_7,CWE-662,0.5,0.010526315789473684,0.9998847262247839,0.9893549317615851,0.00011527377521613833,0.9894736842105264,0.1,0.06493506493506494,0.1128650158803385,0.9892433241232588,0.5052055210071288,0.5052055210071288,0.0190014225845472,94
dst_dempster_fire_specificity_silence_sensitivity_tau_0_7,CWE-665,0.0,0.0,0.9942675908198282,0.9981583908689181,0.005732409180171837,1.0,,,-0.003243654837687654,0.9924475357717111,0.4971337954099141,0.4971337954099141,0.001808520595097704,16
dst_dempster_fire_specificity_silence_sensitivity_tau_0_7,CWE-668,0.02978215711496593,0.016409298464092982,0.923689758790651,0.8673906986743948,0.07631024120934896,0.9835907015359069,0.021150705072099547,0.01802472631422974,-0.07845576588815771,0.8097870954158843,0.47004952862737204,0.47004952862737204,0.07935126580622023,1097
dst_dempster_fire_specificity_silence_sensitivity_tau_0_7,CWE-704,0.0,0.0,0.9994246205209987,0.9953056043851424,0.0005753794790013301,1.0,,,-0.002073085901499879,0.9947354882986836,0.49971231026049934,0.49971231026049934,0.005515093919368464,41
dst_dempster_fire_specificity_silence_sensitivity_tau_0_7,CWE-705,0.0,0.0,0.7919248153987226,0.9992774886697801,0.20807518460127733,1.0,,,-0.012260626171263982,0.7914716697010048,0.3959624076993613,0.3959624076993613,0.0006640461415802463,5
dst_dempster_fire_specificity_silence_sensitivity_tau_0_7,CWE-706,0.4587420933285594,0.4331638418079097,0.9821099644129129,0.980027747326033,0.017890035587087107,0.5668361581920903,0.44476614902543066,0.43755155247917993,0.426493657369754,0.9633819882374489,0.7076369031104112,0.7075415680979246,0.2644479214559303,298
dst_dempster_fire_specificity_silence_sensitivity_tau_0_7,CWE-74,0.38754615077199833,0.6152791068580543,0.8100250763010883,0.9151552301849772,0.18997492369891153,0.3847208931419458,0.4755028165117528,0.550521373169566,0.3587950161725755,0.7782233031740681,0.7126520915795713,0.7454144401273076,0.47108573983964774,1427
dst_dempster_fire_specificity_silence_sensitivity_tau_0_7,CWE-754,0.0,0.0,0.9995407540418931,0.9973668242147973,0.0004592459581069357,1.0,,,-0.0013956921387708468,0.9969099426864861,0.49977037702094657,0.49977037702094657,0.0024351446285045372,23
dst_dempster_fire_specificity_silence_sensitivity_tau_0_7,CWE-807,,0.0,1.0,0.9974824254522229,0.0,1.0,,,,0.9974824254522229,0.5,0.5,0.0018129355392920317,22
dst_dempster_fire_specificity_silence_sensitivity_tau_0_7,CWE-834,0.0,0.0,0.999425873826319,0.9970231146556289,0.0005741261736810094,1.0,,,-0.0016368168442753028,0.9964522722838621,0.4997129369131595,0.4997129369131595,0.00313424695783421,26
dst_dempster_fire_specificity_silence_sensitivity_tau_0_7,CWE-913,0.3404329004329004,0.25367965367965367,0.9939727140162857,0.9907643488992599,0.006027285983714244,0.7463203463203463,0.286005526005526,0.26498540575394613,0.2840169604253394,0.984892189091337,0.6238261838479697,0.623826068223907,0.14320771779622019,107
dst_dempster_fire_specificity_silence_sensitivity_tau_0_7,CWE-923,,0.0,1.0,0.9621190684325468,0.0,1.0,,,,0.9621190684325468,0.5,0.5,0.021698273675510128,331
dst_dempster_fire_specificity_silence_sensitivity_tau_0_8,CWE-116,0.0,0.0,0.9975840108940979,0.9933466979090909,0.0024159891059020297,1.0,,,-0.0038625171733067025,0.9909631198531299,0.49879200544704894,0.49879200544704894,0.004224029237446174,58
dst_dempster_fire_specificity_silence_sensitivity_tau_0_8,CWE-190,0.375,0.02857142857142857,0.9993015077079221,0.9844180323902257,0.0006984922920779795,0.9714285714285715,0.08673835125448028,0.05809814391050089,0.11145508122731246,0.9837484049127619,0.5139364681396753,0.5139364681396753,0.02644364776454114,140
dst_dempster_fire_specificity_silence_sensitivity_tau_0_8,CWE-191,0.0,0.0,0.9994214961912771,0.9894652752136299,0.0005785038087229346,1.0,,,-0.003170174949541319,0.9888990288942431,0.49971074809563854,0.49971074809563854,0.011199938317574827,92
dst_dempster_fire_specificity_silence_sensitivity_tau_0_8,CWE-20,0.008247338972667186,0.03823529411764706,0.8160268611874757,0.9544590824094111,0.1839731388125242,0.9617647058823529,0.01356719726377586,0.02213460938222813,-0.07371849213796913,0.7857620426274236,0.4271310776525614,0.4271310776525614,0.02547518316808207,340
dst_dempster_fire_specificity_silence_sensitivity_tau_0_8,CWE-269,0.0,0.0,0.9825446482653588,0.9898674841729964,0.01745535173464125,1.0,,,-0.013286628613431531,0.9727614499032449,0.4912723241326794,0.4912723241326794,0.006673191163898038,87
dst_dempster_fire_specificity_silence_sensitivity_tau_0_8,CWE-285,0.017786561264822136,0.006838106370543542,0.9884006512254434,0.9665427890537297,0.011599348774556656,0.9931618936294564,0.024691358024691357,0.019493844049247606,-0.008637948333081343,0.9557123480240467,0.4976193787979934,0.49762655442757203,0.03628610212596399,291
dst_dempster_fire_specificity_silence_sensitivity_tau_0_8,CWE-287,0.40728856624319415,0.07709677419354839,0.991373822791075,0.9332931115327993,0.008626177208924958,0.9229032258064516,0.12917843121494238,0.09190796258757424,0.15219058629375007,0.9261809978529895,0.5342352984923118,0.5342788155681664,0.0825040273413166,623
dst_dempster_fire_specificity_silence_sensitivity_tau_0_8,CWE-311,0.3541267186731977,0.47415917415917413,0.9600174813789009,0.9753139230901551,0.03998251862109918,0.5258408258408258,0.404797809278978,0.443506250564602,0.3779272451087289,0.938549478685154,0.7170883277690375,0.7175072916997807,0.2464778671954957,386
dst_dempster_fire_specificity_silence_sensitivity_tau_0_8,CWE-326,0.024267203957606433,0.15333333333333335,0.9806014384458882,0.9974306188118442,0.019398561554111755,0.8466666666666667,0.05230914918414918,0.09263245587885259,0.053842958424066736,0.9781414220471785,0.5669673858896107,0.566946286551023,0.008879396104102053,26
dst_dempster_fire_specificity_silence_sensitivity_tau_0_8,CWE-327,0.6989365101725737,0.7514285714285714,0.9862990569559212,0.9895990157132009,0.013700943044078703,0.24857142857142858,0.7223535226864485,0.73900822939352,0.7118638882387297,0.9768883518081617,0.8688638141922465,0.8707937266203128,0.6550768578265991,350
dst_dempster_fire_specificity_silence_sensitivity_tau_0_8,CWE-330,0.9183100570926659,0.876,0.9976438549964808,0.9963557985431917,0.0023561450035192786,0.124,0.8953475608005282,0.8833328448897906,0.8933035600580688,0.9941640576364259,0.9368219274982404,0.93782072500938,0.8711397703115662,250
dst_dempster_fire_specificity_silence_sensitivity_tau_0_8,CWE-345,0.4740384615384616,0.06037735849056604,0.9957352364417835,0.942566284014117,0.004264763558216491,0.939622641509434,0.10699003691501607,0.07311761517511732,0.15268467196278707,0.9390000762003344,0.5280562974661749,0.5280166181921074,0.07303906215858169,530
dst_dempster_fire_specificity_silence_sensitivity_tau_0_8,CWE-400,0.16666666666666666,0.00392156862745098,0.9995294792169748,0.9712584737589385,0.0004705207830251109,0.996078431372549,0.03773584905660377,0.024271844660194174,0.028243951576004626,0.9708180646312338,0.5017255239222129,0.5017255239222129,0.02508349827053969,252
dst_dempster_fire_specificity_silence_sensitivity_tau_0_8,CWE-501,0.6343582887700535,0.7555555555555555,0.9953759521156236,0.9974510718457104,0.004624047884376441,0.24444444444444446,0.6863769889840882,0.7253228560984017,0.6871823718274396,0.9929050742194943,0.8754657538355894,0.8757030354575995,0.5334587484724145,90
dst_dempster_fire_specificity_silence_sensitivity_tau_0_8,CWE-610,0.5940441176470588,0.3445143256464011,0.9926788717750735,0.9796106942920773,0.007321128224926374,0.6554856743535988,0.43565892324873723,0.37592587776051045,0.4395751169996499,0.9728707648071175,0.6685965987107373,0.6685621672941545,0.25493776893434705,267
dst_dempster_fire_specificity_silence_sensitivity_tau_0_8,CWE-662,0.5,0.010526315789473684,0.9998847262247839,0.9893549317615851,0.00011527377521613833,0.9894736842105264,0.1,0.06493506493506494,0.1128650158803385,0.9892433241232588,0.5052055210071288,0.5052055210071288,0.0190014225845472,94
dst_dempster_fire_specificity_silence_sensitivity_tau_0_8,CWE-665,0.0,0.0,0.9942675908198282,0.9981583908689181,0.005732409180171837,1.0,,,-0.003243654837687654,0.9924475357717111,0.4971337954099141,0.4971337954099141,0.001808520595097704,16
dst_dempster_fire_specificity_silence_sensitivity_tau_0_8,CWE-668,0.02978215711496593,0.016409298464092982,0.923689758790651,0.8673906986743948,0.07631024120934896,0.9835907015359069,0.021150705072099547,0.01802472631422974,-0.07845576588815771,0.8097870954158843,0.47004952862737204,0.47004952862737204,0.07935126580622023,1097
dst_dempster_fire_specificity_silence_sensitivity_tau_0_8,CWE-704,0.0,0.0,0.9994246205209987,0.9953056043851424,0.0005753794790013301,1.0,,,-0.002073085901499879,0.9947354882986836,0.49971231026049934,0.49971231026049934,0.005515093919368464,41
dst_dempster_fire_specificity_silence_sensitivity_tau_0_8,CWE-705,0.0,0.0,0.7919248153987226,0.9992774886697801,0.20807518460127733,1.0,,,-0.012260626171263982,0.7914716697010048,0.3959624076993613,0.3959624076993613,0.0006640461415802463,5
dst_dempster_fire_specificity_silence_sensitivity_tau_0_8,CWE-706,0.4587420933285594,0.4331638418079097,0.9821099644129129,0.980027747326033,0.017890035587087107,0.5668361581920903,0.44476614902543066,0.43755155247917993,0.426493657369754,0.9633819882374489,0.7076369031104112,0.7075415680979246,0.2644479214559303,298
dst_dempster_fire_specificity_silence_sensitivity_tau_0_8,CWE-74,0.5497211048975592,0.5711225616488774,0.9086405998091021,0.9156483498753787,0.09135940019089783,0.4288774383511226,0.5601960691450427,0.5666957935105527,0.47250575641074716,0.8535255650653799,0.7398815807289898,0.7454144401273076,0.47108573983964774,1427
dst_dempster_fire_specificity_silence_sensitivity_tau_0_8,CWE-754,0.0,0.0,0.9995407540418931,0.9973668242147973,0.0004592459581069357,1.0,,,-0.0013956921387708468,0.9969099426864861,0.49977037702094657,0.49977037702094657,0.0024351446285045372,23
dst_dempster_fire_specificity_silence_sensitivity_tau_0_8,CWE-807,,0.0,1.0,0.9974824254522229,0.0,1.0,,,,0.9974824254522229,0.5,0.5,0.0018129355392920317,22
dst_dempster_fire_specificity_silence_sensitivity_tau_0_8,CWE-834,0.0,0.0,0.999425873826319,0.9970231146556289,0.0005741261736810094,1.0,,,-0.0016368168442753028,0.9964522722838621,0.4997129369131595,0.4997129369131595,0.00313424695783421,26
dst_dempster_fire_specificity_silence_sensitivity_tau_0_8,CWE-913,0.3404329004329004,0.25367965367965367,0.9939727140162857,0.9907643488992599,0.006027285983714244,0.7463203463203463,0.286005526005526,0.26498540575394613,0.2840169604253394,0.984892189091337,0.6238261838479697,0.623826068223907,0.14320771779622019,107
dst_dempster_fire_specificity_silence_sensitivity_tau_0_8,CWE-923,,0.0,1.0,0.9621190684325468,0.0,1.0,,,,0.9621190684325468,0.5,0.5,0.021698273675510128,331
dst_dempster_fire_specificity_silence_sensitivity_tau_0_9,CWE-116,0.0,0.0,0.9975840108940979,0.9933466979090909,0.0024159891059020297,1.0,,,-0.0038625171733067025,0.9909631198531299,0.49879200544704894,0.49879200544704894,0.004224029237446174,58
dst_dempster_fire_specificity_silence_sensitivity_tau_0_9,CWE-190,0.375,0.02857142857142857,0.9993015077079221,0.9844180323902257,0.0006984922920779795,0.9714285714285715,0.08673835125448028,0.05809814391050089,0.11145508122731246,0.9837484049127619,0.5139364681396753,0.5139364681396753,0.02644364776454114,140
dst_dempster_fire_specificity_silence_sensitivity_tau_0_9,CWE-191,0.0,0.0,0.9994214961912771,0.9894652752136299,0.0005785038087229346,1.0,,,-0.003170174949541319,0.9888990288942431,0.49971074809563854,0.49971074809563854,0.011199938317574827,92
dst_dempster_fire_specificity_silence_sensitivity_tau_0_9,CWE-20,0.008247338972667186,0.03823529411764706,0.8160268611874757,0.9544590824094111,0.1839731388125242,0.9617647058823529,0.01356719726377586,0.02213460938222813,-0.07371849213796913,0.7857620426274236,0.4271310776525614,0.4271310776525614,0.02547518316808207,340
dst_dempster_fire_specificity_silence_sensitivity_tau_0_9,CWE-269,0.0,0.0,0.9825446482653588,0.9898674841729964,0.01745535173464125,1.0,,,-0.013286628613431531,0.9727614499032449,0.4912723241326794,0.4912723241326794,0.006673191163898038,87
dst_dempster_fire_specificity_silence_sensitivity_tau_0_9,CWE-285,0.017786561264822136,0.006838106370543542,0.9884006512254434,0.9665427890537297,0.011599348774556656,0.9931618936294564,0.024691358024691357,0.019493844049247606,-0.008637948333081343,0.9557123480240467,0.4976193787979934,0.49762655442757203,0.03628610212596399,291
dst_dempster_fire_specificity_silence_sensitivity_tau_0_9,CWE-287,0.40728856624319415,0.07709677419354839,0.991373822791075,0.9332931115327993,0.008626177208924958,0.9229032258064516,0.12917843121494238,0.09190796258757424,0.15219058629375007,0.9261809978529895,0.5342352984923118,0.5342788155681664,0.0825040273413166,623
dst_dempster_fire_specificity_silence_sensitivity_tau_0_9,CWE-311,0.3541267186731977,0.47415917415917413,0.9600174813789009,0.9753139230901551,0.03998251862109918,0.5258408258408258,0.404797809278978,0.443506250564602,0.3779272451087289,0.938549478685154,0.7170883277690375,0.7175072916997807,0.2464778671954957,386
dst_dempster_fire_specificity_silence_sensitivity_tau_0_9,CWE-326,0.024267203957606433,0.15333333333333335,0.9806014384458882,0.9974306188118442,0.019398561554111755,0.8466666666666667,0.05230914918414918,0.09263245587885259,0.053842958424066736,0.9781414220471785,0.5669673858896107,0.566946286551023,0.008879396104102053,26
dst_dempster_fire_specificity_silence_sensitivity_tau_0_9,CWE-327,0.6989365101725737,0.7514285714285714,0.9862990569559212,0.9895990157132009,0.013700943044078703,0.24857142857142858,0.7223535226864485,0.73900822939352,0.7118638882387297,0.9768883518081617,0.8688638141922465,0.8707937266203128,0.6550768578265991,350
dst_dempster_fire_specificity_silence_sensitivity_tau_0_9,CWE-330,0.9183100570926659,0.876,0.9976438549964808,0.9963557985431917,0.0023561450035192786,0.124,0.8953475608005282,0.8833328448897906,0.8933035600580688,0.9941640576364259,0.9368219274982404,0.93782072500938,0.8711397703115662,250
dst_dempster_fire_specificity_silence_sensitivity_tau_0_9,CWE-345,0.4740384615384616,0.06037735849056604,0.9957352364417835,0.942566284014117,0.004264763558216491,0.939622641509434,0.10699003691501607,0.07311761517511732,0.15268467196278707,0.9390000762003344,0.5280562974661749,0.5280166181921074,0.07303906215858169,530
dst_dempster_fire_specificity_silence_sensitivity_tau_0_9,CWE-400,0.16666666666666666,0.00392156862745098,0.9995294792169748,0.9712584737589385,0.0004705207830251109,0.996078431372549,0.03773584905660377,0.024271844660194174,0.028243951576004626,0.9708180646312338,0.5017255239222129,0.5017255239222129,0.02508349827053969,252
dst_dempster_fire_specificity_silence_sensitivity_tau_0_9,CWE-501,0.6343582887700535,0.7555555555555555,0.9953759521156236,0.9974510718457104,0.004624047884376441,0.24444444444444446,0.6863769889840882,0.7253228560984017,0.6871823718274396,0.9929050742194943,0.8754657538355894,0.8757030354575995,0.5334587484724145,90
dst_dempster_fire_specificity_silence_sensitivity_tau_0_9,CWE-610,0.5940441176470588,0.3445143256464011,0.9926788717750735,0.9796106942920773,0.007321128224926374,0.6554856743535988,0.43565892324873723,0.37592587776051045,0.4395751169996499,0.9728707648071175,0.6685965987107373,0.6685621672941545,0.25493776893434705,267
dst_dempster_fire_specificity_silence_sensitivity_tau_0_9,CWE-662,0.5,0.010526315789473684,0.9998847262247839,0.9893549317615851,0.00011527377521613833,0.9894736842105264,0.1,0.06493506493506494,0.1128650158803385,0.9892433241232588,0.5052055210071288,0.5052055210071288,0.0190014225845472,94
dst_dempster_fire_specificity_silence_sensitivity_tau_0_9,CWE-665,0.0,0.0,0.9942675908198282,0.9981583908689181,0.005732409180171837,1.0,,,-0.003243654837687654,0.9924475357717111,0.4971337954099141,0.4971337954099141,0.001808520595097704,16
dst_dempster_fire_specificity_silence_sensitivity_tau_0_9,CWE-668,0.02978215711496593,0.016409298464092982,0.923689758790651,0.8673906986743948,0.07631024120934896,0.9835907015359069,0.021150705072099547,0.01802472631422974,-0.07845576588815771,0.8097870954158843,0.47004952862737204,0.47004952862737204,0.07935126580622023,1097
dst_dempster_fire_specificity_silence_sensitivity_tau_0_9,CWE-704,0.0,0.0,0.9994246205209987,0.9953056043851424,0.0005753794790013301,1.0,,,-0.002073085901499879,0.9947354882986836,0.49971231026049934,0.49971231026049934,0.005515093919368464,41
dst_dempster_fire_specificity_silence_sensitivity_tau_0_9,CWE-705,,0.0,1.0,0.999427782060148,0.0,1.0,,,,0.999427782060148,0.5,0.3959624076993613,0.0006640461415802463,5
dst_dempster_fire_specificity_silence_sensitivity_tau_0_9,CWE-706,0.4587420933285594,0.4331638418079097,0.9821099644129129,0.980027747326033,0.017890035587087107,0.5668361581920903,0.44476614902543066,0.43755155247917993,0.426493657369754,0.9633819882374489,0.7076369031104112,0.7075415680979246,0.2644479214559303,298
dst_dempster_fire_specificity_silence_sensitivity_tau_0_9,CWE-74,0.6473960353261842,0.43518586676481413,0.9537604016796033,0.8964002411736445,0.046239598320396744,0.5648141332351859,0.5203618519650426,0.4656577260687439,0.45985290925513767,0.8690762335411385,0.6944731342222087,0.7454144401273076,0.47108573983964774,1427
dst_dempster_fire_specificity_silence_sensitivity_tau_0_9,CWE-754,0.0,0.0,0.9995407540418931,0.9973668242147973,0.0004592459581069357,1.0,,,-0.0013956921387708468,0.9969099426864861,0.49977037702094657,0.49977037702094657,0.0024351446285045372,23
dst_dempster_fire_specificity_silence_sensitivity_tau_0_9,CWE-807,,0.0,1.0,0.9974824254522229,0.0,1.0,,,,0.9974824254522229,0.5,0.5,0.0018129355392920317,22
dst_dempster_fire_specificity_silence_sensitivity_tau_0_9,CWE-834,0.0,0.0,0.999425873826319,0.9970231146556289,0.0005741261736810094,1.0,,,-0.0016368168442753028,0.9964522722838621,0.4997129369131595,0.4997129369131595,0.00313424695783421,26
dst_dempster_fire_specificity_silence_sensitivity_tau_0_9,CWE-913,0.3404329004329004,0.25367965367965367,0.9939727140162857,0.9907643488992599,0.006027285983714244,0.7463203463203463,0.286005526005526,0.26498540575394613,0.2840169604253394,0.984892189091337,0.6238261838479697,0.623826068223907,0.14320771779622019,107
dst_dempster_fire_specificity_silence_sensitivity_tau_0_9,CWE-923,,0.0,1.0,0.9621190684325468,0.0,1.0,,,,0.9621190684325468,0.5,0.5,0.021698273675510128,331
dst_pcr6_fire_specificity_silence_sensitivity_tau_0_1,CWE-116,0.006637125212259194,1.0,0.0,,1.0,0.0,0.013186589096853324,0.0323260680371054,,0.006637125212259194,0.5,0.49879200544704894,0.004224029237446174,58
dst_pcr6_fire_specificity_silence_sensitivity_tau_0_1,CWE-190,0.016022102315853142,1.0,0.0,,1.0,0.0,0.0315388814301979,0.07528554419545819,,0.016022102315853142,0.5,0.5139364681396753,0.02644364776454114,140
dst_pcr6_fire_specificity_silence_sensitivity_tau_0_1,CWE-191,0.010528625705703665,1.0,0.0,,1.0,0.0,0.020837711032198718,0.05051435127396233,,0.010528625705703665,0.5,0.49971074809563854,0.011199938317574827,92
dst_pcr6_fire_specificity_silence_sensitivity_tau_0_1,CWE-20,0.03891081990992907,1.0,0.0,,1.0,0.0,0.0749069272096872,0.16835118577524574,,0.03891081990992907,0.5,0.4271310776525614,0.02547518316808207,340
dst_pcr6_fire_specificity_silence_sensitivity_tau_0_1,CWE-269,0.00995719504344585,1.0,0.0,,1.0,0.0,0.019717875891192005,0.04787738499672114,,0.00995719504344585,0.5,0.4912723241326794,0.006673191163898038,87
dst_pcr6_fire_specificity_silence_sensitivity_tau_0_1,CWE-285,0.033303188048638036,1.0,0.0,,1.0,0.0,0.06445954003834602,0.14694052591986279,,0.033303188048638036,0.5,0.49762655442757203,0.03628610212596399,291
dst_pcr6_fire_specificity_silence_sensitivity_tau_0_1,CWE-287,0.07129866985874049,1.0,0.0,,1.0,0.0,0.13310672096662107,0.2773831570470438,,0.07129866985874049,0.5,0.5342714400303668,0.08253033414230639,623
dst_pcr6_fire_specificity_silence_sensitivity_tau_0_1,CWE-311,0.044175328905824096,1.0,0.0,,1.0,0.0,0.08461272120365193,0.18770738632231437,,0.044175328905824096,0.5,0.7190889239291658,0.2617383564068508,386
dst_pcr6_fire_specificity_silence_sensitivity_tau_0_1,CWE-326,0.002976032227995122,1.0,0.0,,1.0,0.0,0.0059342929476608386,0.014704034419137682,,0.002976032227995122,0.5,0.5669884852281986,0.008942299917005864,26
dst_pcr6_fire_specificity_silence_sensitivity_tau_0_1,CWE-327,0.5719876187163379,0.7914285714285715,0.7895095206895717,0.9890958337517466,0.2104904793104283,0.20857142857142857,0.591316021699958,0.6191870758393672,0.7091449477621259,0.7895595846848741,0.7904690460590716,0.8710779983587656,0.6669975562227983,350
dst_pcr6_fire_specificity_silence_sensitivity_tau_0_1,CWE-330,0.9183100570926659,0.876,0.9976438549964808,0.9963557985431917,0.0023561450035192786,0.124,0.8953475608005282,0.8833328448897906,0.8933035600580688,0.9941640576364259,0.9368219274982404,0.9378716125833444,0.8846306738848826,250
dst_pcr6_fire_specificity_silence_sensitivity_tau_0_1,CWE-345,0.06065510162430119,1.0,0.0,,1.0,0.0,0.11437285338661438,0.24406095518311818,,0.06065510162430119,0.5,0.5280959767402422,0.08654965795691334,530
dst_pcr6_fire_specificity_silence_sensitivity_tau_0_1,CWE-400,0.028839599780964405,1.0,0.0,,1.0,0.0,0.056062245949479575,0.12928292872746022,,0.028839599780964405,0.5,0.5017255239222129,0.02508349827053969,252
dst_pcr6_fire_specificity_silence_sensitivity_tau_0_1,CWE-501,0.39347259597949524,0.8222222222222222,0.597570225882478,0.9969108786162932,0.40242977411752207,0.17777777777777776,0.4121298004766835,0.43419228320693054,0.6712827467494965,0.5998768004391251,0.7098962240523501,0.8757030354575995,0.5334587484724145,90
dst_pcr6_fire_specificity_silence_sensitivity_tau_0_1,CWE-610,0.0305562536005201,1.0,0.0,,1.0,0.0,0.05930036931752686,0.13614032764120285,,0.0305562536005201,0.5,0.668769104381983,0.27564602650961134,267
dst_pcr6_fire_specificity_silence_sensitivity_tau_0_1,CWE-662,0.01075719832845043,1.0,0.0,,1.0,0.0,0.021285341992589486,0.051566363556829156,,0.01075719832845043,0.5,0.5052055210071288,0.0190014225845472,94
dst_pcr6_fire_specificity_silence_sensitivity_tau_0_1,CWE-665,0.0018308090706972465,1.0,0.0,,1.0,0.0,0.0036548249388115043,0.009086495736199383,,0.0018308090706972465,0.5,0.4971337954099141,0.001808520595097704,16
dst_pcr6_fire_specificity_silence_sensitivity_tau_0_1,CWE-668,0.12554521889352926,1.0,0.0,,1.0,0.0,0.22308288399950532,0.4178743969494126,,0.12554521889352926,0.5,0.47004952862737204,0.07935126580622023,1097
dst_pcr6_fire_specificity_silence_sensitivity_tau_0_1,CWE-704,0.0046917686043339984,1.0,0.0,,1.0,0.0,0.009339622078455685,0.023025785720466953,,0.0046917686043339984,0.5,0.49971231026049934,0.005515093919368464,41
dst_pcr6_fire_specificity_silence_sensitivity_tau_0_1,CWE-705,0.0005722179398518981,1.0,0.0,,1.0,0.0,0.0011437813821953318,0.002854555934153951,,0.0005722179398518981,0.5,0.3959624076993613,0.0006640461415802463,5
dst_pcr6_fire_specificity_silence_sensitivity_tau_0_1,CWE-706,0.034104503768367114,1.0,0.0,,1.0,0.0,0.06595929396591838,0.15005114500011635,,0.034104503768367114,0.5,0.7081344783830353,0.28791554628880717,298
dst_pcr6_fire_specificity_silence_sensitivity_tau_0_1,CWE-74,0.16331160292375452,1.0,0.0,,1.0,0.0,0.2807695541606191,0.4939096897723768,,0.16331160292375452,0.5,0.7454144401273076,0.47108573983964774,1427
dst_pcr6_fire_specificity_silence_sensitivity_tau_0_1,CWE-754,0.0026319946248035907,1.0,0.0,,1.0,0.0,0.005250016825459719,0.013021363928726442,,0.0026319946248035907,0.5,0.49977037702094657,0.0024351446285045372,23
dst_pcr6_fire_specificity_silence_sensitivity_tau_0_1,CWE-807,0.0024334978650866644,0.8,0.2,0.9971461187214612,0.8,0.2,0.004855058129688364,0.012048994964252512,,0.20137602203636157,0.5,0.5,0.0018129355392920317,22
dst_pcr6_fire_specificity_silence_sensitivity_tau_0_1,CWE-834,0.0029752449504010423,1.0,0.0,,1.0,0.0,0.005932738092245068,0.014700290915313557,,0.0029752449504010423,0.5,0.4997129369131595,0.00313424695783421,26
dst_pcr6_fire_specificity_silence_sensitivity_tau_0_1,CWE-913,0.012245279525259362,1.0,0.0,,1.0,0.0,0.02419414815148266,0.058366189878964046,,0.012245279525259362,0.5,0.6238262994720325,0.13616947825798068,107
dst_pcr6_fire_specificity_silence_sensitivity_tau_0_1,CWE-923,0.037757808216475744,0.8,0.2,0.9616265750286369,0.8,0.2,0.07276802909235704,0.16401712128465792,,0.222531561578908,0.5,0.5,0.021698273675510128,331
dst_pcr6_fire_specificity_silence_sensitivity_tau_0_2,CWE-116,0.006637125212259194,1.0,0.0,,1.0,0.0,0.013186589096853324,0.0323260680371054,,0.006637125212259194,0.5,0.49879200544704894,0.004224029237446174,58
dst_pcr6_fire_specificity_silence_sensitivity_tau_0_2,CWE-190,0.016022102315853142,1.0,0.0,,1.0,0.0,0.0315388814301979,0.07528554419545819,,0.016022102315853142,0.5,0.5139364681396753,0.02644364776454114,140
dst_pcr6_fire_specificity_silence_sensitivity_tau_0_2,CWE-191,0.010528625705703665,1.0,0.0,,1.0,0.0,0.020837711032198718,0.05051435127396233,,0.010528625705703665,0.5,0.49971074809563854,0.011199938317574827,92
dst_pcr6_fire_specificity_silence_sensitivity_tau_0_2,CWE-20,0.03891081990992907,1.0,0.0,,1.0,0.0,0.0749069272096872,0.16835118577524574,,0.03891081990992907,0.5,0.4271310776525614,0.02547518316808207,340
dst_pcr6_fire_specificity_silence_sensitivity_tau_0_2,CWE-269,0.00995719504344585,1.0,0.0,,1.0,0.0,0.019717875891192005,0.04787738499672114,,0.00995719504344585,0.5,0.4912723241326794,0.006673191163898038,87
dst_pcr6_fire_specificity_silence_sensitivity_tau_0_2,CWE-285,0.033303188048638036,1.0,0.0,,1.0,0.0,0.06445954003834602,0.14694052591986279,,0.033303188048638036,0.5,0.49762655442757203,0.03628610212596399,291
dst_pcr6_fire_specificity_silence_sensitivity_tau_0_2,CWE-287,0.07129866985874049,1.0,0.0,,1.0,0.0,0.13310672096662107,0.2773831570470438,,0.07129866985874049,0.5,0.5342714400303668,0.08253033414230639,623
dst_pcr6_fire_specificity_silence_sensitivity_tau_0_2,CWE-311,0.044175328905824096,1.0,0.0,,1.0,0.0,0.08461272120365193,0.18770738632231437,,0.044175328905824096,0.5,0.7190889239291658,0.2617383564068508,386
dst_pcr6_fire_specificity_silence_sensitivity_tau_0_2,CWE-326,0.002976032227995122,1.0,0.0,,1.0,0.0,0.0059342929476608386,0.014704034419137682,,0.002976032227995122,0.5,0.5669884852281986,0.008942299917005864,26
dst_pcr6_fire_specificity_silence_sensitivity_tau_0_2,CWE-327,0.6989365101725737,0.7514285714285714,0.9862990569559212,0.9895990157132009,0.013700943044078703,0.24857142857142858,0.7223535226864485,0.73900822939352,0.7118638882387297,0.9768883518081617,0.8688638141922465,0.8710779983587656,0.6669975562227983,350
dst_pcr6_fire_specificity_silence_sensitivity_tau_0_2,CWE-330,0.9183100570926659,0.876,0.9976438549964808,0.9963557985431917,0.0023561450035192786,0.124,0.8953475608005282,0.8833328448897906,0.8933035600580688,0.9941640576364259,0.9368219274982404,0.9378716125833444,0.8846306738848826,250
dst_pcr6_fire_specificity_silence_sensitivity_tau_0_2,CWE-345,0.06065510162430119,1.0,0.0,,1.0,0.0,0.11437285338661438,0.24406095518311818,,0.06065510162430119,0.5,0.5280959767402422,0.08654965795691334,530
dst_pcr6_fire_specificity_silence_sensitivity_tau_0_2,CWE-400,0.028839599780964405,1.0,0.0,,1.0,0.0,0.056062245949479575,0.12928292872746022,,0.028839599780964405,0.5,0.5017255239222129,0.02508349827053969,252
dst_pcr6_fire_specificity_silence_sensitivity_tau_0_2,CWE-501,0.6343582887700535,0.7555555555555555,0.9953759521156236,0.9974510718457104,0.004624047884376441,0.24444444444444446,0.6863769889840882,0.7253228560984017,0.6871823718274396,0.9929050742194943,0.8754657538355894,0.8757030354575995,0.5334587484724145,90
dst_pcr6_fire_specificity_silence_sensitivity_tau_0_2,CWE-610,0.0305562536005201,1.0,0.0,,1.0,0.0,0.05930036931752686,0.13614032764120285,,0.0305562536005201,0.5,0.668769104381983,0.27564602650961134,267
dst_pcr6_fire_specificity_silence_sensitivity_tau_0_2,CWE-662,0.01075719832845043,1.0,0.0,,1.0,0.0,0.021285341992589486,0.051566363556829156,,0.01075719832845043,0.5,0.5052055210071288,0.0190014225845472,94
dst_pcr6_fire_specificity_silence_sensitivity_tau_0_2,CWE-665,0.0018308090706972465,1.0,0.0,,1.0,0.0,0.0036548249388115043,0.009086495736199383,,0.0018308090706972465,0.5,0.4971337954099141,0.001808520595097704,16
dst_pcr6_fire_specificity_silence_sensitivity_tau_0_2,CWE-668,0.12554521889352926,1.0,0.0,,1.0,0.0,0.22308288399950532,0.4178743969494126,,0.12554521889352926,0.5,0.47004952862737204,0.07935126580622023,1097
dst_pcr6_fire_specificity_silence_sensitivity_tau_0_2,CWE-704,0.0046917686043339984,1.0,0.0,,1.0,0.0,0.009339622078455685,0.023025785720466953,,0.0046917686043339984,0.5,0.49971231026049934,0.005515093919368464,41
dst_pcr6_fire_specificity_silence_sensitivity_tau_0_2,CWE-705,0.0005722179398518981,1.0,0.0,,1.0,0.0,0.0011437813821953318,0.002854555934153951,,0.0005722179398518981,0.5,0.3959624076993613,0.0006640461415802463,5
dst_pcr6_fire_specificity_silence_sensitivity_tau_0_2,CWE-706,0.034104503768367114,1.0,0.0,,1.0,0.0,0.06595929396591838,0.15005114500011635,,0.034104503768367114,0.5,0.7081344783830353,0.28791554628880717,298
dst_pcr6_fire_specificity_silence_sensitivity_tau_0_2,CWE-74,0.38754615077199833,0.6152791068580543,0.8100250763010883,0.9151552301849772,0.18997492369891153,0.3847208931419458,0.4755028165117528,0.550521373169566,0.3587950161725755,0.7782233031740681,0.7126520915795713,0.7454144401273076,0.47108573983964774,1427
dst_pcr6_fire_specificity_silence_sensitivity_tau_0_2,CWE-754,0.0026319946248035907,1.0,0.0,,1.0,0.0,0.005250016825459719,0.013021363928726442,,0.0026319946248035907,0.5,0.49977037702094657,0.0024351446285045372,23
dst_pcr6_fire_specificity_silence_sensitivity_tau_0_2,CWE-807,0.0024334978650866644,0.8,0.2,0.9971461187214612,0.8,0.2,0.004855058129688364,0.012048994964252512,,0.20137602203636157,0.5,0.5,0.0018129355392920317,22
dst_pcr6_fire_specificity_silence_sensitivity_tau_0_2,CWE-834,0.0029752449504010423,1.0,0.0,,1.0,0.0,0.005932738092245068,0.014700290915313557,,0.0029752449504010423,0.5,0.4997129369131595,0.00313424695783421,26
dst_pcr6_fire_specificity_silence_sensitivity_tau_0_2,CWE-913,0.012245279525259362,1.0,0.0,,1.0,0.0,0.02419414815148266,0.058366189878964046,,0.012245279525259362,0.5,0.6238262994720325,0.13616947825798068,107
dst_pcr6_fire_specificity_silence_sensitivity_tau_0_2,CWE-923,0.037757808216475744,0.8,0.2,0.9616265750286369,0.8,0.2,0.07276802909235704,0.16401712128465792,,0.222531561578908,0.5,0.5,0.021698273675510128,331
dst_pcr6_fire_specificity_silence_sensitivity_tau_0_3,CWE-116,0.006637125212259194,1.0,0.0,,1.0,0.0,0.013186589096853324,0.0323260680371054,,0.006637125212259194,0.5,0.49879200544704894,0.004224029237446174,58
dst_pcr6_fire_specificity_silence_sensitivity_tau_0_3,CWE-190,0.016022102315853142,1.0,0.0,,1.0,0.0,0.0315388814301979,0.07528554419545819,,0.016022102315853142,0.5,0.5139364681396753,0.02644364776454114,140
dst_pcr6_fire_specificity_silence_sensitivity_tau_0_3,CWE-191,0.010528625705703665,1.0,0.0,,1.0,0.0,0.020837711032198718,0.05051435127396233,,0.010528625705703665,0.5,0.49971074809563854,0.011199938317574827,92
dst_pcr6_fire_specificity_silence_sensitivity_tau_0_3,CWE-20,0.03891081990992907,1.0,0.0,,1.0,0.0,0.0749069272096872,0.16835118577524574,,0.03891081990992907,0.5,0.4271310776525614,0.02547518316808207,340
dst_pcr6_fire_specificity_silence_sensitivity_tau_0_3,CWE-269,0.00995719504344585,1.0,0.0,,1.0,0.0,0.019717875891192005,0.04787738499672114,,0.00995719504344585,0.5,0.4912723241326794,0.006673191163898038,87
dst_pcr6_fire_specificity_silence_sensitivity_tau_0_3,CWE-285,0.033303188048638036,1.0,0.0,,1.0,0.0,0.06445954003834602,0.14694052591986279,,0.033303188048638036,0.5,0.49762655442757203,0.03628610212596399,291
dst_pcr6_fire_specificity_silence_sensitivity_tau_0_3,CWE-287,0.07129866985874049,1.0,0.0,,1.0,0.0,0.13310672096662107,0.2773831570470438,,0.07129866985874049,0.5,0.5342714400303668,0.08253033414230639,623
dst_pcr6_fire_specificity_silence_sensitivity_tau_0_3,CWE-311,0.3541267186731977,0.47415917415917413,0.9600174813789009,0.9753139230901551,0.03998251862109918,0.5258408258408258,0.404797809278978,0.443506250564602,0.3779272451087289,0.938549478685154,0.7170883277690375,0.7190889239291658,0.2617383564068508,386
dst_pcr6_fire_specificity_silence_sensitivity_tau_0_3,CWE-326,0.002976032227995122,1.0,0.0,,1.0,0.0,0.0059342929476608386,0.014704034419137682,,0.002976032227995122,0.5,0.5669884852281986,0.008942299917005864,26
dst_pcr6_fire_specificity_silence_sensitivity_tau_0_3,CWE-327,0.6989365101725737,0.7514285714285714,0.9862990569559212,0.9895990157132009,0.013700943044078703,0.24857142857142858,0.7223535226864485,0.73900822939352,0.7118638882387297,0.9768883518081617,0.8688638141922465,0.8710779983587656,0.6669975562227983,350
dst_pcr6_fire_specificity_silence_sensitivity_tau_0_3,CWE-330,0.9183100570926659,0.876,0.9976438549964808,0.9963557985431917,0.0023561450035192786,0.124,0.8953475608005282,0.8833328448897906,0.8933035600580688,0.9941640576364259,0.9368219274982404,0.9378716125833444,0.8846306738848826,250
dst_pcr6_fire_specificity_silence_sensitivity_tau_0_3,CWE-345,0.06065510162430119,1.0,0.0,,1.0,0.0,0.11437285338661438,0.24406095518311818,,0.06065510162430119,0.5,0.5280959767402422,0.08654965795691334,530
dst_pcr6_fire_specificity_silence_sensitivity_tau_0_3,CWE-400,0.028839599780964405,1.0,0.0,,1.0,0.0,0.056062245949479575,0.12928292872746022,,0.028839599780964405,0.5,0.5017255239222129,0.02508349827053969,252
dst_pcr6_fire_specificity_silence_sensitivity_tau_0_3,CWE-501,0.6343582887700535,0.7555555555555555,0.9953759521156236,0.9974510718457104,0.004624047884376441,0.24444444444444446,0.6863769889840882,0.7253228560984017,0.6871823718274396,0.9929050742194943,0.8754657538355894,0.8757030354575995,0.5334587484724145,90
dst_pcr6_fire_specificity_silence_sensitivity_tau_0_3,CWE-610,0.0305562536005201,1.0,0.0,,1.0,0.0,0.05930036931752686,0.13614032764120285,,0.0305562536005201,0.5,0.668769104381983,0.27564602650961134,267
dst_pcr6_fire_specificity_silence_sensitivity_tau_0_3,CWE-662,0.01075719832845043,1.0,0.0,,1.0,0.0,0.021285341992589486,0.051566363556829156,,0.01075719832845043,0.5,0.5052055210071288,0.0190014225845472,94
dst_pcr6_fire_specificity_silence_sensitivity_tau_0_3,CWE-665,0.0018308090706972465,1.0,0.0,,1.0,0.0,0.0036548249388115043,0.009086495736199383,,0.0018308090706972465,0.5,0.4971337954099141,0.001808520595097704,16
dst_pcr6_fire_specificity_silence_sensitivity_tau_0_3,CWE-668,0.12554521889352926,1.0,0.0,,1.0,0.0,0.22308288399950532,0.4178743969494126,,0.12554521889352926,0.5,0.47004952862737204,0.07935126580622023,1097
dst_pcr6_fire_specificity_silence_sensitivity_tau_0_3,CWE-704,0.0046917686043339984,1.0,0.0,,1.0,0.0,0.009339622078455685,0.023025785720466953,,0.0046917686043339984,0.5,0.49971231026049934,0.005515093919368464,41
dst_pcr6_fire_specificity_silence_sensitivity_tau_0_3,CWE-705,0.0005722179398518981,1.0,0.0,,1.0,0.0,0.0011437813821953318,0.002854555934153951,,0.0005722179398518981,0.5,0.3959624076993613,0.0006640461415802463,5
dst_pcr6_fire_specificity_silence_sensitivity_tau_0_3,CWE-706,0.4587420933285594,0.4331638418079097,0.9821099644129129,0.980027747326033,0.017890035587087107,0.5668361581920903,0.44476614902543066,0.43755155247917993,0.426493657369754,0.9633819882374489,0.7076369031104112,0.7081344783830353,0.28791554628880717,298
dst_pcr6_fire_specificity_silence_sensitivity_tau_0_3,CWE-74,0.38754615077199833,0.6152791068580543,0.8100250763010883,0.9151552301849772,0.18997492369891153,0.3847208931419458,0.4755028165117528,0.550521373169566,0.3587950161725755,0.7782233031740681,0.7126520915795713,0.7454144401273076,0.47108573983964774,1427
dst_pcr6_fire_specificity_silence_sensitivity_tau_0_3,CWE-754,0.0026319946248035907,1.0,0.0,,1.0,0.0,0.005250016825459719,0.013021363928726442,,0.0026319946248035907,0.5,0.49977037702094657,0.0024351446285045372,23
dst_pcr6_fire_specificity_silence_sensitivity_tau_0_3,CWE-807,0.0024334978650866644,0.8,0.2,0.9971461187214612,0.8,0.2,0.004855058129688364,0.012048994964252512,,0.20137602203636157,0.5,0.5,0.0018129355392920317,22
dst_pcr6_fire_specificity_silence_sensitivity_tau_0_3,CWE-834,0.0029752449504010423,1.0,0.0,,1.0,0.0,0.005932738092245068,0.014700290915313557,,0.0029752449504010423,0.5,0.4997129369131595,0.00313424695783421,26
dst_pcr6_fire_specificity_silence_sensitivity_tau_0_3,CWE-913,0.012245279525259362,1.0,0.0,,1.0,0.0,0.02419414815148266,0.058366189878964046,,0.012245279525259362,0.5,0.6238262994720325,0.13616947825798068,107
dst_pcr6_fire_specificity_silence_sensitivity_tau_0_3,CWE-923,0.037757808216475744,0.8,0.2,0.9616265750286369,0.8,0.2,0.07276802909235704,0.16401712128465792,,0.222531561578908,0.5,0.5,0.021698273675510128,331
dst_pcr6_fire_specificity_silence_sensitivity_tau_0_4,CWE-116,0.006637125212259194,1.0,0.0,,1.0,0.0,0.013186589096853324,0.0323260680371054,,0.006637125212259194,0.5,0.49879200544704894,0.004224029237446174,58
dst_pcr6_fire_specificity_silence_sensitivity_tau_0_4,CWE-190,0.016022102315853142,1.0,0.0,,1.0,0.0,0.0315388814301979,0.07528554419545819,,0.016022102315853142,0.5,0.5139364681396753,0.02644364776454114,140
dst_pcr6_fire_specificity_silence_sensitivity_tau_0_4,CWE-191,0.010528625705703665,1.0,0.0,,1.0,0.0,0.020837711032198718,0.05051435127396233,,0.010528625705703665,0.5,0.49971074809563854,0.011199938317574827,92
dst_pcr6_fire_specificity_silence_sensitivity_tau_0_4,CWE-20,0.03891081990992907,1.0,0.0,,1.0,0.0,0.0749069272096872,0.16835118577524574,,0.03891081990992907,0.5,0.4271310776525614,0.02547518316808207,340
dst_pcr6_fire_specificity_silence_sensitivity_tau_0_4,CWE-269,0.00995719504344585,1.0,0.0,,1.0,0.0,0.019717875891192005,0.04787738499672114,,0.00995719504344585,0.5,0.4912723241326794,0.006673191163898038,87
dst_pcr6_fire_specificity_silence_sensitivity_tau_0_4,CWE-285,0.033303188048638036,1.0,0.0,,1.0,0.0,0.06445954003834602,0.14694052591986279,,0.033303188048638036,0.5,0.49762655442757203,0.03628610212596399,291
dst_pcr6_fire_specificity_silence_sensitivity_tau_0_4,CWE-287,0.07129866985874049,1.0,0.0,,1.0,0.0,0.13310672096662107,0.2773831570470438,,0.07129866985874049,0.5,0.5342714400303668,0.08253033414230639,623
dst_pcr6_fire_specificity_silence_sensitivity_tau_0_4,CWE-311,0.3541267186731977,0.47415917415917413,0.9600174813789009,0.9753139230901551,0.03998251862109918,0.5258408258408258,0.404797809278978,0.443506250564602,0.3779272451087289,0.938549478685154,0.7170883277690375,0.7190889239291658,0.2617383564068508,386
dst_pcr6_fire_specificity_silence_sensitivity_tau_0_4,CWE-326,0.002976032227995122,1.0,0.0,,1.0,0.0,0.0059342929476608386,0.014704034419137682,,0.002976032227995122,0.5,0.5669884852281986,0.008942299917005864,26
dst_pcr6_fire_specificity_silence_sensitivity_tau_0_4,CWE-327,0.6989365101725737,0.7514285714285714,0.9862990569559212,0.9895990157132009,0.013700943044078703,0.24857142857142858,0.7223535226864485,0.73900822939352,0.7118638882387297,0.9768883518081617,0.8688638141922465,0.8710779983587656,0.6669975562227983,350
dst_pcr6_fire_specificity_silence_sensitivity_tau_0_4,CWE-330,0.9183100570926659,0.876,0.9976438549964808,0.9963557985431917,0.0023561450035192786,0.124,0.8953475608005282,0.8833328448897906,0.8933035600580688,0.9941640576364259,0.9368219274982404,0.9378716125833444,0.8846306738848826,250
dst_pcr6_fire_specificity_silence_sensitivity_tau_0_4,CWE-345,0.06065510162430119,1.0,0.0,,1.0,0.0,0.11437285338661438,0.24406095518311818,,0.06065510162430119,0.5,0.5280959767402422,0.08654965795691334,530
dst_pcr6_fire_specificity_silence_sensitivity_tau_0_4,CWE-400,0.028839599780964405,1.0,0.0,,1.0,0.0,0.056062245949479575,0.12928292872746022,,0.028839599780964405,0.5,0.5017255239222129,0.02508349827053969,252
dst_pcr6_fire_specificity_silence_sensitivity_tau_0_4,CWE-501,0.6343582887700535,0.7555555555555555,0.9953759521156236,0.9974510718457104,0.004624047884376441,0.24444444444444446,0.6863769889840882,0.7253228560984017,0.6871823718274396,0.9929050742194943,0.8754657538355894,0.8757030354575995,0.5334587484724145,90
dst_pcr6_fire_specificity_silence_sensitivity_tau_0_4,CWE-610,0.5940441176470588,0.3445143256464011,0.9926788717750735,0.9796106942920773,0.007321128224926374,0.6554856743535988,0.43565892324873723,0.37592587776051045,0.4395751169996499,0.9728707648071175,0.6685965987107373,0.668769104381983,0.27564602650961134,267
dst_pcr6_fire_specificity_silence_sensitivity_tau_0_4,CWE-662,0.01075719832845043,1.0,0.0,,1.0,0.0,0.021285341992589486,0.051566363556829156,,0.01075719832845043,0.5,0.5052055210071288,0.0190014225845472,94
dst_pcr6_fire_specificity_silence_sensitivity_tau_0_4,CWE-665,0.0018308090706972465,1.0,0.0,,1.0,0.0,0.0036548249388115043,0.009086495736199383,,0.0018308090706972465,0.5,0.4971337954099141,0.001808520595097704,16
dst_pcr6_fire_specificity_silence_sensitivity_tau_0_4,CWE-668,0.12554521889352926,1.0,0.0,,1.0,0.0,0.22308288399950532,0.4178743969494126,,0.12554521889352926,0.5,0.47004952862737204,0.07935126580622023,1097
dst_pcr6_fire_specificity_silence_sensitivity_tau_0_4,CWE-704,0.0046917686043339984,1.0,0.0,,1.0,0.0,0.009339622078455685,0.023025785720466953,,0.0046917686043339984,0.5,0.49971231026049934,0.005515093919368464,41
dst_pcr6_fire_specificity_silence_sensitivity_tau_0_4,CWE-705,0.0005722179398518981,1.0,0.0,,1.0,0.0,0.0011437813821953318,0.002854555934153951,,0.0005722179398518981,0.5,0.3959624076993613,0.0006640461415802463,5
dst_pcr6_fire_specificity_silence_sensitivity_tau_0_4,CWE-706,0.4587420933285594,0.4331638418079097,0.9821099644129129,0.980027747326033,0.017890035587087107,0.5668361581920903,0.44476614902543066,0.43755155247917993,0.426493657369754,0.9633819882374489,0.7076369031104112,0.7081344783830353,0.28791554628880717,298
dst_pcr6_fire_specificity_silence_sensitivity_tau_0_4,CWE-74,0.38754615077199833,0.6152791068580543,0.8100250763010883,0.9151552301849772,0.18997492369891153,0.3847208931419458,0.4755028165117528,0.550521373169566,0.3587950161725755,0.7782233031740681,0.7126520915795713,0.7454144401273076,0.47108573983964774,1427
dst_pcr6_fire_specificity_silence_sensitivity_tau_0_4,CWE-754,0.0026319946248035907,1.0,0.0,,1.0,0.0,0.005250016825459719,0.013021363928726442,,0.0026319946248035907,0.5,0.49977037702094657,0.0024351446285045372,23
dst_pcr6_fire_specificity_silence_sensitivity_tau_0_4,CWE-807,0.0024334978650866644,0.8,0.2,0.9971461187214612,0.8,0.2,0.004855058129688364,0.012048994964252512,,0.20137602203636157,0.5,0.5,0.0018129355392920317,22
dst_pcr6_fire_specificity_silence_sensitivity_tau_0_4,CWE-834,0.0029752449504010423,1.0,0.0,,1.0,0.0,0.005932738092245068,0.014700290915313557,,0.0029752449504010423,0.5,0.4997129369131595,0.00313424695783421,26
dst_pcr6_fire_specificity_silence_sensitivity_tau_0_4,CWE-913,0.3404329004329004,0.25367965367965367,0.9939727140162857,0.9907643488992599,0.006027285983714244,0.7463203463203463,0.286005526005526,0.26498540575394613,0.2840169604253394,0.984892189091337,0.6238261838479697,0.6238262994720325,0.13616947825798068,107
dst_pcr6_fire_specificity_silence_sensitivity_tau_0_4,CWE-923,0.037757808216475744,0.8,0.2,0.9616265750286369,0.8,0.2,0.07276802909235704,0.16401712128465792,,0.222531561578908,0.5,0.5,0.021698273675510128,331
dst_pcr6_fire_specificity_silence_sensitivity_tau_0_5,CWE-116,0.006637125212259194,1.0,0.0,,1.0,0.0,0.013186589096853324,0.0323260680371054,,0.006637125212259194,0.5,0.49879200544704894,0.004224029237446174,58
dst_pcr6_fire_specificity_silence_sensitivity_tau_0_5,CWE-190,0.375,0.02857142857142857,0.9993015077079221,0.9844180323902257,0.0006984922920779795,0.9714285714285715,0.08673835125448028,0.05809814391050089,0.11145508122731246,0.9837484049127619,0.5139364681396753,0.5139364681396753,0.02644364776454114,140
dst_pcr6_fire_specificity_silence_sensitivity_tau_0_5,CWE-191,0.010528625705703665,1.0,0.0,,1.0,0.0,0.020837711032198718,0.05051435127396233,,0.010528625705703665,0.5,0.49971074809563854,0.011199938317574827,92
dst_pcr6_fire_specificity_silence_sensitivity_tau_0_5,CWE-20,0.008247338972667186,0.03823529411764706,0.8160268611874757,0.9544590824094111,0.1839731388125242,0.9617647058823529,0.01356719726377586,0.02213460938222813,-0.07371849213796913,0.7857620426274236,0.4271310776525614,0.4271310776525614,0.02547518316808207,340
dst_pcr6_fire_specificity_silence_sensitivity_tau_0_5,CWE-269,0.00995719504344585,1.0,0.0,,1.0,0.0,0.019717875891192005,0.04787738499672114,,0.00995719504344585,0.5,0.4912723241326794,0.006673191163898038,87
dst_pcr6_fire_specificity_silence_sensitivity_tau_0_5,CWE-285,0.017786561264822136,0.006838106370543542,0.9884006512254434,0.9665427890537297,0.011599348774556656,0.9931618936294564,0.024691358024691357,0.019493844049247606,-0.008637948333081343,0.9557123480240467,0.4976193787979934,0.49762655442757203,0.03628610212596399,291
dst_pcr6_fire_specificity_silence_sensitivity_tau_0_5,CWE-287,0.40728856624319415,0.07709677419354839,0.991373822791075,0.9332931115327993,0.008626177208924958,0.9229032258064516,0.12917843121494238,0.09190796258757424,0.15219058629375007,0.9261809978529895,0.5342352984923118,0.5342714400303668,0.08253033414230639,623
dst_pcr6_fire_specificity_silence_sensitivity_tau_0_5,CWE-311,0.3541267186731977,0.47415917415917413,0.9600174813789009,0.9753139230901551,0.03998251862109918,0.5258408258408258,0.404797809278978,0.443506250564602,0.3779272451087289,0.938549478685154,0.7170883277690375,0.7190889239291658,0.2617383564068508,386
dst_pcr6_fire_specificity_silence_sensitivity_tau_0_5,CWE-326,0.024267203957606433,0.15333333333333335,0.9806014384458882,0.9974306188118442,0.019398561554111755,0.8466666666666667,0.05230914918414918,0.09263245587885259,0.053842958424066736,0.9781414220471785,0.5669673858896107,0.5669884852281986,0.008942299917005864,26
dst_pcr6_fire_specificity_silence_sensitivity_tau_0_5,CWE-327,0.6989365101725737,0.7514285714285714,0.9862990569559212,0.9895990157132009,0.013700943044078703,0.24857142857142858,0.7223535226864485,0.73900822939352,0.7118638882387297,0.9768883518081617,0.8688638141922465,0.8710779983587656,0.6669975562227983,350
dst_pcr6_fire_specificity_silence_sensitivity_tau_0_5,CWE-330,0.9183100570926659,0.876,0.9976438549964808,0.9963557985431917,0.0023561450035192786,0.124,0.8953475608005282,0.8833328448897906,0.8933035600580688,0.9941640576364259,0.9368219274982404,0.9378716125833444,0.8846306738848826,250
dst_pcr6_fire_specificity_silence_sensitivity_tau_0_5,CWE-345,0.4740384615384616,0.06037735849056604,0.9957352364417835,0.942566284014117,0.004264763558216491,0.939622641509434,0.10699003691501607,0.07311761517511732,0.15268467196278707,0.9390000762003344,0.5280562974661749,0.5280959767402422,0.08654965795691334,530
dst_pcr6_fire_specificity_silence_sensitivity_tau_0_5,CWE-400,0.009736540664375716,0.2,0.7996474733172698,0.9712405233913337,0.20035252668273013,0.8,0.05676126878130218,0.13076923076923078,-0.004972479727114764,0.7825019134284845,0.49982373665863494,0.5017255239222129,0.02508349827053969,252
dst_pcr6_fire_specificity_silence_sensitivity_tau_0_5,CWE-501,0.6343582887700535,0.7555555555555555,0.9953759521156236,0.9974510718457104,0.004624047884376441,0.24444444444444446,0.6863769889840882,0.7253228560984017,0.6871823718274396,0.9929050742194943,0.8754657538355894,0.8757030354575995,0.5334587484724145,90
dst_pcr6_fire_specificity_silence_sensitivity_tau_0_5,CWE-610,0.5940441176470588,0.3445143256464011,0.9926788717750735,0.9796106942920773,0.007321128224926374,0.6554856743535988,0.43565892324873723,0.37592587776051045,0.4395751169996499,0.9728707648071175,0.6685965987107373,0.668769104381983,0.27564602650961134,267
dst_pcr6_fire_specificity_silence_sensitivity_tau_0_5,CWE-662,0.005441008018327606,0.2,0.7998847262247839,0.9892724612635859,0.20011527377521615,0.8,0.02152974504249292,0.05214050493962678,-0.0024994019416464323,0.7934815830006928,0.49994236311239193,0.5052055210071288,0.0190014225845472,94
dst_pcr6_fire_specificity_silence_sensitivity_tau_0_5,CWE-665,0.0018308090706972465,1.0,0.0,,1.0,0.0,0.0036548249388115043,0.009086495736199383,,0.0018308090706972465,0.5,0.4971337954099141,0.001808520595097704,16
dst_pcr6_fire_specificity_silence_sensitivity_tau_0_5,CWE-668,0.02978215711496593,0.016409298464092982,0.923689758790651,0.8673906986743948,0.07631024120934896,0.9835907015359069,0.021150705072099547,0.01802472631422974,-0.07845576588815771,0.8097870954158843,0.47004952862737204,0.47004952862737204,0.07935126580622023,1097
dst_pcr6_fire_specificity_silence_sensitivity_tau_0_5,CWE-704,0.0046917686043339984,1.0,0.0,,1.0,0.0,0.009339622078455685,0.023025785720466953,,0.0046917686043339984,0.5,0.49971231026049934,0.005515093919368464,41
dst_pcr6_fire_specificity_silence_sensitivity_tau_0_5,CWE-705,0.0005722179398518981,1.0,0.0,,1.0,0.0,0.0011437813821953318,0.002854555934153951,,0.0005722179398518981,0.5,0.3959624076993613,0.0006640461415802463,5
dst_pcr6_fire_specificity_silence_sensitivity_tau_0_5,CWE-706,0.4587420933285594,0.4331638418079097,0.9821099644129129,0.980027747326033,0.017890035587087107,0.5668361581920903,0.44476614902543066,0.43755155247917993,0.426493657369754,0.9633819882374489,0.7076369031104112,0.7081344783830353,0.28791554628880717,298
dst_pcr6_fire_specificity_silence_sensitivity_tau_0_5,CWE-74,0.38754615077199833,0.6152791068580543,0.8100250763010883,0.9151552301849772,0.18997492369891153,0.3847208931419458,0.4755028165117528,0.550521373169566,0.3587950161725755,0.7782233031740681,0.7126520915795713,0.7454144401273076,0.47108573983964774,1427
dst_pcr6_fire_specificity_silence_sensitivity_tau_0_5,CWE-754,0.0026319946248035907,1.0,0.0,,1.0,0.0,0.005250016825459719,0.013021363928726442,,0.0026319946248035907,0.5,0.49977037702094657,0.0024351446285045372,23
dst_pcr6_fire_specificity_silence_sensitivity_tau_0_5,CWE-807,,0.0,1.0,0.9974824254522229,0.0,1.0,,,,0.9974824254522229,0.5,0.5,0.0018129355392920317,22
dst_pcr6_fire_specificity_silence_sensitivity_tau_0_5,CWE-834,0.0029752449504010423,1.0,0.0,,1.0,0.0,0.005932738092245068,0.014700290915313557,,0.0029752449504010423,0.5,0.4997129369131595,0.00313424695783421,26
dst_pcr6_fire_specificity_silence_sensitivity_tau_0_5,CWE-913,0.3404329004329004,0.25367965367965367,0.9939727140162857,0.9907643488992599,0.006027285983714244,0.7463203463203463,0.286005526005526,0.26498540575394613,0.2840169604253394,0.984892189091337,0.6238261838479697,0.6238262994720325,0.13616947825798068,107
dst_pcr6_fire_specificity_silence_sensitivity_tau_0_5,CWE-923,0.037757808216475744,0.8,0.2,0.9616265750286369,0.8,0.2,0.07276802909235704,0.16401712128465792,,0.222531561578908,0.5,0.5,0.021698273675510128,331
dst_pcr6_fire_specificity_silence_sensitivity_tau_0_6,CWE-116,0.0,0.0,0.9975840108940979,0.9933466979090909,0.0024159891059020297,1.0,,,-0.0038625171733067025,0.9909631198531299,0.49879200544704894,0.49879200544704894,0.004224029237446174,58
dst_pcr6_fire_specificity_silence_sensitivity_tau_0_6,CWE-190,0.375,0.02857142857142857,0.9993015077079221,0.9844180323902257,0.0006984922920779795,0.9714285714285715,0.08673835125448028,0.05809814391050089,0.11145508122731246,0.9837484049127619,0.5139364681396753,0.5139364681396753,0.02644364776454114,140
dst_pcr6_fire_specificity_silence_sensitivity_tau_0_6,CWE-191,0.0,0.0,0.9994214961912771,0.9894652752136299,0.0005785038087229346,1.0,,,-0.003170174949541319,0.9888990288942431,0.49971074809563854,0.49971074809563854,0.011199938317574827,92
dst_pcr6_fire_specificity_silence_sensitivity_tau_0_6,CWE-20,0.008247338972667186,0.03823529411764706,0.8160268611874757,0.9544590824094111,0.1839731388125242,0.9617647058823529,0.01356719726377586,0.02213460938222813,-0.07371849213796913,0.7857620426274236,0.4271310776525614,0.4271310776525614,0.02547518316808207,340
dst_pcr6_fire_specificity_silence_sensitivity_tau_0_6,CWE-269,0.0,0.0,0.9825446482653588,0.9898674841729964,0.01745535173464125,1.0,,,-0.013286628613431531,0.9727614499032449,0.4912723241326794,0.4912723241326794,0.006673191163898038,87
dst_pcr6_fire_specificity_silence_sensitivity_tau_0_6,CWE-285,0.017786561264822136,0.006838106370543542,0.9884006512254434,0.9665427890537297,0.011599348774556656,0.9931618936294564,0.024691358024691357,0.019493844049247606,-0.008637948333081343,0.9557123480240467,0.4976193787979934,0.49762655442757203,0.03628610212596399,291
dst_pcr6_fire_specificity_silence_sensitivity_tau_0_6,CWE-287,0.40728856624319415,0.07709677419354839,0.991373822791075,0.9332931115327993,0.008626177208924958,0.9229032258064516,0.12917843121494238,0.09190796258757424,0.15219058629375007,0.9261809978529895,0.5342352984923118,0.5342714400303668,0.08253033414230639,623
dst_pcr6_fire_specificity_silence_sensitivity_tau_0_6,CWE-311,0.3541267186731977,0.47415917415917413,0.9600174813789009,0.9753139230901551,0.03998251862109918,0.5258408258408258,0.404797809278978,0.443506250564602,0.3779272451087289,0.938549478685154,0.7170883277690375,0.7190889239291658,0.2617383564068508,386
dst_pcr6_fire_specificity_silence_sensitivity_tau_0_6,CWE-326,0.024267203957606433,0.15333333333333335,0.9806014384458882,0.9974306188118442,0.019398561554111755,0.8466666666666667,0.05230914918414918,0.09263245587885259,0.053842958424066736,0.9781414220471785,0.5669673858896107,0.5669884852281986,0.008942299917005864,26
dst_pcr6_fire_specificity_silence_sensitivity_tau_0_6,CWE-327,0.6989365101725737,0.7514285714285714,0.9862990569559212,0.9895990157132009,0.013700943044078703,0.24857142857142858,0.7223535226864485,0.73900822939352,0.7118638882387297,0.9768883518081617,0.8688638141922465,0.8710779983587656,0.6669975562227983,350
dst_pcr6_fire_specificity_silence_sensitivity_tau_0_6,CWE-330,0.9777777777777779,0.8719999999999999,0.9992924528301886,0.996245869026852,0.0007075471698113208,0.128,0.9197252490380121,0.889993280989861,0.9202167603020082,0.9956513542610621,0.9356462264150943,0.9378716125833444,0.8846306738848826,250
dst_pcr6_fire_specificity_silence_sensitivity_tau_0_6,CWE-345,0.4740384615384616,0.06037735849056604,0.9957352364417835,0.942566284014117,0.004264763558216491,0.939622641509434,0.10699003691501607,0.07311761517511732,0.15268467196278707,0.9390000762003344,0.5280562974661749,0.5280959767402422,0.08654965795691334,530
dst_pcr6_fire_specificity_silence_sensitivity_tau_0_6,CWE-400,0.16666666666666666,0.00392156862745098,0.9995294792169748,0.9712584737589385,0.0004705207830251109,0.996078431372549,0.03773584905660377,0.024271844660194174,0.028243951576004626,0.9708180646312338,0.5017255239222129,0.5017255239222129,0.02508349827053969,252
dst_pcr6_fire_specificity_silence_sensitivity_tau_0_6,CWE-501,0.6343582887700535,0.7555555555555555,0.9953759521156236,0.9974510718457104,0.004624047884376441,0.24444444444444446,0.6863769889840882,0.7253228560984017,0.6871823718274396,0.9929050742194943,0.8754657538355894,0.8757030354575995,0.5334587484724145,90
dst_pcr6_fire_specificity_silence_sensitivity_tau_0_6,CWE-610,0.5940441176470588,0.3445143256464011,0.9926788717750735,0.9796106942920773,0.007321128224926374,0.6554856743535988,0.43565892324873723,0.37592587776051045,0.4395751169996499,0.9728707648071175,0.6685965987107373,0.668769104381983,0.27564602650961134,267
dst_pcr6_fire_specificity_silence_sensitivity_tau_0_6,CWE-662,0.5,0.010526315789473684,0.9998847262247839,0.9893549317615851,0.00011527377521613833,0.9894736842105264,0.1,0.06493506493506494,0.1128650158803385,0.9892433241232588,0.5052055210071288,0.5052055210071288,0.0190014225845472,94
dst_pcr6_fire_specificity_silence_sensitivity_tau_0_6,CWE-665,0.0,0.0,0.9942675908198282,0.9981583908689181,0.005732409180171837,1.0,,,-0.003243654837687654,0.9924475357717111,0.4971337954099141,0.4971337954099141,0.001808520595097704,16
dst_pcr6_fire_specificity_silence_sensitivity_tau_0_6,CWE-668,0.02978215711496593,0.016409298464092982,0.923689758790651,0.8673906986743948,0.07631024120934896,0.9835907015359069,0.021150705072099547,0.01802472631422974,-0.07845576588815771,0.8097870954158843,0.47004952862737204,0.47004952862737204,0.07935126580622023,1097
dst_pcr6_fire_specificity_silence_sensitivity_tau_0_6,CWE-704,0.0,0.0,0.9994246205209987,0.9953056043851424,0.0005753794790013301,1.0,,,-0.002073085901499879,0.9947354882986836,0.49971231026049934,0.49971231026049934,0.005515093919368464,41
dst_pcr6_fire_specificity_silence_sensitivity_tau_0_6,CWE-705,0.0,0.0,0.7919248153987226,0.9992774886697801,0.20807518460127733,1.0,,,-0.012260626171263982,0.7914716697010048,0.3959624076993613,0.3959624076993613,0.0006640461415802463,5
dst_pcr6_fire_specificity_silence_sensitivity_tau_0_6,CWE-706,0.4587420933285594,0.4331638418079097,0.9821099644129129,0.980027747326033,0.017890035587087107,0.5668361581920903,0.44476614902543066,0.43755155247917993,0.426493657369754,0.9633819882374489,0.7076369031104112,0.7081344783830353,0.28791554628880717,298
dst_pcr6_fire_specificity_silence_sensitivity_tau_0_6,CWE-74,0.38754615077199833,0.6152791068580543,0.8100250763010883,0.9151552301849772,0.18997492369891153,0.3847208931419458,0.4755028165117528,0.550521373169566,0.3587950161725755,0.7782233031740681,0.7126520915795713,0.7454144401273076,0.47108573983964774,1427
dst_pcr6_fire_specificity_silence_sensitivity_tau_0_6,CWE-754,0.0,0.0,0.9995407540418931,0.9973668242147973,0.0004592459581069357,1.0,,,-0.0013956921387708468,0.9969099426864861,0.49977037702094657,0.49977037702094657,0.0024351446285045372,23
dst_pcr6_fire_specificity_silence_sensitivity_tau_0_6,CWE-807,,0.0,1.0,0.9974824254522229,0.0,1.0,,,,0.9974824254522229,0.5,0.5,0.0018129355392920317,22
dst_pcr6_fire_specificity_silence_sensitivity_tau_0_6,CWE-834,0.0,0.0,0.999425873826319,0.9970231146556289,0.0005741261736810094,1.0,,,-0.0016368168442753028,0.9964522722838621,0.4997129369131595,0.4997129369131595,0.00313424695783421,26
dst_pcr6_fire_specificity_silence_sensitivity_tau_0_6,CWE-913,0.3404329004329004,0.25367965367965367,0.9939727140162857,0.9907643488992599,0.006027285983714244,0.7463203463203463,0.286005526005526,0.26498540575394613,0.2840169604253394,0.984892189091337,0.6238261838479697,0.6238262994720325,0.13616947825798068,107
dst_pcr6_fire_specificity_silence_sensitivity_tau_0_6,CWE-923,,0.0,1.0,0.9621190684325468,0.0,1.0,,,,0.9621190684325468,0.5,0.5,0.021698273675510128,331
dst_pcr6_fire_specificity_silence_sensitivity_tau_0_7,CWE-116,0.0,0.0,0.9975840108940979,0.9933466979090909,0.0024159891059020297,1.0,,,-0.0038625171733067025,0.9909631198531299,0.49879200544704894,0.49879200544704894,0.004224029237446174,58
dst_pcr6_fire_specificity_silence_sensitivity_tau_0_7,CWE-190,0.375,0.02857142857142857,0.9993015077079221,0.9844180323902257,0.0006984922920779795,0.9714285714285715,0.08673835125448028,0.05809814391050089,0.11145508122731246,0.9837484049127619,0.5139364681396753,0.5139364681396753,0.02644364776454114,140
dst_pcr6_fire_specificity_silence_sensitivity_tau_0_7,CWE-191,0.0,0.0,0.9994214961912771,0.9894652752136299,0.0005785038087229346,1.0,,,-0.003170174949541319,0.9888990288942431,0.49971074809563854,0.49971074809563854,0.011199938317574827,92
dst_pcr6_fire_specificity_silence_sensitivity_tau_0_7,CWE-20,0.008247338972667186,0.03823529411764706,0.8160268611874757,0.9544590824094111,0.1839731388125242,0.9617647058823529,0.01356719726377586,0.02213460938222813,-0.07371849213796913,0.7857620426274236,0.4271310776525614,0.4271310776525614,0.02547518316808207,340
dst_pcr6_fire_specificity_silence_sensitivity_tau_0_7,CWE-269,0.0,0.0,0.9825446482653588,0.9898674841729964,0.01745535173464125,1.0,,,-0.013286628613431531,0.9727614499032449,0.4912723241326794,0.4912723241326794,0.006673191163898038,87
dst_pcr6_fire_specificity_silence_sensitivity_tau_0_7,CWE-285,0.017786561264822136,0.006838106370543542,0.9884006512254434,0.9665427890537297,0.011599348774556656,0.9931618936294564,0.024691358024691357,0.019493844049247606,-0.008637948333081343,0.9557123480240467,0.4976193787979934,0.49762655442757203,0.03628610212596399,291
dst_pcr6_fire_specificity_silence_sensitivity_tau_0_7,CWE-287,0.40728856624319415,0.07709677419354839,0.991373822791075,0.9332931115327993,0.008626177208924958,0.9229032258064516,0.12917843121494238,0.09190796258757424,0.15219058629375007,0.9261809978529895,0.5342352984923118,0.5342714400303668,0.08253033414230639,623
dst_pcr6_fire_specificity_silence_sensitivity_tau_0_7,CWE-311,0.3541267186731977,0.47415917415917413,0.9600174813789009,0.9753139230901551,0.03998251862109918,0.5258408258408258,0.404797809278978,0.443506250564602,0.3779272451087289,0.938549478685154,0.7170883277690375,0.7190889239291658,0.2617383564068508,386
dst_pcr6_fire_specificity_silence_sensitivity_tau_0_7,CWE-326,0.024267203957606433,0.15333333333333335,0.9806014384458882,0.9974306188118442,0.019398561554111755,0.8466666666666667,0.05230914918414918,0.09263245587885259,0.053842958424066736,0.9781414220471785,0.5669673858896107,0.5669884852281986,0.008942299917005864,26
dst_pcr6_fire_specificity_silence_sensitivity_tau_0_7,CWE-327,0.7009888240558735,0.7514285714285714,0.9864183886981648,0.9896003693269935,0.013581611301835267,0.24857142857142858,0.7233869573369044,0.7394233698086603,0.7129536732662488,0.9770028993453896,0.8689234800633681,0.8710779983587656,0.6669975562227983,350
dst_pcr6_fire_specificity_silence_sensitivity_tau_0_7,CWE-330,1.0,0.8719999999999999,1.0,0.9962467043859311,0.0,0.128,0.9310282317695663,0.8945652901338793,0.9317718014181124,0.9963386394844298,0.9359999999999999,0.9378716125833444,0.8846306738848826,250
dst_pcr6_fire_specificity_silence_sensitivity_tau_0_7,CWE-345,0.4740384615384616,0.06037735849056604,0.9957352364417835,0.942566284014117,0.004264763558216491,0.939622641509434,0.10699003691501607,0.07311761517511732,0.15268467196278707,0.9390000762003344,0.5280562974661749,0.5280959767402422,0.08654965795691334,530
dst_pcr6_fire_specificity_silence_sensitivity_tau_0_7,CWE-400,0.16666666666666666,0.00392156862745098,0.9995294792169748,0.9712584737589385,0.0004705207830251109,0.996078431372549,0.03773584905660377,0.024271844660194174,0.028243951576004626,0.9708180646312338,0.5017255239222129,0.5017255239222129,0.02508349827053969,252
dst_pcr6_fire_specificity_silence_sensitivity_tau_0_7,CWE-501,0.6343582887700535,0.7555555555555555,0.9953759521156236,0.9974510718457104,0.004624047884376441,0.24444444444444446,0.6863769889840882,0.7253228560984017,0.6871823718274396,0.9929050742194943,0.8754657538355894,0.8757030354575995,0.5334587484724145,90
dst_pcr6_fire_specificity_silence_sensitivity_tau_0_7,CWE-610,0.5940441176470588,0.3445143256464011,0.9926788717750735,0.9796106942920773,0.007321128224926374,0.6554856743535988,0.43565892324873723,0.37592587776051045,0.4395751169996499,0.9728707648071175,0.6685965987107373,0.668769104381983,0.27564602650961134,267
dst_pcr6_fire_specificity_silence_sensitivity_tau_0_7,CWE-662,0.5,0.010526315789473684,0.9998847262247839,0.9893549317615851,0.00011527377521613833,0.9894736842105264,0.1,0.06493506493506494,0.1128650158803385,0.9892433241232588,0.5052055210071288,0.5052055210071288,0.0190014225845472,94
dst_pcr6_fire_specificity_silence_sensitivity_tau_0_7,CWE-665,0.0,0.0,0.9942675908198282,0.9981583908689181,0.005732409180171837,1.0,,,-0.003243654837687654,0.9924475357717111,0.4971337954099141,0.4971337954099141,0.001808520595097704,16
dst_pcr6_fire_specificity_silence_sensitivity_tau_0_7,CWE-668,0.02978215711496593,0.016409298464092982,0.923689758790651,0.8673906986743948,0.07631024120934896,0.9835907015359069,0.021150705072099547,0.01802472631422974,-0.07845576588815771,0.8097870954158843,0.47004952862737204,0.47004952862737204,0.07935126580622023,1097
dst_pcr6_fire_specificity_silence_sensitivity_tau_0_7,CWE-704,0.0,0.0,0.9994246205209987,0.9953056043851424,0.0005753794790013301,1.0,,,-0.002073085901499879,0.9947354882986836,0.49971231026049934,0.49971231026049934,0.005515093919368464,41
dst_pcr6_fire_specificity_silence_sensitivity_tau_0_7,CWE-705,0.0,0.0,0.7919248153987226,0.9992774886697801,0.20807518460127733,1.0,,,-0.012260626171263982,0.7914716697010048,0.3959624076993613,0.3959624076993613,0.0006640461415802463,5
dst_pcr6_fire_specificity_silence_sensitivity_tau_0_7,CWE-706,0.4587420933285594,0.4331638418079097,0.9821099644129129,0.980027747326033,0.017890035587087107,0.5668361581920903,0.44476614902543066,0.43755155247917993,0.426493657369754,0.9633819882374489,0.7076369031104112,0.7081344783830353,0.28791554628880717,298
dst_pcr6_fire_specificity_silence_sensitivity_tau_0_7,CWE-74,0.5497211048975592,0.5711225616488774,0.9086405998091021,0.9156483498753787,0.09135940019089783,0.4288774383511226,0.5601960691450427,0.5666957935105527,0.47250575641074716,0.8535255650653799,0.7398815807289898,0.7454144401273076,0.47108573983964774,1427
dst_pcr6_fire_specificity_silence_sensitivity_tau_0_7,CWE-754,0.0,0.0,0.9995407540418931,0.9973668242147973,0.0004592459581069357,1.0,,,-0.0013956921387708468,0.9969099426864861,0.49977037702094657,0.49977037702094657,0.0024351446285045372,23
dst_pcr6_fire_specificity_silence_sensitivity_tau_0_7,CWE-807,,0.0,1.0,0.9974824254522229,0.0,1.0,,,,0.9974824254522229,0.5,0.5,0.0018129355392920317,22
dst_pcr6_fire_specificity_silence_sensitivity_tau_0_7,CWE-834,0.0,0.0,0.999425873826319,0.9970231146556289,0.0005741261736810094,1.0,,,-0.0016368168442753028,0.9964522722838621,0.4997129369131595,0.4997129369131595,0.00313424695783421,26
dst_pcr6_fire_specificity_silence_sensitivity_tau_0_7,CWE-913,0.3404329004329004,0.25367965367965367,0.9939727140162857,0.9907643488992599,0.006027285983714244,0.7463203463203463,0.286005526005526,0.26498540575394613,0.2840169604253394,0.984892189091337,0.6238261838479697,0.6238262994720325,0.13616947825798068,107
dst_pcr6_fire_specificity_silence_sensitivity_tau_0_7,CWE-923,,0.0,1.0,0.9621190684325468,0.0,1.0,,,,0.9621190684325468,0.5,0.5,0.021698273675510128,331
dst_pcr6_fire_specificity_silence_sensitivity_tau_0_8,CWE-116,0.0,0.0,0.9975840108940979,0.9933466979090909,0.0024159891059020297,1.0,,,-0.0038625171733067025,0.9909631198531299,0.49879200544704894,0.49879200544704894,0.004224029237446174,58
dst_pcr6_fire_specificity_silence_sensitivity_tau_0_8,CWE-190,0.375,0.02857142857142857,0.9993015077079221,0.9844180323902257,0.0006984922920779795,0.9714285714285715,0.08673835125448028,0.05809814391050089,0.11145508122731246,0.9837484049127619,0.5139364681396753,0.5139364681396753,0.02644364776454114,140
dst_pcr6_fire_specificity_silence_sensitivity_tau_0_8,CWE-191,0.0,0.0,0.9994214961912771,0.9894652752136299,0.0005785038087229346,1.0,,,-0.003170174949541319,0.9888990288942431,0.49971074809563854,0.49971074809563854,0.011199938317574827,92
dst_pcr6_fire_specificity_silence_sensitivity_tau_0_8,CWE-20,0.008247338972667186,0.03823529411764706,0.8160268611874757,0.9544590824094111,0.1839731388125242,0.9617647058823529,0.01356719726377586,0.02213460938222813,-0.07371849213796913,0.7857620426274236,0.4271310776525614,0.4271310776525614,0.02547518316808207,340
dst_pcr6_fire_specificity_silence_sensitivity_tau_0_8,CWE-269,0.0,0.0,0.9825446482653588,0.9898674841729964,0.01745535173464125,1.0,,,-0.013286628613431531,0.9727614499032449,0.4912723241326794,0.4912723241326794,0.006673191163898038,87
dst_pcr6_fire_specificity_silence_sensitivity_tau_0_8,CWE-285,0.017786561264822136,0.006838106370543542,0.9884006512254434,0.9665427890537297,0.011599348774556656,0.9931618936294564,0.024691358024691357,0.019493844049247606,-0.008637948333081343,0.9557123480240467,0.4976193787979934,0.49762655442757203,0.03628610212596399,291
dst_pcr6_fire_specificity_silence_sensitivity_tau_0_8,CWE-287,0.40728856624319415,0.07709677419354839,0.991373822791075,0.9332931115327993,0.008626177208924958,0.9229032258064516,0.12917843121494238,0.09190796258757424,0.15219058629375007,0.9261809978529895,0.5342352984923118,0.5342714400303668,0.08253033414230639,623
dst_pcr6_fire_specificity_silence_sensitivity_tau_0_8,CWE-311,0.3541267186731977,0.47415917415917413,0.9600174813789009,0.9753139230901551,0.03998251862109918,0.5258408258408258,0.404797809278978,0.443506250564602,0.3779272451087289,0.938549478685154,0.7170883277690375,0.7190889239291658,0.2617383564068508,386
dst_pcr6_fire_specificity_silence_sensitivity_tau_0_8,CWE-326,0.024267203957606433,0.15333333333333335,0.9806014384458882,0.9974306188118442,0.019398561554111755,0.8466666666666667,0.05230914918414918,0.09263245587885259,0.053842958424066736,0.9781414220471785,0.5669673858896107,0.5669884852281986,0.008942299917005864,26
dst_pcr6_fire_specificity_silence_sensitivity_tau_0_8,CWE-327,0.7509084163553342,0.7228571428571429,0.9898724960548482,0.9884547396478236,0.010127503945151776,0.27714285714285714,0.7353719000565901,0.7275279393908578,0.7253595981280524,0.9791751193606112,0.8563648194559956,0.8710779983587656,0.6669975562227983,350
dst_pcr6_fire_specificity_silence_sensitivity_tau_0_8,CWE-330,1.0,0.8719999999999999,1.0,0.9962467043859311,0.0,0.128,0.9310282317695663,0.8945652901338793,0.9317718014181124,0.9963386394844298,0.9359999999999999,0.9378716125833444,0.8846306738848826,250
dst_pcr6_fire_specificity_silence_sensitivity_tau_0_8,CWE-345,0.4740384615384616,0.06037735849056604,0.9957352364417835,0.942566284014117,0.004264763558216491,0.939622641509434,0.10699003691501607,0.07311761517511732,0.15268467196278707,0.9390000762003344,0.5280562974661749,0.5280959767402422,0.08654965795691334,530
dst_pcr6_fire_specificity_silence_sensitivity_tau_0_8,CWE-400,0.16666666666666666,0.00392156862745098,0.9995294792169748,0.9712584737589385,0.0004705207830251109,0.996078431372549,0.03773584905660377,0.024271844660194174,0.028243951576004626,0.9708180646312338,0.5017255239222129,0.5017255239222129,0.02508349827053969,252
dst_pcr6_fire_specificity_silence_sensitivity_tau_0_8,CWE-501,0.6563157894736842,0.6333333333333333,0.996531494604959,0.9961850773259261,0.0034685053950409815,0.36666666666666664,0.6430424232281817,0.6368088433305825,0.6403139211725425,0.9927897366992509,0.8149324139691462,0.8757030354575995,0.5334587484724145,90
dst_pcr6_fire_specificity_silence_sensitivity_tau_0_8,CWE-610,0.5940441176470588,0.3445143256464011,0.9926788717750735,0.9796106942920773,0.007321128224926374,0.6554856743535988,0.43565892324873723,0.37592587776051045,0.4395751169996499,0.9728707648071175,0.6685965987107373,0.668769104381983,0.27564602650961134,267
dst_pcr6_fire_specificity_silence_sensitivity_tau_0_8,CWE-662,0.5,0.010526315789473684,0.9998847262247839,0.9893549317615851,0.00011527377521613833,0.9894736842105264,0.1,0.06493506493506494,0.1128650158803385,0.9892433241232588,0.5052055210071288,0.5052055210071288,0.0190014225845472,94
dst_pcr6_fire_specificity_silence_sensitivity_tau_0_8,CWE-665,0.0,0.0,0.9942675908198282,0.9981583908689181,0.005732409180171837,1.0,,,-0.003243654837687654,0.9924475357717111,0.4971337954099141,0.4971337954099141,0.001808520595097704,16
dst_pcr6_fire_specificity_silence_sensitivity_tau_0_8,CWE-668,0.02978215711496593,0.016409298464092982,0.923689758790651,0.8673906986743948,0.07631024120934896,0.9835907015359069,0.021150705072099547,0.01802472631422974,-0.07845576588815771,0.8097870954158843,0.47004952862737204,0.47004952862737204,0.07935126580622023,1097
dst_pcr6_fire_specificity_silence_sensitivity_tau_0_8,CWE-704,0.0,0.0,0.9994246205209987,0.9953056043851424,0.0005753794790013301,1.0,,,-0.002073085901499879,0.9947354882986836,0.49971231026049934,0.49971231026049934,0.005515093919368464,41
dst_pcr6_fire_specificity_silence_sensitivity_tau_0_8,CWE-705,0.0,0.0,0.7919248153987226,0.9992774886697801,0.20807518460127733,1.0,,,-0.012260626171263982,0.7914716697010048,0.3959624076993613,0.3959624076993613,0.0006640461415802463,5
dst_pcr6_fire_specificity_silence_sensitivity_tau_0_8,CWE-706,0.4587420933285594,0.4331638418079097,0.9821099644129129,0.980027747326033,0.017890035587087107,0.5668361581920903,0.44476614902543066,0.43755155247917993,0.426493657369754,0.9633819882374489,0.7076369031104112,0.7081344783830353,0.28791554628880717,298
dst_pcr6_fire_specificity_silence_sensitivity_tau_0_8,CWE-74,0.6473960353261842,0.43518586676481413,0.9537604016796033,0.8964002411736445,0.046239598320396744,0.5648141332351859,0.5203618519650426,0.4656577260687439,0.45985290925513767,0.8690762335411385,0.6944731342222087,0.7454144401273076,0.47108573983964774,1427
dst_pcr6_fire_specificity_silence_sensitivity_tau_0_8,CWE-754,0.0,0.0,0.9995407540418931,0.9973668242147973,0.0004592459581069357,1.0,,,-0.0013956921387708468,0.9969099426864861,0.49977037702094657,0.49977037702094657,0.0024351446285045372,23
dst_pcr6_fire_specificity_silence_sensitivity_tau_0_8,CWE-807,,0.0,1.0,0.9974824254522229,0.0,1.0,,,,0.9974824254522229,0.5,0.5,0.0018129355392920317,22
dst_pcr6_fire_specificity_silence_sensitivity_tau_0_8,CWE-834,0.0,0.0,0.999425873826319,0.9970231146556289,0.0005741261736810094,1.0,,,-0.0016368168442753028,0.9964522722838621,0.4997129369131595,0.4997129369131595,0.00313424695783421,26
dst_pcr6_fire_specificity_silence_sensitivity_tau_0_8,CWE-913,0.3404329004329004,0.25367965367965367,0.9939727140162857,0.9907643488992599,0.006027285983714244,0.7463203463203463,0.286005526005526,0.26498540575394613,0.2840169604253394,0.984892189091337,0.6238261838479697,0.6238262994720325,0.13616947825798068,107
dst_pcr6_fire_specificity_silence_sensitivity_tau_0_8,CWE-923,,0.0,1.0,0.9621190684325468,0.0,1.0,,,,0.9621190684325468,0.5,0.5,0.021698273675510128,331
dst_pcr6_fire_specificity_silence_sensitivity_tau_0_9,CWE-116,0.0,0.0,0.9975840108940979,0.9933466979090909,0.0024159891059020297,1.0,,,-0.0038625171733067025,0.9909631198531299,0.49879200544704894,0.49879200544704894,0.004224029237446174,58
dst_pcr6_fire_specificity_silence_sensitivity_tau_0_9,CWE-190,0.375,0.02857142857142857,0.9993015077079221,0.9844180323902257,0.0006984922920779795,0.9714285714285715,0.08673835125448028,0.05809814391050089,0.11145508122731246,0.9837484049127619,0.5139364681396753,0.5139364681396753,0.02644364776454114,140
dst_pcr6_fire_specificity_silence_sensitivity_tau_0_9,CWE-191,0.0,0.0,0.9994214961912771,0.9894652752136299,0.0005785038087229346,1.0,,,-0.003170174949541319,0.9888990288942431,0.49971074809563854,0.49971074809563854,0.011199938317574827,92
dst_pcr6_fire_specificity_silence_sensitivity_tau_0_9,CWE-20,0.008247338972667186,0.03823529411764706,0.8160268611874757,0.9544590824094111,0.1839731388125242,0.9617647058823529,0.01356719726377586,0.02213460938222813,-0.07371849213796913,0.7857620426274236,0.4271310776525614,0.4271310776525614,0.02547518316808207,340
dst_pcr6_fire_specificity_silence_sensitivity_tau_0_9,CWE-269,0.0,0.0,0.9825446482653588,0.9898674841729964,0.01745535173464125,1.0,,,-0.013286628613431531,0.9727614499032449,0.4912723241326794,0.4912723241326794,0.006673191163898038,87
dst_pcr6_fire_specificity_silence_sensitivity_tau_0_9,CWE-285,0.017786561264822136,0.006838106370543542,0.9884006512254434,0.9665427890537297,0.011599348774556656,0.9931618936294564,0.024691358024691357,0.019493844049247606,-0.008637948333081343,0.9557123480240467,0.4976193787979934,0.49762655442757203,0.03628610212596399,291
dst_pcr6_fire_specificity_silence_sensitivity_tau_0_9,CWE-287,0.40728856624319415,0.07709677419354839,0.991373822791075,0.9332931115327993,0.008626177208924958,0.9229032258064516,0.12917843121494238,0.09190796258757424,0.15219058629375007,0.9261809978529895,0.5342352984923118,0.5342714400303668,0.08253033414230639,623
dst_pcr6_fire_specificity_silence_sensitivity_tau_0_9,CWE-311,0.39191574093913273,0.4586080586080586,0.9670809104649155,0.974783514971554,0.03291908953508441,0.5413919413919415,0.42191517828848246,0.4429662688074962,0.3947860174720114,0.9446155709320843,0.7128444845364871,0.7190889239291658,0.2617383564068508,386
dst_pcr6_fire_specificity_silence_sensitivity_tau_0_9,CWE-326,0.024267203957606433,0.15333333333333335,0.9806014384458882,0.9974306188118442,0.019398561554111755,0.8466666666666667,0.05230914918414918,0.09263245587885259,0.053842958424066736,0.9781414220471785,0.5669673858896107,0.5669884852281986,0.008942299917005864,26
dst_pcr6_fire_specificity_silence_sensitivity_tau_0_9,CWE-327,0.8934399899617291,0.3628571428571429,0.9966723136777251,0.9740742799612663,0.0033276863222748815,0.6371428571428571,0.48593365026745106,0.40015565970253497,0.5412561254296772,0.9712731182806724,0.679764728267434,0.8710779983587656,0.6669975562227983,350
dst_pcr6_fire_specificity_silence_sensitivity_tau_0_9,CWE-330,1.0,0.8719999999999999,1.0,0.9962467043859311,0.0,0.128,0.9310282317695663,0.8945652901338793,0.9317718014181124,0.9963386394844298,0.9359999999999999,0.9378716125833444,0.8846306738848826,250
dst_pcr6_fire_specificity_silence_sensitivity_tau_0_9,CWE-345,0.4740384615384616,0.06037735849056604,0.9957352364417835,0.942566284014117,0.004264763558216491,0.939622641509434,0.10699003691501607,0.07311761517511732,0.15268467196278707,0.9390000762003344,0.5280562974661749,0.5280959767402422,0.08654965795691334,530
dst_pcr6_fire_specificity_silence_sensitivity_tau_0_9,CWE-400,0.16666666666666666,0.00392156862745098,0.9995294792169748,0.9712584737589385,0.0004705207830251109,0.996078431372549,0.03773584905660377,0.024271844660194174,0.028243951576004626,0.9708180646312338,0.5017255239222129,0.5017255239222129,0.02508349827053969,252
dst_pcr6_fire_specificity_silence_sensitivity_tau_0_9,CWE-501,0.7074203574203575,0.3555555555555555,0.9983820279151704,0.9933268865380107,0.0016179720848295714,0.6444444444444445,0.460708681175867,0.3904707005985183,0.4899127929215229,0.9917589336189794,0.676968791735363,0.8757030354575995,0.5334587484724145,90
dst_pcr6_fire_specificity_silence_sensitivity_tau_0_9,CWE-610,0.5940441176470588,0.3445143256464011,0.9926788717750735,0.9796106942920773,0.007321128224926374,0.6554856743535988,0.43565892324873723,0.37592587776051045,0.4395751169996499,0.9728707648071175,0.6685965987107373,0.668769104381983,0.27564602650961134,267
dst_pcr6_fire_specificity_silence_sensitivity_tau_0_9,CWE-662,0.5,0.010526315789473684,0.9998847262247839,0.9893549317615851,0.00011527377521613833,0.9894736842105264,0.1,0.06493506493506494,0.1128650158803385,0.9892433241232588,0.5052055210071288,0.5052055210071288,0.0190014225845472,94
dst_pcr6_fire_specificity_silence_sensitivity_tau_0_9,CWE-665,0.0,0.0,0.9942675908198282,0.9981583908689181,0.005732409180171837,1.0,,,-0.003243654837687654,0.9924475357717111,0.4971337954099141,0.4971337954099141,0.001808520595097704,16
dst_pcr6_fire_specificity_silence_sensitivity_tau_0_9,CWE-668,0.02978215711496593,0.016409298464092982,0.923689758790651,0.8673906986743948,0.07631024120934896,0.9835907015359069,0.021150705072099547,0.01802472631422974,-0.07845576588815771,0.8097870954158843,0.47004952862737204,0.47004952862737204,0.07935126580622023,1097
dst_pcr6_fire_specificity_silence_sensitivity_tau_0_9,CWE-704,0.0,0.0,0.9994246205209987,0.9953056043851424,0.0005753794790013301,1.0,,,-0.002073085901499879,0.9947354882986836,0.49971231026049934,0.49971231026049934,0.005515093919368464,41
dst_pcr6_fire_specificity_silence_sensitivity_tau_0_9,CWE-705,,0.0,1.0,0.999427782060148,0.0,1.0,,,,0.999427782060148,0.5,0.3959624076993613,0.0006640461415802463,5
dst_pcr6_fire_specificity_silence_sensitivity_tau_0_9,CWE-706,0.4813147008374533,0.4331638418079097,0.983648512461085,0.9800572247279418,0.016351487538915153,0.5668361581920903,0.4552851821837631,0.44160447783496687,0.4382170183413926,0.9648683692080864,0.7084061771344972,0.7081344783830353,0.28791554628880717,298
dst_pcr6_fire_specificity_silence_sensitivity_tau_0_9,CWE-74,0.6473960353261842,0.43518586676481413,0.9537604016796033,0.8964002411736445,0.046239598320396744,0.5648141332351859,0.5203618519650426,0.4656577260687439,0.45985290925513767,0.8690762335411385,0.6944731342222087,0.7454144401273076,0.47108573983964774,1427
dst_pcr6_fire_specificity_silence_sensitivity_tau_0_9,CWE-754,0.0,0.0,0.9995407540418931,0.9973668242147973,0.0004592459581069357,1.0,,,-0.0013956921387708468,0.9969099426864861,0.49977037702094657,0.49977037702094657,0.0024351446285045372,23
dst_pcr6_fire_specificity_silence_sensitivity_tau_0_9,CWE-807,,0.0,1.0,0.9974824254522229,0.0,1.0,,,,0.9974824254522229,0.5,0.5,0.0018129355392920317,22
dst_pcr6_fire_specificity_silence_sensitivity_tau_0_9,CWE-834,0.0,0.0,0.999425873826319,0.9970231146556289,0.0005741261736810094,1.0,,,-0.0016368168442753028,0.9964522722838621,0.4997129369131595,0.4997129369131595,0.00313424695783421,26
dst_pcr6_fire_specificity_silence_sensitivity_tau_0_9,CWE-913,0.3404329004329004,0.25367965367965367,0.9939727140162857,0.9907643488992599,0.006027285983714244,0.7463203463203463,0.286005526005526,0.26498540575394613,0.2840169604253394,0.984892189091337,0.6238261838479697,0.6238262994720325,0.13616947825798068,107
dst_pcr6_fire_specificity_silence_sensitivity_tau_0_9,CWE-923,,0.0,1.0,0.9621190684325468,0.0,1.0,,,,0.9621190684325468,0.5,0.5,0.021698273675510128,331
dst_yager_fire_specificity_silence_sensitivity_tau_0_1,CWE-116,0.006637125212259194,1.0,0.0,,1.0,0.0,0.013186589096853324,0.0323260680371054,,0.006637125212259194,0.5,0.49879200544704894,0.004224029237446174,58
dst_yager_fire_specificity_silence_sensitivity_tau_0_1,CWE-190,0.016022102315853142,1.0,0.0,,1.0,0.0,0.0315388814301979,0.07528554419545819,,0.016022102315853142,0.5,0.5139364681396753,0.02644364776454114,140
dst_yager_fire_specificity_silence_sensitivity_tau_0_1,CWE-191,0.010528625705703665,1.0,0.0,,1.0,0.0,0.020837711032198718,0.05051435127396233,,0.010528625705703665,0.5,0.49971074809563854,0.011199938317574827,92
dst_yager_fire_specificity_silence_sensitivity_tau_0_1,CWE-20,0.03891081990992907,1.0,0.0,,1.0,0.0,0.0749069272096872,0.16835118577524574,,0.03891081990992907,0.5,0.4271310776525614,0.02547518316808207,340
dst_yager_fire_specificity_silence_sensitivity_tau_0_1,CWE-269,0.00995719504344585,1.0,0.0,,1.0,0.0,0.019717875891192005,0.04787738499672114,,0.00995719504344585,0.5,0.4912723241326794,0.006673191163898038,87
dst_yager_fire_specificity_silence_sensitivity_tau_0_1,CWE-285,0.033303188048638036,1.0,0.0,,1.0,0.0,0.06445954003834602,0.14694052591986279,,0.033303188048638036,0.5,0.49762655442757203,0.03628610212596399,291
dst_yager_fire_specificity_silence_sensitivity_tau_0_1,CWE-287,0.07129866985874049,1.0,0.0,,1.0,0.0,0.13310672096662107,0.2773831570470438,,0.07129866985874049,0.5,0.5342169681108884,0.07648228790943142,623
dst_yager_fire_specificity_silence_sensitivity_tau_0_1,CWE-311,0.044175328905824096,1.0,0.0,,1.0,0.0,0.08461272120365193,0.18770738632231437,,0.044175328905824096,0.5,0.7190889239291658,0.2617383564068508,386
dst_yager_fire_specificity_silence_sensitivity_tau_0_1,CWE-326,0.002976032227995122,1.0,0.0,,1.0,0.0,0.0059342929476608386,0.014704034419137682,,0.002976032227995122,0.5,0.5669884852281986,0.008942299917005864,26
dst_yager_fire_specificity_silence_sensitivity_tau_0_1,CWE-327,0.5719876187163379,0.7914285714285715,0.7895095206895717,0.9890958337517466,0.2104904793104283,0.20857142857142857,0.591316021699958,0.6191870758393672,0.7091449477621259,0.7895595846848741,0.7904690460590716,0.8710779983587656,0.6669975562227983,350
dst_yager_fire_specificity_silence_sensitivity_tau_0_1,CWE-330,0.9183100570926659,0.876,0.9976438549964808,0.9963557985431917,0.0023561450035192786,0.124,0.8953475608005282,0.8833328448897906,0.8933035600580688,0.9941640576364259,0.9368219274982404,0.9378716125833444,0.8846306738848826,250
dst_yager_fire_specificity_silence_sensitivity_tau_0_1,CWE-345,0.06065510162430119,1.0,0.0,,1.0,0.0,0.11437285338661438,0.24406095518311818,,0.06065510162430119,0.5,0.5280959767402422,0.08654965795691334,530
dst_yager_fire_specificity_silence_sensitivity_tau_0_1,CWE-400,0.028839599780964405,1.0,0.0,,1.0,0.0,0.056062245949479575,0.12928292872746022,,0.028839599780964405,0.5,0.5017255239222129,0.02508349827053969,252
dst_yager_fire_specificity_silence_sensitivity_tau_0_1,CWE-501,0.39347259597949524,0.8222222222222222,0.597570225882478,0.9969108786162932,0.40242977411752207,0.17777777777777776,0.4121298004766835,0.43419228320693054,0.6712827467494965,0.5998768004391251,0.7098962240523501,0.8757030354575995,0.5334587484724145,90
dst_yager_fire_specificity_silence_sensitivity_tau_0_1,CWE-610,0.0305562536005201,1.0,0.0,,1.0,0.0,0.05930036931752686,0.13614032764120285,,0.0305562536005201,0.5,0.668769104381983,0.27564602650961134,267
dst_yager_fire_specificity_silence_sensitivity_tau_0_1,CWE-662,0.01075719832845043,1.0,0.0,,1.0,0.0,0.021285341992589486,0.051566363556829156,,0.01075719832845043,0.5,0.5052055210071288,0.0190014225845472,94
dst_yager_fire_specificity_silence_sensitivity_tau_0_1,CWE-665,0.0018308090706972465,1.0,0.0,,1.0,0.0,0.0036548249388115043,0.009086495736199383,,0.0018308090706972465,0.5,0.4971337954099141,0.001808520595097704,16
dst_yager_fire_specificity_silence_sensitivity_tau_0_1,CWE-668,0.12554521889352926,1.0,0.0,,1.0,0.0,0.22308288399950532,0.4178743969494126,,0.12554521889352926,0.5,0.47004952862737204,0.07935126580622023,1097
dst_yager_fire_specificity_silence_sensitivity_tau_0_1,CWE-704,0.0046917686043339984,1.0,0.0,,1.0,0.0,0.009339622078455685,0.023025785720466953,,0.0046917686043339984,0.5,0.49971231026049934,0.005515093919368464,41
dst_yager_fire_specificity_silence_sensitivity_tau_0_1,CWE-705,0.0005722179398518981,1.0,0.0,,1.0,0.0,0.0011437813821953318,0.002854555934153951,,0.0005722179398518981,0.5,0.3959624076993613,0.0006640461415802463,5
dst_yager_fire_specificity_silence_sensitivity_tau_0_1,CWE-706,0.034104503768367114,1.0,0.0,,1.0,0.0,0.06595929396591838,0.15005114500011635,,0.034104503768367114,0.5,0.7081344783830353,0.28791554628880717,298
dst_yager_fire_specificity_silence_sensitivity_tau_0_1,CWE-74,0.16331160292375452,1.0,0.0,,1.0,0.0,0.2807695541606191,0.4939096897723768,,0.16331160292375452,0.5,0.7454144401273076,0.47108573983964774,1427
dst_yager_fire_specificity_silence_sensitivity_tau_0_1,CWE-754,0.0026319946248035907,1.0,0.0,,1.0,0.0,0.005250016825459719,0.013021363928726442,,0.0026319946248035907,0.5,0.49977037702094657,0.0024351446285045372,23
dst_yager_fire_specificity_silence_sensitivity_tau_0_1,CWE-807,0.0024334978650866644,0.8,0.2,0.9971461187214612,0.8,0.2,0.004855058129688364,0.012048994964252512,,0.20137602203636157,0.5,0.5,0.0018129355392920317,22
dst_yager_fire_specificity_silence_sensitivity_tau_0_1,CWE-834,0.0029752449504010423,1.0,0.0,,1.0,0.0,0.005932738092245068,0.014700290915313557,,0.0029752449504010423,0.5,0.4997129369131595,0.00313424695783421,26
dst_yager_fire_specificity_silence_sensitivity_tau_0_1,CWE-913,0.012245279525259362,1.0,0.0,,1.0,0.0,0.02419414815148266,0.058366189878964046,,0.012245279525259362,0.5,0.6238262994720325,0.13616947825798068,107
dst_yager_fire_specificity_silence_sensitivity_tau_0_1,CWE-923,0.037757808216475744,0.8,0.2,0.9616265750286369,0.8,0.2,0.07276802909235704,0.16401712128465792,,0.222531561578908,0.5,0.5,0.021698273675510128,331
dst_yager_fire_specificity_silence_sensitivity_tau_0_2,CWE-116,0.006637125212259194,1.0,0.0,,1.0,0.0,0.013186589096853324,0.0323260680371054,,0.006637125212259194,0.5,0.49879200544704894,0.004224029237446174,58
dst_yager_fire_specificity_silence_sensitivity_tau_0_2,CWE-190,0.016022102315853142,1.0,0.0,,1.0,0.0,0.0315388814301979,0.07528554419545819,,0.016022102315853142,0.5,0.5139364681396753,0.02644364776454114,140
dst_yager_fire_specificity_silence_sensitivity_tau_0_2,CWE-191,0.010528625705703665,1.0,0.0,,1.0,0.0,0.020837711032198718,0.05051435127396233,,0.010528625705703665,0.5,0.49971074809563854,0.011199938317574827,92
dst_yager_fire_specificity_silence_sensitivity_tau_0_2,CWE-20,0.03891081990992907,1.0,0.0,,1.0,0.0,0.0749069272096872,0.16835118577524574,,0.03891081990992907,0.5,0.4271310776525614,0.02547518316808207,340
dst_yager_fire_specificity_silence_sensitivity_tau_0_2,CWE-269,0.00995719504344585,1.0,0.0,,1.0,0.0,0.019717875891192005,0.04787738499672114,,0.00995719504344585,0.5,0.4912723241326794,0.006673191163898038,87
dst_yager_fire_specificity_silence_sensitivity_tau_0_2,CWE-285,0.033303188048638036,1.0,0.0,,1.0,0.0,0.06445954003834602,0.14694052591986279,,0.033303188048638036,0.5,0.49762655442757203,0.03628610212596399,291
dst_yager_fire_specificity_silence_sensitivity_tau_0_2,CWE-287,0.07129866985874049,1.0,0.0,,1.0,0.0,0.13310672096662107,0.2773831570470438,,0.07129866985874049,0.5,0.5342169681108884,0.07648228790943142,623
dst_yager_fire_specificity_silence_sensitivity_tau_0_2,CWE-311,0.044175328905824096,1.0,0.0,,1.0,0.0,0.08461272120365193,0.18770738632231437,,0.044175328905824096,0.5,0.7190889239291658,0.2617383564068508,386
dst_yager_fire_specificity_silence_sensitivity_tau_0_2,CWE-326,0.002976032227995122,1.0,0.0,,1.0,0.0,0.0059342929476608386,0.014704034419137682,,0.002976032227995122,0.5,0.5669884852281986,0.008942299917005864,26
dst_yager_fire_specificity_silence_sensitivity_tau_0_2,CWE-327,0.6989365101725737,0.7514285714285714,0.9862990569559212,0.9895990157132009,0.013700943044078703,0.24857142857142858,0.7223535226864485,0.73900822939352,0.7118638882387297,0.9768883518081617,0.8688638141922465,0.8710779983587656,0.6669975562227983,350
dst_yager_fire_specificity_silence_sensitivity_tau_0_2,CWE-330,0.9183100570926659,0.876,0.9976438549964808,0.9963557985431917,0.0023561450035192786,0.124,0.8953475608005282,0.8833328448897906,0.8933035600580688,0.9941640576364259,0.9368219274982404,0.9378716125833444,0.8846306738848826,250
dst_yager_fire_specificity_silence_sensitivity_tau_0_2,CWE-345,0.06065510162430119,1.0,0.0,,1.0,0.0,0.11437285338661438,0.24406095518311818,,0.06065510162430119,0.5,0.5280959767402422,0.08654965795691334,530
dst_yager_fire_specificity_silence_sensitivity_tau_0_2,CWE-400,0.028839599780964405,1.0,0.0,,1.0,0.0,0.056062245949479575,0.12928292872746022,,0.028839599780964405,0.5,0.5017255239222129,0.02508349827053969,252
dst_yager_fire_specificity_silence_sensitivity_tau_0_2,CWE-501,0.6343582887700535,0.7555555555555555,0.9953759521156236,0.9974510718457104,0.004624047884376441,0.24444444444444446,0.6863769889840882,0.7253228560984017,0.6871823718274396,0.9929050742194943,0.8754657538355894,0.8757030354575995,0.5334587484724145,90
dst_yager_fire_specificity_silence_sensitivity_tau_0_2,CWE-610,0.0305562536005201,1.0,0.0,,1.0,0.0,0.05930036931752686,0.13614032764120285,,0.0305562536005201,0.5,0.668769104381983,0.27564602650961134,267
dst_yager_fire_specificity_silence_sensitivity_tau_0_2,CWE-662,0.01075719832845043,1.0,0.0,,1.0,0.0,0.021285341992589486,0.051566363556829156,,0.01075719832845043,0.5,0.5052055210071288,0.0190014225845472,94
dst_yager_fire_specificity_silence_sensitivity_tau_0_2,CWE-665,0.0018308090706972465,1.0,0.0,,1.0,0.0,0.0036548249388115043,0.009086495736199383,,0.0018308090706972465,0.5,0.4971337954099141,0.001808520595097704,16
dst_yager_fire_specificity_silence_sensitivity_tau_0_2,CWE-668,0.12554521889352926,1.0,0.0,,1.0,0.0,0.22308288399950532,0.4178743969494126,,0.12554521889352926,0.5,0.47004952862737204,0.07935126580622023,1097
dst_yager_fire_specificity_silence_sensitivity_tau_0_2,CWE-704,0.0046917686043339984,1.0,0.0,,1.0,0.0,0.009339622078455685,0.023025785720466953,,0.0046917686043339984,0.5,0.49971231026049934,0.005515093919368464,41
dst_yager_fire_specificity_silence_sensitivity_tau_0_2,CWE-705,0.0005722179398518981,1.0,0.0,,1.0,0.0,0.0011437813821953318,0.002854555934153951,,0.0005722179398518981,0.5,0.3959624076993613,0.0006640461415802463,5
dst_yager_fire_specificity_silence_sensitivity_tau_0_2,CWE-706,0.034104503768367114,1.0,0.0,,1.0,0.0,0.06595929396591838,0.15005114500011635,,0.034104503768367114,0.5,0.7081344783830353,0.28791554628880717,298
dst_yager_fire_specificity_silence_sensitivity_tau_0_2,CWE-74,0.38754615077199833,0.6152791068580543,0.8100250763010883,0.9151552301849772,0.18997492369891153,0.3847208931419458,0.4755028165117528,0.550521373169566,0.3587950161725755,0.7782233031740681,0.7126520915795713,0.7454144401273076,0.47108573983964774,1427
dst_yager_fire_specificity_silence_sensitivity_tau_0_2,CWE-754,0.0026319946248035907,1.0,0.0,,1.0,0.0,0.005250016825459719,0.013021363928726442,,0.0026319946248035907,0.5,0.49977037702094657,0.0024351446285045372,23
dst_yager_fire_specificity_silence_sensitivity_tau_0_2,CWE-807,0.0024334978650866644,0.8,0.2,0.9971461187214612,0.8,0.2,0.004855058129688364,0.012048994964252512,,0.20137602203636157,0.5,0.5,0.0018129355392920317,22
dst_yager_fire_specificity_silence_sensitivity_tau_0_2,CWE-834,0.0029752449504010423,1.0,0.0,,1.0,0.0,0.005932738092245068,0.014700290915313557,,0.0029752449504010423,0.5,0.4997129369131595,0.00313424695783421,26
dst_yager_fire_specificity_silence_sensitivity_tau_0_2,CWE-913,0.012245279525259362,1.0,0.0,,1.0,0.0,0.02419414815148266,0.058366189878964046,,0.012245279525259362,0.5,0.6238262994720325,0.13616947825798068,107
dst_yager_fire_specificity_silence_sensitivity_tau_0_2,CWE-923,0.037757808216475744,0.8,0.2,0.9616265750286369,0.8,0.2,0.07276802909235704,0.16401712128465792,,0.222531561578908,0.5,0.5,0.021698273675510128,331
dst_yager_fire_specificity_silence_sensitivity_tau_0_3,CWE-116,0.006637125212259194,1.0,0.0,,1.0,0.0,0.013186589096853324,0.0323260680371054,,0.006637125212259194,0.5,0.49879200544704894,0.004224029237446174,58
dst_yager_fire_specificity_silence_sensitivity_tau_0_3,CWE-190,0.016022102315853142,1.0,0.0,,1.0,0.0,0.0315388814301979,0.07528554419545819,,0.016022102315853142,0.5,0.5139364681396753,0.02644364776454114,140
dst_yager_fire_specificity_silence_sensitivity_tau_0_3,CWE-191,0.010528625705703665,1.0,0.0,,1.0,0.0,0.020837711032198718,0.05051435127396233,,0.010528625705703665,0.5,0.49971074809563854,0.011199938317574827,92
dst_yager_fire_specificity_silence_sensitivity_tau_0_3,CWE-20,0.03891081990992907,1.0,0.0,,1.0,0.0,0.0749069272096872,0.16835118577524574,,0.03891081990992907,0.5,0.4271310776525614,0.02547518316808207,340
dst_yager_fire_specificity_silence_sensitivity_tau_0_3,CWE-269,0.00995719504344585,1.0,0.0,,1.0,0.0,0.019717875891192005,0.04787738499672114,,0.00995719504344585,0.5,0.4912723241326794,0.006673191163898038,87
dst_yager_fire_specificity_silence_sensitivity_tau_0_3,CWE-285,0.033303188048638036,1.0,0.0,,1.0,0.0,0.06445954003834602,0.14694052591986279,,0.033303188048638036,0.5,0.49762655442757203,0.03628610212596399,291
dst_yager_fire_specificity_silence_sensitivity_tau_0_3,CWE-287,0.07129866985874049,1.0,0.0,,1.0,0.0,0.13310672096662107,0.2773831570470438,,0.07129866985874049,0.5,0.5342169681108884,0.07648228790943142,623
dst_yager_fire_specificity_silence_sensitivity_tau_0_3,CWE-311,0.3541267186731977,0.47415917415917413,0.9600174813789009,0.9753139230901551,0.03998251862109918,0.5258408258408258,0.404797809278978,0.443506250564602,0.3779272451087289,0.938549478685154,0.7170883277690375,0.7190889239291658,0.2617383564068508,386
dst_yager_fire_specificity_silence_sensitivity_tau_0_3,CWE-326,0.002976032227995122,1.0,0.0,,1.0,0.0,0.0059342929476608386,0.014704034419137682,,0.002976032227995122,0.5,0.5669884852281986,0.008942299917005864,26
dst_yager_fire_specificity_silence_sensitivity_tau_0_3,CWE-327,0.6989365101725737,0.7514285714285714,0.9862990569559212,0.9895990157132009,0.013700943044078703,0.24857142857142858,0.7223535226864485,0.73900822939352,0.7118638882387297,0.9768883518081617,0.8688638141922465,0.8710779983587656,0.6669975562227983,350
dst_yager_fire_specificity_silence_sensitivity_tau_0_3,CWE-330,0.9183100570926659,0.876,0.9976438549964808,0.9963557985431917,0.0023561450035192786,0.124,0.8953475608005282,0.8833328448897906,0.8933035600580688,0.9941640576364259,0.9368219274982404,0.9378716125833444,0.8846306738848826,250
dst_yager_fire_specificity_silence_sensitivity_tau_0_3,CWE-345,0.06065510162430119,1.0,0.0,,1.0,0.0,0.11437285338661438,0.24406095518311818,,0.06065510162430119,0.5,0.5280959767402422,0.08654965795691334,530
dst_yager_fire_specificity_silence_sensitivity_tau_0_3,CWE-400,0.028839599780964405,1.0,0.0,,1.0,0.0,0.056062245949479575,0.12928292872746022,,0.028839599780964405,0.5,0.5017255239222129,0.02508349827053969,252
dst_yager_fire_specificity_silence_sensitivity_tau_0_3,CWE-501,0.6343582887700535,0.7555555555555555,0.9953759521156236,0.9974510718457104,0.004624047884376441,0.24444444444444446,0.6863769889840882,0.7253228560984017,0.6871823718274396,0.9929050742194943,0.8754657538355894,0.8757030354575995,0.5334587484724145,90
dst_yager_fire_specificity_silence_sensitivity_tau_0_3,CWE-610,0.0305562536005201,1.0,0.0,,1.0,0.0,0.05930036931752686,0.13614032764120285,,0.0305562536005201,0.5,0.668769104381983,0.27564602650961134,267
dst_yager_fire_specificity_silence_sensitivity_tau_0_3,CWE-662,0.01075719832845043,1.0,0.0,,1.0,0.0,0.021285341992589486,0.051566363556829156,,0.01075719832845043,0.5,0.5052055210071288,0.0190014225845472,94
dst_yager_fire_specificity_silence_sensitivity_tau_0_3,CWE-665,0.0018308090706972465,1.0,0.0,,1.0,0.0,0.0036548249388115043,0.009086495736199383,,0.0018308090706972465,0.5,0.4971337954099141,0.001808520595097704,16
dst_yager_fire_specificity_silence_sensitivity_tau_0_3,CWE-668,0.12554521889352926,1.0,0.0,,1.0,0.0,0.22308288399950532,0.4178743969494126,,0.12554521889352926,0.5,0.47004952862737204,0.07935126580622023,1097
dst_yager_fire_specificity_silence_sensitivity_tau_0_3,CWE-704,0.0046917686043339984,1.0,0.0,,1.0,0.0,0.009339622078455685,0.023025785720466953,,0.0046917686043339984,0.5,0.49971231026049934,0.005515093919368464,41
dst_yager_fire_specificity_silence_sensitivity_tau_0_3,CWE-705,0.0005722179398518981,1.0,0.0,,1.0,0.0,0.0011437813821953318,0.002854555934153951,,0.0005722179398518981,0.5,0.3959624076993613,0.0006640461415802463,5
dst_yager_fire_specificity_silence_sensitivity_tau_0_3,CWE-706,0.4587420933285594,0.4331638418079097,0.9821099644129129,0.980027747326033,0.017890035587087107,0.5668361581920903,0.44476614902543066,0.43755155247917993,0.426493657369754,0.9633819882374489,0.7076369031104112,0.7081344783830353,0.28791554628880717,298
dst_yager_fire_specificity_silence_sensitivity_tau_0_3,CWE-74,0.38754615077199833,0.6152791068580543,0.8100250763010883,0.9151552301849772,0.18997492369891153,0.3847208931419458,0.4755028165117528,0.550521373169566,0.3587950161725755,0.7782233031740681,0.7126520915795713,0.7454144401273076,0.47108573983964774,1427
dst_yager_fire_specificity_silence_sensitivity_tau_0_3,CWE-754,0.0026319946248035907,1.0,0.0,,1.0,0.0,0.005250016825459719,0.013021363928726442,,0.0026319946248035907,0.5,0.49977037702094657,0.0024351446285045372,23
dst_yager_fire_specificity_silence_sensitivity_tau_0_3,CWE-807,0.0024334978650866644,0.8,0.2,0.9971461187214612,0.8,0.2,0.004855058129688364,0.012048994964252512,,0.20137602203636157,0.5,0.5,0.0018129355392920317,22
dst_yager_fire_specificity_silence_sensitivity_tau_0_3,CWE-834,0.0029752449504010423,1.0,0.0,,1.0,0.0,0.005932738092245068,0.014700290915313557,,0.0029752449504010423,0.5,0.4997129369131595,0.00313424695783421,26
dst_yager_fire_specificity_silence_sensitivity_tau_0_3,CWE-913,0.012245279525259362,1.0,0.0,,1.0,0.0,0.02419414815148266,0.058366189878964046,,0.012245279525259362,0.5,0.6238262994720325,0.13616947825798068,107
dst_yager_fire_specificity_silence_sensitivity_tau_0_3,CWE-923,0.037757808216475744,0.8,0.2,0.9616265750286369,0.8,0.2,0.07276802909235704,0.16401712128465792,,0.222531561578908,0.5,0.5,0.021698273675510128,331
dst_yager_fire_specificity_silence_sensitivity_tau_0_4,CWE-116,0.006637125212259194,1.0,0.0,,1.0,0.0,0.013186589096853324,0.0323260680371054,,0.006637125212259194,0.5,0.49879200544704894,0.004224029237446174,58
dst_yager_fire_specificity_silence_sensitivity_tau_0_4,CWE-190,0.016022102315853142,1.0,0.0,,1.0,0.0,0.0315388814301979,0.07528554419545819,,0.016022102315853142,0.5,0.5139364681396753,0.02644364776454114,140
dst_yager_fire_specificity_silence_sensitivity_tau_0_4,CWE-191,0.010528625705703665,1.0,0.0,,1.0,0.0,0.020837711032198718,0.05051435127396233,,0.010528625705703665,0.5,0.49971074809563854,0.011199938317574827,92
dst_yager_fire_specificity_silence_sensitivity_tau_0_4,CWE-20,0.03891081990992907,1.0,0.0,,1.0,0.0,0.0749069272096872,0.16835118577524574,,0.03891081990992907,0.5,0.4271310776525614,0.02547518316808207,340
dst_yager_fire_specificity_silence_sensitivity_tau_0_4,CWE-269,0.00995719504344585,1.0,0.0,,1.0,0.0,0.019717875891192005,0.04787738499672114,,0.00995719504344585,0.5,0.4912723241326794,0.006673191163898038,87
dst_yager_fire_specificity_silence_sensitivity_tau_0_4,CWE-285,0.033303188048638036,1.0,0.0,,1.0,0.0,0.06445954003834602,0.14694052591986279,,0.033303188048638036,0.5,0.49762655442757203,0.03628610212596399,291
dst_yager_fire_specificity_silence_sensitivity_tau_0_4,CWE-287,0.07129866985874049,1.0,0.0,,1.0,0.0,0.13310672096662107,0.2773831570470438,,0.07129866985874049,0.5,0.5342169681108884,0.07648228790943142,623
dst_yager_fire_specificity_silence_sensitivity_tau_0_4,CWE-311,0.3541267186731977,0.47415917415917413,0.9600174813789009,0.9753139230901551,0.03998251862109918,0.5258408258408258,0.404797809278978,0.443506250564602,0.3779272451087289,0.938549478685154,0.7170883277690375,0.7190889239291658,0.2617383564068508,386
dst_yager_fire_specificity_silence_sensitivity_tau_0_4,CWE-326,0.002976032227995122,1.0,0.0,,1.0,0.0,0.0059342929476608386,0.014704034419137682,,0.002976032227995122,0.5,0.5669884852281986,0.008942299917005864,26
dst_yager_fire_specificity_silence_sensitivity_tau_0_4,CWE-327,0.6989365101725737,0.7514285714285714,0.9862990569559212,0.9895990157132009,0.013700943044078703,0.24857142857142858,0.7223535226864485,0.73900822939352,0.7118638882387297,0.9768883518081617,0.8688638141922465,0.8710779983587656,0.6669975562227983,350
dst_yager_fire_specificity_silence_sensitivity_tau_0_4,CWE-330,0.9183100570926659,0.876,0.9976438549964808,0.9963557985431917,0.0023561450035192786,0.124,0.8953475608005282,0.8833328448897906,0.8933035600580688,0.9941640576364259,0.9368219274982404,0.9378716125833444,0.8846306738848826,250
dst_yager_fire_specificity_silence_sensitivity_tau_0_4,CWE-345,0.06065510162430119,1.0,0.0,,1.0,0.0,0.11437285338661438,0.24406095518311818,,0.06065510162430119,0.5,0.5280959767402422,0.08654965795691334,530
dst_yager_fire_specificity_silence_sensitivity_tau_0_4,CWE-400,0.028839599780964405,1.0,0.0,,1.0,0.0,0.056062245949479575,0.12928292872746022,,0.028839599780964405,0.5,0.5017255239222129,0.02508349827053969,252
dst_yager_fire_specificity_silence_sensitivity_tau_0_4,CWE-501,0.6343582887700535,0.7555555555555555,0.9953759521156236,0.9974510718457104,0.004624047884376441,0.24444444444444446,0.6863769889840882,0.7253228560984017,0.6871823718274396,0.9929050742194943,0.8754657538355894,0.8757030354575995,0.5334587484724145,90
dst_yager_fire_specificity_silence_sensitivity_tau_0_4,CWE-610,0.5940441176470588,0.3445143256464011,0.9926788717750735,0.9796106942920773,0.007321128224926374,0.6554856743535988,0.43565892324873723,0.37592587776051045,0.4395751169996499,0.9728707648071175,0.6685965987107373,0.668769104381983,0.27564602650961134,267
dst_yager_fire_specificity_silence_sensitivity_tau_0_4,CWE-662,0.01075719832845043,1.0,0.0,,1.0,0.0,0.021285341992589486,0.051566363556829156,,0.01075719832845043,0.5,0.5052055210071288,0.0190014225845472,94
dst_yager_fire_specificity_silence_sensitivity_tau_0_4,CWE-665,0.0018308090706972465,1.0,0.0,,1.0,0.0,0.0036548249388115043,0.009086495736199383,,0.0018308090706972465,0.5,0.4971337954099141,0.001808520595097704,16
dst_yager_fire_specificity_silence_sensitivity_tau_0_4,CWE-668,0.12554521889352926,1.0,0.0,,1.0,0.0,0.22308288399950532,0.4178743969494126,,0.12554521889352926,0.5,0.47004952862737204,0.07935126580622023,1097
dst_yager_fire_specificity_silence_sensitivity_tau_0_4,CWE-704,0.0046917686043339984,1.0,0.0,,1.0,0.0,0.009339622078455685,0.023025785720466953,,0.0046917686043339984,0.5,0.49971231026049934,0.005515093919368464,41
dst_yager_fire_specificity_silence_sensitivity_tau_0_4,CWE-705,0.0005722179398518981,1.0,0.0,,1.0,0.0,0.0011437813821953318,0.002854555934153951,,0.0005722179398518981,0.5,0.3959624076993613,0.0006640461415802463,5
dst_yager_fire_specificity_silence_sensitivity_tau_0_4,CWE-706,0.4587420933285594,0.4331638418079097,0.9821099644129129,0.980027747326033,0.017890035587087107,0.5668361581920903,0.44476614902543066,0.43755155247917993,0.426493657369754,0.9633819882374489,0.7076369031104112,0.7081344783830353,0.28791554628880717,298
dst_yager_fire_specificity_silence_sensitivity_tau_0_4,CWE-74,0.38754615077199833,0.6152791068580543,0.8100250763010883,0.9151552301849772,0.18997492369891153,0.3847208931419458,0.4755028165117528,0.550521373169566,0.3587950161725755,0.7782233031740681,0.7126520915795713,0.7454144401273076,0.47108573983964774,1427
dst_yager_fire_specificity_silence_sensitivity_tau_0_4,CWE-754,0.0026319946248035907,1.0,0.0,,1.0,0.0,0.005250016825459719,0.013021363928726442,,0.0026319946248035907,0.5,0.49977037702094657,0.0024351446285045372,23
dst_yager_fire_specificity_silence_sensitivity_tau_0_4,CWE-807,0.0024334978650866644,0.8,0.2,0.9971461187214612,0.8,0.2,0.004855058129688364,0.012048994964252512,,0.20137602203636157,0.5,0.5,0.0018129355392920317,22
dst_yager_fire_specificity_silence_sensitivity_tau_0_4,CWE-834,0.0029752449504010423,1.0,0.0,,1.0,0.0,0.005932738092245068,0.014700290915313557,,0.0029752449504010423,0.5,0.4997129369131595,0.00313424695783421,26
dst_yager_fire_specificity_silence_sensitivity_tau_0_4,CWE-913,0.3404329004329004,0.25367965367965367,0.9939727140162857,0.9907643488992599,0.006027285983714244,0.7463203463203463,0.286005526005526,0.26498540575394613,0.2840169604253394,0.984892189091337,0.6238261838479697,0.6238262994720325,0.13616947825798068,107
dst_yager_fire_specificity_silence_sensitivity_tau_0_4,CWE-923,0.037757808216475744,0.8,0.2,0.9616265750286369,0.8,0.2,0.07276802909235704,0.16401712128465792,,0.222531561578908,0.5,0.5,0.021698273675510128,331
dst_yager_fire_specificity_silence_sensitivity_tau_0_5,CWE-116,0.006637125212259194,1.0,0.0,,1.0,0.0,0.013186589096853324,0.0323260680371054,,0.006637125212259194,0.5,0.49879200544704894,0.004224029237446174,58
dst_yager_fire_specificity_silence_sensitivity_tau_0_5,CWE-190,0.375,0.02857142857142857,0.9993015077079221,0.9844180323902257,0.0006984922920779795,0.9714285714285715,0.08673835125448028,0.05809814391050089,0.11145508122731246,0.9837484049127619,0.5139364681396753,0.5139364681396753,0.02644364776454114,140
dst_yager_fire_specificity_silence_sensitivity_tau_0_5,CWE-191,0.010528625705703665,1.0,0.0,,1.0,0.0,0.020837711032198718,0.05051435127396233,,0.010528625705703665,0.5,0.49971074809563854,0.011199938317574827,92
dst_yager_fire_specificity_silence_sensitivity_tau_0_5,CWE-20,0.008247338972667186,0.03823529411764706,0.8160268611874757,0.9544590824094111,0.1839731388125242,0.9617647058823529,0.01356719726377586,0.02213460938222813,-0.07371849213796913,0.7857620426274236,0.4271310776525614,0.4271310776525614,0.02547518316808207,340
dst_yager_fire_specificity_silence_sensitivity_tau_0_5,CWE-269,0.00995719504344585,1.0,0.0,,1.0,0.0,0.019717875891192005,0.04787738499672114,,0.00995719504344585,0.5,0.4912723241326794,0.006673191163898038,87
dst_yager_fire_specificity_silence_sensitivity_tau_0_5,CWE-285,0.017786561264822136,0.006838106370543542,0.9884006512254434,0.9665427890537297,0.011599348774556656,0.9931618936294564,0.024691358024691357,0.019493844049247606,-0.008637948333081343,0.9557123480240467,0.4976193787979934,0.49762655442757203,0.03628610212596399,291
dst_yager_fire_specificity_silence_sensitivity_tau_0_5,CWE-287,0.40728856624319415,0.07709677419354839,0.991373822791075,0.9332931115327993,0.008626177208924958,0.9229032258064516,0.12917843121494238,0.09190796258757424,0.15219058629375007,0.9261809978529895,0.5342352984923118,0.5342169681108884,0.07648228790943142,623
dst_yager_fire_specificity_silence_sensitivity_tau_0_5,CWE-311,0.3541267186731977,0.47415917415917413,0.9600174813789009,0.9753139230901551,0.03998251862109918,0.5258408258408258,0.404797809278978,0.443506250564602,0.3779272451087289,0.938549478685154,0.7170883277690375,0.7190889239291658,0.2617383564068508,386
dst_yager_fire_specificity_silence_sensitivity_tau_0_5,CWE-326,0.024267203957606433,0.15333333333333335,0.9806014384458882,0.9974306188118442,0.019398561554111755,0.8466666666666667,0.05230914918414918,0.09263245587885259,0.053842958424066736,0.9781414220471785,0.5669673858896107,0.5669884852281986,0.008942299917005864,26
dst_yager_fire_specificity_silence_sensitivity_tau_0_5,CWE-327,0.6989365101725737,0.7514285714285714,0.9862990569559212,0.9895990157132009,0.013700943044078703,0.24857142857142858,0.7223535226864485,0.73900822939352,0.7118638882387297,0.9768883518081617,0.8688638141922465,0.8710779983587656,0.6669975562227983,350
dst_yager_fire_specificity_silence_sensitivity_tau_0_5,CWE-330,0.9183100570926659,0.876,0.9976438549964808,0.9963557985431917,0.0023561450035192786,0.124,0.8953475608005282,0.8833328448897906,0.8933035600580688,0.9941640576364259,0.9368219274982404,0.9378716125833444,0.8846306738848826,250
dst_yager_fire_specificity_silence_sensitivity_tau_0_5,CWE-345,0.4740384615384616,0.06037735849056604,0.9957352364417835,0.942566284014117,0.004264763558216491,0.939622641509434,0.10699003691501607,0.07311761517511732,0.15268467196278707,0.9390000762003344,0.5280562974661749,0.5280959767402422,0.08654965795691334,530
dst_yager_fire_specificity_silence_sensitivity_tau_0_5,CWE-400,0.009736540664375716,0.2,0.7996474733172698,0.9712405233913337,0.20035252668273013,0.8,0.05676126878130218,0.13076923076923078,-0.004972479727114764,0.7825019134284845,0.49982373665863494,0.5017255239222129,0.02508349827053969,252
dst_yager_fire_specificity_silence_sensitivity_tau_0_5,CWE-501,0.6343582887700535,0.7555555555555555,0.9953759521156236,0.9974510718457104,0.004624047884376441,0.24444444444444446,0.6863769889840882,0.7253228560984017,0.6871823718274396,0.9929050742194943,0.8754657538355894,0.8757030354575995,0.5334587484724145,90
dst_yager_fire_specificity_silence_sensitivity_tau_0_5,CWE-610,0.5940441176470588,0.3445143256464011,0.9926788717750735,0.9796106942920773,0.007321128224926374,0.6554856743535988,0.43565892324873723,0.37592587776051045,0.4395751169996499,0.9728707648071175,0.6685965987107373,0.668769104381983,0.27564602650961134,267
dst_yager_fire_specificity_silence_sensitivity_tau_0_5,CWE-662,0.005441008018327606,0.2,0.7998847262247839,0.9892724612635859,0.20011527377521615,0.8,0.02152974504249292,0.05214050493962678,-0.0024994019416464323,0.7934815830006928,0.49994236311239193,0.5052055210071288,0.0190014225845472,94
dst_yager_fire_specificity_silence_sensitivity_tau_0_5,CWE-665,0.0018308090706972465,1.0,0.0,,1.0,0.0,0.0036548249388115043,0.009086495736199383,,0.0018308090706972465,0.5,0.4971337954099141,0.001808520595097704,16
dst_yager_fire_specificity_silence_sensitivity_tau_0_5,CWE-668,0.02978215711496593,0.016409298464092982,0.923689758790651,0.8673906986743948,0.07631024120934896,0.9835907015359069,0.021150705072099547,0.01802472631422974,-0.07845576588815771,0.8097870954158843,0.47004952862737204,0.47004952862737204,0.07935126580622023,1097
dst_yager_fire_specificity_silence_sensitivity_tau_0_5,CWE-704,0.0046917686043339984,1.0,0.0,,1.0,0.0,0.009339622078455685,0.023025785720466953,,0.0046917686043339984,0.5,0.49971231026049934,0.005515093919368464,41
dst_yager_fire_specificity_silence_sensitivity_tau_0_5,CWE-705,0.0005722179398518981,1.0,0.0,,1.0,0.0,0.0011437813821953318,0.002854555934153951,,0.0005722179398518981,0.5,0.3959624076993613,0.0006640461415802463,5
dst_yager_fire_specificity_silence_sensitivity_tau_0_5,CWE-706,0.4587420933285594,0.4331638418079097,0.9821099644129129,0.980027747326033,0.017890035587087107,0.5668361581920903,0.44476614902543066,0.43755155247917993,0.426493657369754,0.9633819882374489,0.7076369031104112,0.7081344783830353,0.28791554628880717,298
dst_yager_fire_specificity_silence_sensitivity_tau_0_5,CWE-74,0.38754615077199833,0.6152791068580543,0.8100250763010883,0.9151552301849772,0.18997492369891153,0.3847208931419458,0.4755028165117528,0.550521373169566,0.3587950161725755,0.7782233031740681,0.7126520915795713,0.7454144401273076,0.47108573983964774,1427
dst_yager_fire_specificity_silence_sensitivity_tau_0_5,CWE-754,0.0026319946248035907,1.0,0.0,,1.0,0.0,0.005250016825459719,0.013021363928726442,,0.0026319946248035907,0.5,0.49977037702094657,0.0024351446285045372,23
dst_yager_fire_specificity_silence_sensitivity_tau_0_5,CWE-807,,0.0,1.0,0.9974824254522229,0.0,1.0,,,,0.9974824254522229,0.5,0.5,0.0018129355392920317,22
dst_yager_fire_specificity_silence_sensitivity_tau_0_5,CWE-834,0.0029752449504010423,1.0,0.0,,1.0,0.0,0.005932738092245068,0.014700290915313557,,0.0029752449504010423,0.5,0.4997129369131595,0.00313424695783421,26
dst_yager_fire_specificity_silence_sensitivity_tau_0_5,CWE-913,0.3404329004329004,0.25367965367965367,0.9939727140162857,0.9907643488992599,0.006027285983714244,0.7463203463203463,0.286005526005526,0.26498540575394613,0.2840169604253394,0.984892189091337,0.6238261838479697,0.6238262994720325,0.13616947825798068,107
dst_yager_fire_specificity_silence_sensitivity_tau_0_5,CWE-923,0.037757808216475744,0.8,0.2,0.9616265750286369,0.8,0.2,0.07276802909235704,0.16401712128465792,,0.222531561578908,0.5,0.5,0.021698273675510128,331
dst_yager_fire_specificity_silence_sensitivity_tau_0_6,CWE-116,0.0,0.0,0.9975840108940979,0.9933466979090909,0.0024159891059020297,1.0,,,-0.0038625171733067025,0.9909631198531299,0.49879200544704894,0.49879200544704894,0.004224029237446174,58
dst_yager_fire_specificity_silence_sensitivity_tau_0_6,CWE-190,0.375,0.02857142857142857,0.9993015077079221,0.9844180323902257,0.0006984922920779795,0.9714285714285715,0.08673835125448028,0.05809814391050089,0.11145508122731246,0.9837484049127619,0.5139364681396753,0.5139364681396753,0.02644364776454114,140
dst_yager_fire_specificity_silence_sensitivity_tau_0_6,CWE-191,0.0,0.0,0.9994214961912771,0.9894652752136299,0.0005785038087229346,1.0,,,-0.003170174949541319,0.9888990288942431,0.49971074809563854,0.49971074809563854,0.011199938317574827,92
dst_yager_fire_specificity_silence_sensitivity_tau_0_6,CWE-20,0.008247338972667186,0.03823529411764706,0.8160268611874757,0.9544590824094111,0.1839731388125242,0.9617647058823529,0.01356719726377586,0.02213460938222813,-0.07371849213796913,0.7857620426274236,0.4271310776525614,0.4271310776525614,0.02547518316808207,340
dst_yager_fire_specificity_silence_sensitivity_tau_0_6,CWE-269,0.0,0.0,0.9825446482653588,0.9898674841729964,0.01745535173464125,1.0,,,-0.013286628613431531,0.9727614499032449,0.4912723241326794,0.4912723241326794,0.006673191163898038,87
dst_yager_fire_specificity_silence_sensitivity_tau_0_6,CWE-285,0.017786561264822136,0.006838106370543542,0.9884006512254434,0.9665427890537297,0.011599348774556656,0.9931618936294564,0.024691358024691357,0.019493844049247606,-0.008637948333081343,0.9557123480240467,0.4976193787979934,0.49762655442757203,0.03628610212596399,291
dst_yager_fire_specificity_silence_sensitivity_tau_0_6,CWE-287,0.40728856624319415,0.07709677419354839,0.991373822791075,0.9332931115327993,0.008626177208924958,0.9229032258064516,0.12917843121494238,0.09190796258757424,0.15219058629375007,0.9261809978529895,0.5342352984923118,0.5342169681108884,0.07648228790943142,623
dst_yager_fire_specificity_silence_sensitivity_tau_0_6,CWE-311,0.3541267186731977,0.47415917415917413,0.9600174813789009,0.9753139230901551,0.03998251862109918,0.5258408258408258,0.404797809278978,0.443506250564602,0.3779272451087289,0.938549478685154,0.7170883277690375,0.7190889239291658,0.2617383564068508,386
dst_yager_fire_specificity_silence_sensitivity_tau_0_6,CWE-326,0.024267203957606433,0.15333333333333335,0.9806014384458882,0.9974306188118442,0.019398561554111755,0.8466666666666667,0.05230914918414918,0.09263245587885259,0.053842958424066736,0.9781414220471785,0.5669673858896107,0.5669884852281986,0.008942299917005864,26
dst_yager_fire_specificity_silence_sensitivity_tau_0_6,CWE-327,0.7009888240558735,0.7514285714285714,0.9864183886981648,0.9896003693269935,0.013581611301835267,0.24857142857142858,0.7233869573369044,0.7394233698086603,0.7129536732662488,0.9770028993453896,0.8689234800633681,0.8710779983587656,0.6669975562227983,350
dst_yager_fire_specificity_silence_sensitivity_tau_0_6,CWE-330,1.0,0.8719999999999999,1.0,0.9962467043859311,0.0,0.128,0.9310282317695663,0.8945652901338793,0.9317718014181124,0.9963386394844298,0.9359999999999999,0.9378716125833444,0.8846306738848826,250
dst_yager_fire_specificity_silence_sensitivity_tau_0_6,CWE-345,0.4740384615384616,0.06037735849056604,0.9957352364417835,0.942566284014117,0.004264763558216491,0.939622641509434,0.10699003691501607,0.07311761517511732,0.15268467196278707,0.9390000762003344,0.5280562974661749,0.5280959767402422,0.08654965795691334,530
dst_yager_fire_specificity_silence_sensitivity_tau_0_6,CWE-400,0.16666666666666666,0.00392156862745098,0.9995294792169748,0.9712584737589385,0.0004705207830251109,0.996078431372549,0.03773584905660377,0.024271844660194174,0.028243951576004626,0.9708180646312338,0.5017255239222129,0.5017255239222129,0.02508349827053969,252
dst_yager_fire_specificity_silence_sensitivity_tau_0_6,CWE-501,0.6343582887700535,0.7555555555555555,0.9953759521156236,0.9974510718457104,0.004624047884376441,0.24444444444444446,0.6863769889840882,0.7253228560984017,0.6871823718274396,0.9929050742194943,0.8754657538355894,0.8757030354575995,0.5334587484724145,90
dst_yager_fire_specificity_silence_sensitivity_tau_0_6,CWE-610,0.5940441176470588,0.3445143256464011,0.9926788717750735,0.9796106942920773,0.007321128224926374,0.6554856743535988,0.43565892324873723,0.37592587776051045,0.4395751169996499,0.9728707648071175,0.6685965987107373,0.668769104381983,0.27564602650961134,267
dst_yager_fire_specificity_silence_sensitivity_tau_0_6,CWE-662,0.5,0.010526315789473684,0.9998847262247839,0.9893549317615851,0.00011527377521613833,0.9894736842105264,0.1,0.06493506493506494,0.1128650158803385,0.9892433241232588,0.5052055210071288,0.5052055210071288,0.0190014225845472,94
dst_yager_fire_specificity_silence_sensitivity_tau_0_6,CWE-665,0.0,0.0,0.9942675908198282,0.9981583908689181,0.005732409180171837,1.0,,,-0.003243654837687654,0.9924475357717111,0.4971337954099141,0.4971337954099141,0.001808520595097704,16
dst_yager_fire_specificity_silence_sensitivity_tau_0_6,CWE-668,0.02978215711496593,0.016409298464092982,0.923689758790651,0.8673906986743948,0.07631024120934896,0.9835907015359069,0.021150705072099547,0.01802472631422974,-0.07845576588815771,0.8097870954158843,0.47004952862737204,0.47004952862737204,0.07935126580622023,1097
dst_yager_fire_specificity_silence_sensitivity_tau_0_6,CWE-704,0.0,0.0,0.9994246205209987,0.9953056043851424,0.0005753794790013301,1.0,,,-0.002073085901499879,0.9947354882986836,0.49971231026049934,0.49971231026049934,0.005515093919368464,41
dst_yager_fire_specificity_silence_sensitivity_tau_0_6,CWE-705,0.0,0.0,0.7919248153987226,0.9992774886697801,0.20807518460127733,1.0,,,-0.012260626171263982,0.7914716697010048,0.3959624076993613,0.3959624076993613,0.0006640461415802463,5
dst_yager_fire_specificity_silence_sensitivity_tau_0_6,CWE-706,0.4587420933285594,0.4331638418079097,0.9821099644129129,0.980027747326033,0.017890035587087107,0.5668361581920903,0.44476614902543066,0.43755155247917993,0.426493657369754,0.9633819882374489,0.7076369031104112,0.7081344783830353,0.28791554628880717,298
dst_yager_fire_specificity_silence_sensitivity_tau_0_6,CWE-74,0.38754615077199833,0.6152791068580543,0.8100250763010883,0.9151552301849772,0.18997492369891153,0.3847208931419458,0.4755028165117528,0.550521373169566,0.3587950161725755,0.7782233031740681,0.7126520915795713,0.7454144401273076,0.47108573983964774,1427
dst_yager_fire_specificity_silence_sensitivity_tau_0_6,CWE-754,0.0,0.0,0.9995407540418931,0.9973668242147973,0.0004592459581069357,1.0,,,-0.0013956921387708468,0.9969099426864861,0.49977037702094657,0.49977037702094657,0.0024351446285045372,23
dst_yager_fire_specificity_silence_sensitivity_tau_0_6,CWE-807,,0.0,1.0,0.9974824254522229,0.0,1.0,,,,0.9974824254522229,0.5,0.5,0.0018129355392920317,22
dst_yager_fire_specificity_silence_sensitivity_tau_0_6,CWE-834,0.0,0.0,0.999425873826319,0.9970231146556289,0.0005741261736810094,1.0,,,-0.0016368168442753028,0.9964522722838621,0.4997129369131595,0.4997129369131595,0.00313424695783421,26
dst_yager_fire_specificity_silence_sensitivity_tau_0_6,CWE-913,0.3404329004329004,0.25367965367965367,0.9939727140162857,0.9907643488992599,0.006027285983714244,0.7463203463203463,0.286005526005526,0.26498540575394613,0.2840169604253394,0.984892189091337,0.6238261838479697,0.6238262994720325,0.13616947825798068,107
dst_yager_fire_specificity_silence_sensitivity_tau_0_6,CWE-923,,0.0,1.0,0.9621190684325468,0.0,1.0,,,,0.9621190684325468,0.5,0.5,0.021698273675510128,331
dst_yager_fire_specificity_silence_sensitivity_tau_0_7,CWE-116,0.0,0.0,0.9975840108940979,0.9933466979090909,0.0024159891059020297,1.0,,,-0.0038625171733067025,0.9909631198531299,0.49879200544704894,0.49879200544704894,0.004224029237446174,58
dst_yager_fire_specificity_silence_sensitivity_tau_0_7,CWE-190,0.375,0.02857142857142857,0.9993015077079221,0.9844180323902257,0.0006984922920779795,0.9714285714285715,0.08673835125448028,0.05809814391050089,0.11145508122731246,0.9837484049127619,0.5139364681396753,0.5139364681396753,0.02644364776454114,140
dst_yager_fire_specificity_silence_sensitivity_tau_0_7,CWE-191,0.0,0.0,0.9994214961912771,0.9894652752136299,0.0005785038087229346,1.0,,,-0.003170174949541319,0.9888990288942431,0.49971074809563854,0.49971074809563854,0.011199938317574827,92
dst_yager_fire_specificity_silence_sensitivity_tau_0_7,CWE-20,0.008247338972667186,0.03823529411764706,0.8160268611874757,0.9544590824094111,0.1839731388125242,0.9617647058823529,0.01356719726377586,0.02213460938222813,-0.07371849213796913,0.7857620426274236,0.4271310776525614,0.4271310776525614,0.02547518316808207,340
dst_yager_fire_specificity_silence_sensitivity_tau_0_7,CWE-269,0.0,0.0,0.9825446482653588,0.9898674841729964,0.01745535173464125,1.0,,,-0.013286628613431531,0.9727614499032449,0.4912723241326794,0.4912723241326794,0.006673191163898038,87
dst_yager_fire_specificity_silence_sensitivity_tau_0_7,CWE-285,0.017786561264822136,0.006838106370543542,0.9884006512254434,0.9665427890537297,0.011599348774556656,0.9931618936294564,0.024691358024691357,0.019493844049247606,-0.008637948333081343,0.9557123480240467,0.4976193787979934,0.49762655442757203,0.03628610212596399,291
dst_yager_fire_specificity_silence_sensitivity_tau_0_7,CWE-287,0.40728856624319415,0.07709677419354839,0.991373822791075,0.9332931115327993,0.008626177208924958,0.9229032258064516,0.12917843121494238,0.09190796258757424,0.15219058629375007,0.9261809978529895,0.5342352984923118,0.5342169681108884,0.07648228790943142,623
dst_yager_fire_specificity_silence_sensitivity_tau_0_7,CWE-311,0.3541267186731977,0.47415917415917413,0.9600174813789009,0.9753139230901551,0.03998251862109918,0.5258408258408258,0.404797809278978,0.443506250564602,0.3779272451087289,0.938549478685154,0.7170883277690375,0.7190889239291658,0.2617383564068508,386
dst_yager_fire_specificity_silence_sensitivity_tau_0_7,CWE-326,0.024267203957606433,0.15333333333333335,0.9806014384458882,0.9974306188118442,0.019398561554111755,0.8466666666666667,0.05230914918414918,0.09263245587885259,0.053842958424066736,0.9781414220471785,0.5669673858896107,0.5669884852281986,0.008942299917005864,26
dst_yager_fire_specificity_silence_sensitivity_tau_0_7,CWE-327,0.7453424544968981,0.6857142857142857,0.9901115882761335,0.9869318556524922,0.009888411723866421,0.3142857142857143,0.7129535412173773,0.6960708071316575,0.7028761616411268,0.9779177060042281,0.8379129369952096,0.8710779983587656,0.6669975562227983,350
dst_yager_fire_specificity_silence_sensitivity_tau_0_7,CWE-330,1.0,0.8719999999999999,1.0,0.9962467043859311,0.0,0.128,0.9310282317695663,0.8945652901338793,0.9317718014181124,0.9963386394844298,0.9359999999999999,0.9378716125833444,0.8846306738848826,250
dst_yager_fire_specificity_silence_sensitivity_tau_0_7,CWE-345,0.4740384615384616,0.06037735849056604,0.9957352364417835,0.942566284014117,0.004264763558216491,0.939622641509434,0.10699003691501607,0.07311761517511732,0.15268467196278707,0.9390000762003344,0.5280562974661749,0.5280959767402422,0.08654965795691334,530
dst_yager_fire_specificity_silence_sensitivity_tau_0_7,CWE-400,0.16666666666666666,0.00392156862745098,0.9995294792169748,0.9712584737589385,0.0004705207830251109,0.996078431372549,0.03773584905660377,0.024271844660194174,0.028243951576004626,0.9708180646312338,0.5017255239222129,0.5017255239222129,0.02508349827053969,252
dst_yager_fire_specificity_silence_sensitivity_tau_0_7,CWE-501,0.6563157894736842,0.6333333333333333,0.996531494604959,0.9961850773259261,0.0034685053950409815,0.36666666666666664,0.6430424232281817,0.6368088433305825,0.6403139211725425,0.9927897366992509,0.8149324139691462,0.8757030354575995,0.5334587484724145,90
dst_yager_fire_specificity_silence_sensitivity_tau_0_7,CWE-610,0.5940441176470588,0.3445143256464011,0.9926788717750735,0.9796106942920773,0.007321128224926374,0.6554856743535988,0.43565892324873723,0.37592587776051045,0.4395751169996499,0.9728707648071175,0.6685965987107373,0.668769104381983,0.27564602650961134,267
dst_yager_fire_specificity_silence_sensitivity_tau_0_7,CWE-662,0.5,0.010526315789473684,0.9998847262247839,0.9893549317615851,0.00011527377521613833,0.9894736842105264,0.1,0.06493506493506494,0.1128650158803385,0.9892433241232588,0.5052055210071288,0.5052055210071288,0.0190014225845472,94
dst_yager_fire_specificity_silence_sensitivity_tau_0_7,CWE-665,0.0,0.0,0.9942675908198282,0.9981583908689181,0.005732409180171837,1.0,,,-0.003243654837687654,0.9924475357717111,0.4971337954099141,0.4971337954099141,0.001808520595097704,16
dst_yager_fire_specificity_silence_sensitivity_tau_0_7,CWE-668,0.02978215711496593,0.016409298464092982,0.923689758790651,0.8673906986743948,0.07631024120934896,0.9835907015359069,0.021150705072099547,0.01802472631422974,-0.07845576588815771,0.8097870954158843,0.47004952862737204,0.47004952862737204,0.07935126580622023,1097
dst_yager_fire_specificity_silence_sensitivity_tau_0_7,CWE-704,0.0,0.0,0.9994246205209987,0.9953056043851424,0.0005753794790013301,1.0,,,-0.002073085901499879,0.9947354882986836,0.49971231026049934,0.49971231026049934,0.005515093919368464,41
dst_yager_fire_specificity_silence_sensitivity_tau_0_7,CWE-705,0.0,0.0,0.7919248153987226,0.9992774886697801,0.20807518460127733,1.0,,,-0.012260626171263982,0.7914716697010048,0.3959624076993613,0.3959624076993613,0.0006640461415802463,5
dst_yager_fire_specificity_silence_sensitivity_tau_0_7,CWE-706,0.4587420933285594,0.4331638418079097,0.9821099644129129,0.980027747326033,0.017890035587087107,0.5668361581920903,0.44476614902543066,0.43755155247917993,0.426493657369754,0.9633819882374489,0.7076369031104112,0.7081344783830353,0.28791554628880717,298
dst_yager_fire_specificity_silence_sensitivity_tau_0_7,CWE-74,0.5497211048975592,0.5711225616488774,0.9086405998091021,0.9156483498753787,0.09135940019089783,0.4288774383511226,0.5601960691450427,0.5666957935105527,0.47250575641074716,0.8535255650653799,0.7398815807289898,0.7454144401273076,0.47108573983964774,1427
dst_yager_fire_specificity_silence_sensitivity_tau_0_7,CWE-754,0.0,0.0,0.9995407540418931,0.9973668242147973,0.0004592459581069357,1.0,,,-0.0013956921387708468,0.9969099426864861,0.49977037702094657,0.49977037702094657,0.0024351446285045372,23
dst_yager_fire_specificity_silence_sensitivity_tau_0_7,CWE-807,,0.0,1.0,0.9974824254522229,0.0,1.0,,,,0.9974824254522229,0.5,0.5,0.0018129355392920317,22
dst_yager_fire_specificity_silence_sensitivity_tau_0_7,CWE-834,0.0,0.0,0.999425873826319,0.9970231146556289,0.0005741261736810094,1.0,,,-0.0016368168442753028,0.9964522722838621,0.4997129369131595,0.4997129369131595,0.00313424695783421,26
dst_yager_fire_specificity_silence_sensitivity_tau_0_7,CWE-913,0.3404329004329004,0.25367965367965367,0.9939727140162857,0.9907643488992599,0.006027285983714244,0.7463203463203463,0.286005526005526,0.26498540575394613,0.2840169604253394,0.984892189091337,0.6238261838479697,0.6238262994720325,0.13616947825798068,107
dst_yager_fire_specificity_silence_sensitivity_tau_0_7,CWE-923,,0.0,1.0,0.9621190684325468,0.0,1.0,,,,0.9621190684325468,0.5,0.5,0.021698273675510128,331
dst_yager_fire_specificity_silence_sensitivity_tau_0_8,CWE-116,0.0,0.0,0.9975840108940979,0.9933466979090909,0.0024159891059020297,1.0,,,-0.0038625171733067025,0.9909631198531299,0.49879200544704894,0.49879200544704894,0.004224029237446174,58
dst_yager_fire_specificity_silence_sensitivity_tau_0_8,CWE-190,0.375,0.02857142857142857,0.9993015077079221,0.9844180323902257,0.0006984922920779795,0.9714285714285715,0.08673835125448028,0.05809814391050089,0.11145508122731246,0.9837484049127619,0.5139364681396753,0.5139364681396753,0.02644364776454114,140
dst_yager_fire_specificity_silence_sensitivity_tau_0_8,CWE-191,0.0,0.0,0.9994214961912771,0.9894652752136299,0.0005785038087229346,1.0,,,-0.003170174949541319,0.9888990288942431,0.49971074809563854,0.49971074809563854,0.011199938317574827,92
dst_yager_fire_specificity_silence_sensitivity_tau_0_8,CWE-20,0.008247338972667186,0.03823529411764706,0.8160268611874757,0.9544590824094111,0.1839731388125242,0.9617647058823529,0.01356719726377586,0.02213460938222813,-0.07371849213796913,0.7857620426274236,0.4271310776525614,0.4271310776525614,0.02547518316808207,340
dst_yager_fire_specificity_silence_sensitivity_tau_0_8,CWE-269,0.0,0.0,0.9825446482653588,0.9898674841729964,0.01745535173464125,1.0,,,-0.013286628613431531,0.9727614499032449,0.4912723241326794,0.4912723241326794,0.006673191163898038,87
dst_yager_fire_specificity_silence_sensitivity_tau_0_8,CWE-285,0.017786561264822136,0.006838106370543542,0.9884006512254434,0.9665427890537297,0.011599348774556656,0.9931618936294564,0.024691358024691357,0.019493844049247606,-0.008637948333081343,0.9557123480240467,0.4976193787979934,0.49762655442757203,0.03628610212596399,291
dst_yager_fire_specificity_silence_sensitivity_tau_0_8,CWE-287,0.40728856624319415,0.07709677419354839,0.991373822791075,0.9332931115327993,0.008626177208924958,0.9229032258064516,0.12917843121494238,0.09190796258757424,0.15219058629375007,0.9261809978529895,0.5342352984923118,0.5342169681108884,0.07648228790943142,623
dst_yager_fire_specificity_silence_sensitivity_tau_0_8,CWE-311,0.39191574093913273,0.4586080586080586,0.9670809104649155,0.974783514971554,0.03291908953508441,0.5413919413919415,0.42191517828848246,0.4429662688074962,0.3947860174720114,0.9446155709320843,0.7128444845364871,0.7190889239291658,0.2617383564068508,386
dst_yager_fire_specificity_silence_sensitivity_tau_0_8,CWE-326,0.024267203957606433,0.15333333333333335,0.9806014384458882,0.9974306188118442,0.019398561554111755,0.8466666666666667,0.05230914918414918,0.09263245587885259,0.053842958424066736,0.9781414220471785,0.5669673858896107,0.5669884852281986,0.008942299917005864,26
dst_yager_fire_specificity_silence_sensitivity_tau_0_8,CWE-327,0.8934399899617291,0.3628571428571429,0.9966723136777251,0.9740742799612663,0.0033276863222748815,0.6371428571428571,0.48593365026745106,0.40015565970253497,0.5412561254296772,0.9712731182806724,0.679764728267434,0.8710779983587656,0.6669975562227983,350
dst_yager_fire_specificity_silence_sensitivity_tau_0_8,CWE-330,1.0,0.8719999999999999,1.0,0.9962467043859311,0.0,0.128,0.9310282317695663,0.8945652901338793,0.9317718014181124,0.9963386394844298,0.9359999999999999,0.9378716125833444,0.8846306738848826,250
dst_yager_fire_specificity_silence_sensitivity_tau_0_8,CWE-345,0.4740384615384616,0.06037735849056604,0.9957352364417835,0.942566284014117,0.004264763558216491,0.939622641509434,0.10699003691501607,0.07311761517511732,0.15268467196278707,0.9390000762003344,0.5280562974661749,0.5280959767402422,0.08654965795691334,530
dst_yager_fire_specificity_silence_sensitivity_tau_0_8,CWE-400,0.16666666666666666,0.00392156862745098,0.9995294792169748,0.9712584737589385,0.0004705207830251109,0.996078431372549,0.03773584905660377,0.024271844660194174,0.028243951576004626,0.9708180646312338,0.5017255239222129,0.5017255239222129,0.02508349827053969,252
dst_yager_fire_specificity_silence_sensitivity_tau_0_8,CWE-501,0.7074203574203575,0.3555555555555555,0.9983820279151704,0.9933268865380107,0.0016179720848295714,0.6444444444444445,0.460708681175867,0.3904707005985183,0.4899127929215229,0.9917589336189794,0.676968791735363,0.8757030354575995,0.5334587484724145,90
dst_yager_fire_specificity_silence_sensitivity_tau_0_8,CWE-610,0.5940441176470588,0.3445143256464011,0.9926788717750735,0.9796106942920773,0.007321128224926374,0.6554856743535988,0.43565892324873723,0.37592587776051045,0.4395751169996499,0.9728707648071175,0.6685965987107373,0.668769104381983,0.27564602650961134,267
dst_yager_fire_specificity_silence_sensitivity_tau_0_8,CWE-662,0.5,0.010526315789473684,0.9998847262247839,0.9893549317615851,0.00011527377521613833,0.9894736842105264,0.1,0.06493506493506494,0.1128650158803385,0.9892433241232588,0.5052055210071288,0.5052055210071288,0.0190014225845472,94
dst_yager_fire_specificity_silence_sensitivity_tau_0_8,CWE-665,0.0,0.0,0.9942675908198282,0.9981583908689181,0.005732409180171837,1.0,,,-0.003243654837687654,0.9924475357717111,0.4971337954099141,0.4971337954099141,0.001808520595097704,16
dst_yager_fire_specificity_silence_sensitivity_tau_0_8,CWE-668,0.02978215711496593,0.016409298464092982,0.923689758790651,0.8673906986743948,0.07631024120934896,0.9835907015359069,0.021150705072099547,0.01802472631422974,-0.07845576588815771,0.8097870954158843,0.47004952862737204,0.47004952862737204,0.07935126580622023,1097
dst_yager_fire_specificity_silence_sensitivity_tau_0_8,CWE-704,0.0,0.0,0.9994246205209987,0.9953056043851424,0.0005753794790013301,1.0,,,-0.002073085901499879,0.9947354882986836,0.49971231026049934,0.49971231026049934,0.005515093919368464,41
dst_yager_fire_specificity_silence_sensitivity_tau_0_8,CWE-705,0.0,0.0,0.7919248153987226,0.9992774886697801,0.20807518460127733,1.0,,,-0.012260626171263982,0.7914716697010048,0.3959624076993613,0.3959624076993613,0.0006640461415802463,5
dst_yager_fire_specificity_silence_sensitivity_tau_0_8,CWE-706,0.4813147008374533,0.4331638418079097,0.983648512461085,0.9800572247279418,0.016351487538915153,0.5668361581920903,0.4552851821837631,0.44160447783496687,0.4382170183413926,0.9648683692080864,0.7084061771344972,0.7081344783830353,0.28791554628880717,298
dst_yager_fire_specificity_silence_sensitivity_tau_0_8,CWE-74,0.6473960353261842,0.43518586676481413,0.9537604016796033,0.8964002411736445,0.046239598320396744,0.5648141332351859,0.5203618519650426,0.4656577260687439,0.45985290925513767,0.8690762335411385,0.6944731342222087,0.7454144401273076,0.47108573983964774,1427
dst_yager_fire_specificity_silence_sensitivity_tau_0_8,CWE-754,0.0,0.0,0.9995407540418931,0.9973668242147973,0.0004592459581069357,1.0,,,-0.0013956921387708468,0.9969099426864861,0.49977037702094657,0.49977037702094657,0.0024351446285045372,23
dst_yager_fire_specificity_silence_sensitivity_tau_0_8,CWE-807,,0.0,1.0,0.9974824254522229,0.0,1.0,,,,0.9974824254522229,0.5,0.5,0.0018129355392920317,22
dst_yager_fire_specificity_silence_sensitivity_tau_0_8,CWE-834,0.0,0.0,0.999425873826319,0.9970231146556289,0.0005741261736810094,1.0,,,-0.0016368168442753028,0.9964522722838621,0.4997129369131595,0.4997129369131595,0.00313424695783421,26
dst_yager_fire_specificity_silence_sensitivity_tau_0_8,CWE-913,0.3404329004329004,0.25367965367965367,0.9939727140162857,0.9907643488992599,0.006027285983714244,0.7463203463203463,0.286005526005526,0.26498540575394613,0.2840169604253394,0.984892189091337,0.6238261838479697,0.6238262994720325,0.13616947825798068,107
dst_yager_fire_specificity_silence_sensitivity_tau_0_8,CWE-923,,0.0,1.0,0.9621190684325468,0.0,1.0,,,,0.9621190684325468,0.5,0.5,0.021698273675510128,331
dst_yager_fire_specificity_silence_sensitivity_tau_0_9,CWE-116,0.0,0.0,0.9975840108940979,0.9933466979090909,0.0024159891059020297,1.0,,,-0.0038625171733067025,0.9909631198531299,0.49879200544704894,0.49879200544704894,0.004224029237446174,58
dst_yager_fire_specificity_silence_sensitivity_tau_0_9,CWE-190,0.375,0.02857142857142857,0.9993015077079221,0.9844180323902257,0.0006984922920779795,0.9714285714285715,0.08673835125448028,0.05809814391050089,0.11145508122731246,0.9837484049127619,0.5139364681396753,0.5139364681396753,0.02644364776454114,140
dst_yager_fire_specificity_silence_sensitivity_tau_0_9,CWE-191,0.0,0.0,0.9994214961912771,0.9894652752136299,0.0005785038087229346,1.0,,,-0.003170174949541319,0.9888990288942431,0.49971074809563854,0.49971074809563854,0.011199938317574827,92
dst_yager_fire_specificity_silence_sensitivity_tau_0_9,CWE-20,0.008247338972667186,0.03823529411764706,0.8160268611874757,0.9544590824094111,0.1839731388125242,0.9617647058823529,0.01356719726377586,0.02213460938222813,-0.07371849213796913,0.7857620426274236,0.4271310776525614,0.4271310776525614,0.02547518316808207,340
dst_yager_fire_specificity_silence_sensitivity_tau_0_9,CWE-269,0.0,0.0,0.9825446482653588,0.9898674841729964,0.01745535173464125,1.0,,,-0.013286628613431531,0.9727614499032449,0.4912723241326794,0.4912723241326794,0.006673191163898038,87
dst_yager_fire_specificity_silence_sensitivity_tau_0_9,CWE-285,0.017786561264822136,0.006838106370543542,0.9884006512254434,0.9665427890537297,0.011599348774556656,0.9931618936294564,0.024691358024691357,0.019493844049247606,-0.008637948333081343,0.9557123480240467,0.4976193787979934,0.49762655442757203,0.03628610212596399,291
dst_yager_fire_specificity_silence_sensitivity_tau_0_9,CWE-287,0.40728856624319415,0.07709677419354839,0.991373822791075,0.9332931115327993,0.008626177208924958,0.9229032258064516,0.12917843121494238,0.09190796258757424,0.15219058629375007,0.9261809978529895,0.5342352984923118,0.5342169681108884,0.07648228790943142,623
dst_yager_fire_specificity_silence_sensitivity_tau_0_9,CWE-311,0.4420705206783305,0.18641358641358644,0.9893485383409862,0.9633931138299616,0.010651461659013789,0.8135864135864136,0.2600198264474374,0.21009443602797923,0.26555788782717554,0.9538790496603659,0.5878810623772862,0.7190889239291658,0.2617383564068508,386
dst_yager_fire_specificity_silence_sensitivity_tau_0_9,CWE-326,0.024267203957606433,0.15333333333333335,0.9806014384458882,0.9974306188118442,0.019398561554111755,0.8466666666666667,0.05230914918414918,0.09263245587885259,0.053842958424066736,0.9781414220471785,0.5669673858896107,0.5669884852281986,0.008942299917005864,26
dst_yager_fire_specificity_silence_sensitivity_tau_0_9,CWE-327,0.9524876090093481,0.2885714285714286,0.9994039051266561,0.9711542958057165,0.0005960948733437651,0.7114285714285714,0.44241716675096754,0.3351722709982161,0.5153067729012996,0.970931043024116,0.6439876668490424,0.8710779983587656,0.6669975562227983,350
dst_yager_fire_specificity_silence_sensitivity_tau_0_9,CWE-330,1.0,0.8719999999999999,1.0,0.9962467043859311,0.0,0.128,0.9310282317695663,0.8945652901338793,0.9317718014181124,0.9963386394844298,0.9359999999999999,0.9378716125833444,0.8846306738848826,250
dst_yager_fire_specificity_silence_sensitivity_tau_0_9,CWE-345,0.4740384615384616,0.06037735849056604,0.9957352364417835,0.942566284014117,0.004264763558216491,0.939622641509434,0.10699003691501607,0.07311761517511732,0.15268467196278707,0.9390000762003344,0.5280562974661749,0.5280959767402422,0.08654965795691334,530
dst_yager_fire_specificity_silence_sensitivity_tau_0_9,CWE-400,0.16666666666666666,0.00392156862745098,0.9995294792169748,0.9712584737589385,0.0004705207830251109,0.996078431372549,0.03773584905660377,0.024271844660194174,0.028243951576004626,0.9708180646312338,0.5017255239222129,0.5017255239222129,0.02508349827053969,252
dst_yager_fire_specificity_silence_sensitivity_tau_0_9,CWE-501,0.7074203574203575,0.3555555555555555,0.9983820279151704,0.9933268865380107,0.0016179720848295714,0.6444444444444445,0.460708681175867,0.3904707005985183,0.4899127929215229,0.9917589336189794,0.676968791735363,0.8757030354575995,0.5334587484724145,90
dst_yager_fire_specificity_silence_sensitivity_tau_0_9,CWE-610,0.6170363101859209,0.33696715583508036,0.9935054650223221,0.9793994944002865,0.006494534977677932,0.6630328441649196,0.43521759923481584,0.37034760357056523,0.44360180643455305,0.9734431129125923,0.6652363104287012,0.668769104381983,0.27564602650961134,267
dst_yager_fire_specificity_silence_sensitivity_tau_0_9,CWE-662,0.5,0.010526315789473684,0.9998847262247839,0.9893549317615851,0.00011527377521613833,0.9894736842105264,0.1,0.06493506493506494,0.1128650158803385,0.9892433241232588,0.5052055210071288,0.5052055210071288,0.0190014225845472,94
dst_yager_fire_specificity_silence_sensitivity_tau_0_9,CWE-665,0.0,0.0,0.9942675908198282,0.9981583908689181,0.005732409180171837,1.0,,,-0.003243654837687654,0.9924475357717111,0.4971337954099141,0.4971337954099141,0.001808520595097704,16
dst_yager_fire_specificity_silence_sensitivity_tau_0_9,CWE-668,0.02978215711496593,0.016409298464092982,0.923689758790651,0.8673906986743948,0.07631024120934896,0.9835907015359069,0.021150705072099547,0.01802472631422974,-0.07845576588815771,0.8097870954158843,0.47004952862737204,0.47004952862737204,0.07935126580622023,1097
dst_yager_fire_specificity_silence_sensitivity_tau_0_9,CWE-704,0.0,0.0,0.9994246205209987,0.9953056043851424,0.0005753794790013301,1.0,,,-0.002073085901499879,0.9947354882986836,0.49971231026049934,0.49971231026049934,0.005515093919368464,41
dst_yager_fire_specificity_silence_sensitivity_tau_0_9,CWE-705,,0.0,1.0,0.999427782060148,0.0,1.0,,,,0.999427782060148,0.5,0.3959624076993613,0.0006640461415802463,5
dst_yager_fire_specificity_silence_sensitivity_tau_0_9,CWE-706,0.4813147008374533,0.4331638418079097,0.983648512461085,0.9800572247279418,0.016351487538915153,0.5668361581920903,0.4552851821837631,0.44160447783496687,0.4382170183413926,0.9648683692080864,0.7084061771344972,0.7081344783830353,0.28791554628880717,298
dst_yager_fire_specificity_silence_sensitivity_tau_0_9,CWE-74,0.6473960353261842,0.43518586676481413,0.9537604016796033,0.8964002411736445,0.046239598320396744,0.5648141332351859,0.5203618519650426,0.4656577260687439,0.45985290925513767,0.8690762335411385,0.6944731342222087,0.7454144401273076,0.47108573983964774,1427
dst_yager_fire_specificity_silence_sensitivity_tau_0_9,CWE-754,0.0,0.0,0.9995407540418931,0.9973668242147973,0.0004592459581069357,1.0,,,-0.0013956921387708468,0.9969099426864861,0.49977037702094657,0.49977037702094657,0.0024351446285045372,23
dst_yager_fire_specificity_silence_sensitivity_tau_0_9,CWE-807,,0.0,1.0,0.9974824254522229,0.0,1.0,,,,0.9974824254522229,0.5,0.5,0.0018129355392920317,22
dst_yager_fire_specificity_silence_sensitivity_tau_0_9,CWE-834,0.0,0.0,0.999425873826319,0.9970231146556289,0.0005741261736810094,1.0,,,-0.0016368168442753028,0.9964522722838621,0.4997129369131595,0.4997129369131595,0.00313424695783421,26
dst_yager_fire_specificity_silence_sensitivity_tau_0_9,CWE-913,0.34305194805194805,0.24415584415584415,0.9942054074426965,0.9906513011976612,0.00579459255730354,0.7558441558441558,0.2816664241054485,0.25737066755097265,0.28019665576605995,0.9850075266115803,0.6191806257992702,0.6238262994720325,0.13616947825798068,107
dst_yager_fire_specificity_silence_sensitivity_tau_0_9,CWE-923,,0.0,1.0,0.9621190684325468,0.0,1.0,,,,0.9621190684325468,0.5,0.5,0.021698273675510128,331
naive_bayes_tau_0_1,CWE-116,,0.0,1.0,0.9933628747877409,0.0,1.0,,,,0.9933628747877409,0.5,0.501207994552951,0.004237903362410778,58
naive_bayes_tau_0_1,CWE-190,0.375,0.02857142857142857,0.9993015077079221,0.9844180323902257,0.0006984922920779795,0.9714285714285715,0.08673835125448028,0.05809814391050089,0.11145508122731246,0.9837484049127619,0.5139364681396753,0.5139364681396753,0.02644364776454114,140
naive_bayes_tau_0_1,CWE-191,,0.0,1.0,0.9894713742942963,0.0,1.0,,,,0.9894713742942963,0.5,0.5,0.011208041703251927,92
naive_bayes_tau_0_1,CWE-20,,0.0,1.0,0.9610891800900709,0.0,1.0,,,,0.9610891800900709,0.5,0.5728689223474386,0.031211113766381304,340
naive_bayes_tau_0_1,CWE-269,,0.0,1.0,0.9900428049565541,0.0,1.0,,,,0.9900428049565541,0.5,0.5087276758673206,0.006978370731077464,87
naive_bayes_tau_0_1,CWE-285,,0.0,1.0,0.9666968119513619,0.0,1.0,,,,0.9666968119513619,0.5,0.5001214689564535,0.03754363945786177,291
naive_bayes_tau_0_1,CWE-287,0.40728856624319415,0.07709677419354839,0.991373822791075,0.9332931115327993,0.008626177208924958,0.9229032258064516,0.12917843121494238,0.09190796258757424,0.15219058629375007,0.9261809978529895,0.5342352984923118,0.5342347792675199,0.07867970962644756,623
naive_bayes_tau_0_1,CWE-311,0.3541267186731977,0.47415917415917413,0.9600174813789009,0.9753139230901551,0.03998251862109918,0.5258408258408258,0.404797809278978,0.443506250564602,0.3779272451087289,0.938549478685154,0.7170883277690375,0.7190889239291658,0.2617383564068508,386
naive_bayes_tau_0_1,CWE-326,,0.0,1.0,0.9970239677720049,0.0,1.0,,,,0.9970239677720049,0.5,0.567139735254907,0.008942299917005864,26
naive_bayes_tau_0_1,CWE-327,0.6989365101725737,0.7514285714285714,0.9862990569559212,0.9895990157132009,0.013700943044078703,0.24857142857142858,0.7223535226864485,0.73900822939352,0.7118638882387297,0.9768883518081617,0.8688638141922465,0.8713530946470904,0.67636981959647,350
naive_bayes_tau_0_1,CWE-330,0.9183100570926659,0.876,0.9976438549964808,0.9963557985431917,0.0023561450035192786,0.124,0.8953475608005282,0.8833328448897906,0.8933035600580688,0.9941640576364259,0.9368219274982404,0.9378716125833444,0.8846306738848826,250
naive_bayes_tau_0_1,CWE-345,0.5709956709956711,0.06037735849056604,0.9970767063857195,0.9426392588095245,0.0029232936142803427,0.939622641509434,0.10896274809140412,0.0734800668038779,0.1712377248621926,0.9402601045206845,0.5287270324381429,0.5293580881360436,0.08700328904162036,530
naive_bayes_tau_0_1,CWE-400,0.0,0.0,0.9996474733172699,0.9711504943144416,0.0003525266827301256,1.0,,,-0.004972479727114764,0.9708180646312338,0.49982373665863494,0.49982373665863494,0.02089453463786888,252
naive_bayes_tau_0_1,CWE-501,0.6343582887700535,0.7555555555555555,0.9953759521156236,0.9974510718457104,0.004624047884376441,0.24444444444444446,0.6863769889840882,0.7253228560984017,0.6871823718274396,0.9929050742194943,0.8754657538355894,0.8757030354575995,0.5334587484724145,90
naive_bayes_tau_0_1,CWE-610,0.5940441176470588,0.3445143256464011,0.9926788717750735,0.9796106942920773,0.007321128224926374,0.6554856743535988,0.43565892324873723,0.37592587776051045,0.4395751169996499,0.9728707648071175,0.6685965987107373,0.668769104381983,0.27564602650961134,267
naive_bayes_tau_0_1,CWE-662,0.0,0.0,0.9998847262247839,0.9892415658035377,0.00011527377521613833,1.0,,,-0.0024994019416464323,0.9891287765860308,0.49994236311239193,0.49994236311239193,0.008132643528177705,94
naive_bayes_tau_0_1,CWE-665,,0.0,1.0,0.9981691909293028,0.0,1.0,,,,0.9981691909293028,0.5,0.5028662045900859,0.0018483265939471063,16
naive_bayes_tau_0_1,CWE-668,0.1326093013256053,0.9835907015359069,0.07631024120934896,0.970217842885034,0.923689758790651,0.016409298464092982,0.23370790414304174,0.43074282029007804,0.07845576588815771,0.1902129045841156,0.529950471372628,0.529950471372628,0.0794033680621549,1097
naive_bayes_tau_0_1,CWE-704,,0.0,1.0,0.995308231395666,0.0,1.0,,,,0.995308231395666,0.5,0.5,0.005515093919368464,41
naive_bayes_tau_0_1,CWE-705,,0.0,1.0,0.999427782060148,0.0,1.0,,,,0.999427782060148,0.5,0.6040375923006387,0.0008781178945321332,5
naive_bayes_tau_0_1,CWE-706,0.4587420933285594,0.4331638418079097,0.9821099644129129,0.980027747326033,0.017890035587087107,0.5668361581920903,0.44476614902543066,0.43755155247917993,0.426493657369754,0.9633819882374489,0.7076369031104112,0.7081344783830353,0.28791554628880717,298
naive_bayes_tau_0_1,CWE-74,0.38754615077199833,0.6152791068580543,0.8100250763010883,0.9151552301849772,0.18997492369891153,0.3847208931419458,0.4755028165117528,0.550521373169566,0.3587950161725755,0.7782233031740681,0.7126520915795713,0.7454144401273076,0.47108573983964774,1427
naive_bayes_tau_0_1,CWE-754,,0.0,1.0,0.9973680053751964,0.0,1.0,,,,0.9973680053751964,0.5,0.5,0.002439130774818999,23
naive_bayes_tau_0_1,CWE-807,,0.0,1.0,0.9974824254522229,0.0,1.0,,,,0.9974824254522229,0.5,0.5,0.0018129355392920317,22
naive_bayes_tau_0_1,CWE-834,,0.0,1.0,0.9970247550495989,0.0,1.0,,,,0.9970247550495989,0.5,0.5,0.0031581510982223197,26
naive_bayes_tau_0_1,CWE-913,0.3347186147186147,0.24415584415584415,0.9939727140162857,0.9906492801300525,0.006027285983714244,0.7558441558441558,0.2783400207790452,0.2561941969627374,0.27631811550276975,0.9847776415541091,0.619064279086065,0.6190975210041236,0.1344653251252561,107
naive_bayes_tau_0_1,CWE-923,,0.0,1.0,0.9621190684325468,0.0,1.0,,,,0.9621190684325468,0.5,0.5,0.021698273675510128,331
naive_bayes_tau_0_2,CWE-116,,0.0,1.0,0.9933628747877409,0.0,1.0,,,,0.9933628747877409,0.5,0.501207994552951,0.004237903362410778,58
naive_bayes_tau_0_2,CWE-190,0.375,0.02857142857142857,0.9993015077079221,0.9844180323902257,0.0006984922920779795,0.9714285714285715,0.08673835125448028,0.05809814391050089,0.11145508122731246,0.9837484049127619,0.5139364681396753,0.5139364681396753,0.02644364776454114,140
naive_bayes_tau_0_2,CWE-191,,0.0,1.0,0.9894713742942963,0.0,1.0,,,,0.9894713742942963,0.5,0.5,0.011208041703251927,92
naive_bayes_tau_0_2,CWE-20,,0.0,1.0,0.9610891800900709,0.0,1.0,,,,0.9610891800900709,0.5,0.5728689223474386,0.031211113766381304,340
naive_bayes_tau_0_2,CWE-269,,0.0,1.0,0.9900428049565541,0.0,1.0,,,,0.9900428049565541,0.5,0.5087276758673206,0.006978370731077464,87
naive_bayes_tau_0_2,CWE-285,,0.0,1.0,0.9666968119513619,0.0,1.0,,,,0.9666968119513619,0.5,0.5001214689564535,0.03754363945786177,291
naive_bayes_tau_0_2,CWE-287,0.40728856624319415,0.07709677419354839,0.991373822791075,0.9332931115327993,0.008626177208924958,0.9229032258064516,0.12917843121494238,0.09190796258757424,0.15219058629375007,0.9261809978529895,0.5342352984923118,0.5342347792675199,0.07867970962644756,623
naive_bayes_tau_0_2,CWE-311,0.3541267186731977,0.47415917415917413,0.9600174813789009,0.9753139230901551,0.03998251862109918,0.5258408258408258,0.404797809278978,0.443506250564602,0.3779272451087289,0.938549478685154,0.7170883277690375,0.7190889239291658,0.2617383564068508,386
naive_bayes_tau_0_2,CWE-326,,0.0,1.0,0.9970239677720049,0.0,1.0,,,,0.9970239677720049,0.5,0.567139735254907,0.008942299917005864,26
naive_bayes_tau_0_2,CWE-327,0.6989365101725737,0.7514285714285714,0.9862990569559212,0.9895990157132009,0.013700943044078703,0.24857142857142858,0.7223535226864485,0.73900822939352,0.7118638882387297,0.9768883518081617,0.8688638141922465,0.8713530946470904,0.67636981959647,350
naive_bayes_tau_0_2,CWE-330,0.9183100570926659,0.876,0.9976438549964808,0.9963557985431917,0.0023561450035192786,0.124,0.8953475608005282,0.8833328448897906,0.8933035600580688,0.9941640576364259,0.9368219274982404,0.9378716125833444,0.8846306738848826,250
naive_bayes_tau_0_2,CWE-345,0.5709956709956711,0.06037735849056604,0.9970767063857195,0.9426392588095245,0.0029232936142803427,0.939622641509434,0.10896274809140412,0.0734800668038779,0.1712377248621926,0.9402601045206845,0.5287270324381429,0.5293580881360436,0.08700328904162036,530
naive_bayes_tau_0_2,CWE-400,,0.0,1.0,0.9711604002190356,0.0,1.0,,,,0.9711604002190356,0.5,0.49982373665863494,0.02089453463786888,252
naive_bayes_tau_0_2,CWE-501,0.6343582887700535,0.7555555555555555,0.9953759521156236,0.9974510718457104,0.004624047884376441,0.24444444444444446,0.6863769889840882,0.7253228560984017,0.6871823718274396,0.9929050742194943,0.8754657538355894,0.8757030354575995,0.5334587484724145,90
naive_bayes_tau_0_2,CWE-610,0.5940441176470588,0.3445143256464011,0.9926788717750735,0.9796106942920773,0.007321128224926374,0.6554856743535988,0.43565892324873723,0.37592587776051045,0.4395751169996499,0.9728707648071175,0.6685965987107373,0.668769104381983,0.27564602650961134,267
naive_bayes_tau_0_2,CWE-662,,0.0,1.0,0.9892428016715495,0.0,1.0,,,,0.9892428016715495,0.5,0.49994236311239193,0.008132643528177705,94
naive_bayes_tau_0_2,CWE-665,,0.0,1.0,0.9981691909293028,0.0,1.0,,,,0.9981691909293028,0.5,0.5028662045900859,0.0018483265939471063,16
naive_bayes_tau_0_2,CWE-668,,0.0,1.0,0.8744547811064708,0.0,1.0,,,,0.8744547811064708,0.5,0.529950471372628,0.0794033680621549,1097
naive_bayes_tau_0_2,CWE-704,,0.0,1.0,0.995308231395666,0.0,1.0,,,,0.995308231395666,0.5,0.5,0.005515093919368464,41
naive_bayes_tau_0_2,CWE-705,,0.0,1.0,0.999427782060148,0.0,1.0,,,,0.999427782060148,0.5,0.6040375923006387,0.0008781178945321332,5
naive_bayes_tau_0_2,CWE-706,0.4587420933285594,0.4331638418079097,0.9821099644129129,0.980027747326033,0.017890035587087107,0.5668361581920903,0.44476614902543066,0.43755155247917993,0.426493657369754,0.9633819882374489,0.7076369031104112,0.7081344783830353,0.28791554628880717,298
naive_bayes_tau_0_2,CWE-74,0.38754615077199833,0.6152791068580543,0.8100250763010883,0.9151552301849772,0.18997492369891153,0.3847208931419458,0.4755028165117528,0.550521373169566,0.3587950161725755,0.7782233031740681,0.7126520915795713,0.7454144401273076,0.47108573983964774,1427
naive_bayes_tau_0_2,CWE-754,,0.0,1.0,0.9973680053751964,0.0,1.0,,,,0.9973680053751964,0.5,0.5,0.002439130774818999,23
naive_bayes_tau_0_2,CWE-807,,0.0,1.0,0.9974824254522229,0.0,1.0,,,,0.9974824254522229,0.5,0.5,0.0018129355392920317,22
naive_bayes_tau_0_2,CWE-834,,0.0,1.0,0.9970247550495989,0.0,1.0,,,,0.9970247550495989,0.5,0.5,0.0031581510982223197,26
naive_bayes_tau_0_2,CWE-913,0.34305194805194805,0.24415584415584415,0.9942054074426965,0.9906513011976612,0.00579459255730354,0.7558441558441558,0.2816664241054485,0.25737066755097265,0.28019665576605995,0.9850075266115803,0.6191806257992702,0.6190975210041236,0.1344653251252561,107
naive_bayes_tau_0_2,CWE-923,,0.0,1.0,0.9621190684325468,0.0,1.0,,,,0.9621190684325468,0.5,0.5,0.021698273675510128,331
naive_bayes_tau_0_3,CWE-116,,0.0,1.0,0.9933628747877409,0.0,1.0,,,,0.9933628747877409,0.5,0.501207994552951,0.004237903362410778,58
naive_bayes_tau_0_3,CWE-190,0.27777777777777773,0.014285714285714285,0.9994179221433119,0.9841940633673497,0.0005820778566879912,0.9857142857142858,0.06559139784946236,0.043668954996186116,0.07697950228859125,0.983633857375534,0.5068518182145132,0.5139364681396753,0.02644364776454114,140
naive_bayes_tau_0_3,CWE-191,,0.0,1.0,0.9894713742942963,0.0,1.0,,,,0.9894713742942963,0.5,0.5,0.011208041703251927,92
naive_bayes_tau_0_3,CWE-20,,0.0,1.0,0.9610891800900709,0.0,1.0,,,,0.9610891800900709,0.5,0.5728689223474386,0.031211113766381304,340
naive_bayes_tau_0_3,CWE-269,,0.0,1.0,0.9900428049565541,0.0,1.0,,,,0.9900428049565541,0.5,0.5087276758673206,0.006978370731077464,87
naive_bayes_tau_0_3,CWE-285,,0.0,1.0,0.9666968119513619,0.0,1.0,,,,0.9666968119513619,0.5,0.5001214689564535,0.03754363945786177,291
naive_bayes_tau_0_3,CWE-287,0.40728856624319415,0.07709677419354839,0.991373822791075,0.9332931115327993,0.008626177208924958,0.9229032258064516,0.12917843121494238,0.09190796258757424,0.15219058629375007,0.9261809978529895,0.5342352984923118,0.5342347792675199,0.07867970962644756,623
naive_bayes_tau_0_3,CWE-311,0.39191574093913273,0.4586080586080586,0.9670809104649155,0.974783514971554,0.03291908953508441,0.5413919413919415,0.42191517828848246,0.4429662688074962,0.3947860174720114,0.9446155709320843,0.7128444845364871,0.7190889239291658,0.2617383564068508,386
naive_bayes_tau_0_3,CWE-326,,0.0,1.0,0.9970239677720049,0.0,1.0,,,,0.9970239677720049,0.5,0.567139735254907,0.008942299917005864,26
naive_bayes_tau_0_3,CWE-327,0.6989365101725737,0.7514285714285714,0.9862990569559212,0.9895990157132009,0.013700943044078703,0.24857142857142858,0.7223535226864485,0.73900822939352,0.7118638882387297,0.9768883518081617,0.8688638141922465,0.8713530946470904,0.67636981959647,350
naive_bayes_tau_0_3,CWE-330,0.9183100570926659,0.876,0.9976438549964808,0.9963557985431917,0.0023561450035192786,0.124,0.8953475608005282,0.8833328448897906,0.8933035600580688,0.9941640576364259,0.9368219274982404,0.9378716125833444,0.8846306738848826,250
naive_bayes_tau_0_3,CWE-345,0.5709956709956711,0.06037735849056604,0.9970767063857195,0.9426392588095245,0.0029232936142803427,0.939622641509434,0.10896274809140412,0.0734800668038779,0.1712377248621926,0.9402601045206845,0.5287270324381429,0.5293580881360436,0.08700328904162036,530
naive_bayes_tau_0_3,CWE-400,,0.0,1.0,0.9711604002190356,0.0,1.0,,,,0.9711604002190356,0.5,0.49982373665863494,0.02089453463786888,252
naive_bayes_tau_0_3,CWE-501,0.6343582887700535,0.7555555555555555,0.9953759521156236,0.9974510718457104,0.004624047884376441,0.24444444444444446,0.6863769889840882,0.7253228560984017,0.6871823718274396,0.9929050742194943,0.8754657538355894,0.8757030354575995,0.5334587484724145,90
naive_bayes_tau_0_3,CWE-610,0.5962500000000001,0.34074074074074073,0.9927964496704293,0.9794986018090261,0.0072035503295707,0.6592592592592592,0.43344120857666146,0.37259387722739035,0.43810234524183295,0.9728707648071175,0.666768595205585,0.668769104381983,0.27564602650961134,267
naive_bayes_tau_0_3,CWE-662,,0.0,1.0,0.9892428016715495,0.0,1.0,,,,0.9892428016715495,0.5,0.49994236311239193,0.008132643528177705,94
naive_bayes_tau_0_3,CWE-665,,0.0,1.0,0.9981691909293028,0.0,1.0,,,,0.9981691909293028,0.5,0.5028662045900859,0.0018483265939471063,16
naive_bayes_tau_0_3,CWE-668,,0.0,1.0,0.8744547811064708,0.0,1.0,,,,0.8744547811064708,0.5,0.529950471372628,0.0794033680621549,1097
naive_bayes_tau_0_3,CWE-704,,0.0,1.0,0.995308231395666,0.0,1.0,,,,0.995308231395666,0.5,0.5,0.005515093919368464,41
naive_bayes_tau_0_3,CWE-705,,0.0,1.0,0.999427782060148,0.0,1.0,,,,0.999427782060148,0.5,0.6040375923006387,0.0008781178945321332,5
naive_bayes_tau_0_3,CWE-706,0.4813147008374533,0.4331638418079097,0.983648512461085,0.9800572247279418,0.016351487538915153,0.5668361581920903,0.4552851821837631,0.44160447783496687,0.4382170183413926,0.9648683692080864,0.7084061771344972,0.7081344783830353,0.28791554628880717,298
naive_bayes_tau_0_3,CWE-74,0.5497211048975592,0.5711225616488774,0.9086405998091021,0.9156483498753787,0.09135940019089783,0.4288774383511226,0.5601960691450427,0.5666957935105527,0.47250575641074716,0.8535255650653799,0.7398815807289898,0.7454144401273076,0.47108573983964774,1427
naive_bayes_tau_0_3,CWE-754,,0.0,1.0,0.9973680053751964,0.0,1.0,,,,0.9973680053751964,0.5,0.5,0.002439130774818999,23
naive_bayes_tau_0_3,CWE-807,,0.0,1.0,0.9974824254522229,0.0,1.0,,,,0.9974824254522229,0.5,0.5,0.0018129355392920317,22
naive_bayes_tau_0_3,CWE-834,,0.0,1.0,0.9970247550495989,0.0,1.0,,,,0.9970247550495989,0.5,0.5,0.0031581510982223197,26
naive_bayes_tau_0_3,CWE-913,0.34305194805194805,0.24415584415584415,0.9942054074426965,0.9906513011976612,0.00579459255730354,0.7558441558441558,0.2816664241054485,0.25737066755097265,0.28019665576605995,0.9850075266115803,0.6191806257992702,0.6190975210041236,0.1344653251252561,107
naive_bayes_tau_0_3,CWE-923,,0.0,1.0,0.9621190684325468,0.0,1.0,,,,0.9621190684325468,0.5,0.5,0.021698273675510128,331
naive_bayes_tau_0_4,CWE-116,,0.0,1.0,0.9933628747877409,0.0,1.0,,,,0.9933628747877409,0.5,0.501207994552951,0.004237903362410778,58
naive_bayes_tau_0_4,CWE-190,,0.0,1.0,0.9839778976841469,0.0,1.0,,,,0.9839778976841469,0.5,0.5139364681396753,0.02644364776454114,140
naive_bayes_tau_0_4,CWE-191,,0.0,1.0,0.9894713742942963,0.0,1.0,,,,0.9894713742942963,0.5,0.5,0.011208041703251927,92
naive_bayes_tau_0_4,CWE-20,,0.0,1.0,0.9610891800900709,0.0,1.0,,,,0.9610891800900709,0.5,0.5728689223474386,0.031211113766381304,340
naive_bayes_tau_0_4,CWE-269,,0.0,1.0,0.9900428049565541,0.0,1.0,,,,0.9900428049565541,0.5,0.5087276758673206,0.006978370731077464,87
naive_bayes_tau_0_4,CWE-285,,0.0,1.0,0.9666968119513619,0.0,1.0,,,,0.9666968119513619,0.5,0.5001214689564535,0.03754363945786177,291
naive_bayes_tau_0_4,CWE-287,0.8333333333333333,0.006425806451612903,0.9998770743700062,0.9291186253592301,0.0001229256299938537,0.9935741935483872,0.03149801587301587,0.019980518495452983,0.109131666724096,0.929044580466857,0.5031514404108095,0.5342347792675199,0.07867970962644756,623
naive_bayes_tau_0_4,CWE-311,0.4420705206783305,0.18641358641358644,0.9893485383409862,0.9633931138299616,0.010651461659013789,0.8135864135864136,0.2600198264474374,0.21009443602797923,0.26555788782717554,0.9538790496603659,0.5878810623772862,0.7190889239291658,0.2617383564068508,386
naive_bayes_tau_0_4,CWE-326,,0.0,1.0,0.9970239677720049,0.0,1.0,,,,0.9970239677720049,0.5,0.567139735254907,0.008942299917005864,26
naive_bayes_tau_0_4,CWE-327,0.7009888240558735,0.7514285714285714,0.9864183886981648,0.9896003693269935,0.013581611301835267,0.24857142857142858,0.7233869573369044,0.7394233698086603,0.7129536732662488,0.9770028993453896,0.8689234800633681,0.8713530946470904,0.67636981959647,350
naive_bayes_tau_0_4,CWE-330,0.9183100570926659,0.876,0.9976438549964808,0.9963557985431917,0.0023561450035192786,0.124,0.8953475608005282,0.8833328448897906,0.8933035600580688,0.9941640576364259,0.9368219274982404,0.9378716125833444,0.8846306738848826,250
naive_bayes_tau_0_4,CWE-345,0.5709956709956711,0.06037735849056604,0.9970767063857195,0.9426392588095245,0.0029232936142803427,0.939622641509434,0.10896274809140412,0.0734800668038779,0.1712377248621926,0.9402601045206845,0.5287270324381429,0.5293580881360436,0.08700328904162036,530
naive_bayes_tau_0_4,CWE-400,,0.0,1.0,0.9711604002190356,0.0,1.0,,,,0.9711604002190356,0.5,0.49982373665863494,0.02089453463786888,252
naive_bayes_tau_0_4,CWE-501,0.645,0.6888888888888889,0.995953857636193,0.9967611698253226,0.004046142363806982,0.31111111111111106,0.6588626148133672,0.6745255388940956,0.659355217663282,0.9927897366992509,0.842421373262541,0.8757030354575995,0.5334587484724145,90
naive_bayes_tau_0_4,CWE-610,0.6041580459770115,0.33696715583508036,0.9931516904523232,0.9793923972265937,0.006848309547676847,0.6630328441649196,0.43197119119911154,0.369404349772002,0.438552268442583,0.9731002548730812,0.6650594231437018,0.668769104381983,0.27564602650961134,267
naive_bayes_tau_0_4,CWE-662,,0.0,1.0,0.9892428016715495,0.0,1.0,,,,0.9892428016715495,0.5,0.49994236311239193,0.008132643528177705,94
naive_bayes_tau_0_4,CWE-665,,0.0,1.0,0.9981691909293028,0.0,1.0,,,,0.9981691909293028,0.5,0.5028662045900859,0.0018483265939471063,16
naive_bayes_tau_0_4,CWE-668,,0.0,1.0,0.8744547811064708,0.0,1.0,,,,0.8744547811064708,0.5,0.529950471372628,0.0794033680621549,1097
naive_bayes_tau_0_4,CWE-704,,0.0,1.0,0.995308231395666,0.0,1.0,,,,0.995308231395666,0.5,0.5,0.005515093919368464,41
naive_bayes_tau_0_4,CWE-705,,0.0,1.0,0.999427782060148,0.0,1.0,,,,0.999427782060148,0.5,0.6040375923006387,0.0008781178945321332,5
naive_bayes_tau_0_4,CWE-706,0.4813147008374533,0.4331638418079097,0.983648512461085,0.9800572247279418,0.016351487538915153,0.5668361581920903,0.4552851821837631,0.44160447783496687,0.4382170183413926,0.9648683692080864,0.7084061771344972,0.7081344783830353,0.28791554628880717,298
naive_bayes_tau_0_4,CWE-74,0.5497211048975592,0.5711225616488774,0.9086405998091021,0.9156483498753787,0.09135940019089783,0.4288774383511226,0.5601960691450427,0.5666957935105527,0.47250575641074716,0.8535255650653799,0.7398815807289898,0.7454144401273076,0.47108573983964774,1427
naive_bayes_tau_0_4,CWE-754,,0.0,1.0,0.9973680053751964,0.0,1.0,,,,0.9973680053751964,0.5,0.5,0.002439130774818999,23
naive_bayes_tau_0_4,CWE-807,,0.0,1.0,0.9974824254522229,0.0,1.0,,,,0.9974824254522229,0.5,0.5,0.0018129355392920317,22
naive_bayes_tau_0_4,CWE-834,,0.0,1.0,0.9970247550495989,0.0,1.0,,,,0.9970247550495989,0.5,0.5,0.0031581510982223197,26
naive_bayes_tau_0_4,CWE-913,,0.0,1.0,0.9877547204747407,0.0,1.0,,,,0.9877547204747407,0.5,0.6190975210041236,0.1344653251252561,107
naive_bayes_tau_0_4,CWE-923,,0.0,1.0,0.9621190684325468,0.0,1.0,,,,0.9621190684325468,0.5,0.5,0.021698273675510128,331
naive_bayes_tau_0_5,CWE-116,,0.0,1.0,0.9933628747877409,0.0,1.0,,,,0.9933628747877409,0.5,0.501207994552951,0.004237903362410778,58
naive_bayes_tau_0_5,CWE-190,,0.0,1.0,0.9839778976841469,0.0,1.0,,,,0.9839778976841469,0.5,0.5139364681396753,0.02644364776454114,140
naive_bayes_tau_0_5,CWE-191,,0.0,1.0,0.9894713742942963,0.0,1.0,,,,0.9894713742942963,0.5,0.5,0.011208041703251927,92
naive_bayes_tau_0_5,CWE-20,,0.0,1.0,0.9610891800900709,0.0,1.0,,,,0.9610891800900709,0.5,0.5728689223474386,0.031211113766381304,340
naive_bayes_tau_0_5,CWE-269,,0.0,1.0,0.9900428049565541,0.0,1.0,,,,0.9900428049565541,0.5,0.5087276758673206,0.006978370731077464,87
naive_bayes_tau_0_5,CWE-285,,0.0,1.0,0.9666968119513619,0.0,1.0,,,,0.9666968119513619,0.5,0.5001214689564535,0.03754363945786177,291
naive_bayes_tau_0_5,CWE-287,1.0,0.0032129032258064517,1.0,0.9289138747097734,0.0,0.9967870967741936,0.015936507936507936,0.010020201046598955,0.08639870567379834,0.9289300329296291,0.5016064516129032,0.5342347792675199,0.07867970962644756,623
naive_bayes_tau_0_5,CWE-311,0.4420705206783305,0.18641358641358644,0.9893485383409862,0.9633931138299616,0.010651461659013789,0.8135864135864136,0.2600198264474374,0.21009443602797923,0.26555788782717554,0.9538790496603659,0.5878810623772862,0.7190889239291658,0.2617383564068508,386
naive_bayes_tau_0_5,CWE-326,,0.0,1.0,0.9970239677720049,0.0,1.0,,,,0.9970239677720049,0.5,0.567139735254907,0.008942299917005864,26
naive_bayes_tau_0_5,CWE-327,0.719143343387117,0.7257142857142858,0.9879670192812607,0.9885519967422223,0.012032980718739303,0.2742857142857143,0.7206990827732105,0.7232612702550553,0.7099090603933742,0.9774600445908831,0.8568406524977732,0.8713530946470904,0.67636981959647,350
naive_bayes_tau_0_5,CWE-330,0.9183100570926659,0.876,0.9976438549964808,0.9963557985431917,0.0023561450035192786,0.124,0.8953475608005282,0.8833328448897906,0.8933035600580688,0.9941640576364259,0.9368219274982404,0.9378716125833444,0.8846306738848826,250
naive_bayes_tau_0_5,CWE-345,0.5709956709956711,0.06037735849056604,0.9970767063857195,0.9426392588095245,0.0029232936142803427,0.939622641509434,0.10896274809140412,0.0734800668038779,0.1712377248621926,0.9402601045206845,0.5287270324381429,0.5293580881360436,0.08700328904162036,530
naive_bayes_tau_0_5,CWE-400,,0.0,1.0,0.9711604002190356,0.0,1.0,,,,0.9711604002190356,0.5,0.49982373665863494,0.02089453463786888,252
naive_bayes_tau_0_5,CWE-501,0.6868713450292397,0.5,0.9973436961793556,0.9948121310656657,0.0026563038206442848,0.5,0.5424680520655752,0.5127022806275285,0.5619831909312379,0.9922162090300958,0.7486718480896778,0.8757030354575995,0.5334587484724145,90
naive_bayes_tau_0_5,CWE-610,0.6170363101859209,0.33696715583508036,0.9935054650223221,0.9793994944002865,0.006494534977677932,0.6630328441649196,0.43521759923481584,0.37034760357056523,0.44360180643455305,0.9734431129125923,0.6652363104287012,0.668769104381983,0.27564602650961134,267
naive_bayes_tau_0_5,CWE-662,,0.0,1.0,0.9892428016715495,0.0,1.0,,,,0.9892428016715495,0.5,0.49994236311239193,0.008132643528177705,94
naive_bayes_tau_0_5,CWE-665,,0.0,1.0,0.9981691909293028,0.0,1.0,,,,0.9981691909293028,0.5,0.5028662045900859,0.0018483265939471063,16
naive_bayes_tau_0_5,CWE-668,,0.0,1.0,0.8744547811064708,0.0,1.0,,,,0.8744547811064708,0.5,0.529950471372628,0.0794033680621549,1097
naive_bayes_tau_0_5,CWE-704,,0.0,1.0,0.995308231395666,0.0,1.0,,,,0.995308231395666,0.5,0.5,0.005515093919368464,41
naive_bayes_tau_0_5,CWE-705,,0.0,1.0,0.999427782060148,0.0,1.0,,,,0.999427782060148,0.5,0.6040375923006387,0.0008781178945321332,5
naive_bayes_tau_0_5,CWE-706,0.6009523809523809,0.05378531073446328,0.9986948473842613,0.9676263548702426,0.0013051526157387282,0.9462146892655368,0.0985018091361375,0.06571615534298206,0.17208416705366103,0.9664660166507346,0.5262400790593623,0.7081344783830353,0.28791554628880717,298
naive_bayes_tau_0_5,CWE-74,0.6473960353261842,0.43518586676481413,0.9537604016796033,0.8964002411736445,0.046239598320396744,0.5648141332351859,0.5203618519650426,0.4656577260687439,0.45985290925513767,0.8690762335411385,0.6944731342222087,0.7454144401273076,0.47108573983964774,1427
naive_bayes_tau_0_5,CWE-754,,0.0,1.0,0.9973680053751964,0.0,1.0,,,,0.9973680053751964,0.5,0.5,0.002439130774818999,23
naive_bayes_tau_0_5,CWE-807,,0.0,1.0,0.9974824254522229,0.0,1.0,,,,0.9974824254522229,0.5,0.5,0.0018129355392920317,22
naive_bayes_tau_0_5,CWE-834,,0.0,1.0,0.9970247550495989,0.0,1.0,,,,0.9970247550495989,0.5,0.5,0.0031581510982223197,26
naive_bayes_tau_0_5,CWE-913,,0.0,1.0,0.9877547204747407,0.0,1.0,,,,0.9877547204747407,0.5,0.6190975210041236,0.1344653251252561,107
naive_bayes_tau_0_5,CWE-923,,0.0,1.0,0.9621190684325468,0.0,1.0,,,,0.9621190684325468,0.5,0.5,0.021698273675510128,331
naive_bayes_tau_0_6,CWE-116,,0.0,1.0,0.9933628747877409,0.0,1.0,,,,0.9933628747877409,0.5,0.501207994552951,0.004237903362410778,58
naive_bayes_tau_0_6,CWE-190,,0.0,1.0,0.9839778976841469,0.0,1.0,,,,0.9839778976841469,0.5,0.5139364681396753,0.02644364776454114,140
naive_bayes_tau_0_6,CWE-191,,0.0,1.0,0.9894713742942963,0.0,1.0,,,,0.9894713742942963,0.5,0.5,0.011208041703251927,92
naive_bayes_tau_0_6,CWE-20,,0.0,1.0,0.9610891800900709,0.0,1.0,,,,0.9610891800900709,0.5,0.5728689223474386,0.031211113766381304,340
naive_bayes_tau_0_6,CWE-269,,0.0,1.0,0.9900428049565541,0.0,1.0,,,,0.9900428049565541,0.5,0.5087276758673206,0.006978370731077464,87
naive_bayes_tau_0_6,CWE-285,,0.0,1.0,0.9666968119513619,0.0,1.0,,,,0.9666968119513619,0.5,0.5001214689564535,0.03754363945786177,291
naive_bayes_tau_0_6,CWE-287,1.0,0.0032129032258064517,1.0,0.9289138747097734,0.0,0.9967870967741936,0.015936507936507936,0.010020201046598955,0.08639870567379834,0.9289300329296291,0.5016064516129032,0.5342347792675199,0.07867970962644756,623
naive_bayes_tau_0_6,CWE-311,0.4420705206783305,0.18641358641358644,0.9893485383409862,0.9633931138299616,0.010651461659013789,0.8135864135864136,0.2600198264474374,0.21009443602797923,0.26555788782717554,0.9538790496603659,0.5878810623772862,0.7190889239291658,0.2617383564068508,386
naive_bayes_tau_0_6,CWE-326,,0.0,1.0,0.9970239677720049,0.0,1.0,,,,0.9970239677720049,0.5,0.567139735254907,0.008942299917005864,26
naive_bayes_tau_0_6,CWE-327,0.7509084163553342,0.7228571428571429,0.9898724960548482,0.9884547396478236,0.010127503945151776,0.27714285714285714,0.7353719000565901,0.7275279393908578,0.7253595981280524,0.9791751193606112,0.8563648194559956,0.8713530946470904,0.67636981959647,350
naive_bayes_tau_0_6,CWE-330,0.9492323232323232,0.876,0.9984690567559564,0.9963595222281331,0.0015309432440435155,0.124,0.9088114993239877,0.8883133241660062,0.9082321977522503,0.9949656354766185,0.9372345283779783,0.9378716125833444,0.8846306738848826,250
naive_bayes_tau_0_6,CWE-345,,0.0,1.0,0.9393448983756988,0.0,1.0,,,,0.9393448983756988,0.5,0.5293580881360436,0.08700328904162036,530
naive_bayes_tau_0_6,CWE-400,,0.0,1.0,0.9711604002190356,0.0,1.0,,,,0.9711604002190356,0.5,0.49982373665863494,0.02089453463786888,252
naive_bayes_tau_0_6,CWE-501,0.7074203574203575,0.3555555555555555,0.9983820279151704,0.9933268865380107,0.0016179720848295714,0.6444444444444445,0.460708681175867,0.3904707005985183,0.4899127929215229,0.9917589336189794,0.676968791735363,0.8757030354575995,0.5334587484724145,90
naive_bayes_tau_0_6,CWE-610,0.6797775305895439,0.19112508735150244,0.9957413146472568,0.9750739824324839,0.004258685352743109,0.8088749126484975,0.31693839398287027,0.26457576384730336,0.3520934956039718,0.9711613095459886,0.5934332009993797,0.668769104381983,0.27564602650961134,267
naive_bayes_tau_0_6,CWE-662,,0.0,1.0,0.9892428016715495,0.0,1.0,,,,0.9892428016715495,0.5,0.49994236311239193,0.008132643528177705,94
naive_bayes_tau_0_6,CWE-665,,0.0,1.0,0.9981691909293028,0.0,1.0,,,,0.9981691909293028,0.5,0.5028662045900859,0.0018483265939471063,16
naive_bayes_tau_0_6,CWE-668,,0.0,1.0,0.8744547811064708,0.0,1.0,,,,0.8744547811064708,0.5,0.529950471372628,0.0794033680621549,1097
naive_bayes_tau_0_6,CWE-704,,0.0,1.0,0.995308231395666,0.0,1.0,,,,0.995308231395666,0.5,0.5,0.005515093919368464,41
naive_bayes_tau_0_6,CWE-705,,0.0,1.0,0.999427782060148,0.0,1.0,,,,0.999427782060148,0.5,0.6040375923006387,0.0008781178945321332,5
naive_bayes_tau_0_6,CWE-706,0.6009523809523809,0.05378531073446328,0.9986948473842613,0.9676263548702426,0.0013051526157387282,0.9462146892655368,0.0985018091361375,0.06571615534298206,0.17208416705366103,0.9664660166507346,0.5262400790593623,0.7081344783830353,0.28791554628880717,298
naive_bayes_tau_0_6,CWE-74,0.6473960353261842,0.43518586676481413,0.9537604016796033,0.8964002411736445,0.046239598320396744,0.5648141332351859,0.5203618519650426,0.4656577260687439,0.45985290925513767,0.8690762335411385,0.6944731342222087,0.7454144401273076,0.47108573983964774,1427
naive_bayes_tau_0_6,CWE-754,,0.0,1.0,0.9973680053751964,0.0,1.0,,,,0.9973680053751964,0.5,0.5,0.002439130774818999,23
naive_bayes_tau_0_6,CWE-807,,0.0,1.0,0.9974824254522229,0.0,1.0,,,,0.9974824254522229,0.5,0.5,0.0018129355392920317,22
naive_bayes_tau_0_6,CWE-834,,0.0,1.0,0.9970247550495989,0.0,1.0,,,,0.9970247550495989,0.5,0.5,0.0031581510982223197,26
naive_bayes_tau_0_6,CWE-913,,0.0,1.0,0.9877547204747407,0.0,1.0,,,,0.9877547204747407,0.5,0.6190975210041236,0.1344653251252561,107
naive_bayes_tau_0_6,CWE-923,,0.0,1.0,0.9621190684325468,0.0,1.0,,,,0.9621190684325468,0.5,0.5,0.021698273675510128,331
naive_bayes_tau_0_7,CWE-116,,0.0,1.0,0.9933628747877409,0.0,1.0,,,,0.9933628747877409,0.5,0.501207994552951,0.004237903362410778,58
naive_bayes_tau_0_7,CWE-190,,0.0,1.0,0.9839778976841469,0.0,1.0,,,,0.9839778976841469,0.5,0.5139364681396753,0.02644364776454114,140
naive_bayes_tau_0_7,CWE-191,,0.0,1.0,0.9894713742942963,0.0,1.0,,,,0.9894713742942963,0.5,0.5,0.011208041703251927,92
naive_bayes_tau_0_7,CWE-20,,0.0,1.0,0.9610891800900709,0.0,1.0,,,,0.9610891800900709,0.5,0.5728689223474386,0.031211113766381304,340
naive_bayes_tau_0_7,CWE-269,,0.0,1.0,0.9900428049565541,0.0,1.0,,,,0.9900428049565541,0.5,0.5087276758673206,0.006978370731077464,87
naive_bayes_tau_0_7,CWE-285,,0.0,1.0,0.9666968119513619,0.0,1.0,,,,0.9666968119513619,0.5,0.5001214689564535,0.03754363945786177,291
naive_bayes_tau_0_7,CWE-287,1.0,0.0032129032258064517,1.0,0.9289138747097734,0.0,0.9967870967741936,0.015936507936507936,0.010020201046598955,0.08639870567379834,0.9289300329296291,0.5016064516129032,0.5342347792675199,0.07867970962644756,623
naive_bayes_tau_0_7,CWE-311,0.4420705206783305,0.18641358641358644,0.9893485383409862,0.9633931138299616,0.010651461659013789,0.8135864135864136,0.2600198264474374,0.21009443602797923,0.26555788782717554,0.9538790496603659,0.5878810623772862,0.7190889239291658,0.2617383564068508,386
naive_bayes_tau_0_7,CWE-326,,0.0,1.0,0.9970239677720049,0.0,1.0,,,,0.9970239677720049,0.5,0.567139735254907,0.008942299917005864,26
naive_bayes_tau_0_7,CWE-327,0.9409267399267399,0.32571428571428573,0.999164812905371,0.9726120295837152,0.000835187094629118,0.6742857142857143,0.4834502274507873,0.3745785253858484,0.5444444888286232,0.9721884563804991,0.6624395493098283,0.8713530946470904,0.67636981959647,350
naive_bayes_tau_0_7,CWE-330,0.9954545454545455,0.876,0.9998816568047337,0.9963628343537658,0.00011834319526627219,0.124,0.9313485246087334,0.8972132021624836,0.9317790948174126,0.9963378522068357,0.9379408284023668,0.9378716125833444,0.8846306738848826,250
naive_bayes_tau_0_7,CWE-345,,0.0,1.0,0.9393448983756988,0.0,1.0,,,,0.9393448983756988,0.5,0.5293580881360436,0.08700328904162036,530
naive_bayes_tau_0_7,CWE-400,,0.0,1.0,0.9711604002190356,0.0,1.0,,,,0.9711604002190356,0.5,0.49982373665863494,0.02089453463786888,252
naive_bayes_tau_0_7,CWE-501,0.7074203574203575,0.3555555555555555,0.9983820279151704,0.9933268865380107,0.0016179720848295714,0.6444444444444445,0.460708681175867,0.3904707005985183,0.4899127929215229,0.9917589336189794,0.676968791735363,0.8757030354575995,0.5334587484724145,90
naive_bayes_tau_0_7,CWE-610,1.0,0.018867924528301886,1.0,0.9699990592329767,0.0,0.9811320754716981,0.06083052749719416,0.03897737410966316,0.1726986521908932,0.9700158341737091,0.5094339622641509,0.668769104381983,0.27564602650961134,267
naive_bayes_tau_0_7,CWE-662,,0.0,1.0,0.9892428016715495,0.0,1.0,,,,0.9892428016715495,0.5,0.49994236311239193,0.008132643528177705,94
naive_bayes_tau_0_7,CWE-665,,0.0,1.0,0.9981691909293028,0.0,1.0,,,,0.9981691909293028,0.5,0.5028662045900859,0.0018483265939471063,16
naive_bayes_tau_0_7,CWE-668,,0.0,1.0,0.8744547811064708,0.0,1.0,,,,0.8744547811064708,0.5,0.529950471372628,0.0794033680621549,1097
naive_bayes_tau_0_7,CWE-704,,0.0,1.0,0.995308231395666,0.0,1.0,,,,0.995308231395666,0.5,0.5,0.005515093919368464,41
naive_bayes_tau_0_7,CWE-705,,0.0,1.0,0.999427782060148,0.0,1.0,,,,0.999427782060148,0.5,0.6040375923006387,0.0008781178945321332,5
naive_bayes_tau_0_7,CWE-706,0.6009523809523809,0.05378531073446328,0.9986948473842613,0.9676263548702426,0.0013051526157387282,0.9462146892655368,0.0985018091361375,0.06571615534298206,0.17208416705366103,0.9664660166507346,0.5262400790593623,0.7081344783830353,0.28791554628880717,298
naive_bayes_tau_0_7,CWE-74,0.6473960353261842,0.43518586676481413,0.9537604016796033,0.8964002411736445,0.046239598320396744,0.5648141332351859,0.5203618519650426,0.4656577260687439,0.45985290925513767,0.8690762335411385,0.6944731342222087,0.7454144401273076,0.47108573983964774,1427
naive_bayes_tau_0_7,CWE-754,,0.0,1.0,0.9973680053751964,0.0,1.0,,,,0.9973680053751964,0.5,0.5,0.002439130774818999,23
naive_bayes_tau_0_7,CWE-807,,0.0,1.0,0.9974824254522229,0.0,1.0,,,,0.9974824254522229,0.5,0.5,0.0018129355392920317,22
naive_bayes_tau_0_7,CWE-834,,0.0,1.0,0.9970247550495989,0.0,1.0,,,,0.9970247550495989,0.5,0.5,0.0031581510982223197,26
naive_bayes_tau_0_7,CWE-913,,0.0,1.0,0.9877547204747407,0.0,1.0,,,,0.9877547204747407,0.5,0.6190975210041236,0.1344653251252561,107
naive_bayes_tau_0_7,CWE-923,,0.0,1.0,0.9621190684325468,0.0,1.0,,,,0.9621190684325468,0.5,0.5,0.021698273675510128,331
naive_bayes_tau_0_8,CWE-116,,0.0,1.0,0.9933628747877409,0.0,1.0,,,,0.9933628747877409,0.5,0.501207994552951,0.004237903362410778,58
naive_bayes_tau_0_8,CWE-190,,0.0,1.0,0.9839778976841469,0.0,1.0,,,,0.9839778976841469,0.5,0.5139364681396753,0.02644364776454114,140
naive_bayes_tau_0_8,CWE-191,,0.0,1.0,0.9894713742942963,0.0,1.0,,,,0.9894713742942963,0.5,0.5,0.011208041703251927,92
naive_bayes_tau_0_8,CWE-20,,0.0,1.0,0.9610891800900709,0.0,1.0,,,,0.9610891800900709,0.5,0.5728689223474386,0.031211113766381304,340
naive_bayes_tau_0_8,CWE-269,,0.0,1.0,0.9900428049565541,0.0,1.0,,,,0.9900428049565541,0.5,0.5087276758673206,0.006978370731077464,87
naive_bayes_tau_0_8,CWE-285,,0.0,1.0,0.9666968119513619,0.0,1.0,,,,0.9666968119513619,0.5,0.5001214689564535,0.03754363945786177,291
naive_bayes_tau_0_8,CWE-287,1.0,0.0032129032258064517,1.0,0.9289138747097734,0.0,0.9967870967741936,0.015936507936507936,0.010020201046598955,0.08639870567379834,0.9289300329296291,0.5016064516129032,0.5342347792675199,0.07867970962644756,623
naive_bayes_tau_0_8,CWE-311,0.4420705206783305,0.18641358641358644,0.9893485383409862,0.9633931138299616,0.010651461659013789,0.8135864135864136,0.2600198264474374,0.21009443602797923,0.26555788782717554,0.9538790496603659,0.5878810623772862,0.7190889239291658,0.2617383564068508,386
naive_bayes_tau_0_8,CWE-326,,0.0,1.0,0.9970239677720049,0.0,1.0,,,,0.9970239677720049,0.5,0.567139735254907,0.008942299917005864,26
naive_bayes_tau_0_8,CWE-327,0.9409267399267399,0.32571428571428573,0.999164812905371,0.9726120295837152,0.000835187094629118,0.6742857142857143,0.4834502274507873,0.3745785253858484,0.5444444888286232,0.9721884563804991,0.6624395493098283,0.8713530946470904,0.67636981959647,350
naive_bayes_tau_0_8,CWE-330,1.0,0.8719999999999999,1.0,0.9962467043859311,0.0,0.128,0.9310282317695663,0.8945652901338793,0.9317718014181124,0.9963386394844298,0.9359999999999999,0.9378716125833444,0.8846306738848826,250
naive_bayes_tau_0_8,CWE-345,,0.0,1.0,0.9393448983756988,0.0,1.0,,,,0.9393448983756988,0.5,0.5293580881360436,0.08700328904162036,530
naive_bayes_tau_0_8,CWE-400,,0.0,1.0,0.9711604002190356,0.0,1.0,,,,0.9711604002190356,0.5,0.49982373665863494,0.02089453463786888,252
naive_bayes_tau_0_8,CWE-501,0.7074203574203575,0.3555555555555555,0.9983820279151704,0.9933268865380107,0.0016179720848295714,0.6444444444444445,0.460708681175867,0.3904707005985183,0.4899127929215229,0.9917589336189794,0.676968791735363,0.8757030354575995,0.5334587484724145,90
naive_bayes_tau_0_8,CWE-610,1.0,0.018867924528301886,1.0,0.9699990592329767,0.0,0.9811320754716981,0.06083052749719416,0.03897737410966316,0.1726986521908932,0.9700158341737091,0.5094339622641509,0.668769104381983,0.27564602650961134,267
naive_bayes_tau_0_8,CWE-662,,0.0,1.0,0.9892428016715495,0.0,1.0,,,,0.9892428016715495,0.5,0.49994236311239193,0.008132643528177705,94
naive_bayes_tau_0_8,CWE-665,,0.0,1.0,0.9981691909293028,0.0,1.0,,,,0.9981691909293028,0.5,0.5028662045900859,0.0018483265939471063,16
naive_bayes_tau_0_8,CWE-668,,0.0,1.0,0.8744547811064708,0.0,1.0,,,,0.8744547811064708,0.5,0.529950471372628,0.0794033680621549,1097
naive_bayes_tau_0_8,CWE-704,,0.0,1.0,0.995308231395666,0.0,1.0,,,,0.995308231395666,0.5,0.5,0.005515093919368464,41
naive_bayes_tau_0_8,CWE-705,,0.0,1.0,0.999427782060148,0.0,1.0,,,,0.999427782060148,0.5,0.6040375923006387,0.0008781178945321332,5
naive_bayes_tau_0_8,CWE-706,0.6009523809523809,0.05378531073446328,0.9986948473842613,0.9676263548702426,0.0013051526157387282,0.9462146892655368,0.0985018091361375,0.06571615534298206,0.17208416705366103,0.9664660166507346,0.5262400790593623,0.7081344783830353,0.28791554628880717,298
naive_bayes_tau_0_8,CWE-74,0.6273655450100661,0.16391853760274813,0.9810159739642101,0.8588385803939158,0.018984026035789886,0.8360814623972519,0.49572649572649574,0.44032263913394776,0.4338867430282248,0.8475458578825712,0.5724672557834791,0.7454144401273076,0.47108573983964774,1427
naive_bayes_tau_0_8,CWE-754,,0.0,1.0,0.9973680053751964,0.0,1.0,,,,0.9973680053751964,0.5,0.5,0.002439130774818999,23
naive_bayes_tau_0_8,CWE-807,,0.0,1.0,0.9974824254522229,0.0,1.0,,,,0.9974824254522229,0.5,0.5,0.0018129355392920317,22
naive_bayes_tau_0_8,CWE-834,,0.0,1.0,0.9970247550495989,0.0,1.0,,,,0.9970247550495989,0.5,0.5,0.0031581510982223197,26
naive_bayes_tau_0_8,CWE-913,,0.0,1.0,0.9877547204747407,0.0,1.0,,,,0.9877547204747407,0.5,0.6190975210041236,0.1344653251252561,107
naive_bayes_tau_0_8,CWE-923,,0.0,1.0,0.9621190684325468,0.0,1.0,,,,0.9621190684325468,0.5,0.5,0.021698273675510128,331
naive_bayes_tau_0_9,CWE-116,,0.0,1.0,0.9933628747877409,0.0,1.0,,,,0.9933628747877409,0.5,0.501207994552951,0.004237903362410778,58
naive_bayes_tau_0_9,CWE-190,,0.0,1.0,0.9839778976841469,0.0,1.0,,,,0.9839778976841469,0.5,0.5139364681396753,0.02644364776454114,140
naive_bayes_tau_0_9,CWE-191,,0.0,1.0,0.9894713742942963,0.0,1.0,,,,0.9894713742942963,0.5,0.5,0.011208041703251927,92
naive_bayes_tau_0_9,CWE-20,,0.0,1.0,0.9610891800900709,0.0,1.0,,,,0.9610891800900709,0.5,0.5728689223474386,0.031211113766381304,340
naive_bayes_tau_0_9,CWE-269,,0.0,1.0,0.9900428049565541,0.0,1.0,,,,0.9900428049565541,0.5,0.5087276758673206,0.006978370731077464,87
naive_bayes_tau_0_9,CWE-285,,0.0,1.0,0.9666968119513619,0.0,1.0,,,,0.9666968119513619,0.5,0.5001214689564535,0.03754363945786177,291
naive_bayes_tau_0_9,CWE-287,,0.0,1.0,0.9287013301412594,0.0,1.0,,,,0.9287013301412594,0.5,0.5342347792675199,0.07867970962644756,623
naive_bayes_tau_0_9,CWE-311,,0.0,1.0,0.9558246710941759,0.0,1.0,,,,0.9558246710941759,0.5,0.7190889239291658,0.2617383564068508,386
naive_bayes_tau_0_9,CWE-326,,0.0,1.0,0.9970239677720049,0.0,1.0,,,,0.9970239677720049,0.5,0.567139735254907,0.008942299917005864,26
naive_bayes_tau_0_9,CWE-327,0.9409267399267399,0.32571428571428573,0.999164812905371,0.9726120295837152,0.000835187094629118,0.6742857142857143,0.4834502274507873,0.3745785253858484,0.5444444888286232,0.9721884563804991,0.6624395493098283,0.8713530946470904,0.67636981959647,350
naive_bayes_tau_0_9,CWE-330,1.0,0.8719999999999999,1.0,0.9962467043859311,0.0,0.128,0.9310282317695663,0.8945652901338793,0.9317718014181124,0.9963386394844298,0.9359999999999999,0.9378716125833444,0.8846306738848826,250
naive_bayes_tau_0_9,CWE-345,,0.0,1.0,0.9393448983756988,0.0,1.0,,,,0.9393448983756988,0.5,0.5293580881360436,0.08700328904162036,530
naive_bayes_tau_0_9,CWE-400,,0.0,1.0,0.9711604002190356,0.0,1.0,,,,0.9711604002190356,0.5,0.49982373665863494,0.02089453463786888,252
naive_bayes_tau_0_9,CWE-501,0.7074203574203575,0.3555555555555555,0.9983820279151704,0.9933268865380107,0.0016179720848295714,0.6444444444444445,0.460708681175867,0.3904707005985183,0.4899127929215229,0.9917589336189794,0.676968791735363,0.8757030354575995,0.5334587484724145,90
naive_bayes_tau_0_9,CWE-610,1.0,0.018867924528301886,1.0,0.9699990592329767,0.0,0.9811320754716981,0.06083052749719416,0.03897737410966316,0.1726986521908932,0.9700158341737091,0.5094339622641509,0.668769104381983,0.27564602650961134,267
naive_bayes_tau_0_9,CWE-662,,0.0,1.0,0.9892428016715495,0.0,1.0,,,,0.9892428016715495,0.5,0.49994236311239193,0.008132643528177705,94
naive_bayes_tau_0_9,CWE-665,,0.0,1.0,0.9981691909293028,0.0,1.0,,,,0.9981691909293028,0.5,0.5028662045900859,0.0018483265939471063,16
naive_bayes_tau_0_9,CWE-668,,0.0,1.0,0.8744547811064708,0.0,1.0,,,,0.8744547811064708,0.5,0.529950471372628,0.0794033680621549,1097
naive_bayes_tau_0_9,CWE-704,,0.0,1.0,0.995308231395666,0.0,1.0,,,,0.995308231395666,0.5,0.5,0.005515093919368464,41
naive_bayes_tau_0_9,CWE-705,,0.0,1.0,0.999427782060148,0.0,1.0,,,,0.999427782060148,0.5,0.6040375923006387,0.0008781178945321332,5
naive_bayes_tau_0_9,CWE-706,0.6009523809523809,0.05378531073446328,0.9986948473842613,0.9676263548702426,0.0013051526157387282,0.9462146892655368,0.0985018091361375,0.06571615534298206,0.17208416705366103,0.9664660166507346,0.5262400790593623,0.7081344783830353,0.28791554628880717,298
naive_bayes_tau_0_9,CWE-74,,0.0,1.0,0.8366883970762455,0.0,1.0,,,,0.8366883970762455,0.5,0.7454144401273076,0.47108573983964774,1427
naive_bayes_tau_0_9,CWE-754,,0.0,1.0,0.9973680053751964,0.0,1.0,,,,0.9973680053751964,0.5,0.5,0.002439130774818999,23
naive_bayes_tau_0_9,CWE-807,,0.0,1.0,0.9974824254522229,0.0,1.0,,,,0.9974824254522229,0.5,0.5,0.0018129355392920317,22
naive_bayes_tau_0_9,CWE-834,,0.0,1.0,0.9970247550495989,0.0,1.0,,,,0.9970247550495989,0.5,0.5,0.0031581510982223197,26
naive_bayes_tau_0_9,CWE-913,,0.0,1.0,0.9877547204747407,0.0,1.0,,,,0.9877547204747407,0.5,0.6190975210041236,0.1344653251252561,107
naive_bayes_tau_0_9,CWE-923,,0.0,1.0,0.9621190684325468,0.0,1.0,,,,0.9621190684325468,0.5,0.5,0.021698273675510128,331
bks_tau_0_1,CWE-116,,0.0,1.0,0.9933628747877409,0.0,1.0,,,,0.9933628747877409,0.5,0.501207994552951,0.004237903362410778,58
bks_tau_0_1,CWE-190,0.375,0.02857142857142857,0.9993015077079221,0.9844180323902257,0.0006984922920779795,0.9714285714285715,0.08673835125448028,0.05809814391050089,0.11145508122731246,0.9837484049127619,0.5139364681396753,0.5139364681396753,0.02644364776454114,140
bks_tau_0_1,CWE-191,,0.0,1.0,0.9894713742942963,0.0,1.0,,,,0.9894713742942963,0.5,0.5002892519043615,0.011213331738352116,92
bks_tau_0_1,CWE-20,,0.0,1.0,0.9610891800900709,0.0,1.0,,,,0.9610891800900709,0.5,0.5728689223474386,0.031211113766381304,340
bks_tau_0_1,CWE-269,,0.0,1.0,0.9900428049565541,0.0,1.0,,,,0.9900428049565541,0.5,0.5087276758673206,0.006978370731077464,87
bks_tau_0_1,CWE-285,,0.0,1.0,0.9666968119513619,0.0,1.0,,,,0.9666968119513619,0.5,0.5001133362303637,0.037543378233030784,291
bks_tau_0_1,CWE-287,0.40728856624319415,0.07709677419354839,0.991373822791075,0.9332931115327993,0.008626177208924958,0.9229032258064516,0.12917843121494238,0.09190796258757424,0.15219058629375007,0.9261809978529895,0.5342352984923118,0.5342783238656464,0.0825040273413166,623
bks_tau_0_1,CWE-311,0.38067924634129363,0.4586080586080586,0.9655174708978681,0.9747442878849931,0.03448252910213192,0.5413919413919415,0.41531200368530785,0.4400331661112979,0.3879574969251638,0.9431213180585211,0.7120627647529634,0.7190889239291658,0.2617383564068508,386
bks_tau_0_1,CWE-326,,0.0,1.0,0.9970239677720049,0.0,1.0,,,,0.9970239677720049,0.5,0.5672909852816156,0.008951331804496202,26
bks_tau_0_1,CWE-327,0.7009888240558735,0.7514285714285714,0.9864183886981648,0.9896003693269935,0.013581611301835267,0.24857142857142858,0.7233869573369044,0.7394233698086603,0.7129536732662488,0.9770028993453896,0.8689234800633681,0.8714111740804693,0.6906456758191658,350
bks_tau_0_1,CWE-330,0.9954545454545455,0.8719999999999999,0.9998816568047337,0.9962462179559382,0.00011834319526627219,0.128,0.9290607186146816,0.8938400658203125,0.929584427961258,0.996223696955694,0.9359408284023669,0.9380272130238424,0.8846783706258812,250
bks_tau_0_1,CWE-345,0.5709956709956711,0.06037735849056604,0.9970767063857195,0.9426392588095245,0.0029232936142803427,0.939622641509434,0.10896274809140412,0.0734800668038779,0.1712377248621926,0.9402601045206845,0.5287270324381429,0.5293580881360436,0.08700328904162036,530
bks_tau_0_1,CWE-400,0.0,0.0,0.9996474733172699,0.9711504943144416,0.0003525266827301256,1.0,,,-0.004972479727114764,0.9708180646312338,0.49982373665863494,0.49792194939505696,0.020870731778353236,252
bks_tau_0_1,CWE-501,0.6343582887700535,0.7555555555555555,0.9953759521156236,0.9974510718457104,0.004624047884376441,0.24444444444444446,0.6863769889840882,0.7253228560984017,0.6871823718274396,0.9929050742194943,0.8754657538355894,0.8757030354575995,0.5334587484724145,90
bks_tau_0_1,CWE-610,0.5940441176470588,0.3445143256464011,0.9926788717750735,0.9796106942920773,0.007321128224926374,0.6554856743535988,0.43565892324873723,0.37592587776051045,0.4395751169996499,0.9728707648071175,0.6685965987107373,0.668769104381983,0.27564602650961134,267
bks_tau_0_1,CWE-662,0.0,0.0,0.9998847262247839,0.9892415658035377,0.00011527377521613833,1.0,,,-0.0024994019416464323,0.9891287765860308,0.49994236311239193,0.49467920521765507,0.008107265526471218,94
bks_tau_0_1,CWE-665,,0.0,1.0,0.9981691909293028,0.0,1.0,,,,0.9981691909293028,0.5,0.5028662045900859,0.0018483265939471063,16
bks_tau_0_1,CWE-668,0.1326093013256053,0.9835907015359069,0.07631024120934896,0.970217842885034,0.923689758790651,0.016409298464092982,0.23370790414304174,0.43074282029007804,0.07845576588815771,0.1902129045841156,0.529950471372628,0.5300147656310011,0.07941219054257746,1097
bks_tau_0_1,CWE-704,,0.0,1.0,0.995308231395666,0.0,1.0,,,,0.995308231395666,0.5,0.5002876897395007,0.00552341600739124,41
bks_tau_0_1,CWE-705,,0.0,1.0,0.999427782060148,0.0,1.0,,,,0.999427782060148,0.5,0.6040375923006387,0.0008781178945321332,5
bks_tau_0_1,CWE-706,0.4813147008374533,0.4331638418079097,0.983648512461085,0.9800572247279418,0.016351487538915153,0.5668361581920903,0.4552851821837631,0.44160447783496687,0.4382170183413926,0.9648683692080864,0.7084061771344972,0.7087282799326553,0.27063902755364727,298
bks_tau_0_1,CWE-74,0.5497211048975592,0.5711225616488774,0.9086405998091021,0.9156483498753787,0.09135940019089783,0.4288774383511226,0.5601960691450427,0.5666957935105527,0.47250575641074716,0.8535255650653799,0.7398815807289898,0.7452295611131767,0.4739541341363548,1427
bks_tau_0_1,CWE-754,,0.0,1.0,0.9973680053751964,0.0,1.0,,,,0.9973680053751964,0.5,0.5002296229790535,0.002440141175454356,23
bks_tau_0_1,CWE-807,,0.0,1.0,0.9974824254522229,0.0,1.0,,,,0.9974824254522229,0.5,0.5,0.0018129355392920317,22
bks_tau_0_1,CWE-834,,0.0,1.0,0.9970247550495989,0.0,1.0,,,,0.9970247550495989,0.5,0.5002870630868406,0.003161162631884447,26
bks_tau_0_1,CWE-913,0.3347186147186147,0.24415584415584415,0.9939727140162857,0.9906492801300525,0.006027285983714244,0.7558441558441558,0.2783400207790452,0.2561941969627374,0.27631811550276975,0.9847776415541091,0.619064279086065,0.6143022587000975,0.12857418413015514,107
bks_tau_0_1,CWE-923,,0.0,1.0,0.9621190684325468,0.0,1.0,,,,0.9621190684325468,0.5,0.5,0.021698273675510128,331
bks_tau_0_2,CWE-116,,0.0,1.0,0.9933628747877409,0.0,1.0,,,,0.9933628747877409,0.5,0.501207994552951,0.004237903362410778,58
bks_tau_0_2,CWE-190,0.375,0.02857142857142857,0.9993015077079221,0.9844180323902257,0.0006984922920779795,0.9714285714285715,0.08673835125448028,0.05809814391050089,0.11145508122731246,0.9837484049127619,0.5139364681396753,0.5139364681396753,0.02644364776454114,140
bks_tau_0_2,CWE-191,,0.0,1.0,0.9894713742942963,0.0,1.0,,,,0.9894713742942963,0.5,0.5002892519043615,0.011213331738352116,92
bks_tau_0_2,CWE-20,,0.0,1.0,0.9610891800900709,0.0,1.0,,,,0.9610891800900709,0.5,0.5728689223474386,0.031211113766381304,340
bks_tau_0_2,CWE-269,,0.0,1.0,0.9900428049565541,0.0,1.0,,,,0.9900428049565541,0.5,0.5087276758673206,0.006978370731077464,87
bks_tau_0_2,CWE-285,,0.0,1.0,0.9666968119513619,0.0,1.0,,,,0.9666968119513619,0.5,0.5001133362303637,0.037543378233030784,291
bks_tau_0_2,CWE-287,0.40728856624319415,0.07709677419354839,0.991373822791075,0.9332931115327993,0.008626177208924958,0.9229032258064516,0.12917843121494238,0.09190796258757424,0.15219058629375007,0.9261809978529895,0.5342352984923118,0.5342783238656464,0.0825040273413166,623
bks_tau_0_2,CWE-311,0.39191574093913273,0.4586080586080586,0.9670809104649155,0.974783514971554,0.03291908953508441,0.5413919413919415,0.42191517828848246,0.4429662688074962,0.3947860174720114,0.9446155709320843,0.7128444845364871,0.7190889239291658,0.2617383564068508,386
bks_tau_0_2,CWE-326,,0.0,1.0,0.9970239677720049,0.0,1.0,,,,0.9970239677720049,0.5,0.5672909852816156,0.008951331804496202,26
bks_tau_0_2,CWE-327,0.7082531918719654,0.7371428571428572,0.9872497426174046,0.9890167814585039,0.012750257382595363,0.26285714285714284,0.7214014532736494,0.7304967857813356,0.7102490284056627,0.9772309495164272,0.8621962998801308,0.8714111740804693,0.6906456758191658,350
bks_tau_0_2,CWE-330,0.9954545454545455,0.8719999999999999,0.9998816568047337,0.9962462179559382,0.00011834319526627219,0.128,0.9290607186146816,0.8938400658203125,0.929584427961258,0.996223696955694,0.9359408284023669,0.9380272130238424,0.8846783706258812,250
bks_tau_0_2,CWE-345,0.5709956709956711,0.06037735849056604,0.9970767063857195,0.9426392588095245,0.0029232936142803427,0.939622641509434,0.10896274809140412,0.0734800668038779,0.1712377248621926,0.9402601045206845,0.5287270324381429,0.5293580881360436,0.08700328904162036,530
bks_tau_0_2,CWE-400,0.0,0.0,0.9997648442092887,0.9711537465986833,0.00023515579071134627,1.0,,,-0.00585367902050342,0.9709320897167524,0.49988242210464434,0.49792194939505696,0.020870731778353236,252
bks_tau_0_2,CWE-501,0.6343582887700535,0.7555555555555555,0.9953759521156236,0.9974510718457104,0.004624047884376441,0.24444444444444446,0.6863769889840882,0.7253228560984017,0.6871823718274396,0.9929050742194943,0.8754657538355894,0.8757030354575995,0.5334587484724145,90
bks_tau_0_2,CWE-610,0.60025,0.33696715583508036,0.9930335569614785,0.9793899535433113,0.0069664430385214995,0.6630328441649196,0.4309720727741923,0.36911286456916254,0.43700497728307164,0.9729857073358532,0.6650003563982795,0.668769104381983,0.27564602650961134,267
bks_tau_0_2,CWE-662,0.0,0.0,0.9998847262247839,0.9892415658035377,0.00011527377521613833,1.0,,,-0.0024994019416464323,0.9891287765860308,0.49994236311239193,0.49467920521765507,0.008107265526471218,94
bks_tau_0_2,CWE-665,,0.0,1.0,0.9981691909293028,0.0,1.0,,,,0.9981691909293028,0.5,0.5028662045900859,0.0018483265939471063,16
bks_tau_0_2,CWE-668,,0.0,1.0,0.8744547811064708,0.0,1.0,,,,0.8744547811064708,0.5,0.5300147656310011,0.07941219054257746,1097
bks_tau_0_2,CWE-704,,0.0,1.0,0.995308231395666,0.0,1.0,,,,0.995308231395666,0.5,0.5002876897395007,0.00552341600739124,41
bks_tau_0_2,CWE-705,,0.0,1.0,0.999427782060148,0.0,1.0,,,,0.999427782060148,0.5,0.6040375923006387,0.0008781178945321332,5
bks_tau_0_2,CWE-706,0.4813147008374533,0.4331638418079097,0.983648512461085,0.9800572247279418,0.016351487538915153,0.5668361581920903,0.4552851821837631,0.44160447783496687,0.4382170183413926,0.9648683692080864,0.7084061771344972,0.7087282799326553,0.27063902755364727,298
bks_tau_0_2,CWE-74,0.5497211048975592,0.5711225616488774,0.9086405998091021,0.9156483498753787,0.09135940019089783,0.4288774383511226,0.5601960691450427,0.5666957935105527,0.47250575641074716,0.8535255650653799,0.7398815807289898,0.7452295611131767,0.4739541341363548,1427
bks_tau_0_2,CWE-754,,0.0,1.0,0.9973680053751964,0.0,1.0,,,,0.9973680053751964,0.5,0.5002296229790535,0.002440141175454356,23
bks_tau_0_2,CWE-807,,0.0,1.0,0.9974824254522229,0.0,1.0,,,,0.9974824254522229,0.5,0.5,0.0018129355392920317,22
bks_tau_0_2,CWE-834,,0.0,1.0,0.9970247550495989,0.0,1.0,,,,0.9970247550495989,0.5,0.5002870630868406,0.003161162631884447,26
bks_tau_0_2,CWE-913,0.3347186147186147,0.24415584415584415,0.9939727140162857,0.9906492801300525,0.006027285983714244,0.7558441558441558,0.2783400207790452,0.2561941969627374,0.27631811550276975,0.9847776415541091,0.619064279086065,0.6143022587000975,0.12857418413015514,107
bks_tau_0_2,CWE-923,,0.0,1.0,0.9621190684325468,0.0,1.0,,,,0.9621190684325468,0.5,0.5,0.021698273675510128,331
bks_tau_0_3,CWE-116,,0.0,1.0,0.9933628747877409,0.0,1.0,,,,0.9933628747877409,0.5,0.501207994552951,0.004237903362410778,58
bks_tau_0_3,CWE-190,0.27777777777777773,0.014285714285714285,0.9994179221433119,0.9841940633673497,0.0005820778566879912,0.9857142857142858,0.06559139784946236,0.043668954996186116,0.07697950228859125,0.983633857375534,0.5068518182145132,0.5139364681396753,0.02644364776454114,140
bks_tau_0_3,CWE-191,,0.0,1.0,0.9894713742942963,0.0,1.0,,,,0.9894713742942963,0.5,0.5002892519043615,0.011213331738352116,92
bks_tau_0_3,CWE-20,,0.0,1.0,0.9610891800900709,0.0,1.0,,,,0.9610891800900709,0.5,0.5728689223474386,0.031211113766381304,340
bks_tau_0_3,CWE-269,,0.0,1.0,0.9900428049565541,0.0,1.0,,,,0.9900428049565541,0.5,0.5087276758673206,0.006978370731077464,87
bks_tau_0_3,CWE-285,,0.0,1.0,0.9666968119513619,0.0,1.0,,,,0.9666968119513619,0.5,0.5001133362303637,0.037543378233030784,291
bks_tau_0_3,CWE-287,0.40728856624319415,0.07709677419354839,0.991373822791075,0.9332931115327993,0.008626177208924958,0.9229032258064516,0.12917843121494238,0.09190796258757424,0.15219058629375007,0.9261809978529895,0.5342352984923118,0.5342783238656464,0.0825040273413166,623
bks_tau_0_3,CWE-311,0.39191574093913273,0.4586080586080586,0.9670809104649155,0.974783514971554,0.03291908953508441,0.5413919413919415,0.42191517828848246,0.4429662688074962,0.3947860174720114,0.9446155709320843,0.7128444845364871,0.7190889239291658,0.2617383564068508,386
bks_tau_0_3,CWE-326,,0.0,1.0,0.9970239677720049,0.0,1.0,,,,0.9970239677720049,0.5,0.5672909852816156,0.008951331804496202,26
bks_tau_0_3,CWE-327,0.7509084163553342,0.7228571428571429,0.9898724960548482,0.9884547396478236,0.010127503945151776,0.27714285714285714,0.7353719000565901,0.7275279393908578,0.7253595981280524,0.9791751193606112,0.8563648194559956,0.8714111740804693,0.6906456758191658,350
bks_tau_0_3,CWE-330,0.9954545454545455,0.8719999999999999,0.9998816568047337,0.9962462179559382,0.00011834319526627219,0.128,0.9290607186146816,0.8938400658203125,0.929584427961258,0.996223696955694,0.9359408284023669,0.9380272130238424,0.8846783706258812,250
bks_tau_0_3,CWE-345,0.5709956709956711,0.06037735849056604,0.9970767063857195,0.9426392588095245,0.0029232936142803427,0.939622641509434,0.10896274809140412,0.0734800668038779,0.1712377248621926,0.9402601045206845,0.5287270324381429,0.5293580881360436,0.08700328904162036,530
bks_tau_0_3,CWE-400,,0.0,1.0,0.9711604002190356,0.0,1.0,,,,0.9711604002190356,0.5,0.49792194939505696,0.020870731778353236,252
bks_tau_0_3,CWE-501,0.6343582887700535,0.7555555555555555,0.9953759521156236,0.9974510718457104,0.004624047884376441,0.24444444444444446,0.6863769889840882,0.7253228560984017,0.6871823718274396,0.9929050742194943,0.8754657538355894,0.8757030354575995,0.5334587484724145,90
bks_tau_0_3,CWE-610,0.6170363101859209,0.33696715583508036,0.9935054650223221,0.9793994944002865,0.006494534977677932,0.6630328441649196,0.43521759923481584,0.37034760357056523,0.44360180643455305,0.9734431129125923,0.6652363104287012,0.668769104381983,0.27564602650961134,267
bks_tau_0_3,CWE-662,0.0,0.0,0.9998847262247839,0.9892415658035377,0.00011527377521613833,1.0,,,-0.0024994019416464323,0.9891287765860308,0.49994236311239193,0.49467920521765507,0.008107265526471218,94
bks_tau_0_3,CWE-665,,0.0,1.0,0.9981691909293028,0.0,1.0,,,,0.9981691909293028,0.5,0.5028662045900859,0.0018483265939471063,16
bks_tau_0_3,CWE-668,,0.0,1.0,0.8744547811064708,0.0,1.0,,,,0.8744547811064708,0.5,0.5300147656310011,0.07941219054257746,1097
bks_tau_0_3,CWE-704,,0.0,1.0,0.995308231395666,0.0,1.0,,,,0.995308231395666,0.5,0.5002876897395007,0.00552341600739124,41
bks_tau_0_3,CWE-705,,0.0,1.0,0.999427782060148,0.0,1.0,,,,0.999427782060148,0.5,0.6040375923006387,0.0008781178945321332,5
bks_tau_0_3,CWE-706,0.4813147008374533,0.4331638418079097,0.983648512461085,0.9800572247279418,0.016351487538915153,0.5668361581920903,0.4552851821837631,0.44160447783496687,0.4382170183413926,0.9648683692080864,0.7084061771344972,0.7087282799326553,0.27063902755364727,298
bks_tau_0_3,CWE-74,0.5497211048975592,0.5711225616488774,0.9086405998091021,0.9156483498753787,0.09135940019089783,0.4288774383511226,0.5601960691450427,0.5666957935105527,0.47250575641074716,0.8535255650653799,0.7398815807289898,0.7452295611131767,0.4739541341363548,1427
bks_tau_0_3,CWE-754,,0.0,1.0,0.9973680053751964,0.0,1.0,,,,0.9973680053751964,0.5,0.5002296229790535,0.002440141175454356,23
bks_tau_0_3,CWE-807,,0.0,1.0,0.9974824254522229,0.0,1.0,,,,0.9974824254522229,0.5,0.5,0.0018129355392920317,22
bks_tau_0_3,CWE-834,,0.0,1.0,0.9970247550495989,0.0,1.0,,,,0.9970247550495989,0.5,0.5002870630868406,0.003161162631884447,26
bks_tau_0_3,CWE-913,0.3347186147186147,0.24415584415584415,0.9939727140162857,0.9906492801300525,0.006027285983714244,0.7558441558441558,0.2783400207790452,0.2561941969627374,0.27631811550276975,0.9847776415541091,0.619064279086065,0.6143022587000975,0.12857418413015514,107
bks_tau_0_3,CWE-923,,0.0,1.0,0.9621190684325468,0.0,1.0,,,,0.9621190684325468,0.5,0.5,0.021698273675510128,331
bks_tau_0_4,CWE-116,,0.0,1.0,0.9933628747877409,0.0,1.0,,,,0.9933628747877409,0.5,0.501207994552951,0.004237903362410778,58
bks_tau_0_4,CWE-190,0.0,0.0,0.999766355140187,0.9839741941274097,0.0002336448598130841,1.0,,,-0.004338276689420046,0.9837480126266754,0.4998831775700935,0.5139364681396753,0.02644364776454114,140
bks_tau_0_4,CWE-191,,0.0,1.0,0.9894713742942963,0.0,1.0,,,,0.9894713742942963,0.5,0.5002892519043615,0.011213331738352116,92
bks_tau_0_4,CWE-20,,0.0,1.0,0.9610891800900709,0.0,1.0,,,,0.9610891800900709,0.5,0.5728689223474386,0.031211113766381304,340
bks_tau_0_4,CWE-269,,0.0,1.0,0.9900428049565541,0.0,1.0,,,,0.9900428049565541,0.5,0.5087276758673206,0.006978370731077464,87
bks_tau_0_4,CWE-285,,0.0,1.0,0.9666968119513619,0.0,1.0,,,,0.9666968119513619,0.5,0.5001133362303637,0.037543378233030784,291
bks_tau_0_4,CWE-287,0.8333333333333334,0.008051612903225806,0.9998770743700062,0.929224218079057,0.0001229256299938537,0.9919483870967742,0.02633070866141732,0.016693547258689663,0.09764979735396222,0.929157952935044,0.503964343636616,0.5342783238656464,0.0825040273413166,623
bks_tau_0_4,CWE-311,0.4420705206783305,0.18641358641358644,0.9893485383409862,0.9633931138299616,0.010651461659013789,0.8135864135864136,0.2600198264474374,0.21009443602797923,0.26555788782717554,0.9538790496603659,0.5878810623772862,0.7190889239291658,0.2617383564068508,386
bks_tau_0_4,CWE-326,,0.0,1.0,0.9970239677720049,0.0,1.0,,,,0.9970239677720049,0.5,0.5672909852816156,0.008951331804496202,26
bks_tau_0_4,CWE-327,0.7509084163553342,0.7228571428571429,0.9898724960548482,0.9884547396478236,0.010127503945151776,0.27714285714285714,0.7353719000565901,0.7275279393908578,0.7253595981280524,0.9791751193606112,0.8563648194559956,0.8714111740804693,0.6906456758191658,350
bks_tau_0_4,CWE-330,1.0,0.8719999999999999,1.0,0.9962467043859311,0.0,0.128,0.9310282317695663,0.8945652901338793,0.9317718014181124,0.9963386394844298,0.9359999999999999,0.9380272130238424,0.8846783706258812,250
bks_tau_0_4,CWE-345,0.5709956709956711,0.06037735849056604,0.9970767063857195,0.9426392588095245,0.0029232936142803427,0.939622641509434,0.10896274809140412,0.0734800668038779,0.1712377248621926,0.9402601045206845,0.5287270324381429,0.5293580881360436,0.08700328904162036,530
bks_tau_0_4,CWE-400,,0.0,1.0,0.9711604002190356,0.0,1.0,,,,0.9711604002190356,0.5,0.49792194939505696,0.020870731778353236,252
bks_tau_0_4,CWE-501,0.6343582887700535,0.7555555555555555,0.9953759521156236,0.9974510718457104,0.004624047884376441,0.24444444444444446,0.6863769889840882,0.7253228560984017,0.6871823718274396,0.9929050742194943,0.8754657538355894,0.8757030354575995,0.5334587484724145,90
bks_tau_0_4,CWE-610,0.6170363101859209,0.33696715583508036,0.9935054650223221,0.9793994944002865,0.006494534977677932,0.6630328441649196,0.43521759923481584,0.37034760357056523,0.44360180643455305,0.9734431129125923,0.6652363104287012,0.668769104381983,0.27564602650961134,267
bks_tau_0_4,CWE-662,,0.0,1.0,0.9892428016715495,0.0,1.0,,,,0.9892428016715495,0.5,0.49467920521765507,0.008107265526471218,94
bks_tau_0_4,CWE-665,,0.0,1.0,0.9981691909293028,0.0,1.0,,,,0.9981691909293028,0.5,0.5028662045900859,0.0018483265939471063,16
bks_tau_0_4,CWE-668,,0.0,1.0,0.8744547811064708,0.0,1.0,,,,0.8744547811064708,0.5,0.5300147656310011,0.07941219054257746,1097
bks_tau_0_4,CWE-704,,0.0,1.0,0.995308231395666,0.0,1.0,,,,0.995308231395666,0.5,0.5002876897395007,0.00552341600739124,41
bks_tau_0_4,CWE-705,,0.0,1.0,0.999427782060148,0.0,1.0,,,,0.999427782060148,0.5,0.6040375923006387,0.0008781178945321332,5
bks_tau_0_4,CWE-706,0.4813147008374533,0.4331638418079097,0.983648512461085,0.9800572247279418,0.016351487538915153,0.5668361581920903,0.4552851821837631,0.44160447783496687,0.4382170183413926,0.9648683692080864,0.7084061771344972,0.7087282799326553,0.27063902755364727,298
bks_tau_0_4,CWE-74,0.6473960353261842,0.43518586676481413,0.9537604016796033,0.8964002411736445,0.046239598320396744,0.5648141332351859,0.5203618519650426,0.4656577260687439,0.45985290925513767,0.8690762335411385,0.6944731342222087,0.7452295611131767,0.4739541341363548,1427
bks_tau_0_4,CWE-754,,0.0,1.0,0.9973680053751964,0.0,1.0,,,,0.9973680053751964,0.5,0.5002296229790535,0.002440141175454356,23
bks_tau_0_4,CWE-807,,0.0,1.0,0.9974824254522229,0.0,1.0,,,,0.9974824254522229,0.5,0.5,0.0018129355392920317,22
bks_tau_0_4,CWE-834,,0.0,1.0,0.9970247550495989,0.0,1.0,,,,0.9970247550495989,0.5,0.5002870630868406,0.003161162631884447,26
bks_tau_0_4,CWE-913,,0.0,1.0,0.9877547204747407,0.0,1.0,,,,0.9877547204747407,0.5,0.6143022587000975,0.12857418413015514,107
bks_tau_0_4,CWE-923,,0.0,1.0,0.9621190684325468,0.0,1.0,,,,0.9621190684325468,0.5,0.5,0.021698273675510128,331
bks_tau_0_5,CWE-116,,0.0,1.0,0.9933628747877409,0.0,1.0,,,,0.9933628747877409,0.5,0.501207994552951,0.004237903362410778,58
bks_tau_0_5,CWE-190,,0.0,1.0,0.9839778976841469,0.0,1.0,,,,0.9839778976841469,0.5,0.5139364681396753,0.02644364776454114,140
bks_tau_0_5,CWE-191,,0.0,1.0,0.9894713742942963,0.0,1.0,,,,0.9894713742942963,0.5,0.5002892519043615,0.011213331738352116,92
bks_tau_0_5,CWE-20,,0.0,1.0,0.9610891800900709,0.0,1.0,,,,0.9610891800900709,0.5,0.5728689223474386,0.031211113766381304,340
bks_tau_0_5,CWE-269,,0.0,1.0,0.9900428049565541,0.0,1.0,,,,0.9900428049565541,0.5,0.5087276758673206,0.006978370731077464,87
bks_tau_0_5,CWE-285,,0.0,1.0,0.9666968119513619,0.0,1.0,,,,0.9666968119513619,0.5,0.5001133362303637,0.037543378233030784,291
bks_tau_0_5,CWE-287,0.75,0.0032129032258064517,0.9998770743700062,0.9289057813753523,0.0001229256299938537,0.9967870967741936,0.015874015748031496,0.010010260767794016,0.07143855028552423,0.9288158776784874,0.5015449887979063,0.5342783238656464,0.0825040273413166,623
bks_tau_0_5,CWE-311,,0.0,1.0,0.9558246710941759,0.0,1.0,,,,0.9558246710941759,0.5,0.7190889239291658,0.2617383564068508,386
bks_tau_0_5,CWE-326,,0.0,1.0,0.9970239677720049,0.0,1.0,,,,0.9970239677720049,0.5,0.5672909852816156,0.008951331804496202,26
bks_tau_0_5,CWE-327,0.7509084163553342,0.7228571428571429,0.9898724960548482,0.9884547396478236,0.010127503945151776,0.27714285714285714,0.7353719000565901,0.7275279393908578,0.7253595981280524,0.9791751193606112,0.8563648194559956,0.8714111740804693,0.6906456758191658,350
bks_tau_0_5,CWE-330,1.0,0.8719999999999999,1.0,0.9962467043859311,0.0,0.128,0.9310282317695663,0.8945652901338793,0.9317718014181124,0.9963386394844298,0.9359999999999999,0.9380272130238424,0.8846783706258812,250
bks_tau_0_5,CWE-345,0.5709956709956711,0.06037735849056604,0.9970767063857195,0.9426392588095245,0.0029232936142803427,0.939622641509434,0.10896274809140412,0.0734800668038779,0.1712377248621926,0.9402601045206845,0.5287270324381429,0.5293580881360436,0.08700328904162036,530
bks_tau_0_5,CWE-400,,0.0,1.0,0.9711604002190356,0.0,1.0,,,,0.9711604002190356,0.5,0.49792194939505696,0.020870731778353236,252
bks_tau_0_5,CWE-501,0.6474922600619195,0.6333333333333333,0.9964157538642183,0.9961846761451174,0.003584246135781722,0.36666666666666664,0.6390088097828036,0.6352766676411035,0.6360289750955659,0.9926751891620229,0.8148745435987758,0.8757030354575995,0.5334587484724145,90
bks_tau_0_5,CWE-610,0.6170363101859209,0.33696715583508036,0.9935054650223221,0.9793994944002865,0.006494534977677932,0.6630328441649196,0.43521759923481584,0.37034760357056523,0.44360180643455305,0.9734431129125923,0.6652363104287012,0.668769104381983,0.27564602650961134,267
bks_tau_0_5,CWE-662,,0.0,1.0,0.9892428016715495,0.0,1.0,,,,0.9892428016715495,0.5,0.49467920521765507,0.008107265526471218,94
bks_tau_0_5,CWE-665,,0.0,1.0,0.9981691909293028,0.0,1.0,,,,0.9981691909293028,0.5,0.5028662045900859,0.0018483265939471063,16
bks_tau_0_5,CWE-668,,0.0,1.0,0.8744547811064708,0.0,1.0,,,,0.8744547811064708,0.5,0.5300147656310011,0.07941219054257746,1097
bks_tau_0_5,CWE-704,,0.0,1.0,0.995308231395666,0.0,1.0,,,,0.995308231395666,0.5,0.5002876897395007,0.00552341600739124,41
bks_tau_0_5,CWE-705,,0.0,1.0,0.999427782060148,0.0,1.0,,,,0.999427782060148,0.5,0.6040375923006387,0.0008781178945321332,5
bks_tau_0_5,CWE-706,0.5011904761904762,0.03683615819209039,0.9986948473842613,0.9670738319429859,0.0013051526157387282,0.9631638418079096,0.08406476142017187,0.056211584220221336,0.1434597032626781,0.9658958912231406,0.5177655027881759,0.7087282799326553,0.27063902755364727,298
bks_tau_0_5,CWE-74,0.6473960353261842,0.43518586676481413,0.9537604016796033,0.8964002411736445,0.046239598320396744,0.5648141332351859,0.5203618519650426,0.4656577260687439,0.45985290925513767,0.8690762335411385,0.6944731342222087,0.7452295611131767,0.4739541341363548,1427
bks_tau_0_5,CWE-754,,0.0,1.0,0.9973680053751964,0.0,1.0,,,,0.9973680053751964,0.5,0.5002296229790535,0.002440141175454356,23
bks_tau_0_5,CWE-807,,0.0,1.0,0.9974824254522229,0.0,1.0,,,,0.9974824254522229,0.5,0.5,0.0018129355392920317,22
bks_tau_0_5,CWE-834,,0.0,1.0,0.9970247550495989,0.0,1.0,,,,0.9970247550495989,0.5,0.5002870630868406,0.003161162631884447,26
bks_tau_0_5,CWE-913,,0.0,1.0,0.9877547204747407,0.0,1.0,,,,0.9877547204747407,0.5,0.6143022587000975,0.12857418413015514,107
bks_tau_0_5,CWE-923,,0.0,1.0,0.9621190684325468,0.0,1.0,,,,0.9621190684325468,0.5,0.5,0.021698273675510128,331
bks_tau_0_6,CWE-116,,0.0,1.0,0.9933628747877409,0.0,1.0,,,,0.9933628747877409,0.5,0.501207994552951,0.004237903362410778,58
bks_tau_0_6,CWE-190,,0.0,1.0,0.9839778976841469,0.0,1.0,,,,0.9839778976841469,0.5,0.5139364681396753,0.02644364776454114,140
bks_tau_0_6,CWE-191,,0.0,1.0,0.9894713742942963,0.0,1.0,,,,0.9894713742942963,0.5,0.5002892519043615,0.011213331738352116,92
bks_tau_0_6,CWE-20,,0.0,1.0,0.9610891800900709,0.0,1.0,,,,0.9610891800900709,0.5,0.5728689223474386,0.031211113766381304,340
bks_tau_0_6,CWE-269,,0.0,1.0,0.9900428049565541,0.0,1.0,,,,0.9900428049565541,0.5,0.5087276758673206,0.006978370731077464,87
bks_tau_0_6,CWE-285,,0.0,1.0,0.9666968119513619,0.0,1.0,,,,0.9666968119513619,0.5,0.5001133362303637,0.037543378233030784,291
bks_tau_0_6,CWE-287,0.5,0.0016,0.9998770743700062,0.9287993079625251,0.0001229256299938537,0.9984,0.015748031496062992,0.0099601593625498,0.05629724306557664,0.9287013301412594,0.500738537185003,0.5342783238656464,0.0825040273413166,623
bks_tau_0_6,CWE-311,,0.0,1.0,0.9558246710941759,0.0,1.0,,,,0.9558246710941759,0.5,0.7190889239291658,0.2617383564068508,386
bks_tau_0_6,CWE-326,,0.0,1.0,0.9970239677720049,0.0,1.0,,,,0.9970239677720049,0.5,0.5672909852816156,0.008951331804496202,26
bks_tau_0_6,CWE-327,0.7509084163553342,0.7228571428571429,0.9898724960548482,0.9884547396478236,0.010127503945151776,0.27714285714285714,0.7353719000565901,0.7275279393908578,0.7253595981280524,0.9791751193606112,0.8563648194559956,0.8714111740804693,0.6906456758191658,350
bks_tau_0_6,CWE-330,1.0,0.8719999999999999,1.0,0.9962467043859311,0.0,0.128,0.9310282317695663,0.8945652901338793,0.9317718014181124,0.9963386394844298,0.9359999999999999,0.9380272130238424,0.8846783706258812,250
bks_tau_0_6,CWE-345,,0.0,1.0,0.9393448983756988,0.0,1.0,,,,0.9393448983756988,0.5,0.5293580881360436,0.08700328904162036,530
bks_tau_0_6,CWE-400,,0.0,1.0,0.9711604002190356,0.0,1.0,,,,0.9711604002190356,0.5,0.49792194939505696,0.020870731778353236,252
bks_tau_0_6,CWE-501,0.7074203574203575,0.3555555555555555,0.9983820279151704,0.9933268865380107,0.0016179720848295714,0.6444444444444445,0.460708681175867,0.3904707005985183,0.4899127929215229,0.9917589336189794,0.676968791735363,0.8757030354575995,0.5334587484724145,90
bks_tau_0_6,CWE-610,0.7020689655172414,0.12075471698113208,0.9971597543635691,0.972970048075236,0.002840245636431052,0.879245283018868,0.27356491746735645,0.2245625569246096,0.31880445771738464,0.9703594767853929,0.5589572356723506,0.668769104381983,0.27564602650961134,267
bks_tau_0_6,CWE-662,,0.0,1.0,0.9892428016715495,0.0,1.0,,,,0.9892428016715495,0.5,0.49467920521765507,0.008107265526471218,94
bks_tau_0_6,CWE-665,,0.0,1.0,0.9981691909293028,0.0,1.0,,,,0.9981691909293028,0.5,0.5028662045900859,0.0018483265939471063,16
bks_tau_0_6,CWE-668,,0.0,1.0,0.8744547811064708,0.0,1.0,,,,0.8744547811064708,0.5,0.5300147656310011,0.07941219054257746,1097
bks_tau_0_6,CWE-704,,0.0,1.0,0.995308231395666,0.0,1.0,,,,0.995308231395666,0.5,0.5002876897395007,0.00552341600739124,41
bks_tau_0_6,CWE-705,,0.0,1.0,0.999427782060148,0.0,1.0,,,,0.999427782060148,0.5,0.6040375923006387,0.0008781178945321332,5
bks_tau_0_6,CWE-706,0.3333333333333333,0.006666666666666666,0.9995255041518387,0.9661016817986432,0.0004744958481613286,0.9933333333333334,0.0606060606060606,0.04065040650406504,0.09637559975303918,0.9656664011571771,0.5030960854092527,0.7087282799326553,0.27063902755364727,298
bks_tau_0_6,CWE-74,0.6473960353261842,0.43518586676481413,0.9537604016796033,0.8964002411736445,0.046239598320396744,0.5648141332351859,0.5203618519650426,0.4656577260687439,0.45985290925513767,0.8690762335411385,0.6944731342222087,0.7452295611131767,0.4739541341363548,1427
bks_tau_0_6,CWE-754,,0.0,1.0,0.9973680053751964,0.0,1.0,,,,0.9973680053751964,0.5,0.5002296229790535,0.002440141175454356,23
bks_tau_0_6,CWE-807,,0.0,1.0,0.9974824254522229,0.0,1.0,,,,0.9974824254522229,0.5,0.5,0.0018129355392920317,22
bks_tau_0_6,CWE-834,,0.0,1.0,0.9970247550495989,0.0,1.0,,,,0.9970247550495989,0.5,0.5002870630868406,0.003161162631884447,26
bks_tau_0_6,CWE-913,,0.0,1.0,0.9877547204747407,0.0,1.0,,,,0.9877547204747407,0.5,0.6143022587000975,0.12857418413015514,107
bks_tau_0_6,CWE-923,,0.0,1.0,0.9621190684325468,0.0,1.0,,,,0.9621190684325468,0.5,0.5,0.021698273675510128,331
bks_tau_0_7,CWE-116,,0.0,1.0,0.9933628747877409,0.0,1.0,,,,0.9933628747877409,0.5,0.501207994552951,0.004237903362410778,58
bks_tau_0_7,CWE-190,,0.0,1.0,0.9839778976841469,0.0,1.0,,,,0.9839778976841469,0.5,0.5139364681396753,0.02644364776454114,140
bks_tau_0_7,CWE-191,,0.0,1.0,0.9894713742942963,0.0,1.0,,,,0.9894713742942963,0.5,0.5002892519043615,0.011213331738352116,92
bks_tau_0_7,CWE-20,,0.0,1.0,0.9610891800900709,0.0,1.0,,,,0.9610891800900709,0.5,0.5728689223474386,0.031211113766381304,340
bks_tau_0_7,CWE-269,,0.0,1.0,0.9900428049565541,0.0,1.0,,,,0.9900428049565541,0.5,0.5087276758673206,0.006978370731077464,87
bks_tau_0_7,CWE-285,,0.0,1.0,0.9666968119513619,0.0,1.0,,,,0.9666968119513619,0.5,0.5001133362303637,0.037543378233030784,291
bks_tau_0_7,CWE-287,,0.0,1.0,0.9287013301412594,0.0,1.0,,,,0.9287013301412594,0.5,0.5342783238656464,0.0825040273413166,623
bks_tau_0_7,CWE-311,,0.0,1.0,0.9558246710941759,0.0,1.0,,,,0.9558246710941759,0.5,0.7190889239291658,0.2617383564068508,386
bks_tau_0_7,CWE-326,,0.0,1.0,0.9970239677720049,0.0,1.0,,,,0.9970239677720049,0.5,0.5672909852816156,0.008951331804496202,26
bks_tau_0_7,CWE-327,0.9517805383022774,0.2857142857142857,0.9994039051266561,0.9710413171156841,0.0005960948733437651,0.7142857142857142,0.4392878805782031,0.3321532186441235,0.5127805033487027,0.9708166229470896,0.642559095420471,0.8714111740804693,0.6906456758191658,350
bks_tau_0_7,CWE-330,1.0,0.8719999999999999,1.0,0.9962467043859311,0.0,0.128,0.9310282317695663,0.8945652901338793,0.9317718014181124,0.9963386394844298,0.9359999999999999,0.9380272130238424,0.8846783706258812,250
bks_tau_0_7,CWE-345,,0.0,1.0,0.9393448983756988,0.0,1.0,,,,0.9393448983756988,0.5,0.5293580881360436,0.08700328904162036,530
bks_tau_0_7,CWE-400,,0.0,1.0,0.9711604002190356,0.0,1.0,,,,0.9711604002190356,0.5,0.49792194939505696,0.020870731778353236,252
bks_tau_0_7,CWE-501,,0.0,1.0,0.9897000770826658,0.0,1.0,,,,0.9897000770826658,0.5,0.8757030354575995,0.5334587484724145,90
bks_tau_0_7,CWE-610,,0.0,1.0,0.9694437463994798,0.0,1.0,,,,0.9694437463994798,0.5,0.668769104381983,0.27564602650961134,267
bks_tau_0_7,CWE-662,,0.0,1.0,0.9892428016715495,0.0,1.0,,,,0.9892428016715495,0.5,0.49467920521765507,0.008107265526471218,94
bks_tau_0_7,CWE-665,,0.0,1.0,0.9981691909293028,0.0,1.0,,,,0.9981691909293028,0.5,0.5028662045900859,0.0018483265939471063,16
bks_tau_0_7,CWE-668,,0.0,1.0,0.8744547811064708,0.0,1.0,,,,0.8744547811064708,0.5,0.5300147656310011,0.07941219054257746,1097
bks_tau_0_7,CWE-704,,0.0,1.0,0.995308231395666,0.0,1.0,,,,0.995308231395666,0.5,0.5002876897395007,0.00552341600739124,41
bks_tau_0_7,CWE-705,,0.0,1.0,0.999427782060148,0.0,1.0,,,,0.999427782060148,0.5,0.6040375923006387,0.0008781178945321332,5
bks_tau_0_7,CWE-706,,0.0,1.0,0.965895496231633,0.0,1.0,,,,0.965895496231633,0.5,0.7087282799326553,0.27063902755364727,298
bks_tau_0_7,CWE-74,,0.0,1.0,0.8366883970762455,0.0,1.0,,,,0.8366883970762455,0.5,0.7452295611131767,0.4739541341363548,1427
bks_tau_0_7,CWE-754,,0.0,1.0,0.9973680053751964,0.0,1.0,,,,0.9973680053751964,0.5,0.5002296229790535,0.002440141175454356,23
bks_tau_0_7,CWE-807,,0.0,1.0,0.9974824254522229,0.0,1.0,,,,0.9974824254522229,0.5,0.5,0.0018129355392920317,22
bks_tau_0_7,CWE-834,,0.0,1.0,0.9970247550495989,0.0,1.0,,,,0.9970247550495989,0.5,0.5002870630868406,0.003161162631884447,26
bks_tau_0_7,CWE-913,,0.0,1.0,0.9877547204747407,0.0,1.0,,,,0.9877547204747407,0.5,0.6143022587000975,0.12857418413015514,107
bks_tau_0_7,CWE-923,,0.0,1.0,0.9621190684325468,0.0,1.0,,,,0.9621190684325468,0.5,0.5,0.021698273675510128,331
bks_tau_0_8,CWE-116,,0.0,1.0,0.9933628747877409,0.0,1.0,,,,0.9933628747877409,0.5,0.501207994552951,0.004237903362410778,58
bks_tau_0_8,CWE-190,,0.0,1.0,0.9839778976841469,0.0,1.0,,,,0.9839778976841469,0.5,0.5139364681396753,0.02644364776454114,140
bks_tau_0_8,CWE-191,,0.0,1.0,0.9894713742942963,0.0,1.0,,,,0.9894713742942963,0.5,0.5002892519043615,0.011213331738352116,92
bks_tau_0_8,CWE-20,,0.0,1.0,0.9610891800900709,0.0,1.0,,,,0.9610891800900709,0.5,0.5728689223474386,0.031211113766381304,340
bks_tau_0_8,CWE-269,,0.0,1.0,0.9900428049565541,0.0,1.0,,,,0.9900428049565541,0.5,0.5087276758673206,0.006978370731077464,87
bks_tau_0_8,CWE-285,,0.0,1.0,0.9666968119513619,0.0,1.0,,,,0.9666968119513619,0.5,0.5001133362303637,0.037543378233030784,291
bks_tau_0_8,CWE-287,,0.0,1.0,0.9287013301412594,0.0,1.0,,,,0.9287013301412594,0.5,0.5342783238656464,0.0825040273413166,623
bks_tau_0_8,CWE-311,,0.0,1.0,0.9558246710941759,0.0,1.0,,,,0.9558246710941759,0.5,0.7190889239291658,0.2617383564068508,386
bks_tau_0_8,CWE-326,,0.0,1.0,0.9970239677720049,0.0,1.0,,,,0.9970239677720049,0.5,0.5672909852816156,0.008951331804496202,26
bks_tau_0_8,CWE-327,0.9691443850267379,0.26285714285714284,0.9996429973479415,0.97014851449584,0.00035700265205841213,0.7371428571428572,0.4129483742976996,0.3075471801739636,0.49603543450182846,0.9701293350183006,0.6312500701025423,0.8714111740804693,0.6906456758191658,350
bks_tau_0_8,CWE-330,1.0,0.8719999999999999,1.0,0.9962467043859311,0.0,0.128,0.9310282317695663,0.8945652901338793,0.9317718014181124,0.9963386394844298,0.9359999999999999,0.9380272130238424,0.8846783706258812,250
bks_tau_0_8,CWE-345,,0.0,1.0,0.9393448983756988,0.0,1.0,,,,0.9393448983756988,0.5,0.5293580881360436,0.08700328904162036,530
bks_tau_0_8,CWE-400,,0.0,1.0,0.9711604002190356,0.0,1.0,,,,0.9711604002190356,0.5,0.49792194939505696,0.020870731778353236,252
bks_tau_0_8,CWE-501,,0.0,1.0,0.9897000770826658,0.0,1.0,,,,0.9897000770826658,0.5,0.8757030354575995,0.5334587484724145,90
bks_tau_0_8,CWE-610,,0.0,1.0,0.9694437463994798,0.0,1.0,,,,0.9694437463994798,0.5,0.668769104381983,0.27564602650961134,267
bks_tau_0_8,CWE-662,,0.0,1.0,0.9892428016715495,0.0,1.0,,,,0.9892428016715495,0.5,0.49467920521765507,0.008107265526471218,94
bks_tau_0_8,CWE-665,,0.0,1.0,0.9981691909293028,0.0,1.0,,,,0.9981691909293028,0.5,0.5028662045900859,0.0018483265939471063,16
bks_tau_0_8,CWE-668,,0.0,1.0,0.8744547811064708,0.0,1.0,,,,0.8744547811064708,0.5,0.5300147656310011,0.07941219054257746,1097
bks_tau_0_8,CWE-704,,0.0,1.0,0.995308231395666,0.0,1.0,,,,0.995308231395666,0.5,0.5002876897395007,0.00552341600739124,41
bks_tau_0_8,CWE-705,,0.0,1.0,0.999427782060148,0.0,1.0,,,,0.999427782060148,0.5,0.6040375923006387,0.0008781178945321332,5
bks_tau_0_8,CWE-706,,0.0,1.0,0.965895496231633,0.0,1.0,,,,0.965895496231633,0.5,0.7087282799326553,0.27063902755364727,298
bks_tau_0_8,CWE-74,,0.0,1.0,0.8366883970762455,0.0,1.0,,,,0.8366883970762455,0.5,0.7452295611131767,0.4739541341363548,1427
bks_tau_0_8,CWE-754,,0.0,1.0,0.9973680053751964,0.0,1.0,,,,0.9973680053751964,0.5,0.5002296229790535,0.002440141175454356,23
bks_tau_0_8,CWE-807,,0.0,1.0,0.9974824254522229,0.0,1.0,,,,0.9974824254522229,0.5,0.5,0.0018129355392920317,22
bks_tau_0_8,CWE-834,,0.0,1.0,0.9970247550495989,0.0,1.0,,,,0.9970247550495989,0.5,0.5002870630868406,0.003161162631884447,26
bks_tau_0_8,CWE-913,,0.0,1.0,0.9877547204747407,0.0,1.0,,,,0.9877547204747407,0.5,0.6143022587000975,0.12857418413015514,107
bks_tau_0_8,CWE-923,,0.0,1.0,0.9621190684325468,0.0,1.0,,,,0.9621190684325468,0.5,0.5,0.021698273675510128,331
bks_tau_0_9,CWE-116,,0.0,1.0,0.9933628747877409,0.0,1.0,,,,0.9933628747877409,0.5,0.501207994552951,0.004237903362410778,58
bks_tau_0_9,CWE-190,,0.0,1.0,0.9839778976841469,0.0,1.0,,,,0.9839778976841469,0.5,0.5139364681396753,0.02644364776454114,140
bks_tau_0_9,CWE-191,,0.0,1.0,0.9894713742942963,0.0,1.0,,,,0.9894713742942963,0.5,0.5002892519043615,0.011213331738352116,92
bks_tau_0_9,CWE-20,,0.0,1.0,0.9610891800900709,0.0,1.0,,,,0.9610891800900709,0.5,0.5728689223474386,0.031211113766381304,340
bks_tau_0_9,CWE-269,,0.0,1.0,0.9900428049565541,0.0,1.0,,,,0.9900428049565541,0.5,0.5087276758673206,0.006978370731077464,87
bks_tau_0_9,CWE-285,,0.0,1.0,0.9666968119513619,0.0,1.0,,,,0.9666968119513619,0.5,0.5001133362303637,0.037543378233030784,291
bks_tau_0_9,CWE-287,,0.0,1.0,0.9287013301412594,0.0,1.0,,,,0.9287013301412594,0.5,0.5342783238656464,0.0825040273413166,623
bks_tau_0_9,CWE-311,,0.0,1.0,0.9558246710941759,0.0,1.0,,,,0.9558246710941759,0.5,0.7190889239291658,0.2617383564068508,386
bks_tau_0_9,CWE-326,,0.0,1.0,0.9970239677720049,0.0,1.0,,,,0.9970239677720049,0.5,0.5672909852816156,0.008951331804496202,26
bks_tau_0_9,CWE-327,0.9691443850267379,0.26285714285714284,0.9996429973479415,0.97014851449584,0.00035700265205841213,0.7371428571428572,0.4129483742976996,0.3075471801739636,0.49603543450182846,0.9701293350183006,0.6312500701025423,0.8714111740804693,0.6906456758191658,350
bks_tau_0_9,CWE-330,1.0,0.8719999999999999,1.0,0.9962467043859311,0.0,0.128,0.9310282317695663,0.8945652901338793,0.9317718014181124,0.9963386394844298,0.9359999999999999,0.9380272130238424,0.8846783706258812,250
bks_tau_0_9,CWE-345,,0.0,1.0,0.9393448983756988,0.0,1.0,,,,0.9393448983756988,0.5,0.5293580881360436,0.08700328904162036,530
bks_tau_0_9,CWE-400,,0.0,1.0,0.9711604002190356,0.0,1.0,,,,0.9711604002190356,0.5,0.49792194939505696,0.020870731778353236,252
bks_tau_0_9,CWE-501,,0.0,1.0,0.9897000770826658,0.0,1.0,,,,0.9897000770826658,0.5,0.8757030354575995,0.5334587484724145,90
bks_tau_0_9,CWE-610,,0.0,1.0,0.9694437463994798,0.0,1.0,,,,0.9694437463994798,0.5,0.668769104381983,0.27564602650961134,267
bks_tau_0_9,CWE-662,,0.0,1.0,0.9892428016715495,0.0,1.0,,,,0.9892428016715495,0.5,0.49467920521765507,0.008107265526471218,94
bks_tau_0_9,CWE-665,,0.0,1.0,0.9981691909293028,0.0,1.0,,,,0.9981691909293028,0.5,0.5028662045900859,0.0018483265939471063,16
bks_tau_0_9,CWE-668,,0.0,1.0,0.8744547811064708,0.0,1.0,,,,0.8744547811064708,0.5,0.5300147656310011,0.07941219054257746,1097
bks_tau_0_9,CWE-704,,0.0,1.0,0.995308231395666,0.0,1.0,,,,0.995308231395666,0.5,0.5002876897395007,0.00552341600739124,41
bks_tau_0_9,CWE-705,,0.0,1.0,0.999427782060148,0.0,1.0,,,,0.999427782060148,0.5,0.6040375923006387,0.0008781178945321332,5
bks_tau_0_9,CWE-706,,0.0,1.0,0.965895496231633,0.0,1.0,,,,0.965895496231633,0.5,0.7087282799326553,0.27063902755364727,298
bks_tau_0_9,CWE-74,,0.0,1.0,0.8366883970762455,0.0,1.0,,,,0.8366883970762455,0.5,0.7452295611131767,0.4739541341363548,1427
bks_tau_0_9,CWE-754,,0.0,1.0,0.9973680053751964,0.0,1.0,,,,0.9973680053751964,0.5,0.5002296229790535,0.002440141175454356,23
bks_tau_0_9,CWE-807,,0.0,1.0,0.9974824254522229,0.0,1.0,,,,0.9974824254522229,0.5,0.5,0.0018129355392920317,22
bks_tau_0_9,CWE-834,,0.0,1.0,0.9970247550495989,0.0,1.0,,,,0.9970247550495989,0.5,0.5002870630868406,0.003161162631884447,26
bks_tau_0_9,CWE-913,,0.0,1.0,0.9877547204747407,0.0,1.0,,,,0.9877547204747407,0.5,0.6143022587000975,0.12857418413015514,107
bks_tau_0_9,CWE-923,,0.0,1.0,0.9621190684325468,0.0,1.0,,,,0.9621190684325468,0.5,0.5,0.021698273675510128,331
logistic_regression_tau_0_1,CWE-116,0.006637125212259194,1.0,0.0,,1.0,0.0,0.013186589096853324,0.0323260680371054,,0.006637125212259194,0.5,0.501207994552951,0.004237903362410778,58
logistic_regression_tau_0_1,CWE-190,0.016022102315853142,1.0,0.0,,1.0,0.0,0.0315388814301979,0.07528554419545819,,0.016022102315853142,0.5,0.5139364681396753,0.02644364776454114,140
logistic_regression_tau_0_1,CWE-191,0.010528625705703665,1.0,0.0,,1.0,0.0,0.020837711032198718,0.05051435127396233,,0.010528625705703665,0.5,0.5002892519043615,0.011213331738352116,92
logistic_regression_tau_0_1,CWE-20,0.03891081990992907,1.0,0.0,,1.0,0.0,0.0749069272096872,0.16835118577524574,,0.03891081990992907,0.5,0.5728689223474386,0.031211113766381304,340
logistic_regression_tau_0_1,CWE-269,0.010132515827003663,1.0,0.01745535173464125,1.0,0.9825446482653588,0.0,0.02006156345565289,0.04868744540873746,0.013286628613431531,0.02723855009675515,0.5087276758673206,0.5087276758673206,0.006978370731077464,87
logistic_regression_tau_0_1,CWE-285,0.03325396374547993,0.9966101694915255,0.0018968583283935979,0.9411764705882353,0.9981031416716064,0.003389830508474576,0.06436013929346014,0.14668915415925912,-0.013736728329625915,0.03502140110705728,0.49925351390995953,0.5001214689564535,0.03754363945786177,291
logistic_regression_tau_0_1,CWE-287,0.07129866985874049,1.0,0.0,,1.0,0.0,0.13310672096662107,0.2773831570470438,,0.07129866985874049,0.5,0.5342347792675199,0.07867970962644756,623
logistic_regression_tau_0_1,CWE-311,0.044175328905824096,1.0,0.0,,1.0,0.0,0.08461272120365193,0.18770738632231437,,0.044175328905824096,0.5,0.7190889239291658,0.2617383564068508,386
logistic_regression_tau_0_1,CWE-326,0.002976032227995122,1.0,0.0,,1.0,0.0,0.0059342929476608386,0.014704034419137682,,0.002976032227995122,0.5,0.5672909852816156,0.008951331804496202,26
logistic_regression_tau_0_1,CWE-327,0.04005525578963286,1.0,0.0,,1.0,0.0,0.07702522262961678,0.17261890834715615,,0.04005525578963286,0.5,0.8710914961443453,0.6680016986218458,350
logistic_regression_tau_0_1,CWE-330,0.028610896992594902,1.0,0.0,,1.0,0.0,0.05563015291499478,0.12836394776977483,,0.028610896992594902,0.5,0.9378716125833444,0.8846306738848826,250
logistic_regression_tau_0_1,CWE-345,0.06065510162430119,1.0,0.0,,1.0,0.0,0.11437285338661438,0.24406095518311818,,0.06065510162430119,0.5,0.5293580881360436,0.08700328904162036,530
logistic_regression_tau_0_1,CWE-400,0.028839599780964405,1.0,0.0,,1.0,0.0,0.056062245949479575,0.12928292872746022,,0.028839599780964405,0.5,0.49792194939505696,0.020870731778353236,252
logistic_regression_tau_0_1,CWE-501,0.010299922917334165,1.0,0.0,,1.0,0.0,0.020389830473830906,0.04946178835233929,,0.010299922917334165,0.5,0.8757030354575995,0.5334587484724145,90
logistic_regression_tau_0_1,CWE-610,0.0305562536005201,1.0,0.0,,1.0,0.0,0.05930036931752686,0.13614032764120285,,0.0305562536005201,0.5,0.668769104381983,0.27564602650961134,267
logistic_regression_tau_0_1,CWE-662,0.01075719832845043,1.0,0.0,,1.0,0.0,0.021285341992589486,0.051566363556829156,,0.01075719832845043,0.5,0.49994236311239193,0.008132643528177705,94
logistic_regression_tau_0_1,CWE-665,0.0018308090706972465,1.0,0.0,,1.0,0.0,0.0036548249388115043,0.009086495736199383,,0.0018308090706972465,0.5,0.5028662045900859,0.0018483265939471063,16
logistic_regression_tau_0_1,CWE-668,0.12554521889352926,1.0,0.0,,1.0,0.0,0.22308288399950532,0.4178743969494126,,0.12554521889352926,0.5,0.529950471372628,0.0794033680621549,1097
logistic_regression_tau_0_1,CWE-704,0.0046917686043339984,1.0,0.0,,1.0,0.0,0.009339622078455685,0.023025785720466953,,0.0046917686043339984,0.5,0.5002876897395007,0.00552341600739124,41
logistic_regression_tau_0_1,CWE-705,0.0007225113302200177,1.0,0.20807518460127733,1.0,0.7919248153987226,0.0,0.0014439792649630092,0.0036021452515834058,0.012260626171263982,0.20852833029899515,0.6040375923006387,0.6040375923006387,0.0008781178945321332,5
logistic_regression_tau_0_1,CWE-706,0.034104503768367114,1.0,0.0,,1.0,0.0,0.06595929396591838,0.15005114500011635,,0.034104503768367114,0.5,0.7082804710834003,0.27049531452372033,298
logistic_regression_tau_0_1,CWE-74,0.16331160292375452,1.0,0.0,,1.0,0.0,0.2807695541606191,0.4939096897723768,,0.16331160292375452,0.5,0.7454144401273076,0.47108573983964774,1427
logistic_regression_tau_0_1,CWE-754,0.0026319946248035907,1.0,0.0,,1.0,0.0,0.005250016825459719,0.013021363928726442,,0.0026319946248035907,0.5,0.5001148124164817,0.002439860642336829,23
logistic_regression_tau_0_1,CWE-807,0.002517574547777094,1.0,0.0,,1.0,0.0,0.00502235043089924,0.012460866400295915,,0.002517574547777094,0.5,0.5,0.0018129355392920317,22
logistic_regression_tau_0_1,CWE-834,0.0029752449504010423,1.0,0.0,,1.0,0.0,0.005932738092245068,0.014700290915313557,,0.0029752449504010423,0.5,0.5002870630868406,0.003161162631884447,26
logistic_regression_tau_0_1,CWE-913,0.012245279525259362,1.0,0.0,,1.0,0.0,0.02419414815148266,0.058366189878964046,,0.012245279525259362,0.5,0.6143687425362148,0.13139764684857586,107
logistic_regression_tau_0_1,CWE-923,0.037880931567453216,1.0,0.0,,1.0,0.0,0.07299655234172898,0.16448082711710071,,0.037880931567453216,0.5,0.5,0.021698273675510128,331
logistic_regression_tau_0_2,CWE-116,0.006642325237362759,1.0,0.0008078494329141839,1.0,0.9991921505670858,0.0,0.013196855575867167,0.03235077021589166,0.0029420913956991787,0.007439747955870208,0.5004039247164571,0.501207994552951,0.004237903362410778,58
logistic_regression_tau_0_2,CWE-190,0.016022102315853142,1.0,0.0,,1.0,0.0,0.0315388814301979,0.07528554419545819,,0.016022102315853142,0.5,0.5139364681396753,0.02644364776454114,140
logistic_regression_tau_0_2,CWE-191,0.010528625705703665,1.0,0.0,,1.0,0.0,0.020837711032198718,0.05051435127396233,,0.010528625705703665,0.5,0.5002892519043615,0.011213331738352116,92
logistic_regression_tau_0_2,CWE-20,0.04554091759058877,0.9617647058823529,0.1839731388125242,0.9917526610273327,0.8160268611874757,0.03823529411764706,0.08696380312843092,0.19144288165667023,0.07371849213796913,0.21423795737257648,0.5728689223474386,0.5728689223474386,0.031211113766381304,340
logistic_regression_tau_0_2,CWE-269,0.010132515827003663,1.0,0.01745535173464125,1.0,0.9825446482653588,0.0,0.02006156345565289,0.04868744540873746,0.013286628613431531,0.02723855009675515,0.5087276758673206,0.5087276758673206,0.006978370731077464,87
logistic_regression_tau_0_2,CWE-285,0.033165981023511204,0.9931618936294564,0.0026044054982049185,0.8991596638655461,0.997395594501795,0.006838106370543542,0.06418818623199854,0.14628714860954706,-0.026301259129111108,0.03559152653465135,0.4978831495638307,0.5001214689564535,0.03754363945786177,291
logistic_regression_tau_0_2,CWE-287,0.07129866985874049,1.0,0.0,,1.0,0.0,0.13310672096662107,0.2773831570470438,,0.07129866985874049,0.5,0.5342347792675199,0.07867970962644756,623
logistic_regression_tau_0_2,CWE-311,0.044175328905824096,1.0,0.0,,1.0,0.0,0.08461272120365193,0.18770738632231437,,0.044175328905824096,0.5,0.7190889239291658,0.2617383564068508,386
logistic_regression_tau_0_2,CWE-326,0.002976032227995122,1.0,0.0,,1.0,0.0,0.0059342929476608386,0.014704034419137682,,0.002976032227995122,0.5,0.5672909852816156,0.008951331804496202,26
logistic_regression_tau_0_2,CWE-327,0.3049940052445267,0.8771428571428572,0.3951073985680191,0.9871812468331362,0.6048926014319809,0.12285714285714286,0.3251756386312259,0.3813812169612475,0.6850418561284816,0.41439660745057216,0.6361251278554381,0.8710914961443453,0.6680016986218458,350
logistic_regression_tau_0_2,CWE-330,0.9183100570926659,0.876,0.9976438549964808,0.9963557985431917,0.0023561450035192786,0.124,0.8953475608005282,0.8833328448897906,0.8933035600580688,0.9941640576364259,0.9368219274982404,0.9378716125833444,0.8846306738848826,250
logistic_regression_tau_0_2,CWE-345,0.06065510162430119,1.0,0.0,,1.0,0.0,0.11437285338661438,0.24406095518311818,,0.06065510162430119,0.5,0.5293580881360436,0.08700328904162036,530
logistic_regression_tau_0_2,CWE-400,0.028839599780964405,1.0,0.0,,1.0,0.0,0.056062245949479575,0.12928292872746022,,0.028839599780964405,0.5,0.49792194939505696,0.020870731778353236,252
logistic_regression_tau_0_2,CWE-501,0.39347259597949524,0.8222222222222222,0.597570225882478,0.9969108786162932,0.40242977411752207,0.17777777777777776,0.4121298004766835,0.43419228320693054,0.6712827467494965,0.5998768004391251,0.7098962240523501,0.8757030354575995,0.5334587484724145,90
logistic_regression_tau_0_2,CWE-610,0.0305562536005201,1.0,0.0,,1.0,0.0,0.05930036931752686,0.13614032764120285,,0.0305562536005201,0.5,0.668769104381983,0.27564602650961134,267
logistic_regression_tau_0_2,CWE-662,0.01075719832845043,1.0,0.0,,1.0,0.0,0.021285341992589486,0.051566363556829156,,0.01075719832845043,0.5,0.49994236311239193,0.008132643528177705,94
logistic_regression_tau_0_2,CWE-665,0.0018416091310817888,1.0,0.005732409180171837,1.0,0.9942675908198282,0.0,0.003676342501474671,0.009139677644464671,0.003243654837687654,0.007552464228288909,0.5028662045900859,0.5028662045900859,0.0018483265939471063,16
logistic_regression_tau_0_2,CWE-668,0.1309459271066353,0.9854088833540888,0.06045178773621658,0.9668373442566991,0.9395482122637834,0.014591116645911168,0.23115467836062784,0.4274249434026628,0.07531022840426968,0.17658174765398962,0.5229303355451527,0.529950471372628,0.0794033680621549,1097
logistic_regression_tau_0_2,CWE-704,0.0046917686043339984,1.0,0.0,,1.0,0.0,0.009339622078455685,0.023025785720466953,,0.0046917686043339984,0.5,0.5002876897395007,0.00552341600739124,41
logistic_regression_tau_0_2,CWE-705,0.0007225113302200177,1.0,0.20807518460127733,1.0,0.7919248153987226,0.0,0.0014439792649630092,0.0036021452515834058,0.012260626171263982,0.20852833029899515,0.6040375923006387,0.6040375923006387,0.0008781178945321332,5
logistic_regression_tau_0_2,CWE-706,0.034104503768367114,1.0,0.0,,1.0,0.0,0.06595929396591838,0.15005114500011635,,0.034104503768367114,0.5,0.7082804710834003,0.27049531452372033,298
logistic_regression_tau_0_2,CWE-74,0.16331160292375452,1.0,0.0,,1.0,0.0,0.2807695541606191,0.4939096897723768,,0.16331160292375452,0.5,0.7454144401273076,0.47108573983964774,1427
logistic_regression_tau_0_2,CWE-754,0.0026319946248035907,1.0,0.0,,1.0,0.0,0.005250016825459719,0.013021363928726442,,0.0026319946248035907,0.5,0.5001148124164817,0.002439860642336829,23
logistic_regression_tau_0_2,CWE-807,0.002517574547777094,1.0,0.0,,1.0,0.0,0.00502235043089924,0.012460866400295915,,0.002517574547777094,0.5,0.5,0.0018129355392920317,22
logistic_regression_tau_0_2,CWE-834,0.0029752449504010423,1.0,0.0,,1.0,0.0,0.005932738092245068,0.014700290915313557,,0.0029752449504010423,0.5,0.5002870630868406,0.003161162631884447,26
logistic_regression_tau_0_2,CWE-913,0.012245279525259362,1.0,0.0,,1.0,0.0,0.02419414815148266,0.058366189878964046,,0.012245279525259362,0.5,0.6143687425362148,0.13139764684857586,107
logistic_regression_tau_0_2,CWE-923,0.037880931567453216,1.0,0.0,,1.0,0.0,0.07299655234172898,0.16448082711710071,,0.037880931567453216,0.5,0.5,0.021698273675510128,331
logistic_regression_tau_0_3,CWE-116,0.00665330209090915,1.0,0.0024159891059020297,1.0,0.9975840108940979,0.0,0.013218511198718353,0.03240276249005254,0.0038625171733067025,0.009036880146870036,0.501207994552951,0.501207994552951,0.004237903362410778,58
logistic_regression_tau_0_3,CWE-190,0.016022102315853142,1.0,0.0,,1.0,0.0,0.0315388814301979,0.07528554419545819,,0.016022102315853142,0.5,0.5139364681396753,0.02644364776454114,140
logistic_regression_tau_0_3,CWE-191,0.01053472478637009,1.0,0.0005785038087229346,1.0,0.9994214961912771,0.0,0.02084965328155038,0.05054240393807615,0.003170174949541319,0.011100971105757019,0.5002892519043615,0.5002892519043615,0.011213331738352116,92
logistic_regression_tau_0_3,CWE-20,0.04554091759058877,0.9617647058823529,0.1839731388125242,0.9917526610273327,0.8160268611874757,0.03823529411764706,0.08696380312843092,0.19144288165667023,0.07371849213796913,0.21423795737257648,0.5728689223474386,0.5728689223474386,0.031211113766381304,340
logistic_regression_tau_0_3,CWE-269,0.010132515827003663,1.0,0.01745535173464125,1.0,0.9825446482653588,0.0,0.02006156345565289,0.04868744540873746,0.013286628613431531,0.02723855009675515,0.5087276758673206,0.5087276758673206,0.006978370731077464,87
logistic_regression_tau_0_3,CWE-285,0.033165981023511204,0.9931618936294564,0.0026044054982049185,0.8991596638655461,0.997395594501795,0.006838106370543542,0.06418818623199854,0.14628714860954706,-0.026301259129111108,0.03559152653465135,0.4978831495638307,0.5001214689564535,0.03754363945786177,291
logistic_regression_tau_0_3,CWE-287,0.07129866985874049,1.0,0.0,,1.0,0.0,0.13310672096662107,0.2773831570470438,,0.07129866985874049,0.5,0.5342347792675199,0.07867970962644756,623
logistic_regression_tau_0_3,CWE-311,0.044175328905824096,1.0,0.0,,1.0,0.0,0.08461272120365193,0.18770738632231437,,0.044175328905824096,0.5,0.7190889239291658,0.2617383564068508,386
logistic_regression_tau_0_3,CWE-326,0.002976032227995122,1.0,0.0,,1.0,0.0,0.0059342929476608386,0.014704034419137682,,0.002976032227995122,0.5,0.5672909852816156,0.008951331804496202,26
logistic_regression_tau_0_3,CWE-327,0.6989365101725737,0.7514285714285714,0.9862990569559212,0.9895990157132009,0.013700943044078703,0.24857142857142858,0.7223535226864485,0.73900822939352,0.7118638882387297,0.9768883518081617,0.8688638141922465,0.8710914961443453,0.6680016986218458,350
logistic_regression_tau_0_3,CWE-330,0.9183100570926659,0.876,0.9976438549964808,0.9963557985431917,0.0023561450035192786,0.124,0.8953475608005282,0.8833328448897906,0.8933035600580688,0.9941640576364259,0.9368219274982404,0.9378716125833444,0.8846306738848826,250
logistic_regression_tau_0_3,CWE-345,0.06073173052965335,1.0,0.0013414699439361483,1.0,0.998658530056064,0.0,0.11450905608637493,0.24430891630709045,0.00998721661874456,0.061915129944651204,0.5006707349719681,0.5293580881360436,0.08700328904162036,530
logistic_regression_tau_0_3,CWE-400,0.028731620336467412,0.996078431372549,0.00011799410029498524,0.5,0.9998820058997051,0.00392156862745098,0.055852053474556185,0.1287964337029775,-0.09467681418224341,0.028839599780964405,0.49809821273642196,0.49792194939505696,0.020870731778353236,252
logistic_regression_tau_0_3,CWE-501,0.6343582887700535,0.7555555555555555,0.9953759521156236,0.9974510718457104,0.004624047884376441,0.24444444444444446,0.6863769889840882,0.7253228560984017,0.6871823718274396,0.9929050742194943,0.8754657538355894,0.8757030354575995,0.5334587484724145,90
logistic_regression_tau_0_3,CWE-610,0.0305562536005201,1.0,0.0,,1.0,0.0,0.05930036931752686,0.13614032764120285,,0.0305562536005201,0.5,0.668769104381983,0.27564602650961134,267
logistic_regression_tau_0_3,CWE-662,0.01075719832845043,1.0,0.0,,1.0,0.0,0.021285341992589486,0.051566363556829156,,0.01075719832845043,0.5,0.49994236311239193,0.008132643528177705,94
logistic_regression_tau_0_3,CWE-665,0.0018416091310817888,1.0,0.005732409180171837,1.0,0.9942675908198282,0.0,0.003676342501474671,0.009139677644464671,0.003243654837687654,0.007552464228288909,0.5028662045900859,0.5028662045900859,0.0018483265939471063,16
logistic_regression_tau_0_3,CWE-668,0.1326093013256053,0.9835907015359069,0.07631024120934896,0.970217842885034,0.923689758790651,0.016409298464092982,0.23370790414304174,0.43074282029007804,0.07845576588815771,0.1902129045841156,0.529950471372628,0.529950471372628,0.0794033680621549,1097
logistic_regression_tau_0_3,CWE-704,0.004694395614857532,1.0,0.0005753794790013301,1.0,0.9994246205209987,0.0,0.009344828255731916,0.02303845197687328,0.002073085901499879,0.005264511701316317,0.5002876897395007,0.5002876897395007,0.00552341600739124,41
logistic_regression_tau_0_3,CWE-705,0.0007225113302200177,1.0,0.20807518460127733,1.0,0.7919248153987226,0.0,0.0014439792649630092,0.0036021452515834058,0.012260626171263982,0.20852833029899515,0.6040375923006387,0.6040375923006387,0.0008781178945321332,5
logistic_regression_tau_0_3,CWE-706,0.034104503768367114,1.0,0.0,,1.0,0.0,0.06595929396591838,0.15005114500011635,,0.034104503768367114,0.5,0.7082804710834003,0.27049531452372033,298
logistic_regression_tau_0_3,CWE-74,0.16331160292375452,1.0,0.0,,1.0,0.0,0.2807695541606191,0.4939096897723768,,0.16331160292375452,0.5,0.7454144401273076,0.47108573983964774,1427
logistic_regression_tau_0_3,CWE-754,0.0026326503377842314,1.0,0.00022962483296342252,1.0,0.9997703751670365,0.0,0.005251320774304483,0.013024568671742967,0.0012821705689575087,0.0028609622390580376,0.5001148124164817,0.5001148124164817,0.002439860642336829,23
logistic_regression_tau_0_3,CWE-807,0.002517574547777094,1.0,0.0,,1.0,0.0,0.00502235043089924,0.012460866400295915,,0.002517574547777094,0.5,0.5,0.0018129355392920317,22
logistic_regression_tau_0_3,CWE-834,0.0029768853443711343,1.0,0.0005741261736810094,1.0,0.999425873826319,0.0,0.005936000168493105,0.014708308144613722,0.0016368168442753028,0.0035477277161378848,0.5002870630868406,0.5002870630868406,0.003161162631884447,26
logistic_regression_tau_0_3,CWE-913,0.012245279525259362,1.0,0.0,,1.0,0.0,0.02419414815148266,0.058366189878964046,,0.012245279525259362,0.5,0.6143687425362148,0.13139764684857586,107
logistic_regression_tau_0_3,CWE-923,0.037880931567453216,1.0,0.0,,1.0,0.0,0.07299655234172898,0.16448082711710071,,0.037880931567453216,0.5,0.5,0.021698273675510128,331
logistic_regression_tau_0_4,CWE-116,0.00665330209090915,1.0,0.0024159891059020297,1.0,0.9975840108940979,0.0,0.013218511198718353,0.03240276249005254,0.0038625171733067025,0.009036880146870036,0.501207994552951,0.501207994552951,0.004237903362410778,58
logistic_regression_tau_0_4,CWE-190,0.016022102315853142,1.0,0.0,,1.0,0.0,0.0315388814301979,0.07528554419545819,,0.016022102315853142,0.5,0.5139364681396753,0.02644364776454114,140
logistic_regression_tau_0_4,CWE-191,0.01053472478637009,1.0,0.0005785038087229346,1.0,0.9994214961912771,0.0,0.02084965328155038,0.05054240393807615,0.003170174949541319,0.011100971105757019,0.5002892519043615,0.5002892519043615,0.011213331738352116,92
logistic_regression_tau_0_4,CWE-20,0.04554091759058877,0.9617647058823529,0.1839731388125242,0.9917526610273327,0.8160268611874757,0.03823529411764706,0.08696380312843092,0.19144288165667023,0.07371849213796913,0.21423795737257648,0.5728689223474386,0.5728689223474386,0.031211113766381304,340
logistic_regression_tau_0_4,CWE-269,0.010132515827003663,1.0,0.01745535173464125,1.0,0.9825446482653588,0.0,0.02006156345565289,0.04868744540873746,0.013286628613431531,0.02723855009675515,0.5087276758673206,0.5087276758673206,0.006978370731077464,87
logistic_regression_tau_0_4,CWE-285,0.03336811550957582,0.9931618936294564,0.008875117140872552,0.979539641943734,0.9911248828591275,0.006838106370543542,0.06456678600494661,0.1470739438810303,0.005265372720479617,0.04165421654002065,0.5010185053851645,0.5001214689564535,0.03754363945786177,291
logistic_regression_tau_0_4,CWE-287,0.07129866985874049,1.0,0.0,,1.0,0.0,0.13310672096662107,0.2773831570470438,,0.07129866985874049,0.5,0.5342347792675199,0.07867970962644756,623
logistic_regression_tau_0_4,CWE-311,0.3541267186731977,0.47415917415917413,0.9600174813789009,0.9753139230901551,0.03998251862109918,0.5258408258408258,0.404797809278978,0.443506250564602,0.3779272451087289,0.938549478685154,0.7170883277690375,0.7190889239291658,0.2617383564068508,386
logistic_regression_tau_0_4,CWE-326,0.002976032227995122,1.0,0.0,,1.0,0.0,0.0059342929476608386,0.014704034419137682,,0.002976032227995122,0.5,0.5672909852816156,0.008951331804496202,26
logistic_regression_tau_0_4,CWE-327,0.6989365101725737,0.7514285714285714,0.9862990569559212,0.9895990157132009,0.013700943044078703,0.24857142857142858,0.7223535226864485,0.73900822939352,0.7118638882387297,0.9768883518081617,0.8688638141922465,0.8710914961443453,0.6680016986218458,350
logistic_regression_tau_0_4,CWE-330,0.9183100570926659,0.876,0.9976438549964808,0.9963557985431917,0.0023561450035192786,0.124,0.8953475608005282,0.8833328448897906,0.8933035600580688,0.9941640576364259,0.9368219274982404,0.9378716125833444,0.8846306738848826,250
logistic_regression_tau_0_4,CWE-345,0.06073173052965335,1.0,0.0013414699439361483,1.0,0.998658530056064,0.0,0.11450905608637493,0.24430891630709045,0.00998721661874456,0.061915129944651204,0.5006707349719681,0.5293580881360436,0.08700328904162036,530
logistic_regression_tau_0_4,CWE-400,0.028731620336467412,0.996078431372549,0.00011799410029498524,0.5,0.9998820058997051,0.00392156862745098,0.055852053474556185,0.1287964337029775,-0.09467681418224341,0.028839599780964405,0.49809821273642196,0.49792194939505696,0.020870731778353236,252
logistic_regression_tau_0_4,CWE-501,0.6343582887700535,0.7555555555555555,0.9953759521156236,0.9974510718457104,0.004624047884376441,0.24444444444444446,0.6863769889840882,0.7253228560984017,0.6871823718274396,0.9929050742194943,0.8754657538355894,0.8757030354575995,0.5334587484724145,90
logistic_regression_tau_0_4,CWE-610,0.4647933295324972,0.45772187281621246,0.793972228623986,0.9788738329813755,0.20602777137601397,0.5422781271837875,0.34164394955130256,0.3093882337472443,0.41677286149102954,0.7835891228458861,0.6258470507200993,0.668769104381983,0.27564602650961134,267
logistic_regression_tau_0_4,CWE-662,0.01075719832845043,1.0,0.0,,1.0,0.0,0.021285341992589486,0.051566363556829156,,0.01075719832845043,0.5,0.49994236311239193,0.008132643528177705,94
logistic_regression_tau_0_4,CWE-665,0.0018416091310817888,1.0,0.005732409180171837,1.0,0.9942675908198282,0.0,0.003676342501474671,0.009139677644464671,0.003243654837687654,0.007552464228288909,0.5028662045900859,0.5028662045900859,0.0018483265939471063,16
logistic_regression_tau_0_4,CWE-668,0.1326093013256053,0.9835907015359069,0.07631024120934896,0.970217842885034,0.923689758790651,0.016409298464092982,0.23370790414304174,0.43074282029007804,0.07845576588815771,0.1902129045841156,0.529950471372628,0.529950471372628,0.0794033680621549,1097
logistic_regression_tau_0_4,CWE-704,0.004694395614857532,1.0,0.0005753794790013301,1.0,0.9994246205209987,0.0,0.009344828255731916,0.02303845197687328,0.002073085901499879,0.005264511701316317,0.5002876897395007,0.5002876897395007,0.00552341600739124,41
logistic_regression_tau_0_4,CWE-705,0.0007225113302200177,1.0,0.20807518460127733,1.0,0.7919248153987226,0.0,0.0014439792649630092,0.0036021452515834058,0.012260626171263982,0.20852833029899515,0.6040375923006387,0.6040375923006387,0.0008781178945321332,5
logistic_regression_tau_0_4,CWE-706,0.47117548773895523,0.4331638418079097,0.9829361323243754,0.9800442065939512,0.017063867675624525,0.5668361581920903,0.4503360098183221,0.43964697780407513,0.4328393345586061,0.9641802940017034,0.7080499870661425,0.7082804710834003,0.27049531452372033,298
logistic_regression_tau_0_4,CWE-74,0.41931336954408954,0.6040510366826156,0.829111647534899,0.9146851808392643,0.17088835246510103,0.3959489633173844,0.4909049831485631,0.5516878012952399,0.3794387238249213,0.7923785543156205,0.7165813421087572,0.7454144401273076,0.47108573983964774,1427
logistic_regression_tau_0_4,CWE-754,0.0026326503377842314,1.0,0.00022962483296342252,1.0,0.9997703751670365,0.0,0.005251320774304483,0.013024568671742967,0.0012821705689575087,0.0028609622390580376,0.5001148124164817,0.5001148124164817,0.002439860642336829,23
logistic_regression_tau_0_4,CWE-807,0.002517574547777094,1.0,0.0,,1.0,0.0,0.00502235043089924,0.012460866400295915,,0.002517574547777094,0.5,0.5,0.0018129355392920317,22
logistic_regression_tau_0_4,CWE-834,0.0029768853443711343,1.0,0.0005741261736810094,1.0,0.999425873826319,0.0,0.005936000168493105,0.014708308144613722,0.0016368168442753028,0.0035477277161378848,0.5002870630868406,0.5002870630868406,0.003161162631884447,26
logistic_regression_tau_0_4,CWE-913,0.012245279525259362,1.0,0.0,,1.0,0.0,0.02419414815148266,0.058366189878964046,,0.012245279525259362,0.5,0.6143687425362148,0.13139764684857586,107
logistic_regression_tau_0_4,CWE-923,0.037880931567453216,1.0,0.0,,1.0,0.0,0.07299655234172898,0.16448082711710071,,0.037880931567453216,0.5,0.5,0.021698273675510128,331
logistic_regression_tau_0_5,CWE-116,0.00665330209090915,1.0,0.0024159891059020297,1.0,0.9975840108940979,0.0,0.013218511198718353,0.03240276249005254,0.0038625171733067025,0.009036880146870036,0.501207994552951,0.501207994552951,0.004237903362410778,58
logistic_regression_tau_0_5,CWE-190,0.375,0.02857142857142857,0.9993015077079221,0.9844180323902257,0.0006984922920779795,0.9714285714285715,0.08673835125448028,0.05809814391050089,0.11145508122731246,0.9837484049127619,0.5139364681396753,0.5139364681396753,0.02644364776454114,140
logistic_regression_tau_0_5,CWE-191,0.010556600007684158,0.4,0.6001154068090017,0.9921159695066556,0.3998845931909983,0.6,0.020892476820854218,0.05064293597737719,0.00250227159563079,0.5980283321674942,0.5000577034045008,0.5002892519043615,0.011213331738352116,92
logistic_regression_tau_0_5,CWE-20,0.04554091759058877,0.9617647058823529,0.1839731388125242,0.9917526610273327,0.8160268611874757,0.03823529411764706,0.08696380312843092,0.19144288165667023,0.07371849213796913,0.21423795737257648,0.5728689223474386,0.5728689223474386,0.031211113766381304,340
logistic_regression_tau_0_5,CWE-269,0.010132515827003663,1.0,0.01745535173464125,1.0,0.9825446482653588,0.0,0.02006156345565289,0.04868744540873746,0.013286628613431531,0.02723855009675515,0.5087276758673206,0.5087276758673206,0.006978370731077464,87
logistic_regression_tau_0_5,CWE-285,0.033383458831279314,0.9931618936294564,0.009347372158582114,0.979539641943734,0.9906526278414178,0.006838106370543542,0.06459552372831816,0.14713366324634727,0.005762775059523502,0.04211083754458687,0.5012546328940193,0.5001214689564535,0.03754363945786177,291
logistic_regression_tau_0_5,CWE-287,0.40728856624319415,0.07709677419354839,0.991373822791075,0.9332931115327993,0.008626177208924958,0.9229032258064516,0.12917843121494238,0.09190796258757424,0.15219058629375007,0.9261809978529895,0.5342352984923118,0.5342347792675199,0.07867970962644756,623
logistic_regression_tau_0_5,CWE-311,0.3541267186731977,0.47415917415917413,0.9600174813789009,0.9753139230901551,0.03998251862109918,0.5258408258408258,0.404797809278978,0.443506250564602,0.3779272451087289,0.938549478685154,0.7170883277690375,0.7190889239291658,0.2617383564068508,386
logistic_regression_tau_0_5,CWE-326,0.024577518695165754,0.15333333333333335,0.9809461371764808,0.9974315775162392,0.019053862823519164,0.8466666666666667,0.052893932617769826,0.09338384425583589,0.05430539275671007,0.9784850673642836,0.567139735254907,0.5672909852816156,0.008951331804496202,26
logistic_regression_tau_0_5,CWE-327,0.6989365101725737,0.7514285714285714,0.9862990569559212,0.9895990157132009,0.013700943044078703,0.24857142857142858,0.7223535226864485,0.73900822939352,0.7118638882387297,0.9768883518081617,0.8688638141922465,0.8710914961443453,0.6680016986218458,350
logistic_regression_tau_0_5,CWE-330,0.9492323232323232,0.876,0.9984690567559564,0.9963595222281331,0.0015309432440435155,0.124,0.9088114993239877,0.8883133241660062,0.9082321977522503,0.9949656354766185,0.9372345283779783,0.9378716125833444,0.8846306738848826,250
logistic_regression_tau_0_5,CWE-345,0.5709956709956711,0.06037735849056604,0.9970767063857195,0.9426392588095245,0.0029232936142803427,0.939622641509434,0.10896274809140412,0.0734800668038779,0.1712377248621926,0.9402601045206845,0.5287270324381429,0.5293580881360436,0.08700328904162036,530
logistic_regression_tau_0_5,CWE-400,0.0,0.0,0.9996474733172699,0.9711504943144416,0.0003525266827301256,1.0,,,-0.004972479727114764,0.9708180646312338,0.49982373665863494,0.49792194939505696,0.020870731778353236,252
logistic_regression_tau_0_5,CWE-501,0.6343582887700535,0.7555555555555555,0.9953759521156236,0.9974510718457104,0.004624047884376441,0.24444444444444446,0.6863769889840882,0.7253228560984017,0.6871823718274396,0.9929050742194943,0.8754657538355894,0.8757030354575995,0.5334587484724145,90
logistic_regression_tau_0_5,CWE-610,0.5940441176470588,0.3445143256464011,0.9926788717750735,0.9796106942920773,0.007321128224926374,0.6554856743535988,0.43565892324873723,0.37592587776051045,0.4395751169996499,0.9728707648071175,0.6685965987107373,0.668769104381983,0.27564602650961134,267
logistic_regression_tau_0_5,CWE-662,0.005441008018327606,0.2,0.7998847262247839,0.9892724612635859,0.20011527377521615,0.8,0.02152974504249292,0.05214050493962678,-0.0024994019416464323,0.7934815830006928,0.49994236311239193,0.49994236311239193,0.008132643528177705,94
logistic_regression_tau_0_5,CWE-665,0.0018416091310817888,1.0,0.005732409180171837,1.0,0.9942675908198282,0.0,0.003676342501474671,0.009139677644464671,0.003243654837687654,0.007552464228288909,0.5028662045900859,0.5028662045900859,0.0018483265939471063,16
logistic_regression_tau_0_5,CWE-668,0.1326093013256053,0.9835907015359069,0.07631024120934896,0.970217842885034,0.923689758790651,0.016409298464092982,0.23370790414304174,0.43074282029007804,0.07845576588815771,0.1902129045841156,0.529950471372628,0.529950471372628,0.0794033680621549,1097
logistic_regression_tau_0_5,CWE-704,0.004768516454846435,0.6,0.40046030468038224,0.997709049255441,0.5995396953196177,0.4,0.009491641313620791,0.023395074658107407,0.002297560854267327,0.40148444297279406,0.5002301523401911,0.5002876897395007,0.00552341600739124,41
logistic_regression_tau_0_5,CWE-705,0.0007225113302200177,1.0,0.20807518460127733,1.0,0.7919248153987226,0.0,0.0014439792649630092,0.0036021452515834058,0.012260626171263982,0.20852833029899515,0.6040375923006387,0.6040375923006387,0.0008781178945321332,5
logistic_regression_tau_0_5,CWE-706,0.4813147008374533,0.4331638418079097,0.983648512461085,0.9800572247279418,0.016351487538915153,0.5668361581920903,0.4552851821837631,0.44160447783496687,0.4382170183413926,0.9648683692080864,0.7084061771344972,0.7082804710834003,0.27049531452372033,298
logistic_regression_tau_0_5,CWE-74,0.5497211048975592,0.5711225616488774,0.9086405998091021,0.9156483498753787,0.09135940019089783,0.4288774383511226,0.5601960691450427,0.5666957935105527,0.47250575641074716,0.8535255650653799,0.7398815807289898,0.7454144401273076,0.47108573983964774,1427
logistic_regression_tau_0_5,CWE-754,0.0025777496022074712,0.8,0.20011527377521615,0.9985746864310148,0.7998847262247839,0.2,0.005142080433182082,0.012755612136915031,0.0012873169025506338,0.20160668629835107,0.5000576368876081,0.5001148124164817,0.002439860642336829,23
logistic_regression_tau_0_5,CWE-807,0.0028538812785388126,0.2,0.8,0.9975665021349134,0.2,0.8,0.005691519635742743,0.014108352144469526,,0.7986239779636384,0.5,0.5,0.0018129355392920317,22
logistic_regression_tau_0_5,CWE-834,0.0028538812785388126,0.2,0.8002287021154946,0.997594880477193,0.19977129788450543,0.8,0.005691519635742743,0.014108352144469526,0.001806500326283073,0.7983930560758247,0.5001143510577473,0.5002870630868406,0.003161162631884447,26
logistic_regression_tau_0_5,CWE-913,0.3347186147186147,0.24415584415584415,0.9939727140162857,0.9906492801300525,0.006027285983714244,0.7558441558441558,0.2783400207790452,0.2561941969627374,0.27631811550276975,0.9847776415541091,0.619064279086065,0.6143687425362148,0.13139764684857586,107
logistic_regression_tau_0_5,CWE-923,0.037880931567453216,1.0,0.0,,1.0,0.0,0.07299655234172898,0.16448082711710071,,0.037880931567453216,0.5,0.5,0.021698273675510128,331
logistic_regression_tau_0_6,CWE-116,,0.0,1.0,0.9933628747877409,0.0,1.0,,,,0.9933628747877409,0.5,0.501207994552951,0.004237903362410778,58
logistic_regression_tau_0_6,CWE-190,0.375,0.02857142857142857,0.9993015077079221,0.9844180323902257,0.0006984922920779795,0.9714285714285715,0.08673835125448028,0.05809814391050089,0.11145508122731246,0.9837484049127619,0.5139364681396753,0.5139364681396753,0.02644364776454114,140
logistic_regression_tau_0_6,CWE-191,,0.0,1.0,0.9894713742942963,0.0,1.0,,,,0.9894713742942963,0.5,0.5002892519043615,0.011213331738352116,92
logistic_regression_tau_0_6,CWE-20,,0.0,1.0,0.9610891800900709,0.0,1.0,,,,0.9610891800900709,0.5,0.5728689223474386,0.031211113766381304,340
logistic_regression_tau_0_6,CWE-269,,0.0,1.0,0.9900428049565541,0.0,1.0,,,,0.9900428049565541,0.5,0.5087276758673206,0.006978370731077464,87
logistic_regression_tau_0_6,CWE-285,,0.0,1.0,0.9666968119513619,0.0,1.0,,,,0.9666968119513619,0.5,0.5001214689564535,0.03754363945786177,291
logistic_regression_tau_0_6,CWE-287,0.40728856624319415,0.07709677419354839,0.991373822791075,0.9332931115327993,0.008626177208924958,0.9229032258064516,0.12917843121494238,0.09190796258757424,0.15219058629375007,0.9261809978529895,0.5342352984923118,0.5342347792675199,0.07867970962644756,623
logistic_regression_tau_0_6,CWE-311,0.38067924634129363,0.4586080586080586,0.9655174708978681,0.9747442878849931,0.03448252910213192,0.5413919413919415,0.41531200368530785,0.4400331661112979,0.3879574969251638,0.9431213180585211,0.7120627647529634,0.7190889239291658,0.2617383564068508,386
logistic_regression_tau_0_6,CWE-326,0.024577518695165754,0.15333333333333335,0.9809461371764808,0.9974315775162392,0.019053862823519164,0.8466666666666667,0.052893932617769826,0.09338384425583589,0.05430539275671007,0.9784850673642836,0.567139735254907,0.5672909852816156,0.008951331804496202,26
logistic_regression_tau_0_6,CWE-327,0.7009888240558735,0.7514285714285714,0.9864183886981648,0.9896003693269935,0.013581611301835267,0.24857142857142858,0.7233869573369044,0.7394233698086603,0.7129536732662488,0.9770028993453896,0.8689234800633681,0.8710914961443453,0.6680016986218458,350
logistic_regression_tau_0_6,CWE-330,0.9954545454545455,0.876,0.9998816568047337,0.9963628343537658,0.00011834319526627219,0.124,0.9313485246087334,0.8972132021624836,0.9317790948174126,0.9963378522068357,0.9379408284023668,0.9378716125833444,0.8846306738848826,250
logistic_regression_tau_0_6,CWE-345,0.5709956709956711,0.06037735849056604,0.9970767063857195,0.9426392588095245,0.0029232936142803427,0.939622641509434,0.10896274809140412,0.0734800668038779,0.1712377248621926,0.9402601045206845,0.5287270324381429,0.5293580881360436,0.08700328904162036,530
logistic_regression_tau_0_6,CWE-400,0.0,0.0,0.9996474733172699,0.9711504943144416,0.0003525266827301256,1.0,,,-0.004972479727114764,0.9708180646312338,0.49982373665863494,0.49792194939505696,0.020870731778353236,252
logistic_regression_tau_0_6,CWE-501,0.6343582887700535,0.7555555555555555,0.9953759521156236,0.9974510718457104,0.004624047884376441,0.24444444444444446,0.6863769889840882,0.7253228560984017,0.6871823718274396,0.9929050742194943,0.8754657538355894,0.8757030354575995,0.5334587484724145,90
logistic_regression_tau_0_6,CWE-610,0.5940441176470588,0.3445143256464011,0.9926788717750735,0.9796106942920773,0.007321128224926374,0.6554856743535988,0.43565892324873723,0.37592587776051045,0.4395751169996499,0.9728707648071175,0.6685965987107373,0.668769104381983,0.27564602650961134,267
logistic_regression_tau_0_6,CWE-662,0.0,0.0,0.9998847262247839,0.9892415658035377,0.00011527377521613833,1.0,,,-0.0024994019416464323,0.9891287765860308,0.49994236311239193,0.49994236311239193,0.008132643528177705,94
logistic_regression_tau_0_6,CWE-665,,0.0,1.0,0.9981691909293028,0.0,1.0,,,,0.9981691909293028,0.5,0.5028662045900859,0.0018483265939471063,16
logistic_regression_tau_0_6,CWE-668,,0.0,1.0,0.8744547811064708,0.0,1.0,,,,0.8744547811064708,0.5,0.529950471372628,0.0794033680621549,1097
logistic_regression_tau_0_6,CWE-704,,0.0,1.0,0.995308231395666,0.0,1.0,,,,0.995308231395666,0.5,0.5002876897395007,0.00552341600739124,41
logistic_regression_tau_0_6,CWE-705,,0.0,1.0,0.999427782060148,0.0,1.0,,,,0.999427782060148,0.5,0.6040375923006387,0.0008781178945321332,5
logistic_regression_tau_0_6,CWE-706,0.4813147008374533,0.4331638418079097,0.983648512461085,0.9800572247279418,0.016351487538915153,0.5668361581920903,0.4552851821837631,0.44160447783496687,0.4382170183413926,0.9648683692080864,0.7084061771344972,0.7082804710834003,0.27049531452372033,298
logistic_regression_tau_0_6,CWE-74,0.5497211048975592,0.5711225616488774,0.9086405998091021,0.9156483498753787,0.09135940019089783,0.4288774383511226,0.5601960691450427,0.5666957935105527,0.47250575641074716,0.8535255650653799,0.7398815807289898,0.7454144401273076,0.47108573983964774,1427
logistic_regression_tau_0_6,CWE-754,,0.0,1.0,0.9973680053751964,0.0,1.0,,,,0.9973680053751964,0.5,0.5001148124164817,0.002439860642336829,23
logistic_regression_tau_0_6,CWE-807,,0.0,1.0,0.9974824254522229,0.0,1.0,,,,0.9974824254522229,0.5,0.5,0.0018129355392920317,22
logistic_regression_tau_0_6,CWE-834,,0.0,1.0,0.9970247550495989,0.0,1.0,,,,0.9970247550495989,0.5,0.5002870630868406,0.003161162631884447,26
logistic_regression_tau_0_6,CWE-913,0.3347186147186147,0.24415584415584415,0.9939727140162857,0.9906492801300525,0.006027285983714244,0.7558441558441558,0.2783400207790452,0.2561941969627374,0.27631811550276975,0.9847776415541091,0.619064279086065,0.6143687425362148,0.13139764684857586,107
logistic_regression_tau_0_6,CWE-923,,0.0,1.0,0.9621190684325468,0.0,1.0,,,,0.9621190684325468,0.5,0.5,0.021698273675510128,331
logistic_regression_tau_0_7,CWE-116,,0.0,1.0,0.9933628747877409,0.0,1.0,,,,0.9933628747877409,0.5,0.501207994552951,0.004237903362410778,58
logistic_regression_tau_0_7,CWE-190,0.375,0.02857142857142857,0.9993015077079221,0.9844180323902257,0.0006984922920779795,0.9714285714285715,0.08673835125448028,0.05809814391050089,0.11145508122731246,0.9837484049127619,0.5139364681396753,0.5139364681396753,0.02644364776454114,140
logistic_regression_tau_0_7,CWE-191,,0.0,1.0,0.9894713742942963,0.0,1.0,,,,0.9894713742942963,0.5,0.5002892519043615,0.011213331738352116,92
logistic_regression_tau_0_7,CWE-20,,0.0,1.0,0.9610891800900709,0.0,1.0,,,,0.9610891800900709,0.5,0.5728689223474386,0.031211113766381304,340
logistic_regression_tau_0_7,CWE-269,,0.0,1.0,0.9900428049565541,0.0,1.0,,,,0.9900428049565541,0.5,0.5087276758673206,0.006978370731077464,87
logistic_regression_tau_0_7,CWE-285,,0.0,1.0,0.9666968119513619,0.0,1.0,,,,0.9666968119513619,0.5,0.5001214689564535,0.03754363945786177,291
logistic_regression_tau_0_7,CWE-287,0.40728856624319415,0.07709677419354839,0.991373822791075,0.9332931115327993,0.008626177208924958,0.9229032258064516,0.12917843121494238,0.09190796258757424,0.15219058629375007,0.9261809978529895,0.5342352984923118,0.5342347792675199,0.07867970962644756,623
logistic_regression_tau_0_7,CWE-311,0.39191574093913273,0.4586080586080586,0.9670809104649155,0.974783514971554,0.03291908953508441,0.5413919413919415,0.42191517828848246,0.4429662688074962,0.3947860174720114,0.9446155709320843,0.7128444845364871,0.7190889239291658,0.2617383564068508,386
logistic_regression_tau_0_7,CWE-326,0.024577518695165754,0.15333333333333335,0.9809461371764808,0.9974315775162392,0.019053862823519164,0.8466666666666667,0.052893932617769826,0.09338384425583589,0.05430539275671007,0.9784850673642836,0.567139735254907,0.5672909852816156,0.008951331804496202,26
logistic_regression_tau_0_7,CWE-327,0.7009888240558735,0.7514285714285714,0.9864183886981648,0.9896003693269935,0.013581611301835267,0.24857142857142858,0.7233869573369044,0.7394233698086603,0.7129536732662488,0.9770028993453896,0.8689234800633681,0.8710914961443453,0.6680016986218458,350
logistic_regression_tau_0_7,CWE-330,0.9954545454545455,0.876,0.9998816568047337,0.9963628343537658,0.00011834319526627219,0.124,0.9313485246087334,0.8972132021624836,0.9317790948174126,0.9963378522068357,0.9379408284023668,0.9378716125833444,0.8846306738848826,250
logistic_regression_tau_0_7,CWE-345,0.5709956709956711,0.06037735849056604,0.9970767063857195,0.9426392588095245,0.0029232936142803427,0.939622641509434,0.10896274809140412,0.0734800668038779,0.1712377248621926,0.9402601045206845,0.5287270324381429,0.5293580881360436,0.08700328904162036,530
logistic_regression_tau_0_7,CWE-400,0.0,0.0,0.9996474733172699,0.9711504943144416,0.0003525266827301256,1.0,,,-0.004972479727114764,0.9708180646312338,0.49982373665863494,0.49792194939505696,0.020870731778353236,252
logistic_regression_tau_0_7,CWE-501,0.6343582887700535,0.7555555555555555,0.9953759521156236,0.9974510718457104,0.004624047884376441,0.24444444444444446,0.6863769889840882,0.7253228560984017,0.6871823718274396,0.9929050742194943,0.8754657538355894,0.8757030354575995,0.5334587484724145,90
logistic_regression_tau_0_7,CWE-610,0.5940441176470588,0.3445143256464011,0.9926788717750735,0.9796106942920773,0.007321128224926374,0.6554856743535988,0.43565892324873723,0.37592587776051045,0.4395751169996499,0.9728707648071175,0.6685965987107373,0.668769104381983,0.27564602650961134,267
logistic_regression_tau_0_7,CWE-662,0.0,0.0,0.9998847262247839,0.9892415658035377,0.00011527377521613833,1.0,,,-0.0024994019416464323,0.9891287765860308,0.49994236311239193,0.49994236311239193,0.008132643528177705,94
logistic_regression_tau_0_7,CWE-665,,0.0,1.0,0.9981691909293028,0.0,1.0,,,,0.9981691909293028,0.5,0.5028662045900859,0.0018483265939471063,16
logistic_regression_tau_0_7,CWE-668,,0.0,1.0,0.8744547811064708,0.0,1.0,,,,0.8744547811064708,0.5,0.529950471372628,0.0794033680621549,1097
logistic_regression_tau_0_7,CWE-704,,0.0,1.0,0.995308231395666,0.0,1.0,,,,0.995308231395666,0.5,0.5002876897395007,0.00552341600739124,41
logistic_regression_tau_0_7,CWE-705,,0.0,1.0,0.999427782060148,0.0,1.0,,,,0.999427782060148,0.5,0.6040375923006387,0.0008781178945321332,5
logistic_regression_tau_0_7,CWE-706,0.4813147008374533,0.4331638418079097,0.983648512461085,0.9800572247279418,0.016351487538915153,0.5668361581920903,0.4552851821837631,0.44160447783496687,0.4382170183413926,0.9648683692080864,0.7084061771344972,0.7082804710834003,0.27049531452372033,298
logistic_regression_tau_0_7,CWE-74,0.5497211048975592,0.5711225616488774,0.9086405998091021,0.9156483498753787,0.09135940019089783,0.4288774383511226,0.5601960691450427,0.5666957935105527,0.47250575641074716,0.8535255650653799,0.7398815807289898,0.7454144401273076,0.47108573983964774,1427
logistic_regression_tau_0_7,CWE-754,,0.0,1.0,0.9973680053751964,0.0,1.0,,,,0.9973680053751964,0.5,0.5001148124164817,0.002439860642336829,23
logistic_regression_tau_0_7,CWE-807,,0.0,1.0,0.9974824254522229,0.0,1.0,,,,0.9974824254522229,0.5,0.5,0.0018129355392920317,22
logistic_regression_tau_0_7,CWE-834,,0.0,1.0,0.9970247550495989,0.0,1.0,,,,0.9970247550495989,0.5,0.5002870630868406,0.003161162631884447,26
logistic_regression_tau_0_7,CWE-913,0.3347186147186147,0.24415584415584415,0.9939727140162857,0.9906492801300525,0.006027285983714244,0.7558441558441558,0.2783400207790452,0.2561941969627374,0.27631811550276975,0.9847776415541091,0.619064279086065,0.6143687425362148,0.13139764684857586,107
logistic_regression_tau_0_7,CWE-923,,0.0,1.0,0.9621190684325468,0.0,1.0,,,,0.9621190684325468,0.5,0.5,0.021698273675510128,331
logistic_regression_tau_0_8,CWE-116,,0.0,1.0,0.9933628747877409,0.0,1.0,,,,0.9933628747877409,0.5,0.501207994552951,0.004237903362410778,58
logistic_regression_tau_0_8,CWE-190,0.375,0.02857142857142857,0.9993015077079221,0.9844180323902257,0.0006984922920779795,0.9714285714285715,0.08673835125448028,0.05809814391050089,0.11145508122731246,0.9837484049127619,0.5139364681396753,0.5139364681396753,0.02644364776454114,140
logistic_regression_tau_0_8,CWE-191,,0.0,1.0,0.9894713742942963,0.0,1.0,,,,0.9894713742942963,0.5,0.5002892519043615,0.011213331738352116,92
logistic_regression_tau_0_8,CWE-20,,0.0,1.0,0.9610891800900709,0.0,1.0,,,,0.9610891800900709,0.5,0.5728689223474386,0.031211113766381304,340
logistic_regression_tau_0_8,CWE-269,,0.0,1.0,0.9900428049565541,0.0,1.0,,,,0.9900428049565541,0.5,0.5087276758673206,0.006978370731077464,87
logistic_regression_tau_0_8,CWE-285,,0.0,1.0,0.9666968119513619,0.0,1.0,,,,0.9666968119513619,0.5,0.5001214689564535,0.03754363945786177,291
logistic_regression_tau_0_8,CWE-287,0.40728856624319415,0.07709677419354839,0.991373822791075,0.9332931115327993,0.008626177208924958,0.9229032258064516,0.12917843121494238,0.09190796258757424,0.15219058629375007,0.9261809978529895,0.5342352984923118,0.5342347792675199,0.07867970962644756,623
logistic_regression_tau_0_8,CWE-311,0.39191574093913273,0.4586080586080586,0.9670809104649155,0.974783514971554,0.03291908953508441,0.5413919413919415,0.42191517828848246,0.4429662688074962,0.3947860174720114,0.9446155709320843,0.7128444845364871,0.7190889239291658,0.2617383564068508,386
logistic_regression_tau_0_8,CWE-326,0.024577518695165754,0.15333333333333335,0.9809461371764808,0.9974315775162392,0.019053862823519164,0.8466666666666667,0.052893932617769826,0.09338384425583589,0.05430539275671007,0.9784850673642836,0.567139735254907,0.5672909852816156,0.008951331804496202,26
logistic_regression_tau_0_8,CWE-327,0.7009888240558735,0.7514285714285714,0.9864183886981648,0.9896003693269935,0.013581611301835267,0.24857142857142858,0.7233869573369044,0.7394233698086603,0.7129536732662488,0.9770028993453896,0.8689234800633681,0.8710914961443453,0.6680016986218458,350
logistic_regression_tau_0_8,CWE-330,0.9954545454545455,0.876,0.9998816568047337,0.9963628343537658,0.00011834319526627219,0.124,0.9313485246087334,0.8972132021624836,0.9317790948174126,0.9963378522068357,0.9379408284023668,0.9378716125833444,0.8846306738848826,250
logistic_regression_tau_0_8,CWE-345,0.5709956709956711,0.06037735849056604,0.9970767063857195,0.9426392588095245,0.0029232936142803427,0.939622641509434,0.10896274809140412,0.0734800668038779,0.1712377248621926,0.9402601045206845,0.5287270324381429,0.5293580881360436,0.08700328904162036,530
logistic_regression_tau_0_8,CWE-400,0.0,0.0,0.9996474733172699,0.9711504943144416,0.0003525266827301256,1.0,,,-0.004972479727114764,0.9708180646312338,0.49982373665863494,0.49792194939505696,0.020870731778353236,252
logistic_regression_tau_0_8,CWE-501,0.6343582887700535,0.7555555555555555,0.9953759521156236,0.9974510718457104,0.004624047884376441,0.24444444444444446,0.6863769889840882,0.7253228560984017,0.6871823718274396,0.9929050742194943,0.8754657538355894,0.8757030354575995,0.5334587484724145,90
logistic_regression_tau_0_8,CWE-610,0.60025,0.33696715583508036,0.9930335569614785,0.9793899535433113,0.0069664430385214995,0.6630328441649196,0.4309720727741923,0.36911286456916254,0.43700497728307164,0.9729857073358532,0.6650003563982795,0.668769104381983,0.27564602650961134,267
logistic_regression_tau_0_8,CWE-662,0.0,0.0,0.9998847262247839,0.9892415658035377,0.00011527377521613833,1.0,,,-0.0024994019416464323,0.9891287765860308,0.49994236311239193,0.49994236311239193,0.008132643528177705,94
logistic_regression_tau_0_8,CWE-665,,0.0,1.0,0.9981691909293028,0.0,1.0,,,,0.9981691909293028,0.5,0.5028662045900859,0.0018483265939471063,16
logistic_regression_tau_0_8,CWE-668,,0.0,1.0,0.8744547811064708,0.0,1.0,,,,0.8744547811064708,0.5,0.529950471372628,0.0794033680621549,1097
logistic_regression_tau_0_8,CWE-704,,0.0,1.0,0.995308231395666,0.0,1.0,,,,0.995308231395666,0.5,0.5002876897395007,0.00552341600739124,41
logistic_regression_tau_0_8,CWE-705,,0.0,1.0,0.999427782060148,0.0,1.0,,,,0.999427782060148,0.5,0.6040375923006387,0.0008781178945321332,5
logistic_regression_tau_0_8,CWE-706,0.4813147008374533,0.4331638418079097,0.983648512461085,0.9800572247279418,0.016351487538915153,0.5668361581920903,0.4552851821837631,0.44160447783496687,0.4382170183413926,0.9648683692080864,0.7084061771344972,0.7082804710834003,0.27049531452372033,298
logistic_regression_tau_0_8,CWE-74,0.5497211048975592,0.5711225616488774,0.9086405998091021,0.9156483498753787,0.09135940019089783,0.4288774383511226,0.5601960691450427,0.5666957935105527,0.47250575641074716,0.8535255650653799,0.7398815807289898,0.7454144401273076,0.47108573983964774,1427
logistic_regression_tau_0_8,CWE-754,,0.0,1.0,0.9973680053751964,0.0,1.0,,,,0.9973680053751964,0.5,0.5001148124164817,0.002439860642336829,23
logistic_regression_tau_0_8,CWE-807,,0.0,1.0,0.9974824254522229,0.0,1.0,,,,0.9974824254522229,0.5,0.5,0.0018129355392920317,22
logistic_regression_tau_0_8,CWE-834,,0.0,1.0,0.9970247550495989,0.0,1.0,,,,0.9970247550495989,0.5,0.5002870630868406,0.003161162631884447,26
logistic_regression_tau_0_8,CWE-913,0.3347186147186147,0.24415584415584415,0.9939727140162857,0.9906492801300525,0.006027285983714244,0.7558441558441558,0.2783400207790452,0.2561941969627374,0.27631811550276975,0.9847776415541091,0.619064279086065,0.6143687425362148,0.13139764684857586,107
logistic_regression_tau_0_8,CWE-923,,0.0,1.0,0.9621190684325468,0.0,1.0,,,,0.9621190684325468,0.5,0.5,0.021698273675510128,331
logistic_regression_tau_0_9,CWE-116,,0.0,1.0,0.9933628747877409,0.0,1.0,,,,0.9933628747877409,0.5,0.501207994552951,0.004237903362410778,58
logistic_regression_tau_0_9,CWE-190,0.375,0.02857142857142857,0.9993015077079221,0.9844180323902257,0.0006984922920779795,0.9714285714285715,0.08673835125448028,0.05809814391050089,0.11145508122731246,0.9837484049127619,0.5139364681396753,0.5139364681396753,0.02644364776454114,140
logistic_regression_tau_0_9,CWE-191,,0.0,1.0,0.9894713742942963,0.0,1.0,,,,0.9894713742942963,0.5,0.5002892519043615,0.011213331738352116,92
logistic_regression_tau_0_9,CWE-20,,0.0,1.0,0.9610891800900709,0.0,1.0,,,,0.9610891800900709,0.5,0.5728689223474386,0.031211113766381304,340
logistic_regression_tau_0_9,CWE-269,,0.0,1.0,0.9900428049565541,0.0,1.0,,,,0.9900428049565541,0.5,0.5087276758673206,0.006978370731077464,87
logistic_regression_tau_0_9,CWE-285,,0.0,1.0,0.9666968119513619,0.0,1.0,,,,0.9666968119513619,0.5,0.5001214689564535,0.03754363945786177,291
logistic_regression_tau_0_9,CWE-287,0.8333333333333333,0.004812903225806452,0.9998770743700062,0.929012029843865,0.0001229256299938537,0.9951870967741936,0.023625,0.014970538939401819,0.09118284168508448,0.9289300329296291,0.5023449887979063,0.5342347792675199,0.07867970962644756,623
logistic_regression_tau_0_9,CWE-311,0.39191574093913273,0.4586080586080586,0.9670809104649155,0.974783514971554,0.03291908953508441,0.5413919413919415,0.42191517828848246,0.4429662688074962,0.3947860174720114,0.9446155709320843,0.7128444845364871,0.7190889239291658,0.2617383564068508,386
logistic_regression_tau_0_9,CWE-326,0.0,0.0,0.9956496851745851,0.9970113134559506,0.004350314825414997,1.0,,,-0.007965718212968001,0.9926860682286259,0.49782484258729254,0.5672909852816156,0.008951331804496202,26
logistic_regression_tau_0_9,CWE-327,0.719143343387117,0.7257142857142858,0.9879670192812607,0.9885519967422223,0.012032980718739303,0.2742857142857143,0.7206990827732105,0.7232612702550553,0.7099090603933742,0.9774600445908831,0.8568406524977732,0.8710914961443453,0.6680016986218458,350
logistic_regression_tau_0_9,CWE-330,0.9954545454545455,0.876,0.9998816568047337,0.9963628343537658,0.00011834319526627219,0.124,0.9313485246087334,0.8972132021624836,0.9317790948174126,0.9963378522068357,0.9379408284023668,0.9378716125833444,0.8846306738848826,250
logistic_regression_tau_0_9,CWE-345,0.5709956709956711,0.06037735849056604,0.9970767063857195,0.9426392588095245,0.0029232936142803427,0.939622641509434,0.10896274809140412,0.0734800668038779,0.1712377248621926,0.9402601045206845,0.5287270324381429,0.5293580881360436,0.08700328904162036,530
logistic_regression_tau_0_9,CWE-400,,0.0,1.0,0.9711604002190356,0.0,1.0,,,,0.9711604002190356,0.5,0.49792194939505696,0.020870731778353236,252
logistic_regression_tau_0_9,CWE-501,0.6343582887700535,0.7555555555555555,0.9953759521156236,0.9974510718457104,0.004624047884376441,0.24444444444444446,0.6863769889840882,0.7253228560984017,0.6871823718274396,0.9929050742194943,0.8754657538355894,0.8757030354575995,0.5334587484724145,90
logistic_regression_tau_0_9,CWE-610,0.6170363101859209,0.33696715583508036,0.9935054650223221,0.9793994944002865,0.006494534977677932,0.6630328441649196,0.43521759923481584,0.37034760357056523,0.44360180643455305,0.9734431129125923,0.6652363104287012,0.668769104381983,0.27564602650961134,267
logistic_regression_tau_0_9,CWE-662,0.0,0.0,0.9998847262247839,0.9892415658035377,0.00011527377521613833,1.0,,,-0.0024994019416464323,0.9891287765860308,0.49994236311239193,0.49994236311239193,0.008132643528177705,94
logistic_regression_tau_0_9,CWE-665,,0.0,1.0,0.9981691909293028,0.0,1.0,,,,0.9981691909293028,0.5,0.5028662045900859,0.0018483265939471063,16
logistic_regression_tau_0_9,CWE-668,,0.0,1.0,0.8744547811064708,0.0,1.0,,,,0.8744547811064708,0.5,0.529950471372628,0.0794033680621549,1097
logistic_regression_tau_0_9,CWE-704,,0.0,1.0,0.995308231395666,0.0,1.0,,,,0.995308231395666,0.5,0.5002876897395007,0.00552341600739124,41
logistic_regression_tau_0_9,CWE-705,,0.0,1.0,0.999427782060148,0.0,1.0,,,,0.999427782060148,0.5,0.6040375923006387,0.0008781178945321332,5
logistic_regression_tau_0_9,CWE-706,0.4813147008374533,0.4331638418079097,0.983648512461085,0.9800572247279418,0.016351487538915153,0.5668361581920903,0.4552851821837631,0.44160447783496687,0.4382170183413926,0.9648683692080864,0.7084061771344972,0.7082804710834003,0.27049531452372033,298
logistic_regression_tau_0_9,CWE-74,,0.0,1.0,0.8366883970762455,0.0,1.0,,,,0.8366883970762455,0.5,0.7454144401273076,0.47108573983964774,1427
logistic_regression_tau_0_9,CWE-754,,0.0,1.0,0.9973680053751964,0.0,1.0,,,,0.9973680053751964,0.5,0.5001148124164817,0.002439860642336829,23
logistic_regression_tau_0_9,CWE-807,,0.0,1.0,0.9974824254522229,0.0,1.0,,,,0.9974824254522229,0.5,0.5,0.0018129355392920317,22
logistic_regression_tau_0_9,CWE-834,,0.0,1.0,0.9970247550495989,0.0,1.0,,,,0.9970247550495989,0.5,0.5002870630868406,0.003161162631884447,26
logistic_regression_tau_0_9,CWE-913,0.3347186147186147,0.24415584415584415,0.9939727140162857,0.9906492801300525,0.006027285983714244,0.7558441558441558,0.2783400207790452,0.2561941969627374,0.27631811550276975,0.9847776415541091,0.619064279086065,0.6143687425362148,0.13139764684857586,107
logistic_regression_tau_0_9,CWE-923,,0.0,1.0,0.9621190684325468,0.0,1.0,,,,0.9621190684325468,0.5,0.5,0.021698273675510128,331
logistic_interactions_tau_0_1,CWE-116,0.006637125212259194,1.0,0.0,,1.0,0.0,0.013186589096853324,0.0323260680371054,,0.006637125212259194,0.5,0.501207994552951,0.004237903362410778,58
logistic_interactions_tau_0_1,CWE-190,0.016022102315853142,1.0,0.0,,1.0,0.0,0.0315388814301979,0.07528554419545819,,0.016022102315853142,0.5,0.5139364681396753,0.02644364776454114,140
logistic_interactions_tau_0_1,CWE-191,0.010528625705703665,1.0,0.0,,1.0,0.0,0.020837711032198718,0.05051435127396233,,0.010528625705703665,0.5,0.5002892519043615,0.011213331738352116,92
logistic_interactions_tau_0_1,CWE-20,0.03891081990992907,1.0,0.0,,1.0,0.0,0.0749069272096872,0.16835118577524574,,0.03891081990992907,0.5,0.5728689223474386,0.031211113766381304,340
logistic_interactions_tau_0_1,CWE-269,0.010132515827003663,1.0,0.01745535173464125,1.0,0.9825446482653588,0.0,0.02006156345565289,0.04868744540873746,0.013286628613431531,0.02723855009675515,0.5087276758673206,0.5087276758673206,0.006978370731077464,87
logistic_interactions_tau_0_1,CWE-285,0.033269080213960134,0.9966101694915255,0.002368556441601145,0.9705882352941176,0.9976314435583988,0.003389830508474576,0.06438846569170978,0.14674809347513623,-0.0024477557252719434,0.03547750144913254,0.49948936296656327,0.5001214689564535,0.03754363945786177,291
logistic_interactions_tau_0_1,CWE-287,0.07129866985874049,1.0,0.0,,1.0,0.0,0.13310672096662107,0.2773831570470438,,0.07129866985874049,0.5,0.5342347792675199,0.07867970962644756,623
logistic_interactions_tau_0_1,CWE-311,0.044175328905824096,1.0,0.0,,1.0,0.0,0.08461272120365193,0.18770738632231437,,0.044175328905824096,0.5,0.7190889239291658,0.2617383564068508,386
logistic_interactions_tau_0_1,CWE-326,0.002976032227995122,1.0,0.0,,1.0,0.0,0.0059342929476608386,0.014704034419137682,,0.002976032227995122,0.5,0.5672909852816156,0.008951331804496202,26
logistic_interactions_tau_0_1,CWE-327,0.04005525578963286,1.0,0.0,,1.0,0.0,0.07702522262961678,0.17261890834715615,,0.04005525578963286,0.5,0.8711579809721666,0.6702942744589964,350
logistic_interactions_tau_0_1,CWE-330,0.028610896992594902,1.0,0.0,,1.0,0.0,0.05563015291499478,0.12836394776977483,,0.028610896992594902,0.5,0.9378716125833444,0.8846306738848826,250
logistic_interactions_tau_0_1,CWE-345,0.06065510162430119,1.0,0.0,,1.0,0.0,0.11437285338661438,0.24406095518311818,,0.06065510162430119,0.5,0.5293580881360436,0.08700328904162036,530
logistic_interactions_tau_0_1,CWE-400,0.028839599780964405,1.0,0.0,,1.0,0.0,0.056062245949479575,0.12928292872746022,,0.028839599780964405,0.5,0.49792194939505696,0.020870731778353236,252
logistic_interactions_tau_0_1,CWE-501,0.010299922917334165,1.0,0.0,,1.0,0.0,0.020389830473830906,0.04946178835233929,,0.010299922917334165,0.5,0.8757030354575995,0.5334587484724145,90
logistic_interactions_tau_0_1,CWE-610,0.0305562536005201,1.0,0.0,,1.0,0.0,0.05930036931752686,0.13614032764120285,,0.0305562536005201,0.5,0.668769104381983,0.27564602650961134,267
logistic_interactions_tau_0_1,CWE-662,0.01075719832845043,1.0,0.0,,1.0,0.0,0.021285341992589486,0.051566363556829156,,0.01075719832845043,0.5,0.49994236311239193,0.008132643528177705,94
logistic_interactions_tau_0_1,CWE-665,0.0018308090706972465,1.0,0.0,,1.0,0.0,0.0036548249388115043,0.009086495736199383,,0.0018308090706972465,0.5,0.5028662045900859,0.0018483265939471063,16
logistic_interactions_tau_0_1,CWE-668,0.12554521889352926,1.0,0.0,,1.0,0.0,0.22308288399950532,0.4178743969494126,,0.12554521889352926,0.5,0.529950471372628,0.0794033680621549,1097
logistic_interactions_tau_0_1,CWE-704,0.0046917686043339984,1.0,0.0,,1.0,0.0,0.009339622078455685,0.023025785720466953,,0.0046917686043339984,0.5,0.5002876897395007,0.00552341600739124,41
logistic_interactions_tau_0_1,CWE-705,0.0007225113302200177,1.0,0.20807518460127733,1.0,0.7919248153987226,0.0,0.0014439792649630092,0.0036021452515834058,0.012260626171263982,0.20852833029899515,0.6040375923006387,0.6040375923006387,0.0008781178945321332,5
logistic_interactions_tau_0_1,CWE-706,0.034104503768367114,1.0,0.0,,1.0,0.0,0.06595929396591838,0.15005114500011635,,0.034104503768367114,0.5,0.7089782674332803,0.28818333338937424,298
logistic_interactions_tau_0_1,CWE-74,0.16331160292375452,1.0,0.0,,1.0,0.0,0.2807695541606191,0.4939096897723768,,0.16331160292375452,0.5,0.7452295611131767,0.4739541341363548,1427
logistic_interactions_tau_0_1,CWE-754,0.0026319946248035907,1.0,0.0,,1.0,0.0,0.005250016825459719,0.013021363928726442,,0.0026319946248035907,0.5,0.5001148124164817,0.002439860642336829,23
logistic_interactions_tau_0_1,CWE-807,0.002517574547777094,1.0,0.0,,1.0,0.0,0.00502235043089924,0.012460866400295915,,0.002517574547777094,0.5,0.5,0.0018129355392920317,22
logistic_interactions_tau_0_1,CWE-834,0.0029752449504010423,1.0,0.0,,1.0,0.0,0.005932738092245068,0.014700290915313557,,0.0029752449504010423,0.5,0.5002870630868406,0.003161162631884447,26
logistic_interactions_tau_0_1,CWE-913,0.012245279525259362,1.0,0.0,,1.0,0.0,0.02419414815148266,0.058366189878964046,,0.012245279525259362,0.5,0.6143687425362148,0.13139764684857586,107
logistic_interactions_tau_0_1,CWE-923,0.037880931567453216,1.0,0.0,,1.0,0.0,0.07299655234172898,0.16448082711710071,,0.037880931567453216,0.5,0.5,0.021698273675510128,331
logistic_interactions_tau_0_2,CWE-116,0.006642325237362759,1.0,0.0008078494329141839,1.0,0.9991921505670858,0.0,0.013196855575867167,0.03235077021589166,0.0029420913956991787,0.007439747955870208,0.5004039247164571,0.501207994552951,0.004237903362410778,58
logistic_interactions_tau_0_2,CWE-190,0.016022102315853142,1.0,0.0,,1.0,0.0,0.0315388814301979,0.07528554419545819,,0.016022102315853142,0.5,0.5139364681396753,0.02644364776454114,140
logistic_interactions_tau_0_2,CWE-191,0.010528625705703665,1.0,0.0,,1.0,0.0,0.020837711032198718,0.05051435127396233,,0.010528625705703665,0.5,0.5002892519043615,0.011213331738352116,92
logistic_interactions_tau_0_2,CWE-20,0.04554091759058877,0.9617647058823529,0.1839731388125242,0.9917526610273327,0.8160268611874757,0.03823529411764706,0.08696380312843092,0.19144288165667023,0.07371849213796913,0.21423795737257648,0.5728689223474386,0.5728689223474386,0.031211113766381304,340
logistic_interactions_tau_0_2,CWE-269,0.010132515827003663,1.0,0.01745535173464125,1.0,0.9825446482653588,0.0,0.02006156345565289,0.04868744540873746,0.013286628613431531,0.02723855009675515,0.5087276758673206,0.5087276758673206,0.006978370731077464,87
logistic_interactions_tau_0_2,CWE-285,0.033165981023511204,0.9931618936294564,0.0026044054982049185,0.8991596638655461,0.997395594501795,0.006838106370543542,0.06418818623199854,0.14628714860954706,-0.026301259129111108,0.03559152653465135,0.4978831495638307,0.5001214689564535,0.03754363945786177,291
logistic_interactions_tau_0_2,CWE-287,0.07129866985874049,1.0,0.0,,1.0,0.0,0.13310672096662107,0.2773831570470438,,0.07129866985874049,0.5,0.5342347792675199,0.07867970962644756,623
logistic_interactions_tau_0_2,CWE-311,0.044175328905824096,1.0,0.0,,1.0,0.0,0.08461272120365193,0.18770738632231437,,0.044175328905824096,0.5,0.7190889239291658,0.2617383564068508,386
logistic_interactions_tau_0_2,CWE-326,0.002976032227995122,1.0,0.0,,1.0,0.0,0.0059342929476608386,0.014704034419137682,,0.002976032227995122,0.5,0.5672909852816156,0.008951331804496202,26
logistic_interactions_tau_0_2,CWE-327,0.3049940052445267,0.8771428571428572,0.3951073985680191,0.9871812468331362,0.6048926014319809,0.12285714285714286,0.3251756386312259,0.3813812169612475,0.6850418561284816,0.41439660745057216,0.6361251278554381,0.8711579809721666,0.6702942744589964,350
logistic_interactions_tau_0_2,CWE-330,0.9183100570926659,0.876,0.9976438549964808,0.9963557985431917,0.0023561450035192786,0.124,0.8953475608005282,0.8833328448897906,0.8933035600580688,0.9941640576364259,0.9368219274982404,0.9378716125833444,0.8846306738848826,250
logistic_interactions_tau_0_2,CWE-345,0.06065510162430119,1.0,0.0,,1.0,0.0,0.11437285338661438,0.24406095518311818,,0.06065510162430119,0.5,0.5293580881360436,0.08700328904162036,530
logistic_interactions_tau_0_2,CWE-400,0.028839599780964405,1.0,0.0,,1.0,0.0,0.056062245949479575,0.12928292872746022,,0.028839599780964405,0.5,0.49792194939505696,0.020870731778353236,252
logistic_interactions_tau_0_2,CWE-501,0.39347259597949524,0.8222222222222222,0.597570225882478,0.9969108786162932,0.40242977411752207,0.17777777777777776,0.4121298004766835,0.43419228320693054,0.6712827467494965,0.5998768004391251,0.7098962240523501,0.8757030354575995,0.5334587484724145,90
logistic_interactions_tau_0_2,CWE-610,0.0305562536005201,1.0,0.0,,1.0,0.0,0.05930036931752686,0.13614032764120285,,0.0305562536005201,0.5,0.668769104381983,0.27564602650961134,267
logistic_interactions_tau_0_2,CWE-662,0.01075719832845043,1.0,0.0,,1.0,0.0,0.021285341992589486,0.051566363556829156,,0.01075719832845043,0.5,0.49994236311239193,0.008132643528177705,94
logistic_interactions_tau_0_2,CWE-665,0.0018416091310817888,1.0,0.005732409180171837,1.0,0.9942675908198282,0.0,0.003676342501474671,0.009139677644464671,0.003243654837687654,0.007552464228288909,0.5028662045900859,0.5028662045900859,0.0018483265939471063,16
logistic_interactions_tau_0_2,CWE-668,0.1309459271066353,0.9854088833540888,0.06045178773621658,0.9668373442566991,0.9395482122637834,0.014591116645911168,0.23115467836062784,0.4274249434026628,0.07531022840426968,0.17658174765398962,0.5229303355451527,0.529950471372628,0.0794033680621549,1097
logistic_interactions_tau_0_2,CWE-704,0.0046917686043339984,1.0,0.0,,1.0,0.0,0.009339622078455685,0.023025785720466953,,0.0046917686043339984,0.5,0.5002876897395007,0.00552341600739124,41
logistic_interactions_tau_0_2,CWE-705,0.0007225113302200177,1.0,0.20807518460127733,1.0,0.7919248153987226,0.0,0.0014439792649630092,0.0036021452515834058,0.012260626171263982,0.20852833029899515,0.6040375923006387,0.6040375923006387,0.0008781178945321332,5
logistic_interactions_tau_0_2,CWE-706,0.034104503768367114,1.0,0.0,,1.0,0.0,0.06595929396591838,0.15005114500011635,,0.034104503768367114,0.5,0.7089782674332803,0.28818333338937424,298
logistic_interactions_tau_0_2,CWE-74,0.16331160292375452,1.0,0.0,,1.0,0.0,0.2807695541606191,0.4939096897723768,,0.16331160292375452,0.5,0.7452295611131767,0.4739541341363548,1427
logistic_interactions_tau_0_2,CWE-754,0.0026319946248035907,1.0,0.0,,1.0,0.0,0.005250016825459719,0.013021363928726442,,0.0026319946248035907,0.5,0.5001148124164817,0.002439860642336829,23
logistic_interactions_tau_0_2,CWE-807,0.002517574547777094,1.0,0.0,,1.0,0.0,0.00502235043089924,0.012460866400295915,,0.002517574547777094,0.5,0.5,0.0018129355392920317,22
logistic_interactions_tau_0_2,CWE-834,0.0029752449504010423,1.0,0.0,,1.0,0.0,0.005932738092245068,0.014700290915313557,,0.0029752449504010423,0.5,0.5002870630868406,0.003161162631884447,26
logistic_interactions_tau_0_2,CWE-913,0.012245279525259362,1.0,0.0,,1.0,0.0,0.02419414815148266,0.058366189878964046,,0.012245279525259362,0.5,0.6143687425362148,0.13139764684857586,107
logistic_interactions_tau_0_2,CWE-923,0.037880931567453216,1.0,0.0,,1.0,0.0,0.07299655234172898,0.16448082711710071,,0.037880931567453216,0.5,0.5,0.021698273675510128,331
logistic_interactions_tau_0_3,CWE-116,0.00665330209090915,1.0,0.0024159891059020297,1.0,0.9975840108940979,0.0,0.013218511198718353,0.03240276249005254,0.0038625171733067025,0.009036880146870036,0.501207994552951,0.501207994552951,0.004237903362410778,58
logistic_interactions_tau_0_3,CWE-190,0.016022102315853142,1.0,0.0,,1.0,0.0,0.0315388814301979,0.07528554419545819,,0.016022102315853142,0.5,0.5139364681396753,0.02644364776454114,140
logistic_interactions_tau_0_3,CWE-191,0.01053472478637009,1.0,0.0005785038087229346,1.0,0.9994214961912771,0.0,0.02084965328155038,0.05054240393807615,0.003170174949541319,0.011100971105757019,0.5002892519043615,0.5002892519043615,0.011213331738352116,92
logistic_interactions_tau_0_3,CWE-20,0.04554091759058877,0.9617647058823529,0.1839731388125242,0.9917526610273327,0.8160268611874757,0.03823529411764706,0.08696380312843092,0.19144288165667023,0.07371849213796913,0.21423795737257648,0.5728689223474386,0.5728689223474386,0.031211113766381304,340
logistic_interactions_tau_0_3,CWE-269,0.010132515827003663,1.0,0.01745535173464125,1.0,0.9825446482653588,0.0,0.02006156345565289,0.04868744540873746,0.013286628613431531,0.02723855009675515,0.5087276758673206,0.5087276758673206,0.006978370731077464,87
logistic_interactions_tau_0_3,CWE-285,0.033165981023511204,0.9931618936294564,0.0026044054982049185,0.8991596638655461,0.997395594501795,0.006838106370543542,0.06418818623199854,0.14628714860954706,-0.026301259129111108,0.03559152653465135,0.4978831495638307,0.5001214689564535,0.03754363945786177,291
logistic_interactions_tau_0_3,CWE-287,0.07129866985874049,1.0,0.0,,1.0,0.0,0.13310672096662107,0.2773831570470438,,0.07129866985874049,0.5,0.5342347792675199,0.07867970962644756,623
logistic_interactions_tau_0_3,CWE-311,0.044175328905824096,1.0,0.0,,1.0,0.0,0.08461272120365193,0.18770738632231437,,0.044175328905824096,0.5,0.7190889239291658,0.2617383564068508,386
logistic_interactions_tau_0_3,CWE-326,0.002976032227995122,1.0,0.0,,1.0,0.0,0.0059342929476608386,0.014704034419137682,,0.002976032227995122,0.5,0.5672909852816156,0.008951331804496202,26
logistic_interactions_tau_0_3,CWE-327,0.6989365101725737,0.7514285714285714,0.9862990569559212,0.9895990157132009,0.013700943044078703,0.24857142857142858,0.7223535226864485,0.73900822939352,0.7118638882387297,0.9768883518081617,0.8688638141922465,0.8711579809721666,0.6702942744589964,350
logistic_interactions_tau_0_3,CWE-330,0.9492323232323232,0.876,0.9984690567559564,0.9963595222281331,0.0015309432440435155,0.124,0.9088114993239877,0.8883133241660062,0.9082321977522503,0.9949656354766185,0.9372345283779783,0.9378716125833444,0.8846306738848826,250
logistic_interactions_tau_0_3,CWE-345,0.06073173052965335,1.0,0.0013414699439361483,1.0,0.998658530056064,0.0,0.11450905608637493,0.24430891630709045,0.00998721661874456,0.061915129944651204,0.5006707349719681,0.5293580881360436,0.08700328904162036,530
logistic_interactions_tau_0_3,CWE-400,0.028731620336467412,0.996078431372549,0.00011799410029498524,0.5,0.9998820058997051,0.00392156862745098,0.055852053474556185,0.1287964337029775,-0.09467681418224341,0.028839599780964405,0.49809821273642196,0.49792194939505696,0.020870731778353236,252
logistic_interactions_tau_0_3,CWE-501,0.6343582887700535,0.7555555555555555,0.9953759521156236,0.9974510718457104,0.004624047884376441,0.24444444444444446,0.6863769889840882,0.7253228560984017,0.6871823718274396,0.9929050742194943,0.8754657538355894,0.8757030354575995,0.5334587484724145,90
logistic_interactions_tau_0_3,CWE-610,0.0305562536005201,1.0,0.0,,1.0,0.0,0.05930036931752686,0.13614032764120285,,0.0305562536005201,0.5,0.668769104381983,0.27564602650961134,267
logistic_interactions_tau_0_3,CWE-662,0.01075719832845043,1.0,0.0,,1.0,0.0,0.021285341992589486,0.051566363556829156,,0.01075719832845043,0.5,0.49994236311239193,0.008132643528177705,94
logistic_interactions_tau_0_3,CWE-665,0.0018416091310817888,1.0,0.005732409180171837,1.0,0.9942675908198282,0.0,0.003676342501474671,0.009139677644464671,0.003243654837687654,0.007552464228288909,0.5028662045900859,0.5028662045900859,0.0018483265939471063,16
logistic_interactions_tau_0_3,CWE-668,0.1326093013256053,0.9835907015359069,0.07631024120934896,0.970217842885034,0.923689758790651,0.016409298464092982,0.23370790414304174,0.43074282029007804,0.07845576588815771,0.1902129045841156,0.529950471372628,0.529950471372628,0.0794033680621549,1097
logistic_interactions_tau_0_3,CWE-704,0.004694395614857532,1.0,0.0005753794790013301,1.0,0.9994246205209987,0.0,0.009344828255731916,0.02303845197687328,0.002073085901499879,0.005264511701316317,0.5002876897395007,0.5002876897395007,0.00552341600739124,41
logistic_interactions_tau_0_3,CWE-705,0.0007225113302200177,1.0,0.20807518460127733,1.0,0.7919248153987226,0.0,0.0014439792649630092,0.0036021452515834058,0.012260626171263982,0.20852833029899515,0.6040375923006387,0.6040375923006387,0.0008781178945321332,5
logistic_interactions_tau_0_3,CWE-706,0.034155014448474616,1.0,0.0015385480481719528,1.0,0.998461451951828,0.0,0.06605379064152937,0.1502469209852352,0.006823227611233206,0.03559088473900462,0.5007692740240859,0.7089782674332803,0.28818333338937424,298
logistic_interactions_tau_0_3,CWE-74,0.16448662953136944,0.9887719298245614,0.0190865712338105,0.8974358974358975,0.9809134287661895,0.011228070175438597,0.28200851535617283,0.49368068538034554,0.05091766326016576,0.17746685406530704,0.5039292505291859,0.7452295611131767,0.4739541341363548,1427
logistic_interactions_tau_0_3,CWE-754,0.0026326503377842314,1.0,0.00022962483296342252,1.0,0.9997703751670365,0.0,0.005251320774304483,0.013024568671742967,0.0012821705689575087,0.0028609622390580376,0.5001148124164817,0.5001148124164817,0.002439860642336829,23
logistic_interactions_tau_0_3,CWE-807,0.002517574547777094,1.0,0.0,,1.0,0.0,0.00502235043089924,0.012460866400295915,,0.002517574547777094,0.5,0.5,0.0018129355392920317,22
logistic_interactions_tau_0_3,CWE-834,0.0029768853443711343,1.0,0.0005741261736810094,1.0,0.999425873826319,0.0,0.005936000168493105,0.014708308144613722,0.0016368168442753028,0.0035477277161378848,0.5002870630868406,0.5002870630868406,0.003161162631884447,26
logistic_interactions_tau_0_3,CWE-913,0.012245279525259362,1.0,0.0,,1.0,0.0,0.02419414815148266,0.058366189878964046,,0.012245279525259362,0.5,0.6143687425362148,0.13139764684857586,107
logistic_interactions_tau_0_3,CWE-923,0.037880931567453216,1.0,0.0,,1.0,0.0,0.07299655234172898,0.16448082711710071,,0.037880931567453216,0.5,0.5,0.021698273675510128,331
logistic_interactions_tau_0_4,CWE-116,0.00665330209090915,1.0,0.0024159891059020297,1.0,0.9975840108940979,0.0,0.013218511198718353,0.03240276249005254,0.0038625171733067025,0.009036880146870036,0.501207994552951,0.501207994552951,0.004237903362410778,58
logistic_interactions_tau_0_4,CWE-190,0.016022102315853142,1.0,0.0,,1.0,0.0,0.0315388814301979,0.07528554419545819,,0.016022102315853142,0.5,0.5139364681396753,0.02644364776454114,140
logistic_interactions_tau_0_4,CWE-191,0.01053472478637009,1.0,0.0005785038087229346,1.0,0.9994214961912771,0.0,0.02084965328155038,0.05054240393807615,0.003170174949541319,0.011100971105757019,0.5002892519043615,0.5002892519043615,0.011213331738352116,92
logistic_interactions_tau_0_4,CWE-20,0.04554091759058877,0.9617647058823529,0.1839731388125242,0.9917526610273327,0.8160268611874757,0.03823529411764706,0.08696380312843092,0.19144288165667023,0.07371849213796913,0.21423795737257648,0.5728689223474386,0.5728689223474386,0.031211113766381304,340
logistic_interactions_tau_0_4,CWE-269,0.010132515827003663,1.0,0.01745535173464125,1.0,0.9825446482653588,0.0,0.02006156345565289,0.04868744540873746,0.013286628613431531,0.02723855009675515,0.5087276758673206,0.5087276758673206,0.006978370731077464,87
logistic_interactions_tau_0_4,CWE-285,0.033383458831279314,0.9931618936294564,0.009347372158582114,0.979539641943734,0.9906526278414178,0.006838106370543542,0.06459552372831816,0.14713366324634727,0.005762775059523502,0.04211083754458687,0.5012546328940193,0.5001214689564535,0.03754363945786177,291
logistic_interactions_tau_0_4,CWE-287,0.07129866985874049,1.0,0.0,,1.0,0.0,0.13310672096662107,0.2773831570470438,,0.07129866985874049,0.5,0.5342347792675199,0.07867970962644756,623
logistic_interactions_tau_0_4,CWE-311,0.3541267186731977,0.47415917415917413,0.9600174813789009,0.9753139230901551,0.03998251862109918,0.5258408258408258,0.404797809278978,0.443506250564602,0.3779272451087289,0.938549478685154,0.7170883277690375,0.7190889239291658,0.2617383564068508,386
logistic_interactions_tau_0_4,CWE-326,0.002976032227995122,1.0,0.0,,1.0,0.0,0.0059342929476608386,0.014704034419137682,,0.002976032227995122,0.5,0.5672909852816156,0.008951331804496202,26
logistic_interactions_tau_0_4,CWE-327,0.6989365101725737,0.7514285714285714,0.9862990569559212,0.9895990157132009,0.013700943044078703,0.24857142857142858,0.7223535226864485,0.73900822939352,0.7118638882387297,0.9768883518081617,0.8688638141922465,0.8711579809721666,0.6702942744589964,350
logistic_interactions_tau_0_4,CWE-330,0.9954545454545455,0.876,0.9998816568047337,0.9963628343537658,0.00011834319526627219,0.124,0.9313485246087334,0.8972132021624836,0.9317790948174126,0.9963378522068357,0.9379408284023668,0.9378716125833444,0.8846306738848826,250
logistic_interactions_tau_0_4,CWE-345,0.06073173052965335,1.0,0.0013414699439361483,1.0,0.998658530056064,0.0,0.11450905608637493,0.24430891630709045,0.00998721661874456,0.061915129944651204,0.5006707349719681,0.5293580881360436,0.08700328904162036,530
logistic_interactions_tau_0_4,CWE-400,0.028731620336467412,0.996078431372549,0.00011799410029498524,0.5,0.9998820058997051,0.00392156862745098,0.055852053474556185,0.1287964337029775,-0.09467681418224341,0.028839599780964405,0.49809821273642196,0.49792194939505696,0.020870731778353236,252
logistic_interactions_tau_0_4,CWE-501,0.6343582887700535,0.7555555555555555,0.9953759521156236,0.9974510718457104,0.004624047884376441,0.24444444444444446,0.6863769889840882,0.7253228560984017,0.6871823718274396,0.9929050742194943,0.8754657538355894,0.8757030354575995,0.5334587484724145,90
logistic_interactions_tau_0_4,CWE-610,0.4647933295324972,0.45772187281621246,0.793972228623986,0.9788738329813755,0.20602777137601397,0.5422781271837875,0.34164394955130256,0.3093882337472443,0.41677286149102954,0.7835891228458861,0.6258470507200993,0.668769104381983,0.27564602650961134,267
logistic_interactions_tau_0_4,CWE-662,0.01075719832845043,1.0,0.0,,1.0,0.0,0.021285341992589486,0.051566363556829156,,0.01075719832845043,0.5,0.49994236311239193,0.008132643528177705,94
logistic_interactions_tau_0_4,CWE-665,0.0018416091310817888,1.0,0.005732409180171837,1.0,0.9942675908198282,0.0,0.003676342501474671,0.009139677644464671,0.003243654837687654,0.007552464228288909,0.5028662045900859,0.5028662045900859,0.0018483265939471063,16
logistic_interactions_tau_0_4,CWE-668,0.1326093013256053,0.9835907015359069,0.07631024120934896,0.970217842885034,0.923689758790651,0.016409298464092982,0.23370790414304174,0.43074282029007804,0.07845576588815771,0.1902129045841156,0.529950471372628,0.529950471372628,0.0794033680621549,1097
logistic_interactions_tau_0_4,CWE-704,0.004694395614857532,1.0,0.0005753794790013301,1.0,0.9994246205209987,0.0,0.009344828255731916,0.02303845197687328,0.002073085901499879,0.005264511701316317,0.5002876897395007,0.5002876897395007,0.00552341600739124,41
logistic_interactions_tau_0_4,CWE-705,0.0007225113302200177,1.0,0.20807518460127733,1.0,0.7919248153987226,0.0,0.0014439792649630092,0.0036021452515834058,0.012260626171263982,0.20852833029899515,0.6040375923006387,0.6040375923006387,0.0008781178945321332,5
logistic_interactions_tau_0_4,CWE-706,0.4813147008374533,0.4331638418079097,0.983648512461085,0.9800572247279418,0.016351487538915153,0.5668361581920903,0.4552851821837631,0.44160447783496687,0.4382170183413926,0.9648683692080864,0.7084061771344972,0.7089782674332803,0.28818333338937424,298
logistic_interactions_tau_0_4,CWE-74,0.5497211048975592,0.5711225616488774,0.9086405998091021,0.9156483498753787,0.09135940019089783,0.4288774383511226,0.5601960691450427,0.5666957935105527,0.47250575641074716,0.8535255650653799,0.7398815807289898,0.7452295611131767,0.4739541341363548,1427
logistic_interactions_tau_0_4,CWE-754,0.0026326503377842314,1.0,0.00022962483296342252,1.0,0.9997703751670365,0.0,0.005251320774304483,0.013024568671742967,0.0012821705689575087,0.0028609622390580376,0.5001148124164817,0.5001148124164817,0.002439860642336829,23
logistic_interactions_tau_0_4,CWE-807,0.002517574547777094,1.0,0.0,,1.0,0.0,0.00502235043089924,0.012460866400295915,,0.002517574547777094,0.5,0.5,0.0018129355392920317,22
logistic_interactions_tau_0_4,CWE-834,0.0029768853443711343,1.0,0.0005741261736810094,1.0,0.999425873826319,0.0,0.005936000168493105,0.014708308144613722,0.0016368168442753028,0.0035477277161378848,0.5002870630868406,0.5002870630868406,0.003161162631884447,26
logistic_interactions_tau_0_4,CWE-913,0.012245279525259362,1.0,0.0,,1.0,0.0,0.02419414815148266,0.058366189878964046,,0.012245279525259362,0.5,0.6143687425362148,0.13139764684857586,107
logistic_interactions_tau_0_4,CWE-923,0.037880931567453216,1.0,0.0,,1.0,0.0,0.07299655234172898,0.16448082711710071,,0.037880931567453216,0.5,0.5,0.021698273675510128,331
logistic_interactions_tau_0_5,CWE-116,0.00665330209090915,1.0,0.0024159891059020297,1.0,0.9975840108940979,0.0,0.013218511198718353,0.03240276249005254,0.0038625171733067025,0.009036880146870036,0.501207994552951,0.501207994552951,0.004237903362410778,58
logistic_interactions_tau_0_5,CWE-190,0.375,0.02857142857142857,0.9993015077079221,0.9844180323902257,0.0006984922920779795,0.9714285714285715,0.08673835125448028,0.05809814391050089,0.11145508122731246,0.9837484049127619,0.5139364681396753,0.5139364681396753,0.02644364776454114,140
logistic_interactions_tau_0_5,CWE-191,0.010556600007684158,0.4,0.6001154068090017,0.9921159695066556,0.3998845931909983,0.6,0.020892476820854218,0.05064293597737719,0.00250227159563079,0.5980283321674942,0.5000577034045008,0.5002892519043615,0.011213331738352116,92
logistic_interactions_tau_0_5,CWE-20,0.04554091759058877,0.9617647058823529,0.1839731388125242,0.9917526610273327,0.8160268611874757,0.03823529411764706,0.08696380312843092,0.19144288165667023,0.07371849213796913,0.21423795737257648,0.5728689223474386,0.5728689223474386,0.031211113766381304,340
logistic_interactions_tau_0_5,CWE-269,0.010132515827003663,1.0,0.01745535173464125,1.0,0.9825446482653588,0.0,0.02006156345565289,0.04868744540873746,0.013286628613431531,0.02723855009675515,0.5087276758673206,0.5087276758673206,0.006978370731077464,87
logistic_interactions_tau_0_5,CWE-285,0.033383458831279314,0.9931618936294564,0.009347372158582114,0.979539641943734,0.9906526278414178,0.006838106370543542,0.06459552372831816,0.14713366324634727,0.005762775059523502,0.04211083754458687,0.5012546328940193,0.5001214689564535,0.03754363945786177,291
logistic_interactions_tau_0_5,CWE-287,0.40728856624319415,0.07709677419354839,0.991373822791075,0.9332931115327993,0.008626177208924958,0.9229032258064516,0.12917843121494238,0.09190796258757424,0.15219058629375007,0.9261809978529895,0.5342352984923118,0.5342347792675199,0.07867970962644756,623
logistic_interactions_tau_0_5,CWE-311,0.3541267186731977,0.47415917415917413,0.9600174813789009,0.9753139230901551,0.03998251862109918,0.5258408258408258,0.404797809278978,0.443506250564602,0.3779272451087289,0.938549478685154,0.7170883277690375,0.7190889239291658,0.2617383564068508,386
logistic_interactions_tau_0_5,CWE-326,0.024577518695165754,0.15333333333333335,0.9809461371764808,0.9974315775162392,0.019053862823519164,0.8466666666666667,0.052893932617769826,0.09338384425583589,0.05430539275671007,0.9784850673642836,0.567139735254907,0.5672909852816156,0.008951331804496202,26
logistic_interactions_tau_0_5,CWE-327,0.7009888240558735,0.7514285714285714,0.9864183886981648,0.9896003693269935,0.013581611301835267,0.24857142857142858,0.7233869573369044,0.7394233698086603,0.7129536732662488,0.9770028993453896,0.8689234800633681,0.8711579809721666,0.6702942744589964,350
logistic_interactions_tau_0_5,CWE-330,0.9954545454545455,0.876,0.9998816568047337,0.9963628343537658,0.00011834319526627219,0.124,0.9313485246087334,0.8972132021624836,0.9317790948174126,0.9963378522068357,0.9379408284023668,0.9378716125833444,0.8846306738848826,250
logistic_interactions_tau_0_5,CWE-345,0.5709956709956711,0.06037735849056604,0.9970767063857195,0.9426392588095245,0.0029232936142803427,0.939622641509434,0.10896274809140412,0.0734800668038779,0.1712377248621926,0.9402601045206845,0.5287270324381429,0.5293580881360436,0.08700328904162036,530
logistic_interactions_tau_0_5,CWE-400,0.0,0.0,0.9996474733172699,0.9711504943144416,0.0003525266827301256,1.0,,,-0.004972479727114764,0.9708180646312338,0.49982373665863494,0.49792194939505696,0.020870731778353236,252
logistic_interactions_tau_0_5,CWE-501,0.6343582887700535,0.7555555555555555,0.9953759521156236,0.9974510718457104,0.004624047884376441,0.24444444444444446,0.6863769889840882,0.7253228560984017,0.6871823718274396,0.9929050742194943,0.8754657538355894,0.8757030354575995,0.5334587484724145,90
logistic_interactions_tau_0_5,CWE-610,0.5940441176470588,0.3445143256464011,0.9926788717750735,0.9796106942920773,0.007321128224926374,0.6554856743535988,0.43565892324873723,0.37592587776051045,0.4395751169996499,0.9728707648071175,0.6685965987107373,0.668769104381983,0.27564602650961134,267
logistic_interactions_tau_0_5,CWE-662,0.005441008018327606,0.2,0.7998847262247839,0.9892724612635859,0.20011527377521615,0.8,0.02152974504249292,0.05214050493962678,-0.0024994019416464323,0.7934815830006928,0.49994236311239193,0.49994236311239193,0.008132643528177705,94
logistic_interactions_tau_0_5,CWE-665,0.0018416091310817888,1.0,0.005732409180171837,1.0,0.9942675908198282,0.0,0.003676342501474671,0.009139677644464671,0.003243654837687654,0.007552464228288909,0.5028662045900859,0.5028662045900859,0.0018483265939471063,16
logistic_interactions_tau_0_5,CWE-668,0.1326093013256053,0.9835907015359069,0.07631024120934896,0.970217842885034,0.923689758790651,0.016409298464092982,0.23370790414304174,0.43074282029007804,0.07845576588815771,0.1902129045841156,0.529950471372628,0.529950471372628,0.0794033680621549,1097
logistic_interactions_tau_0_5,CWE-704,0.004768516454846435,0.6,0.40046030468038224,0.997709049255441,0.5995396953196177,0.4,0.009491641313620791,0.023395074658107407,0.002297560854267327,0.40148444297279406,0.5002301523401911,0.5002876897395007,0.00552341600739124,41
logistic_interactions_tau_0_5,CWE-705,0.0007225113302200177,1.0,0.20807518460127733,1.0,0.7919248153987226,0.0,0.0014439792649630092,0.0036021452515834058,0.012260626171263982,0.20852833029899515,0.6040375923006387,0.6040375923006387,0.0008781178945321332,5
logistic_interactions_tau_0_5,CWE-706,0.4813147008374533,0.4331638418079097,0.983648512461085,0.9800572247279418,0.016351487538915153,0.5668361581920903,0.4552851821837631,0.44160447783496687,0.4382170183413926,0.9648683692080864,0.7084061771344972,0.7089782674332803,0.28818333338937424,298
logistic_interactions_tau_0_5,CWE-74,0.5497211048975592,0.5711225616488774,0.9086405998091021,0.9156483498753787,0.09135940019089783,0.4288774383511226,0.5601960691450427,0.5666957935105527,0.47250575641074716,0.8535255650653799,0.7398815807289898,0.7452295611131767,0.4739541341363548,1427
logistic_interactions_tau_0_5,CWE-754,0.0025777496022074712,0.8,0.20011527377521615,0.9985746864310148,0.7998847262247839,0.2,0.005142080433182082,0.012755612136915031,0.0012873169025506338,0.20160668629835107,0.5000576368876081,0.5001148124164817,0.002439860642336829,23
logistic_interactions_tau_0_5,CWE-807,0.0028538812785388126,0.2,0.8,0.9975665021349134,0.2,0.8,0.005691519635742743,0.014108352144469526,,0.7986239779636384,0.5,0.5,0.0018129355392920317,22
logistic_interactions_tau_0_5,CWE-834,0.0028538812785388126,0.2,0.8002287021154946,0.997594880477193,0.19977129788450543,0.8,0.005691519635742743,0.014108352144469526,0.001806500326283073,0.7983930560758247,0.5001143510577473,0.5002870630868406,0.003161162631884447,26
logistic_interactions_tau_0_5,CWE-913,0.3347186147186147,0.24415584415584415,0.9939727140162857,0.9906492801300525,0.006027285983714244,0.7558441558441558,0.2783400207790452,0.2561941969627374,0.27631811550276975,0.9847776415541091,0.619064279086065,0.6143687425362148,0.13139764684857586,107
logistic_interactions_tau_0_5,CWE-923,0.037880931567453216,1.0,0.0,,1.0,0.0,0.07299655234172898,0.16448082711710071,,0.037880931567453216,0.5,0.5,0.021698273675510128,331
logistic_interactions_tau_0_6,CWE-116,,0.0,1.0,0.9933628747877409,0.0,1.0,,,,0.9933628747877409,0.5,0.501207994552951,0.004237903362410778,58
logistic_interactions_tau_0_6,CWE-190,0.375,0.02857142857142857,0.9993015077079221,0.9844180323902257,0.0006984922920779795,0.9714285714285715,0.08673835125448028,0.05809814391050089,0.11145508122731246,0.9837484049127619,0.5139364681396753,0.5139364681396753,0.02644364776454114,140
logistic_interactions_tau_0_6,CWE-191,,0.0,1.0,0.9894713742942963,0.0,1.0,,,,0.9894713742942963,0.5,0.5002892519043615,0.011213331738352116,92
logistic_interactions_tau_0_6,CWE-20,,0.0,1.0,0.9610891800900709,0.0,1.0,,,,0.9610891800900709,0.5,0.5728689223474386,0.031211113766381304,340
logistic_interactions_tau_0_6,CWE-269,,0.0,1.0,0.9900428049565541,0.0,1.0,,,,0.9900428049565541,0.5,0.5087276758673206,0.006978370731077464,87
logistic_interactions_tau_0_6,CWE-285,0.0,0.0,0.9991676575505352,0.9666698836959282,0.0008323424494649228,1.0,,,-0.01180186764159281,0.9658922142502127,0.4995838287752676,0.5001214689564535,0.03754363945786177,291
logistic_interactions_tau_0_6,CWE-287,0.40728856624319415,0.07709677419354839,0.991373822791075,0.9332931115327993,0.008626177208924958,0.9229032258064516,0.12917843121494238,0.09190796258757424,0.15219058629375007,0.9261809978529895,0.5342352984923118,0.5342347792675199,0.07867970962644756,623
logistic_interactions_tau_0_6,CWE-311,0.3541267186731977,0.47415917415917413,0.9600174813789009,0.9753139230901551,0.03998251862109918,0.5258408258408258,0.404797809278978,0.443506250564602,0.3779272451087289,0.938549478685154,0.7170883277690375,0.7190889239291658,0.2617383564068508,386
logistic_interactions_tau_0_6,CWE-326,0.024577518695165754,0.15333333333333335,0.9809461371764808,0.9974315775162392,0.019053862823519164,0.8466666666666667,0.052893932617769826,0.09338384425583589,0.05430539275671007,0.9784850673642836,0.567139735254907,0.5672909852816156,0.008951331804496202,26
logistic_interactions_tau_0_6,CWE-327,0.7009888240558735,0.7514285714285714,0.9864183886981648,0.9896003693269935,0.013581611301835267,0.24857142857142858,0.7233869573369044,0.7394233698086603,0.7129536732662488,0.9770028993453896,0.8689234800633681,0.8711579809721666,0.6702942744589964,350
logistic_interactions_tau_0_6,CWE-330,0.9954545454545455,0.876,0.9998816568047337,0.9963628343537658,0.00011834319526627219,0.124,0.9313485246087334,0.8972132021624836,0.9317790948174126,0.9963378522068357,0.9379408284023668,0.9378716125833444,0.8846306738848826,250
logistic_interactions_tau_0_6,CWE-345,0.5709956709956711,0.06037735849056604,0.9970767063857195,0.9426392588095245,0.0029232936142803427,0.939622641509434,0.10896274809140412,0.0734800668038779,0.1712377248621926,0.9402601045206845,0.5287270324381429,0.5293580881360436,0.08700328904162036,530
logistic_interactions_tau_0_6,CWE-400,0.0,0.0,0.9996474733172699,0.9711504943144416,0.0003525266827301256,1.0,,,-0.004972479727114764,0.9708180646312338,0.49982373665863494,0.49792194939505696,0.020870731778353236,252
logistic_interactions_tau_0_6,CWE-501,0.6343582887700535,0.7555555555555555,0.9953759521156236,0.9974510718457104,0.004624047884376441,0.24444444444444446,0.6863769889840882,0.7253228560984017,0.6871823718274396,0.9929050742194943,0.8754657538355894,0.8757030354575995,0.5334587484724145,90
logistic_interactions_tau_0_6,CWE-610,0.5940441176470588,0.3445143256464011,0.9926788717750735,0.9796106942920773,0.007321128224926374,0.6554856743535988,0.43565892324873723,0.37592587776051045,0.4395751169996499,0.9728707648071175,0.6685965987107373,0.668769104381983,0.27564602650961134,267
logistic_interactions_tau_0_6,CWE-662,0.0,0.0,0.9998847262247839,0.9892415658035377,0.00011527377521613833,1.0,,,-0.0024994019416464323,0.9891287765860308,0.49994236311239193,0.49994236311239193,0.008132643528177705,94
logistic_interactions_tau_0_6,CWE-665,,0.0,1.0,0.9981691909293028,0.0,1.0,,,,0.9981691909293028,0.5,0.5028662045900859,0.0018483265939471063,16
logistic_interactions_tau_0_6,CWE-668,,0.0,1.0,0.8744547811064708,0.0,1.0,,,,0.8744547811064708,0.5,0.529950471372628,0.0794033680621549,1097
logistic_interactions_tau_0_6,CWE-704,,0.0,1.0,0.995308231395666,0.0,1.0,,,,0.995308231395666,0.5,0.5002876897395007,0.00552341600739124,41
logistic_interactions_tau_0_6,CWE-705,,0.0,1.0,0.999427782060148,0.0,1.0,,,,0.999427782060148,0.5,0.6040375923006387,0.0008781178945321332,5
logistic_interactions_tau_0_6,CWE-706,0.4813147008374533,0.4331638418079097,0.983648512461085,0.9800572247279418,0.016351487538915153,0.5668361581920903,0.4552851821837631,0.44160447783496687,0.4382170183413926,0.9648683692080864,0.7084061771344972,0.7089782674332803,0.28818333338937424,298
logistic_interactions_tau_0_6,CWE-74,0.5497211048975592,0.5711225616488774,0.9086405998091021,0.9156483498753787,0.09135940019089783,0.4288774383511226,0.5601960691450427,0.5666957935105527,0.47250575641074716,0.8535255650653799,0.7398815807289898,0.7452295611131767,0.4739541341363548,1427
logistic_interactions_tau_0_6,CWE-754,,0.0,1.0,0.9973680053751964,0.0,1.0,,,,0.9973680053751964,0.5,0.5001148124164817,0.002439860642336829,23
logistic_interactions_tau_0_6,CWE-807,,0.0,1.0,0.9974824254522229,0.0,1.0,,,,0.9974824254522229,0.5,0.5,0.0018129355392920317,22
logistic_interactions_tau_0_6,CWE-834,,0.0,1.0,0.9970247550495989,0.0,1.0,,,,0.9970247550495989,0.5,0.5002870630868406,0.003161162631884447,26
logistic_interactions_tau_0_6,CWE-913,0.3347186147186147,0.24415584415584415,0.9939727140162857,0.9906492801300525,0.006027285983714244,0.7558441558441558,0.2783400207790452,0.2561941969627374,0.27631811550276975,0.9847776415541091,0.619064279086065,0.6143687425362148,0.13139764684857586,107
logistic_interactions_tau_0_6,CWE-923,,0.0,1.0,0.9621190684325468,0.0,1.0,,,,0.9621190684325468,0.5,0.5,0.021698273675510128,331
logistic_interactions_tau_0_7,CWE-116,,0.0,1.0,0.9933628747877409,0.0,1.0,,,,0.9933628747877409,0.5,0.501207994552951,0.004237903362410778,58
logistic_interactions_tau_0_7,CWE-190,0.375,0.02857142857142857,0.9993015077079221,0.9844180323902257,0.0006984922920779795,0.9714285714285715,0.08673835125448028,0.05809814391050089,0.11145508122731246,0.9837484049127619,0.5139364681396753,0.5139364681396753,0.02644364776454114,140
logistic_interactions_tau_0_7,CWE-191,,0.0,1.0,0.9894713742942963,0.0,1.0,,,,0.9894713742942963,0.5,0.5002892519043615,0.011213331738352116,92
logistic_interactions_tau_0_7,CWE-20,,0.0,1.0,0.9610891800900709,0.0,1.0,,,,0.9610891800900709,0.5,0.5728689223474386,0.031211113766381304,340
logistic_interactions_tau_0_7,CWE-269,,0.0,1.0,0.9900428049565541,0.0,1.0,,,,0.9900428049565541,0.5,0.5087276758673206,0.006978370731077464,87
logistic_interactions_tau_0_7,CWE-285,,0.0,1.0,0.9666968119513619,0.0,1.0,,,,0.9666968119513619,0.5,0.5001214689564535,0.03754363945786177,291
logistic_interactions_tau_0_7,CWE-287,0.40728856624319415,0.07709677419354839,0.991373822791075,0.9332931115327993,0.008626177208924958,0.9229032258064516,0.12917843121494238,0.09190796258757424,0.15219058629375007,0.9261809978529895,0.5342352984923118,0.5342347792675199,0.07867970962644756,623
logistic_interactions_tau_0_7,CWE-311,0.38067924634129363,0.4586080586080586,0.9655174708978681,0.9747442878849931,0.03448252910213192,0.5413919413919415,0.41531200368530785,0.4400331661112979,0.3879574969251638,0.9431213180585211,0.7120627647529634,0.7190889239291658,0.2617383564068508,386
logistic_interactions_tau_0_7,CWE-326,0.024577518695165754,0.15333333333333335,0.9809461371764808,0.9974315775162392,0.019053862823519164,0.8466666666666667,0.052893932617769826,0.09338384425583589,0.05430539275671007,0.9784850673642836,0.567139735254907,0.5672909852816156,0.008951331804496202,26
logistic_interactions_tau_0_7,CWE-327,0.7009888240558735,0.7514285714285714,0.9864183886981648,0.9896003693269935,0.013581611301835267,0.24857142857142858,0.7233869573369044,0.7394233698086603,0.7129536732662488,0.9770028993453896,0.8689234800633681,0.8711579809721666,0.6702942744589964,350
logistic_interactions_tau_0_7,CWE-330,0.9954545454545455,0.876,0.9998816568047337,0.9963628343537658,0.00011834319526627219,0.124,0.9313485246087334,0.8972132021624836,0.9317790948174126,0.9963378522068357,0.9379408284023668,0.9378716125833444,0.8846306738848826,250
logistic_interactions_tau_0_7,CWE-345,0.5709956709956711,0.06037735849056604,0.9970767063857195,0.9426392588095245,0.0029232936142803427,0.939622641509434,0.10896274809140412,0.0734800668038779,0.1712377248621926,0.9402601045206845,0.5287270324381429,0.5293580881360436,0.08700328904162036,530
logistic_interactions_tau_0_7,CWE-400,0.0,0.0,0.9996474733172699,0.9711504943144416,0.0003525266827301256,1.0,,,-0.004972479727114764,0.9708180646312338,0.49982373665863494,0.49792194939505696,0.020870731778353236,252
logistic_interactions_tau_0_7,CWE-501,0.6343582887700535,0.7555555555555555,0.9953759521156236,0.9974510718457104,0.004624047884376441,0.24444444444444446,0.6863769889840882,0.7253228560984017,0.6871823718274396,0.9929050742194943,0.8754657538355894,0.8757030354575995,0.5334587484724145,90
logistic_interactions_tau_0_7,CWE-610,0.5940441176470588,0.3445143256464011,0.9926788717750735,0.9796106942920773,0.007321128224926374,0.6554856743535988,0.43565892324873723,0.37592587776051045,0.4395751169996499,0.9728707648071175,0.6685965987107373,0.668769104381983,0.27564602650961134,267
logistic_interactions_tau_0_7,CWE-662,0.0,0.0,0.9998847262247839,0.9892415658035377,0.00011527377521613833,1.0,,,-0.0024994019416464323,0.9891287765860308,0.49994236311239193,0.49994236311239193,0.008132643528177705,94
logistic_interactions_tau_0_7,CWE-665,,0.0,1.0,0.9981691909293028,0.0,1.0,,,,0.9981691909293028,0.5,0.5028662045900859,0.0018483265939471063,16
logistic_interactions_tau_0_7,CWE-668,,0.0,1.0,0.8744547811064708,0.0,1.0,,,,0.8744547811064708,0.5,0.529950471372628,0.0794033680621549,1097
logistic_interactions_tau_0_7,CWE-704,,0.0,1.0,0.995308231395666,0.0,1.0,,,,0.995308231395666,0.5,0.5002876897395007,0.00552341600739124,41
logistic_interactions_tau_0_7,CWE-705,,0.0,1.0,0.999427782060148,0.0,1.0,,,,0.999427782060148,0.5,0.6040375923006387,0.0008781178945321332,5
logistic_interactions_tau_0_7,CWE-706,0.4813147008374533,0.4331638418079097,0.983648512461085,0.9800572247279418,0.016351487538915153,0.5668361581920903,0.4552851821837631,0.44160447783496687,0.4382170183413926,0.9648683692080864,0.7084061771344972,0.7089782674332803,0.28818333338937424,298
logistic_interactions_tau_0_7,CWE-74,0.5497211048975592,0.5711225616488774,0.9086405998091021,0.9156483498753787,0.09135940019089783,0.4288774383511226,0.5601960691450427,0.5666957935105527,0.47250575641074716,0.8535255650653799,0.7398815807289898,0.7452295611131767,0.4739541341363548,1427
logistic_interactions_tau_0_7,CWE-754,,0.0,1.0,0.9973680053751964,0.0,1.0,,,,0.9973680053751964,0.5,0.5001148124164817,0.002439860642336829,23
logistic_interactions_tau_0_7,CWE-807,,0.0,1.0,0.9974824254522229,0.0,1.0,,,,0.9974824254522229,0.5,0.5,0.0018129355392920317,22
logistic_interactions_tau_0_7,CWE-834,,0.0,1.0,0.9970247550495989,0.0,1.0,,,,0.9970247550495989,0.5,0.5002870630868406,0.003161162631884447,26
logistic_interactions_tau_0_7,CWE-913,0.3347186147186147,0.24415584415584415,0.9939727140162857,0.9906492801300525,0.006027285983714244,0.7558441558441558,0.2783400207790452,0.2561941969627374,0.27631811550276975,0.9847776415541091,0.619064279086065,0.6143687425362148,0.13139764684857586,107
logistic_interactions_tau_0_7,CWE-923,,0.0,1.0,0.9621190684325468,0.0,1.0,,,,0.9621190684325468,0.5,0.5,0.021698273675510128,331
logistic_interactions_tau_0_8,CWE-116,,0.0,1.0,0.9933628747877409,0.0,1.0,,,,0.9933628747877409,0.5,0.501207994552951,0.004237903362410778,58
logistic_interactions_tau_0_8,CWE-190,0.375,0.02857142857142857,0.9993015077079221,0.9844180323902257,0.0006984922920779795,0.9714285714285715,0.08673835125448028,0.05809814391050089,0.11145508122731246,0.9837484049127619,0.5139364681396753,0.5139364681396753,0.02644364776454114,140
logistic_interactions_tau_0_8,CWE-191,,0.0,1.0,0.9894713742942963,0.0,1.0,,,,0.9894713742942963,0.5,0.5002892519043615,0.011213331738352116,92
logistic_interactions_tau_0_8,CWE-20,,0.0,1.0,0.9610891800900709,0.0,1.0,,,,0.9610891800900709,0.5,0.5728689223474386,0.031211113766381304,340
logistic_interactions_tau_0_8,CWE-269,,0.0,1.0,0.9900428049565541,0.0,1.0,,,,0.9900428049565541,0.5,0.5087276758673206,0.006978370731077464,87
logistic_interactions_tau_0_8,CWE-285,,0.0,1.0,0.9666968119513619,0.0,1.0,,,,0.9666968119513619,0.5,0.5001214689564535,0.03754363945786177,291
logistic_interactions_tau_0_8,CWE-287,0.40728856624319415,0.07709677419354839,0.991373822791075,0.9332931115327993,0.008626177208924958,0.9229032258064516,0.12917843121494238,0.09190796258757424,0.15219058629375007,0.9261809978529895,0.5342352984923118,0.5342347792675199,0.07867970962644756,623
logistic_interactions_tau_0_8,CWE-311,0.39191574093913273,0.4586080586080586,0.9670809104649155,0.974783514971554,0.03291908953508441,0.5413919413919415,0.42191517828848246,0.4429662688074962,0.3947860174720114,0.9446155709320843,0.7128444845364871,0.7190889239291658,0.2617383564068508,386
logistic_interactions_tau_0_8,CWE-326,0.024577518695165754,0.15333333333333335,0.9809461371764808,0.9974315775162392,0.019053862823519164,0.8466666666666667,0.052893932617769826,0.09338384425583589,0.05430539275671007,0.9784850673642836,0.567139735254907,0.5672909852816156,0.008951331804496202,26
logistic_interactions_tau_0_8,CWE-327,0.7009888240558735,0.7514285714285714,0.9864183886981648,0.9896003693269935,0.013581611301835267,0.24857142857142858,0.7233869573369044,0.7394233698086603,0.7129536732662488,0.9770028993453896,0.8689234800633681,0.8711579809721666,0.6702942744589964,350
logistic_interactions_tau_0_8,CWE-330,0.9954545454545455,0.876,0.9998816568047337,0.9963628343537658,0.00011834319526627219,0.124,0.9313485246087334,0.8972132021624836,0.9317790948174126,0.9963378522068357,0.9379408284023668,0.9378716125833444,0.8846306738848826,250
logistic_interactions_tau_0_8,CWE-345,0.5709956709956711,0.06037735849056604,0.9970767063857195,0.9426392588095245,0.0029232936142803427,0.939622641509434,0.10896274809140412,0.0734800668038779,0.1712377248621926,0.9402601045206845,0.5287270324381429,0.5293580881360436,0.08700328904162036,530
logistic_interactions_tau_0_8,CWE-400,0.0,0.0,0.9996474733172699,0.9711504943144416,0.0003525266827301256,1.0,,,-0.004972479727114764,0.9708180646312338,0.49982373665863494,0.49792194939505696,0.020870731778353236,252
logistic_interactions_tau_0_8,CWE-501,0.6343582887700535,0.7555555555555555,0.9953759521156236,0.9974510718457104,0.004624047884376441,0.24444444444444446,0.6863769889840882,0.7253228560984017,0.6871823718274396,0.9929050742194943,0.8754657538355894,0.8757030354575995,0.5334587484724145,90
logistic_interactions_tau_0_8,CWE-610,0.60025,0.33696715583508036,0.9930335569614785,0.9793899535433113,0.0069664430385214995,0.6630328441649196,0.4309720727741923,0.36911286456916254,0.43700497728307164,0.9729857073358532,0.6650003563982795,0.668769104381983,0.27564602650961134,267
logistic_interactions_tau_0_8,CWE-662,0.0,0.0,0.9998847262247839,0.9892415658035377,0.00011527377521613833,1.0,,,-0.0024994019416464323,0.9891287765860308,0.49994236311239193,0.49994236311239193,0.008132643528177705,94
logistic_interactions_tau_0_8,CWE-665,,0.0,1.0,0.9981691909293028,0.0,1.0,,,,0.9981691909293028,0.5,0.5028662045900859,0.0018483265939471063,16
logistic_interactions_tau_0_8,CWE-668,,0.0,1.0,0.8744547811064708,0.0,1.0,,,,0.8744547811064708,0.5,0.529950471372628,0.0794033680621549,1097
logistic_interactions_tau_0_8,CWE-704,,0.0,1.0,0.995308231395666,0.0,1.0,,,,0.995308231395666,0.5,0.5002876897395007,0.00552341600739124,41
logistic_interactions_tau_0_8,CWE-705,,0.0,1.0,0.999427782060148,0.0,1.0,,,,0.999427782060148,0.5,0.6040375923006387,0.0008781178945321332,5
logistic_interactions_tau_0_8,CWE-706,0.4813147008374533,0.4331638418079097,0.983648512461085,0.9800572247279418,0.016351487538915153,0.5668361581920903,0.4552851821837631,0.44160447783496687,0.4382170183413926,0.9648683692080864,0.7084061771344972,0.7089782674332803,0.28818333338937424,298
logistic_interactions_tau_0_8,CWE-74,0.6473960353261842,0.43518586676481413,0.9537604016796033,0.8964002411736445,0.046239598320396744,0.5648141332351859,0.5203618519650426,0.4656577260687439,0.45985290925513767,0.8690762335411385,0.6944731342222087,0.7452295611131767,0.4739541341363548,1427
logistic_interactions_tau_0_8,CWE-754,,0.0,1.0,0.9973680053751964,0.0,1.0,,,,0.9973680053751964,0.5,0.5001148124164817,0.002439860642336829,23
logistic_interactions_tau_0_8,CWE-807,,0.0,1.0,0.9974824254522229,0.0,1.0,,,,0.9974824254522229,0.5,0.5,0.0018129355392920317,22
logistic_interactions_tau_0_8,CWE-834,,0.0,1.0,0.9970247550495989,0.0,1.0,,,,0.9970247550495989,0.5,0.5002870630868406,0.003161162631884447,26
logistic_interactions_tau_0_8,CWE-913,0.3347186147186147,0.24415584415584415,0.9939727140162857,0.9906492801300525,0.006027285983714244,0.7558441558441558,0.2783400207790452,0.2561941969627374,0.27631811550276975,0.9847776415541091,0.619064279086065,0.6143687425362148,0.13139764684857586,107
logistic_interactions_tau_0_8,CWE-923,,0.0,1.0,0.9621190684325468,0.0,1.0,,,,0.9621190684325468,0.5,0.5,0.021698273675510128,331
logistic_interactions_tau_0_9,CWE-116,,0.0,1.0,0.9933628747877409,0.0,1.0,,,,0.9933628747877409,0.5,0.501207994552951,0.004237903362410778,58
logistic_interactions_tau_0_9,CWE-190,0.375,0.02857142857142857,0.9993015077079221,0.9844180323902257,0.0006984922920779795,0.9714285714285715,0.08673835125448028,0.05809814391050089,0.11145508122731246,0.9837484049127619,0.5139364681396753,0.5139364681396753,0.02644364776454114,140
logistic_interactions_tau_0_9,CWE-191,,0.0,1.0,0.9894713742942963,0.0,1.0,,,,0.9894713742942963,0.5,0.5002892519043615,0.011213331738352116,92
logistic_interactions_tau_0_9,CWE-20,,0.0,1.0,0.9610891800900709,0.0,1.0,,,,0.9610891800900709,0.5,0.5728689223474386,0.031211113766381304,340
logistic_interactions_tau_0_9,CWE-269,,0.0,1.0,0.9900428049565541,0.0,1.0,,,,0.9900428049565541,0.5,0.5087276758673206,0.006978370731077464,87
logistic_interactions_tau_0_9,CWE-285,,0.0,1.0,0.9666968119513619,0.0,1.0,,,,0.9666968119513619,0.5,0.5001214689564535,0.03754363945786177,291
logistic_interactions_tau_0_9,CWE-287,0.8333333333333333,0.004812903225806452,0.9998770743700062,0.929012029843865,0.0001229256299938537,0.9951870967741936,0.023625,0.014970538939401819,0.09118284168508448,0.9289300329296291,0.5023449887979063,0.5342347792675199,0.07867970962644756,623
logistic_interactions_tau_0_9,CWE-311,0.39191574093913273,0.4586080586080586,0.9670809104649155,0.974783514971554,0.03291908953508441,0.5413919413919415,0.42191517828848246,0.4429662688074962,0.3947860174720114,0.9446155709320843,0.7128444845364871,0.7190889239291658,0.2617383564068508,386
logistic_interactions_tau_0_9,CWE-326,0.0,0.0,0.9956496851745851,0.9970113134559506,0.004350314825414997,1.0,,,-0.007965718212968001,0.9926860682286259,0.49782484258729254,0.5672909852816156,0.008951331804496202,26
logistic_interactions_tau_0_9,CWE-327,0.7351632438846295,0.7257142857142858,0.9888023414769649,0.9885638662035818,0.011197658523035246,0.2742857142857143,0.7279309749686063,0.725990546403555,0.7179878348703916,0.9782618773514787,0.8572583135956252,0.8711579809721666,0.6702942744589964,350
logistic_interactions_tau_0_9,CWE-330,0.9954545454545455,0.8719999999999999,0.9998816568047337,0.9962462179559382,0.00011834319526627219,0.128,0.9290607186146816,0.8938400658203125,0.929584427961258,0.996223696955694,0.9359408284023669,0.9378716125833444,0.8846306738848826,250
logistic_interactions_tau_0_9,CWE-345,0.5709956709956711,0.06037735849056604,0.9970767063857195,0.9426392588095245,0.0029232936142803427,0.939622641509434,0.10896274809140412,0.0734800668038779,0.1712377248621926,0.9402601045206845,0.5287270324381429,0.5293580881360436,0.08700328904162036,530
logistic_interactions_tau_0_9,CWE-400,,0.0,1.0,0.9711604002190356,0.0,1.0,,,,0.9711604002190356,0.5,0.49792194939505696,0.020870731778353236,252
logistic_interactions_tau_0_9,CWE-501,0.6343582887700535,0.7555555555555555,0.9953759521156236,0.9974510718457104,0.004624047884376441,0.24444444444444446,0.6863769889840882,0.7253228560984017,0.6871823718274396,0.9929050742194943,0.8754657538355894,0.8757030354575995,0.5334587484724145,90
logistic_interactions_tau_0_9,CWE-610,0.6170363101859209,0.33696715583508036,0.9935054650223221,0.9793994944002865,0.006494534977677932,0.6630328441649196,0.43521759923481584,0.37034760357056523,0.44360180643455305,0.9734431129125923,0.6652363104287012,0.668769104381983,0.27564602650961134,267
logistic_interactions_tau_0_9,CWE-662,0.0,0.0,0.9998847262247839,0.9892415658035377,0.00011527377521613833,1.0,,,-0.0024994019416464323,0.9891287765860308,0.49994236311239193,0.49994236311239193,0.008132643528177705,94
logistic_interactions_tau_0_9,CWE-665,,0.0,1.0,0.9981691909293028,0.0,1.0,,,,0.9981691909293028,0.5,0.5028662045900859,0.0018483265939471063,16
logistic_interactions_tau_0_9,CWE-668,,0.0,1.0,0.8744547811064708,0.0,1.0,,,,0.8744547811064708,0.5,0.529950471372628,0.0794033680621549,1097
logistic_interactions_tau_0_9,CWE-704,,0.0,1.0,0.995308231395666,0.0,1.0,,,,0.995308231395666,0.5,0.5002876897395007,0.00552341600739124,41
logistic_interactions_tau_0_9,CWE-705,,0.0,1.0,0.999427782060148,0.0,1.0,,,,0.999427782060148,0.5,0.6040375923006387,0.0008781178945321332,5
logistic_interactions_tau_0_9,CWE-706,0.4813147008374533,0.4331638418079097,0.983648512461085,0.9800572247279418,0.016351487538915153,0.5668361581920903,0.4552851821837631,0.44160447783496687,0.4382170183413926,0.9648683692080864,0.7084061771344972,0.7089782674332803,0.28818333338937424,298
logistic_interactions_tau_0_9,CWE-74,0.6473960353261842,0.43518586676481413,0.9537604016796033,0.8964002411736445,0.046239598320396744,0.5648141332351859,0.5203618519650426,0.4656577260687439,0.45985290925513767,0.8690762335411385,0.6944731342222087,0.7452295611131767,0.4739541341363548,1427
logistic_interactions_tau_0_9,CWE-754,,0.0,1.0,0.9973680053751964,0.0,1.0,,,,0.9973680053751964,0.5,0.5001148124164817,0.002439860642336829,23
logistic_interactions_tau_0_9,CWE-807,,0.0,1.0,0.9974824254522229,0.0,1.0,,,,0.9974824254522229,0.5,0.5,0.0018129355392920317,22
logistic_interactions_tau_0_9,CWE-834,,0.0,1.0,0.9970247550495989,0.0,1.0,,,,0.9970247550495989,0.5,0.5002870630868406,0.003161162631884447,26
logistic_interactions_tau_0_9,CWE-913,0.3347186147186147,0.24415584415584415,0.9939727140162857,0.9906492801300525,0.006027285983714244,0.7558441558441558,0.2783400207790452,0.2561941969627374,0.27631811550276975,0.9847776415541091,0.619064279086065,0.6143687425362148,0.13139764684857586,107
logistic_interactions_tau_0_9,CWE-923,,0.0,1.0,0.9621190684325468,0.0,1.0,,,,0.9621190684325468,0.5,0.5,0.021698273675510128,331
