strategy,family,precision,recall,specificity,npv,fpr,fnr,f1,f2,mcc,accuracy,balanced_accuracy,roc_auc,pr_auc,positive_support
tool:bandit,CWE-116,,0.0,1.0,0.9930766358377439,0.0,1.0,,,,0.9930766358377439,0.5,0.5,0.005477512556345762,74
tool:bandit,CWE-185,,0.0,1.0,0.9985969279035192,0.0,1.0,,,,0.9985969279035192,0.5,0.5,0.005349303737719003,15
tool:bandit,CWE-20,0.14634908727181795,0.08260869565217391,0.9779828392369028,0.9595361095095605,0.022017160763097114,0.917391304347826,0.1048047943938355,0.09016980605475021,0.07978925039385919,0.9394643014152653,0.5302957674445384,0.5302957674445384,0.043584708745939296,460
tool:bandit,CWE-285,0.6738095238095239,0.06290262865605331,0.9987501953904928,0.9678105179048323,0.0012498046095072552,0.9370973713439467,0.11300689887684179,0.0764395280079168,0.19286153924832178,0.9667097354945803,0.530826412023273,0.530826412023273,0.08177998519169874,366
tool:bandit,CWE-287,0.4121277515861051,0.26220346006422873,0.9620841916571571,0.9278675439964227,0.03791580834284286,0.7377965399357713,0.3203281137555206,0.28270175665065056,0.2760787590644632,0.897664702209236,0.6121438258606929,0.6121438258606929,0.16078524226700905,984
tool:bandit,CWE-311,0.25,0.005063291139240506,0.9997058548349216,0.9635039232428394,0.0002941451650783528,0.9949367088607595,0.048192771084337345,0.03125,0.05099051906059341,0.9632380202564818,0.5023845729870811,0.5023845729870811,0.024543111887092274,392
tool:bandit,CWE-326,1.0,0.038181818181818185,1.0,0.9953240636722495,0.0,0.9618181818181817,0.17424242424242425,0.11653116531165313,0.30817771506586406,0.9953249082432949,0.5190909090909092,0.5190909090909092,0.044658966640643685,52
tool:bandit,CWE-327,0.4515839914133772,0.7058712121212121,0.986699447107433,0.9954027455065434,0.013300552892567008,0.2941287878787879,0.5501385193954026,0.6337822986462972,0.5560580012409966,0.9824137316402443,0.8462853296143227,0.8462853296143227,0.33497146179261855,163
tool:bandit,CWE-330,0.3771007130124777,0.6533333333333333,0.9845308090535095,0.9950155129225214,0.015469190946490543,0.3466666666666667,0.47777473421827715,0.5693941192296128,0.48697835532647005,0.9798853450080088,0.8189320711934214,0.8189320711934215,0.3013917783828218,150
tool:bandit,CWE-345,,0.0,1.0,0.9394789912612307,0.0,1.0,,,,0.9394789912612307,0.5,0.5,0.040734126835032816,647
tool:bandit,CWE-400,0.05154951712315785,0.061253196930946295,0.9618422705929055,0.9686616853171452,0.03815772940709462,0.9387468030690538,0.05594608060039165,0.05900247269996898,0.021599556100112327,0.9329483866788234,0.5115477337619259,0.5115477337619259,0.04335520454652274,343
tool:bandit,CWE-477,,0.0,1.0,0.9975665346293809,0.0,1.0,,,,0.9975665346293809,0.5,0.5,0.0016761650133816138,26
tool:bandit,CWE-489,,0.0,1.0,0.9995323093011731,0.0,1.0,,,,0.9995323093011731,0.5,0.5,0.0006203797502324633,5
tool:bandit,CWE-573,0.15537640086839172,0.23666666666666666,0.9906655616547395,0.9945143768264637,0.009334438345260496,0.7633333333333333,0.186500497391567,0.21320695756928343,0.1840458146041684,0.9853066555269618,0.613666114160703,0.6136661141607032,0.06562293817875942,76
tool:bandit,CWE-610,,0.0,1.0,0.955380782591301,0.0,1.0,,,,0.955380782591301,0.5,0.5,0.04353436859444493,477
tool:bandit,CWE-668,0.5173608001194208,0.046551495016611294,0.9928255679424449,0.8641325779461602,0.007174432057554995,0.9534485049833886,0.08527611884913774,0.05688245799102511,0.12223999864307307,0.8596893818306128,0.5196885314795281,0.5196885314795281,0.1159424571259059,1504
tool:bandit,CWE-669,,0.0,1.0,0.9768006580237231,0.0,1.0,,,,0.9768006580237231,0.5,0.5,0.014202091939438726,248
tool:bandit,CWE-704,,0.0,1.0,0.9989696067258617,0.0,1.0,,,,0.9989696067258617,0.5,0.5,0.0013444274651173583,11
tool:bandit,CWE-706,0.3411111111111111,0.023762376237623763,0.9978441988623219,0.9537415984523776,0.00215580113767815,0.9762376237623762,0.04428339080545137,0.029167955183159133,0.07926162083322655,0.9518341741080233,0.5108032875499727,0.5108032875499728,0.07152449088246098,505
tool:bandit,CWE-74,0.3799131877967416,0.3942821606254442,0.8801209063218429,0.8863746203765226,0.11987909367815701,0.6057178393745557,0.38684062593941876,0.3912403935557878,0.27028653781658063,0.8038409499129597,0.6372015334736436,0.6372015334736436,0.34824615836903106,1679
tool:bandit,CWE-834,,0.0,1.0,0.9942007034174456,0.0,1.0,,,,0.9942007034174456,0.5,0.5,0.0052873023718355274,62
tool:bandit,CWE-913,0.4562987012987013,0.13170731707317074,0.9970469670091535,0.9832553994228004,0.0029530329908463706,0.8682926829268294,0.20278640127379624,0.15311598633160184,0.23651665340248149,0.9804486499106551,0.5643771420411621,0.5643771420411622,0.09012858266008669,205
tool:bandit,CWE-923,,0.0,1.0,0.9676343299044596,0.0,1.0,,,,0.9676343299044596,0.5,0.5,0.01909719052662098,346
tool:codeql,CWE-116,0.074348603923072,0.21523809523809523,0.9813541026655415,0.9944625177400293,0.018645897334458542,0.7847619047619048,0.11036485617130778,0.15581101262163982,0.1162072124104097,0.9760563755708775,0.5982960989518183,0.5982960989518183,0.030376784762207,74
tool:codeql,CWE-185,0.0,0.0,0.9999078765545832,0.9985968008952539,9.212344541685859e-05,1.0,,,-0.0007974452077084852,0.9985049315833722,0.4999539382772916,0.4999539382772916,0.005329005184821339,15
tool:codeql,CWE-20,0.03513583787663318,0.12826086956521737,0.8414176358328007,0.9554745464265793,0.1585823641671994,0.8717391304347826,0.05514443600462767,0.08378923706863292,-0.016872384181014385,0.810725858318361,0.484839252699009,0.484839252699009,0.0325427324574041,460
tool:codeql,CWE-285,0.41204351204351203,0.06834505738615328,0.9968053872375371,0.9679326899083931,0.0031946127624629048,0.9316549426138467,0.11673520913224514,0.08191816962470656,0.15664826660638137,0.9650205123726551,0.5325752223118452,0.5325752223118452,0.07189997039806058,366
tool:codeql,CWE-287,0.4580337941628264,0.07318968196415623,0.9912343641552759,0.9134092598074968,0.008765635844724177,0.9268103180358438,0.12611766289355208,0.08795228699487849,0.15458104994005084,0.9067219238494311,0.532212023059716,0.532212023059716,0.09624210723485664,984
tool:codeql,CWE-311,0.057935512763098974,0.022947095098993835,0.9860105499468415,0.9636538931926903,0.013989450053158553,0.9770529049010062,0.032818390152669664,0.02608175743589125,0.013894753714719276,0.9506983970638012,0.5044788225229176,0.5044788225229176,0.02493501008602163,392
tool:codeql,CWE-326,1.0,0.038181818181818185,1.0,0.9953240636722495,0.0,0.9618181818181817,0.17424242424242425,0.11653116531165313,0.30817771506586406,0.9953249082432949,0.5190909090909092,0.5190909090909092,0.044658966640643685,52
tool:codeql,CWE-327,0.13099172349478347,0.16515151515151516,0.9830864091846386,0.9870259231449644,0.016913590815361264,0.8348484848484847,0.1460379771914242,0.15691538684439293,0.13224046095101555,0.9706187986349724,0.5741189621680769,0.5741189621680769,0.04103832240927273,163
tool:codeql,CWE-330,0.2333333333333333,0.03333333333333333,0.9989600881005026,0.9864145156585591,0.001039911899497438,0.9666666666666666,0.0949074074074074,0.06657125509584526,0.08186377034645638,0.9854088919475249,0.516146710716918,0.516146710716918,0.027089382817742653,150
tool:codeql,CWE-345,1.0,0.004651162790697674,1.0,0.9397416125906008,0.0,0.9953488372093023,0.022959483264826774,0.014488099594482572,0.10308351248612416,0.9397581658686966,0.5023255813953489,0.5023255813953489,0.04590088137265276,647
tool:codeql,CWE-400,0.16395604395604396,0.023273657289002558,0.9961364985775567,0.9685218847752652,0.0038635014224432896,0.9767263427109973,0.040427903628588266,0.028025886998877692,0.05020808384451001,0.9649234977983261,0.5097050779332796,0.5097050779332796,0.050086381340247274,343
tool:codeql,CWE-477,,0.0,1.0,0.9975665346293809,0.0,1.0,,,,0.9975665346293809,0.5,0.5,0.0016761650133816138,26
tool:codeql,CWE-489,0.0,0.0,0.9776947679718146,0.9995216207488543,0.022305232028185306,1.0,,,-0.0032580130968828404,0.9772375257019004,0.4888473839859073,0.4888473839859073,0.0006089996762901152,5
tool:codeql,CWE-573,,0.0,1.0,0.9928914428726758,0.0,1.0,,,,0.9928914428726758,0.5,0.5,0.004606565439925841,76
tool:codeql,CWE-610,0.31133333333333335,0.07120614035087719,0.9928548177605118,0.9581498862462366,0.007145182239488249,0.9287938596491229,0.11517808904787548,0.08401760063531061,0.13068831749962373,0.9517409180192467,0.5320304790556944,0.5320304790556944,0.0782486201662678,477
tool:codeql,CWE-668,0.2223812202860444,0.1622104097452935,0.9069233608641349,0.8686489544238263,0.09307663913586497,0.8377895902547066,0.18738648679910022,0.17139223615870555,0.07929348952655553,0.8021787141341941,0.5345668853047142,0.5345668853047142,0.11855231422534163,1504
tool:codeql,CWE-669,,0.0,1.0,0.9768006580237231,0.0,1.0,,,,0.9768006580237231,0.5,0.5,0.014202091939438726,248
tool:codeql,CWE-704,,0.0,1.0,0.9989696067258617,0.0,1.0,,,,0.9989696067258617,0.5,0.5,0.0013444274651173583,11
tool:codeql,CWE-706,0.3127326817251723,0.14257425742574256,0.984212388025482,0.9585925048195915,0.015787611974517873,0.8574257425742575,0.19464885565152673,0.15956685301511825,0.18483608545622385,0.9444487097805127,0.5633933227256124,0.5633933227256124,0.13969260888335594,505
tool:codeql,CWE-74,0.3079237878033503,0.11970682302771855,0.9495472273862612,0.8527222637888963,0.050452772613738796,0.8802931769722815,0.1721326633266328,0.13629666489226916,0.10539070494466878,0.8192221898860943,0.5346270252069899,0.5346270252069899,0.19888837787105867,1679
tool:codeql,CWE-834,0.10666666666666666,0.03205128205128205,0.9986801874998388,0.9943782503880557,0.0013198125001612014,0.9679487179487178,0.1213235294117647,0.09262435677530018,0.05519021822061867,0.9930744281074414,0.5153657347755605,0.5153657347755605,0.01390727139117974,62
tool:codeql,CWE-913,0.8588461538461539,0.16585365853658535,0.9993379308300465,0.9839433530652002,0.0006620691699534802,0.8341463414634147,0.27209802124159355,0.19639472197072053,0.36556406172472034,0.9833538065796515,0.5825957946833159,0.5825957946833159,0.16183503759836432,205
tool:codeql,CWE-923,1.0,0.002898550724637681,1.0,0.9677249396184517,0.0,0.9971014492753623,0.02857142857142857,0.018050541516245487,0.11845410008182712,0.9677279190481188,0.5014492753623189,0.5014492753623189,0.02200528744130234,346
tool:devaic,CWE-116,,0.0,1.0,0.9930766358377439,0.0,1.0,,,,0.9930766358377439,0.5,0.5,0.005477512556345762,74
tool:devaic,CWE-185,,0.0,1.0,0.9985969279035192,0.0,1.0,,,,0.9985969279035192,0.5,0.5,0.005349303737719003,15
tool:devaic,CWE-20,,0.0,1.0,0.9569724557079254,0.0,1.0,,,,0.9569724557079254,0.5,0.5,0.03138103270318711,460
tool:devaic,CWE-285,,0.0,1.0,0.9657635671091519,0.0,1.0,,,,0.9657635671091519,0.5,0.5,0.029551825718592883,366
tool:devaic,CWE-287,,0.0,1.0,0.9079569286512486,0.0,1.0,,,,0.9079569286512486,0.5,0.5,0.05814290773416653,984
tool:devaic,CWE-311,,0.0,1.0,0.9633312169014024,0.0,1.0,,,,0.9633312169014024,0.5,0.5,0.02234200391569518,392
tool:devaic,CWE-326,,0.0,1.0,0.9951363072231508,0.0,1.0,,,,0.9951363072231508,0.5,0.5,0.005969904562912904,52
tool:devaic,CWE-327,,0.0,1.0,0.9847532151353441,0.0,1.0,,,,0.9847532151353441,0.5,0.5,0.010514512005217674,163
tool:devaic,CWE-330,,0.0,1.0,0.985969279035193,0.0,1.0,,,,0.985969279035193,0.5,0.5,0.01129675410709475,150
tool:devaic,CWE-345,,0.0,1.0,0.9394789912612307,0.0,1.0,,,,0.9394789912612307,0.5,0.5,0.040734126835032816,647
tool:devaic,CWE-400,,0.0,1.0,0.9679145347460121,0.0,1.0,,,,0.9679145347460121,0.5,0.5,0.04094670529985324,343
tool:devaic,CWE-477,,0.0,1.0,0.9975665346293809,0.0,1.0,,,,0.9975665346293809,0.5,0.5,0.0016761650133816138,26
tool:devaic,CWE-489,,0.0,1.0,0.9995323093011731,0.0,1.0,,,,0.9995323093011731,0.5,0.5,0.0006203797502324633,5
tool:devaic,CWE-573,,0.0,1.0,0.9928914428726758,0.0,1.0,,,,0.9928914428726758,0.5,0.5,0.004606565439925841,76
tool:devaic,CWE-610,,0.0,1.0,0.955380782591301,0.0,1.0,,,,0.955380782591301,0.5,0.5,0.04353436859444493,477
tool:devaic,CWE-668,,0.0,1.0,0.8593170959732512,0.0,1.0,,,,0.8593170959732512,0.5,0.5,0.0900121678250565,1504
tool:devaic,CWE-669,,0.0,1.0,0.9768006580237231,0.0,1.0,,,,0.9768006580237231,0.5,0.5,0.014202091939438726,248
tool:devaic,CWE-704,,0.0,1.0,0.9989696067258617,0.0,1.0,,,,0.9989696067258617,0.5,0.5,0.0013444274651173583,11
tool:devaic,CWE-706,,0.0,1.0,0.9527632394184835,0.0,1.0,,,,0.9527632394184835,0.5,0.5,0.055628232807731756,505
tool:devaic,CWE-74,,0.0,1.0,0.8429479215143101,0.0,1.0,,,,0.8429479215143101,0.5,0.5,0.1605958565142041,1679
tool:devaic,CWE-834,,0.0,1.0,0.9942007034174456,0.0,1.0,,,,0.9942007034174456,0.5,0.5,0.0052873023718355274,62
tool:devaic,CWE-913,,0.0,1.0,0.9808246813480972,0.0,1.0,,,,0.9808246813480972,0.5,0.5,0.017079166332417912,205
tool:devaic,CWE-923,,0.0,1.0,0.9676343299044596,0.0,1.0,,,,0.9676343299044596,0.5,0.5,0.01909719052662098,346
tool:pylint,CWE-116,,0.0,1.0,0.9930766358377439,0.0,1.0,,,,0.9930766358377439,0.5,0.5,0.005477512556345762,74
tool:pylint,CWE-185,,0.0,1.0,0.9985969279035192,0.0,1.0,,,,0.9985969279035192,0.5,0.5,0.005349303737719003,15
tool:pylint,CWE-20,,0.0,1.0,0.9569724557079254,0.0,1.0,,,,0.9569724557079254,0.5,0.5,0.03138103270318711,460
tool:pylint,CWE-285,,0.0,1.0,0.9657635671091519,0.0,1.0,,,,0.9657635671091519,0.5,0.5,0.029551825718592883,366
tool:pylint,CWE-287,,0.0,1.0,0.9079569286512486,0.0,1.0,,,,0.9079569286512486,0.5,0.5,0.05814290773416653,984
tool:pylint,CWE-311,,0.0,1.0,0.9633312169014024,0.0,1.0,,,,0.9633312169014024,0.5,0.5,0.02234200391569518,392
tool:pylint,CWE-326,,0.0,1.0,0.9951363072231508,0.0,1.0,,,,0.9951363072231508,0.5,0.5,0.005969904562912904,52
tool:pylint,CWE-327,,0.0,1.0,0.9847532151353441,0.0,1.0,,,,0.9847532151353441,0.5,0.5,0.010514512005217674,163
tool:pylint,CWE-330,,0.0,1.0,0.985969279035193,0.0,1.0,,,,0.985969279035193,0.5,0.5,0.01129675410709475,150
tool:pylint,CWE-345,,0.0,1.0,0.9394789912612307,0.0,1.0,,,,0.9394789912612307,0.5,0.5,0.040734126835032816,647
tool:pylint,CWE-400,,0.0,1.0,0.9679145347460121,0.0,1.0,,,,0.9679145347460121,0.5,0.5,0.04094670529985324,343
tool:pylint,CWE-477,0.0,0.0,0.895690186497573,0.9972832164743206,0.10430981350242696,1.0,,,-0.01681839456166385,0.8935109970270766,0.4478450932487865,0.4478450932487865,0.0016753866639435244,26
tool:pylint,CWE-489,,0.0,1.0,0.9995323093011731,0.0,1.0,,,,0.9995323093011731,0.5,0.5,0.0006203797502324633,5
tool:pylint,CWE-573,,0.0,1.0,0.9928914428726758,0.0,1.0,,,,0.9928914428726758,0.5,0.5,0.004606565439925841,76
tool:pylint,CWE-610,,0.0,1.0,0.955380782591301,0.0,1.0,,,,0.955380782591301,0.5,0.5,0.04353436859444493,477
tool:pylint,CWE-668,0.2905899157323363,0.14960575858250277,0.9405275672813656,0.8710524795257859,0.05947243271863449,0.8503942414174972,0.19731314159158306,0.16560504372489876,0.120647194934374,0.8292472955017953,0.5450666629319342,0.5450666629319342,0.1239121595334991,1504
tool:pylint,CWE-669,0.0,0.0,0.9957847427862152,0.9767044663167088,0.004215257213784795,1.0,,,-0.009738719257062371,0.9726834056761312,0.4978923713931076,0.4978923713931076,0.014174506591877417,248
tool:pylint,CWE-704,,0.0,1.0,0.9989696067258617,0.0,1.0,,,,0.9989696067258617,0.5,0.5,0.0013444274651173583,11
tool:pylint,CWE-706,,0.0,1.0,0.9527632394184835,0.0,1.0,,,,0.9527632394184835,0.5,0.5,0.055628232807731756,505
tool:pylint,CWE-74,0.2832571264352086,0.05895877754086709,0.9722739867139646,0.8472292441870529,0.027726013286035328,0.9410412224591329,0.09755626278095283,0.07004231179029353,0.06381314458468113,0.8288409142934267,0.5156163821274159,0.5156163821274159,0.18829093353001805,1679
tool:pylint,CWE-834,,0.0,1.0,0.9942007034174456,0.0,1.0,,,,0.9942007034174456,0.5,0.5,0.0052873023718355274,62
tool:pylint,CWE-913,,0.0,1.0,0.9808246813480972,0.0,1.0,,,,0.9808246813480972,0.5,0.5,0.017079166332417912,205
tool:pylint,CWE-923,,0.0,1.0,0.9676343299044596,0.0,1.0,,,,0.9676343299044596,0.5,0.5,0.01909719052662098,346
tool:semgrep,CWE-116,0.0,0.0,0.9973685594350442,0.9930585427646468,0.0026314405649558053,1.0,,,-0.0041840254647034095,0.9904633608634018,0.4986842797175221,0.4986842797175221,0.0054652606024588575,74
tool:semgrep,CWE-185,,0.0,1.0,0.9985969279035192,0.0,1.0,,,,0.9985969279035192,0.5,0.5,0.005349303737719003,15
tool:semgrep,CWE-20,,0.0,1.0,0.9569724557079254,0.0,1.0,,,,0.9569724557079254,0.5,0.5,0.03138103270318711,460
tool:semgrep,CWE-285,0.39499999999999996,0.0574972232506479,0.9971077408318619,0.9675751130746759,0.002892259168138049,0.9425027767493521,0.09896394817963446,0.06905280301731527,0.1382088955094063,0.9649333470735302,0.527302482041255,0.527302482041255,0.060453097140514424,366
tool:semgrep,CWE-287,0.1631578947368421,0.01116751269035533,0.9963900658141169,0.9085927776258049,0.003609934185883061,0.9888324873096448,0.051932367149758456,0.03425152099579805,0.024156016112375035,0.9057072563414301,0.5037787892522362,0.5037787892522362,0.06406028238918327,984
tool:semgrep,CWE-311,0.1349231910481502,0.13258682246024017,0.9677673841511073,0.967011496713851,0.032232615848892664,0.8674131775397598,0.13352518422016893,0.1329087367635878,0.10106520473388787,0.9371443716316925,0.5501771033056737,0.5501771033056737,0.05548102622690017,392
tool:semgrep,CWE-326,0.19666666666666668,0.13272727272727275,0.9974679212540589,0.9957757202871799,0.0025320787459410963,0.8672727272727274,0.19478844169246648,0.17585470085470087,0.15692649305738263,0.99326906024026,0.5650975969906658,0.5650975969906658,0.03919513409412095,52
tool:semgrep,CWE-327,0.39709605662285136,0.5642045454545455,0.9866913799998793,0.9932146198589255,0.013308620000120688,0.4357954545454545,0.4655965938794583,0.5199313177787453,0.4634439581090695,0.9802558101808423,0.7754479627272124,0.7754479627272124,0.22903783268428185,163
tool:semgrep,CWE-330,,0.0,1.0,0.985969279035193,0.0,1.0,,,,0.985969279035193,0.5,0.5,0.01129675410709475,150
tool:semgrep,CWE-345,0.0,0.0,0.9997987341772152,0.939467387278443,0.00020126582278481012,1.0,,,-0.00555936421148656,0.9392900826711312,0.4998993670886076,0.4998993670886076,0.04069246820303046,647
tool:semgrep,CWE-400,0.0,0.0,0.9998087868476062,0.9679087014062862,0.0001912131523937748,1.0,,,-0.0038803075503297015,0.967729341780944,0.4999043934238031,0.4999043934238031,0.04087434481781384,343
tool:semgrep,CWE-477,,0.0,1.0,0.9975665346293809,0.0,1.0,,,,0.9975665346293809,0.5,0.5,0.0016761650133816138,26
tool:semgrep,CWE-489,0.0,0.0,0.9775060779787926,0.9995215272682026,0.022493922021207334,1.0,,,-0.0032717144388593653,0.9770489246817565,0.4887530389893963,0.4887530389893963,0.0006089287724074186,5
tool:semgrep,CWE-573,,0.0,1.0,0.9928914428726758,0.0,1.0,,,,0.9928914428726758,0.5,0.5,0.004606565439925841,76
tool:semgrep,CWE-610,0.22093772600149547,0.13842105263157894,0.9767835015087949,0.9604410643724653,0.02321649849120506,0.861578947368421,0.16879294270376435,0.14899554899968456,0.14390386011557613,0.9393817357385095,0.557602277070187,0.557602277070187,0.07713754676570654,477
tool:semgrep,CWE-668,0.5007352941176471,0.03191362126245847,0.9947709537676955,0.8625728256575961,0.005229046232304499,0.9680863787375416,0.05988139108962718,0.03924436922506658,0.09805176863619924,0.8593142178961827,0.513342287515077,0.513342287515077,0.10708559284418895,1504
tool:semgrep,CWE-669,,0.0,1.0,0.9768006580237231,0.0,1.0,,,,0.9768006580237231,0.5,0.5,0.014202091939438726,248
tool:semgrep,CWE-704,0.0,0.0,0.9830442573102884,0.9989517298604145,0.01695574268971159,1.0,,,-0.004197513717311529,0.9820314506859555,0.4915221286551442,0.4915221286551442,0.0013046881854933026,11
tool:semgrep,CWE-706,0.27,0.01782178217821782,0.9973499548727924,0.9534489648434944,0.002650045127207591,0.9821782178217822,0.04128486039864065,0.02730044090371094,0.05684808570243455,0.9510805378824522,0.5075858685255051,0.5075858685255051,0.06480660448306876,505
tool:semgrep,CWE-74,0.47252469356828064,0.3198205401563611,0.9335475101492975,0.880524363686499,0.06645248985070248,0.6801794598436389,0.38117774778001035,0.34179016474991414,0.2989941947581035,0.8371898300438907,0.6266840251528293,0.6266840251528293,0.34675784497213397,1679
tool:semgrep,CWE-834,0.0,0.0,0.9998114536466144,0.9941996483916984,0.00018854635338554684,1.0,,,-0.0016286424900338046,0.9940132175601711,0.4999057268233072,0.4999057268233072,0.005286106479950451,62
tool:semgrep,CWE-913,0.24085534524513458,0.3463414634146341,0.9787284982172382,0.987107247633045,0.021271501782761756,0.6536585365853659,0.2838401403114437,0.31819395266231865,0.27208756902866693,0.9665972579994382,0.6625349808159362,0.6625349808159362,0.14653720861424202,205
tool:semgrep,CWE-923,,0.0,1.0,0.9676343299044596,0.0,1.0,,,,0.9676343299044596,0.5,0.5,0.01909719052662098,346
or_1_of_5,CWE-116,0.06607670249613984,0.21523809523809523,0.9787226621005857,0.9944478492341162,0.02127733789941435,0.7847619047619048,0.10083694083694084,0.14775654519900044,0.10815636507159873,0.9734431005965357,0.5969803786693404,0.5969803786693404,0.025553136618460204,74
or_1_of_5,CWE-185,0.0,0.0,0.9999078765545832,0.9985968008952539,9.212344541685859e-05,1.0,,,-0.0007974452077084852,0.9985049315833722,0.4999539382772916,0.4999539382772916,0.005329005184821339,15
or_1_of_5,CWE-20,0.05089277185907583,0.2043478260869565,0.8288876825044582,0.9586209740918029,0.1711123174955417,0.7956521739130434,0.0814508786165167,0.1273787116950393,0.0177773649893794,0.8020143860214318,0.5166177542957074,0.5166177542957074,0.03678480176820072,460
or_1_of_5,CWE-285,0.3272175536881419,0.06834505738615328,0.9951629326789064,0.9678812953935528,0.004837067321093699,0.9316549426138467,0.11264045397919635,0.0810895902748218,0.13643067423557254,0.9634341477045743,0.5317539950325297,0.5317539950325297,0.059559167114731915,366
or_1_of_5,CWE-287,0.4113933317862749,0.2794778825235678,0.9593012238919346,0.9292433827419451,0.04069877610806528,0.7205221174764322,0.33262745715152897,0.2985296528690485,0.28511429480375416,0.8967277581762405,0.6193895532077512,0.6193895532077514,0.16460805776374188,984
or_1_of_5,CWE-311,0.10824257742084949,0.14277831872768582,0.9554371579903789,0.9669805677465064,0.04456284200962119,0.8572216812723141,0.12303953461848198,0.13413548738769354,0.08592452930209729,0.9256406725697458,0.5491077383590323,0.5491077383590323,0.04895896924026108,392
or_1_of_5,CWE-326,0.19666666666666668,0.13272727272727275,0.9974679212540589,0.9957757202871799,0.0025320787459410963,0.8672727272727274,0.19478844169246648,0.17585470085470087,0.15692649305738263,0.99326906024026,0.5650975969906658,0.5650975969906658,0.03919513409412095,52
or_1_of_5,CWE-327,0.3248531958025629,0.7424242424242424,0.9760572998723929,0.995928967631658,0.023942700127607165,0.25757575757575757,0.45168296288190046,0.5902105536257828,0.47992235782080395,0.9724930220358419,0.8592407711483177,0.8592407711483177,0.2927211293069482,163
or_1_of_5,CWE-330,0.3771007130124777,0.6533333333333333,0.9845308090535095,0.9950155129225214,0.015469190946490543,0.3466666666666667,0.47777473421827715,0.5693941192296128,0.48697835532647005,0.9798853450080088,0.8189320711934214,0.8189320711934215,0.3013917783828218,150
or_1_of_5,CWE-345,0.5,0.004651162790697674,0.9997987341772152,0.9397300086078133,0.00020126582278481012,0.9953488372093023,0.022959483264826774,0.014488099594482572,0.0487620741373188,0.939569257278597,0.5022249484839565,0.5022249484839565,0.0458592227406504,647
or_1_of_5,CWE-400,0.06338757327922658,0.08452685421994885,0.9577875560180683,0.9692907591135727,0.042212443981931684,0.9154731457800512,0.07235949743769732,0.07916902358810671,0.03716323782311813,0.9297721567660693,0.5211572051190086,0.5211572051190086,0.04586443941076083,343
or_1_of_5,CWE-477,0.0,0.0,0.895690186497573,0.9972832164743206,0.10430981350242696,1.0,,,-0.01681839456166385,0.8935109970270766,0.4478450932487865,0.4478450932487865,0.0016753866639435244,26
or_1_of_5,CWE-489,0.0,0.0,0.9775060779787926,0.9995215272682026,0.022493922021207334,1.0,,,-0.0032717144388593653,0.9770489246817565,0.4887530389893963,0.4887530389893963,0.0006089287724074186,5
or_1_of_5,CWE-573,0.15537640086839172,0.23666666666666666,0.9906655616547395,0.9945143768264637,0.009334438345260496,0.7633333333333333,0.186500497391567,0.21320695756928343,0.1840458146041684,0.9853066555269618,0.613666114160703,0.6136661141607032,0.06562293817875942,76
or_1_of_5,CWE-610,0.22349019211884175,0.16565789473684212,0.9727757309178771,0.961494146851904,0.027224269082122953,0.8343421052631579,0.1889451489313563,0.1740591089007945,0.15945237233247514,0.9367690235867142,0.5692168128273596,0.5692168128273596,0.08458615730402944,477
or_1_of_5,CWE-668,0.2552553706984046,0.3131450719822813,0.850512397973168,0.8832447091285968,0.149487602026832,0.6868549280177187,0.2810916361469385,0.2994323634997539,0.15052547288144372,0.7749251866099206,0.5818287349777246,0.5818287349777247,0.14261347090556295,1504
or_1_of_5,CWE-669,0.0,0.0,0.9957847427862152,0.9767044663167088,0.004215257213784795,1.0,,,-0.009738719257062371,0.9726834056761312,0.4978923713931076,0.4978923713931076,0.014174506591877417,248
or_1_of_5,CWE-704,0.0,0.0,0.9830442573102884,0.9989517298604145,0.01695574268971159,1.0,,,-0.004197513717311529,0.9820314506859555,0.4915221286551442,0.4915221286551442,0.0013046881854933026,11
or_1_of_5,CWE-706,0.2737086297556449,0.14653465346534653,0.9806759231851465,0.9586346859001988,0.01932407681485353,0.8534653465346536,0.18990799586544266,0.16117868687219997,0.1714632750426513,0.9412668938043083,0.5636052883252465,0.5636052883252465,0.11843825405975243,505
or_1_of_5,CWE-74,0.35821254773325945,0.4627807391613362,0.8455354018538201,0.8941875046336616,0.1544645981461798,0.5372192608386638,0.4037039733005807,0.43714367839628476,0.27893497455036154,0.7854372227862461,0.6541580705075781,0.6541580705075782,0.34732036255252313,1679
or_1_of_5,CWE-834,0.1,0.03205128205128205,0.9984916411464532,0.9943772352054389,0.001508358853546748,0.9679487179487178,0.11805555555555555,0.09175084175084175,0.05279023097236711,0.9928869422501672,0.5152714615988676,0.5152714615988676,0.013350199435068415,62
or_1_of_5,CWE-913,0.24463452713379655,0.35609756097560974,0.9785393137191832,0.9872949115583406,0.021460686280816675,0.6439024390243903,0.2897604851289062,0.32611793644768927,0.2784652176813087,0.966599158392906,0.6673184373473966,0.6673184373473966,0.1496265804014922,205
or_1_of_5,CWE-923,1.0,0.002898550724637681,1.0,0.9677249396184517,0.0,0.9971014492753623,0.02857142857142857,0.018050541516245487,0.11845410008182712,0.9677279190481188,0.5014492753623189,0.5014492753623189,0.02200528744130234,346
traditional_2_of_5,CWE-116,,0.0,1.0,0.9930766358377439,0.0,1.0,,,,0.9930766358377439,0.5,0.5969803786693404,0.025553136618460204,74
traditional_2_of_5,CWE-185,,0.0,1.0,0.9985969279035192,0.0,1.0,,,,0.9985969279035192,0.5,0.4999539382772916,0.005329005184821339,15
traditional_2_of_5,CWE-20,0.028181818181818186,0.006521739130434782,0.990512792565245,0.9568502410312647,0.009487207434754815,0.9934782608695653,0.026472431077694234,0.019263811789584986,-0.006557366429551799,0.9481757737121942,0.49851726584783995,0.5161958833616029,0.03881321877125469,460
traditional_2_of_5,CWE-285,0.6738095238095239,0.06290262865605331,0.9987501953904928,0.9678105179048323,0.0012498046095072552,0.9370973713439467,0.11300689887684179,0.0764395280079168,0.19286153924832178,0.9667097354945803,0.530826412023273,0.5318547268858603,0.08324952549888562,366
traditional_2_of_5,CWE-287,0.4034656964656964,0.05896094478400497,0.991334851529019,0.9122064525607524,0.00866514847098094,0.941039055215995,0.10260364616415407,0.07104299729485189,0.12565173320500486,0.9055037595103782,0.5251478981565121,0.6194063819441133,0.17979925935340973,984
traditional_2_of_5,CWE-311,0.2282051282051282,0.017818889970788704,0.9980466309424916,0.9638985992552979,0.001953369057508386,0.9821811100292113,0.040107091892174956,0.02707721476237501,0.05255443326784041,0.9621088994808271,0.5079327604566402,0.549372818868372,0.053573538697147836,392
traditional_2_of_5,CWE-326,1.0,0.038181818181818185,1.0,0.9953240636722495,0.0,0.9618181818181817,0.17424242424242425,0.11653116531165313,0.30817771506586406,0.9953249082432949,0.5190909090909092,0.565142346445034,0.06977954967853653,52
traditional_2_of_5,CWE-327,0.42410491446811704,0.5827651515151515,0.9877420486628588,0.9935068180147475,0.012257951337141392,0.41723484848484843,0.4905219504853083,0.5418434825713738,0.4879081268610578,0.9815712167221188,0.7852536000890051,0.8601994925755143,0.25875095261313696,163
traditional_2_of_5,CWE-330,0.2333333333333333,0.03333333333333333,0.9989600881005026,0.9864145156585591,0.001039911899497438,0.9666666666666666,0.0949074074074074,0.06657125509584526,0.08186377034645638,0.9854088919475249,0.516146710716918,0.8188589636040817,0.2933463461886405,150
traditional_2_of_5,CWE-345,,0.0,1.0,0.9394789912612307,0.0,1.0,,,,0.9394789912612307,0.5,0.5022249484839565,0.0458592227406504,647
traditional_2_of_5,CWE-400,,0.0,1.0,0.9679145347460121,0.0,1.0,,,,0.9679145347460121,0.5,0.5211572051190086,0.04586443941076083,343
traditional_2_of_5,CWE-477,,0.0,1.0,0.9975665346293809,0.0,1.0,,,,0.9975665346293809,0.5,0.4478450932487865,0.0016753866639435244,26
traditional_2_of_5,CWE-489,0.0,0.0,0.9776947679718146,0.9995216207488543,0.022305232028185306,1.0,,,-0.0032580130968828404,0.9772375257019004,0.4888473839859073,0.4887530389893963,0.0006089287724074186,5
traditional_2_of_5,CWE-573,,0.0,1.0,0.9928914428726758,0.0,1.0,,,,0.9928914428726758,0.5,0.6136661141607032,0.06562293817875942,76
traditional_2_of_5,CWE-610,0.4022549019607843,0.04396929824561403,0.9968625883514296,0.9571384307353554,0.003137411648570359,0.956030701754386,0.07842316384745182,0.053330198001901086,0.11934878241122748,0.9543536301710418,0.5204159432985218,0.5695648428674598,0.10675780042608793,477
traditional_2_of_5,CWE-668,0.4490312121567249,0.07447397563676633,0.9849679270076483,0.866669770393506,0.015032072992351656,0.9255260243632337,0.12759198661033747,0.08934985223941143,0.13681248639372626,0.8568714311311352,0.5297209513222073,0.5850467995536277,0.16822394056465306,1504
traditional_2_of_5,CWE-669,,0.0,1.0,0.9768006580237231,0.0,1.0,,,,0.9768006580237231,0.5,0.4978923713931076,0.014174506591877417,248
traditional_2_of_5,CWE-704,,0.0,1.0,0.9989696067258617,0.0,1.0,,,,0.9989696067258617,0.5,0.4915221286551442,0.0013046881854933026,11
traditional_2_of_5,CWE-706,0.5916666666666667,0.03762376237623762,0.9987306185754499,0.9544079023521246,0.0012693814245500839,0.9623762376237623,0.06996613464018045,0.04615363775423793,0.13699475440576148,0.9533332885481964,0.5181771904758438,0.5638582494615978,0.13554706947463224,505
traditional_2_of_5,CWE-74,0.44396881062458987,0.2870593461265103,0.9331073220328074,0.8754289916480804,0.06689267796719259,0.7129406538734897,0.34849642556637017,0.30881432420528504,0.2651233099504644,0.831675239624761,0.6100833340796589,0.6595727325716098,0.32127916620401564,1679
traditional_2_of_5,CWE-834,,0.0,1.0,0.9942007034174456,0.0,1.0,,,,0.9942007034174456,0.5,0.5152714615988676,0.013350199435068415,62
traditional_2_of_5,CWE-913,0.6098901098901098,0.24390243902439024,0.9969536103292708,0.9853847854817465,0.003046389670729363,0.7560975609756098,0.3453782670704934,0.27616400524459445,0.3766470095241531,0.982506983725141,0.6204280246768304,0.6693960209280145,0.22553093020826637,205
traditional_2_of_5,CWE-923,,0.0,1.0,0.9676343299044596,0.0,1.0,,,,0.9676343299044596,0.5,0.5014492753623189,0.02200528744130234,346
weighted_fire_specificity_silence_sensitivity_tau_0_1,CWE-116,0.06607670249613984,0.21523809523809523,0.9787226621005857,0.9944478492341162,0.02127733789941435,0.7847619047619048,0.10083694083694084,0.14775654519900044,0.10815636507159873,0.9734431005965357,0.5969803786693404,0.5972712697634985,0.030346899406748656,74
weighted_fire_specificity_silence_sensitivity_tau_0_1,CWE-185,,0.0,1.0,0.9985969279035192,0.0,1.0,,,,0.9985969279035192,0.5,0.5,0.005349303737719003,15
weighted_fire_specificity_silence_sensitivity_tau_0_1,CWE-20,0.05089277185907583,0.2043478260869565,0.8288876825044582,0.9586209740918029,0.1711123174955417,0.7956521739130434,0.0814508786165167,0.1273787116950393,0.0177773649893794,0.8020143860214318,0.5166177542957074,0.5112370757724616,0.03810610210416625,460
weighted_fire_specificity_silence_sensitivity_tau_0_1,CWE-285,0.3272175536881419,0.06834505738615328,0.9951629326789064,0.9678812953935528,0.004837067321093699,0.9316549426138467,0.11264045397919635,0.0810895902748218,0.13643067423557254,0.9634341477045743,0.5317539950325297,0.5318587140534903,0.08389516941608474,366
weighted_fire_specificity_silence_sensitivity_tau_0_1,CWE-287,0.4113933317862749,0.2794778825235678,0.9593012238919346,0.9292433827419451,0.04069877610806528,0.7205221174764322,0.33262745715152897,0.2985296528690485,0.28511429480375416,0.8967277581762405,0.6193895532077512,0.6194583478687121,0.18441296175404936,984
weighted_fire_specificity_silence_sensitivity_tau_0_1,CWE-311,0.10824257742084949,0.14277831872768582,0.9554371579903789,0.9669805677465064,0.04456284200962119,0.8572216812723141,0.12303953461848198,0.13413548738769354,0.08592452930209729,0.9256406725697458,0.5491077383590323,0.5499145529414445,0.05777831657791286,392
weighted_fire_specificity_silence_sensitivity_tau_0_1,CWE-326,0.19666666666666668,0.13272727272727275,0.9974679212540589,0.9957757202871799,0.0025320787459410963,0.8672727272727274,0.19478844169246648,0.17585470085470087,0.15692649305738263,0.99326906024026,0.5650975969906658,0.565142346445034,0.06977954967853653,52
weighted_fire_specificity_silence_sensitivity_tau_0_1,CWE-327,0.3248531958025629,0.7424242424242424,0.9760572998723929,0.995928967631658,0.023942700127607165,0.25757575757575757,0.45168296288190046,0.5902105536257828,0.47992235782080395,0.9724930220358419,0.8592407711483177,0.8609224770178938,0.2629050685574386,163
weighted_fire_specificity_silence_sensitivity_tau_0_1,CWE-330,0.3771007130124777,0.6533333333333333,0.9845308090535095,0.9950155129225214,0.015469190946490543,0.3466666666666667,0.47777473421827715,0.5693941192296128,0.48697835532647005,0.9798853450080088,0.8189320711934214,0.8188589636040817,0.2933463461886405,150
weighted_fire_specificity_silence_sensitivity_tau_0_1,CWE-345,0.5,0.004651162790697674,0.9997987341772152,0.9397300086078133,0.00020126582278481012,0.9953488372093023,0.022959483264826774,0.014488099594482572,0.0487620741373188,0.939569257278597,0.5022249484839565,0.5022249484839565,0.0458592227406504,647
weighted_fire_specificity_silence_sensitivity_tau_0_1,CWE-400,0.06338757327922658,0.08452685421994885,0.9577875560180683,0.9692907591135727,0.042212443981931684,0.9154731457800512,0.07235949743769732,0.07916902358810671,0.03716323782311813,0.9297721567660693,0.5211572051190086,0.5208152162779346,0.045772191772876836,343
weighted_fire_specificity_silence_sensitivity_tau_0_1,CWE-477,0.0,0.0,0.895690186497573,0.9972832164743206,0.10430981350242696,1.0,,,-0.01681839456166385,0.8935109970270766,0.4478450932487865,0.4478450932487865,0.0016753866639435244,26
weighted_fire_specificity_silence_sensitivity_tau_0_1,CWE-489,0.0,0.0,0.9775060779787926,0.9995215272682026,0.022493922021207334,1.0,,,-0.0032717144388593653,0.9770489246817565,0.4887530389893963,0.4887530389893963,0.0006089287724074186,5
weighted_fire_specificity_silence_sensitivity_tau_0_1,CWE-573,0.15537640086839172,0.23666666666666666,0.9906655616547395,0.9945143768264637,0.009334438345260496,0.7633333333333333,0.186500497391567,0.21320695756928343,0.1840458146041684,0.9853066555269618,0.613666114160703,0.6136661141607032,0.06562293817875942,76
weighted_fire_specificity_silence_sensitivity_tau_0_1,CWE-610,0.22349019211884175,0.16565789473684212,0.9727757309178771,0.961494146851904,0.027224269082122953,0.8343421052631579,0.1889451489313563,0.1740591089007945,0.15945237233247514,0.9367690235867142,0.5692168128273596,0.5694638634793414,0.10570449036684922,477
weighted_fire_specificity_silence_sensitivity_tau_0_1,CWE-668,0.2552553706984046,0.3131450719822813,0.850512397973168,0.8832447091285968,0.149487602026832,0.6868549280177187,0.2810916361469385,0.2994323634997539,0.15052547288144372,0.7749251866099206,0.5818287349777246,0.583307134219011,0.1706354355467469,1504
weighted_fire_specificity_silence_sensitivity_tau_0_1,CWE-669,0.0,0.0,0.9957847427862152,0.9767044663167088,0.004215257213784795,1.0,,,-0.009738719257062371,0.9726834056761312,0.4978923713931076,0.4978923713931076,0.014174506591877417,248
weighted_fire_specificity_silence_sensitivity_tau_0_1,CWE-704,0.0,0.0,0.9830442573102884,0.9989517298604145,0.01695574268971159,1.0,,,-0.004197513717311529,0.9820314506859555,0.4915221286551442,0.4915221286551442,0.0013046881854933026,11
weighted_fire_specificity_silence_sensitivity_tau_0_1,CWE-706,0.2737086297556449,0.14653465346534653,0.9806759231851465,0.9586346859001988,0.01932407681485353,0.8534653465346536,0.18990799586544266,0.16117868687219997,0.1714632750426513,0.9412668938043083,0.5636052883252465,0.5640218217805082,0.14647321751512044,505
weighted_fire_specificity_silence_sensitivity_tau_0_1,CWE-74,0.35821254773325945,0.4627807391613362,0.8455354018538201,0.8941875046336616,0.1544645981461798,0.5372192608386638,0.4037039733005807,0.43714367839628476,0.27893497455036154,0.7854372227862461,0.6541580705075781,0.6614820214411969,0.32716978118043405,1679
weighted_fire_specificity_silence_sensitivity_tau_0_1,CWE-834,0.1,0.03205128205128205,0.9984916411464532,0.9943772352054389,0.001508358853546748,0.9679487179487178,0.11805555555555555,0.09175084175084175,0.05279023097236711,0.9928869422501672,0.5152714615988676,0.5152753961282979,0.01390575499062397,62
weighted_fire_specificity_silence_sensitivity_tau_0_1,CWE-913,0.24463452713379655,0.35609756097560974,0.9785393137191832,0.9872949115583406,0.021460686280816675,0.6439024390243903,0.2897604851289062,0.32611793644768927,0.2784652176813087,0.966599158392906,0.6673184373473966,0.6694249154777162,0.25901564597483495,205
weighted_fire_specificity_silence_sensitivity_tau_0_1,CWE-923,,0.0,1.0,0.9676343299044596,0.0,1.0,,,,0.9676343299044596,0.5,0.5,0.01909719052662098,346
weighted_fire_specificity_silence_sensitivity_tau_0_2,CWE-116,0.06607670249613984,0.21523809523809523,0.9787226621005857,0.9944478492341162,0.02127733789941435,0.7847619047619048,0.10083694083694084,0.14775654519900044,0.10815636507159873,0.9734431005965357,0.5969803786693404,0.5972712697634985,0.030346899406748656,74
weighted_fire_specificity_silence_sensitivity_tau_0_2,CWE-185,,0.0,1.0,0.9985969279035192,0.0,1.0,,,,0.9985969279035192,0.5,0.5,0.005349303737719003,15
weighted_fire_specificity_silence_sensitivity_tau_0_2,CWE-20,0.05089277185907583,0.2043478260869565,0.8288876825044582,0.9586209740918029,0.1711123174955417,0.7956521739130434,0.0814508786165167,0.1273787116950393,0.0177773649893794,0.8020143860214318,0.5166177542957074,0.5112370757724616,0.03810610210416625,460
weighted_fire_specificity_silence_sensitivity_tau_0_2,CWE-285,0.3272175536881419,0.06834505738615328,0.9951629326789064,0.9678812953935528,0.004837067321093699,0.9316549426138467,0.11264045397919635,0.0810895902748218,0.13643067423557254,0.9634341477045743,0.5317539950325297,0.5318587140534903,0.08389516941608474,366
weighted_fire_specificity_silence_sensitivity_tau_0_2,CWE-287,0.4113933317862749,0.2794778825235678,0.9593012238919346,0.9292433827419451,0.04069877610806528,0.7205221174764322,0.33262745715152897,0.2985296528690485,0.28511429480375416,0.8967277581762405,0.6193895532077512,0.6194583478687121,0.18441296175404936,984
weighted_fire_specificity_silence_sensitivity_tau_0_2,CWE-311,0.10824257742084949,0.14277831872768582,0.9554371579903789,0.9669805677465064,0.04456284200962119,0.8572216812723141,0.12303953461848198,0.13413548738769354,0.08592452930209729,0.9256406725697458,0.5491077383590323,0.5499145529414445,0.05777831657791286,392
weighted_fire_specificity_silence_sensitivity_tau_0_2,CWE-326,0.19666666666666668,0.13272727272727275,0.9974679212540589,0.9957757202871799,0.0025320787459410963,0.8672727272727274,0.19478844169246648,0.17585470085470087,0.15692649305738263,0.99326906024026,0.5650975969906658,0.565142346445034,0.06977954967853653,52
weighted_fire_specificity_silence_sensitivity_tau_0_2,CWE-327,0.3248531958025629,0.7424242424242424,0.9760572998723929,0.995928967631658,0.023942700127607165,0.25757575757575757,0.45168296288190046,0.5902105536257828,0.47992235782080395,0.9724930220358419,0.8592407711483177,0.8609224770178938,0.2629050685574386,163
weighted_fire_specificity_silence_sensitivity_tau_0_2,CWE-330,0.3771007130124777,0.6533333333333333,0.9845308090535095,0.9950155129225214,0.015469190946490543,0.3466666666666667,0.47777473421827715,0.5693941192296128,0.48697835532647005,0.9798853450080088,0.8189320711934214,0.8188589636040817,0.2933463461886405,150
weighted_fire_specificity_silence_sensitivity_tau_0_2,CWE-345,0.5,0.004651162790697674,0.9997987341772152,0.9397300086078133,0.00020126582278481012,0.9953488372093023,0.022959483264826774,0.014488099594482572,0.0487620741373188,0.939569257278597,0.5022249484839565,0.5022249484839565,0.0458592227406504,647
weighted_fire_specificity_silence_sensitivity_tau_0_2,CWE-400,0.06338757327922658,0.08452685421994885,0.9577875560180683,0.9692907591135727,0.042212443981931684,0.9154731457800512,0.07235949743769732,0.07916902358810671,0.03716323782311813,0.9297721567660693,0.5211572051190086,0.5208152162779346,0.045772191772876836,343
weighted_fire_specificity_silence_sensitivity_tau_0_2,CWE-477,0.0,0.0,0.895690186497573,0.9972832164743206,0.10430981350242696,1.0,,,-0.01681839456166385,0.8935109970270766,0.4478450932487865,0.4478450932487865,0.0016753866639435244,26
weighted_fire_specificity_silence_sensitivity_tau_0_2,CWE-489,0.0,0.0,0.9775060779787926,0.9995215272682026,0.022493922021207334,1.0,,,-0.0032717144388593653,0.9770489246817565,0.4887530389893963,0.4887530389893963,0.0006089287724074186,5
weighted_fire_specificity_silence_sensitivity_tau_0_2,CWE-573,0.15537640086839172,0.23666666666666666,0.9906655616547395,0.9945143768264637,0.009334438345260496,0.7633333333333333,0.186500497391567,0.21320695756928343,0.1840458146041684,0.9853066555269618,0.613666114160703,0.6136661141607032,0.06562293817875942,76
weighted_fire_specificity_silence_sensitivity_tau_0_2,CWE-610,0.22349019211884175,0.16565789473684212,0.9727757309178771,0.961494146851904,0.027224269082122953,0.8343421052631579,0.1889451489313563,0.1740591089007945,0.15945237233247514,0.9367690235867142,0.5692168128273596,0.5694638634793414,0.10570449036684922,477
weighted_fire_specificity_silence_sensitivity_tau_0_2,CWE-668,0.2552553706984046,0.3131450719822813,0.850512397973168,0.8832447091285968,0.149487602026832,0.6868549280177187,0.2810916361469385,0.2994323634997539,0.15052547288144372,0.7749251866099206,0.5818287349777246,0.583307134219011,0.1706354355467469,1504
weighted_fire_specificity_silence_sensitivity_tau_0_2,CWE-669,0.0,0.0,0.9957847427862152,0.9767044663167088,0.004215257213784795,1.0,,,-0.009738719257062371,0.9726834056761312,0.4978923713931076,0.4978923713931076,0.014174506591877417,248
weighted_fire_specificity_silence_sensitivity_tau_0_2,CWE-704,0.0,0.0,0.9830442573102884,0.9989517298604145,0.01695574268971159,1.0,,,-0.004197513717311529,0.9820314506859555,0.4915221286551442,0.4915221286551442,0.0013046881854933026,11
weighted_fire_specificity_silence_sensitivity_tau_0_2,CWE-706,0.2737086297556449,0.14653465346534653,0.9806759231851465,0.9586346859001988,0.01932407681485353,0.8534653465346536,0.18990799586544266,0.16117868687219997,0.1714632750426513,0.9412668938043083,0.5636052883252465,0.5640218217805082,0.14647321751512044,505
weighted_fire_specificity_silence_sensitivity_tau_0_2,CWE-74,0.35821254773325945,0.4627807391613362,0.8455354018538201,0.8941875046336616,0.1544645981461798,0.5372192608386638,0.4037039733005807,0.43714367839628476,0.27893497455036154,0.7854372227862461,0.6541580705075781,0.6614820214411969,0.32716978118043405,1679
weighted_fire_specificity_silence_sensitivity_tau_0_2,CWE-834,0.1,0.03205128205128205,0.9984916411464532,0.9943772352054389,0.001508358853546748,0.9679487179487178,0.11805555555555555,0.09175084175084175,0.05279023097236711,0.9928869422501672,0.5152714615988676,0.5152753961282979,0.01390575499062397,62
weighted_fire_specificity_silence_sensitivity_tau_0_2,CWE-913,0.24463452713379655,0.35609756097560974,0.9785393137191832,0.9872949115583406,0.021460686280816675,0.6439024390243903,0.2897604851289062,0.32611793644768927,0.2784652176813087,0.966599158392906,0.6673184373473966,0.6694249154777162,0.25901564597483495,205
weighted_fire_specificity_silence_sensitivity_tau_0_2,CWE-923,,0.0,1.0,0.9676343299044596,0.0,1.0,,,,0.9676343299044596,0.5,0.5,0.01909719052662098,346
weighted_fire_specificity_silence_sensitivity_tau_0_3,CWE-116,0.06607670249613984,0.21523809523809523,0.9787226621005857,0.9944478492341162,0.02127733789941435,0.7847619047619048,0.10083694083694084,0.14775654519900044,0.10815636507159873,0.9734431005965357,0.5969803786693404,0.5972712697634985,0.030346899406748656,74
weighted_fire_specificity_silence_sensitivity_tau_0_3,CWE-185,,0.0,1.0,0.9985969279035192,0.0,1.0,,,,0.9985969279035192,0.5,0.5,0.005349303737719003,15
weighted_fire_specificity_silence_sensitivity_tau_0_3,CWE-20,0.05089277185907583,0.2043478260869565,0.8288876825044582,0.9586209740918029,0.1711123174955417,0.7956521739130434,0.0814508786165167,0.1273787116950393,0.0177773649893794,0.8020143860214318,0.5166177542957074,0.5112370757724616,0.03810610210416625,460
weighted_fire_specificity_silence_sensitivity_tau_0_3,CWE-285,0.3272175536881419,0.06834505738615328,0.9951629326789064,0.9678812953935528,0.004837067321093699,0.9316549426138467,0.11264045397919635,0.0810895902748218,0.13643067423557254,0.9634341477045743,0.5317539950325297,0.5318587140534903,0.08389516941608474,366
weighted_fire_specificity_silence_sensitivity_tau_0_3,CWE-287,0.4113933317862749,0.2794778825235678,0.9593012238919346,0.9292433827419451,0.04069877610806528,0.7205221174764322,0.33262745715152897,0.2985296528690485,0.28511429480375416,0.8967277581762405,0.6193895532077512,0.6194583478687121,0.18441296175404936,984
weighted_fire_specificity_silence_sensitivity_tau_0_3,CWE-311,0.10824257742084949,0.14277831872768582,0.9554371579903789,0.9669805677465064,0.04456284200962119,0.8572216812723141,0.12303953461848198,0.13413548738769354,0.08592452930209729,0.9256406725697458,0.5491077383590323,0.5499145529414445,0.05777831657791286,392
weighted_fire_specificity_silence_sensitivity_tau_0_3,CWE-326,0.19666666666666668,0.13272727272727275,0.9974679212540589,0.9957757202871799,0.0025320787459410963,0.8672727272727274,0.19478844169246648,0.17585470085470087,0.15692649305738263,0.99326906024026,0.5650975969906658,0.565142346445034,0.06977954967853653,52
weighted_fire_specificity_silence_sensitivity_tau_0_3,CWE-327,0.3248531958025629,0.7424242424242424,0.9760572998723929,0.995928967631658,0.023942700127607165,0.25757575757575757,0.45168296288190046,0.5902105536257828,0.47992235782080395,0.9724930220358419,0.8592407711483177,0.8609224770178938,0.2629050685574386,163
weighted_fire_specificity_silence_sensitivity_tau_0_3,CWE-330,0.3771007130124777,0.6533333333333333,0.9845308090535095,0.9950155129225214,0.015469190946490543,0.3466666666666667,0.47777473421827715,0.5693941192296128,0.48697835532647005,0.9798853450080088,0.8189320711934214,0.8188589636040817,0.2933463461886405,150
weighted_fire_specificity_silence_sensitivity_tau_0_3,CWE-345,0.5,0.004651162790697674,0.9997987341772152,0.9397300086078133,0.00020126582278481012,0.9953488372093023,0.022959483264826774,0.014488099594482572,0.0487620741373188,0.939569257278597,0.5022249484839565,0.5022249484839565,0.0458592227406504,647
weighted_fire_specificity_silence_sensitivity_tau_0_3,CWE-400,0.06338757327922658,0.08452685421994885,0.9577875560180683,0.9692907591135727,0.042212443981931684,0.9154731457800512,0.07235949743769732,0.07916902358810671,0.03716323782311813,0.9297721567660693,0.5211572051190086,0.5208152162779346,0.045772191772876836,343
weighted_fire_specificity_silence_sensitivity_tau_0_3,CWE-477,0.0,0.0,0.895690186497573,0.9972832164743206,0.10430981350242696,1.0,,,-0.01681839456166385,0.8935109970270766,0.4478450932487865,0.4478450932487865,0.0016753866639435244,26
weighted_fire_specificity_silence_sensitivity_tau_0_3,CWE-489,0.0,0.0,0.9775060779787926,0.9995215272682026,0.022493922021207334,1.0,,,-0.0032717144388593653,0.9770489246817565,0.4887530389893963,0.4887530389893963,0.0006089287724074186,5
weighted_fire_specificity_silence_sensitivity_tau_0_3,CWE-573,0.15537640086839172,0.23666666666666666,0.9906655616547395,0.9945143768264637,0.009334438345260496,0.7633333333333333,0.186500497391567,0.21320695756928343,0.1840458146041684,0.9853066555269618,0.613666114160703,0.6136661141607032,0.06562293817875942,76
weighted_fire_specificity_silence_sensitivity_tau_0_3,CWE-610,0.22349019211884175,0.16565789473684212,0.9727757309178771,0.961494146851904,0.027224269082122953,0.8343421052631579,0.1889451489313563,0.1740591089007945,0.15945237233247514,0.9367690235867142,0.5692168128273596,0.5694638634793414,0.10570449036684922,477
weighted_fire_specificity_silence_sensitivity_tau_0_3,CWE-668,0.2552553706984046,0.3131450719822813,0.850512397973168,0.8832447091285968,0.149487602026832,0.6868549280177187,0.2810916361469385,0.2994323634997539,0.15052547288144372,0.7749251866099206,0.5818287349777246,0.583307134219011,0.1706354355467469,1504
weighted_fire_specificity_silence_sensitivity_tau_0_3,CWE-669,0.0,0.0,0.9957847427862152,0.9767044663167088,0.004215257213784795,1.0,,,-0.009738719257062371,0.9726834056761312,0.4978923713931076,0.4978923713931076,0.014174506591877417,248
weighted_fire_specificity_silence_sensitivity_tau_0_3,CWE-704,0.0,0.0,0.9830442573102884,0.9989517298604145,0.01695574268971159,1.0,,,-0.004197513717311529,0.9820314506859555,0.4915221286551442,0.4915221286551442,0.0013046881854933026,11
weighted_fire_specificity_silence_sensitivity_tau_0_3,CWE-706,0.2737086297556449,0.14653465346534653,0.9806759231851465,0.9586346859001988,0.01932407681485353,0.8534653465346536,0.18990799586544266,0.16117868687219997,0.1714632750426513,0.9412668938043083,0.5636052883252465,0.5640218217805082,0.14647321751512044,505
weighted_fire_specificity_silence_sensitivity_tau_0_3,CWE-74,0.35821254773325945,0.4627807391613362,0.8455354018538201,0.8941875046336616,0.1544645981461798,0.5372192608386638,0.4037039733005807,0.43714367839628476,0.27893497455036154,0.7854372227862461,0.6541580705075781,0.6614820214411969,0.32716978118043405,1679
weighted_fire_specificity_silence_sensitivity_tau_0_3,CWE-834,0.1,0.03205128205128205,0.9984916411464532,0.9943772352054389,0.001508358853546748,0.9679487179487178,0.11805555555555555,0.09175084175084175,0.05279023097236711,0.9928869422501672,0.5152714615988676,0.5152753961282979,0.01390575499062397,62
weighted_fire_specificity_silence_sensitivity_tau_0_3,CWE-913,0.24463452713379655,0.35609756097560974,0.9785393137191832,0.9872949115583406,0.021460686280816675,0.6439024390243903,0.2897604851289062,0.32611793644768927,0.2784652176813087,0.966599158392906,0.6673184373473966,0.6694249154777162,0.25901564597483495,205
weighted_fire_specificity_silence_sensitivity_tau_0_3,CWE-923,,0.0,1.0,0.9676343299044596,0.0,1.0,,,,0.9676343299044596,0.5,0.5,0.01909719052662098,346
weighted_fire_specificity_silence_sensitivity_tau_0_4,CWE-116,0.06607670249613984,0.21523809523809523,0.9787226621005857,0.9944478492341162,0.02127733789941435,0.7847619047619048,0.10083694083694084,0.14775654519900044,0.10815636507159873,0.9734431005965357,0.5969803786693404,0.5972712697634985,0.030346899406748656,74
weighted_fire_specificity_silence_sensitivity_tau_0_4,CWE-185,,0.0,1.0,0.9985969279035192,0.0,1.0,,,,0.9985969279035192,0.5,0.5,0.005349303737719003,15
weighted_fire_specificity_silence_sensitivity_tau_0_4,CWE-20,0.05089277185907583,0.2043478260869565,0.8288876825044582,0.9586209740918029,0.1711123174955417,0.7956521739130434,0.0814508786165167,0.1273787116950393,0.0177773649893794,0.8020143860214318,0.5166177542957074,0.5112370757724616,0.03810610210416625,460
weighted_fire_specificity_silence_sensitivity_tau_0_4,CWE-285,0.3272175536881419,0.06834505738615328,0.9951629326789064,0.9678812953935528,0.004837067321093699,0.9316549426138467,0.11264045397919635,0.0810895902748218,0.13643067423557254,0.9634341477045743,0.5317539950325297,0.5318587140534903,0.08389516941608474,366
weighted_fire_specificity_silence_sensitivity_tau_0_4,CWE-287,0.4113933317862749,0.2794778825235678,0.9593012238919346,0.9292433827419451,0.04069877610806528,0.7205221174764322,0.33262745715152897,0.2985296528690485,0.28511429480375416,0.8967277581762405,0.6193895532077512,0.6194583478687121,0.18441296175404936,984
weighted_fire_specificity_silence_sensitivity_tau_0_4,CWE-311,0.10824257742084949,0.14277831872768582,0.9554371579903789,0.9669805677465064,0.04456284200962119,0.8572216812723141,0.12303953461848198,0.13413548738769354,0.08592452930209729,0.9256406725697458,0.5491077383590323,0.5499145529414445,0.05777831657791286,392
weighted_fire_specificity_silence_sensitivity_tau_0_4,CWE-326,0.19666666666666668,0.13272727272727275,0.9974679212540589,0.9957757202871799,0.0025320787459410963,0.8672727272727274,0.19478844169246648,0.17585470085470087,0.15692649305738263,0.99326906024026,0.5650975969906658,0.565142346445034,0.06977954967853653,52
weighted_fire_specificity_silence_sensitivity_tau_0_4,CWE-327,0.3248531958025629,0.7424242424242424,0.9760572998723929,0.995928967631658,0.023942700127607165,0.25757575757575757,0.45168296288190046,0.5902105536257828,0.47992235782080395,0.9724930220358419,0.8592407711483177,0.8609224770178938,0.2629050685574386,163
weighted_fire_specificity_silence_sensitivity_tau_0_4,CWE-330,0.3771007130124777,0.6533333333333333,0.9845308090535095,0.9950155129225214,0.015469190946490543,0.3466666666666667,0.47777473421827715,0.5693941192296128,0.48697835532647005,0.9798853450080088,0.8189320711934214,0.8188589636040817,0.2933463461886405,150
weighted_fire_specificity_silence_sensitivity_tau_0_4,CWE-345,0.5,0.004651162790697674,0.9997987341772152,0.9397300086078133,0.00020126582278481012,0.9953488372093023,0.022959483264826774,0.014488099594482572,0.0487620741373188,0.939569257278597,0.5022249484839565,0.5022249484839565,0.0458592227406504,647
weighted_fire_specificity_silence_sensitivity_tau_0_4,CWE-400,0.06338757327922658,0.08452685421994885,0.9577875560180683,0.9692907591135727,0.042212443981931684,0.9154731457800512,0.07235949743769732,0.07916902358810671,0.03716323782311813,0.9297721567660693,0.5211572051190086,0.5208152162779346,0.045772191772876836,343
weighted_fire_specificity_silence_sensitivity_tau_0_4,CWE-477,0.0,0.0,0.895690186497573,0.9972832164743206,0.10430981350242696,1.0,,,-0.01681839456166385,0.8935109970270766,0.4478450932487865,0.4478450932487865,0.0016753866639435244,26
weighted_fire_specificity_silence_sensitivity_tau_0_4,CWE-489,0.0,0.0,0.9775060779787926,0.9995215272682026,0.022493922021207334,1.0,,,-0.0032717144388593653,0.9770489246817565,0.4887530389893963,0.4887530389893963,0.0006089287724074186,5
weighted_fire_specificity_silence_sensitivity_tau_0_4,CWE-573,0.15537640086839172,0.23666666666666666,0.9906655616547395,0.9945143768264637,0.009334438345260496,0.7633333333333333,0.186500497391567,0.21320695756928343,0.1840458146041684,0.9853066555269618,0.613666114160703,0.6136661141607032,0.06562293817875942,76
weighted_fire_specificity_silence_sensitivity_tau_0_4,CWE-610,0.22349019211884175,0.16565789473684212,0.9727757309178771,0.961494146851904,0.027224269082122953,0.8343421052631579,0.1889451489313563,0.1740591089007945,0.15945237233247514,0.9367690235867142,0.5692168128273596,0.5694638634793414,0.10570449036684922,477
weighted_fire_specificity_silence_sensitivity_tau_0_4,CWE-668,0.2552553706984046,0.3131450719822813,0.850512397973168,0.8832447091285968,0.149487602026832,0.6868549280177187,0.2810916361469385,0.2994323634997539,0.15052547288144372,0.7749251866099206,0.5818287349777246,0.583307134219011,0.1706354355467469,1504
weighted_fire_specificity_silence_sensitivity_tau_0_4,CWE-669,0.0,0.0,0.9957847427862152,0.9767044663167088,0.004215257213784795,1.0,,,-0.009738719257062371,0.9726834056761312,0.4978923713931076,0.4978923713931076,0.014174506591877417,248
weighted_fire_specificity_silence_sensitivity_tau_0_4,CWE-704,0.0,0.0,0.9830442573102884,0.9989517298604145,0.01695574268971159,1.0,,,-0.004197513717311529,0.9820314506859555,0.4915221286551442,0.4915221286551442,0.0013046881854933026,11
weighted_fire_specificity_silence_sensitivity_tau_0_4,CWE-706,0.2737086297556449,0.14653465346534653,0.9806759231851465,0.9586346859001988,0.01932407681485353,0.8534653465346536,0.18990799586544266,0.16117868687219997,0.1714632750426513,0.9412668938043083,0.5636052883252465,0.5640218217805082,0.14647321751512044,505
weighted_fire_specificity_silence_sensitivity_tau_0_4,CWE-74,0.35821254773325945,0.4627807391613362,0.8455354018538201,0.8941875046336616,0.1544645981461798,0.5372192608386638,0.4037039733005807,0.43714367839628476,0.27893497455036154,0.7854372227862461,0.6541580705075781,0.6614820214411969,0.32716978118043405,1679
weighted_fire_specificity_silence_sensitivity_tau_0_4,CWE-834,0.1,0.03205128205128205,0.9984916411464532,0.9943772352054389,0.001508358853546748,0.9679487179487178,0.11805555555555555,0.09175084175084175,0.05279023097236711,0.9928869422501672,0.5152714615988676,0.5152753961282979,0.01390575499062397,62
weighted_fire_specificity_silence_sensitivity_tau_0_4,CWE-913,0.24463452713379655,0.35609756097560974,0.9785393137191832,0.9872949115583406,0.021460686280816675,0.6439024390243903,0.2897604851289062,0.32611793644768927,0.2784652176813087,0.966599158392906,0.6673184373473966,0.6694249154777162,0.25901564597483495,205
weighted_fire_specificity_silence_sensitivity_tau_0_4,CWE-923,,0.0,1.0,0.9676343299044596,0.0,1.0,,,,0.9676343299044596,0.5,0.5,0.01909719052662098,346
weighted_fire_specificity_silence_sensitivity_tau_0_5,CWE-116,0.06607670249613984,0.21523809523809523,0.9787226621005857,0.9944478492341162,0.02127733789941435,0.7847619047619048,0.10083694083694084,0.14775654519900044,0.10815636507159873,0.9734431005965357,0.5969803786693404,0.5972712697634985,0.030346899406748656,74
weighted_fire_specificity_silence_sensitivity_tau_0_5,CWE-185,,0.0,1.0,0.9985969279035192,0.0,1.0,,,,0.9985969279035192,0.5,0.5,0.005349303737719003,15
weighted_fire_specificity_silence_sensitivity_tau_0_5,CWE-20,0.05089277185907583,0.2043478260869565,0.8288876825044582,0.9586209740918029,0.1711123174955417,0.7956521739130434,0.0814508786165167,0.1273787116950393,0.0177773649893794,0.8020143860214318,0.5166177542957074,0.5112370757724616,0.03810610210416625,460
weighted_fire_specificity_silence_sensitivity_tau_0_5,CWE-285,0.3272175536881419,0.06834505738615328,0.9951629326789064,0.9678812953935528,0.004837067321093699,0.9316549426138467,0.11264045397919635,0.0810895902748218,0.13643067423557254,0.9634341477045743,0.5317539950325297,0.5318587140534903,0.08389516941608474,366
weighted_fire_specificity_silence_sensitivity_tau_0_5,CWE-287,0.4113933317862749,0.2794778825235678,0.9593012238919346,0.9292433827419451,0.04069877610806528,0.7205221174764322,0.33262745715152897,0.2985296528690485,0.28511429480375416,0.8967277581762405,0.6193895532077512,0.6194583478687121,0.18441296175404936,984
weighted_fire_specificity_silence_sensitivity_tau_0_5,CWE-311,0.10824257742084949,0.14277831872768582,0.9554371579903789,0.9669805677465064,0.04456284200962119,0.8572216812723141,0.12303953461848198,0.13413548738769354,0.08592452930209729,0.9256406725697458,0.5491077383590323,0.5499145529414445,0.05777831657791286,392
weighted_fire_specificity_silence_sensitivity_tau_0_5,CWE-326,0.19666666666666668,0.13272727272727275,0.9974679212540589,0.9957757202871799,0.0025320787459410963,0.8672727272727274,0.19478844169246648,0.17585470085470087,0.15692649305738263,0.99326906024026,0.5650975969906658,0.565142346445034,0.06977954967853653,52
weighted_fire_specificity_silence_sensitivity_tau_0_5,CWE-327,0.4184335913863122,0.7058712121212121,0.9847977124567748,0.9953938132884425,0.015202287543225093,0.2941287878787879,0.5249671221273655,0.62013986786533,0.5343902330791634,0.9805410684514687,0.8453344622889934,0.8609224770178938,0.2629050685574386,163
weighted_fire_specificity_silence_sensitivity_tau_0_5,CWE-330,0.3771007130124777,0.6533333333333333,0.9845308090535095,0.9950155129225214,0.015469190946490543,0.3466666666666667,0.47777473421827715,0.5693941192296128,0.48697835532647005,0.9798853450080088,0.8189320711934214,0.8188589636040817,0.2933463461886405,150
weighted_fire_specificity_silence_sensitivity_tau_0_5,CWE-345,0.5,0.004651162790697674,0.9997987341772152,0.9397300086078133,0.00020126582278481012,0.9953488372093023,0.022959483264826774,0.014488099594482572,0.0487620741373188,0.939569257278597,0.5022249484839565,0.5022249484839565,0.0458592227406504,647
weighted_fire_specificity_silence_sensitivity_tau_0_5,CWE-400,0.06338757327922658,0.08452685421994885,0.9577875560180683,0.9692907591135727,0.042212443981931684,0.9154731457800512,0.07235949743769732,0.07916902358810671,0.03716323782311813,0.9297721567660693,0.5211572051190086,0.5208152162779346,0.045772191772876836,343
weighted_fire_specificity_silence_sensitivity_tau_0_5,CWE-477,0.0,0.0,0.895690186497573,0.9972832164743206,0.10430981350242696,1.0,,,-0.01681839456166385,0.8935109970270766,0.4478450932487865,0.4478450932487865,0.0016753866639435244,26
weighted_fire_specificity_silence_sensitivity_tau_0_5,CWE-489,0.0,0.0,0.9775060779787926,0.9995215272682026,0.022493922021207334,1.0,,,-0.0032717144388593653,0.9770489246817565,0.4887530389893963,0.4887530389893963,0.0006089287724074186,5
weighted_fire_specificity_silence_sensitivity_tau_0_5,CWE-573,0.15537640086839172,0.23666666666666666,0.9906655616547395,0.9945143768264637,0.009334438345260496,0.7633333333333333,0.186500497391567,0.21320695756928343,0.1840458146041684,0.9853066555269618,0.613666114160703,0.6136661141607032,0.06562293817875942,76
weighted_fire_specificity_silence_sensitivity_tau_0_5,CWE-610,0.22349019211884175,0.16565789473684212,0.9727757309178771,0.961494146851904,0.027224269082122953,0.8343421052631579,0.1889451489313563,0.1740591089007945,0.15945237233247514,0.9367690235867142,0.5692168128273596,0.5694638634793414,0.10570449036684922,477
weighted_fire_specificity_silence_sensitivity_tau_0_5,CWE-668,0.2552553706984046,0.3131450719822813,0.850512397973168,0.8832447091285968,0.149487602026832,0.6868549280177187,0.2810916361469385,0.2994323634997539,0.15052547288144372,0.7749251866099206,0.5818287349777246,0.583307134219011,0.1706354355467469,1504
weighted_fire_specificity_silence_sensitivity_tau_0_5,CWE-669,0.0,0.0,0.9957847427862152,0.9767044663167088,0.004215257213784795,1.0,,,-0.009738719257062371,0.9726834056761312,0.4978923713931076,0.4978923713931076,0.014174506591877417,248
weighted_fire_specificity_silence_sensitivity_tau_0_5,CWE-704,0.0,0.0,0.9830442573102884,0.9989517298604145,0.01695574268971159,1.0,,,-0.004197513717311529,0.9820314506859555,0.4915221286551442,0.4915221286551442,0.0013046881854933026,11
weighted_fire_specificity_silence_sensitivity_tau_0_5,CWE-706,0.2737086297556449,0.14653465346534653,0.9806759231851465,0.9586346859001988,0.01932407681485353,0.8534653465346536,0.18990799586544266,0.16117868687219997,0.1714632750426513,0.9412668938043083,0.5636052883252465,0.5640218217805082,0.14647321751512044,505
weighted_fire_specificity_silence_sensitivity_tau_0_5,CWE-74,0.35821254773325945,0.4627807391613362,0.8455354018538201,0.8941875046336616,0.1544645981461798,0.5372192608386638,0.4037039733005807,0.43714367839628476,0.27893497455036154,0.7854372227862461,0.6541580705075781,0.6614820214411969,0.32716978118043405,1679
weighted_fire_specificity_silence_sensitivity_tau_0_5,CWE-834,0.1,0.03205128205128205,0.9984916411464532,0.9943772352054389,0.001508358853546748,0.9679487179487178,0.11805555555555555,0.09175084175084175,0.05279023097236711,0.9928869422501672,0.5152714615988676,0.5152753961282979,0.01390575499062397,62
weighted_fire_specificity_silence_sensitivity_tau_0_5,CWE-913,0.24463452713379655,0.35609756097560974,0.9785393137191832,0.9872949115583406,0.021460686280816675,0.6439024390243903,0.2897604851289062,0.32611793644768927,0.2784652176813087,0.966599158392906,0.6673184373473966,0.6694249154777162,0.25901564597483495,205
weighted_fire_specificity_silence_sensitivity_tau_0_5,CWE-923,,0.0,1.0,0.9676343299044596,0.0,1.0,,,,0.9676343299044596,0.5,0.5,0.01909719052662098,346
weighted_fire_specificity_silence_sensitivity_tau_0_6,CWE-116,0.06607670249613984,0.21523809523809523,0.9787226621005857,0.9944478492341162,0.02127733789941435,0.7847619047619048,0.10083694083694084,0.14775654519900044,0.10815636507159873,0.9734431005965357,0.5969803786693404,0.5972712697634985,0.030346899406748656,74
weighted_fire_specificity_silence_sensitivity_tau_0_6,CWE-185,,0.0,1.0,0.9985969279035192,0.0,1.0,,,,0.9985969279035192,0.5,0.5,0.005349303737719003,15
weighted_fire_specificity_silence_sensitivity_tau_0_6,CWE-20,0.05089277185907583,0.2043478260869565,0.8288876825044582,0.9586209740918029,0.1711123174955417,0.7956521739130434,0.0814508786165167,0.1273787116950393,0.0177773649893794,0.8020143860214318,0.5166177542957074,0.5112370757724616,0.03810610210416625,460
weighted_fire_specificity_silence_sensitivity_tau_0_6,CWE-285,0.3272175536881419,0.06834505738615328,0.9951629326789064,0.9678812953935528,0.004837067321093699,0.9316549426138467,0.11264045397919635,0.0810895902748218,0.13643067423557254,0.9634341477045743,0.5317539950325297,0.5318587140534903,0.08389516941608474,366
weighted_fire_specificity_silence_sensitivity_tau_0_6,CWE-287,0.4113933317862749,0.2794778825235678,0.9593012238919346,0.9292433827419451,0.04069877610806528,0.7205221174764322,0.33262745715152897,0.2985296528690485,0.28511429480375416,0.8967277581762405,0.6193895532077512,0.6194583478687121,0.18441296175404936,984
weighted_fire_specificity_silence_sensitivity_tau_0_6,CWE-311,0.10824257742084949,0.14277831872768582,0.9554371579903789,0.9669805677465064,0.04456284200962119,0.8572216812723141,0.12303953461848198,0.13413548738769354,0.08592452930209729,0.9256406725697458,0.5491077383590323,0.5499145529414445,0.05777831657791286,392
weighted_fire_specificity_silence_sensitivity_tau_0_6,CWE-326,0.19666666666666668,0.13272727272727275,0.9974679212540589,0.9957757202871799,0.0025320787459410963,0.8672727272727274,0.19478844169246648,0.17585470085470087,0.15692649305738263,0.99326906024026,0.5650975969906658,0.565142346445034,0.06977954967853653,52
weighted_fire_specificity_silence_sensitivity_tau_0_6,CWE-327,0.42410491446811704,0.5827651515151515,0.9877420486628588,0.9935068180147475,0.012257951337141392,0.41723484848484843,0.4905219504853083,0.5418434825713738,0.4879081268610578,0.9815712167221188,0.7852536000890051,0.8609224770178938,0.2629050685574386,163
weighted_fire_specificity_silence_sensitivity_tau_0_6,CWE-330,0.3771007130124777,0.6533333333333333,0.9845308090535095,0.9950155129225214,0.015469190946490543,0.3466666666666667,0.47777473421827715,0.5693941192296128,0.48697835532647005,0.9798853450080088,0.8189320711934214,0.8188589636040817,0.2933463461886405,150
weighted_fire_specificity_silence_sensitivity_tau_0_6,CWE-345,0.5,0.004651162790697674,0.9997987341772152,0.9397300086078133,0.00020126582278481012,0.9953488372093023,0.022959483264826774,0.014488099594482572,0.0487620741373188,0.939569257278597,0.5022249484839565,0.5022249484839565,0.0458592227406504,647
weighted_fire_specificity_silence_sensitivity_tau_0_6,CWE-400,0.06338757327922658,0.08452685421994885,0.9577875560180683,0.9692907591135727,0.042212443981931684,0.9154731457800512,0.07235949743769732,0.07916902358810671,0.03716323782311813,0.9297721567660693,0.5211572051190086,0.5208152162779346,0.045772191772876836,343
weighted_fire_specificity_silence_sensitivity_tau_0_6,CWE-477,0.0,0.0,0.895690186497573,0.9972832164743206,0.10430981350242696,1.0,,,-0.01681839456166385,0.8935109970270766,0.4478450932487865,0.4478450932487865,0.0016753866639435244,26
weighted_fire_specificity_silence_sensitivity_tau_0_6,CWE-489,0.0,0.0,0.9775060779787926,0.9995215272682026,0.022493922021207334,1.0,,,-0.0032717144388593653,0.9770489246817565,0.4887530389893963,0.4887530389893963,0.0006089287724074186,5
weighted_fire_specificity_silence_sensitivity_tau_0_6,CWE-573,0.15537640086839172,0.23666666666666666,0.9906655616547395,0.9945143768264637,0.009334438345260496,0.7633333333333333,0.186500497391567,0.21320695756928343,0.1840458146041684,0.9853066555269618,0.613666114160703,0.6136661141607032,0.06562293817875942,76
weighted_fire_specificity_silence_sensitivity_tau_0_6,CWE-610,0.22349019211884175,0.16565789473684212,0.9727757309178771,0.961494146851904,0.027224269082122953,0.8343421052631579,0.1889451489313563,0.1740591089007945,0.15945237233247514,0.9367690235867142,0.5692168128273596,0.5694638634793414,0.10570449036684922,477
weighted_fire_specificity_silence_sensitivity_tau_0_6,CWE-668,0.2552553706984046,0.3131450719822813,0.850512397973168,0.8832447091285968,0.149487602026832,0.6868549280177187,0.2810916361469385,0.2994323634997539,0.15052547288144372,0.7749251866099206,0.5818287349777246,0.583307134219011,0.1706354355467469,1504
weighted_fire_specificity_silence_sensitivity_tau_0_6,CWE-669,0.0,0.0,0.9957847427862152,0.9767044663167088,0.004215257213784795,1.0,,,-0.009738719257062371,0.9726834056761312,0.4978923713931076,0.4978923713931076,0.014174506591877417,248
weighted_fire_specificity_silence_sensitivity_tau_0_6,CWE-704,0.0,0.0,0.9830442573102884,0.9989517298604145,0.01695574268971159,1.0,,,-0.004197513717311529,0.9820314506859555,0.4915221286551442,0.4915221286551442,0.0013046881854933026,11
weighted_fire_specificity_silence_sensitivity_tau_0_6,CWE-706,0.2737086297556449,0.14653465346534653,0.9806759231851465,0.9586346859001988,0.01932407681485353,0.8534653465346536,0.18990799586544266,0.16117868687219997,0.1714632750426513,0.9412668938043083,0.5636052883252465,0.5640218217805082,0.14647321751512044,505
weighted_fire_specificity_silence_sensitivity_tau_0_6,CWE-74,0.3797222739914692,0.44669687277896236,0.8641488710291073,0.8934722737295576,0.13585112897089271,0.5533031272210376,0.41030941991826647,0.43133756271841683,0.29137339229065545,0.7986119365151405,0.6554228719040348,0.6614820214411969,0.32716978118043405,1679
weighted_fire_specificity_silence_sensitivity_tau_0_6,CWE-834,0.1,0.03205128205128205,0.9984916411464532,0.9943772352054389,0.001508358853546748,0.9679487179487178,0.11805555555555555,0.09175084175084175,0.05279023097236711,0.9928869422501672,0.5152714615988676,0.5152753961282979,0.01390575499062397,62
weighted_fire_specificity_silence_sensitivity_tau_0_6,CWE-913,0.24463452713379655,0.35609756097560974,0.9785393137191832,0.9872949115583406,0.021460686280816675,0.6439024390243903,0.2897604851289062,0.32611793644768927,0.2784652176813087,0.966599158392906,0.6673184373473966,0.6694249154777162,0.25901564597483495,205
weighted_fire_specificity_silence_sensitivity_tau_0_6,CWE-923,,0.0,1.0,0.9676343299044596,0.0,1.0,,,,0.9676343299044596,0.5,0.5,0.01909719052662098,346
weighted_fire_specificity_silence_sensitivity_tau_0_7,CWE-116,0.06607670249613984,0.21523809523809523,0.9787226621005857,0.9944478492341162,0.02127733789941435,0.7847619047619048,0.10083694083694084,0.14775654519900044,0.10815636507159873,0.9734431005965357,0.5969803786693404,0.5972712697634985,0.030346899406748656,74
weighted_fire_specificity_silence_sensitivity_tau_0_7,CWE-185,,0.0,1.0,0.9985969279035192,0.0,1.0,,,,0.9985969279035192,0.5,0.5,0.005349303737719003,15
weighted_fire_specificity_silence_sensitivity_tau_0_7,CWE-20,0.05089277185907583,0.2043478260869565,0.8288876825044582,0.9586209740918029,0.1711123174955417,0.7956521739130434,0.0814508786165167,0.1273787116950393,0.0177773649893794,0.8020143860214318,0.5166177542957074,0.5112370757724616,0.03810610210416625,460
weighted_fire_specificity_silence_sensitivity_tau_0_7,CWE-285,0.3272175536881419,0.06834505738615328,0.9951629326789064,0.9678812953935528,0.004837067321093699,0.9316549426138467,0.11264045397919635,0.0810895902748218,0.13643067423557254,0.9634341477045743,0.5317539950325297,0.5318587140534903,0.08389516941608474,366
weighted_fire_specificity_silence_sensitivity_tau_0_7,CWE-287,0.4113933317862749,0.2794778825235678,0.9593012238919346,0.9292433827419451,0.04069877610806528,0.7205221174764322,0.33262745715152897,0.2985296528690485,0.28511429480375416,0.8967277581762405,0.6193895532077512,0.6194583478687121,0.18441296175404936,984
weighted_fire_specificity_silence_sensitivity_tau_0_7,CWE-311,0.10824257742084949,0.14277831872768582,0.9554371579903789,0.9669805677465064,0.04456284200962119,0.8572216812723141,0.12303953461848198,0.13413548738769354,0.08592452930209729,0.9256406725697458,0.5491077383590323,0.5499145529414445,0.05777831657791286,392
weighted_fire_specificity_silence_sensitivity_tau_0_7,CWE-326,0.19666666666666668,0.13272727272727275,0.9974679212540589,0.9957757202871799,0.0025320787459410963,0.8672727272727274,0.19478844169246648,0.17585470085470087,0.15692649305738263,0.99326906024026,0.5650975969906658,0.565142346445034,0.06977954967853653,52
weighted_fire_specificity_silence_sensitivity_tau_0_7,CWE-327,0.42410491446811704,0.5827651515151515,0.9877420486628588,0.9935068180147475,0.012257951337141392,0.41723484848484843,0.4905219504853083,0.5418434825713738,0.4879081268610578,0.9815712167221188,0.7852536000890051,0.8609224770178938,0.2629050685574386,163
weighted_fire_specificity_silence_sensitivity_tau_0_7,CWE-330,0.3771007130124777,0.6533333333333333,0.9845308090535095,0.9950155129225214,0.015469190946490543,0.3466666666666667,0.47777473421827715,0.5693941192296128,0.48697835532647005,0.9798853450080088,0.8189320711934214,0.8188589636040817,0.2933463461886405,150
weighted_fire_specificity_silence_sensitivity_tau_0_7,CWE-345,0.5,0.004651162790697674,0.9997987341772152,0.9397300086078133,0.00020126582278481012,0.9953488372093023,0.022959483264826774,0.014488099594482572,0.0487620741373188,0.939569257278597,0.5022249484839565,0.5022249484839565,0.0458592227406504,647
weighted_fire_specificity_silence_sensitivity_tau_0_7,CWE-400,0.06338757327922658,0.08452685421994885,0.9577875560180683,0.9692907591135727,0.042212443981931684,0.9154731457800512,0.07235949743769732,0.07916902358810671,0.03716323782311813,0.9297721567660693,0.5211572051190086,0.5208152162779346,0.045772191772876836,343
weighted_fire_specificity_silence_sensitivity_tau_0_7,CWE-477,0.0,0.0,0.895690186497573,0.9972832164743206,0.10430981350242696,1.0,,,-0.01681839456166385,0.8935109970270766,0.4478450932487865,0.4478450932487865,0.0016753866639435244,26
weighted_fire_specificity_silence_sensitivity_tau_0_7,CWE-489,0.0,0.0,0.9775060779787926,0.9995215272682026,0.022493922021207334,1.0,,,-0.0032717144388593653,0.9770489246817565,0.4887530389893963,0.4887530389893963,0.0006089287724074186,5
weighted_fire_specificity_silence_sensitivity_tau_0_7,CWE-573,0.15537640086839172,0.23666666666666666,0.9906655616547395,0.9945143768264637,0.009334438345260496,0.7633333333333333,0.186500497391567,0.21320695756928343,0.1840458146041684,0.9853066555269618,0.613666114160703,0.6136661141607032,0.06562293817875942,76
weighted_fire_specificity_silence_sensitivity_tau_0_7,CWE-610,0.22349019211884175,0.16565789473684212,0.9727757309178771,0.961494146851904,0.027224269082122953,0.8343421052631579,0.1889451489313563,0.1740591089007945,0.15945237233247514,0.9367690235867142,0.5692168128273596,0.5694638634793414,0.10570449036684922,477
weighted_fire_specificity_silence_sensitivity_tau_0_7,CWE-668,0.2552553706984046,0.3131450719822813,0.850512397973168,0.8832447091285968,0.149487602026832,0.6868549280177187,0.2810916361469385,0.2994323634997539,0.15052547288144372,0.7749251866099206,0.5818287349777246,0.583307134219011,0.1706354355467469,1504
weighted_fire_specificity_silence_sensitivity_tau_0_7,CWE-669,0.0,0.0,0.9957847427862152,0.9767044663167088,0.004215257213784795,1.0,,,-0.009738719257062371,0.9726834056761312,0.4978923713931076,0.4978923713931076,0.014174506591877417,248
weighted_fire_specificity_silence_sensitivity_tau_0_7,CWE-704,0.0,0.0,0.9830442573102884,0.9989517298604145,0.01695574268971159,1.0,,,-0.004197513717311529,0.9820314506859555,0.4915221286551442,0.4915221286551442,0.0013046881854933026,11
weighted_fire_specificity_silence_sensitivity_tau_0_7,CWE-706,0.2737086297556449,0.14653465346534653,0.9806759231851465,0.9586346859001988,0.01932407681485353,0.8534653465346536,0.18990799586544266,0.16117868687219997,0.1714632750426513,0.9412668938043083,0.5636052883252465,0.5640218217805082,0.14647321751512044,505
weighted_fire_specificity_silence_sensitivity_tau_0_7,CWE-74,0.44396881062458987,0.2870593461265103,0.9331073220328074,0.8754289916480804,0.06689267796719259,0.7129406538734897,0.34849642556637017,0.30881432420528504,0.2651233099504644,0.831675239624761,0.6100833340796589,0.6614820214411969,0.32716978118043405,1679
weighted_fire_specificity_silence_sensitivity_tau_0_7,CWE-834,0.1,0.03205128205128205,0.9984916411464532,0.9943772352054389,0.001508358853546748,0.9679487179487178,0.11805555555555555,0.09175084175084175,0.05279023097236711,0.9928869422501672,0.5152714615988676,0.5152753961282979,0.01390575499062397,62
weighted_fire_specificity_silence_sensitivity_tau_0_7,CWE-913,0.24085534524513458,0.3463414634146341,0.9787284982172382,0.987107247633045,0.021271501782761756,0.6536585365853659,0.2838401403114437,0.31819395266231865,0.27208756902866693,0.9665972579994382,0.6625349808159362,0.6694249154777162,0.25901564597483495,205
weighted_fire_specificity_silence_sensitivity_tau_0_7,CWE-923,,0.0,1.0,0.9676343299044596,0.0,1.0,,,,0.9676343299044596,0.5,0.5,0.01909719052662098,346
weighted_fire_specificity_silence_sensitivity_tau_0_8,CWE-116,0.0665995783131333,0.21523809523809523,0.9792900379871105,0.9944517249214451,0.020709962012889528,0.7847619047619048,0.10144300144300145,0.14827134571380096,0.10878306046090624,0.9740064808782257,0.5972640666126029,0.5972712697634985,0.030346899406748656,74
weighted_fire_specificity_silence_sensitivity_tau_0_8,CWE-185,,0.0,1.0,0.9985969279035192,0.0,1.0,,,,0.9985969279035192,0.5,0.5,0.005349303737719003,15
weighted_fire_specificity_silence_sensitivity_tau_0_8,CWE-20,0.05089277185907583,0.2043478260869565,0.8288876825044582,0.9586209740918029,0.1711123174955417,0.7956521739130434,0.0814508786165167,0.1273787116950393,0.0177773649893794,0.8020143860214318,0.5166177542957074,0.5112370757724616,0.03810610210416625,460
weighted_fire_specificity_silence_sensitivity_tau_0_8,CWE-285,0.3272175536881419,0.06834505738615328,0.9951629326789064,0.9678812953935528,0.004837067321093699,0.9316549426138467,0.11264045397919635,0.0810895902748218,0.13643067423557254,0.9634341477045743,0.5317539950325297,0.5318587140534903,0.08389516941608474,366
weighted_fire_specificity_silence_sensitivity_tau_0_8,CWE-287,0.4121277515861051,0.26220346006422873,0.9620841916571571,0.9278675439964227,0.03791580834284286,0.7377965399357713,0.3203281137555206,0.28270175665065056,0.2760787590644632,0.897664702209236,0.6121438258606929,0.6194583478687121,0.18441296175404936,984
weighted_fire_specificity_silence_sensitivity_tau_0_8,CWE-311,0.10824257742084949,0.14277831872768582,0.9554371579903789,0.9669805677465064,0.04456284200962119,0.8572216812723141,0.12303953461848198,0.13413548738769354,0.08592452930209729,0.9256406725697458,0.5491077383590323,0.5499145529414445,0.05777831657791286,392
weighted_fire_specificity_silence_sensitivity_tau_0_8,CWE-326,0.19666666666666668,0.13272727272727275,0.9974679212540589,0.9957757202871799,0.0025320787459410963,0.8672727272727274,0.19478844169246648,0.17585470085470087,0.15692649305738263,0.99326906024026,0.5650975969906658,0.565142346445034,0.06977954967853653,52
weighted_fire_specificity_silence_sensitivity_tau_0_8,CWE-327,0.4345673408716887,0.5642045454545455,0.9885931146505375,0.993227506326166,0.011406885349462602,0.4357954545454545,0.49042735042735036,0.5319908357490258,0.4860327088544091,0.9821284733696176,0.7763988300525415,0.8609224770178938,0.2629050685574386,163
weighted_fire_specificity_silence_sensitivity_tau_0_8,CWE-330,0.3771007130124777,0.6533333333333333,0.9845308090535095,0.9950155129225214,0.015469190946490543,0.3466666666666667,0.47777473421827715,0.5693941192296128,0.48697835532647005,0.9798853450080088,0.8189320711934214,0.8188589636040817,0.2933463461886405,150
weighted_fire_specificity_silence_sensitivity_tau_0_8,CWE-345,0.5,0.004651162790697674,0.9997987341772152,0.9397300086078133,0.00020126582278481012,0.9953488372093023,0.022959483264826774,0.014488099594482572,0.0487620741373188,0.939569257278597,0.5022249484839565,0.5022249484839565,0.0458592227406504,647
weighted_fire_specificity_silence_sensitivity_tau_0_8,CWE-400,0.06338757327922658,0.08452685421994885,0.9577875560180683,0.9692907591135727,0.042212443981931684,0.9154731457800512,0.07235949743769732,0.07916902358810671,0.03716323782311813,0.9297721567660693,0.5211572051190086,0.5208152162779346,0.045772191772876836,343
weighted_fire_specificity_silence_sensitivity_tau_0_8,CWE-477,0.0,0.0,0.895690186497573,0.9972832164743206,0.10430981350242696,1.0,,,-0.01681839456166385,0.8935109970270766,0.4478450932487865,0.4478450932487865,0.0016753866639435244,26
weighted_fire_specificity_silence_sensitivity_tau_0_8,CWE-489,0.0,0.0,0.9775060779787926,0.9995215272682026,0.022493922021207334,1.0,,,-0.0032717144388593653,0.9770489246817565,0.4887530389893963,0.4887530389893963,0.0006089287724074186,5
weighted_fire_specificity_silence_sensitivity_tau_0_8,CWE-573,0.15537640086839172,0.23666666666666666,0.9906655616547395,0.9945143768264637,0.009334438345260496,0.7633333333333333,0.186500497391567,0.21320695756928343,0.1840458146041684,0.9853066555269618,0.613666114160703,0.6136661141607032,0.06562293817875942,76
weighted_fire_specificity_silence_sensitivity_tau_0_8,CWE-610,0.22349019211884175,0.16565789473684212,0.9727757309178771,0.961494146851904,0.027224269082122953,0.8343421052631579,0.1889451489313563,0.1740591089007945,0.15945237233247514,0.9367690235867142,0.5692168128273596,0.5694638634793414,0.10570449036684922,477
weighted_fire_specificity_silence_sensitivity_tau_0_8,CWE-668,0.3535897830030884,0.11439645625692137,0.952147156110505,0.867951267414114,0.04785284388949499,0.8856035437430787,0.15296532702327337,0.12596473237240682,0.11391859688395536,0.8341810917736006,0.5332718061837133,0.583307134219011,0.1706354355467469,1504
weighted_fire_specificity_silence_sensitivity_tau_0_8,CWE-669,0.0,0.0,0.9957847427862152,0.9767044663167088,0.004215257213784795,1.0,,,-0.009738719257062371,0.9726834056761312,0.4978923713931076,0.4978923713931076,0.014174506591877417,248
weighted_fire_specificity_silence_sensitivity_tau_0_8,CWE-704,0.0,0.0,0.9830442573102884,0.9989517298604145,0.01695574268971159,1.0,,,-0.004197513717311529,0.9820314506859555,0.4915221286551442,0.4915221286551442,0.0013046881854933026,11
weighted_fire_specificity_silence_sensitivity_tau_0_8,CWE-706,0.2737086297556449,0.14653465346534653,0.9806759231851465,0.9586346859001988,0.01932407681485353,0.8534653465346536,0.18990799586544266,0.16117868687219997,0.1714632750426513,0.9412668938043083,0.5636052883252465,0.5640218217805082,0.14647321751512044,505
weighted_fire_specificity_silence_sensitivity_tau_0_8,CWE-74,0.44396881062458987,0.2870593461265103,0.9331073220328074,0.8754289916480804,0.06689267796719259,0.7129406538734897,0.34849642556637017,0.30881432420528504,0.2651233099504644,0.831675239624761,0.6100833340796589,0.6614820214411969,0.32716978118043405,1679
weighted_fire_specificity_silence_sensitivity_tau_0_8,CWE-834,0.1,0.03205128205128205,0.9984916411464532,0.9943772352054389,0.001508358853546748,0.9679487179487178,0.11805555555555555,0.09175084175084175,0.05279023097236711,0.9928869422501672,0.5152714615988676,0.5152753961282979,0.01390575499062397,62
weighted_fire_specificity_silence_sensitivity_tau_0_8,CWE-913,0.6098901098901098,0.24390243902439024,0.9969536103292708,0.9853847854817465,0.003046389670729363,0.7560975609756098,0.3453782670704934,0.27616400524459445,0.3766470095241531,0.982506983725141,0.6204280246768304,0.6694249154777162,0.25901564597483495,205
weighted_fire_specificity_silence_sensitivity_tau_0_8,CWE-923,,0.0,1.0,0.9676343299044596,0.0,1.0,,,,0.9676343299044596,0.5,0.5,0.01909719052662098,346
weighted_fire_specificity_silence_sensitivity_tau_0_9,CWE-116,0.074348603923072,0.21523809523809523,0.9813541026655415,0.9944625177400293,0.018645897334458542,0.7847619047619048,0.11036485617130778,0.15581101262163982,0.1162072124104097,0.9760563755708775,0.5982960989518183,0.5972712697634985,0.030346899406748656,74
weighted_fire_specificity_silence_sensitivity_tau_0_9,CWE-185,,0.0,1.0,0.9985969279035192,0.0,1.0,,,,0.9985969279035192,0.5,0.5,0.005349303737719003,15
weighted_fire_specificity_silence_sensitivity_tau_0_9,CWE-20,0.03513583787663318,0.12826086956521737,0.8414176358328007,0.9554745464265793,0.1585823641671994,0.8717391304347826,0.05514443600462767,0.08378923706863292,-0.016872384181014385,0.810725858318361,0.484839252699009,0.5112370757724616,0.03810610210416625,460
weighted_fire_specificity_silence_sensitivity_tau_0_9,CWE-285,0.6349206349206349,0.06564235468345056,0.9982656992664618,0.9678878462783714,0.001734300733538263,0.9343576453165493,0.11461000165641515,0.0790923293661511,0.18654330740273337,0.9663353789199428,0.5319540269749561,0.5318587140534903,0.08389516941608474,366
weighted_fire_specificity_silence_sensitivity_tau_0_9,CWE-287,0.4121277515861051,0.26220346006422873,0.9620841916571571,0.9278675439964227,0.03791580834284286,0.7377965399357713,0.3203281137555206,0.28270175665065056,0.2760787590644632,0.897664702209236,0.6121438258606929,0.6194583478687121,0.18441296175404936,984
weighted_fire_specificity_silence_sensitivity_tau_0_9,CWE-311,0.1349231910481502,0.13258682246024017,0.9677673841511073,0.967011496713851,0.032232615848892664,0.8674131775397598,0.13352518422016893,0.1329087367635878,0.10106520473388787,0.9371443716316925,0.5501771033056737,0.5499145529414445,0.05777831657791286,392
weighted_fire_specificity_silence_sensitivity_tau_0_9,CWE-326,0.19666666666666668,0.13272727272727275,0.9974679212540589,0.9957757202871799,0.0025320787459410963,0.8672727272727274,0.19478844169246648,0.17585470085470087,0.15692649305738263,0.99326906024026,0.5650975969906658,0.565142346445034,0.06977954967853653,52
weighted_fire_specificity_silence_sensitivity_tau_0_9,CWE-327,0.4345673408716887,0.5642045454545455,0.9885931146505375,0.993227506326166,0.011406885349462602,0.4357954545454545,0.49042735042735036,0.5319908357490258,0.4860327088544091,0.9821284733696176,0.7763988300525415,0.8609224770178938,0.2629050685574386,163
weighted_fire_specificity_silence_sensitivity_tau_0_9,CWE-330,0.3771007130124777,0.6533333333333333,0.9845308090535095,0.9950155129225214,0.015469190946490543,0.3466666666666667,0.47777473421827715,0.5693941192296128,0.48697835532647005,0.9798853450080088,0.8189320711934214,0.8188589636040817,0.2933463461886405,150
weighted_fire_specificity_silence_sensitivity_tau_0_9,CWE-345,0.5,0.004651162790697674,0.9997987341772152,0.9397300086078133,0.00020126582278481012,0.9953488372093023,0.022959483264826774,0.014488099594482572,0.0487620741373188,0.939569257278597,0.5022249484839565,0.5022249484839565,0.0458592227406504,647
weighted_fire_specificity_silence_sensitivity_tau_0_9,CWE-400,0.06338757327922658,0.08452685421994885,0.9577875560180683,0.9692907591135727,0.042212443981931684,0.9154731457800512,0.07235949743769732,0.07916902358810671,0.03716323782311813,0.9297721567660693,0.5211572051190086,0.5208152162779346,0.045772191772876836,343
weighted_fire_specificity_silence_sensitivity_tau_0_9,CWE-477,0.0,0.0,0.895690186497573,0.9972832164743206,0.10430981350242696,1.0,,,-0.01681839456166385,0.8935109970270766,0.4478450932487865,0.4478450932487865,0.0016753866639435244,26
weighted_fire_specificity_silence_sensitivity_tau_0_9,CWE-489,0.0,0.0,0.9775060779787926,0.9995215272682026,0.022493922021207334,1.0,,,-0.0032717144388593653,0.9770489246817565,0.4887530389893963,0.4887530389893963,0.0006089287724074186,5
weighted_fire_specificity_silence_sensitivity_tau_0_9,CWE-573,0.15537640086839172,0.23666666666666666,0.9906655616547395,0.9945143768264637,0.009334438345260496,0.7633333333333333,0.186500497391567,0.21320695756928343,0.1840458146041684,0.9853066555269618,0.613666114160703,0.6136661141607032,0.06562293817875942,76
weighted_fire_specificity_silence_sensitivity_tau_0_9,CWE-610,0.22093772600149547,0.13842105263157894,0.9767835015087949,0.9604410643724653,0.02321649849120506,0.861578947368421,0.16879294270376435,0.14899554899968456,0.14390386011557613,0.9393817357385095,0.557602277070187,0.5694638634793414,0.10570449036684922,477
weighted_fire_specificity_silence_sensitivity_tau_0_9,CWE-668,0.4490312121567249,0.07447397563676633,0.9849679270076483,0.866669770393506,0.015032072992351656,0.9255260243632337,0.12759198661033747,0.08934985223941143,0.13681248639372626,0.8568714311311352,0.5297209513222073,0.583307134219011,0.1706354355467469,1504
weighted_fire_specificity_silence_sensitivity_tau_0_9,CWE-669,0.0,0.0,0.9957847427862152,0.9767044663167088,0.004215257213784795,1.0,,,-0.009738719257062371,0.9726834056761312,0.4978923713931076,0.4978923713931076,0.014174506591877417,248
weighted_fire_specificity_silence_sensitivity_tau_0_9,CWE-704,0.0,0.0,0.9830442573102884,0.9989517298604145,0.01695574268971159,1.0,,,-0.004197513717311529,0.9820314506859555,0.4915221286551442,0.4915221286551442,0.0013046881854933026,11
weighted_fire_specificity_silence_sensitivity_tau_0_9,CWE-706,0.3127326817251723,0.14257425742574256,0.984212388025482,0.9585925048195915,0.015787611974517873,0.8574257425742575,0.19464885565152673,0.15956685301511825,0.18483608545622385,0.9444487097805127,0.5633933227256124,0.5640218217805082,0.14647321751512044,505
weighted_fire_specificity_silence_sensitivity_tau_0_9,CWE-74,0.49734608077551956,0.26859630419331915,0.9495195454420331,0.8745326633202957,0.050480454557966806,0.7314036958066809,0.34861476619561604,0.2957298836102682,0.28472710721732886,0.84260663686894,0.6090579248176761,0.6614820214411969,0.32716978118043405,1679
weighted_fire_specificity_silence_sensitivity_tau_0_9,CWE-834,0.1,0.03205128205128205,0.9984916411464532,0.9943772352054389,0.001508358853546748,0.9679487179487178,0.11805555555555555,0.09175084175084175,0.05279023097236711,0.9928869422501672,0.5152714615988676,0.5152753961282979,0.01390575499062397,62
weighted_fire_specificity_silence_sensitivity_tau_0_9,CWE-913,0.6098901098901098,0.24390243902439024,0.9969536103292708,0.9853847854817465,0.003046389670729363,0.7560975609756098,0.3453782670704934,0.27616400524459445,0.3766470095241531,0.982506983725141,0.6204280246768304,0.6694249154777162,0.25901564597483495,205
weighted_fire_specificity_silence_sensitivity_tau_0_9,CWE-923,,0.0,1.0,0.9676343299044596,0.0,1.0,,,,0.9676343299044596,0.5,0.5,0.01909719052662098,346
dst_dempster_fire_specificity_silence_sensitivity_tau_0_1,CWE-116,0.006923364162256254,1.0,0.0,,1.0,0.0,0.01375140292117264,0.0336828778281026,,0.006923364162256254,0.5,0.5966894875751823,0.02496062301403861,74
dst_dempster_fire_specificity_silence_sensitivity_tau_0_1,CWE-185,0.0014088539200488841,0.8,0.2,0.9986200551977921,0.8,0.2,0.002813743481785567,0.007004792651341831,,0.20085109417559752,0.5,0.5,0.005349303737719003,15
dst_dempster_fire_specificity_silence_sensitivity_tau_0_1,CWE-20,0.043027544292074484,1.0,0.0,,1.0,0.0,0.08250473905151004,0.18354483213686668,,0.043027544292074484,0.5,0.5211546909507442,0.04617638770014833,460
dst_dempster_fire_specificity_silence_sensitivity_tau_0_1,CWE-285,0.034236432890848004,1.0,0.0,,1.0,0.0,0.06620572062208614,0.15055956245821436,,0.034236432890848004,0.5,0.5318547318935668,0.08354982579918593,366
dst_dempster_fire_specificity_silence_sensitivity_tau_0_1,CWE-287,0.09204307134875142,1.0,0.0,,1.0,0.0,0.1685684934771065,0.3363626426643768,,0.09204307134875142,0.5,0.6193544160195146,0.1822268680850458,984
dst_dempster_fire_specificity_silence_sensitivity_tau_0_1,CWE-311,0.036668783098597516,1.0,0.0,,1.0,0.0,0.07074288735255836,0.15988732781937282,,0.036668783098597516,0.5,0.5488310847952995,0.044377909674207426,392
dst_dempster_fire_specificity_silence_sensitivity_tau_0_1,CWE-326,0.0048636927768490835,1.0,0.0,,1.0,0.0,0.009680200987384074,0.023853400477810562,,0.0048636927768490835,0.5,0.565142346445034,0.06977954967853653,52
dst_dempster_fire_specificity_silence_sensitivity_tau_0_1,CWE-327,0.3248531958025629,0.7424242424242424,0.9760572998723929,0.995928967631658,0.023942700127607165,0.25757575757575757,0.45168296288190046,0.5902105536257828,0.47992235782080395,0.9724930220358419,0.8592407711483177,0.8609224770178938,0.2629050685574386,163
dst_dempster_fire_specificity_silence_sensitivity_tau_0_1,CWE-330,0.014030720964806894,1.0,0.0,,1.0,0.0,0.027673126033732853,0.06642524162506888,,0.014030720964806894,0.5,0.8188589636040817,0.2933463461886405,150
dst_dempster_fire_specificity_silence_sensitivity_tau_0_1,CWE-345,0.060521008738769234,1.0,0.0,,1.0,0.0,0.11413334880001003,0.24361980731009608,,0.060521008738769234,0.5,0.5022249484839565,0.0458592227406504,647
dst_dempster_fire_specificity_silence_sensitivity_tau_0_1,CWE-400,0.03208546525398788,1.0,0.0,,1.0,0.0,0.062175465692835795,0.14217574028887417,,0.03208546525398788,0.5,0.5214991939600826,0.05197191419361811,343
dst_dempster_fire_specificity_silence_sensitivity_tau_0_1,CWE-477,0.002433465370619043,1.0,0.0,,1.0,0.0,0.004855029226921803,0.012049185376868006,,0.002433465370619043,0.5,0.4478450932487865,0.0016753866639435244,26
dst_dempster_fire_specificity_silence_sensitivity_tau_0_1,CWE-489,0.00046769069882689657,1.0,0.0,,1.0,0.0,0.0009349440850770644,0.002334086494058907,,0.00046769069882689657,0.5,0.4887530389893963,0.0006089287724074186,5
dst_dempster_fire_specificity_silence_sensitivity_tau_0_1,CWE-573,0.007108557127324231,1.0,0.0,,1.0,0.0,0.014116695197668136,0.034559446182001616,,0.007108557127324231,0.5,0.6136661141607032,0.06562293817875942,76
dst_dempster_fire_specificity_silence_sensitivity_tau_0_1,CWE-610,0.04461921740869906,1.0,0.0,,1.0,0.0,0.08542604496313569,0.1893038614205384,,0.04461921740869906,0.5,0.5696658222555782,0.11052863416690577,477
dst_dempster_fire_specificity_silence_sensitivity_tau_0_1,CWE-668,0.14068290402674866,1.0,0.0,,1.0,0.0,0.24666080008062224,0.45010474808778234,,0.14068290402674866,0.5,0.5870990032042227,0.19546631099340425,1504
dst_dempster_fire_specificity_silence_sensitivity_tau_0_1,CWE-669,0.02319934197627685,1.0,0.0,,1.0,0.0,0.04534630084845802,0.1061435463564738,,0.02319934197627685,0.5,0.4978923713931076,0.014174506591877417,248
dst_dempster_fire_specificity_silence_sensitivity_tau_0_1,CWE-704,0.0010303932741383536,1.0,0.0,,1.0,0.0,0.0020585875661481194,0.0051300496877075144,,0.0010303932741383536,0.5,0.4915221286551442,0.0013046881854933026,11
dst_dempster_fire_specificity_silence_sensitivity_tau_0_1,CWE-706,0.047236760581516546,1.0,0.0,,1.0,0.0,0.09021176348495849,0.19864664472198687,,0.047236760581516546,0.5,0.563703502446449,0.1328537753738072,505
dst_dempster_fire_specificity_silence_sensitivity_tau_0_1,CWE-74,0.15705207848569003,1.0,0.0,,1.0,0.0,0.27146517675133,0.4822700349262538,,0.15705207848569003,0.5,0.6593817432299539,0.3095246860013101,1679
dst_dempster_fire_specificity_silence_sensitivity_tau_0_1,CWE-834,0.005799296582554513,1.0,0.0,,1.0,0.0,0.011531607815566506,0.028338055965281345,,0.005799296582554513,0.5,0.5152675270694373,0.013350199435068415,62
dst_dempster_fire_specificity_silence_sensitivity_tau_0_1,CWE-913,0.019175318651902758,1.0,0.0,,1.0,0.0,0.03762901138815739,0.08904595908205172,,0.019175318651902758,0.5,0.6695906373269602,0.26299965838365286,205
dst_dempster_fire_specificity_silence_sensitivity_tau_0_1,CWE-923,0.03238502397880784,0.8,0.2,0.9677117454375292,0.8,0.2,0.06273771022471847,0.1433506581945013,,0.21945036827055212,0.5,0.5,0.01909719052662098,346
dst_dempster_fire_specificity_silence_sensitivity_tau_0_2,CWE-116,0.006923364162256254,1.0,0.0,,1.0,0.0,0.01375140292117264,0.0336828778281026,,0.006923364162256254,0.5,0.5966894875751823,0.02496062301403861,74
dst_dempster_fire_specificity_silence_sensitivity_tau_0_2,CWE-185,0.0014088539200488841,0.8,0.2,0.9986200551977921,0.8,0.2,0.002813743481785567,0.007004792651341831,,0.20085109417559752,0.5,0.5,0.005349303737719003,15
dst_dempster_fire_specificity_silence_sensitivity_tau_0_2,CWE-20,0.043027544292074484,1.0,0.0,,1.0,0.0,0.08250473905151004,0.18354483213686668,,0.043027544292074484,0.5,0.5211546909507442,0.04617638770014833,460
dst_dempster_fire_specificity_silence_sensitivity_tau_0_2,CWE-285,0.034236432890848004,1.0,0.0,,1.0,0.0,0.06620572062208614,0.15055956245821436,,0.034236432890848004,0.5,0.5318547318935668,0.08354982579918593,366
dst_dempster_fire_specificity_silence_sensitivity_tau_0_2,CWE-287,0.09204307134875142,1.0,0.0,,1.0,0.0,0.1685684934771065,0.3363626426643768,,0.09204307134875142,0.5,0.6193544160195146,0.1822268680850458,984
dst_dempster_fire_specificity_silence_sensitivity_tau_0_2,CWE-311,0.036668783098597516,1.0,0.0,,1.0,0.0,0.07074288735255836,0.15988732781937282,,0.036668783098597516,0.5,0.5488310847952995,0.044377909674207426,392
dst_dempster_fire_specificity_silence_sensitivity_tau_0_2,CWE-326,0.0048636927768490835,1.0,0.0,,1.0,0.0,0.009680200987384074,0.023853400477810562,,0.0048636927768490835,0.5,0.565142346445034,0.06977954967853653,52
dst_dempster_fire_specificity_silence_sensitivity_tau_0_2,CWE-327,0.3248531958025629,0.7424242424242424,0.9760572998723929,0.995928967631658,0.023942700127607165,0.25757575757575757,0.45168296288190046,0.5902105536257828,0.47992235782080395,0.9724930220358419,0.8592407711483177,0.8609224770178938,0.2629050685574386,163
dst_dempster_fire_specificity_silence_sensitivity_tau_0_2,CWE-330,0.3771007130124777,0.6533333333333333,0.9845308090535095,0.9950155129225214,0.015469190946490543,0.3466666666666667,0.47777473421827715,0.5693941192296128,0.48697835532647005,0.9798853450080088,0.8189320711934214,0.8188589636040817,0.2933463461886405,150
dst_dempster_fire_specificity_silence_sensitivity_tau_0_2,CWE-345,0.060521008738769234,1.0,0.0,,1.0,0.0,0.11413334880001003,0.24361980731009608,,0.060521008738769234,0.5,0.5022249484839565,0.0458592227406504,647
dst_dempster_fire_specificity_silence_sensitivity_tau_0_2,CWE-400,0.03208546525398788,1.0,0.0,,1.0,0.0,0.062175465692835795,0.14217574028887417,,0.03208546525398788,0.5,0.5214991939600826,0.05197191419361811,343
dst_dempster_fire_specificity_silence_sensitivity_tau_0_2,CWE-477,0.002433465370619043,1.0,0.0,,1.0,0.0,0.004855029226921803,0.012049185376868006,,0.002433465370619043,0.5,0.4478450932487865,0.0016753866639435244,26
dst_dempster_fire_specificity_silence_sensitivity_tau_0_2,CWE-489,0.00046769069882689657,1.0,0.0,,1.0,0.0,0.0009349440850770644,0.002334086494058907,,0.00046769069882689657,0.5,0.4887530389893963,0.0006089287724074186,5
dst_dempster_fire_specificity_silence_sensitivity_tau_0_2,CWE-573,0.007108557127324231,1.0,0.0,,1.0,0.0,0.014116695197668136,0.034559446182001616,,0.007108557127324231,0.5,0.6136661141607032,0.06562293817875942,76
dst_dempster_fire_specificity_silence_sensitivity_tau_0_2,CWE-610,0.04461921740869906,1.0,0.0,,1.0,0.0,0.08542604496313569,0.1893038614205384,,0.04461921740869906,0.5,0.5696658222555782,0.11052863416690577,477
dst_dempster_fire_specificity_silence_sensitivity_tau_0_2,CWE-668,0.14068290402674866,1.0,0.0,,1.0,0.0,0.24666080008062224,0.45010474808778234,,0.14068290402674866,0.5,0.5870990032042227,0.19546631099340425,1504
dst_dempster_fire_specificity_silence_sensitivity_tau_0_2,CWE-669,0.02319934197627685,1.0,0.0,,1.0,0.0,0.04534630084845802,0.1061435463564738,,0.02319934197627685,0.5,0.4978923713931076,0.014174506591877417,248
dst_dempster_fire_specificity_silence_sensitivity_tau_0_2,CWE-704,0.0010303932741383536,1.0,0.0,,1.0,0.0,0.0020585875661481194,0.0051300496877075144,,0.0010303932741383536,0.5,0.4915221286551442,0.0013046881854933026,11
dst_dempster_fire_specificity_silence_sensitivity_tau_0_2,CWE-706,0.047236760581516546,1.0,0.0,,1.0,0.0,0.09021176348495849,0.19864664472198687,,0.047236760581516546,0.5,0.563703502446449,0.1328537753738072,505
dst_dempster_fire_specificity_silence_sensitivity_tau_0_2,CWE-74,0.35821254773325945,0.4627807391613362,0.8455354018538201,0.8941875046336616,0.1544645981461798,0.5372192608386638,0.4037039733005807,0.43714367839628476,0.27893497455036154,0.7854372227862461,0.6541580705075781,0.6593817432299539,0.3095246860013101,1679
dst_dempster_fire_specificity_silence_sensitivity_tau_0_2,CWE-834,0.005799296582554513,1.0,0.0,,1.0,0.0,0.011531607815566506,0.028338055965281345,,0.005799296582554513,0.5,0.5152675270694373,0.013350199435068415,62
dst_dempster_fire_specificity_silence_sensitivity_tau_0_2,CWE-913,0.019175318651902758,1.0,0.0,,1.0,0.0,0.03762901138815739,0.08904595908205172,,0.019175318651902758,0.5,0.6695906373269602,0.26299965838365286,205
dst_dempster_fire_specificity_silence_sensitivity_tau_0_2,CWE-923,0.03238502397880784,0.8,0.2,0.9677117454375292,0.8,0.2,0.06273771022471847,0.1433506581945013,,0.21945036827055212,0.5,0.5,0.01909719052662098,346
dst_dempster_fire_specificity_silence_sensitivity_tau_0_3,CWE-116,0.006923364162256254,1.0,0.0,,1.0,0.0,0.01375140292117264,0.0336828778281026,,0.006923364162256254,0.5,0.5966894875751823,0.02496062301403861,74
dst_dempster_fire_specificity_silence_sensitivity_tau_0_3,CWE-185,0.0014088539200488841,0.8,0.2,0.9986200551977921,0.8,0.2,0.002813743481785567,0.007004792651341831,,0.20085109417559752,0.5,0.5,0.005349303737719003,15
dst_dempster_fire_specificity_silence_sensitivity_tau_0_3,CWE-20,0.043027544292074484,1.0,0.0,,1.0,0.0,0.08250473905151004,0.18354483213686668,,0.043027544292074484,0.5,0.5211546909507442,0.04617638770014833,460
dst_dempster_fire_specificity_silence_sensitivity_tau_0_3,CWE-285,0.034236432890848004,1.0,0.0,,1.0,0.0,0.06620572062208614,0.15055956245821436,,0.034236432890848004,0.5,0.5318547318935668,0.08354982579918593,366
dst_dempster_fire_specificity_silence_sensitivity_tau_0_3,CWE-287,0.09204307134875142,1.0,0.0,,1.0,0.0,0.1685684934771065,0.3363626426643768,,0.09204307134875142,0.5,0.6193544160195146,0.1822268680850458,984
dst_dempster_fire_specificity_silence_sensitivity_tau_0_3,CWE-311,0.036668783098597516,1.0,0.0,,1.0,0.0,0.07074288735255836,0.15988732781937282,,0.036668783098597516,0.5,0.5488310847952995,0.044377909674207426,392
dst_dempster_fire_specificity_silence_sensitivity_tau_0_3,CWE-326,0.0048636927768490835,1.0,0.0,,1.0,0.0,0.009680200987384074,0.023853400477810562,,0.0048636927768490835,0.5,0.565142346445034,0.06977954967853653,52
dst_dempster_fire_specificity_silence_sensitivity_tau_0_3,CWE-327,0.3248531958025629,0.7424242424242424,0.9760572998723929,0.995928967631658,0.023942700127607165,0.25757575757575757,0.45168296288190046,0.5902105536257828,0.47992235782080395,0.9724930220358419,0.8592407711483177,0.8609224770178938,0.2629050685574386,163
dst_dempster_fire_specificity_silence_sensitivity_tau_0_3,CWE-330,0.3771007130124777,0.6533333333333333,0.9845308090535095,0.9950155129225214,0.015469190946490543,0.3466666666666667,0.47777473421827715,0.5693941192296128,0.48697835532647005,0.9798853450080088,0.8189320711934214,0.8188589636040817,0.2933463461886405,150
dst_dempster_fire_specificity_silence_sensitivity_tau_0_3,CWE-345,0.060521008738769234,1.0,0.0,,1.0,0.0,0.11413334880001003,0.24361980731009608,,0.060521008738769234,0.5,0.5022249484839565,0.0458592227406504,647
dst_dempster_fire_specificity_silence_sensitivity_tau_0_3,CWE-400,0.03208546525398788,1.0,0.0,,1.0,0.0,0.062175465692835795,0.14217574028887417,,0.03208546525398788,0.5,0.5214991939600826,0.05197191419361811,343
dst_dempster_fire_specificity_silence_sensitivity_tau_0_3,CWE-477,0.002433465370619043,1.0,0.0,,1.0,0.0,0.004855029226921803,0.012049185376868006,,0.002433465370619043,0.5,0.4478450932487865,0.0016753866639435244,26
dst_dempster_fire_specificity_silence_sensitivity_tau_0_3,CWE-489,0.00046769069882689657,1.0,0.0,,1.0,0.0,0.0009349440850770644,0.002334086494058907,,0.00046769069882689657,0.5,0.4887530389893963,0.0006089287724074186,5
dst_dempster_fire_specificity_silence_sensitivity_tau_0_3,CWE-573,0.007108557127324231,1.0,0.0,,1.0,0.0,0.014116695197668136,0.034559446182001616,,0.007108557127324231,0.5,0.6136661141607032,0.06562293817875942,76
dst_dempster_fire_specificity_silence_sensitivity_tau_0_3,CWE-610,0.04461921740869906,1.0,0.0,,1.0,0.0,0.08542604496313569,0.1893038614205384,,0.04461921740869906,0.5,0.5696658222555782,0.11052863416690577,477
dst_dempster_fire_specificity_silence_sensitivity_tau_0_3,CWE-668,0.14068290402674866,1.0,0.0,,1.0,0.0,0.24666080008062224,0.45010474808778234,,0.14068290402674866,0.5,0.5870990032042227,0.19546631099340425,1504
dst_dempster_fire_specificity_silence_sensitivity_tau_0_3,CWE-669,0.02319934197627685,1.0,0.0,,1.0,0.0,0.04534630084845802,0.1061435463564738,,0.02319934197627685,0.5,0.4978923713931076,0.014174506591877417,248
dst_dempster_fire_specificity_silence_sensitivity_tau_0_3,CWE-704,0.0010303932741383536,1.0,0.0,,1.0,0.0,0.0020585875661481194,0.0051300496877075144,,0.0010303932741383536,0.5,0.4915221286551442,0.0013046881854933026,11
dst_dempster_fire_specificity_silence_sensitivity_tau_0_3,CWE-706,0.047236760581516546,1.0,0.0,,1.0,0.0,0.09021176348495849,0.19864664472198687,,0.047236760581516546,0.5,0.563703502446449,0.1328537753738072,505
dst_dempster_fire_specificity_silence_sensitivity_tau_0_3,CWE-74,0.35821254773325945,0.4627807391613362,0.8455354018538201,0.8941875046336616,0.1544645981461798,0.5372192608386638,0.4037039733005807,0.43714367839628476,0.27893497455036154,0.7854372227862461,0.6541580705075781,0.6593817432299539,0.3095246860013101,1679
dst_dempster_fire_specificity_silence_sensitivity_tau_0_3,CWE-834,0.005799296582554513,1.0,0.0,,1.0,0.0,0.011531607815566506,0.028338055965281345,,0.005799296582554513,0.5,0.5152675270694373,0.013350199435068415,62
dst_dempster_fire_specificity_silence_sensitivity_tau_0_3,CWE-913,0.24463452713379655,0.35609756097560974,0.9785393137191832,0.9872949115583406,0.021460686280816675,0.6439024390243903,0.2897604851289062,0.32611793644768927,0.2784652176813087,0.966599158392906,0.6673184373473966,0.6695906373269602,0.26299965838365286,205
dst_dempster_fire_specificity_silence_sensitivity_tau_0_3,CWE-923,0.03238502397880784,0.8,0.2,0.9677117454375292,0.8,0.2,0.06273771022471847,0.1433506581945013,,0.21945036827055212,0.5,0.5,0.01909719052662098,346
dst_dempster_fire_specificity_silence_sensitivity_tau_0_4,CWE-116,0.043945240405245695,0.3352380952380952,0.7829460314107687,0.9941337972228361,0.21705396858923134,0.6647619047619047,0.06724979683795047,0.1005021284976209,0.083386414949512,0.7798736690960697,0.559092063324432,0.5966894875751823,0.02496062301403861,74
dst_dempster_fire_specificity_silence_sensitivity_tau_0_4,CWE-185,0.0014088539200488841,0.8,0.2,0.9986200551977921,0.8,0.2,0.002813743481785567,0.007004792651341831,,0.20085109417559752,0.5,0.5,0.005349303737719003,15
dst_dempster_fire_specificity_silence_sensitivity_tau_0_4,CWE-20,0.04365270414455964,0.6673913043478261,0.3345758334514417,0.9571928832162412,0.6654241665485583,0.33260869565217394,0.07770407020133534,0.15344117179717798,0.002959519486320423,0.3489051258158919,0.5009835688996339,0.5211546909507442,0.04617638770014833,460
dst_dempster_fire_specificity_silence_sensitivity_tau_0_4,CWE-285,0.0560921300915314,0.8054794520547945,0.19885768681580202,0.9671296296296297,0.8011423131841979,0.19452054794520549,0.062406018337047085,0.12749291487460673,0.04883789032113471,0.2198850069478857,0.5021685694352983,0.5318547318935668,0.08354982579918593,366
dst_dempster_fire_specificity_silence_sensitivity_tau_0_4,CWE-287,0.4113933317862749,0.2794778825235678,0.9593012238919346,0.9292433827419451,0.04069877610806528,0.7205221174764322,0.33262745715152897,0.2985296528690485,0.28511429480375416,0.8967277581762405,0.6193895532077512,0.6193544160195146,0.1822268680850458,984
dst_dempster_fire_specificity_silence_sensitivity_tau_0_4,CWE-311,0.036668783098597516,1.0,0.0,,1.0,0.0,0.07074288735255836,0.15988732781937282,,0.036668783098597516,0.5,0.5488310847952995,0.044377909674207426,392
dst_dempster_fire_specificity_silence_sensitivity_tau_0_4,CWE-326,0.10864626601176494,0.4763636363636364,0.5984142230926434,0.9957972174998145,0.40158577690735664,0.5236363636363637,0.11374811702088816,0.1121319533286521,0.1454443537522588,0.5978876511345477,0.5373889297281399,0.565142346445034,0.06977954967853653,52
dst_dempster_fire_specificity_silence_sensitivity_tau_0_4,CWE-327,0.3248531958025629,0.7424242424242424,0.9760572998723929,0.995928967631658,0.023942700127607165,0.25757575757575757,0.45168296288190046,0.5902105536257828,0.47992235782080395,0.9724930220358419,0.8592407711483177,0.8609224770178938,0.2629050685574386,163
dst_dempster_fire_specificity_silence_sensitivity_tau_0_4,CWE-330,0.3771007130124777,0.6533333333333333,0.9845308090535095,0.9950155129225214,0.015469190946490543,0.3466666666666667,0.47777473421827715,0.5693941192296128,0.48697835532647005,0.9798853450080088,0.8189320711934214,0.8188589636040817,0.2933463461886405,150
dst_dempster_fire_specificity_silence_sensitivity_tau_0_4,CWE-345,0.060521008738769234,1.0,0.0,,1.0,0.0,0.11413334880001003,0.24361980731009608,,0.060521008738769234,0.5,0.5022249484839565,0.0458592227406504,647
dst_dempster_fire_specificity_silence_sensitivity_tau_0_4,CWE-400,0.03208546525398788,1.0,0.0,,1.0,0.0,0.062175465692835795,0.14217574028887417,,0.03208546525398788,0.5,0.5214991939600826,0.05197191419361811,343
dst_dempster_fire_specificity_silence_sensitivity_tau_0_4,CWE-477,0.002433465370619043,1.0,0.0,,1.0,0.0,0.004855029226921803,0.012049185376868006,,0.002433465370619043,0.5,0.4478450932487865,0.0016753866639435244,26
dst_dempster_fire_specificity_silence_sensitivity_tau_0_4,CWE-489,0.00046769069882689657,1.0,0.0,,1.0,0.0,0.0009349440850770644,0.002334086494058907,,0.00046769069882689657,0.5,0.4887530389893963,0.0006089287724074186,5
dst_dempster_fire_specificity_silence_sensitivity_tau_0_4,CWE-573,0.15537640086839172,0.23666666666666666,0.9906655616547395,0.9945143768264637,0.009334438345260496,0.7633333333333333,0.186500497391567,0.21320695756928343,0.1840458146041684,0.9853066555269618,0.613666114160703,0.6136661141607032,0.06562293817875942,76
dst_dempster_fire_specificity_silence_sensitivity_tau_0_4,CWE-610,0.1434732509565772,0.48182017543859645,0.5848459812046879,0.9603498678685902,0.4151540187953121,0.5181798245614035,0.13289864022890027,0.1636738844598309,0.1369697531365786,0.5803577937682465,0.5333330783216421,0.5696658222555782,0.11052863416690577,477
dst_dempster_fire_specificity_silence_sensitivity_tau_0_4,CWE-668,0.2552553706984046,0.3131450719822813,0.850512397973168,0.8832447091285968,0.149487602026832,0.6868549280177187,0.2810916361469385,0.2994323634997539,0.15052547288144372,0.7749251866099206,0.5818287349777246,0.5870990032042227,0.19546631099340425,1504
dst_dempster_fire_specificity_silence_sensitivity_tau_0_4,CWE-669,0.02319934197627685,1.0,0.0,,1.0,0.0,0.04534630084845802,0.1061435463564738,,0.02319934197627685,0.5,0.4978923713931076,0.014174506591877417,248
dst_dempster_fire_specificity_silence_sensitivity_tau_0_4,CWE-704,0.0010303932741383536,1.0,0.0,,1.0,0.0,0.0020585875661481194,0.0051300496877075144,,0.0010303932741383536,0.5,0.4915221286551442,0.0013046881854933026,11
dst_dempster_fire_specificity_silence_sensitivity_tau_0_4,CWE-706,0.047236760581516546,1.0,0.0,,1.0,0.0,0.09021176348495849,0.19864664472198687,,0.047236760581516546,0.5,0.563703502446449,0.1328537753738072,505
dst_dempster_fire_specificity_silence_sensitivity_tau_0_4,CWE-74,0.35821254773325945,0.4627807391613362,0.8455354018538201,0.8941875046336616,0.1544645981461798,0.5372192608386638,0.4037039733005807,0.43714367839628476,0.27893497455036154,0.7854372227862461,0.6541580705075781,0.6593817432299539,0.3095246860013101,1679
dst_dempster_fire_specificity_silence_sensitivity_tau_0_4,CWE-834,0.005799296582554513,1.0,0.0,,1.0,0.0,0.011531607815566506,0.028338055965281345,,0.005799296582554513,0.5,0.5152675270694373,0.013350199435068415,62
dst_dempster_fire_specificity_silence_sensitivity_tau_0_4,CWE-913,0.24463452713379655,0.35609756097560974,0.9785393137191832,0.9872949115583406,0.021460686280816675,0.6439024390243903,0.2897604851289062,0.32611793644768927,0.2784652176813087,0.966599158392906,0.6673184373473966,0.6695906373269602,0.26299965838365286,205
dst_dempster_fire_specificity_silence_sensitivity_tau_0_4,CWE-923,0.03238502397880784,0.8,0.2,0.9677117454375292,0.8,0.2,0.06273771022471847,0.1433506581945013,,0.21945036827055212,0.5,0.5,0.01909719052662098,346
dst_dempster_fire_specificity_silence_sensitivity_tau_0_5,CWE-116,0.06607670249613984,0.21523809523809523,0.9787226621005857,0.9944478492341162,0.02127733789941435,0.7847619047619048,0.10083694083694084,0.14775654519900044,0.10815636507159873,0.9734431005965357,0.5969803786693404,0.5966894875751823,0.02496062301403861,74
dst_dempster_fire_specificity_silence_sensitivity_tau_0_5,CWE-185,0.0014088539200488841,0.8,0.2,0.9986200551977921,0.8,0.2,0.002813743481785567,0.007004792651341831,,0.20085109417559752,0.5,0.5,0.005349303737719003,15
dst_dempster_fire_specificity_silence_sensitivity_tau_0_5,CWE-20,0.05089277185907583,0.2043478260869565,0.8288876825044582,0.9586209740918029,0.1711123174955417,0.7956521739130434,0.0814508786165167,0.1273787116950393,0.0177773649893794,0.8020143860214318,0.5166177542957074,0.5211546909507442,0.04617638770014833,460
dst_dempster_fire_specificity_silence_sensitivity_tau_0_5,CWE-285,0.3272175536881419,0.06834505738615328,0.9951629326789064,0.9678812953935528,0.004837067321093699,0.9316549426138467,0.11264045397919635,0.0810895902748218,0.13643067423557254,0.9634341477045743,0.5317539950325297,0.5318547318935668,0.08354982579918593,366
dst_dempster_fire_specificity_silence_sensitivity_tau_0_5,CWE-287,0.4113933317862749,0.2794778825235678,0.9593012238919346,0.9292433827419451,0.04069877610806528,0.7205221174764322,0.33262745715152897,0.2985296528690485,0.28511429480375416,0.8967277581762405,0.6193895532077512,0.6193544160195146,0.1822268680850458,984
dst_dempster_fire_specificity_silence_sensitivity_tau_0_5,CWE-311,0.10824257742084949,0.14277831872768582,0.9554371579903789,0.9669805677465064,0.04456284200962119,0.8572216812723141,0.12303953461848198,0.13413548738769354,0.08592452930209729,0.9256406725697458,0.5491077383590323,0.5488310847952995,0.044377909674207426,392
dst_dempster_fire_specificity_silence_sensitivity_tau_0_5,CWE-326,0.19666666666666668,0.13272727272727275,0.9974679212540589,0.9957757202871799,0.0025320787459410963,0.8672727272727274,0.19478844169246648,0.17585470085470087,0.15692649305738263,0.99326906024026,0.5650975969906658,0.565142346445034,0.06977954967853653,52
dst_dempster_fire_specificity_silence_sensitivity_tau_0_5,CWE-327,0.3248531958025629,0.7424242424242424,0.9760572998723929,0.995928967631658,0.023942700127607165,0.25757575757575757,0.45168296288190046,0.5902105536257828,0.47992235782080395,0.9724930220358419,0.8592407711483177,0.8609224770178938,0.2629050685574386,163
dst_dempster_fire_specificity_silence_sensitivity_tau_0_5,CWE-330,0.3771007130124777,0.6533333333333333,0.9845308090535095,0.9950155129225214,0.015469190946490543,0.3466666666666667,0.47777473421827715,0.5693941192296128,0.48697835532647005,0.9798853450080088,0.8189320711934214,0.8188589636040817,0.2933463461886405,150
dst_dempster_fire_specificity_silence_sensitivity_tau_0_5,CWE-345,0.5,0.004651162790697674,0.9997987341772152,0.9397300086078133,0.00020126582278481012,0.9953488372093023,0.022959483264826774,0.014488099594482572,0.0487620741373188,0.939569257278597,0.5022249484839565,0.5022249484839565,0.0458592227406504,647
dst_dempster_fire_specificity_silence_sensitivity_tau_0_5,CWE-400,0.06338757327922658,0.08452685421994885,0.9577875560180683,0.9692907591135727,0.042212443981931684,0.9154731457800512,0.07235949743769732,0.07916902358810671,0.03716323782311813,0.9297721567660693,0.5211572051190086,0.5214991939600826,0.05197191419361811,343
dst_dempster_fire_specificity_silence_sensitivity_tau_0_5,CWE-477,0.002433465370619043,1.0,0.0,,1.0,0.0,0.004855029226921803,0.012049185376868006,,0.002433465370619043,0.5,0.4478450932487865,0.0016753866639435244,26
dst_dempster_fire_specificity_silence_sensitivity_tau_0_5,CWE-489,0.00046769069882689657,1.0,0.0,,1.0,0.0,0.0009349440850770644,0.002334086494058907,,0.00046769069882689657,0.5,0.4887530389893963,0.0006089287724074186,5
dst_dempster_fire_specificity_silence_sensitivity_tau_0_5,CWE-573,0.15537640086839172,0.23666666666666666,0.9906655616547395,0.9945143768264637,0.009334438345260496,0.7633333333333333,0.186500497391567,0.21320695756928343,0.1840458146041684,0.9853066555269618,0.613666114160703,0.6136661141607032,0.06562293817875942,76
dst_dempster_fire_specificity_silence_sensitivity_tau_0_5,CWE-610,0.22349019211884175,0.16565789473684212,0.9727757309178771,0.961494146851904,0.027224269082122953,0.8343421052631579,0.1889451489313563,0.1740591089007945,0.15945237233247514,0.9367690235867142,0.5692168128273596,0.5696658222555782,0.11052863416690577,477
dst_dempster_fire_specificity_silence_sensitivity_tau_0_5,CWE-668,0.2552553706984046,0.3131450719822813,0.850512397973168,0.8832447091285968,0.149487602026832,0.6868549280177187,0.2810916361469385,0.2994323634997539,0.15052547288144372,0.7749251866099206,0.5818287349777246,0.5870990032042227,0.19546631099340425,1504
dst_dempster_fire_specificity_silence_sensitivity_tau_0_5,CWE-669,0.02319934197627685,1.0,0.0,,1.0,0.0,0.04534630084845802,0.1061435463564738,,0.02319934197627685,0.5,0.4978923713931076,0.014174506591877417,248
dst_dempster_fire_specificity_silence_sensitivity_tau_0_5,CWE-704,0.0010303932741383536,1.0,0.0,,1.0,0.0,0.0020585875661481194,0.0051300496877075144,,0.0010303932741383536,0.5,0.4915221286551442,0.0013046881854933026,11
dst_dempster_fire_specificity_silence_sensitivity_tau_0_5,CWE-706,0.2737086297556449,0.14653465346534653,0.9806759231851465,0.9586346859001988,0.01932407681485353,0.8534653465346536,0.18990799586544266,0.16117868687219997,0.1714632750426513,0.9412668938043083,0.5636052883252465,0.563703502446449,0.1328537753738072,505
dst_dempster_fire_specificity_silence_sensitivity_tau_0_5,CWE-74,0.35821254773325945,0.4627807391613362,0.8455354018538201,0.8941875046336616,0.1544645981461798,0.5372192608386638,0.4037039733005807,0.43714367839628476,0.27893497455036154,0.7854372227862461,0.6541580705075781,0.6593817432299539,0.3095246860013101,1679
dst_dempster_fire_specificity_silence_sensitivity_tau_0_5,CWE-834,0.1,0.03205128205128205,0.9984916411464532,0.9943772352054389,0.001508358853546748,0.9679487179487178,0.11805555555555555,0.09175084175084175,0.05279023097236711,0.9928869422501672,0.5152714615988676,0.5152675270694373,0.013350199435068415,62
dst_dempster_fire_specificity_silence_sensitivity_tau_0_5,CWE-913,0.24463452713379655,0.35609756097560974,0.9785393137191832,0.9872949115583406,0.021460686280816675,0.6439024390243903,0.2897604851289062,0.32611793644768927,0.2784652176813087,0.966599158392906,0.6673184373473966,0.6695906373269602,0.26299965838365286,205
dst_dempster_fire_specificity_silence_sensitivity_tau_0_5,CWE-923,,0.0,1.0,0.9676343299044596,0.0,1.0,,,,0.9676343299044596,0.5,0.5,0.01909719052662098,346
dst_dempster_fire_specificity_silence_sensitivity_tau_0_6,CWE-116,0.06607670249613984,0.21523809523809523,0.9787226621005857,0.9944478492341162,0.02127733789941435,0.7847619047619048,0.10083694083694084,0.14775654519900044,0.10815636507159873,0.9734431005965357,0.5969803786693404,0.5966894875751823,0.02496062301403861,74
dst_dempster_fire_specificity_silence_sensitivity_tau_0_6,CWE-185,,0.0,1.0,0.9985969279035192,0.0,1.0,,,,0.9985969279035192,0.5,0.5,0.005349303737719003,15
dst_dempster_fire_specificity_silence_sensitivity_tau_0_6,CWE-20,0.05089277185907583,0.2043478260869565,0.8288876825044582,0.9586209740918029,0.1711123174955417,0.7956521739130434,0.0814508786165167,0.1273787116950393,0.0177773649893794,0.8020143860214318,0.5166177542957074,0.5211546909507442,0.04617638770014833,460
dst_dempster_fire_specificity_silence_sensitivity_tau_0_6,CWE-285,0.3272175536881419,0.06834505738615328,0.9951629326789064,0.9678812953935528,0.004837067321093699,0.9316549426138467,0.11264045397919635,0.0810895902748218,0.13643067423557254,0.9634341477045743,0.5317539950325297,0.5318547318935668,0.08354982579918593,366
dst_dempster_fire_specificity_silence_sensitivity_tau_0_6,CWE-287,0.4113933317862749,0.2794778825235678,0.9593012238919346,0.9292433827419451,0.04069877610806528,0.7205221174764322,0.33262745715152897,0.2985296528690485,0.28511429480375416,0.8967277581762405,0.6193895532077512,0.6193544160195146,0.1822268680850458,984
dst_dempster_fire_specificity_silence_sensitivity_tau_0_6,CWE-311,0.10824257742084949,0.14277831872768582,0.9554371579903789,0.9669805677465064,0.04456284200962119,0.8572216812723141,0.12303953461848198,0.13413548738769354,0.08592452930209729,0.9256406725697458,0.5491077383590323,0.5488310847952995,0.044377909674207426,392
dst_dempster_fire_specificity_silence_sensitivity_tau_0_6,CWE-326,0.19666666666666668,0.13272727272727275,0.9974679212540589,0.9957757202871799,0.0025320787459410963,0.8672727272727274,0.19478844169246648,0.17585470085470087,0.15692649305738263,0.99326906024026,0.5650975969906658,0.565142346445034,0.06977954967853653,52
dst_dempster_fire_specificity_silence_sensitivity_tau_0_6,CWE-327,0.3248531958025629,0.7424242424242424,0.9760572998723929,0.995928967631658,0.023942700127607165,0.25757575757575757,0.45168296288190046,0.5902105536257828,0.47992235782080395,0.9724930220358419,0.8592407711483177,0.8609224770178938,0.2629050685574386,163
dst_dempster_fire_specificity_silence_sensitivity_tau_0_6,CWE-330,0.3771007130124777,0.6533333333333333,0.9845308090535095,0.9950155129225214,0.015469190946490543,0.3466666666666667,0.47777473421827715,0.5693941192296128,0.48697835532647005,0.9798853450080088,0.8189320711934214,0.8188589636040817,0.2933463461886405,150
dst_dempster_fire_specificity_silence_sensitivity_tau_0_6,CWE-345,0.5,0.004651162790697674,0.9997987341772152,0.9397300086078133,0.00020126582278481012,0.9953488372093023,0.022959483264826774,0.014488099594482572,0.0487620741373188,0.939569257278597,0.5022249484839565,0.5022249484839565,0.0458592227406504,647
dst_dempster_fire_specificity_silence_sensitivity_tau_0_6,CWE-400,0.06338757327922658,0.08452685421994885,0.9577875560180683,0.9692907591135727,0.042212443981931684,0.9154731457800512,0.07235949743769732,0.07916902358810671,0.03716323782311813,0.9297721567660693,0.5211572051190086,0.5214991939600826,0.05197191419361811,343
dst_dempster_fire_specificity_silence_sensitivity_tau_0_6,CWE-477,0.0,0.0,0.895690186497573,0.9972832164743206,0.10430981350242696,1.0,,,-0.01681839456166385,0.8935109970270766,0.4478450932487865,0.4478450932487865,0.0016753866639435244,26
dst_dempster_fire_specificity_silence_sensitivity_tau_0_6,CWE-489,0.0,0.0,0.9775060779787926,0.9995215272682026,0.022493922021207334,1.0,,,-0.0032717144388593653,0.9770489246817565,0.4887530389893963,0.4887530389893963,0.0006089287724074186,5
dst_dempster_fire_specificity_silence_sensitivity_tau_0_6,CWE-573,0.15537640086839172,0.23666666666666666,0.9906655616547395,0.9945143768264637,0.009334438345260496,0.7633333333333333,0.186500497391567,0.21320695756928343,0.1840458146041684,0.9853066555269618,0.613666114160703,0.6136661141607032,0.06562293817875942,76
dst_dempster_fire_specificity_silence_sensitivity_tau_0_6,CWE-610,0.22349019211884175,0.16565789473684212,0.9727757309178771,0.961494146851904,0.027224269082122953,0.8343421052631579,0.1889451489313563,0.1740591089007945,0.15945237233247514,0.9367690235867142,0.5692168128273596,0.5696658222555782,0.11052863416690577,477
dst_dempster_fire_specificity_silence_sensitivity_tau_0_6,CWE-668,0.2552553706984046,0.3131450719822813,0.850512397973168,0.8832447091285968,0.149487602026832,0.6868549280177187,0.2810916361469385,0.2994323634997539,0.15052547288144372,0.7749251866099206,0.5818287349777246,0.5870990032042227,0.19546631099340425,1504
dst_dempster_fire_specificity_silence_sensitivity_tau_0_6,CWE-669,0.0,0.0,0.9957847427862152,0.9767044663167088,0.004215257213784795,1.0,,,-0.009738719257062371,0.9726834056761312,0.4978923713931076,0.4978923713931076,0.014174506591877417,248
dst_dempster_fire_specificity_silence_sensitivity_tau_0_6,CWE-704,0.0,0.0,0.9830442573102884,0.9989517298604145,0.01695574268971159,1.0,,,-0.004197513717311529,0.9820314506859555,0.4915221286551442,0.4915221286551442,0.0013046881854933026,11
dst_dempster_fire_specificity_silence_sensitivity_tau_0_6,CWE-706,0.2737086297556449,0.14653465346534653,0.9806759231851465,0.9586346859001988,0.01932407681485353,0.8534653465346536,0.18990799586544266,0.16117868687219997,0.1714632750426513,0.9412668938043083,0.5636052883252465,0.563703502446449,0.1328537753738072,505
dst_dempster_fire_specificity_silence_sensitivity_tau_0_6,CWE-74,0.35821254773325945,0.4627807391613362,0.8455354018538201,0.8941875046336616,0.1544645981461798,0.5372192608386638,0.4037039733005807,0.43714367839628476,0.27893497455036154,0.7854372227862461,0.6541580705075781,0.6593817432299539,0.3095246860013101,1679
dst_dempster_fire_specificity_silence_sensitivity_tau_0_6,CWE-834,0.1,0.03205128205128205,0.9984916411464532,0.9943772352054389,0.001508358853546748,0.9679487179487178,0.11805555555555555,0.09175084175084175,0.05279023097236711,0.9928869422501672,0.5152714615988676,0.5152675270694373,0.013350199435068415,62
dst_dempster_fire_specificity_silence_sensitivity_tau_0_6,CWE-913,0.24463452713379655,0.35609756097560974,0.9785393137191832,0.9872949115583406,0.021460686280816675,0.6439024390243903,0.2897604851289062,0.32611793644768927,0.2784652176813087,0.966599158392906,0.6673184373473966,0.6695906373269602,0.26299965838365286,205
dst_dempster_fire_specificity_silence_sensitivity_tau_0_6,CWE-923,,0.0,1.0,0.9676343299044596,0.0,1.0,,,,0.9676343299044596,0.5,0.5,0.01909719052662098,346
dst_dempster_fire_specificity_silence_sensitivity_tau_0_7,CWE-116,0.06607670249613984,0.21523809523809523,0.9787226621005857,0.9944478492341162,0.02127733789941435,0.7847619047619048,0.10083694083694084,0.14775654519900044,0.10815636507159873,0.9734431005965357,0.5969803786693404,0.5966894875751823,0.02496062301403861,74
dst_dempster_fire_specificity_silence_sensitivity_tau_0_7,CWE-185,,0.0,1.0,0.9985969279035192,0.0,1.0,,,,0.9985969279035192,0.5,0.5,0.005349303737719003,15
dst_dempster_fire_specificity_silence_sensitivity_tau_0_7,CWE-20,0.05089277185907583,0.2043478260869565,0.8288876825044582,0.9586209740918029,0.1711123174955417,0.7956521739130434,0.0814508786165167,0.1273787116950393,0.0177773649893794,0.8020143860214318,0.5166177542957074,0.5211546909507442,0.04617638770014833,460
dst_dempster_fire_specificity_silence_sensitivity_tau_0_7,CWE-285,0.3272175536881419,0.06834505738615328,0.9951629326789064,0.9678812953935528,0.004837067321093699,0.9316549426138467,0.11264045397919635,0.0810895902748218,0.13643067423557254,0.9634341477045743,0.5317539950325297,0.5318547318935668,0.08354982579918593,366
dst_dempster_fire_specificity_silence_sensitivity_tau_0_7,CWE-287,0.4113933317862749,0.2794778825235678,0.9593012238919346,0.9292433827419451,0.04069877610806528,0.7205221174764322,0.33262745715152897,0.2985296528690485,0.28511429480375416,0.8967277581762405,0.6193895532077512,0.6193544160195146,0.1822268680850458,984
dst_dempster_fire_specificity_silence_sensitivity_tau_0_7,CWE-311,0.10824257742084949,0.14277831872768582,0.9554371579903789,0.9669805677465064,0.04456284200962119,0.8572216812723141,0.12303953461848198,0.13413548738769354,0.08592452930209729,0.9256406725697458,0.5491077383590323,0.5488310847952995,0.044377909674207426,392
dst_dempster_fire_specificity_silence_sensitivity_tau_0_7,CWE-326,0.19666666666666668,0.13272727272727275,0.9974679212540589,0.9957757202871799,0.0025320787459410963,0.8672727272727274,0.19478844169246648,0.17585470085470087,0.15692649305738263,0.99326906024026,0.5650975969906658,0.565142346445034,0.06977954967853653,52
dst_dempster_fire_specificity_silence_sensitivity_tau_0_7,CWE-327,0.3248531958025629,0.7424242424242424,0.9760572998723929,0.995928967631658,0.023942700127607165,0.25757575757575757,0.45168296288190046,0.5902105536257828,0.47992235782080395,0.9724930220358419,0.8592407711483177,0.8609224770178938,0.2629050685574386,163
dst_dempster_fire_specificity_silence_sensitivity_tau_0_7,CWE-330,0.3771007130124777,0.6533333333333333,0.9845308090535095,0.9950155129225214,0.015469190946490543,0.3466666666666667,0.47777473421827715,0.5693941192296128,0.48697835532647005,0.9798853450080088,0.8189320711934214,0.8188589636040817,0.2933463461886405,150
dst_dempster_fire_specificity_silence_sensitivity_tau_0_7,CWE-345,0.5,0.004651162790697674,0.9997987341772152,0.9397300086078133,0.00020126582278481012,0.9953488372093023,0.022959483264826774,0.014488099594482572,0.0487620741373188,0.939569257278597,0.5022249484839565,0.5022249484839565,0.0458592227406504,647
dst_dempster_fire_specificity_silence_sensitivity_tau_0_7,CWE-400,0.06338757327922658,0.08452685421994885,0.9577875560180683,0.9692907591135727,0.042212443981931684,0.9154731457800512,0.07235949743769732,0.07916902358810671,0.03716323782311813,0.9297721567660693,0.5211572051190086,0.5214991939600826,0.05197191419361811,343
dst_dempster_fire_specificity_silence_sensitivity_tau_0_7,CWE-477,0.0,0.0,0.895690186497573,0.9972832164743206,0.10430981350242696,1.0,,,-0.01681839456166385,0.8935109970270766,0.4478450932487865,0.4478450932487865,0.0016753866639435244,26
dst_dempster_fire_specificity_silence_sensitivity_tau_0_7,CWE-489,0.0,0.0,0.9775060779787926,0.9995215272682026,0.022493922021207334,1.0,,,-0.0032717144388593653,0.9770489246817565,0.4887530389893963,0.4887530389893963,0.0006089287724074186,5
dst_dempster_fire_specificity_silence_sensitivity_tau_0_7,CWE-573,0.15537640086839172,0.23666666666666666,0.9906655616547395,0.9945143768264637,0.009334438345260496,0.7633333333333333,0.186500497391567,0.21320695756928343,0.1840458146041684,0.9853066555269618,0.613666114160703,0.6136661141607032,0.06562293817875942,76
dst_dempster_fire_specificity_silence_sensitivity_tau_0_7,CWE-610,0.22349019211884175,0.16565789473684212,0.9727757309178771,0.961494146851904,0.027224269082122953,0.8343421052631579,0.1889451489313563,0.1740591089007945,0.15945237233247514,0.9367690235867142,0.5692168128273596,0.5696658222555782,0.11052863416690577,477
dst_dempster_fire_specificity_silence_sensitivity_tau_0_7,CWE-668,0.2552553706984046,0.3131450719822813,0.850512397973168,0.8832447091285968,0.149487602026832,0.6868549280177187,0.2810916361469385,0.2994323634997539,0.15052547288144372,0.7749251866099206,0.5818287349777246,0.5870990032042227,0.19546631099340425,1504
dst_dempster_fire_specificity_silence_sensitivity_tau_0_7,CWE-669,0.0,0.0,0.9957847427862152,0.9767044663167088,0.004215257213784795,1.0,,,-0.009738719257062371,0.9726834056761312,0.4978923713931076,0.4978923713931076,0.014174506591877417,248
dst_dempster_fire_specificity_silence_sensitivity_tau_0_7,CWE-704,0.0,0.0,0.9830442573102884,0.9989517298604145,0.01695574268971159,1.0,,,-0.004197513717311529,0.9820314506859555,0.4915221286551442,0.4915221286551442,0.0013046881854933026,11
dst_dempster_fire_specificity_silence_sensitivity_tau_0_7,CWE-706,0.2737086297556449,0.14653465346534653,0.9806759231851465,0.9586346859001988,0.01932407681485353,0.8534653465346536,0.18990799586544266,0.16117868687219997,0.1714632750426513,0.9412668938043083,0.5636052883252465,0.563703502446449,0.1328537753738072,505
dst_dempster_fire_specificity_silence_sensitivity_tau_0_7,CWE-74,0.35821254773325945,0.4627807391613362,0.8455354018538201,0.8941875046336616,0.1544645981461798,0.5372192608386638,0.4037039733005807,0.43714367839628476,0.27893497455036154,0.7854372227862461,0.6541580705075781,0.6593817432299539,0.3095246860013101,1679
dst_dempster_fire_specificity_silence_sensitivity_tau_0_7,CWE-834,0.1,0.03205128205128205,0.9984916411464532,0.9943772352054389,0.001508358853546748,0.9679487179487178,0.11805555555555555,0.09175084175084175,0.05279023097236711,0.9928869422501672,0.5152714615988676,0.5152675270694373,0.013350199435068415,62
dst_dempster_fire_specificity_silence_sensitivity_tau_0_7,CWE-913,0.24463452713379655,0.35609756097560974,0.9785393137191832,0.9872949115583406,0.021460686280816675,0.6439024390243903,0.2897604851289062,0.32611793644768927,0.2784652176813087,0.966599158392906,0.6673184373473966,0.6695906373269602,0.26299965838365286,205
dst_dempster_fire_specificity_silence_sensitivity_tau_0_7,CWE-923,,0.0,1.0,0.9676343299044596,0.0,1.0,,,,0.9676343299044596,0.5,0.5,0.01909719052662098,346
dst_dempster_fire_specificity_silence_sensitivity_tau_0_8,CWE-116,0.06607670249613984,0.21523809523809523,0.9787226621005857,0.9944478492341162,0.02127733789941435,0.7847619047619048,0.10083694083694084,0.14775654519900044,0.10815636507159873,0.9734431005965357,0.5969803786693404,0.5966894875751823,0.02496062301403861,74
dst_dempster_fire_specificity_silence_sensitivity_tau_0_8,CWE-185,,0.0,1.0,0.9985969279035192,0.0,1.0,,,,0.9985969279035192,0.5,0.5,0.005349303737719003,15
dst_dempster_fire_specificity_silence_sensitivity_tau_0_8,CWE-20,0.05089277185907583,0.2043478260869565,0.8288876825044582,0.9586209740918029,0.1711123174955417,0.7956521739130434,0.0814508786165167,0.1273787116950393,0.0177773649893794,0.8020143860214318,0.5166177542957074,0.5211546909507442,0.04617638770014833,460
dst_dempster_fire_specificity_silence_sensitivity_tau_0_8,CWE-285,0.3272175536881419,0.06834505738615328,0.9951629326789064,0.9678812953935528,0.004837067321093699,0.9316549426138467,0.11264045397919635,0.0810895902748218,0.13643067423557254,0.9634341477045743,0.5317539950325297,0.5318547318935668,0.08354982579918593,366
dst_dempster_fire_specificity_silence_sensitivity_tau_0_8,CWE-287,0.4113933317862749,0.2794778825235678,0.9593012238919346,0.9292433827419451,0.04069877610806528,0.7205221174764322,0.33262745715152897,0.2985296528690485,0.28511429480375416,0.8967277581762405,0.6193895532077512,0.6193544160195146,0.1822268680850458,984
dst_dempster_fire_specificity_silence_sensitivity_tau_0_8,CWE-311,0.10824257742084949,0.14277831872768582,0.9554371579903789,0.9669805677465064,0.04456284200962119,0.8572216812723141,0.12303953461848198,0.13413548738769354,0.08592452930209729,0.9256406725697458,0.5491077383590323,0.5488310847952995,0.044377909674207426,392
dst_dempster_fire_specificity_silence_sensitivity_tau_0_8,CWE-326,0.19666666666666668,0.13272727272727275,0.9974679212540589,0.9957757202871799,0.0025320787459410963,0.8672727272727274,0.19478844169246648,0.17585470085470087,0.15692649305738263,0.99326906024026,0.5650975969906658,0.565142346445034,0.06977954967853653,52
dst_dempster_fire_specificity_silence_sensitivity_tau_0_8,CWE-327,0.3248531958025629,0.7424242424242424,0.9760572998723929,0.995928967631658,0.023942700127607165,0.25757575757575757,0.45168296288190046,0.5902105536257828,0.47992235782080395,0.9724930220358419,0.8592407711483177,0.8609224770178938,0.2629050685574386,163
dst_dempster_fire_specificity_silence_sensitivity_tau_0_8,CWE-330,0.3771007130124777,0.6533333333333333,0.9845308090535095,0.9950155129225214,0.015469190946490543,0.3466666666666667,0.47777473421827715,0.5693941192296128,0.48697835532647005,0.9798853450080088,0.8189320711934214,0.8188589636040817,0.2933463461886405,150
dst_dempster_fire_specificity_silence_sensitivity_tau_0_8,CWE-345,0.5,0.004651162790697674,0.9997987341772152,0.9397300086078133,0.00020126582278481012,0.9953488372093023,0.022959483264826774,0.014488099594482572,0.0487620741373188,0.939569257278597,0.5022249484839565,0.5022249484839565,0.0458592227406504,647
dst_dempster_fire_specificity_silence_sensitivity_tau_0_8,CWE-400,0.06338757327922658,0.08452685421994885,0.9577875560180683,0.9692907591135727,0.042212443981931684,0.9154731457800512,0.07235949743769732,0.07916902358810671,0.03716323782311813,0.9297721567660693,0.5211572051190086,0.5214991939600826,0.05197191419361811,343
dst_dempster_fire_specificity_silence_sensitivity_tau_0_8,CWE-477,0.0,0.0,0.895690186497573,0.9972832164743206,0.10430981350242696,1.0,,,-0.01681839456166385,0.8935109970270766,0.4478450932487865,0.4478450932487865,0.0016753866639435244,26
dst_dempster_fire_specificity_silence_sensitivity_tau_0_8,CWE-489,0.0,0.0,0.9775060779787926,0.9995215272682026,0.022493922021207334,1.0,,,-0.0032717144388593653,0.9770489246817565,0.4887530389893963,0.4887530389893963,0.0006089287724074186,5
dst_dempster_fire_specificity_silence_sensitivity_tau_0_8,CWE-573,0.15537640086839172,0.23666666666666666,0.9906655616547395,0.9945143768264637,0.009334438345260496,0.7633333333333333,0.186500497391567,0.21320695756928343,0.1840458146041684,0.9853066555269618,0.613666114160703,0.6136661141607032,0.06562293817875942,76
dst_dempster_fire_specificity_silence_sensitivity_tau_0_8,CWE-610,0.22349019211884175,0.16565789473684212,0.9727757309178771,0.961494146851904,0.027224269082122953,0.8343421052631579,0.1889451489313563,0.1740591089007945,0.15945237233247514,0.9367690235867142,0.5692168128273596,0.5696658222555782,0.11052863416690577,477
dst_dempster_fire_specificity_silence_sensitivity_tau_0_8,CWE-668,0.2552553706984046,0.3131450719822813,0.850512397973168,0.8832447091285968,0.149487602026832,0.6868549280177187,0.2810916361469385,0.2994323634997539,0.15052547288144372,0.7749251866099206,0.5818287349777246,0.5870990032042227,0.19546631099340425,1504
dst_dempster_fire_specificity_silence_sensitivity_tau_0_8,CWE-669,0.0,0.0,0.9957847427862152,0.9767044663167088,0.004215257213784795,1.0,,,-0.009738719257062371,0.9726834056761312,0.4978923713931076,0.4978923713931076,0.014174506591877417,248
dst_dempster_fire_specificity_silence_sensitivity_tau_0_8,CWE-704,0.0,0.0,0.9830442573102884,0.9989517298604145,0.01695574268971159,1.0,,,-0.004197513717311529,0.9820314506859555,0.4915221286551442,0.4915221286551442,0.0013046881854933026,11
dst_dempster_fire_specificity_silence_sensitivity_tau_0_8,CWE-706,0.2737086297556449,0.14653465346534653,0.9806759231851465,0.9586346859001988,0.01932407681485353,0.8534653465346536,0.18990799586544266,0.16117868687219997,0.1714632750426513,0.9412668938043083,0.5636052883252465,0.563703502446449,0.1328537753738072,505
dst_dempster_fire_specificity_silence_sensitivity_tau_0_8,CWE-74,0.35821254773325945,0.4627807391613362,0.8455354018538201,0.8941875046336616,0.1544645981461798,0.5372192608386638,0.4037039733005807,0.43714367839628476,0.27893497455036154,0.7854372227862461,0.6541580705075781,0.6593817432299539,0.3095246860013101,1679
dst_dempster_fire_specificity_silence_sensitivity_tau_0_8,CWE-834,0.1,0.03205128205128205,0.9984916411464532,0.9943772352054389,0.001508358853546748,0.9679487179487178,0.11805555555555555,0.09175084175084175,0.05279023097236711,0.9928869422501672,0.5152714615988676,0.5152675270694373,0.013350199435068415,62
dst_dempster_fire_specificity_silence_sensitivity_tau_0_8,CWE-913,0.24463452713379655,0.35609756097560974,0.9785393137191832,0.9872949115583406,0.021460686280816675,0.6439024390243903,0.2897604851289062,0.32611793644768927,0.2784652176813087,0.966599158392906,0.6673184373473966,0.6695906373269602,0.26299965838365286,205
dst_dempster_fire_specificity_silence_sensitivity_tau_0_8,CWE-923,,0.0,1.0,0.9676343299044596,0.0,1.0,,,,0.9676343299044596,0.5,0.5,0.01909719052662098,346
dst_dempster_fire_specificity_silence_sensitivity_tau_0_9,CWE-116,0.06607670249613984,0.21523809523809523,0.9787226621005857,0.9944478492341162,0.02127733789941435,0.7847619047619048,0.10083694083694084,0.14775654519900044,0.10815636507159873,0.9734431005965357,0.5969803786693404,0.5966894875751823,0.02496062301403861,74
dst_dempster_fire_specificity_silence_sensitivity_tau_0_9,CWE-185,,0.0,1.0,0.9985969279035192,0.0,1.0,,,,0.9985969279035192,0.5,0.5,0.005349303737719003,15
dst_dempster_fire_specificity_silence_sensitivity_tau_0_9,CWE-20,0.05089277185907583,0.2043478260869565,0.8288876825044582,0.9586209740918029,0.1711123174955417,0.7956521739130434,0.0814508786165167,0.1273787116950393,0.0177773649893794,0.8020143860214318,0.5166177542957074,0.5211546909507442,0.04617638770014833,460
dst_dempster_fire_specificity_silence_sensitivity_tau_0_9,CWE-285,0.3272175536881419,0.06834505738615328,0.9951629326789064,0.9678812953935528,0.004837067321093699,0.9316549426138467,0.11264045397919635,0.0810895902748218,0.13643067423557254,0.9634341477045743,0.5317539950325297,0.5318547318935668,0.08354982579918593,366
dst_dempster_fire_specificity_silence_sensitivity_tau_0_9,CWE-287,0.4113933317862749,0.2794778825235678,0.9593012238919346,0.9292433827419451,0.04069877610806528,0.7205221174764322,0.33262745715152897,0.2985296528690485,0.28511429480375416,0.8967277581762405,0.6193895532077512,0.6193544160195146,0.1822268680850458,984
dst_dempster_fire_specificity_silence_sensitivity_tau_0_9,CWE-311,0.10824257742084949,0.14277831872768582,0.9554371579903789,0.9669805677465064,0.04456284200962119,0.8572216812723141,0.12303953461848198,0.13413548738769354,0.08592452930209729,0.9256406725697458,0.5491077383590323,0.5488310847952995,0.044377909674207426,392
dst_dempster_fire_specificity_silence_sensitivity_tau_0_9,CWE-326,0.19666666666666668,0.13272727272727275,0.9974679212540589,0.9957757202871799,0.0025320787459410963,0.8672727272727274,0.19478844169246648,0.17585470085470087,0.15692649305738263,0.99326906024026,0.5650975969906658,0.565142346445034,0.06977954967853653,52
dst_dempster_fire_specificity_silence_sensitivity_tau_0_9,CWE-327,0.4184335913863122,0.7058712121212121,0.9847977124567748,0.9953938132884425,0.015202287543225093,0.2941287878787879,0.5249671221273655,0.62013986786533,0.5343902330791634,0.9805410684514687,0.8453344622889934,0.8609224770178938,0.2629050685574386,163
dst_dempster_fire_specificity_silence_sensitivity_tau_0_9,CWE-330,0.3771007130124777,0.6533333333333333,0.9845308090535095,0.9950155129225214,0.015469190946490543,0.3466666666666667,0.47777473421827715,0.5693941192296128,0.48697835532647005,0.9798853450080088,0.8189320711934214,0.8188589636040817,0.2933463461886405,150
dst_dempster_fire_specificity_silence_sensitivity_tau_0_9,CWE-345,0.5,0.004651162790697674,0.9997987341772152,0.9397300086078133,0.00020126582278481012,0.9953488372093023,0.022959483264826774,0.014488099594482572,0.0487620741373188,0.939569257278597,0.5022249484839565,0.5022249484839565,0.0458592227406504,647
dst_dempster_fire_specificity_silence_sensitivity_tau_0_9,CWE-400,0.06338757327922658,0.08452685421994885,0.9577875560180683,0.9692907591135727,0.042212443981931684,0.9154731457800512,0.07235949743769732,0.07916902358810671,0.03716323782311813,0.9297721567660693,0.5211572051190086,0.5214991939600826,0.05197191419361811,343
dst_dempster_fire_specificity_silence_sensitivity_tau_0_9,CWE-477,0.0,0.0,0.895690186497573,0.9972832164743206,0.10430981350242696,1.0,,,-0.01681839456166385,0.8935109970270766,0.4478450932487865,0.4478450932487865,0.0016753866639435244,26
dst_dempster_fire_specificity_silence_sensitivity_tau_0_9,CWE-489,0.0,0.0,0.9775060779787926,0.9995215272682026,0.022493922021207334,1.0,,,-0.0032717144388593653,0.9770489246817565,0.4887530389893963,0.4887530389893963,0.0006089287724074186,5
dst_dempster_fire_specificity_silence_sensitivity_tau_0_9,CWE-573,0.15537640086839172,0.23666666666666666,0.9906655616547395,0.9945143768264637,0.009334438345260496,0.7633333333333333,0.186500497391567,0.21320695756928343,0.1840458146041684,0.9853066555269618,0.613666114160703,0.6136661141607032,0.06562293817875942,76
dst_dempster_fire_specificity_silence_sensitivity_tau_0_9,CWE-610,0.22349019211884175,0.16565789473684212,0.9727757309178771,0.961494146851904,0.027224269082122953,0.8343421052631579,0.1889451489313563,0.1740591089007945,0.15945237233247514,0.9367690235867142,0.5692168128273596,0.5696658222555782,0.11052863416690577,477
dst_dempster_fire_specificity_silence_sensitivity_tau_0_9,CWE-668,0.2552553706984046,0.3131450719822813,0.850512397973168,0.8832447091285968,0.149487602026832,0.6868549280177187,0.2810916361469385,0.2994323634997539,0.15052547288144372,0.7749251866099206,0.5818287349777246,0.5870990032042227,0.19546631099340425,1504
dst_dempster_fire_specificity_silence_sensitivity_tau_0_9,CWE-669,0.0,0.0,0.9957847427862152,0.9767044663167088,0.004215257213784795,1.0,,,-0.009738719257062371,0.9726834056761312,0.4978923713931076,0.4978923713931076,0.014174506591877417,248
dst_dempster_fire_specificity_silence_sensitivity_tau_0_9,CWE-704,0.0,0.0,0.9830442573102884,0.9989517298604145,0.01695574268971159,1.0,,,-0.004197513717311529,0.9820314506859555,0.4915221286551442,0.4915221286551442,0.0013046881854933026,11
dst_dempster_fire_specificity_silence_sensitivity_tau_0_9,CWE-706,0.2737086297556449,0.14653465346534653,0.9806759231851465,0.9586346859001988,0.01932407681485353,0.8534653465346536,0.18990799586544266,0.16117868687219997,0.1714632750426513,0.9412668938043083,0.5636052883252465,0.563703502446449,0.1328537753738072,505
dst_dempster_fire_specificity_silence_sensitivity_tau_0_9,CWE-74,0.4013580935836437,0.3430490405117271,0.9037858334478365,0.8807558686500571,0.09621416655216357,0.656950959488273,0.3691767496009321,0.352909790494807,0.26368159769345945,0.8157346000983001,0.6234174369797818,0.6593817432299539,0.3095246860013101,1679
dst_dempster_fire_specificity_silence_sensitivity_tau_0_9,CWE-834,0.1,0.03205128205128205,0.9984916411464532,0.9943772352054389,0.001508358853546748,0.9679487179487178,0.11805555555555555,0.09175084175084175,0.05279023097236711,0.9928869422501672,0.5152714615988676,0.5152675270694373,0.013350199435068415,62
dst_dempster_fire_specificity_silence_sensitivity_tau_0_9,CWE-913,0.24463452713379655,0.35609756097560974,0.9785393137191832,0.9872949115583406,0.021460686280816675,0.6439024390243903,0.2897604851289062,0.32611793644768927,0.2784652176813087,0.966599158392906,0.6673184373473966,0.6695906373269602,0.26299965838365286,205
dst_dempster_fire_specificity_silence_sensitivity_tau_0_9,CWE-923,,0.0,1.0,0.9676343299044596,0.0,1.0,,,,0.9676343299044596,0.5,0.5,0.01909719052662098,346
dst_pcr6_fire_specificity_silence_sensitivity_tau_0_1,CWE-116,0.006923364162256254,1.0,0.0,,1.0,0.0,0.01375140292117264,0.0336828778281026,,0.006923364162256254,0.5,0.5972712697634985,0.030346899406748656,74
dst_pcr6_fire_specificity_silence_sensitivity_tau_0_1,CWE-185,0.0014088539200488841,0.8,0.2,0.9986200551977921,0.8,0.2,0.002813743481785567,0.007004792651341831,,0.20085109417559752,0.5,0.5,0.005349303737719003,15
dst_pcr6_fire_specificity_silence_sensitivity_tau_0_1,CWE-20,0.043027544292074484,1.0,0.0,,1.0,0.0,0.08250473905151004,0.18354483213686668,,0.043027544292074484,0.5,0.5211546909507442,0.04617638770014833,460
dst_pcr6_fire_specificity_silence_sensitivity_tau_0_1,CWE-285,0.034236432890848004,1.0,0.0,,1.0,0.0,0.06620572062208614,0.15055956245821436,,0.034236432890848004,0.5,0.5318587140534903,0.08389516941608474,366
dst_pcr6_fire_specificity_silence_sensitivity_tau_0_1,CWE-287,0.09204307134875142,1.0,0.0,,1.0,0.0,0.1685684934771065,0.3363626426643768,,0.09204307134875142,0.5,0.6194583478687121,0.18441296175404936,984
dst_pcr6_fire_specificity_silence_sensitivity_tau_0_1,CWE-311,0.036668783098597516,1.0,0.0,,1.0,0.0,0.07074288735255836,0.15988732781937282,,0.036668783098597516,0.5,0.5499270487241178,0.05888602743245915,392
dst_pcr6_fire_specificity_silence_sensitivity_tau_0_1,CWE-326,0.0048636927768490835,1.0,0.0,,1.0,0.0,0.009680200987384074,0.023853400477810562,,0.0048636927768490835,0.5,0.565142346445034,0.06977954967853653,52
dst_pcr6_fire_specificity_silence_sensitivity_tau_0_1,CWE-327,0.3248531958025629,0.7424242424242424,0.9760572998723929,0.995928967631658,0.023942700127607165,0.25757575757575757,0.45168296288190046,0.5902105536257828,0.47992235782080395,0.9724930220358419,0.8592407711483177,0.8609224770178938,0.2629050685574386,163
dst_pcr6_fire_specificity_silence_sensitivity_tau_0_1,CWE-330,0.014030720964806894,1.0,0.0,,1.0,0.0,0.027673126033732853,0.06642524162506888,,0.014030720964806894,0.5,0.8188589636040817,0.2933463461886405,150
dst_pcr6_fire_specificity_silence_sensitivity_tau_0_1,CWE-345,0.060521008738769234,1.0,0.0,,1.0,0.0,0.11413334880001003,0.24361980731009608,,0.060521008738769234,0.5,0.5022249484839565,0.0458592227406504,647
dst_pcr6_fire_specificity_silence_sensitivity_tau_0_1,CWE-400,0.03208546525398788,1.0,0.0,,1.0,0.0,0.062175465692835795,0.14217574028887417,,0.03208546525398788,0.5,0.5214991939600826,0.05197191419361811,343
dst_pcr6_fire_specificity_silence_sensitivity_tau_0_1,CWE-477,0.002433465370619043,1.0,0.0,,1.0,0.0,0.004855029226921803,0.012049185376868006,,0.002433465370619043,0.5,0.4478450932487865,0.0016753866639435244,26
dst_pcr6_fire_specificity_silence_sensitivity_tau_0_1,CWE-489,0.00046769069882689657,1.0,0.0,,1.0,0.0,0.0009349440850770644,0.002334086494058907,,0.00046769069882689657,0.5,0.4887530389893963,0.0006089287724074186,5
dst_pcr6_fire_specificity_silence_sensitivity_tau_0_1,CWE-573,0.007108557127324231,1.0,0.0,,1.0,0.0,0.014116695197668136,0.034559446182001616,,0.007108557127324231,0.5,0.6136661141607032,0.06562293817875942,76
dst_pcr6_fire_specificity_silence_sensitivity_tau_0_1,CWE-610,0.04461921740869906,1.0,0.0,,1.0,0.0,0.08542604496313569,0.1893038614205384,,0.04461921740869906,0.5,0.5694638634793414,0.10570449036684922,477
dst_pcr6_fire_specificity_silence_sensitivity_tau_0_1,CWE-668,0.14068290402674866,1.0,0.0,,1.0,0.0,0.24666080008062224,0.45010474808778234,,0.14068290402674866,0.5,0.5866687839704836,0.17943055012271103,1504
dst_pcr6_fire_specificity_silence_sensitivity_tau_0_1,CWE-669,0.02319934197627685,1.0,0.0,,1.0,0.0,0.04534630084845802,0.1061435463564738,,0.02319934197627685,0.5,0.4978923713931076,0.014174506591877417,248
dst_pcr6_fire_specificity_silence_sensitivity_tau_0_1,CWE-704,0.0010303932741383536,1.0,0.0,,1.0,0.0,0.0020585875661481194,0.0051300496877075144,,0.0010303932741383536,0.5,0.4915221286551442,0.0013046881854933026,11
dst_pcr6_fire_specificity_silence_sensitivity_tau_0_1,CWE-706,0.047236760581516546,1.0,0.0,,1.0,0.0,0.09021176348495849,0.19864664472198687,,0.047236760581516546,0.5,0.5640218217805082,0.14647321751512044,505
dst_pcr6_fire_specificity_silence_sensitivity_tau_0_1,CWE-74,0.15705207848569003,1.0,0.0,,1.0,0.0,0.27146517675133,0.4822700349262538,,0.15705207848569003,0.5,0.6621933991991085,0.32871806788143393,1679
dst_pcr6_fire_specificity_silence_sensitivity_tau_0_1,CWE-834,0.005799296582554513,1.0,0.0,,1.0,0.0,0.011531607815566506,0.028338055965281345,,0.005799296582554513,0.5,0.5152675270694373,0.013350199435068415,62
dst_pcr6_fire_specificity_silence_sensitivity_tau_0_1,CWE-913,0.019175318651902758,1.0,0.0,,1.0,0.0,0.03762901138815739,0.08904595908205172,,0.019175318651902758,0.5,0.6694249154777162,0.25901564597483495,205
dst_pcr6_fire_specificity_silence_sensitivity_tau_0_1,CWE-923,0.03238502397880784,0.8,0.2,0.9677117454375292,0.8,0.2,0.06273771022471847,0.1433506581945013,,0.21945036827055212,0.5,0.5,0.01909719052662098,346
dst_pcr6_fire_specificity_silence_sensitivity_tau_0_2,CWE-116,0.006923364162256254,1.0,0.0,,1.0,0.0,0.01375140292117264,0.0336828778281026,,0.006923364162256254,0.5,0.5972712697634985,0.030346899406748656,74
dst_pcr6_fire_specificity_silence_sensitivity_tau_0_2,CWE-185,0.0014088539200488841,0.8,0.2,0.9986200551977921,0.8,0.2,0.002813743481785567,0.007004792651341831,,0.20085109417559752,0.5,0.5,0.005349303737719003,15
dst_pcr6_fire_specificity_silence_sensitivity_tau_0_2,CWE-20,0.043027544292074484,1.0,0.0,,1.0,0.0,0.08250473905151004,0.18354483213686668,,0.043027544292074484,0.5,0.5211546909507442,0.04617638770014833,460
dst_pcr6_fire_specificity_silence_sensitivity_tau_0_2,CWE-285,0.034236432890848004,1.0,0.0,,1.0,0.0,0.06620572062208614,0.15055956245821436,,0.034236432890848004,0.5,0.5318587140534903,0.08389516941608474,366
dst_pcr6_fire_specificity_silence_sensitivity_tau_0_2,CWE-287,0.09204307134875142,1.0,0.0,,1.0,0.0,0.1685684934771065,0.3363626426643768,,0.09204307134875142,0.5,0.6194583478687121,0.18441296175404936,984
dst_pcr6_fire_specificity_silence_sensitivity_tau_0_2,CWE-311,0.036668783098597516,1.0,0.0,,1.0,0.0,0.07074288735255836,0.15988732781937282,,0.036668783098597516,0.5,0.5499270487241178,0.05888602743245915,392
dst_pcr6_fire_specificity_silence_sensitivity_tau_0_2,CWE-326,0.0048636927768490835,1.0,0.0,,1.0,0.0,0.009680200987384074,0.023853400477810562,,0.0048636927768490835,0.5,0.565142346445034,0.06977954967853653,52
dst_pcr6_fire_specificity_silence_sensitivity_tau_0_2,CWE-327,0.3248531958025629,0.7424242424242424,0.9760572998723929,0.995928967631658,0.023942700127607165,0.25757575757575757,0.45168296288190046,0.5902105536257828,0.47992235782080395,0.9724930220358419,0.8592407711483177,0.8609224770178938,0.2629050685574386,163
dst_pcr6_fire_specificity_silence_sensitivity_tau_0_2,CWE-330,0.3771007130124777,0.6533333333333333,0.9845308090535095,0.9950155129225214,0.015469190946490543,0.3466666666666667,0.47777473421827715,0.5693941192296128,0.48697835532647005,0.9798853450080088,0.8189320711934214,0.8188589636040817,0.2933463461886405,150
dst_pcr6_fire_specificity_silence_sensitivity_tau_0_2,CWE-345,0.060521008738769234,1.0,0.0,,1.0,0.0,0.11413334880001003,0.24361980731009608,,0.060521008738769234,0.5,0.5022249484839565,0.0458592227406504,647
dst_pcr6_fire_specificity_silence_sensitivity_tau_0_2,CWE-400,0.03208546525398788,1.0,0.0,,1.0,0.0,0.062175465692835795,0.14217574028887417,,0.03208546525398788,0.5,0.5214991939600826,0.05197191419361811,343
dst_pcr6_fire_specificity_silence_sensitivity_tau_0_2,CWE-477,0.002433465370619043,1.0,0.0,,1.0,0.0,0.004855029226921803,0.012049185376868006,,0.002433465370619043,0.5,0.4478450932487865,0.0016753866639435244,26
dst_pcr6_fire_specificity_silence_sensitivity_tau_0_2,CWE-489,0.00046769069882689657,1.0,0.0,,1.0,0.0,0.0009349440850770644,0.002334086494058907,,0.00046769069882689657,0.5,0.4887530389893963,0.0006089287724074186,5
dst_pcr6_fire_specificity_silence_sensitivity_tau_0_2,CWE-573,0.007108557127324231,1.0,0.0,,1.0,0.0,0.014116695197668136,0.034559446182001616,,0.007108557127324231,0.5,0.6136661141607032,0.06562293817875942,76
dst_pcr6_fire_specificity_silence_sensitivity_tau_0_2,CWE-610,0.04461921740869906,1.0,0.0,,1.0,0.0,0.08542604496313569,0.1893038614205384,,0.04461921740869906,0.5,0.5694638634793414,0.10570449036684922,477
dst_pcr6_fire_specificity_silence_sensitivity_tau_0_2,CWE-668,0.14068290402674866,1.0,0.0,,1.0,0.0,0.24666080008062224,0.45010474808778234,,0.14068290402674866,0.5,0.5866687839704836,0.17943055012271103,1504
dst_pcr6_fire_specificity_silence_sensitivity_tau_0_2,CWE-669,0.02319934197627685,1.0,0.0,,1.0,0.0,0.04534630084845802,0.1061435463564738,,0.02319934197627685,0.5,0.4978923713931076,0.014174506591877417,248
dst_pcr6_fire_specificity_silence_sensitivity_tau_0_2,CWE-704,0.0010303932741383536,1.0,0.0,,1.0,0.0,0.0020585875661481194,0.0051300496877075144,,0.0010303932741383536,0.5,0.4915221286551442,0.0013046881854933026,11
dst_pcr6_fire_specificity_silence_sensitivity_tau_0_2,CWE-706,0.047236760581516546,1.0,0.0,,1.0,0.0,0.09021176348495849,0.19864664472198687,,0.047236760581516546,0.5,0.5640218217805082,0.14647321751512044,505
dst_pcr6_fire_specificity_silence_sensitivity_tau_0_2,CWE-74,0.35821254773325945,0.4627807391613362,0.8455354018538201,0.8941875046336616,0.1544645981461798,0.5372192608386638,0.4037039733005807,0.43714367839628476,0.27893497455036154,0.7854372227862461,0.6541580705075781,0.6621933991991085,0.32871806788143393,1679
dst_pcr6_fire_specificity_silence_sensitivity_tau_0_2,CWE-834,0.005799296582554513,1.0,0.0,,1.0,0.0,0.011531607815566506,0.028338055965281345,,0.005799296582554513,0.5,0.5152675270694373,0.013350199435068415,62
dst_pcr6_fire_specificity_silence_sensitivity_tau_0_2,CWE-913,0.019175318651902758,1.0,0.0,,1.0,0.0,0.03762901138815739,0.08904595908205172,,0.019175318651902758,0.5,0.6694249154777162,0.25901564597483495,205
dst_pcr6_fire_specificity_silence_sensitivity_tau_0_2,CWE-923,0.03238502397880784,0.8,0.2,0.9677117454375292,0.8,0.2,0.06273771022471847,0.1433506581945013,,0.21945036827055212,0.5,0.5,0.01909719052662098,346
dst_pcr6_fire_specificity_silence_sensitivity_tau_0_3,CWE-116,0.006923364162256254,1.0,0.0,,1.0,0.0,0.01375140292117264,0.0336828778281026,,0.006923364162256254,0.5,0.5972712697634985,0.030346899406748656,74
dst_pcr6_fire_specificity_silence_sensitivity_tau_0_3,CWE-185,0.0014088539200488841,0.8,0.2,0.9986200551977921,0.8,0.2,0.002813743481785567,0.007004792651341831,,0.20085109417559752,0.5,0.5,0.005349303737719003,15
dst_pcr6_fire_specificity_silence_sensitivity_tau_0_3,CWE-20,0.043027544292074484,1.0,0.0,,1.0,0.0,0.08250473905151004,0.18354483213686668,,0.043027544292074484,0.5,0.5211546909507442,0.04617638770014833,460
dst_pcr6_fire_specificity_silence_sensitivity_tau_0_3,CWE-285,0.034236432890848004,1.0,0.0,,1.0,0.0,0.06620572062208614,0.15055956245821436,,0.034236432890848004,0.5,0.5318587140534903,0.08389516941608474,366
dst_pcr6_fire_specificity_silence_sensitivity_tau_0_3,CWE-287,0.09204307134875142,1.0,0.0,,1.0,0.0,0.1685684934771065,0.3363626426643768,,0.09204307134875142,0.5,0.6194583478687121,0.18441296175404936,984
dst_pcr6_fire_specificity_silence_sensitivity_tau_0_3,CWE-311,0.036668783098597516,1.0,0.0,,1.0,0.0,0.07074288735255836,0.15988732781937282,,0.036668783098597516,0.5,0.5499270487241178,0.05888602743245915,392
dst_pcr6_fire_specificity_silence_sensitivity_tau_0_3,CWE-326,0.0048636927768490835,1.0,0.0,,1.0,0.0,0.009680200987384074,0.023853400477810562,,0.0048636927768490835,0.5,0.565142346445034,0.06977954967853653,52
dst_pcr6_fire_specificity_silence_sensitivity_tau_0_3,CWE-327,0.3248531958025629,0.7424242424242424,0.9760572998723929,0.995928967631658,0.023942700127607165,0.25757575757575757,0.45168296288190046,0.5902105536257828,0.47992235782080395,0.9724930220358419,0.8592407711483177,0.8609224770178938,0.2629050685574386,163
dst_pcr6_fire_specificity_silence_sensitivity_tau_0_3,CWE-330,0.3771007130124777,0.6533333333333333,0.9845308090535095,0.9950155129225214,0.015469190946490543,0.3466666666666667,0.47777473421827715,0.5693941192296128,0.48697835532647005,0.9798853450080088,0.8189320711934214,0.8188589636040817,0.2933463461886405,150
dst_pcr6_fire_specificity_silence_sensitivity_tau_0_3,CWE-345,0.060521008738769234,1.0,0.0,,1.0,0.0,0.11413334880001003,0.24361980731009608,,0.060521008738769234,0.5,0.5022249484839565,0.0458592227406504,647
dst_pcr6_fire_specificity_silence_sensitivity_tau_0_3,CWE-400,0.03208546525398788,1.0,0.0,,1.0,0.0,0.062175465692835795,0.14217574028887417,,0.03208546525398788,0.5,0.5214991939600826,0.05197191419361811,343
dst_pcr6_fire_specificity_silence_sensitivity_tau_0_3,CWE-477,0.002433465370619043,1.0,0.0,,1.0,0.0,0.004855029226921803,0.012049185376868006,,0.002433465370619043,0.5,0.4478450932487865,0.0016753866639435244,26
dst_pcr6_fire_specificity_silence_sensitivity_tau_0_3,CWE-489,0.00046769069882689657,1.0,0.0,,1.0,0.0,0.0009349440850770644,0.002334086494058907,,0.00046769069882689657,0.5,0.4887530389893963,0.0006089287724074186,5
dst_pcr6_fire_specificity_silence_sensitivity_tau_0_3,CWE-573,0.007108557127324231,1.0,0.0,,1.0,0.0,0.014116695197668136,0.034559446182001616,,0.007108557127324231,0.5,0.6136661141607032,0.06562293817875942,76
dst_pcr6_fire_specificity_silence_sensitivity_tau_0_3,CWE-610,0.04461921740869906,1.0,0.0,,1.0,0.0,0.08542604496313569,0.1893038614205384,,0.04461921740869906,0.5,0.5694638634793414,0.10570449036684922,477
dst_pcr6_fire_specificity_silence_sensitivity_tau_0_3,CWE-668,0.14068290402674866,1.0,0.0,,1.0,0.0,0.24666080008062224,0.45010474808778234,,0.14068290402674866,0.5,0.5866687839704836,0.17943055012271103,1504
dst_pcr6_fire_specificity_silence_sensitivity_tau_0_3,CWE-669,0.02319934197627685,1.0,0.0,,1.0,0.0,0.04534630084845802,0.1061435463564738,,0.02319934197627685,0.5,0.4978923713931076,0.014174506591877417,248
dst_pcr6_fire_specificity_silence_sensitivity_tau_0_3,CWE-704,0.0010303932741383536,1.0,0.0,,1.0,0.0,0.0020585875661481194,0.0051300496877075144,,0.0010303932741383536,0.5,0.4915221286551442,0.0013046881854933026,11
dst_pcr6_fire_specificity_silence_sensitivity_tau_0_3,CWE-706,0.047236760581516546,1.0,0.0,,1.0,0.0,0.09021176348495849,0.19864664472198687,,0.047236760581516546,0.5,0.5640218217805082,0.14647321751512044,505
dst_pcr6_fire_specificity_silence_sensitivity_tau_0_3,CWE-74,0.35821254773325945,0.4627807391613362,0.8455354018538201,0.8941875046336616,0.1544645981461798,0.5372192608386638,0.4037039733005807,0.43714367839628476,0.27893497455036154,0.7854372227862461,0.6541580705075781,0.6621933991991085,0.32871806788143393,1679
dst_pcr6_fire_specificity_silence_sensitivity_tau_0_3,CWE-834,0.005799296582554513,1.0,0.0,,1.0,0.0,0.011531607815566506,0.028338055965281345,,0.005799296582554513,0.5,0.5152675270694373,0.013350199435068415,62
dst_pcr6_fire_specificity_silence_sensitivity_tau_0_3,CWE-913,0.24463452713379655,0.35609756097560974,0.9785393137191832,0.9872949115583406,0.021460686280816675,0.6439024390243903,0.2897604851289062,0.32611793644768927,0.2784652176813087,0.966599158392906,0.6673184373473966,0.6694249154777162,0.25901564597483495,205
dst_pcr6_fire_specificity_silence_sensitivity_tau_0_3,CWE-923,0.03238502397880784,0.8,0.2,0.9677117454375292,0.8,0.2,0.06273771022471847,0.1433506581945013,,0.21945036827055212,0.5,0.5,0.01909719052662098,346
dst_pcr6_fire_specificity_silence_sensitivity_tau_0_4,CWE-116,0.043945240405245695,0.3352380952380952,0.7829460314107687,0.9941337972228361,0.21705396858923134,0.6647619047619047,0.06724979683795047,0.1005021284976209,0.083386414949512,0.7798736690960697,0.559092063324432,0.5972712697634985,0.030346899406748656,74
dst_pcr6_fire_specificity_silence_sensitivity_tau_0_4,CWE-185,0.0014088539200488841,0.8,0.2,0.9986200551977921,0.8,0.2,0.002813743481785567,0.007004792651341831,,0.20085109417559752,0.5,0.5,0.005349303737719003,15
dst_pcr6_fire_specificity_silence_sensitivity_tau_0_4,CWE-20,0.04365270414455964,0.6673913043478261,0.3345758334514417,0.9571928832162412,0.6654241665485583,0.33260869565217394,0.07770407020133534,0.15344117179717798,0.002959519486320423,0.3489051258158919,0.5009835688996339,0.5211546909507442,0.04617638770014833,460
dst_pcr6_fire_specificity_silence_sensitivity_tau_0_4,CWE-285,0.0560921300915314,0.8054794520547945,0.19885768681580202,0.9671296296296297,0.8011423131841979,0.19452054794520549,0.062406018337047085,0.12749291487460673,0.04883789032113471,0.2198850069478857,0.5021685694352983,0.5318587140534903,0.08389516941608474,366
dst_pcr6_fire_specificity_silence_sensitivity_tau_0_4,CWE-287,0.4113933317862749,0.2794778825235678,0.9593012238919346,0.9292433827419451,0.04069877610806528,0.7205221174764322,0.33262745715152897,0.2985296528690485,0.28511429480375416,0.8967277581762405,0.6193895532077512,0.6194583478687121,0.18441296175404936,984
dst_pcr6_fire_specificity_silence_sensitivity_tau_0_4,CWE-311,0.036668783098597516,1.0,0.0,,1.0,0.0,0.07074288735255836,0.15988732781937282,,0.036668783098597516,0.5,0.5499270487241178,0.05888602743245915,392
dst_pcr6_fire_specificity_silence_sensitivity_tau_0_4,CWE-326,0.10864626601176494,0.4763636363636364,0.5984142230926434,0.9957972174998145,0.40158577690735664,0.5236363636363637,0.11374811702088816,0.1121319533286521,0.1454443537522588,0.5978876511345477,0.5373889297281399,0.565142346445034,0.06977954967853653,52
dst_pcr6_fire_specificity_silence_sensitivity_tau_0_4,CWE-327,0.3248531958025629,0.7424242424242424,0.9760572998723929,0.995928967631658,0.023942700127607165,0.25757575757575757,0.45168296288190046,0.5902105536257828,0.47992235782080395,0.9724930220358419,0.8592407711483177,0.8609224770178938,0.2629050685574386,163
dst_pcr6_fire_specificity_silence_sensitivity_tau_0_4,CWE-330,0.3771007130124777,0.6533333333333333,0.9845308090535095,0.9950155129225214,0.015469190946490543,0.3466666666666667,0.47777473421827715,0.5693941192296128,0.48697835532647005,0.9798853450080088,0.8189320711934214,0.8188589636040817,0.2933463461886405,150
dst_pcr6_fire_specificity_silence_sensitivity_tau_0_4,CWE-345,0.060521008738769234,1.0,0.0,,1.0,0.0,0.11413334880001003,0.24361980731009608,,0.060521008738769234,0.5,0.5022249484839565,0.0458592227406504,647
dst_pcr6_fire_specificity_silence_sensitivity_tau_0_4,CWE-400,0.03208546525398788,1.0,0.0,,1.0,0.0,0.062175465692835795,0.14217574028887417,,0.03208546525398788,0.5,0.5214991939600826,0.05197191419361811,343
dst_pcr6_fire_specificity_silence_sensitivity_tau_0_4,CWE-477,0.002433465370619043,1.0,0.0,,1.0,0.0,0.004855029226921803,0.012049185376868006,,0.002433465370619043,0.5,0.4478450932487865,0.0016753866639435244,26
dst_pcr6_fire_specificity_silence_sensitivity_tau_0_4,CWE-489,0.00046769069882689657,1.0,0.0,,1.0,0.0,0.0009349440850770644,0.002334086494058907,,0.00046769069882689657,0.5,0.4887530389893963,0.0006089287724074186,5
dst_pcr6_fire_specificity_silence_sensitivity_tau_0_4,CWE-573,0.15537640086839172,0.23666666666666666,0.9906655616547395,0.9945143768264637,0.009334438345260496,0.7633333333333333,0.186500497391567,0.21320695756928343,0.1840458146041684,0.9853066555269618,0.613666114160703,0.6136661141607032,0.06562293817875942,76
dst_pcr6_fire_specificity_silence_sensitivity_tau_0_4,CWE-610,0.1434732509565772,0.48182017543859645,0.5848459812046879,0.9603498678685902,0.4151540187953121,0.5181798245614035,0.13289864022890027,0.1636738844598309,0.1369697531365786,0.5803577937682465,0.5333330783216421,0.5694638634793414,0.10570449036684922,477
dst_pcr6_fire_specificity_silence_sensitivity_tau_0_4,CWE-668,0.2552553706984046,0.3131450719822813,0.850512397973168,0.8832447091285968,0.149487602026832,0.6868549280177187,0.2810916361469385,0.2994323634997539,0.15052547288144372,0.7749251866099206,0.5818287349777246,0.5866687839704836,0.17943055012271103,1504
dst_pcr6_fire_specificity_silence_sensitivity_tau_0_4,CWE-669,0.02319934197627685,1.0,0.0,,1.0,0.0,0.04534630084845802,0.1061435463564738,,0.02319934197627685,0.5,0.4978923713931076,0.014174506591877417,248
dst_pcr6_fire_specificity_silence_sensitivity_tau_0_4,CWE-704,0.0010303932741383536,1.0,0.0,,1.0,0.0,0.0020585875661481194,0.0051300496877075144,,0.0010303932741383536,0.5,0.4915221286551442,0.0013046881854933026,11
dst_pcr6_fire_specificity_silence_sensitivity_tau_0_4,CWE-706,0.047236760581516546,1.0,0.0,,1.0,0.0,0.09021176348495849,0.19864664472198687,,0.047236760581516546,0.5,0.5640218217805082,0.14647321751512044,505
dst_pcr6_fire_specificity_silence_sensitivity_tau_0_4,CWE-74,0.35821254773325945,0.4627807391613362,0.8455354018538201,0.8941875046336616,0.1544645981461798,0.5372192608386638,0.4037039733005807,0.43714367839628476,0.27893497455036154,0.7854372227862461,0.6541580705075781,0.6621933991991085,0.32871806788143393,1679
dst_pcr6_fire_specificity_silence_sensitivity_tau_0_4,CWE-834,0.005799296582554513,1.0,0.0,,1.0,0.0,0.011531607815566506,0.028338055965281345,,0.005799296582554513,0.5,0.5152675270694373,0.013350199435068415,62
dst_pcr6_fire_specificity_silence_sensitivity_tau_0_4,CWE-913,0.24463452713379655,0.35609756097560974,0.9785393137191832,0.9872949115583406,0.021460686280816675,0.6439024390243903,0.2897604851289062,0.32611793644768927,0.2784652176813087,0.966599158392906,0.6673184373473966,0.6694249154777162,0.25901564597483495,205
dst_pcr6_fire_specificity_silence_sensitivity_tau_0_4,CWE-923,0.03238502397880784,0.8,0.2,0.9677117454375292,0.8,0.2,0.06273771022471847,0.1433506581945013,,0.21945036827055212,0.5,0.5,0.01909719052662098,346
dst_pcr6_fire_specificity_silence_sensitivity_tau_0_5,CWE-116,0.06607670249613984,0.21523809523809523,0.9787226621005857,0.9944478492341162,0.02127733789941435,0.7847619047619048,0.10083694083694084,0.14775654519900044,0.10815636507159873,0.9734431005965357,0.5969803786693404,0.5972712697634985,0.030346899406748656,74
dst_pcr6_fire_specificity_silence_sensitivity_tau_0_5,CWE-185,0.0014088539200488841,0.8,0.2,0.9986200551977921,0.8,0.2,0.002813743481785567,0.007004792651341831,,0.20085109417559752,0.5,0.5,0.005349303737719003,15
dst_pcr6_fire_specificity_silence_sensitivity_tau_0_5,CWE-20,0.05089277185907583,0.2043478260869565,0.8288876825044582,0.9586209740918029,0.1711123174955417,0.7956521739130434,0.0814508786165167,0.1273787116950393,0.0177773649893794,0.8020143860214318,0.5166177542957074,0.5211546909507442,0.04617638770014833,460
dst_pcr6_fire_specificity_silence_sensitivity_tau_0_5,CWE-285,0.3272175536881419,0.06834505738615328,0.9951629326789064,0.9678812953935528,0.004837067321093699,0.9316549426138467,0.11264045397919635,0.0810895902748218,0.13643067423557254,0.9634341477045743,0.5317539950325297,0.5318587140534903,0.08389516941608474,366
dst_pcr6_fire_specificity_silence_sensitivity_tau_0_5,CWE-287,0.4113933317862749,0.2794778825235678,0.9593012238919346,0.9292433827419451,0.04069877610806528,0.7205221174764322,0.33262745715152897,0.2985296528690485,0.28511429480375416,0.8967277581762405,0.6193895532077512,0.6194583478687121,0.18441296175404936,984
dst_pcr6_fire_specificity_silence_sensitivity_tau_0_5,CWE-311,0.10824257742084949,0.14277831872768582,0.9554371579903789,0.9669805677465064,0.04456284200962119,0.8572216812723141,0.12303953461848198,0.13413548738769354,0.08592452930209729,0.9256406725697458,0.5491077383590323,0.5499270487241178,0.05888602743245915,392
dst_pcr6_fire_specificity_silence_sensitivity_tau_0_5,CWE-326,0.19666666666666668,0.13272727272727275,0.9974679212540589,0.9957757202871799,0.0025320787459410963,0.8672727272727274,0.19478844169246648,0.17585470085470087,0.15692649305738263,0.99326906024026,0.5650975969906658,0.565142346445034,0.06977954967853653,52
dst_pcr6_fire_specificity_silence_sensitivity_tau_0_5,CWE-327,0.3248531958025629,0.7424242424242424,0.9760572998723929,0.995928967631658,0.023942700127607165,0.25757575757575757,0.45168296288190046,0.5902105536257828,0.47992235782080395,0.9724930220358419,0.8592407711483177,0.8609224770178938,0.2629050685574386,163
dst_pcr6_fire_specificity_silence_sensitivity_tau_0_5,CWE-330,0.3771007130124777,0.6533333333333333,0.9845308090535095,0.9950155129225214,0.015469190946490543,0.3466666666666667,0.47777473421827715,0.5693941192296128,0.48697835532647005,0.9798853450080088,0.8189320711934214,0.8188589636040817,0.2933463461886405,150
dst_pcr6_fire_specificity_silence_sensitivity_tau_0_5,CWE-345,0.5,0.004651162790697674,0.9997987341772152,0.9397300086078133,0.00020126582278481012,0.9953488372093023,0.022959483264826774,0.014488099594482572,0.0487620741373188,0.939569257278597,0.5022249484839565,0.5022249484839565,0.0458592227406504,647
dst_pcr6_fire_specificity_silence_sensitivity_tau_0_5,CWE-400,0.06338757327922658,0.08452685421994885,0.9577875560180683,0.9692907591135727,0.042212443981931684,0.9154731457800512,0.07235949743769732,0.07916902358810671,0.03716323782311813,0.9297721567660693,0.5211572051190086,0.5214991939600826,0.05197191419361811,343
dst_pcr6_fire_specificity_silence_sensitivity_tau_0_5,CWE-477,0.002433465370619043,1.0,0.0,,1.0,0.0,0.004855029226921803,0.012049185376868006,,0.002433465370619043,0.5,0.4478450932487865,0.0016753866639435244,26
dst_pcr6_fire_specificity_silence_sensitivity_tau_0_5,CWE-489,0.00046769069882689657,1.0,0.0,,1.0,0.0,0.0009349440850770644,0.002334086494058907,,0.00046769069882689657,0.5,0.4887530389893963,0.0006089287724074186,5
dst_pcr6_fire_specificity_silence_sensitivity_tau_0_5,CWE-573,0.15537640086839172,0.23666666666666666,0.9906655616547395,0.9945143768264637,0.009334438345260496,0.7633333333333333,0.186500497391567,0.21320695756928343,0.1840458146041684,0.9853066555269618,0.613666114160703,0.6136661141607032,0.06562293817875942,76
dst_pcr6_fire_specificity_silence_sensitivity_tau_0_5,CWE-610,0.22349019211884175,0.16565789473684212,0.9727757309178771,0.961494146851904,0.027224269082122953,0.8343421052631579,0.1889451489313563,0.1740591089007945,0.15945237233247514,0.9367690235867142,0.5692168128273596,0.5694638634793414,0.10570449036684922,477
dst_pcr6_fire_specificity_silence_sensitivity_tau_0_5,CWE-668,0.2552553706984046,0.3131450719822813,0.850512397973168,0.8832447091285968,0.149487602026832,0.6868549280177187,0.2810916361469385,0.2994323634997539,0.15052547288144372,0.7749251866099206,0.5818287349777246,0.5866687839704836,0.17943055012271103,1504
dst_pcr6_fire_specificity_silence_sensitivity_tau_0_5,CWE-669,0.02319934197627685,1.0,0.0,,1.0,0.0,0.04534630084845802,0.1061435463564738,,0.02319934197627685,0.5,0.4978923713931076,0.014174506591877417,248
dst_pcr6_fire_specificity_silence_sensitivity_tau_0_5,CWE-704,0.0010303932741383536,1.0,0.0,,1.0,0.0,0.0020585875661481194,0.0051300496877075144,,0.0010303932741383536,0.5,0.4915221286551442,0.0013046881854933026,11
dst_pcr6_fire_specificity_silence_sensitivity_tau_0_5,CWE-706,0.2737086297556449,0.14653465346534653,0.9806759231851465,0.9586346859001988,0.01932407681485353,0.8534653465346536,0.18990799586544266,0.16117868687219997,0.1714632750426513,0.9412668938043083,0.5636052883252465,0.5640218217805082,0.14647321751512044,505
dst_pcr6_fire_specificity_silence_sensitivity_tau_0_5,CWE-74,0.35821254773325945,0.4627807391613362,0.8455354018538201,0.8941875046336616,0.1544645981461798,0.5372192608386638,0.4037039733005807,0.43714367839628476,0.27893497455036154,0.7854372227862461,0.6541580705075781,0.6621933991991085,0.32871806788143393,1679
dst_pcr6_fire_specificity_silence_sensitivity_tau_0_5,CWE-834,0.1,0.03205128205128205,0.9984916411464532,0.9943772352054389,0.001508358853546748,0.9679487179487178,0.11805555555555555,0.09175084175084175,0.05279023097236711,0.9928869422501672,0.5152714615988676,0.5152675270694373,0.013350199435068415,62
dst_pcr6_fire_specificity_silence_sensitivity_tau_0_5,CWE-913,0.24463452713379655,0.35609756097560974,0.9785393137191832,0.9872949115583406,0.021460686280816675,0.6439024390243903,0.2897604851289062,0.32611793644768927,0.2784652176813087,0.966599158392906,0.6673184373473966,0.6694249154777162,0.25901564597483495,205
dst_pcr6_fire_specificity_silence_sensitivity_tau_0_5,CWE-923,,0.0,1.0,0.9676343299044596,0.0,1.0,,,,0.9676343299044596,0.5,0.5,0.01909719052662098,346
dst_pcr6_fire_specificity_silence_sensitivity_tau_0_6,CWE-116,0.06607670249613984,0.21523809523809523,0.9787226621005857,0.9944478492341162,0.02127733789941435,0.7847619047619048,0.10083694083694084,0.14775654519900044,0.10815636507159873,0.9734431005965357,0.5969803786693404,0.5972712697634985,0.030346899406748656,74
dst_pcr6_fire_specificity_silence_sensitivity_tau_0_6,CWE-185,,0.0,1.0,0.9985969279035192,0.0,1.0,,,,0.9985969279035192,0.5,0.5,0.005349303737719003,15
dst_pcr6_fire_specificity_silence_sensitivity_tau_0_6,CWE-20,0.05089277185907583,0.2043478260869565,0.8288876825044582,0.9586209740918029,0.1711123174955417,0.7956521739130434,0.0814508786165167,0.1273787116950393,0.0177773649893794,0.8020143860214318,0.5166177542957074,0.5211546909507442,0.04617638770014833,460
dst_pcr6_fire_specificity_silence_sensitivity_tau_0_6,CWE-285,0.3272175536881419,0.06834505738615328,0.9951629326789064,0.9678812953935528,0.004837067321093699,0.9316549426138467,0.11264045397919635,0.0810895902748218,0.13643067423557254,0.9634341477045743,0.5317539950325297,0.5318587140534903,0.08389516941608474,366
dst_pcr6_fire_specificity_silence_sensitivity_tau_0_6,CWE-287,0.4113933317862749,0.2794778825235678,0.9593012238919346,0.9292433827419451,0.04069877610806528,0.7205221174764322,0.33262745715152897,0.2985296528690485,0.28511429480375416,0.8967277581762405,0.6193895532077512,0.6194583478687121,0.18441296175404936,984
dst_pcr6_fire_specificity_silence_sensitivity_tau_0_6,CWE-311,0.10824257742084949,0.14277831872768582,0.9554371579903789,0.9669805677465064,0.04456284200962119,0.8572216812723141,0.12303953461848198,0.13413548738769354,0.08592452930209729,0.9256406725697458,0.5491077383590323,0.5499270487241178,0.05888602743245915,392
dst_pcr6_fire_specificity_silence_sensitivity_tau_0_6,CWE-326,0.19666666666666668,0.13272727272727275,0.9974679212540589,0.9957757202871799,0.0025320787459410963,0.8672727272727274,0.19478844169246648,0.17585470085470087,0.15692649305738263,0.99326906024026,0.5650975969906658,0.565142346445034,0.06977954967853653,52
dst_pcr6_fire_specificity_silence_sensitivity_tau_0_6,CWE-327,0.4184335913863122,0.7058712121212121,0.9847977124567748,0.9953938132884425,0.015202287543225093,0.2941287878787879,0.5249671221273655,0.62013986786533,0.5343902330791634,0.9805410684514687,0.8453344622889934,0.8609224770178938,0.2629050685574386,163
dst_pcr6_fire_specificity_silence_sensitivity_tau_0_6,CWE-330,0.3771007130124777,0.6533333333333333,0.9845308090535095,0.9950155129225214,0.015469190946490543,0.3466666666666667,0.47777473421827715,0.5693941192296128,0.48697835532647005,0.9798853450080088,0.8189320711934214,0.8188589636040817,0.2933463461886405,150
dst_pcr6_fire_specificity_silence_sensitivity_tau_0_6,CWE-345,0.5,0.004651162790697674,0.9997987341772152,0.9397300086078133,0.00020126582278481012,0.9953488372093023,0.022959483264826774,0.014488099594482572,0.0487620741373188,0.939569257278597,0.5022249484839565,0.5022249484839565,0.0458592227406504,647
dst_pcr6_fire_specificity_silence_sensitivity_tau_0_6,CWE-400,0.06338757327922658,0.08452685421994885,0.9577875560180683,0.9692907591135727,0.042212443981931684,0.9154731457800512,0.07235949743769732,0.07916902358810671,0.03716323782311813,0.9297721567660693,0.5211572051190086,0.5214991939600826,0.05197191419361811,343
dst_pcr6_fire_specificity_silence_sensitivity_tau_0_6,CWE-477,0.0,0.0,0.895690186497573,0.9972832164743206,0.10430981350242696,1.0,,,-0.01681839456166385,0.8935109970270766,0.4478450932487865,0.4478450932487865,0.0016753866639435244,26
dst_pcr6_fire_specificity_silence_sensitivity_tau_0_6,CWE-489,0.0,0.0,0.9775060779787926,0.9995215272682026,0.022493922021207334,1.0,,,-0.0032717144388593653,0.9770489246817565,0.4887530389893963,0.4887530389893963,0.0006089287724074186,5
dst_pcr6_fire_specificity_silence_sensitivity_tau_0_6,CWE-573,0.15537640086839172,0.23666666666666666,0.9906655616547395,0.9945143768264637,0.009334438345260496,0.7633333333333333,0.186500497391567,0.21320695756928343,0.1840458146041684,0.9853066555269618,0.613666114160703,0.6136661141607032,0.06562293817875942,76
dst_pcr6_fire_specificity_silence_sensitivity_tau_0_6,CWE-610,0.22349019211884175,0.16565789473684212,0.9727757309178771,0.961494146851904,0.027224269082122953,0.8343421052631579,0.1889451489313563,0.1740591089007945,0.15945237233247514,0.9367690235867142,0.5692168128273596,0.5694638634793414,0.10570449036684922,477
dst_pcr6_fire_specificity_silence_sensitivity_tau_0_6,CWE-668,0.2552553706984046,0.3131450719822813,0.850512397973168,0.8832447091285968,0.149487602026832,0.6868549280177187,0.2810916361469385,0.2994323634997539,0.15052547288144372,0.7749251866099206,0.5818287349777246,0.5866687839704836,0.17943055012271103,1504
dst_pcr6_fire_specificity_silence_sensitivity_tau_0_6,CWE-669,0.0,0.0,0.9957847427862152,0.9767044663167088,0.004215257213784795,1.0,,,-0.009738719257062371,0.9726834056761312,0.4978923713931076,0.4978923713931076,0.014174506591877417,248
dst_pcr6_fire_specificity_silence_sensitivity_tau_0_6,CWE-704,0.0,0.0,0.9830442573102884,0.9989517298604145,0.01695574268971159,1.0,,,-0.004197513717311529,0.9820314506859555,0.4915221286551442,0.4915221286551442,0.0013046881854933026,11
dst_pcr6_fire_specificity_silence_sensitivity_tau_0_6,CWE-706,0.2737086297556449,0.14653465346534653,0.9806759231851465,0.9586346859001988,0.01932407681485353,0.8534653465346536,0.18990799586544266,0.16117868687219997,0.1714632750426513,0.9412668938043083,0.5636052883252465,0.5640218217805082,0.14647321751512044,505
dst_pcr6_fire_specificity_silence_sensitivity_tau_0_6,CWE-74,0.35821254773325945,0.4627807391613362,0.8455354018538201,0.8941875046336616,0.1544645981461798,0.5372192608386638,0.4037039733005807,0.43714367839628476,0.27893497455036154,0.7854372227862461,0.6541580705075781,0.6621933991991085,0.32871806788143393,1679
dst_pcr6_fire_specificity_silence_sensitivity_tau_0_6,CWE-834,0.1,0.03205128205128205,0.9984916411464532,0.9943772352054389,0.001508358853546748,0.9679487179487178,0.11805555555555555,0.09175084175084175,0.05279023097236711,0.9928869422501672,0.5152714615988676,0.5152675270694373,0.013350199435068415,62
dst_pcr6_fire_specificity_silence_sensitivity_tau_0_6,CWE-913,0.24463452713379655,0.35609756097560974,0.9785393137191832,0.9872949115583406,0.021460686280816675,0.6439024390243903,0.2897604851289062,0.32611793644768927,0.2784652176813087,0.966599158392906,0.6673184373473966,0.6694249154777162,0.25901564597483495,205
dst_pcr6_fire_specificity_silence_sensitivity_tau_0_6,CWE-923,,0.0,1.0,0.9676343299044596,0.0,1.0,,,,0.9676343299044596,0.5,0.5,0.01909719052662098,346
dst_pcr6_fire_specificity_silence_sensitivity_tau_0_7,CWE-116,0.06607670249613984,0.21523809523809523,0.9787226621005857,0.9944478492341162,0.02127733789941435,0.7847619047619048,0.10083694083694084,0.14775654519900044,0.10815636507159873,0.9734431005965357,0.5969803786693404,0.5972712697634985,0.030346899406748656,74
dst_pcr6_fire_specificity_silence_sensitivity_tau_0_7,CWE-185,,0.0,1.0,0.9985969279035192,0.0,1.0,,,,0.9985969279035192,0.5,0.5,0.005349303737719003,15
dst_pcr6_fire_specificity_silence_sensitivity_tau_0_7,CWE-20,0.05089277185907583,0.2043478260869565,0.8288876825044582,0.9586209740918029,0.1711123174955417,0.7956521739130434,0.0814508786165167,0.1273787116950393,0.0177773649893794,0.8020143860214318,0.5166177542957074,0.5211546909507442,0.04617638770014833,460
dst_pcr6_fire_specificity_silence_sensitivity_tau_0_7,CWE-285,0.3272175536881419,0.06834505738615328,0.9951629326789064,0.9678812953935528,0.004837067321093699,0.9316549426138467,0.11264045397919635,0.0810895902748218,0.13643067423557254,0.9634341477045743,0.5317539950325297,0.5318587140534903,0.08389516941608474,366
dst_pcr6_fire_specificity_silence_sensitivity_tau_0_7,CWE-287,0.4113933317862749,0.2794778825235678,0.9593012238919346,0.9292433827419451,0.04069877610806528,0.7205221174764322,0.33262745715152897,0.2985296528690485,0.28511429480375416,0.8967277581762405,0.6193895532077512,0.6194583478687121,0.18441296175404936,984
dst_pcr6_fire_specificity_silence_sensitivity_tau_0_7,CWE-311,0.10824257742084949,0.14277831872768582,0.9554371579903789,0.9669805677465064,0.04456284200962119,0.8572216812723141,0.12303953461848198,0.13413548738769354,0.08592452930209729,0.9256406725697458,0.5491077383590323,0.5499270487241178,0.05888602743245915,392
dst_pcr6_fire_specificity_silence_sensitivity_tau_0_7,CWE-326,0.19666666666666668,0.13272727272727275,0.9974679212540589,0.9957757202871799,0.0025320787459410963,0.8672727272727274,0.19478844169246648,0.17585470085470087,0.15692649305738263,0.99326906024026,0.5650975969906658,0.565142346445034,0.06977954967853653,52
dst_pcr6_fire_specificity_silence_sensitivity_tau_0_7,CWE-327,0.4464199326509357,0.7058712121212121,0.9864146808856555,0.9954014157447251,0.01358531911434456,0.2941287878787879,0.5462766193716573,0.6317195540096169,0.5527179445143731,0.9821333567080048,0.8461429465034337,0.8609224770178938,0.2629050685574386,163
dst_pcr6_fire_specificity_silence_sensitivity_tau_0_7,CWE-330,0.3771007130124777,0.6533333333333333,0.9845308090535095,0.9950155129225214,0.015469190946490543,0.3466666666666667,0.47777473421827715,0.5693941192296128,0.48697835532647005,0.9798853450080088,0.8189320711934214,0.8188589636040817,0.2933463461886405,150
dst_pcr6_fire_specificity_silence_sensitivity_tau_0_7,CWE-345,0.5,0.004651162790697674,0.9997987341772152,0.9397300086078133,0.00020126582278481012,0.9953488372093023,0.022959483264826774,0.014488099594482572,0.0487620741373188,0.939569257278597,0.5022249484839565,0.5022249484839565,0.0458592227406504,647
dst_pcr6_fire_specificity_silence_sensitivity_tau_0_7,CWE-400,0.06338757327922658,0.08452685421994885,0.9577875560180683,0.9692907591135727,0.042212443981931684,0.9154731457800512,0.07235949743769732,0.07916902358810671,0.03716323782311813,0.9297721567660693,0.5211572051190086,0.5214991939600826,0.05197191419361811,343
dst_pcr6_fire_specificity_silence_sensitivity_tau_0_7,CWE-477,0.0,0.0,0.895690186497573,0.9972832164743206,0.10430981350242696,1.0,,,-0.01681839456166385,0.8935109970270766,0.4478450932487865,0.4478450932487865,0.0016753866639435244,26
dst_pcr6_fire_specificity_silence_sensitivity_tau_0_7,CWE-489,0.0,0.0,0.9775060779787926,0.9995215272682026,0.022493922021207334,1.0,,,-0.0032717144388593653,0.9770489246817565,0.4887530389893963,0.4887530389893963,0.0006089287724074186,5
dst_pcr6_fire_specificity_silence_sensitivity_tau_0_7,CWE-573,0.15537640086839172,0.23666666666666666,0.9906655616547395,0.9945143768264637,0.009334438345260496,0.7633333333333333,0.186500497391567,0.21320695756928343,0.1840458146041684,0.9853066555269618,0.613666114160703,0.6136661141607032,0.06562293817875942,76
dst_pcr6_fire_specificity_silence_sensitivity_tau_0_7,CWE-610,0.22349019211884175,0.16565789473684212,0.9727757309178771,0.961494146851904,0.027224269082122953,0.8343421052631579,0.1889451489313563,0.1740591089007945,0.15945237233247514,0.9367690235867142,0.5692168128273596,0.5694638634793414,0.10570449036684922,477
dst_pcr6_fire_specificity_silence_sensitivity_tau_0_7,CWE-668,0.2552553706984046,0.3131450719822813,0.850512397973168,0.8832447091285968,0.149487602026832,0.6868549280177187,0.2810916361469385,0.2994323634997539,0.15052547288144372,0.7749251866099206,0.5818287349777246,0.5866687839704836,0.17943055012271103,1504
dst_pcr6_fire_specificity_silence_sensitivity_tau_0_7,CWE-669,0.0,0.0,0.9957847427862152,0.9767044663167088,0.004215257213784795,1.0,,,-0.009738719257062371,0.9726834056761312,0.4978923713931076,0.4978923713931076,0.014174506591877417,248
dst_pcr6_fire_specificity_silence_sensitivity_tau_0_7,CWE-704,0.0,0.0,0.9830442573102884,0.9989517298604145,0.01695574268971159,1.0,,,-0.004197513717311529,0.9820314506859555,0.4915221286551442,0.4915221286551442,0.0013046881854933026,11
dst_pcr6_fire_specificity_silence_sensitivity_tau_0_7,CWE-706,0.2737086297556449,0.14653465346534653,0.9806759231851465,0.9586346859001988,0.01932407681485353,0.8534653465346536,0.18990799586544266,0.16117868687219997,0.1714632750426513,0.9412668938043083,0.5636052883252465,0.5640218217805082,0.14647321751512044,505
dst_pcr6_fire_specificity_silence_sensitivity_tau_0_7,CWE-74,0.35821254773325945,0.4627807391613362,0.8455354018538201,0.8941875046336616,0.1544645981461798,0.5372192608386638,0.4037039733005807,0.43714367839628476,0.27893497455036154,0.7854372227862461,0.6541580705075781,0.6621933991991085,0.32871806788143393,1679
dst_pcr6_fire_specificity_silence_sensitivity_tau_0_7,CWE-834,0.1,0.03205128205128205,0.9984916411464532,0.9943772352054389,0.001508358853546748,0.9679487179487178,0.11805555555555555,0.09175084175084175,0.05279023097236711,0.9928869422501672,0.5152714615988676,0.5152675270694373,0.013350199435068415,62
dst_pcr6_fire_specificity_silence_sensitivity_tau_0_7,CWE-913,0.24463452713379655,0.35609756097560974,0.9785393137191832,0.9872949115583406,0.021460686280816675,0.6439024390243903,0.2897604851289062,0.32611793644768927,0.2784652176813087,0.966599158392906,0.6673184373473966,0.6694249154777162,0.25901564597483495,205
dst_pcr6_fire_specificity_silence_sensitivity_tau_0_7,CWE-923,,0.0,1.0,0.9676343299044596,0.0,1.0,,,,0.9676343299044596,0.5,0.5,0.01909719052662098,346
dst_pcr6_fire_specificity_silence_sensitivity_tau_0_8,CWE-116,0.06607670249613984,0.21523809523809523,0.9787226621005857,0.9944478492341162,0.02127733789941435,0.7847619047619048,0.10083694083694084,0.14775654519900044,0.10815636507159873,0.9734431005965357,0.5969803786693404,0.5972712697634985,0.030346899406748656,74
dst_pcr6_fire_specificity_silence_sensitivity_tau_0_8,CWE-185,,0.0,1.0,0.9985969279035192,0.0,1.0,,,,0.9985969279035192,0.5,0.5,0.005349303737719003,15
dst_pcr6_fire_specificity_silence_sensitivity_tau_0_8,CWE-20,0.05089277185907583,0.2043478260869565,0.8288876825044582,0.9586209740918029,0.1711123174955417,0.7956521739130434,0.0814508786165167,0.1273787116950393,0.0177773649893794,0.8020143860214318,0.5166177542957074,0.5211546909507442,0.04617638770014833,460
dst_pcr6_fire_specificity_silence_sensitivity_tau_0_8,CWE-285,0.3272175536881419,0.06834505738615328,0.9951629326789064,0.9678812953935528,0.004837067321093699,0.9316549426138467,0.11264045397919635,0.0810895902748218,0.13643067423557254,0.9634341477045743,0.5317539950325297,0.5318587140534903,0.08389516941608474,366
dst_pcr6_fire_specificity_silence_sensitivity_tau_0_8,CWE-287,0.4113933317862749,0.2794778825235678,0.9593012238919346,0.9292433827419451,0.04069877610806528,0.7205221174764322,0.33262745715152897,0.2985296528690485,0.28511429480375416,0.8967277581762405,0.6193895532077512,0.6194583478687121,0.18441296175404936,984
dst_pcr6_fire_specificity_silence_sensitivity_tau_0_8,CWE-311,0.10824257742084949,0.14277831872768582,0.9554371579903789,0.9669805677465064,0.04456284200962119,0.8572216812723141,0.12303953461848198,0.13413548738769354,0.08592452930209729,0.9256406725697458,0.5491077383590323,0.5499270487241178,0.05888602743245915,392
dst_pcr6_fire_specificity_silence_sensitivity_tau_0_8,CWE-326,0.19666666666666668,0.13272727272727275,0.9974679212540589,0.9957757202871799,0.0025320787459410963,0.8672727272727274,0.19478844169246648,0.17585470085470087,0.15692649305738263,0.99326906024026,0.5650975969906658,0.565142346445034,0.06977954967853653,52
dst_pcr6_fire_specificity_silence_sensitivity_tau_0_8,CWE-327,0.42410491446811704,0.5827651515151515,0.9877420486628588,0.9935068180147475,0.012257951337141392,0.41723484848484843,0.4905219504853083,0.5418434825713738,0.4879081268610578,0.9815712167221188,0.7852536000890051,0.8609224770178938,0.2629050685574386,163
dst_pcr6_fire_specificity_silence_sensitivity_tau_0_8,CWE-330,0.3771007130124777,0.6533333333333333,0.9845308090535095,0.9950155129225214,0.015469190946490543,0.3466666666666667,0.47777473421827715,0.5693941192296128,0.48697835532647005,0.9798853450080088,0.8189320711934214,0.8188589636040817,0.2933463461886405,150
dst_pcr6_fire_specificity_silence_sensitivity_tau_0_8,CWE-345,0.5,0.004651162790697674,0.9997987341772152,0.9397300086078133,0.00020126582278481012,0.9953488372093023,0.022959483264826774,0.014488099594482572,0.0487620741373188,0.939569257278597,0.5022249484839565,0.5022249484839565,0.0458592227406504,647
dst_pcr6_fire_specificity_silence_sensitivity_tau_0_8,CWE-400,0.06338757327922658,0.08452685421994885,0.9577875560180683,0.9692907591135727,0.042212443981931684,0.9154731457800512,0.07235949743769732,0.07916902358810671,0.03716323782311813,0.9297721567660693,0.5211572051190086,0.5214991939600826,0.05197191419361811,343
dst_pcr6_fire_specificity_silence_sensitivity_tau_0_8,CWE-477,0.0,0.0,0.895690186497573,0.9972832164743206,0.10430981350242696,1.0,,,-0.01681839456166385,0.8935109970270766,0.4478450932487865,0.4478450932487865,0.0016753866639435244,26
dst_pcr6_fire_specificity_silence_sensitivity_tau_0_8,CWE-489,0.0,0.0,0.9775060779787926,0.9995215272682026,0.022493922021207334,1.0,,,-0.0032717144388593653,0.9770489246817565,0.4887530389893963,0.4887530389893963,0.0006089287724074186,5
dst_pcr6_fire_specificity_silence_sensitivity_tau_0_8,CWE-573,0.15537640086839172,0.23666666666666666,0.9906655616547395,0.9945143768264637,0.009334438345260496,0.7633333333333333,0.186500497391567,0.21320695756928343,0.1840458146041684,0.9853066555269618,0.613666114160703,0.6136661141607032,0.06562293817875942,76
dst_pcr6_fire_specificity_silence_sensitivity_tau_0_8,CWE-610,0.22349019211884175,0.16565789473684212,0.9727757309178771,0.961494146851904,0.027224269082122953,0.8343421052631579,0.1889451489313563,0.1740591089007945,0.15945237233247514,0.9367690235867142,0.5692168128273596,0.5694638634793414,0.10570449036684922,477
dst_pcr6_fire_specificity_silence_sensitivity_tau_0_8,CWE-668,0.2552553706984046,0.3131450719822813,0.850512397973168,0.8832447091285968,0.149487602026832,0.6868549280177187,0.2810916361469385,0.2994323634997539,0.15052547288144372,0.7749251866099206,0.5818287349777246,0.5866687839704836,0.17943055012271103,1504
dst_pcr6_fire_specificity_silence_sensitivity_tau_0_8,CWE-669,0.0,0.0,0.9957847427862152,0.9767044663167088,0.004215257213784795,1.0,,,-0.009738719257062371,0.9726834056761312,0.4978923713931076,0.4978923713931076,0.014174506591877417,248
dst_pcr6_fire_specificity_silence_sensitivity_tau_0_8,CWE-704,0.0,0.0,0.9830442573102884,0.9989517298604145,0.01695574268971159,1.0,,,-0.004197513717311529,0.9820314506859555,0.4915221286551442,0.4915221286551442,0.0013046881854933026,11
dst_pcr6_fire_specificity_silence_sensitivity_tau_0_8,CWE-706,0.2737086297556449,0.14653465346534653,0.9806759231851465,0.9586346859001988,0.01932407681485353,0.8534653465346536,0.18990799586544266,0.16117868687219997,0.1714632750426513,0.9412668938043083,0.5636052883252465,0.5640218217805082,0.14647321751512044,505
dst_pcr6_fire_specificity_silence_sensitivity_tau_0_8,CWE-74,0.3797222739914692,0.44669687277896236,0.8641488710291073,0.8934722737295576,0.13585112897089271,0.5533031272210376,0.41030941991826647,0.43133756271841683,0.29137339229065545,0.7986119365151405,0.6554228719040348,0.6621933991991085,0.32871806788143393,1679
dst_pcr6_fire_specificity_silence_sensitivity_tau_0_8,CWE-834,0.1,0.03205128205128205,0.9984916411464532,0.9943772352054389,0.001508358853546748,0.9679487179487178,0.11805555555555555,0.09175084175084175,0.05279023097236711,0.9928869422501672,0.5152714615988676,0.5152675270694373,0.013350199435068415,62
dst_pcr6_fire_specificity_silence_sensitivity_tau_0_8,CWE-913,0.24463452713379655,0.35609756097560974,0.9785393137191832,0.9872949115583406,0.021460686280816675,0.6439024390243903,0.2897604851289062,0.32611793644768927,0.2784652176813087,0.966599158392906,0.6673184373473966,0.6694249154777162,0.25901564597483495,205
dst_pcr6_fire_specificity_silence_sensitivity_tau_0_8,CWE-923,,0.0,1.0,0.9676343299044596,0.0,1.0,,,,0.9676343299044596,0.5,0.5,0.01909719052662098,346
dst_pcr6_fire_specificity_silence_sensitivity_tau_0_9,CWE-116,0.06607670249613984,0.21523809523809523,0.9787226621005857,0.9944478492341162,0.02127733789941435,0.7847619047619048,0.10083694083694084,0.14775654519900044,0.10815636507159873,0.9734431005965357,0.5969803786693404,0.5972712697634985,0.030346899406748656,74
dst_pcr6_fire_specificity_silence_sensitivity_tau_0_9,CWE-185,,0.0,1.0,0.9985969279035192,0.0,1.0,,,,0.9985969279035192,0.5,0.5,0.005349303737719003,15
dst_pcr6_fire_specificity_silence_sensitivity_tau_0_9,CWE-20,0.05089277185907583,0.2043478260869565,0.8288876825044582,0.9586209740918029,0.1711123174955417,0.7956521739130434,0.0814508786165167,0.1273787116950393,0.0177773649893794,0.8020143860214318,0.5166177542957074,0.5211546909507442,0.04617638770014833,460
dst_pcr6_fire_specificity_silence_sensitivity_tau_0_9,CWE-285,0.3272175536881419,0.06834505738615328,0.9951629326789064,0.9678812953935528,0.004837067321093699,0.9316549426138467,0.11264045397919635,0.0810895902748218,0.13643067423557254,0.9634341477045743,0.5317539950325297,0.5318587140534903,0.08389516941608474,366
dst_pcr6_fire_specificity_silence_sensitivity_tau_0_9,CWE-287,0.4113933317862749,0.2794778825235678,0.9593012238919346,0.9292433827419451,0.04069877610806528,0.7205221174764322,0.33262745715152897,0.2985296528690485,0.28511429480375416,0.8967277581762405,0.6193895532077512,0.6194583478687121,0.18441296175404936,984
dst_pcr6_fire_specificity_silence_sensitivity_tau_0_9,CWE-311,0.10824257742084949,0.14277831872768582,0.9554371579903789,0.9669805677465064,0.04456284200962119,0.8572216812723141,0.12303953461848198,0.13413548738769354,0.08592452930209729,0.9256406725697458,0.5491077383590323,0.5499270487241178,0.05888602743245915,392
dst_pcr6_fire_specificity_silence_sensitivity_tau_0_9,CWE-326,0.19666666666666668,0.13272727272727275,0.9974679212540589,0.9957757202871799,0.0025320787459410963,0.8672727272727274,0.19478844169246648,0.17585470085470087,0.15692649305738263,0.99326906024026,0.5650975969906658,0.565142346445034,0.06977954967853653,52
dst_pcr6_fire_specificity_silence_sensitivity_tau_0_9,CWE-327,0.4345673408716887,0.5642045454545455,0.9885931146505375,0.993227506326166,0.011406885349462602,0.4357954545454545,0.49042735042735036,0.5319908357490258,0.4860327088544091,0.9821284733696176,0.7763988300525415,0.8609224770178938,0.2629050685574386,163
dst_pcr6_fire_specificity_silence_sensitivity_tau_0_9,CWE-330,0.3771007130124777,0.6533333333333333,0.9845308090535095,0.9950155129225214,0.015469190946490543,0.3466666666666667,0.47777473421827715,0.5693941192296128,0.48697835532647005,0.9798853450080088,0.8189320711934214,0.8188589636040817,0.2933463461886405,150
dst_pcr6_fire_specificity_silence_sensitivity_tau_0_9,CWE-345,0.5,0.004651162790697674,0.9997987341772152,0.9397300086078133,0.00020126582278481012,0.9953488372093023,0.022959483264826774,0.014488099594482572,0.0487620741373188,0.939569257278597,0.5022249484839565,0.5022249484839565,0.0458592227406504,647
dst_pcr6_fire_specificity_silence_sensitivity_tau_0_9,CWE-400,0.06338757327922658,0.08452685421994885,0.9577875560180683,0.9692907591135727,0.042212443981931684,0.9154731457800512,0.07235949743769732,0.07916902358810671,0.03716323782311813,0.9297721567660693,0.5211572051190086,0.5214991939600826,0.05197191419361811,343
dst_pcr6_fire_specificity_silence_sensitivity_tau_0_9,CWE-477,0.0,0.0,0.895690186497573,0.9972832164743206,0.10430981350242696,1.0,,,-0.01681839456166385,0.8935109970270766,0.4478450932487865,0.4478450932487865,0.0016753866639435244,26
dst_pcr6_fire_specificity_silence_sensitivity_tau_0_9,CWE-489,0.0,0.0,0.9775060779787926,0.9995215272682026,0.022493922021207334,1.0,,,-0.0032717144388593653,0.9770489246817565,0.4887530389893963,0.4887530389893963,0.0006089287724074186,5
dst_pcr6_fire_specificity_silence_sensitivity_tau_0_9,CWE-573,0.15537640086839172,0.23666666666666666,0.9906655616547395,0.9945143768264637,0.009334438345260496,0.7633333333333333,0.186500497391567,0.21320695756928343,0.1840458146041684,0.9853066555269618,0.613666114160703,0.6136661141607032,0.06562293817875942,76
dst_pcr6_fire_specificity_silence_sensitivity_tau_0_9,CWE-610,0.22349019211884175,0.16565789473684212,0.9727757309178771,0.961494146851904,0.027224269082122953,0.8343421052631579,0.1889451489313563,0.1740591089007945,0.15945237233247514,0.9367690235867142,0.5692168128273596,0.5694638634793414,0.10570449036684922,477
dst_pcr6_fire_specificity_silence_sensitivity_tau_0_9,CWE-668,0.2552553706984046,0.3131450719822813,0.850512397973168,0.8832447091285968,0.149487602026832,0.6868549280177187,0.2810916361469385,0.2994323634997539,0.15052547288144372,0.7749251866099206,0.5818287349777246,0.5866687839704836,0.17943055012271103,1504
dst_pcr6_fire_specificity_silence_sensitivity_tau_0_9,CWE-669,0.0,0.0,0.9957847427862152,0.9767044663167088,0.004215257213784795,1.0,,,-0.009738719257062371,0.9726834056761312,0.4978923713931076,0.4978923713931076,0.014174506591877417,248
dst_pcr6_fire_specificity_silence_sensitivity_tau_0_9,CWE-704,0.0,0.0,0.9830442573102884,0.9989517298604145,0.01695574268971159,1.0,,,-0.004197513717311529,0.9820314506859555,0.4915221286551442,0.4915221286551442,0.0013046881854933026,11
dst_pcr6_fire_specificity_silence_sensitivity_tau_0_9,CWE-706,0.2737086297556449,0.14653465346534653,0.9806759231851465,0.9586346859001988,0.01932407681485353,0.8534653465346536,0.18990799586544266,0.16117868687219997,0.1714632750426513,0.9412668938043083,0.5636052883252465,0.5640218217805082,0.14647321751512044,505
dst_pcr6_fire_specificity_silence_sensitivity_tau_0_9,CWE-74,0.44396881062458987,0.2870593461265103,0.9331073220328074,0.8754289916480804,0.06689267796719259,0.7129406538734897,0.34849642556637017,0.30881432420528504,0.2651233099504644,0.831675239624761,0.6100833340796589,0.6621933991991085,0.32871806788143393,1679
dst_pcr6_fire_specificity_silence_sensitivity_tau_0_9,CWE-834,0.1,0.03205128205128205,0.9984916411464532,0.9943772352054389,0.001508358853546748,0.9679487179487178,0.11805555555555555,0.09175084175084175,0.05279023097236711,0.9928869422501672,0.5152714615988676,0.5152675270694373,0.013350199435068415,62
dst_pcr6_fire_specificity_silence_sensitivity_tau_0_9,CWE-913,0.24085534524513458,0.3463414634146341,0.9787284982172382,0.987107247633045,0.021271501782761756,0.6536585365853659,0.2838401403114437,0.31819395266231865,0.27208756902866693,0.9665972579994382,0.6625349808159362,0.6694249154777162,0.25901564597483495,205
dst_pcr6_fire_specificity_silence_sensitivity_tau_0_9,CWE-923,,0.0,1.0,0.9676343299044596,0.0,1.0,,,,0.9676343299044596,0.5,0.5,0.01909719052662098,346
dst_yager_fire_specificity_silence_sensitivity_tau_0_1,CWE-116,0.006923364162256254,1.0,0.0,,1.0,0.0,0.01375140292117264,0.0336828778281026,,0.006923364162256254,0.5,0.5972712697634985,0.030346899406748656,74
dst_yager_fire_specificity_silence_sensitivity_tau_0_1,CWE-185,0.0014088539200488841,0.8,0.2,0.9986200551977921,0.8,0.2,0.002813743481785567,0.007004792651341831,,0.20085109417559752,0.5,0.5,0.005349303737719003,15
dst_yager_fire_specificity_silence_sensitivity_tau_0_1,CWE-20,0.043027544292074484,1.0,0.0,,1.0,0.0,0.08250473905151004,0.18354483213686668,,0.043027544292074484,0.5,0.5211546909507442,0.04617638770014833,460
dst_yager_fire_specificity_silence_sensitivity_tau_0_1,CWE-285,0.034236432890848004,1.0,0.0,,1.0,0.0,0.06620572062208614,0.15055956245821436,,0.034236432890848004,0.5,0.5318587140534903,0.08389516941608474,366
dst_yager_fire_specificity_silence_sensitivity_tau_0_1,CWE-287,0.09204307134875142,1.0,0.0,,1.0,0.0,0.1685684934771065,0.3363626426643768,,0.09204307134875142,0.5,0.6194583478687121,0.18441296175404936,984
dst_yager_fire_specificity_silence_sensitivity_tau_0_1,CWE-311,0.036668783098597516,1.0,0.0,,1.0,0.0,0.07074288735255836,0.15988732781937282,,0.036668783098597516,0.5,0.5499145529414445,0.05777831657791286,392
dst_yager_fire_specificity_silence_sensitivity_tau_0_1,CWE-326,0.0048636927768490835,1.0,0.0,,1.0,0.0,0.009680200987384074,0.023853400477810562,,0.0048636927768490835,0.5,0.565142346445034,0.06977954967853653,52
dst_yager_fire_specificity_silence_sensitivity_tau_0_1,CWE-327,0.3248531958025629,0.7424242424242424,0.9760572998723929,0.995928967631658,0.023942700127607165,0.25757575757575757,0.45168296288190046,0.5902105536257828,0.47992235782080395,0.9724930220358419,0.8592407711483177,0.8609598623827559,0.26364370547978533,163
dst_yager_fire_specificity_silence_sensitivity_tau_0_1,CWE-330,0.014030720964806894,1.0,0.0,,1.0,0.0,0.027673126033732853,0.06642524162506888,,0.014030720964806894,0.5,0.8188589636040817,0.2933463461886405,150
dst_yager_fire_specificity_silence_sensitivity_tau_0_1,CWE-345,0.060521008738769234,1.0,0.0,,1.0,0.0,0.11413334880001003,0.24361980731009608,,0.060521008738769234,0.5,0.5022249484839565,0.0458592227406504,647
dst_yager_fire_specificity_silence_sensitivity_tau_0_1,CWE-400,0.03208546525398788,1.0,0.0,,1.0,0.0,0.062175465692835795,0.14217574028887417,,0.03208546525398788,0.5,0.5208939928718094,0.04621689148336218,343
dst_yager_fire_specificity_silence_sensitivity_tau_0_1,CWE-477,0.002433465370619043,1.0,0.0,,1.0,0.0,0.004855029226921803,0.012049185376868006,,0.002433465370619043,0.5,0.4478450932487865,0.0016753866639435244,26
dst_yager_fire_specificity_silence_sensitivity_tau_0_1,CWE-489,0.00046769069882689657,1.0,0.0,,1.0,0.0,0.0009349440850770644,0.002334086494058907,,0.00046769069882689657,0.5,0.4887530389893963,0.0006089287724074186,5
dst_yager_fire_specificity_silence_sensitivity_tau_0_1,CWE-573,0.007108557127324231,1.0,0.0,,1.0,0.0,0.014116695197668136,0.034559446182001616,,0.007108557127324231,0.5,0.6136661141607032,0.06562293817875942,76
dst_yager_fire_specificity_silence_sensitivity_tau_0_1,CWE-610,0.04461921740869906,1.0,0.0,,1.0,0.0,0.08542604496313569,0.1893038614205384,,0.04461921740869906,0.5,0.5694638634793414,0.10570449036684922,477
dst_yager_fire_specificity_silence_sensitivity_tau_0_1,CWE-668,0.14068290402674866,1.0,0.0,,1.0,0.0,0.24666080008062224,0.45010474808778234,,0.14068290402674866,0.5,0.5858224844602232,0.17571715919815858,1504
dst_yager_fire_specificity_silence_sensitivity_tau_0_1,CWE-669,0.02319934197627685,1.0,0.0,,1.0,0.0,0.04534630084845802,0.1061435463564738,,0.02319934197627685,0.5,0.4978923713931076,0.014174506591877417,248
dst_yager_fire_specificity_silence_sensitivity_tau_0_1,CWE-704,0.0010303932741383536,1.0,0.0,,1.0,0.0,0.0020585875661481194,0.0051300496877075144,,0.0010303932741383536,0.5,0.4915221286551442,0.0013046881854933026,11
dst_yager_fire_specificity_silence_sensitivity_tau_0_1,CWE-706,0.047236760581516546,1.0,0.0,,1.0,0.0,0.09021176348495849,0.19864664472198687,,0.047236760581516546,0.5,0.5640218217805082,0.14647321751512044,505
dst_yager_fire_specificity_silence_sensitivity_tau_0_1,CWE-74,0.15705207848569003,1.0,0.0,,1.0,0.0,0.27146517675133,0.4822700349262538,,0.15705207848569003,0.5,0.6614674125931047,0.32710897138467415,1679
dst_yager_fire_specificity_silence_sensitivity_tau_0_1,CWE-834,0.005799296582554513,1.0,0.0,,1.0,0.0,0.011531607815566506,0.028338055965281345,,0.005799296582554513,0.5,0.5152753961282979,0.01390575499062397,62
dst_yager_fire_specificity_silence_sensitivity_tau_0_1,CWE-913,0.019175318651902758,1.0,0.0,,1.0,0.0,0.03762901138815739,0.08904595908205172,,0.019175318651902758,0.5,0.6694249154777162,0.25901564597483495,205
dst_yager_fire_specificity_silence_sensitivity_tau_0_1,CWE-923,0.03238502397880784,0.8,0.2,0.9677117454375292,0.8,0.2,0.06273771022471847,0.1433506581945013,,0.21945036827055212,0.5,0.5,0.01909719052662098,346
dst_yager_fire_specificity_silence_sensitivity_tau_0_2,CWE-116,0.006923364162256254,1.0,0.0,,1.0,0.0,0.01375140292117264,0.0336828778281026,,0.006923364162256254,0.5,0.5972712697634985,0.030346899406748656,74
dst_yager_fire_specificity_silence_sensitivity_tau_0_2,CWE-185,0.0014088539200488841,0.8,0.2,0.9986200551977921,0.8,0.2,0.002813743481785567,0.007004792651341831,,0.20085109417559752,0.5,0.5,0.005349303737719003,15
dst_yager_fire_specificity_silence_sensitivity_tau_0_2,CWE-20,0.043027544292074484,1.0,0.0,,1.0,0.0,0.08250473905151004,0.18354483213686668,,0.043027544292074484,0.5,0.5211546909507442,0.04617638770014833,460
dst_yager_fire_specificity_silence_sensitivity_tau_0_2,CWE-285,0.034236432890848004,1.0,0.0,,1.0,0.0,0.06620572062208614,0.15055956245821436,,0.034236432890848004,0.5,0.5318587140534903,0.08389516941608474,366
dst_yager_fire_specificity_silence_sensitivity_tau_0_2,CWE-287,0.09204307134875142,1.0,0.0,,1.0,0.0,0.1685684934771065,0.3363626426643768,,0.09204307134875142,0.5,0.6194583478687121,0.18441296175404936,984
dst_yager_fire_specificity_silence_sensitivity_tau_0_2,CWE-311,0.036668783098597516,1.0,0.0,,1.0,0.0,0.07074288735255836,0.15988732781937282,,0.036668783098597516,0.5,0.5499145529414445,0.05777831657791286,392
dst_yager_fire_specificity_silence_sensitivity_tau_0_2,CWE-326,0.0048636927768490835,1.0,0.0,,1.0,0.0,0.009680200987384074,0.023853400477810562,,0.0048636927768490835,0.5,0.565142346445034,0.06977954967853653,52
dst_yager_fire_specificity_silence_sensitivity_tau_0_2,CWE-327,0.3248531958025629,0.7424242424242424,0.9760572998723929,0.995928967631658,0.023942700127607165,0.25757575757575757,0.45168296288190046,0.5902105536257828,0.47992235782080395,0.9724930220358419,0.8592407711483177,0.8609598623827559,0.26364370547978533,163
dst_yager_fire_specificity_silence_sensitivity_tau_0_2,CWE-330,0.3771007130124777,0.6533333333333333,0.9845308090535095,0.9950155129225214,0.015469190946490543,0.3466666666666667,0.47777473421827715,0.5693941192296128,0.48697835532647005,0.9798853450080088,0.8189320711934214,0.8188589636040817,0.2933463461886405,150
dst_yager_fire_specificity_silence_sensitivity_tau_0_2,CWE-345,0.060521008738769234,1.0,0.0,,1.0,0.0,0.11413334880001003,0.24361980731009608,,0.060521008738769234,0.5,0.5022249484839565,0.0458592227406504,647
dst_yager_fire_specificity_silence_sensitivity_tau_0_2,CWE-400,0.03208546525398788,1.0,0.0,,1.0,0.0,0.062175465692835795,0.14217574028887417,,0.03208546525398788,0.5,0.5208939928718094,0.04621689148336218,343
dst_yager_fire_specificity_silence_sensitivity_tau_0_2,CWE-477,0.002433465370619043,1.0,0.0,,1.0,0.0,0.004855029226921803,0.012049185376868006,,0.002433465370619043,0.5,0.4478450932487865,0.0016753866639435244,26
dst_yager_fire_specificity_silence_sensitivity_tau_0_2,CWE-489,0.00046769069882689657,1.0,0.0,,1.0,0.0,0.0009349440850770644,0.002334086494058907,,0.00046769069882689657,0.5,0.4887530389893963,0.0006089287724074186,5
dst_yager_fire_specificity_silence_sensitivity_tau_0_2,CWE-573,0.007108557127324231,1.0,0.0,,1.0,0.0,0.014116695197668136,0.034559446182001616,,0.007108557127324231,0.5,0.6136661141607032,0.06562293817875942,76
dst_yager_fire_specificity_silence_sensitivity_tau_0_2,CWE-610,0.04461921740869906,1.0,0.0,,1.0,0.0,0.08542604496313569,0.1893038614205384,,0.04461921740869906,0.5,0.5694638634793414,0.10570449036684922,477
dst_yager_fire_specificity_silence_sensitivity_tau_0_2,CWE-668,0.14068290402674866,1.0,0.0,,1.0,0.0,0.24666080008062224,0.45010474808778234,,0.14068290402674866,0.5,0.5858224844602232,0.17571715919815858,1504
dst_yager_fire_specificity_silence_sensitivity_tau_0_2,CWE-669,0.02319934197627685,1.0,0.0,,1.0,0.0,0.04534630084845802,0.1061435463564738,,0.02319934197627685,0.5,0.4978923713931076,0.014174506591877417,248
dst_yager_fire_specificity_silence_sensitivity_tau_0_2,CWE-704,0.0010303932741383536,1.0,0.0,,1.0,0.0,0.0020585875661481194,0.0051300496877075144,,0.0010303932741383536,0.5,0.4915221286551442,0.0013046881854933026,11
dst_yager_fire_specificity_silence_sensitivity_tau_0_2,CWE-706,0.047236760581516546,1.0,0.0,,1.0,0.0,0.09021176348495849,0.19864664472198687,,0.047236760581516546,0.5,0.5640218217805082,0.14647321751512044,505
dst_yager_fire_specificity_silence_sensitivity_tau_0_2,CWE-74,0.35821254773325945,0.4627807391613362,0.8455354018538201,0.8941875046336616,0.1544645981461798,0.5372192608386638,0.4037039733005807,0.43714367839628476,0.27893497455036154,0.7854372227862461,0.6541580705075781,0.6614674125931047,0.32710897138467415,1679
dst_yager_fire_specificity_silence_sensitivity_tau_0_2,CWE-834,0.005799296582554513,1.0,0.0,,1.0,0.0,0.011531607815566506,0.028338055965281345,,0.005799296582554513,0.5,0.5152753961282979,0.01390575499062397,62
dst_yager_fire_specificity_silence_sensitivity_tau_0_2,CWE-913,0.019175318651902758,1.0,0.0,,1.0,0.0,0.03762901138815739,0.08904595908205172,,0.019175318651902758,0.5,0.6694249154777162,0.25901564597483495,205
dst_yager_fire_specificity_silence_sensitivity_tau_0_2,CWE-923,0.03238502397880784,0.8,0.2,0.9677117454375292,0.8,0.2,0.06273771022471847,0.1433506581945013,,0.21945036827055212,0.5,0.5,0.01909719052662098,346
dst_yager_fire_specificity_silence_sensitivity_tau_0_3,CWE-116,0.006923364162256254,1.0,0.0,,1.0,0.0,0.01375140292117264,0.0336828778281026,,0.006923364162256254,0.5,0.5972712697634985,0.030346899406748656,74
dst_yager_fire_specificity_silence_sensitivity_tau_0_3,CWE-185,0.0014088539200488841,0.8,0.2,0.9986200551977921,0.8,0.2,0.002813743481785567,0.007004792651341831,,0.20085109417559752,0.5,0.5,0.005349303737719003,15
dst_yager_fire_specificity_silence_sensitivity_tau_0_3,CWE-20,0.043027544292074484,1.0,0.0,,1.0,0.0,0.08250473905151004,0.18354483213686668,,0.043027544292074484,0.5,0.5211546909507442,0.04617638770014833,460
dst_yager_fire_specificity_silence_sensitivity_tau_0_3,CWE-285,0.034236432890848004,1.0,0.0,,1.0,0.0,0.06620572062208614,0.15055956245821436,,0.034236432890848004,0.5,0.5318587140534903,0.08389516941608474,366
dst_yager_fire_specificity_silence_sensitivity_tau_0_3,CWE-287,0.09204307134875142,1.0,0.0,,1.0,0.0,0.1685684934771065,0.3363626426643768,,0.09204307134875142,0.5,0.6194583478687121,0.18441296175404936,984
dst_yager_fire_specificity_silence_sensitivity_tau_0_3,CWE-311,0.036668783098597516,1.0,0.0,,1.0,0.0,0.07074288735255836,0.15988732781937282,,0.036668783098597516,0.5,0.5499145529414445,0.05777831657791286,392
dst_yager_fire_specificity_silence_sensitivity_tau_0_3,CWE-326,0.0048636927768490835,1.0,0.0,,1.0,0.0,0.009680200987384074,0.023853400477810562,,0.0048636927768490835,0.5,0.565142346445034,0.06977954967853653,52
dst_yager_fire_specificity_silence_sensitivity_tau_0_3,CWE-327,0.3248531958025629,0.7424242424242424,0.9760572998723929,0.995928967631658,0.023942700127607165,0.25757575757575757,0.45168296288190046,0.5902105536257828,0.47992235782080395,0.9724930220358419,0.8592407711483177,0.8609598623827559,0.26364370547978533,163
dst_yager_fire_specificity_silence_sensitivity_tau_0_3,CWE-330,0.3771007130124777,0.6533333333333333,0.9845308090535095,0.9950155129225214,0.015469190946490543,0.3466666666666667,0.47777473421827715,0.5693941192296128,0.48697835532647005,0.9798853450080088,0.8189320711934214,0.8188589636040817,0.2933463461886405,150
dst_yager_fire_specificity_silence_sensitivity_tau_0_3,CWE-345,0.060521008738769234,1.0,0.0,,1.0,0.0,0.11413334880001003,0.24361980731009608,,0.060521008738769234,0.5,0.5022249484839565,0.0458592227406504,647
dst_yager_fire_specificity_silence_sensitivity_tau_0_3,CWE-400,0.03208546525398788,1.0,0.0,,1.0,0.0,0.062175465692835795,0.14217574028887417,,0.03208546525398788,0.5,0.5208939928718094,0.04621689148336218,343
dst_yager_fire_specificity_silence_sensitivity_tau_0_3,CWE-477,0.002433465370619043,1.0,0.0,,1.0,0.0,0.004855029226921803,0.012049185376868006,,0.002433465370619043,0.5,0.4478450932487865,0.0016753866639435244,26
dst_yager_fire_specificity_silence_sensitivity_tau_0_3,CWE-489,0.00046769069882689657,1.0,0.0,,1.0,0.0,0.0009349440850770644,0.002334086494058907,,0.00046769069882689657,0.5,0.4887530389893963,0.0006089287724074186,5
dst_yager_fire_specificity_silence_sensitivity_tau_0_3,CWE-573,0.007108557127324231,1.0,0.0,,1.0,0.0,0.014116695197668136,0.034559446182001616,,0.007108557127324231,0.5,0.6136661141607032,0.06562293817875942,76
dst_yager_fire_specificity_silence_sensitivity_tau_0_3,CWE-610,0.04461921740869906,1.0,0.0,,1.0,0.0,0.08542604496313569,0.1893038614205384,,0.04461921740869906,0.5,0.5694638634793414,0.10570449036684922,477
dst_yager_fire_specificity_silence_sensitivity_tau_0_3,CWE-668,0.14068290402674866,1.0,0.0,,1.0,0.0,0.24666080008062224,0.45010474808778234,,0.14068290402674866,0.5,0.5858224844602232,0.17571715919815858,1504
dst_yager_fire_specificity_silence_sensitivity_tau_0_3,CWE-669,0.02319934197627685,1.0,0.0,,1.0,0.0,0.04534630084845802,0.1061435463564738,,0.02319934197627685,0.5,0.4978923713931076,0.014174506591877417,248
dst_yager_fire_specificity_silence_sensitivity_tau_0_3,CWE-704,0.0010303932741383536,1.0,0.0,,1.0,0.0,0.0020585875661481194,0.0051300496877075144,,0.0010303932741383536,0.5,0.4915221286551442,0.0013046881854933026,11
dst_yager_fire_specificity_silence_sensitivity_tau_0_3,CWE-706,0.047236760581516546,1.0,0.0,,1.0,0.0,0.09021176348495849,0.19864664472198687,,0.047236760581516546,0.5,0.5640218217805082,0.14647321751512044,505
dst_yager_fire_specificity_silence_sensitivity_tau_0_3,CWE-74,0.35821254773325945,0.4627807391613362,0.8455354018538201,0.8941875046336616,0.1544645981461798,0.5372192608386638,0.4037039733005807,0.43714367839628476,0.27893497455036154,0.7854372227862461,0.6541580705075781,0.6614674125931047,0.32710897138467415,1679
dst_yager_fire_specificity_silence_sensitivity_tau_0_3,CWE-834,0.005799296582554513,1.0,0.0,,1.0,0.0,0.011531607815566506,0.028338055965281345,,0.005799296582554513,0.5,0.5152753961282979,0.01390575499062397,62
dst_yager_fire_specificity_silence_sensitivity_tau_0_3,CWE-913,0.24463452713379655,0.35609756097560974,0.9785393137191832,0.9872949115583406,0.021460686280816675,0.6439024390243903,0.2897604851289062,0.32611793644768927,0.2784652176813087,0.966599158392906,0.6673184373473966,0.6694249154777162,0.25901564597483495,205
dst_yager_fire_specificity_silence_sensitivity_tau_0_3,CWE-923,0.03238502397880784,0.8,0.2,0.9677117454375292,0.8,0.2,0.06273771022471847,0.1433506581945013,,0.21945036827055212,0.5,0.5,0.01909719052662098,346
dst_yager_fire_specificity_silence_sensitivity_tau_0_4,CWE-116,0.043945240405245695,0.3352380952380952,0.7829460314107687,0.9941337972228361,0.21705396858923134,0.6647619047619047,0.06724979683795047,0.1005021284976209,0.083386414949512,0.7798736690960697,0.559092063324432,0.5972712697634985,0.030346899406748656,74
dst_yager_fire_specificity_silence_sensitivity_tau_0_4,CWE-185,0.0014088539200488841,0.8,0.2,0.9986200551977921,0.8,0.2,0.002813743481785567,0.007004792651341831,,0.20085109417559752,0.5,0.5,0.005349303737719003,15
dst_yager_fire_specificity_silence_sensitivity_tau_0_4,CWE-20,0.04365270414455964,0.6673913043478261,0.3345758334514417,0.9571928832162412,0.6654241665485583,0.33260869565217394,0.07770407020133534,0.15344117179717798,0.002959519486320423,0.3489051258158919,0.5009835688996339,0.5211546909507442,0.04617638770014833,460
dst_yager_fire_specificity_silence_sensitivity_tau_0_4,CWE-285,0.0560921300915314,0.8054794520547945,0.19885768681580202,0.9671296296296297,0.8011423131841979,0.19452054794520549,0.062406018337047085,0.12749291487460673,0.04883789032113471,0.2198850069478857,0.5021685694352983,0.5318587140534903,0.08389516941608474,366
dst_yager_fire_specificity_silence_sensitivity_tau_0_4,CWE-287,0.4113933317862749,0.2794778825235678,0.9593012238919346,0.9292433827419451,0.04069877610806528,0.7205221174764322,0.33262745715152897,0.2985296528690485,0.28511429480375416,0.8967277581762405,0.6193895532077512,0.6194583478687121,0.18441296175404936,984
dst_yager_fire_specificity_silence_sensitivity_tau_0_4,CWE-311,0.036668783098597516,1.0,0.0,,1.0,0.0,0.07074288735255836,0.15988732781937282,,0.036668783098597516,0.5,0.5499145529414445,0.05777831657791286,392
dst_yager_fire_specificity_silence_sensitivity_tau_0_4,CWE-326,0.10864626601176494,0.4763636363636364,0.5984142230926434,0.9957972174998145,0.40158577690735664,0.5236363636363637,0.11374811702088816,0.1121319533286521,0.1454443537522588,0.5978876511345477,0.5373889297281399,0.565142346445034,0.06977954967853653,52
dst_yager_fire_specificity_silence_sensitivity_tau_0_4,CWE-327,0.3248531958025629,0.7424242424242424,0.9760572998723929,0.995928967631658,0.023942700127607165,0.25757575757575757,0.45168296288190046,0.5902105536257828,0.47992235782080395,0.9724930220358419,0.8592407711483177,0.8609598623827559,0.26364370547978533,163
dst_yager_fire_specificity_silence_sensitivity_tau_0_4,CWE-330,0.3771007130124777,0.6533333333333333,0.9845308090535095,0.9950155129225214,0.015469190946490543,0.3466666666666667,0.47777473421827715,0.5693941192296128,0.48697835532647005,0.9798853450080088,0.8189320711934214,0.8188589636040817,0.2933463461886405,150
dst_yager_fire_specificity_silence_sensitivity_tau_0_4,CWE-345,0.060521008738769234,1.0,0.0,,1.0,0.0,0.11413334880001003,0.24361980731009608,,0.060521008738769234,0.5,0.5022249484839565,0.0458592227406504,647
dst_yager_fire_specificity_silence_sensitivity_tau_0_4,CWE-400,0.03208546525398788,1.0,0.0,,1.0,0.0,0.062175465692835795,0.14217574028887417,,0.03208546525398788,0.5,0.5208939928718094,0.04621689148336218,343
dst_yager_fire_specificity_silence_sensitivity_tau_0_4,CWE-477,0.002433465370619043,1.0,0.0,,1.0,0.0,0.004855029226921803,0.012049185376868006,,0.002433465370619043,0.5,0.4478450932487865,0.0016753866639435244,26
dst_yager_fire_specificity_silence_sensitivity_tau_0_4,CWE-489,0.00046769069882689657,1.0,0.0,,1.0,0.0,0.0009349440850770644,0.002334086494058907,,0.00046769069882689657,0.5,0.4887530389893963,0.0006089287724074186,5
dst_yager_fire_specificity_silence_sensitivity_tau_0_4,CWE-573,0.15537640086839172,0.23666666666666666,0.9906655616547395,0.9945143768264637,0.009334438345260496,0.7633333333333333,0.186500497391567,0.21320695756928343,0.1840458146041684,0.9853066555269618,0.613666114160703,0.6136661141607032,0.06562293817875942,76
dst_yager_fire_specificity_silence_sensitivity_tau_0_4,CWE-610,0.1434732509565772,0.48182017543859645,0.5848459812046879,0.9603498678685902,0.4151540187953121,0.5181798245614035,0.13289864022890027,0.1636738844598309,0.1369697531365786,0.5803577937682465,0.5333330783216421,0.5694638634793414,0.10570449036684922,477
dst_yager_fire_specificity_silence_sensitivity_tau_0_4,CWE-668,0.2552553706984046,0.3131450719822813,0.850512397973168,0.8832447091285968,0.149487602026832,0.6868549280177187,0.2810916361469385,0.2994323634997539,0.15052547288144372,0.7749251866099206,0.5818287349777246,0.5858224844602232,0.17571715919815858,1504
dst_yager_fire_specificity_silence_sensitivity_tau_0_4,CWE-669,0.02319934197627685,1.0,0.0,,1.0,0.0,0.04534630084845802,0.1061435463564738,,0.02319934197627685,0.5,0.4978923713931076,0.014174506591877417,248
dst_yager_fire_specificity_silence_sensitivity_tau_0_4,CWE-704,0.0010303932741383536,1.0,0.0,,1.0,0.0,0.0020585875661481194,0.0051300496877075144,,0.0010303932741383536,0.5,0.4915221286551442,0.0013046881854933026,11
dst_yager_fire_specificity_silence_sensitivity_tau_0_4,CWE-706,0.047236760581516546,1.0,0.0,,1.0,0.0,0.09021176348495849,0.19864664472198687,,0.047236760581516546,0.5,0.5640218217805082,0.14647321751512044,505
dst_yager_fire_specificity_silence_sensitivity_tau_0_4,CWE-74,0.35821254773325945,0.4627807391613362,0.8455354018538201,0.8941875046336616,0.1544645981461798,0.5372192608386638,0.4037039733005807,0.43714367839628476,0.27893497455036154,0.7854372227862461,0.6541580705075781,0.6614674125931047,0.32710897138467415,1679
dst_yager_fire_specificity_silence_sensitivity_tau_0_4,CWE-834,0.005799296582554513,1.0,0.0,,1.0,0.0,0.011531607815566506,0.028338055965281345,,0.005799296582554513,0.5,0.5152753961282979,0.01390575499062397,62
dst_yager_fire_specificity_silence_sensitivity_tau_0_4,CWE-913,0.24463452713379655,0.35609756097560974,0.9785393137191832,0.9872949115583406,0.021460686280816675,0.6439024390243903,0.2897604851289062,0.32611793644768927,0.2784652176813087,0.966599158392906,0.6673184373473966,0.6694249154777162,0.25901564597483495,205
dst_yager_fire_specificity_silence_sensitivity_tau_0_4,CWE-923,0.03238502397880784,0.8,0.2,0.9677117454375292,0.8,0.2,0.06273771022471847,0.1433506581945013,,0.21945036827055212,0.5,0.5,0.01909719052662098,346
dst_yager_fire_specificity_silence_sensitivity_tau_0_5,CWE-116,0.06607670249613984,0.21523809523809523,0.9787226621005857,0.9944478492341162,0.02127733789941435,0.7847619047619048,0.10083694083694084,0.14775654519900044,0.10815636507159873,0.9734431005965357,0.5969803786693404,0.5972712697634985,0.030346899406748656,74
dst_yager_fire_specificity_silence_sensitivity_tau_0_5,CWE-185,0.0014088539200488841,0.8,0.2,0.9986200551977921,0.8,0.2,0.002813743481785567,0.007004792651341831,,0.20085109417559752,0.5,0.5,0.005349303737719003,15
dst_yager_fire_specificity_silence_sensitivity_tau_0_5,CWE-20,0.05089277185907583,0.2043478260869565,0.8288876825044582,0.9586209740918029,0.1711123174955417,0.7956521739130434,0.0814508786165167,0.1273787116950393,0.0177773649893794,0.8020143860214318,0.5166177542957074,0.5211546909507442,0.04617638770014833,460
dst_yager_fire_specificity_silence_sensitivity_tau_0_5,CWE-285,0.3272175536881419,0.06834505738615328,0.9951629326789064,0.9678812953935528,0.004837067321093699,0.9316549426138467,0.11264045397919635,0.0810895902748218,0.13643067423557254,0.9634341477045743,0.5317539950325297,0.5318587140534903,0.08389516941608474,366
dst_yager_fire_specificity_silence_sensitivity_tau_0_5,CWE-287,0.4113933317862749,0.2794778825235678,0.9593012238919346,0.9292433827419451,0.04069877610806528,0.7205221174764322,0.33262745715152897,0.2985296528690485,0.28511429480375416,0.8967277581762405,0.6193895532077512,0.6194583478687121,0.18441296175404936,984
dst_yager_fire_specificity_silence_sensitivity_tau_0_5,CWE-311,0.10824257742084949,0.14277831872768582,0.9554371579903789,0.9669805677465064,0.04456284200962119,0.8572216812723141,0.12303953461848198,0.13413548738769354,0.08592452930209729,0.9256406725697458,0.5491077383590323,0.5499145529414445,0.05777831657791286,392
dst_yager_fire_specificity_silence_sensitivity_tau_0_5,CWE-326,0.19666666666666668,0.13272727272727275,0.9974679212540589,0.9957757202871799,0.0025320787459410963,0.8672727272727274,0.19478844169246648,0.17585470085470087,0.15692649305738263,0.99326906024026,0.5650975969906658,0.565142346445034,0.06977954967853653,52
dst_yager_fire_specificity_silence_sensitivity_tau_0_5,CWE-327,0.3248531958025629,0.7424242424242424,0.9760572998723929,0.995928967631658,0.023942700127607165,0.25757575757575757,0.45168296288190046,0.5902105536257828,0.47992235782080395,0.9724930220358419,0.8592407711483177,0.8609598623827559,0.26364370547978533,163
dst_yager_fire_specificity_silence_sensitivity_tau_0_5,CWE-330,0.3771007130124777,0.6533333333333333,0.9845308090535095,0.9950155129225214,0.015469190946490543,0.3466666666666667,0.47777473421827715,0.5693941192296128,0.48697835532647005,0.9798853450080088,0.8189320711934214,0.8188589636040817,0.2933463461886405,150
dst_yager_fire_specificity_silence_sensitivity_tau_0_5,CWE-345,0.5,0.004651162790697674,0.9997987341772152,0.9397300086078133,0.00020126582278481012,0.9953488372093023,0.022959483264826774,0.014488099594482572,0.0487620741373188,0.939569257278597,0.5022249484839565,0.5022249484839565,0.0458592227406504,647
dst_yager_fire_specificity_silence_sensitivity_tau_0_5,CWE-400,0.06338757327922658,0.08452685421994885,0.9577875560180683,0.9692907591135727,0.042212443981931684,0.9154731457800512,0.07235949743769732,0.07916902358810671,0.03716323782311813,0.9297721567660693,0.5211572051190086,0.5208939928718094,0.04621689148336218,343
dst_yager_fire_specificity_silence_sensitivity_tau_0_5,CWE-477,0.002433465370619043,1.0,0.0,,1.0,0.0,0.004855029226921803,0.012049185376868006,,0.002433465370619043,0.5,0.4478450932487865,0.0016753866639435244,26
dst_yager_fire_specificity_silence_sensitivity_tau_0_5,CWE-489,0.00046769069882689657,1.0,0.0,,1.0,0.0,0.0009349440850770644,0.002334086494058907,,0.00046769069882689657,0.5,0.4887530389893963,0.0006089287724074186,5
dst_yager_fire_specificity_silence_sensitivity_tau_0_5,CWE-573,0.15537640086839172,0.23666666666666666,0.9906655616547395,0.9945143768264637,0.009334438345260496,0.7633333333333333,0.186500497391567,0.21320695756928343,0.1840458146041684,0.9853066555269618,0.613666114160703,0.6136661141607032,0.06562293817875942,76
dst_yager_fire_specificity_silence_sensitivity_tau_0_5,CWE-610,0.22349019211884175,0.16565789473684212,0.9727757309178771,0.961494146851904,0.027224269082122953,0.8343421052631579,0.1889451489313563,0.1740591089007945,0.15945237233247514,0.9367690235867142,0.5692168128273596,0.5694638634793414,0.10570449036684922,477
dst_yager_fire_specificity_silence_sensitivity_tau_0_5,CWE-668,0.2552553706984046,0.3131450719822813,0.850512397973168,0.8832447091285968,0.149487602026832,0.6868549280177187,0.2810916361469385,0.2994323634997539,0.15052547288144372,0.7749251866099206,0.5818287349777246,0.5858224844602232,0.17571715919815858,1504
dst_yager_fire_specificity_silence_sensitivity_tau_0_5,CWE-669,0.02319934197627685,1.0,0.0,,1.0,0.0,0.04534630084845802,0.1061435463564738,,0.02319934197627685,0.5,0.4978923713931076,0.014174506591877417,248
dst_yager_fire_specificity_silence_sensitivity_tau_0_5,CWE-704,0.0010303932741383536,1.0,0.0,,1.0,0.0,0.0020585875661481194,0.0051300496877075144,,0.0010303932741383536,0.5,0.4915221286551442,0.0013046881854933026,11
dst_yager_fire_specificity_silence_sensitivity_tau_0_5,CWE-706,0.2737086297556449,0.14653465346534653,0.9806759231851465,0.9586346859001988,0.01932407681485353,0.8534653465346536,0.18990799586544266,0.16117868687219997,0.1714632750426513,0.9412668938043083,0.5636052883252465,0.5640218217805082,0.14647321751512044,505
dst_yager_fire_specificity_silence_sensitivity_tau_0_5,CWE-74,0.35821254773325945,0.4627807391613362,0.8455354018538201,0.8941875046336616,0.1544645981461798,0.5372192608386638,0.4037039733005807,0.43714367839628476,0.27893497455036154,0.7854372227862461,0.6541580705075781,0.6614674125931047,0.32710897138467415,1679
dst_yager_fire_specificity_silence_sensitivity_tau_0_5,CWE-834,0.1,0.03205128205128205,0.9984916411464532,0.9943772352054389,0.001508358853546748,0.9679487179487178,0.11805555555555555,0.09175084175084175,0.05279023097236711,0.9928869422501672,0.5152714615988676,0.5152753961282979,0.01390575499062397,62
dst_yager_fire_specificity_silence_sensitivity_tau_0_5,CWE-913,0.24463452713379655,0.35609756097560974,0.9785393137191832,0.9872949115583406,0.021460686280816675,0.6439024390243903,0.2897604851289062,0.32611793644768927,0.2784652176813087,0.966599158392906,0.6673184373473966,0.6694249154777162,0.25901564597483495,205
dst_yager_fire_specificity_silence_sensitivity_tau_0_5,CWE-923,,0.0,1.0,0.9676343299044596,0.0,1.0,,,,0.9676343299044596,0.5,0.5,0.01909719052662098,346
dst_yager_fire_specificity_silence_sensitivity_tau_0_6,CWE-116,0.06607670249613984,0.21523809523809523,0.9787226621005857,0.9944478492341162,0.02127733789941435,0.7847619047619048,0.10083694083694084,0.14775654519900044,0.10815636507159873,0.9734431005965357,0.5969803786693404,0.5972712697634985,0.030346899406748656,74
dst_yager_fire_specificity_silence_sensitivity_tau_0_6,CWE-185,,0.0,1.0,0.9985969279035192,0.0,1.0,,,,0.9985969279035192,0.5,0.5,0.005349303737719003,15
dst_yager_fire_specificity_silence_sensitivity_tau_0_6,CWE-20,0.05089277185907583,0.2043478260869565,0.8288876825044582,0.9586209740918029,0.1711123174955417,0.7956521739130434,0.0814508786165167,0.1273787116950393,0.0177773649893794,0.8020143860214318,0.5166177542957074,0.5211546909507442,0.04617638770014833,460
dst_yager_fire_specificity_silence_sensitivity_tau_0_6,CWE-285,0.3272175536881419,0.06834505738615328,0.9951629326789064,0.9678812953935528,0.004837067321093699,0.9316549426138467,0.11264045397919635,0.0810895902748218,0.13643067423557254,0.9634341477045743,0.5317539950325297,0.5318587140534903,0.08389516941608474,366
dst_yager_fire_specificity_silence_sensitivity_tau_0_6,CWE-287,0.4113933317862749,0.2794778825235678,0.9593012238919346,0.9292433827419451,0.04069877610806528,0.7205221174764322,0.33262745715152897,0.2985296528690485,0.28511429480375416,0.8967277581762405,0.6193895532077512,0.6194583478687121,0.18441296175404936,984
dst_yager_fire_specificity_silence_sensitivity_tau_0_6,CWE-311,0.10824257742084949,0.14277831872768582,0.9554371579903789,0.9669805677465064,0.04456284200962119,0.8572216812723141,0.12303953461848198,0.13413548738769354,0.08592452930209729,0.9256406725697458,0.5491077383590323,0.5499145529414445,0.05777831657791286,392
dst_yager_fire_specificity_silence_sensitivity_tau_0_6,CWE-326,0.19666666666666668,0.13272727272727275,0.9974679212540589,0.9957757202871799,0.0025320787459410963,0.8672727272727274,0.19478844169246648,0.17585470085470087,0.15692649305738263,0.99326906024026,0.5650975969906658,0.565142346445034,0.06977954967853653,52
dst_yager_fire_specificity_silence_sensitivity_tau_0_6,CWE-327,0.4184335913863122,0.7058712121212121,0.9847977124567748,0.9953938132884425,0.015202287543225093,0.2941287878787879,0.5249671221273655,0.62013986786533,0.5343902330791634,0.9805410684514687,0.8453344622889934,0.8609598623827559,0.26364370547978533,163
dst_yager_fire_specificity_silence_sensitivity_tau_0_6,CWE-330,0.3771007130124777,0.6533333333333333,0.9845308090535095,0.9950155129225214,0.015469190946490543,0.3466666666666667,0.47777473421827715,0.5693941192296128,0.48697835532647005,0.9798853450080088,0.8189320711934214,0.8188589636040817,0.2933463461886405,150
dst_yager_fire_specificity_silence_sensitivity_tau_0_6,CWE-345,0.5,0.004651162790697674,0.9997987341772152,0.9397300086078133,0.00020126582278481012,0.9953488372093023,0.022959483264826774,0.014488099594482572,0.0487620741373188,0.939569257278597,0.5022249484839565,0.5022249484839565,0.0458592227406504,647
dst_yager_fire_specificity_silence_sensitivity_tau_0_6,CWE-400,0.06338757327922658,0.08452685421994885,0.9577875560180683,0.9692907591135727,0.042212443981931684,0.9154731457800512,0.07235949743769732,0.07916902358810671,0.03716323782311813,0.9297721567660693,0.5211572051190086,0.5208939928718094,0.04621689148336218,343
dst_yager_fire_specificity_silence_sensitivity_tau_0_6,CWE-477,0.0,0.0,0.895690186497573,0.9972832164743206,0.10430981350242696,1.0,,,-0.01681839456166385,0.8935109970270766,0.4478450932487865,0.4478450932487865,0.0016753866639435244,26
dst_yager_fire_specificity_silence_sensitivity_tau_0_6,CWE-489,0.0,0.0,0.9775060779787926,0.9995215272682026,0.022493922021207334,1.0,,,-0.0032717144388593653,0.9770489246817565,0.4887530389893963,0.4887530389893963,0.0006089287724074186,5
dst_yager_fire_specificity_silence_sensitivity_tau_0_6,CWE-573,0.15537640086839172,0.23666666666666666,0.9906655616547395,0.9945143768264637,0.009334438345260496,0.7633333333333333,0.186500497391567,0.21320695756928343,0.1840458146041684,0.9853066555269618,0.613666114160703,0.6136661141607032,0.06562293817875942,76
dst_yager_fire_specificity_silence_sensitivity_tau_0_6,CWE-610,0.22349019211884175,0.16565789473684212,0.9727757309178771,0.961494146851904,0.027224269082122953,0.8343421052631579,0.1889451489313563,0.1740591089007945,0.15945237233247514,0.9367690235867142,0.5692168128273596,0.5694638634793414,0.10570449036684922,477
dst_yager_fire_specificity_silence_sensitivity_tau_0_6,CWE-668,0.2552553706984046,0.3131450719822813,0.850512397973168,0.8832447091285968,0.149487602026832,0.6868549280177187,0.2810916361469385,0.2994323634997539,0.15052547288144372,0.7749251866099206,0.5818287349777246,0.5858224844602232,0.17571715919815858,1504
dst_yager_fire_specificity_silence_sensitivity_tau_0_6,CWE-669,0.0,0.0,0.9957847427862152,0.9767044663167088,0.004215257213784795,1.0,,,-0.009738719257062371,0.9726834056761312,0.4978923713931076,0.4978923713931076,0.014174506591877417,248
dst_yager_fire_specificity_silence_sensitivity_tau_0_6,CWE-704,0.0,0.0,0.9830442573102884,0.9989517298604145,0.01695574268971159,1.0,,,-0.004197513717311529,0.9820314506859555,0.4915221286551442,0.4915221286551442,0.0013046881854933026,11
dst_yager_fire_specificity_silence_sensitivity_tau_0_6,CWE-706,0.2737086297556449,0.14653465346534653,0.9806759231851465,0.9586346859001988,0.01932407681485353,0.8534653465346536,0.18990799586544266,0.16117868687219997,0.1714632750426513,0.9412668938043083,0.5636052883252465,0.5640218217805082,0.14647321751512044,505
dst_yager_fire_specificity_silence_sensitivity_tau_0_6,CWE-74,0.35821254773325945,0.4627807391613362,0.8455354018538201,0.8941875046336616,0.1544645981461798,0.5372192608386638,0.4037039733005807,0.43714367839628476,0.27893497455036154,0.7854372227862461,0.6541580705075781,0.6614674125931047,0.32710897138467415,1679
dst_yager_fire_specificity_silence_sensitivity_tau_0_6,CWE-834,0.1,0.03205128205128205,0.9984916411464532,0.9943772352054389,0.001508358853546748,0.9679487179487178,0.11805555555555555,0.09175084175084175,0.05279023097236711,0.9928869422501672,0.5152714615988676,0.5152753961282979,0.01390575499062397,62
dst_yager_fire_specificity_silence_sensitivity_tau_0_6,CWE-913,0.24463452713379655,0.35609756097560974,0.9785393137191832,0.9872949115583406,0.021460686280816675,0.6439024390243903,0.2897604851289062,0.32611793644768927,0.2784652176813087,0.966599158392906,0.6673184373473966,0.6694249154777162,0.25901564597483495,205
dst_yager_fire_specificity_silence_sensitivity_tau_0_6,CWE-923,,0.0,1.0,0.9676343299044596,0.0,1.0,,,,0.9676343299044596,0.5,0.5,0.01909719052662098,346
dst_yager_fire_specificity_silence_sensitivity_tau_0_7,CWE-116,0.06607670249613984,0.21523809523809523,0.9787226621005857,0.9944478492341162,0.02127733789941435,0.7847619047619048,0.10083694083694084,0.14775654519900044,0.10815636507159873,0.9734431005965357,0.5969803786693404,0.5972712697634985,0.030346899406748656,74
dst_yager_fire_specificity_silence_sensitivity_tau_0_7,CWE-185,,0.0,1.0,0.9985969279035192,0.0,1.0,,,,0.9985969279035192,0.5,0.5,0.005349303737719003,15
dst_yager_fire_specificity_silence_sensitivity_tau_0_7,CWE-20,0.05089277185907583,0.2043478260869565,0.8288876825044582,0.9586209740918029,0.1711123174955417,0.7956521739130434,0.0814508786165167,0.1273787116950393,0.0177773649893794,0.8020143860214318,0.5166177542957074,0.5211546909507442,0.04617638770014833,460
dst_yager_fire_specificity_silence_sensitivity_tau_0_7,CWE-285,0.3272175536881419,0.06834505738615328,0.9951629326789064,0.9678812953935528,0.004837067321093699,0.9316549426138467,0.11264045397919635,0.0810895902748218,0.13643067423557254,0.9634341477045743,0.5317539950325297,0.5318587140534903,0.08389516941608474,366
dst_yager_fire_specificity_silence_sensitivity_tau_0_7,CWE-287,0.4113933317862749,0.2794778825235678,0.9593012238919346,0.9292433827419451,0.04069877610806528,0.7205221174764322,0.33262745715152897,0.2985296528690485,0.28511429480375416,0.8967277581762405,0.6193895532077512,0.6194583478687121,0.18441296175404936,984
dst_yager_fire_specificity_silence_sensitivity_tau_0_7,CWE-311,0.10824257742084949,0.14277831872768582,0.9554371579903789,0.9669805677465064,0.04456284200962119,0.8572216812723141,0.12303953461848198,0.13413548738769354,0.08592452930209729,0.9256406725697458,0.5491077383590323,0.5499145529414445,0.05777831657791286,392
dst_yager_fire_specificity_silence_sensitivity_tau_0_7,CWE-326,0.19666666666666668,0.13272727272727275,0.9974679212540589,0.9957757202871799,0.0025320787459410963,0.8672727272727274,0.19478844169246648,0.17585470085470087,0.15692649305738263,0.99326906024026,0.5650975969906658,0.565142346445034,0.06977954967853653,52
dst_yager_fire_specificity_silence_sensitivity_tau_0_7,CWE-327,0.4303124521248889,0.5827651515151515,0.9880268148846362,0.9935087268913609,0.01197318511536384,0.41723484848484843,0.4944797988555575,0.5437061599231706,0.4915610735190197,0.9818515916543582,0.7853959831998939,0.8609598623827559,0.26364370547978533,163
dst_yager_fire_specificity_silence_sensitivity_tau_0_7,CWE-330,0.3771007130124777,0.6533333333333333,0.9845308090535095,0.9950155129225214,0.015469190946490543,0.3466666666666667,0.47777473421827715,0.5693941192296128,0.48697835532647005,0.9798853450080088,0.8189320711934214,0.8188589636040817,0.2933463461886405,150
dst_yager_fire_specificity_silence_sensitivity_tau_0_7,CWE-345,0.5,0.004651162790697674,0.9997987341772152,0.9397300086078133,0.00020126582278481012,0.9953488372093023,0.022959483264826774,0.014488099594482572,0.0487620741373188,0.939569257278597,0.5022249484839565,0.5022249484839565,0.0458592227406504,647
dst_yager_fire_specificity_silence_sensitivity_tau_0_7,CWE-400,0.06338757327922658,0.08452685421994885,0.9577875560180683,0.9692907591135727,0.042212443981931684,0.9154731457800512,0.07235949743769732,0.07916902358810671,0.03716323782311813,0.9297721567660693,0.5211572051190086,0.5208939928718094,0.04621689148336218,343
dst_yager_fire_specificity_silence_sensitivity_tau_0_7,CWE-477,0.0,0.0,0.895690186497573,0.9972832164743206,0.10430981350242696,1.0,,,-0.01681839456166385,0.8935109970270766,0.4478450932487865,0.4478450932487865,0.0016753866639435244,26
dst_yager_fire_specificity_silence_sensitivity_tau_0_7,CWE-489,0.0,0.0,0.9775060779787926,0.9995215272682026,0.022493922021207334,1.0,,,-0.0032717144388593653,0.9770489246817565,0.4887530389893963,0.4887530389893963,0.0006089287724074186,5
dst_yager_fire_specificity_silence_sensitivity_tau_0_7,CWE-573,0.15537640086839172,0.23666666666666666,0.9906655616547395,0.9945143768264637,0.009334438345260496,0.7633333333333333,0.186500497391567,0.21320695756928343,0.1840458146041684,0.9853066555269618,0.613666114160703,0.6136661141607032,0.06562293817875942,76
dst_yager_fire_specificity_silence_sensitivity_tau_0_7,CWE-610,0.22349019211884175,0.16565789473684212,0.9727757309178771,0.961494146851904,0.027224269082122953,0.8343421052631579,0.1889451489313563,0.1740591089007945,0.15945237233247514,0.9367690235867142,0.5692168128273596,0.5694638634793414,0.10570449036684922,477
dst_yager_fire_specificity_silence_sensitivity_tau_0_7,CWE-668,0.2552553706984046,0.3131450719822813,0.850512397973168,0.8832447091285968,0.149487602026832,0.6868549280177187,0.2810916361469385,0.2994323634997539,0.15052547288144372,0.7749251866099206,0.5818287349777246,0.5858224844602232,0.17571715919815858,1504
dst_yager_fire_specificity_silence_sensitivity_tau_0_7,CWE-669,0.0,0.0,0.9957847427862152,0.9767044663167088,0.004215257213784795,1.0,,,-0.009738719257062371,0.9726834056761312,0.4978923713931076,0.4978923713931076,0.014174506591877417,248
dst_yager_fire_specificity_silence_sensitivity_tau_0_7,CWE-704,0.0,0.0,0.9830442573102884,0.9989517298604145,0.01695574268971159,1.0,,,-0.004197513717311529,0.9820314506859555,0.4915221286551442,0.4915221286551442,0.0013046881854933026,11
dst_yager_fire_specificity_silence_sensitivity_tau_0_7,CWE-706,0.2737086297556449,0.14653465346534653,0.9806759231851465,0.9586346859001988,0.01932407681485353,0.8534653465346536,0.18990799586544266,0.16117868687219997,0.1714632750426513,0.9412668938043083,0.5636052883252465,0.5640218217805082,0.14647321751512044,505
dst_yager_fire_specificity_silence_sensitivity_tau_0_7,CWE-74,0.3797222739914692,0.44669687277896236,0.8641488710291073,0.8934722737295576,0.13585112897089271,0.5533031272210376,0.41030941991826647,0.43133756271841683,0.29137339229065545,0.7986119365151405,0.6554228719040348,0.6614674125931047,0.32710897138467415,1679
dst_yager_fire_specificity_silence_sensitivity_tau_0_7,CWE-834,0.1,0.03205128205128205,0.9984916411464532,0.9943772352054389,0.001508358853546748,0.9679487179487178,0.11805555555555555,0.09175084175084175,0.05279023097236711,0.9928869422501672,0.5152714615988676,0.5152753961282979,0.01390575499062397,62
dst_yager_fire_specificity_silence_sensitivity_tau_0_7,CWE-913,0.24463452713379655,0.35609756097560974,0.9785393137191832,0.9872949115583406,0.021460686280816675,0.6439024390243903,0.2897604851289062,0.32611793644768927,0.2784652176813087,0.966599158392906,0.6673184373473966,0.6694249154777162,0.25901564597483495,205
dst_yager_fire_specificity_silence_sensitivity_tau_0_7,CWE-923,,0.0,1.0,0.9676343299044596,0.0,1.0,,,,0.9676343299044596,0.5,0.5,0.01909719052662098,346
dst_yager_fire_specificity_silence_sensitivity_tau_0_8,CWE-116,0.06607670249613984,0.21523809523809523,0.9787226621005857,0.9944478492341162,0.02127733789941435,0.7847619047619048,0.10083694083694084,0.14775654519900044,0.10815636507159873,0.9734431005965357,0.5969803786693404,0.5972712697634985,0.030346899406748656,74
dst_yager_fire_specificity_silence_sensitivity_tau_0_8,CWE-185,,0.0,1.0,0.9985969279035192,0.0,1.0,,,,0.9985969279035192,0.5,0.5,0.005349303737719003,15
dst_yager_fire_specificity_silence_sensitivity_tau_0_8,CWE-20,0.05089277185907583,0.2043478260869565,0.8288876825044582,0.9586209740918029,0.1711123174955417,0.7956521739130434,0.0814508786165167,0.1273787116950393,0.0177773649893794,0.8020143860214318,0.5166177542957074,0.5211546909507442,0.04617638770014833,460
dst_yager_fire_specificity_silence_sensitivity_tau_0_8,CWE-285,0.3272175536881419,0.06834505738615328,0.9951629326789064,0.9678812953935528,0.004837067321093699,0.9316549426138467,0.11264045397919635,0.0810895902748218,0.13643067423557254,0.9634341477045743,0.5317539950325297,0.5318587140534903,0.08389516941608474,366
dst_yager_fire_specificity_silence_sensitivity_tau_0_8,CWE-287,0.4113933317862749,0.2794778825235678,0.9593012238919346,0.9292433827419451,0.04069877610806528,0.7205221174764322,0.33262745715152897,0.2985296528690485,0.28511429480375416,0.8967277581762405,0.6193895532077512,0.6194583478687121,0.18441296175404936,984
dst_yager_fire_specificity_silence_sensitivity_tau_0_8,CWE-311,0.10824257742084949,0.14277831872768582,0.9554371579903789,0.9669805677465064,0.04456284200962119,0.8572216812723141,0.12303953461848198,0.13413548738769354,0.08592452930209729,0.9256406725697458,0.5491077383590323,0.5499145529414445,0.05777831657791286,392
dst_yager_fire_specificity_silence_sensitivity_tau_0_8,CWE-326,0.19666666666666668,0.13272727272727275,0.9974679212540589,0.9957757202871799,0.0025320787459410963,0.8672727272727274,0.19478844169246648,0.17585470085470087,0.15692649305738263,0.99326906024026,0.5650975969906658,0.565142346445034,0.06977954967853653,52
dst_yager_fire_specificity_silence_sensitivity_tau_0_8,CWE-327,0.4345673408716887,0.5642045454545455,0.9885931146505375,0.993227506326166,0.011406885349462602,0.4357954545454545,0.49042735042735036,0.5319908357490258,0.4860327088544091,0.9821284733696176,0.7763988300525415,0.8609598623827559,0.26364370547978533,163
dst_yager_fire_specificity_silence_sensitivity_tau_0_8,CWE-330,0.3771007130124777,0.6533333333333333,0.9845308090535095,0.9950155129225214,0.015469190946490543,0.3466666666666667,0.47777473421827715,0.5693941192296128,0.48697835532647005,0.9798853450080088,0.8189320711934214,0.8188589636040817,0.2933463461886405,150
dst_yager_fire_specificity_silence_sensitivity_tau_0_8,CWE-345,0.5,0.004651162790697674,0.9997987341772152,0.9397300086078133,0.00020126582278481012,0.9953488372093023,0.022959483264826774,0.014488099594482572,0.0487620741373188,0.939569257278597,0.5022249484839565,0.5022249484839565,0.0458592227406504,647
dst_yager_fire_specificity_silence_sensitivity_tau_0_8,CWE-400,0.06338757327922658,0.08452685421994885,0.9577875560180683,0.9692907591135727,0.042212443981931684,0.9154731457800512,0.07235949743769732,0.07916902358810671,0.03716323782311813,0.9297721567660693,0.5211572051190086,0.5208939928718094,0.04621689148336218,343
dst_yager_fire_specificity_silence_sensitivity_tau_0_8,CWE-477,0.0,0.0,0.895690186497573,0.9972832164743206,0.10430981350242696,1.0,,,-0.01681839456166385,0.8935109970270766,0.4478450932487865,0.4478450932487865,0.0016753866639435244,26
dst_yager_fire_specificity_silence_sensitivity_tau_0_8,CWE-489,0.0,0.0,0.9775060779787926,0.9995215272682026,0.022493922021207334,1.0,,,-0.0032717144388593653,0.9770489246817565,0.4887530389893963,0.4887530389893963,0.0006089287724074186,5
dst_yager_fire_specificity_silence_sensitivity_tau_0_8,CWE-573,0.15537640086839172,0.23666666666666666,0.9906655616547395,0.9945143768264637,0.009334438345260496,0.7633333333333333,0.186500497391567,0.21320695756928343,0.1840458146041684,0.9853066555269618,0.613666114160703,0.6136661141607032,0.06562293817875942,76
dst_yager_fire_specificity_silence_sensitivity_tau_0_8,CWE-610,0.22349019211884175,0.16565789473684212,0.9727757309178771,0.961494146851904,0.027224269082122953,0.8343421052631579,0.1889451489313563,0.1740591089007945,0.15945237233247514,0.9367690235867142,0.5692168128273596,0.5694638634793414,0.10570449036684922,477
dst_yager_fire_specificity_silence_sensitivity_tau_0_8,CWE-668,0.2552553706984046,0.3131450719822813,0.850512397973168,0.8832447091285968,0.149487602026832,0.6868549280177187,0.2810916361469385,0.2994323634997539,0.15052547288144372,0.7749251866099206,0.5818287349777246,0.5858224844602232,0.17571715919815858,1504
dst_yager_fire_specificity_silence_sensitivity_tau_0_8,CWE-669,0.0,0.0,0.9957847427862152,0.9767044663167088,0.004215257213784795,1.0,,,-0.009738719257062371,0.9726834056761312,0.4978923713931076,0.4978923713931076,0.014174506591877417,248
dst_yager_fire_specificity_silence_sensitivity_tau_0_8,CWE-704,0.0,0.0,0.9830442573102884,0.9989517298604145,0.01695574268971159,1.0,,,-0.004197513717311529,0.9820314506859555,0.4915221286551442,0.4915221286551442,0.0013046881854933026,11
dst_yager_fire_specificity_silence_sensitivity_tau_0_8,CWE-706,0.2737086297556449,0.14653465346534653,0.9806759231851465,0.9586346859001988,0.01932407681485353,0.8534653465346536,0.18990799586544266,0.16117868687219997,0.1714632750426513,0.9412668938043083,0.5636052883252465,0.5640218217805082,0.14647321751512044,505
dst_yager_fire_specificity_silence_sensitivity_tau_0_8,CWE-74,0.4562528407003371,0.2745486851457001,0.9390882744326451,0.8742266560181917,0.060911725567355024,0.7254513148542999,0.3424781666658829,0.2981692527475884,0.2655980105141891,0.834753997101385,0.6068184797891725,0.6614674125931047,0.32710897138467415,1679
dst_yager_fire_specificity_silence_sensitivity_tau_0_8,CWE-834,0.1,0.03205128205128205,0.9984916411464532,0.9943772352054389,0.001508358853546748,0.9679487179487178,0.11805555555555555,0.09175084175084175,0.05279023097236711,0.9928869422501672,0.5152714615988676,0.5152753961282979,0.01390575499062397,62
dst_yager_fire_specificity_silence_sensitivity_tau_0_8,CWE-913,0.24085534524513458,0.3463414634146341,0.9787284982172382,0.987107247633045,0.021271501782761756,0.6536585365853659,0.2838401403114437,0.31819395266231865,0.27208756902866693,0.9665972579994382,0.6625349808159362,0.6694249154777162,0.25901564597483495,205
dst_yager_fire_specificity_silence_sensitivity_tau_0_8,CWE-923,,0.0,1.0,0.9676343299044596,0.0,1.0,,,,0.9676343299044596,0.5,0.5,0.01909719052662098,346
dst_yager_fire_specificity_silence_sensitivity_tau_0_9,CWE-116,0.07121134902111123,0.21523809523809523,0.980790986757517,0.994460064084025,0.019209013242482944,0.7847619047619048,0.10672849253494414,0.15272220953283674,0.11326611764580892,0.9754971957013527,0.5980145409978062,0.5972712697634985,0.030346899406748656,74
dst_yager_fire_specificity_silence_sensitivity_tau_0_9,CWE-185,,0.0,1.0,0.9985969279035192,0.0,1.0,,,,0.9985969279035192,0.5,0.5,0.005349303737719003,15
dst_yager_fire_specificity_silence_sensitivity_tau_0_9,CWE-20,0.14634908727181795,0.08260869565217391,0.9779828392369028,0.9595361095095605,0.022017160763097114,0.917391304347826,0.1048047943938355,0.09016980605475021,0.07978925039385919,0.9394643014152653,0.5302957674445384,0.5211546909507442,0.04617638770014833,460
dst_yager_fire_specificity_silence_sensitivity_tau_0_9,CWE-285,0.3272175536881419,0.06834505738615328,0.9951629326789064,0.9678812953935528,0.004837067321093699,0.9316549426138467,0.11264045397919635,0.0810895902748218,0.13643067423557254,0.9634341477045743,0.5317539950325297,0.5318587140534903,0.08389516941608474,366
dst_yager_fire_specificity_silence_sensitivity_tau_0_9,CWE-287,0.4121277515861051,0.26220346006422873,0.9620841916571571,0.9278675439964227,0.03791580834284286,0.7377965399357713,0.3203281137555206,0.28270175665065056,0.2760787590644632,0.897664702209236,0.6121438258606929,0.6194583478687121,0.18441296175404936,984
dst_yager_fire_specificity_silence_sensitivity_tau_0_9,CWE-311,0.10824257742084949,0.14277831872768582,0.9554371579903789,0.9669805677465064,0.04456284200962119,0.8572216812723141,0.12303953461848198,0.13413548738769354,0.08592452930209729,0.9256406725697458,0.5491077383590323,0.5499145529414445,0.05777831657791286,392
dst_yager_fire_specificity_silence_sensitivity_tau_0_9,CWE-326,0.19666666666666668,0.13272727272727275,0.9974679212540589,0.9957757202871799,0.0025320787459410963,0.8672727272727274,0.19478844169246648,0.17585470085470087,0.15692649305738263,0.99326906024026,0.5650975969906658,0.565142346445034,0.06977954967853653,52
dst_yager_fire_specificity_silence_sensitivity_tau_0_9,CWE-327,0.4345673408716887,0.5642045454545455,0.9885931146505375,0.993227506326166,0.011406885349462602,0.4357954545454545,0.49042735042735036,0.5319908357490258,0.4860327088544091,0.9821284733696176,0.7763988300525415,0.8609598623827559,0.26364370547978533,163
dst_yager_fire_specificity_silence_sensitivity_tau_0_9,CWE-330,0.3771007130124777,0.6533333333333333,0.9845308090535095,0.9950155129225214,0.015469190946490543,0.3466666666666667,0.47777473421827715,0.5693941192296128,0.48697835532647005,0.9798853450080088,0.8189320711934214,0.8188589636040817,0.2933463461886405,150
dst_yager_fire_specificity_silence_sensitivity_tau_0_9,CWE-345,0.5,0.004651162790697674,0.9997987341772152,0.9397300086078133,0.00020126582278481012,0.9953488372093023,0.022959483264826774,0.014488099594482572,0.0487620741373188,0.939569257278597,0.5022249484839565,0.5022249484839565,0.0458592227406504,647
dst_yager_fire_specificity_silence_sensitivity_tau_0_9,CWE-400,0.06338757327922658,0.08452685421994885,0.9577875560180683,0.9692907591135727,0.042212443981931684,0.9154731457800512,0.07235949743769732,0.07916902358810671,0.03716323782311813,0.9297721567660693,0.5211572051190086,0.5208939928718094,0.04621689148336218,343
dst_yager_fire_specificity_silence_sensitivity_tau_0_9,CWE-477,0.0,0.0,0.895690186497573,0.9972832164743206,0.10430981350242696,1.0,,,-0.01681839456166385,0.8935109970270766,0.4478450932487865,0.4478450932487865,0.0016753866639435244,26
dst_yager_fire_specificity_silence_sensitivity_tau_0_9,CWE-489,0.0,0.0,0.9775060779787926,0.9995215272682026,0.022493922021207334,1.0,,,-0.0032717144388593653,0.9770489246817565,0.4887530389893963,0.4887530389893963,0.0006089287724074186,5
dst_yager_fire_specificity_silence_sensitivity_tau_0_9,CWE-573,0.15537640086839172,0.23666666666666666,0.9906655616547395,0.9945143768264637,0.009334438345260496,0.7633333333333333,0.186500497391567,0.21320695756928343,0.1840458146041684,0.9853066555269618,0.613666114160703,0.6136661141607032,0.06562293817875942,76
dst_yager_fire_specificity_silence_sensitivity_tau_0_9,CWE-610,0.22349019211884175,0.16565789473684212,0.9727757309178771,0.961494146851904,0.027224269082122953,0.8343421052631579,0.1889451489313563,0.1740591089007945,0.15945237233247514,0.9367690235867142,0.5692168128273596,0.5694638634793414,0.10570449036684922,477
dst_yager_fire_specificity_silence_sensitivity_tau_0_9,CWE-668,0.4508454356690616,0.07447397563676633,0.9850746505935609,0.8666819905464491,0.01492534940643917,0.9255260243632337,0.12767246562141138,0.08936578843344033,0.13733883523534968,0.8569634274512824,0.5297743131151635,0.5858224844602232,0.17571715919815858,1504
dst_yager_fire_specificity_silence_sensitivity_tau_0_9,CWE-669,0.0,0.0,0.9957847427862152,0.9767044663167088,0.004215257213784795,1.0,,,-0.009738719257062371,0.9726834056761312,0.4978923713931076,0.4978923713931076,0.014174506591877417,248
dst_yager_fire_specificity_silence_sensitivity_tau_0_9,CWE-704,0.0,0.0,0.9830442573102884,0.9989517298604145,0.01695574268971159,1.0,,,-0.004197513717311529,0.9820314506859555,0.4915221286551442,0.4915221286551442,0.0013046881854933026,11
dst_yager_fire_specificity_silence_sensitivity_tau_0_9,CWE-706,0.2737086297556449,0.14653465346534653,0.9806759231851465,0.9586346859001988,0.01932407681485353,0.8534653465346536,0.18990799586544266,0.16117868687219997,0.1714632750426513,0.9412668938043083,0.5636052883252465,0.5640218217805082,0.14647321751512044,505
dst_yager_fire_specificity_silence_sensitivity_tau_0_9,CWE-74,0.49637958593015874,0.26740582800284296,0.9495195454420331,0.8743509986579104,0.050480454557966806,0.732594171997157,0.3473969274306075,0.29451584752444243,0.2835191711637345,0.84241884344171,0.6084626867224381,0.6614674125931047,0.32710897138467415,1679
dst_yager_fire_specificity_silence_sensitivity_tau_0_9,CWE-834,0.1,0.03205128205128205,0.9984916411464532,0.9943772352054389,0.001508358853546748,0.9679487179487178,0.11805555555555555,0.09175084175084175,0.05279023097236711,0.9928869422501672,0.5152714615988676,0.5152753961282979,0.01390575499062397,62
dst_yager_fire_specificity_silence_sensitivity_tau_0_9,CWE-913,0.6098901098901098,0.24390243902439024,0.9969536103292708,0.9853847854817465,0.003046389670729363,0.7560975609756098,0.3453782670704934,0.27616400524459445,0.3766470095241531,0.982506983725141,0.6204280246768304,0.6694249154777162,0.25901564597483495,205
dst_yager_fire_specificity_silence_sensitivity_tau_0_9,CWE-923,,0.0,1.0,0.9676343299044596,0.0,1.0,,,,0.9676343299044596,0.5,0.5,0.01909719052662098,346
naive_bayes_tau_0_1,CWE-116,,0.0,1.0,0.9930766358377439,0.0,1.0,,,,0.9930766358377439,0.5,0.5993209281401382,0.03039285283610253,74
naive_bayes_tau_0_1,CWE-185,,0.0,1.0,0.9985969279035192,0.0,1.0,,,,0.9985969279035192,0.5,0.5,0.005349303737719003,15
naive_bayes_tau_0_1,CWE-20,0.14634908727181795,0.08260869565217391,0.9779828392369028,0.9595361095095605,0.022017160763097114,0.917391304347826,0.1048047943938355,0.09016980605475021,0.07978925039385919,0.9394643014152653,0.5302957674445384,0.5394368439383326,0.05169809697565457,460
naive_bayes_tau_0_1,CWE-285,0.3272175536881419,0.06834505738615328,0.9951629326789064,0.9678812953935528,0.004837067321093699,0.9316549426138467,0.11264045397919635,0.0810895902748218,0.13643067423557254,0.9634341477045743,0.5317539950325297,0.5318587140534903,0.08389516941608474,366
naive_bayes_tau_0_1,CWE-287,0.4113933317862749,0.2794778825235678,0.9593012238919346,0.9292433827419451,0.04069877610806528,0.7205221174764322,0.33262745715152897,0.2985296528690485,0.28511429480375416,0.8967277581762405,0.6193895532077512,0.6193972573116485,0.183844404845343,984
naive_bayes_tau_0_1,CWE-311,0.1349231910481502,0.13258682246024017,0.9677673841511073,0.967011496713851,0.032232615848892664,0.8674131775397598,0.13352518422016893,0.1329087367635878,0.10106520473388787,0.9371443716316925,0.5501771033056737,0.5498445862418841,0.05600454014064578,392
naive_bayes_tau_0_1,CWE-326,0.19666666666666668,0.13272727272727275,0.9974679212540589,0.9957757202871799,0.0025320787459410963,0.8672727272727274,0.19478844169246648,0.17585470085470087,0.15692649305738263,0.99326906024026,0.5650975969906658,0.565142346445034,0.06977954967853653,52
naive_bayes_tau_0_1,CWE-327,0.4184335913863122,0.7058712121212121,0.9847977124567748,0.9953938132884425,0.015202287543225093,0.2941287878787879,0.5249671221273655,0.62013986786533,0.5343902330791634,0.9805410684514687,0.8453344622889934,0.8609224770178938,0.2629050685574386,163
naive_bayes_tau_0_1,CWE-330,0.3771007130124777,0.6533333333333333,0.9845308090535095,0.9950155129225214,0.015469190946490543,0.3466666666666667,0.47777473421827715,0.5693941192296128,0.48697835532647005,0.9798853450080088,0.8189320711934214,0.8188589636040817,0.2933463461886405,150
naive_bayes_tau_0_1,CWE-345,1.0,0.004651162790697674,1.0,0.9397416125906008,0.0,0.9953488372093023,0.022959483264826774,0.014488099594482572,0.10308351248612416,0.9397581658686966,0.5023255813953489,0.5023255813953489,0.04590088137265276,647
naive_bayes_tau_0_1,CWE-400,0.16395604395604396,0.023273657289002558,0.9961364985775567,0.9685218847752652,0.0038635014224432896,0.9767263427109973,0.040427903628588266,0.028025886998877692,0.05020808384451001,0.9649234977983261,0.5097050779332796,0.5216025287166002,0.05223391307996215,343
naive_bayes_tau_0_1,CWE-477,,0.0,1.0,0.9975665346293809,0.0,1.0,,,,0.9975665346293809,0.5,0.5521549067512135,0.0019121859731445483,26
naive_bayes_tau_0_1,CWE-489,,0.0,1.0,0.9995323093011731,0.0,1.0,,,,0.9995323093011731,0.5,0.5112469610106036,0.0006270604050619363,5
naive_bayes_tau_0_1,CWE-573,0.15537640086839172,0.23666666666666666,0.9906655616547395,0.9945143768264637,0.009334438345260496,0.7633333333333333,0.186500497391567,0.21320695756928343,0.1840458146041684,0.9853066555269618,0.613666114160703,0.6136661141607032,0.06562293817875942,76
naive_bayes_tau_0_1,CWE-610,0.22349019211884175,0.16565789473684212,0.9727757309178771,0.961494146851904,0.027224269082122953,0.8343421052631579,0.1889451489313563,0.1740591089007945,0.15945237233247514,0.9367690235867142,0.5692168128273596,0.5696658222555782,0.11052863416690577,477
naive_bayes_tau_0_1,CWE-668,0.14068290402674866,1.0,0.0,,1.0,0.0,0.24666080008062224,0.45010474808778234,,0.14068290402674866,0.5,0.5871211937591164,0.1953642530198399,1504
naive_bayes_tau_0_1,CWE-669,,0.0,1.0,0.9768006580237231,0.0,1.0,,,,0.9768006580237231,0.5,0.5021076286068924,0.014264890274996925,248
naive_bayes_tau_0_1,CWE-704,,0.0,1.0,0.9989696067258617,0.0,1.0,,,,0.9989696067258617,0.5,0.5084778713448558,0.0013515342767210074,11
naive_bayes_tau_0_1,CWE-706,0.2737086297556449,0.14653465346534653,0.9806759231851465,0.9586346859001988,0.01932407681485353,0.8534653465346536,0.18990799586544266,0.16117868687219997,0.1714632750426513,0.9412668938043083,0.5636052883252465,0.5639306945182824,0.14145651944022453,505
naive_bayes_tau_0_1,CWE-74,0.35821254773325945,0.4627807391613362,0.8455354018538201,0.8941875046336616,0.1544645981461798,0.5372192608386638,0.4037039733005807,0.43714367839628476,0.27893497455036154,0.7854372227862461,0.6541580705075781,0.6623263998931028,0.32928638374356833,1679
naive_bayes_tau_0_1,CWE-834,0.0,0.0,0.999243001816122,0.9941963131254112,0.0007569981838779083,1.0,,,-0.002617135081700056,0.9934481145684337,0.499621500908061,0.5153657347755605,0.01390727139117974,62
naive_bayes_tau_0_1,CWE-913,0.24463452713379655,0.35609756097560974,0.9785393137191832,0.9872949115583406,0.021460686280816675,0.6439024390243903,0.2897604851289062,0.32611793644768927,0.2784652176813087,0.966599158392906,0.6673184373473966,0.6695906373269602,0.26299965838365286,205
naive_bayes_tau_0_1,CWE-923,,0.0,1.0,0.9676343299044596,0.0,1.0,,,,0.9676343299044596,0.5,0.5,0.01909719052662098,346
naive_bayes_tau_0_2,CWE-116,,0.0,1.0,0.9930766358377439,0.0,1.0,,,,0.9930766358377439,0.5,0.5993209281401382,0.03039285283610253,74
naive_bayes_tau_0_2,CWE-185,,0.0,1.0,0.9985969279035192,0.0,1.0,,,,0.9985969279035192,0.5,0.5,0.005349303737719003,15
naive_bayes_tau_0_2,CWE-20,,0.0,1.0,0.9569724557079254,0.0,1.0,,,,0.9569724557079254,0.5,0.5394368439383326,0.05169809697565457,460
naive_bayes_tau_0_2,CWE-285,0.3272175536881419,0.06834505738615328,0.9951629326789064,0.9678812953935528,0.004837067321093699,0.9316549426138467,0.11264045397919635,0.0810895902748218,0.13643067423557254,0.9634341477045743,0.5317539950325297,0.5318587140534903,0.08389516941608474,366
naive_bayes_tau_0_2,CWE-287,0.41576163083003026,0.2774474256707759,0.9604338163395552,0.9291363932633745,0.039566183660444766,0.722552574329224,0.33273851620370937,0.29719257359580664,0.28640792938320786,0.8975692754716974,0.6189406210051656,0.6193972573116485,0.183844404845343,984
naive_bayes_tau_0_2,CWE-311,0.16666666666666666,0.005128205128205128,0.9991259207852231,0.9634806254227645,0.0008740792147768729,0.9948717948717949,0.024390243902439022,0.01582278481012658,0.03042132400103122,0.9626759551833972,0.502127062956714,0.5498445862418841,0.05600454014064578,392
naive_bayes_tau_0_2,CWE-326,0.6666666666666666,0.038181818181818185,0.9995283018867924,0.9953218543378114,0.0004716981132075472,0.9618181818181817,0.17424242424242425,0.11653116531165313,0.2043413157028214,0.9948554246752197,0.5188550600343053,0.565142346445034,0.06977954967853653,52
naive_bayes_tau_0_2,CWE-327,0.4464199326509357,0.7058712121212121,0.9864146808856555,0.9954014157447251,0.01358531911434456,0.2941287878787879,0.5462766193716573,0.6317195540096169,0.5527179445143731,0.9821333567080048,0.8461429465034337,0.8609224770178938,0.2629050685574386,163
naive_bayes_tau_0_2,CWE-330,0.3771007130124777,0.6533333333333333,0.9845308090535095,0.9950155129225214,0.015469190946490543,0.3466666666666667,0.47777473421827715,0.5693941192296128,0.48697835532647005,0.9798853450080088,0.8189320711934214,0.8188589636040817,0.2933463461886405,150
naive_bayes_tau_0_2,CWE-345,,0.0,1.0,0.9394789912612307,0.0,1.0,,,,0.9394789912612307,0.5,0.5023255813953489,0.04590088137265276,647
naive_bayes_tau_0_2,CWE-400,,0.0,1.0,0.9679145347460121,0.0,1.0,,,,0.9679145347460121,0.5,0.5216025287166002,0.05223391307996215,343
naive_bayes_tau_0_2,CWE-477,,0.0,1.0,0.9975665346293809,0.0,1.0,,,,0.9975665346293809,0.5,0.5521549067512135,0.0019121859731445483,26
naive_bayes_tau_0_2,CWE-489,,0.0,1.0,0.9995323093011731,0.0,1.0,,,,0.9995323093011731,0.5,0.5112469610106036,0.0006270604050619363,5
naive_bayes_tau_0_2,CWE-573,,0.0,1.0,0.9928914428726758,0.0,1.0,,,,0.9928914428726758,0.5,0.6136661141607032,0.06562293817875942,76
naive_bayes_tau_0_2,CWE-610,0.24102448021462103,0.11302631578947368,0.9795363570641686,0.959452273701024,0.020463642935831278,0.8869736842105264,0.14170652733281575,0.12220283178925692,0.1295091325728821,0.9408892778866674,0.5462813364268213,0.5696658222555782,0.11052863416690577,477
naive_bayes_tau_0_2,CWE-668,0.2990498777345017,0.21214839424141746,0.9160124516273038,0.8766145256594186,0.08398754837269615,0.7878516057585825,0.24390480443028104,0.22297394793180653,0.14916474626216378,0.8168941457744193,0.5640804229343607,0.5871211937591164,0.1953642530198399,1504
naive_bayes_tau_0_2,CWE-669,,0.0,1.0,0.9768006580237231,0.0,1.0,,,,0.9768006580237231,0.5,0.5021076286068924,0.014264890274996925,248
naive_bayes_tau_0_2,CWE-704,,0.0,1.0,0.9989696067258617,0.0,1.0,,,,0.9989696067258617,0.5,0.5084778713448558,0.0013515342767210074,11
naive_bayes_tau_0_2,CWE-706,0.28051681706316656,0.14455445544554454,0.9813651470431178,0.9585695167865953,0.018634852956882136,0.8554455445544555,0.18964329622186105,0.15963867780682844,0.17296177509750457,0.9418295740173044,0.5629598012443312,0.5639306945182824,0.14145651944022453,505
naive_bayes_tau_0_2,CWE-74,0.3797222739914692,0.44669687277896236,0.8641488710291073,0.8934722737295576,0.13585112897089271,0.5533031272210376,0.41030941991826647,0.43133756271841683,0.29137339229065545,0.7986119365151405,0.6554228719040348,0.6623263998931028,0.32928638374356833,1679
naive_bayes_tau_0_2,CWE-834,,0.0,1.0,0.9942007034174456,0.0,1.0,,,,0.9942007034174456,0.5,0.5153657347755605,0.01390727139117974,62
naive_bayes_tau_0_2,CWE-913,0.6047619047619047,0.25365853658536586,0.9967644258312157,0.9855679919221154,0.003235574168784283,0.7463414634146341,0.35505655634687894,0.2861928214071834,0.3830080958011075,0.9825088841186089,0.6252114812082908,0.6695906373269602,0.26299965838365286,205
naive_bayes_tau_0_2,CWE-923,,0.0,1.0,0.9676343299044596,0.0,1.0,,,,0.9676343299044596,0.5,0.5,0.01909719052662098,346
naive_bayes_tau_0_3,CWE-116,,0.0,1.0,0.9930766358377439,0.0,1.0,,,,0.9930766358377439,0.5,0.5993209281401382,0.03039285283610253,74
naive_bayes_tau_0_3,CWE-185,,0.0,1.0,0.9985969279035192,0.0,1.0,,,,0.9985969279035192,0.5,0.5,0.005349303737719003,15
naive_bayes_tau_0_3,CWE-20,,0.0,1.0,0.9569724557079254,0.0,1.0,,,,0.9569724557079254,0.5,0.5394368439383326,0.05169809697565457,460
naive_bayes_tau_0_3,CWE-285,0.3272175536881419,0.06834505738615328,0.9951629326789064,0.9678812953935528,0.004837067321093699,0.9316549426138467,0.11264045397919635,0.0810895902748218,0.13643067423557254,0.9634341477045743,0.5317539950325297,0.5318587140534903,0.08389516941608474,366
naive_bayes_tau_0_3,CWE-287,0.41846029411764707,0.2774474256707759,0.960848038294853,0.9291646917507201,0.039151961705146975,0.722552574329224,0.33357680325904626,0.297456554763399,0.2877792897068535,0.8979451922584287,0.6191477319828145,0.6193972573116485,0.183844404845343,984
naive_bayes_tau_0_3,CWE-311,0.0,0.0,0.9999032882011605,0.9633278279324962,9.671179883945841e-05,1.0,,,-0.004193323672858569,0.9632380202564818,0.49995164410058024,0.5498445862418841,0.05600454014064578,392
naive_bayes_tau_0_3,CWE-326,1.0,0.038181818181818185,1.0,0.9953240636722495,0.0,0.9618181818181817,0.17424242424242425,0.11653116531165313,0.30817771506586406,0.9953249082432949,0.5190909090909092,0.565142346445034,0.06977954967853653,52
naive_bayes_tau_0_3,CWE-327,0.42410491446811704,0.5827651515151515,0.9877420486628588,0.9935068180147475,0.012257951337141392,0.41723484848484843,0.4905219504853083,0.5418434825713738,0.4879081268610578,0.9815712167221188,0.7852536000890051,0.8609224770178938,0.2629050685574386,163
naive_bayes_tau_0_3,CWE-330,0.3771007130124777,0.6533333333333333,0.9845308090535095,0.9950155129225214,0.015469190946490543,0.3466666666666667,0.47777473421827715,0.5693941192296128,0.48697835532647005,0.9798853450080088,0.8189320711934214,0.8188589636040817,0.2933463461886405,150
naive_bayes_tau_0_3,CWE-345,,0.0,1.0,0.9394789912612307,0.0,1.0,,,,0.9394789912612307,0.5,0.5023255813953489,0.04590088137265276,647
naive_bayes_tau_0_3,CWE-400,,0.0,1.0,0.9679145347460121,0.0,1.0,,,,0.9679145347460121,0.5,0.5216025287166002,0.05223391307996215,343
naive_bayes_tau_0_3,CWE-477,,0.0,1.0,0.9975665346293809,0.0,1.0,,,,0.9975665346293809,0.5,0.5521549067512135,0.0019121859731445483,26
naive_bayes_tau_0_3,CWE-489,,0.0,1.0,0.9995323093011731,0.0,1.0,,,,0.9995323093011731,0.5,0.5112469610106036,0.0006270604050619363,5
naive_bayes_tau_0_3,CWE-573,,0.0,1.0,0.9928914428726758,0.0,1.0,,,,0.9928914428726758,0.5,0.6136661141607032,0.06562293817875942,76
naive_bayes_tau_0_3,CWE-610,0.4072549019607843,0.04817982456140351,0.9959005873894287,0.9572757774741418,0.004099412610571321,0.9518201754385964,0.08497445131051642,0.05825287841427222,0.12453618394144442,0.9536176596098642,0.5220402059754161,0.5696658222555782,0.11052863416690577,477
naive_bayes_tau_0_3,CWE-668,0.4304085608283369,0.08843632336655592,0.9807213242885309,0.8679196094970886,0.019278675711469108,0.9115636766334442,0.1466054019885325,0.10511641018368287,0.1435372806704464,0.8551854162516712,0.5345788238275434,0.5871211937591164,0.1953642530198399,1504
naive_bayes_tau_0_3,CWE-669,,0.0,1.0,0.9768006580237231,0.0,1.0,,,,0.9768006580237231,0.5,0.5021076286068924,0.014264890274996925,248
naive_bayes_tau_0_3,CWE-704,,0.0,1.0,0.9989696067258617,0.0,1.0,,,,0.9989696067258617,0.5,0.5084778713448558,0.0013515342767210074,11
naive_bayes_tau_0_3,CWE-706,0.3692264678471575,0.100990099009901,0.9880026618375961,0.956861913155375,0.011997338162403871,0.8990099009900991,0.14267243868887566,0.1138133982300058,0.1567087553441008,0.9461142154365811,0.5444963804237485,0.5639306945182824,0.14145651944022453,505
naive_bayes_tau_0_3,CWE-74,0.43167216558835825,0.3287508884150675,0.919459788773491,0.8803259300929092,0.080540211226509,0.6712491115849325,0.3729888352344048,0.34508151209778515,0.2782082681817064,0.8267240406680496,0.6241053385942793,0.6623263998931028,0.32928638374356833,1679
naive_bayes_tau_0_3,CWE-834,,0.0,1.0,0.9942007034174456,0.0,1.0,,,,0.9942007034174456,0.5,0.5153657347755605,0.01390727139117974,62
naive_bayes_tau_0_3,CWE-913,0.6047619047619047,0.25365853658536586,0.9967644258312157,0.9855679919221154,0.003235574168784283,0.7463414634146341,0.35505655634687894,0.2861928214071834,0.3830080958011075,0.9825088841186089,0.6252114812082908,0.6695906373269602,0.26299965838365286,205
naive_bayes_tau_0_3,CWE-923,,0.0,1.0,0.9676343299044596,0.0,1.0,,,,0.9676343299044596,0.5,0.5,0.01909719052662098,346
naive_bayes_tau_0_4,CWE-116,,0.0,1.0,0.9930766358377439,0.0,1.0,,,,0.9930766358377439,0.5,0.5993209281401382,0.03039285283610253,74
naive_bayes_tau_0_4,CWE-185,,0.0,1.0,0.9985969279035192,0.0,1.0,,,,0.9985969279035192,0.5,0.5,0.005349303737719003,15
naive_bayes_tau_0_4,CWE-20,,0.0,1.0,0.9569724557079254,0.0,1.0,,,,0.9569724557079254,0.5,0.5394368439383326,0.05169809697565457,460
naive_bayes_tau_0_4,CWE-285,0.4650241914947797,0.06560533135875601,0.9965262236232325,0.9678316980753952,0.003473776376767543,0.9343946686412441,0.11346610636106617,0.07889403413992821,0.16138473297111494,0.9646569201903554,0.5310657774909943,0.5318587140534903,0.08389516941608474,366
naive_bayes_tau_0_4,CWE-287,0.42427817280758456,0.13307261991090852,0.9783175738685461,0.9177157903858773,0.02168242613145396,0.8669273800890915,0.1829740631168167,0.1483771041981699,0.18275157776317466,0.9005344229147159,0.5556950968897272,0.6193972573116485,0.183844404845343,984
naive_bayes_tau_0_4,CWE-311,0.0,0.0,0.9999032882011605,0.9633278279324962,9.671179883945841e-05,1.0,,,-0.004193323672858569,0.9632380202564818,0.49995164410058024,0.5498445862418841,0.05600454014064578,392
naive_bayes_tau_0_4,CWE-326,1.0,0.038181818181818185,1.0,0.9953240636722495,0.0,0.9618181818181817,0.17424242424242425,0.11653116531165313,0.30817771506586406,0.9953249082432949,0.5190909090909092,0.565142346445034,0.06977954967853653,52
naive_bayes_tau_0_4,CWE-327,0.42410491446811704,0.5827651515151515,0.9877420486628588,0.9935068180147475,0.012257951337141392,0.41723484848484843,0.4905219504853083,0.5418434825713738,0.4879081268610578,0.9815712167221188,0.7852536000890051,0.8609224770178938,0.2629050685574386,163
naive_bayes_tau_0_4,CWE-330,0.2333333333333333,0.03333333333333333,0.9989600881005026,0.9864145156585591,0.001039911899497438,0.9666666666666666,0.0949074074074074,0.06657125509584526,0.08186377034645638,0.9854088919475249,0.516146710716918,0.8188589636040817,0.2933463461886405,150
naive_bayes_tau_0_4,CWE-345,,0.0,1.0,0.9394789912612307,0.0,1.0,,,,0.9394789912612307,0.5,0.5023255813953489,0.04590088137265276,647
naive_bayes_tau_0_4,CWE-400,,0.0,1.0,0.9679145347460121,0.0,1.0,,,,0.9679145347460121,0.5,0.5216025287166002,0.05223391307996215,343
naive_bayes_tau_0_4,CWE-477,,0.0,1.0,0.9975665346293809,0.0,1.0,,,,0.9975665346293809,0.5,0.5521549067512135,0.0019121859731445483,26
naive_bayes_tau_0_4,CWE-489,,0.0,1.0,0.9995323093011731,0.0,1.0,,,,0.9995323093011731,0.5,0.5112469610106036,0.0006270604050619363,5
naive_bayes_tau_0_4,CWE-573,,0.0,1.0,0.9928914428726758,0.0,1.0,,,,0.9928914428726758,0.5,0.6136661141607032,0.06562293817875942,76
naive_bayes_tau_0_4,CWE-610,0.4022549019607843,0.04396929824561403,0.9968625883514296,0.9571384307353554,0.003137411648570359,0.956030701754386,0.07842316384745182,0.053330198001901086,0.11934878241122748,0.9543536301710418,0.5204159432985218,0.5696658222555782,0.11052863416690577,477
naive_bayes_tau_0_4,CWE-668,0.44839869770434343,0.08444961240310078,0.982682974960259,0.8676489357091322,0.017317025039740953,0.9155503875968993,0.1417797542412313,0.1007349932605363,0.14534511116773363,0.8563093765402744,0.53356629368168,0.5871211937591164,0.1953642530198399,1504
naive_bayes_tau_0_4,CWE-669,,0.0,1.0,0.9768006580237231,0.0,1.0,,,,0.9768006580237231,0.5,0.5021076286068924,0.014264890274996925,248
naive_bayes_tau_0_4,CWE-704,,0.0,1.0,0.9989696067258617,0.0,1.0,,,,0.9989696067258617,0.5,0.5084778713448558,0.0013515342767210074,11
naive_bayes_tau_0_4,CWE-706,0.5916666666666667,0.03762376237623762,0.9987306185754499,0.9544079023521246,0.0012693814245500839,0.9623762376237623,0.06996613464018045,0.04615363775423793,0.13699475440576148,0.9533332885481964,0.5181771904758438,0.5639306945182824,0.14145651944022453,505
naive_bayes_tau_0_4,CWE-74,0.44396881062458987,0.2870593461265103,0.9331073220328074,0.8754289916480804,0.06689267796719259,0.7129406538734897,0.34849642556637017,0.30881432420528504,0.2651233099504644,0.831675239624761,0.6100833340796589,0.6623263998931028,0.32928638374356833,1679
naive_bayes_tau_0_4,CWE-834,,0.0,1.0,0.9942007034174456,0.0,1.0,,,,0.9942007034174456,0.5,0.5153657347755605,0.01390727139117974,62
naive_bayes_tau_0_4,CWE-913,0.6146520146520146,0.24878048780487805,0.9969536103292708,0.9854779180705554,0.003046389670729363,0.751219512195122,0.35135229304451937,0.28146812927949494,0.3821752875315836,0.982600880438756,0.6228670490670745,0.6695906373269602,0.26299965838365286,205
naive_bayes_tau_0_4,CWE-923,,0.0,1.0,0.9676343299044596,0.0,1.0,,,,0.9676343299044596,0.5,0.5,0.01909719052662098,346
naive_bayes_tau_0_5,CWE-116,,0.0,1.0,0.9930766358377439,0.0,1.0,,,,0.9930766358377439,0.5,0.5993209281401382,0.03039285283610253,74
naive_bayes_tau_0_5,CWE-185,,0.0,1.0,0.9985969279035192,0.0,1.0,,,,0.9985969279035192,0.5,0.5,0.005349303737719003,15
naive_bayes_tau_0_5,CWE-20,,0.0,1.0,0.9569724557079254,0.0,1.0,,,,0.9569724557079254,0.5,0.5394368439383326,0.05169809697565457,460
naive_bayes_tau_0_5,CWE-285,0.6738095238095239,0.06290262865605331,0.9987501953904928,0.9678105179048323,0.0012498046095072552,0.9370973713439467,0.11300689887684179,0.0764395280079168,0.19286153924832178,0.9667097354945803,0.530826412023273,0.5318587140534903,0.08389516941608474,366
naive_bayes_tau_0_5,CWE-287,0.4034656964656964,0.05896094478400497,0.991334851529019,0.9122064525607524,0.00866514847098094,0.941039055215995,0.10260364616415407,0.07104299729485189,0.12565173320500486,0.9055037595103782,0.5251478981565121,0.6193972573116485,0.183844404845343,984
naive_bayes_tau_0_5,CWE-311,0.0,0.0,0.9999032882011605,0.9633278279324962,9.671179883945841e-05,1.0,,,-0.004193323672858569,0.9632380202564818,0.49995164410058024,0.5498445862418841,0.05600454014064578,392
naive_bayes_tau_0_5,CWE-326,1.0,0.038181818181818185,1.0,0.9953240636722495,0.0,0.9618181818181817,0.17424242424242425,0.11653116531165313,0.30817771506586406,0.9953249082432949,0.5190909090909092,0.565142346445034,0.06977954967853653,52
naive_bayes_tau_0_5,CWE-327,0.42410491446811704,0.5827651515151515,0.9877420486628588,0.9935068180147475,0.012257951337141392,0.41723484848484843,0.4905219504853083,0.5418434825713738,0.4879081268610578,0.9815712167221188,0.7852536000890051,0.8609224770178938,0.2629050685574386,163
naive_bayes_tau_0_5,CWE-330,0.2333333333333333,0.03333333333333333,0.9989600881005026,0.9864145156585591,0.001039911899497438,0.9666666666666666,0.0949074074074074,0.06657125509584526,0.08186377034645638,0.9854088919475249,0.516146710716918,0.8188589636040817,0.2933463461886405,150
naive_bayes_tau_0_5,CWE-345,,0.0,1.0,0.9394789912612307,0.0,1.0,,,,0.9394789912612307,0.5,0.5023255813953489,0.04590088137265276,647
naive_bayes_tau_0_5,CWE-400,,0.0,1.0,0.9679145347460121,0.0,1.0,,,,0.9679145347460121,0.5,0.5216025287166002,0.05223391307996215,343
naive_bayes_tau_0_5,CWE-477,,0.0,1.0,0.9975665346293809,0.0,1.0,,,,0.9975665346293809,0.5,0.5521549067512135,0.0019121859731445483,26
naive_bayes_tau_0_5,CWE-489,,0.0,1.0,0.9995323093011731,0.0,1.0,,,,0.9995323093011731,0.5,0.5112469610106036,0.0006270604050619363,5
naive_bayes_tau_0_5,CWE-573,,0.0,1.0,0.9928914428726758,0.0,1.0,,,,0.9928914428726758,0.5,0.6136661141607032,0.06562293817875942,76
naive_bayes_tau_0_5,CWE-610,0.4022549019607843,0.04396929824561403,0.9968625883514296,0.9571384307353554,0.003137411648570359,0.956030701754386,0.07842316384745182,0.053330198001901086,0.11934878241122748,0.9543536301710418,0.5204159432985218,0.5696658222555782,0.11052863416690577,477
naive_bayes_tau_0_5,CWE-668,0.5651788267430324,0.06450276854928018,0.9918431244292579,0.8662356561033334,0.008156875570742045,0.93549723145072,0.11557610468143223,0.07834888498128786,0.15555558080692053,0.8613725186330082,0.528172946489269,0.5871211937591164,0.1953642530198399,1504
naive_bayes_tau_0_5,CWE-669,,0.0,1.0,0.9768006580237231,0.0,1.0,,,,0.9768006580237231,0.5,0.5021076286068924,0.014264890274996925,248
naive_bayes_tau_0_5,CWE-704,,0.0,1.0,0.9989696067258617,0.0,1.0,,,,0.9989696067258617,0.5,0.5084778713448558,0.0013515342767210074,11
naive_bayes_tau_0_5,CWE-706,0.5916666666666667,0.03762376237623762,0.9987306185754499,0.9544079023521246,0.0012693814245500839,0.9623762376237623,0.06996613464018045,0.04615363775423793,0.13699475440576148,0.9533332885481964,0.5181771904758438,0.5639306945182824,0.14145651944022453,505
naive_bayes_tau_0_5,CWE-74,0.4663435954444114,0.2840813788201848,0.9393278749633283,0.8756862414251048,0.06067212503667173,0.7159186211798152,0.3529219369898513,0.3081031675260866,0.2763764114921803,0.8364480136461925,0.6117046268917565,0.6623263998931028,0.32928638374356833,1679
naive_bayes_tau_0_5,CWE-834,,0.0,1.0,0.9942007034174456,0.0,1.0,,,,0.9942007034174456,0.5,0.5153657347755605,0.01390727139117974,62
naive_bayes_tau_0_5,CWE-913,0.6146520146520146,0.24878048780487805,0.9969536103292708,0.9854779180705554,0.003046389670729363,0.751219512195122,0.35135229304451937,0.28146812927949494,0.3821752875315836,0.982600880438756,0.6228670490670745,0.6695906373269602,0.26299965838365286,205
naive_bayes_tau_0_5,CWE-923,,0.0,1.0,0.9676343299044596,0.0,1.0,,,,0.9676343299044596,0.5,0.5,0.01909719052662098,346
naive_bayes_tau_0_6,CWE-116,,0.0,1.0,0.9930766358377439,0.0,1.0,,,,0.9930766358377439,0.5,0.5993209281401382,0.03039285283610253,74
naive_bayes_tau_0_6,CWE-185,,0.0,1.0,0.9985969279035192,0.0,1.0,,,,0.9985969279035192,0.5,0.5,0.005349303737719003,15
naive_bayes_tau_0_6,CWE-20,,0.0,1.0,0.9569724557079254,0.0,1.0,,,,0.9569724557079254,0.5,0.5394368439383326,0.05169809697565457,460
naive_bayes_tau_0_6,CWE-285,0.6738095238095239,0.06290262865605331,0.9987501953904928,0.9678105179048323,0.0012498046095072552,0.9370973713439467,0.11300689887684179,0.0764395280079168,0.19286153924832178,0.9667097354945803,0.530826412023273,0.5318587140534903,0.08389516941608474,366
naive_bayes_tau_0_6,CWE-287,0.4064286594286594,0.057945716357609034,0.9915400849820719,0.9121365565528091,0.008459915017928091,0.9420542836423909,0.1011483283542107,0.06987900311482279,0.12520272106822325,0.905596956155299,0.5247429006698405,0.6193972573116485,0.183844404845343,984
naive_bayes_tau_0_6,CWE-311,,0.0,1.0,0.9633312169014024,0.0,1.0,,,,0.9633312169014024,0.5,0.5498445862418841,0.05600454014064578,392
naive_bayes_tau_0_6,CWE-326,1.0,0.038181818181818185,1.0,0.9953240636722495,0.0,0.9618181818181817,0.17424242424242425,0.11653116531165313,0.30817771506586406,0.9953249082432949,0.5190909090909092,0.565142346445034,0.06977954967853653,52
naive_bayes_tau_0_6,CWE-327,0.42410491446811704,0.5827651515151515,0.9877420486628588,0.9935068180147475,0.012257951337141392,0.41723484848484843,0.4905219504853083,0.5418434825713738,0.4879081268610578,0.9815712167221188,0.7852536000890051,0.8609224770178938,0.2629050685574386,163
naive_bayes_tau_0_6,CWE-330,0.2333333333333333,0.03333333333333333,0.9989600881005026,0.9864145156585591,0.001039911899497438,0.9666666666666666,0.0949074074074074,0.06657125509584526,0.08186377034645638,0.9854088919475249,0.516146710716918,0.8188589636040817,0.2933463461886405,150
naive_bayes_tau_0_6,CWE-345,,0.0,1.0,0.9394789912612307,0.0,1.0,,,,0.9394789912612307,0.5,0.5023255813953489,0.04590088137265276,647
naive_bayes_tau_0_6,CWE-400,,0.0,1.0,0.9679145347460121,0.0,1.0,,,,0.9679145347460121,0.5,0.5216025287166002,0.05223391307996215,343
naive_bayes_tau_0_6,CWE-477,,0.0,1.0,0.9975665346293809,0.0,1.0,,,,0.9975665346293809,0.5,0.5521549067512135,0.0019121859731445483,26
naive_bayes_tau_0_6,CWE-489,,0.0,1.0,0.9995323093011731,0.0,1.0,,,,0.9995323093011731,0.5,0.5112469610106036,0.0006270604050619363,5
naive_bayes_tau_0_6,CWE-573,,0.0,1.0,0.9928914428726758,0.0,1.0,,,,0.9928914428726758,0.5,0.6136661141607032,0.06562293817875942,76
naive_bayes_tau_0_6,CWE-610,0.4022549019607843,0.04396929824561403,0.9968625883514296,0.9571384307353554,0.003137411648570359,0.956030701754386,0.07842316384745182,0.053330198001901086,0.11934878241122748,0.9543536301710418,0.5204159432985218,0.5696658222555782,0.11052863416690577,477
naive_bayes_tau_0_6,CWE-668,0.5579419846377693,0.05918715393133998,0.9923898712854635,0.865643858361332,0.007610128714536468,0.94081284606866,0.1064544830598106,0.07196239306661044,0.14666116976184645,0.8610908284921631,0.5257885126084018,0.5871211937591164,0.1953642530198399,1504
naive_bayes_tau_0_6,CWE-669,,0.0,1.0,0.9768006580237231,0.0,1.0,,,,0.9768006580237231,0.5,0.5021076286068924,0.014264890274996925,248
naive_bayes_tau_0_6,CWE-704,,0.0,1.0,0.9989696067258617,0.0,1.0,,,,0.9989696067258617,0.5,0.5084778713448558,0.0013515342767210074,11
naive_bayes_tau_0_6,CWE-706,0.5916666666666667,0.03762376237623762,0.9987306185754499,0.9544079023521246,0.0012693814245500839,0.9623762376237623,0.06996613464018045,0.04615363775423793,0.13699475440576148,0.9533332885481964,0.5181771904758438,0.5639306945182824,0.14145651944022453,505
naive_bayes_tau_0_6,CWE-74,0.4992927698497122,0.2715724946695096,0.9492985509668952,0.8749539021226884,0.05070144903310493,0.7284275053304904,0.3515911508680124,0.2987505927042084,0.2874287721053941,0.8428898572668299,0.6104355228182022,0.6623263998931028,0.32928638374356833,1679
naive_bayes_tau_0_6,CWE-834,,0.0,1.0,0.9942007034174456,0.0,1.0,,,,0.9942007034174456,0.5,0.5153657347755605,0.01390727139117974,62
naive_bayes_tau_0_6,CWE-913,0.6146520146520146,0.24878048780487805,0.9969536103292708,0.9854779180705554,0.003046389670729363,0.751219512195122,0.35135229304451937,0.28146812927949494,0.3821752875315836,0.982600880438756,0.6228670490670745,0.6695906373269602,0.26299965838365286,205
naive_bayes_tau_0_6,CWE-923,,0.0,1.0,0.9676343299044596,0.0,1.0,,,,0.9676343299044596,0.5,0.5,0.01909719052662098,346
naive_bayes_tau_0_7,CWE-116,,0.0,1.0,0.9930766358377439,0.0,1.0,,,,0.9930766358377439,0.5,0.5993209281401382,0.03039285283610253,74
naive_bayes_tau_0_7,CWE-185,,0.0,1.0,0.9985969279035192,0.0,1.0,,,,0.9985969279035192,0.5,0.5,0.005349303737719003,15
naive_bayes_tau_0_7,CWE-20,,0.0,1.0,0.9569724557079254,0.0,1.0,,,,0.9569724557079254,0.5,0.5394368439383326,0.05169809697565457,460
naive_bayes_tau_0_7,CWE-285,0.6738095238095239,0.06290262865605331,0.9987501953904928,0.9678105179048323,0.0012498046095072552,0.9370973713439467,0.11300689887684179,0.0764395280079168,0.19286153924832178,0.9667097354945803,0.530826412023273,0.5318587140534903,0.08389516941608474,366
naive_bayes_tau_0_7,CWE-287,0.4181982570806101,0.057945716357609034,0.9919504755671678,0.9121691253332351,0.008049524432832243,0.9420542836423909,0.10160362292715233,0.06996825074406302,0.12814100656179186,0.9059697199064243,0.5249480959623883,0.6193972573116485,0.183844404845343,984
naive_bayes_tau_0_7,CWE-311,,0.0,1.0,0.9633312169014024,0.0,1.0,,,,0.9633312169014024,0.5,0.5498445862418841,0.05600454014064578,392
naive_bayes_tau_0_7,CWE-326,1.0,0.038181818181818185,1.0,0.9953240636722495,0.0,0.9618181818181817,0.17424242424242425,0.11653116531165313,0.30817771506586406,0.9953249082432949,0.5190909090909092,0.565142346445034,0.06977954967853653,52
naive_bayes_tau_0_7,CWE-327,0.4303124521248889,0.5827651515151515,0.9880268148846362,0.9935087268913609,0.01197318511536384,0.41723484848484843,0.4944797988555575,0.5437061599231706,0.4915610735190197,0.9818515916543582,0.7853959831998939,0.8609224770178938,0.2629050685574386,163
naive_bayes_tau_0_7,CWE-330,0.2333333333333333,0.03333333333333333,0.9989600881005026,0.9864145156585591,0.001039911899497438,0.9666666666666666,0.0949074074074074,0.06657125509584526,0.08186377034645638,0.9854088919475249,0.516146710716918,0.8188589636040817,0.2933463461886405,150
naive_bayes_tau_0_7,CWE-345,,0.0,1.0,0.9394789912612307,0.0,1.0,,,,0.9394789912612307,0.5,0.5023255813953489,0.04590088137265276,647
naive_bayes_tau_0_7,CWE-400,,0.0,1.0,0.9679145347460121,0.0,1.0,,,,0.9679145347460121,0.5,0.5216025287166002,0.05223391307996215,343
naive_bayes_tau_0_7,CWE-477,,0.0,1.0,0.9975665346293809,0.0,1.0,,,,0.9975665346293809,0.5,0.5521549067512135,0.0019121859731445483,26
naive_bayes_tau_0_7,CWE-489,,0.0,1.0,0.9995323093011731,0.0,1.0,,,,0.9995323093011731,0.5,0.5112469610106036,0.0006270604050619363,5
naive_bayes_tau_0_7,CWE-573,,0.0,1.0,0.9928914428726758,0.0,1.0,,,,0.9928914428726758,0.5,0.6136661141607032,0.06562293817875942,76
naive_bayes_tau_0_7,CWE-610,0.4022549019607843,0.04396929824561403,0.9968625883514296,0.9571384307353554,0.003137411648570359,0.956030701754386,0.07842316384745182,0.053330198001901086,0.11934878241122748,0.9543536301710418,0.5204159432985218,0.5696658222555782,0.11052863416690577,477
naive_bayes_tau_0_7,CWE-668,0.6239559460147696,0.024589147286821704,0.997383782508279,0.8619985796135217,0.002616217491720989,0.9754108527131784,0.04699445568849264,0.0303827457122694,0.09988044490185397,0.8605401134625209,0.5109864648975504,0.5871211937591164,0.1953642530198399,1504
naive_bayes_tau_0_7,CWE-669,,0.0,1.0,0.9768006580237231,0.0,1.0,,,,0.9768006580237231,0.5,0.5021076286068924,0.014264890274996925,248
naive_bayes_tau_0_7,CWE-704,,0.0,1.0,0.9989696067258617,0.0,1.0,,,,0.9989696067258617,0.5,0.5084778713448558,0.0013515342767210074,11
naive_bayes_tau_0_7,CWE-706,0.6066666666666667,0.025742574257425745,0.9990255595354419,0.9538828511335504,0.0009744404645579887,0.9742574257425742,0.04927565410549011,0.03182094358617565,0.11693525420910673,0.9530529985447398,0.5123840668964339,0.5639306945182824,0.14145651944022453,505
naive_bayes_tau_0_7,CWE-74,0.49637958593015874,0.26740582800284296,0.9495195454420331,0.8743509986579104,0.050480454557966806,0.732594171997157,0.3473969274306075,0.29451584752444243,0.2835191711637345,0.84241884344171,0.6084626867224381,0.6623263998931028,0.32928638374356833,1679
naive_bayes_tau_0_7,CWE-834,,0.0,1.0,0.9942007034174456,0.0,1.0,,,,0.9942007034174456,0.5,0.5153657347755605,0.01390727139117974,62
naive_bayes_tau_0_7,CWE-913,0.6098901098901098,0.24390243902439024,0.9969536103292708,0.9853847854817465,0.003046389670729363,0.7560975609756098,0.3453782670704934,0.27616400524459445,0.3766470095241531,0.982506983725141,0.6204280246768304,0.6695906373269602,0.26299965838365286,205
naive_bayes_tau_0_7,CWE-923,,0.0,1.0,0.9676343299044596,0.0,1.0,,,,0.9676343299044596,0.5,0.5,0.01909719052662098,346
naive_bayes_tau_0_8,CWE-116,,0.0,1.0,0.9930766358377439,0.0,1.0,,,,0.9930766358377439,0.5,0.5993209281401382,0.03039285283610253,74
naive_bayes_tau_0_8,CWE-185,,0.0,1.0,0.9985969279035192,0.0,1.0,,,,0.9985969279035192,0.5,0.5,0.005349303737719003,15
naive_bayes_tau_0_8,CWE-20,,0.0,1.0,0.9569724557079254,0.0,1.0,,,,0.9569724557079254,0.5,0.5394368439383326,0.05169809697565457,460
naive_bayes_tau_0_8,CWE-285,0.6738095238095239,0.06290262865605331,0.9987501953904928,0.9678105179048323,0.0012498046095072552,0.9370973713439467,0.11300689887684179,0.0764395280079168,0.19286153924832178,0.9667097354945803,0.530826412023273,0.5318587140534903,0.08389516941608474,366
naive_bayes_tau_0_8,CWE-287,0.4304115075982084,0.057945716357609034,0.9924705175175799,0.9122124271610053,0.007529482482420061,0.9420542836423909,0.10187558124552187,0.07001838489486646,0.13106528066615517,0.9064414338002382,0.5252081169375945,0.6193972573116485,0.183844404845343,984
naive_bayes_tau_0_8,CWE-311,,0.0,1.0,0.9633312169014024,0.0,1.0,,,,0.9633312169014024,0.5,0.5498445862418841,0.05600454014064578,392
naive_bayes_tau_0_8,CWE-326,1.0,0.038181818181818185,1.0,0.9953240636722495,0.0,0.9618181818181817,0.17424242424242425,0.11653116531165313,0.30817771506586406,0.9953249082432949,0.5190909090909092,0.565142346445034,0.06977954967853653,52
naive_bayes_tau_0_8,CWE-327,0.43547313797313797,0.5704545454545455,0.9884966361170111,0.9933234130996821,0.011503363882988893,0.4295454545454545,0.4931196581196581,0.5364971053415023,0.4891855352757907,0.9821284733696176,0.7794755907857783,0.8609224770178938,0.2629050685574386,163
naive_bayes_tau_0_8,CWE-330,0.2333333333333333,0.03333333333333333,0.9989600881005026,0.9864145156585591,0.001039911899497438,0.9666666666666666,0.0949074074074074,0.06657125509584526,0.08186377034645638,0.9854088919475249,0.516146710716918,0.8188589636040817,0.2933463461886405,150
naive_bayes_tau_0_8,CWE-345,,0.0,1.0,0.9394789912612307,0.0,1.0,,,,0.9394789912612307,0.5,0.5023255813953489,0.04590088137265276,647
naive_bayes_tau_0_8,CWE-400,,0.0,1.0,0.9679145347460121,0.0,1.0,,,,0.9679145347460121,0.5,0.5216025287166002,0.05223391307996215,343
naive_bayes_tau_0_8,CWE-477,,0.0,1.0,0.9975665346293809,0.0,1.0,,,,0.9975665346293809,0.5,0.5521549067512135,0.0019121859731445483,26
naive_bayes_tau_0_8,CWE-489,,0.0,1.0,0.9995323093011731,0.0,1.0,,,,0.9995323093011731,0.5,0.5112469610106036,0.0006270604050619363,5
naive_bayes_tau_0_8,CWE-573,,0.0,1.0,0.9928914428726758,0.0,1.0,,,,0.9928914428726758,0.5,0.6136661141607032,0.06562293817875942,76
naive_bayes_tau_0_8,CWE-610,,0.0,1.0,0.955380782591301,0.0,1.0,,,,0.955380782591301,0.5,0.5696658222555782,0.11052863416690577,477
naive_bayes_tau_0_8,CWE-668,0.38888888888888884,0.0019977851605758584,0.9996755259588355,0.8595170455727794,0.00032447404116444213,0.9980022148394241,0.009900990099009901,0.0062292444676037935,0.026609763084171456,0.8593151955797836,0.5008366555597057,0.5871211937591164,0.1953642530198399,1504
naive_bayes_tau_0_8,CWE-669,,0.0,1.0,0.9768006580237231,0.0,1.0,,,,0.9768006580237231,0.5,0.5021076286068924,0.014264890274996925,248
naive_bayes_tau_0_8,CWE-704,,0.0,1.0,0.9989696067258617,0.0,1.0,,,,0.9989696067258617,0.5,0.5084778713448558,0.0013515342767210074,11
naive_bayes_tau_0_8,CWE-706,0.4875,0.011881188118811881,0.9991220380689683,0.9532601602893909,0.0008779619310316983,0.9881188118811881,0.028711433281867423,0.01840504665739494,0.07654172915921277,0.9524885031001802,0.5055016130938901,0.5639306945182824,0.14145651944022453,505
naive_bayes_tau_0_8,CWE-74,0.3698126989267022,0.12684968017057568,0.9597277833900298,0.8550762886599423,0.04027221660997023,0.8731503198294244,0.1886566481749,0.14596540540120667,0.13943346045825772,0.8289342553109863,0.5432887317803028,0.6623263998931028,0.32928638374356833,1679
naive_bayes_tau_0_8,CWE-834,,0.0,1.0,0.9942007034174456,0.0,1.0,,,,0.9942007034174456,0.5,0.5153657347755605,0.01390727139117974,62
naive_bayes_tau_0_8,CWE-913,0.6098901098901098,0.24390243902439024,0.9969536103292708,0.9853847854817465,0.003046389670729363,0.7560975609756098,0.3453782670704934,0.27616400524459445,0.3766470095241531,0.982506983725141,0.6204280246768304,0.6695906373269602,0.26299965838365286,205
naive_bayes_tau_0_8,CWE-923,,0.0,1.0,0.9676343299044596,0.0,1.0,,,,0.9676343299044596,0.5,0.5,0.01909719052662098,346
naive_bayes_tau_0_9,CWE-116,,0.0,1.0,0.9930766358377439,0.0,1.0,,,,0.9930766358377439,0.5,0.5993209281401382,0.03039285283610253,74
naive_bayes_tau_0_9,CWE-185,,0.0,1.0,0.9985969279035192,0.0,1.0,,,,0.9985969279035192,0.5,0.5,0.005349303737719003,15
naive_bayes_tau_0_9,CWE-20,,0.0,1.0,0.9569724557079254,0.0,1.0,,,,0.9569724557079254,0.5,0.5394368439383326,0.05169809697565457,460
naive_bayes_tau_0_9,CWE-285,0.6738095238095239,0.06290262865605331,0.9987501953904928,0.9678105179048323,0.0012498046095072552,0.9370973713439467,0.11300689887684179,0.0764395280079168,0.19286153924832178,0.9667097354945803,0.530826412023273,0.5318587140534903,0.08389516941608474,366
naive_bayes_tau_0_9,CWE-287,0.34285714285714286,0.008121827411167511,0.999072546205596,0.9085597817604322,0.0009274537944038809,0.9918781725888325,0.03950980392156863,0.025204939213955745,0.04204102508836487,0.9078623647134787,0.5035971868083818,0.6193972573116485,0.183844404845343,984
naive_bayes_tau_0_9,CWE-311,,0.0,1.0,0.9633312169014024,0.0,1.0,,,,0.9633312169014024,0.5,0.5498445862418841,0.05600454014064578,392
naive_bayes_tau_0_9,CWE-326,1.0,0.038181818181818185,1.0,0.9953240636722495,0.0,0.9618181818181817,0.17424242424242425,0.11653116531165313,0.30817771506586406,0.9953249082432949,0.5190909090909092,0.565142346445034,0.06977954967853653,52
naive_bayes_tau_0_9,CWE-327,0.4345673408716887,0.5642045454545455,0.9885931146505375,0.993227506326166,0.011406885349462602,0.4357954545454545,0.49042735042735036,0.5319908357490258,0.4860327088544091,0.9821284733696176,0.7763988300525415,0.8609224770178938,0.2629050685574386,163
naive_bayes_tau_0_9,CWE-330,0.2333333333333333,0.03333333333333333,0.9989600881005026,0.9864145156585591,0.001039911899497438,0.9666666666666666,0.0949074074074074,0.06657125509584526,0.08186377034645638,0.9854088919475249,0.516146710716918,0.8188589636040817,0.2933463461886405,150
naive_bayes_tau_0_9,CWE-345,,0.0,1.0,0.9394789912612307,0.0,1.0,,,,0.9394789912612307,0.5,0.5023255813953489,0.04590088137265276,647
naive_bayes_tau_0_9,CWE-400,,0.0,1.0,0.9679145347460121,0.0,1.0,,,,0.9679145347460121,0.5,0.5216025287166002,0.05223391307996215,343
naive_bayes_tau_0_9,CWE-477,,0.0,1.0,0.9975665346293809,0.0,1.0,,,,0.9975665346293809,0.5,0.5521549067512135,0.0019121859731445483,26
naive_bayes_tau_0_9,CWE-489,,0.0,1.0,0.9995323093011731,0.0,1.0,,,,0.9995323093011731,0.5,0.5112469610106036,0.0006270604050619363,5
naive_bayes_tau_0_9,CWE-573,,0.0,1.0,0.9928914428726758,0.0,1.0,,,,0.9928914428726758,0.5,0.6136661141607032,0.06562293817875942,76
naive_bayes_tau_0_9,CWE-610,,0.0,1.0,0.955380782591301,0.0,1.0,,,,0.955380782591301,0.5,0.5696658222555782,0.11052863416690577,477
naive_bayes_tau_0_9,CWE-668,,0.0,1.0,0.8593170959732512,0.0,1.0,,,,0.8593170959732512,0.5,0.5871211937591164,0.1953642530198399,1504
naive_bayes_tau_0_9,CWE-669,,0.0,1.0,0.9768006580237231,0.0,1.0,,,,0.9768006580237231,0.5,0.5021076286068924,0.014264890274996925,248
naive_bayes_tau_0_9,CWE-704,,0.0,1.0,0.9989696067258617,0.0,1.0,,,,0.9989696067258617,0.5,0.5084778713448558,0.0013515342767210074,11
naive_bayes_tau_0_9,CWE-706,,0.0,1.0,0.9527632394184835,0.0,1.0,,,,0.9527632394184835,0.5,0.5639306945182824,0.14145651944022453,505
naive_bayes_tau_0_9,CWE-74,0.44987012987012986,0.013697583511016345,0.997119123294709,0.8443867961267042,0.002880876705290977,0.9863024164889836,0.02657324768619972,0.016990563438590078,0.056322458231825925,0.8426693492341789,0.5054083534028627,0.6623263998931028,0.32928638374356833,1679
naive_bayes_tau_0_9,CWE-834,,0.0,1.0,0.9942007034174456,0.0,1.0,,,,0.9942007034174456,0.5,0.5153657347755605,0.01390727139117974,62
naive_bayes_tau_0_9,CWE-913,0.6098901098901098,0.24390243902439024,0.9969536103292708,0.9853847854817465,0.003046389670729363,0.7560975609756098,0.3453782670704934,0.27616400524459445,0.3766470095241531,0.982506983725141,0.6204280246768304,0.6695906373269602,0.26299965838365286,205
naive_bayes_tau_0_9,CWE-923,,0.0,1.0,0.9676343299044596,0.0,1.0,,,,0.9676343299044596,0.5,0.5,0.01909719052662098,346
bks_tau_0_1,CWE-116,,0.0,1.0,0.9930766358377439,0.0,1.0,,,,0.9930766358377439,0.5,0.5993209281401382,0.03039285283610253,74
bks_tau_0_1,CWE-185,,0.0,1.0,0.9985969279035192,0.0,1.0,,,,0.9985969279035192,0.5,0.5,0.005349303737719003,15
bks_tau_0_1,CWE-20,0.21541293449534993,0.07608695652173914,0.9874700466716577,0.9596355168381887,0.012529953328342303,0.923913043478261,0.11137025090157662,0.08707532552030732,0.10480883314049952,0.9482609834109965,0.5317785015966984,0.5411122061995257,0.051395536226690075,460
bks_tau_0_1,CWE-285,0.5686813186813187,0.0574972232506479,0.9978788868259241,0.967599613825454,0.0021211131740759945,0.9425027767493521,0.10038731121476327,0.06933227522468957,0.1567196107195123,0.9656781416625471,0.527688055038286,0.533379243037611,0.08059095684231347,366
bks_tau_0_1,CWE-287,0.41510165949657624,0.2774474256707759,0.9601250633650172,0.9291126352154283,0.03987493663498275,0.722552574329224,0.3323998927014447,0.2970657246443415,0.2858910916904334,0.8972893681841191,0.6187862445178965,0.6182830019545864,0.17298612543759706,984
bks_tau_0_1,CWE-311,0.13117084583239036,0.12752353132099967,0.9679648175173462,0.9668274270326979,0.03203518248265377,0.8724764686790003,0.12912592797931757,0.1281131854027226,0.09666704465913248,0.9371443716316925,0.5477441744191729,0.5437425948072947,0.05432496699997341,392
bks_tau_0_1,CWE-326,0.19666666666666668,0.13272727272727275,0.9974679212540589,0.9957757202871799,0.0025320787459410963,0.8672727272727274,0.19478844169246648,0.17585470085470087,0.15692649305738263,0.99326906024026,0.5650975969906658,0.565142346445034,0.06977954967853653,52
bks_tau_0_1,CWE-327,0.4515839914133772,0.7058712121212121,0.986699447107433,0.9954027455065434,0.013300552892567008,0.2941287878787879,0.5501385193954026,0.6337822986462972,0.5560580012409966,0.9824137316402443,0.8462853296143227,0.8651877506178401,0.405570334548528,163
bks_tau_0_1,CWE-330,0.3771007130124777,0.6533333333333333,0.9845308090535095,0.9950155129225214,0.015469190946490543,0.3466666666666667,0.47777473421827715,0.5693941192296128,0.48697835532647005,0.9798853450080088,0.8189320711934214,0.8190051787827611,0.30846572984790027,150
bks_tau_0_1,CWE-345,1.0,0.004651162790697674,1.0,0.9397416125906008,0.0,0.9953488372093023,0.022959483264826774,0.014488099594482572,0.10308351248612416,0.9397581658686966,0.5023255813953489,0.5024262143067413,0.04590916456854722,647
bks_tau_0_1,CWE-400,0.16395604395604396,0.023273657289002558,0.9961364985775567,0.9685218847752652,0.0038635014224432896,0.9767263427109973,0.040427903628588266,0.028025886998877692,0.05020808384451001,0.9649234977983261,0.5097050779332796,0.5216904071124764,0.05223672948519259,343
bks_tau_0_1,CWE-477,,0.0,1.0,0.9975665346293809,0.0,1.0,,,,0.9975665346293809,0.5,0.5521549067512135,0.0019121859731445483,26
bks_tau_0_1,CWE-489,,0.0,1.0,0.9995323093011731,0.0,1.0,,,,0.9995323093011731,0.5,0.5112469610106036,0.0006270604050619363,5
bks_tau_0_1,CWE-573,0.15537640086839172,0.23666666666666666,0.9906655616547395,0.9945143768264637,0.009334438345260496,0.7633333333333333,0.186500497391567,0.21320695756928343,0.1840458146041684,0.9853066555269618,0.613666114160703,0.6136661141607032,0.06562293817875942,76
bks_tau_0_1,CWE-610,0.22349019211884175,0.16565789473684212,0.9727757309178771,0.961494146851904,0.027224269082122953,0.8343421052631579,0.1889451489313563,0.1740591089007945,0.15945237233247514,0.9367690235867142,0.5692168128273596,0.5696658222555782,0.11052863416690577,477
bks_tau_0_1,CWE-668,0.14092943162543245,0.9986710963455149,0.003373242409403949,0.9380952380952381,0.9966267575905959,0.00132890365448505,0.24699894418090942,0.4503927010306339,0.012607446144632916,0.14339272136774106,0.5010221693774595,0.5889953474016905,0.19970374089611864,1504
bks_tau_0_1,CWE-669,,0.0,1.0,0.9768006580237231,0.0,1.0,,,,0.9768006580237231,0.5,0.5021076286068924,0.014264890274996925,248
bks_tau_0_1,CWE-704,,0.0,1.0,0.9989696067258617,0.0,1.0,,,,0.9989696067258617,0.5,0.5084778713448558,0.0013515342767210074,11
bks_tau_0_1,CWE-706,0.3127326817251723,0.14257425742574256,0.984212388025482,0.9585925048195915,0.015787611974517873,0.8574257425742575,0.19464885565152673,0.15956685301511825,0.18483608545622385,0.9444487097805127,0.5633933227256124,0.5608704658281122,0.14520096772858032,505
bks_tau_0_1,CWE-74,0.1578514803133497,0.993450604122246,0.01253634261446766,0.9110489510489511,0.9874636573855323,0.006549395877754087,0.27241353463175627,0.4825429079644333,0.020300917238118905,0.16658779202293086,0.5029934733683568,0.6702827976111878,0.4033458702592627,1679
bks_tau_0_1,CWE-834,0.0,0.0,0.999243001816122,0.9941963131254112,0.0007569981838779083,1.0,,,-0.002617135081700056,0.9934481145684337,0.499621500908061,0.515456073422823,0.013908193716615794,62
bks_tau_0_1,CWE-913,0.3393940649256919,0.2926829268292683,0.9854142721572071,0.9861688663642243,0.01458572784279294,0.7073170731707317,0.2860408704568743,0.2854045821200206,0.2870966474604951,0.9721245542472557,0.6390485994932377,0.6694506042238044,0.26574232402456166,205
bks_tau_0_1,CWE-923,,0.0,1.0,0.9676343299044596,0.0,1.0,,,,0.9676343299044596,0.5,0.49855072463768113,0.019084988490870286,346
bks_tau_0_2,CWE-116,,0.0,1.0,0.9930766358377439,0.0,1.0,,,,0.9930766358377439,0.5,0.5993209281401382,0.03039285283610253,74
bks_tau_0_2,CWE-185,,0.0,1.0,0.9985969279035192,0.0,1.0,,,,0.9985969279035192,0.5,0.5,0.005349303737719003,15
bks_tau_0_2,CWE-20,0.21541293449534993,0.07608695652173914,0.9874700466716577,0.9596355168381887,0.012529953328342303,0.923913043478261,0.11137025090157662,0.08707532552030732,0.10480883314049952,0.9482609834109965,0.5317785015966984,0.5411122061995257,0.051395536226690075,460
bks_tau_0_2,CWE-285,0.6738095238095239,0.0574972232506479,0.9987501953904928,0.9676268253867525,0.0012498046095072552,0.9425027767493521,0.10275581662575954,0.06977308655886666,0.1761207508262756,0.9665197117416111,0.5281237093205704,0.533379243037611,0.08059095684231347,366
bks_tau_0_2,CWE-287,0.4245869081305414,0.27643219724438,0.9619837042834138,0.929150694735597,0.038016295716586095,0.72356780275562,0.33478344198091137,0.2971394692784956,0.2903797790288286,0.8988828665482889,0.619207950763897,0.6182830019545864,0.17298612543759706,984
bks_tau_0_2,CWE-311,0.11805555555555555,0.00762739370334307,0.998628327601066,0.9635560506317027,0.0013716723989340865,0.9923726062966569,0.03492239467849224,0.023296007789678677,0.02535408617349953,0.9622940924458951,0.5031278606522045,0.5437425948072947,0.05432496699997341,392
bks_tau_0_2,CWE-326,1.0,0.038181818181818185,1.0,0.9953240636722495,0.0,0.9618181818181817,0.17424242424242425,0.11653116531165313,0.30817771506586406,0.9953249082432949,0.5190909090909092,0.565142346445034,0.06977954967853653,52
bks_tau_0_2,CWE-327,0.5194611771207516,0.6204545454545454,0.9905671033606105,0.9941032520926356,0.009432896639389633,0.3795454545454545,0.5571055754380758,0.5907863865573595,0.5561216682826663,0.9849191924730272,0.8055108244075779,0.8651877506178401,0.405570334548528,163
bks_tau_0_2,CWE-330,0.3771007130124777,0.6533333333333333,0.9845308090535095,0.9950155129225214,0.015469190946490543,0.3466666666666667,0.47777473421827715,0.5693941192296128,0.48697835532647005,0.9798853450080088,0.8189320711934214,0.8190051787827611,0.30846572984790027,150
bks_tau_0_2,CWE-345,1.0,0.004651162790697674,1.0,0.9397416125906008,0.0,0.9953488372093023,0.022959483264826774,0.014488099594482572,0.10308351248612416,0.9397581658686966,0.5023255813953489,0.5024262143067413,0.04590916456854722,647
bks_tau_0_2,CWE-400,,0.0,1.0,0.9679145347460121,0.0,1.0,,,,0.9679145347460121,0.5,0.5216904071124764,0.05223672948519259,343
bks_tau_0_2,CWE-477,,0.0,1.0,0.9975665346293809,0.0,1.0,,,,0.9975665346293809,0.5,0.5521549067512135,0.0019121859731445483,26
bks_tau_0_2,CWE-489,,0.0,1.0,0.9995323093011731,0.0,1.0,,,,0.9995323093011731,0.5,0.5112469610106036,0.0006270604050619363,5
bks_tau_0_2,CWE-573,,0.0,1.0,0.9928914428726758,0.0,1.0,,,,0.9928914428726758,0.5,0.6136661141607032,0.06562293817875942,76
bks_tau_0_2,CWE-610,0.31133333333333335,0.07120614035087719,0.9928548177605118,0.9581498862462366,0.007145182239488249,0.9287938596491229,0.11517808904787548,0.08401760063531061,0.13068831749962373,0.9517409180192467,0.5320304790556944,0.5696658222555782,0.11052863416690577,477
bks_tau_0_2,CWE-668,0.3103557315886985,0.2041749723145072,0.9224344604512111,0.8762908822361624,0.07756553954878882,0.7958250276854928,0.2408449357294463,0.21644448233608432,0.15253373451300528,0.8212878654424589,0.5633047163828592,0.5889953474016905,0.19970374089611864,1504
bks_tau_0_2,CWE-669,,0.0,1.0,0.9768006580237231,0.0,1.0,,,,0.9768006580237231,0.5,0.5021076286068924,0.014264890274996925,248
bks_tau_0_2,CWE-704,,0.0,1.0,0.9989696067258617,0.0,1.0,,,,0.9989696067258617,0.5,0.5084778713448558,0.0013515342767210074,11
bks_tau_0_2,CWE-706,0.3127326817251723,0.14257425742574256,0.984212388025482,0.9585925048195915,0.015787611974517873,0.8574257425742575,0.19464885565152673,0.15956685301511825,0.18483608545622385,0.9444487097805127,0.5633933227256124,0.5608704658281122,0.14520096772858032,505
bks_tau_0_2,CWE-74,0.4021857303741026,0.44014747690120826,0.8782365924049138,0.8938884368436705,0.12176340759508619,0.5598525230987917,0.42010587108243574,0.43184936184576506,0.30697952971459397,0.8094555430711805,0.6591920346530611,0.6702827976111878,0.4033458702592627,1679
bks_tau_0_2,CWE-834,,0.0,1.0,0.9942007034174456,0.0,1.0,,,,0.9942007034174456,0.5,0.515456073422823,0.013908193716615794,62
bks_tau_0_2,CWE-913,0.6051282051282051,0.24390243902439024,0.996859845678544,0.9853834485723963,0.003140154321456039,0.7560975609756098,0.3443206256109482,0.275870233211692,0.37488926089466423,0.9824149874049939,0.6203811423514671,0.6694506042238044,0.26574232402456166,205
bks_tau_0_2,CWE-923,,0.0,1.0,0.9676343299044596,0.0,1.0,,,,0.9676343299044596,0.5,0.49855072463768113,0.019084988490870286,346
bks_tau_0_3,CWE-116,,0.0,1.0,0.9930766358377439,0.0,1.0,,,,0.9930766358377439,0.5,0.5993209281401382,0.03039285283610253,74
bks_tau_0_3,CWE-185,,0.0,1.0,0.9985969279035192,0.0,1.0,,,,0.9985969279035192,0.5,0.5,0.005349303737719003,15
bks_tau_0_3,CWE-20,,0.0,1.0,0.9569724557079254,0.0,1.0,,,,0.9569724557079254,0.5,0.5411122061995257,0.051395536226690075,460
bks_tau_0_3,CWE-285,0.6738095238095239,0.0574972232506479,0.9987501953904928,0.9676268253867525,0.0012498046095072552,0.9425027767493521,0.10275581662575954,0.06977308655886666,0.1761207508262756,0.9665197117416111,0.5281237093205704,0.533379243037611,0.08059095684231347,366
bks_tau_0_3,CWE-287,0.4209110518231062,0.27135605511240024,0.9621898898504242,0.9287041487425507,0.03781011014957579,0.7286439448875998,0.3299312044351753,0.2920931040157354,0.28572758036216755,0.8986020991173109,0.6167729724814123,0.6182830019545864,0.17298612543759706,984
bks_tau_0_3,CWE-311,0.0,0.0,0.9999032882011605,0.9633278279324962,9.671179883945841e-05,1.0,,,-0.004193323672858569,0.9632380202564818,0.49995164410058024,0.5437425948072947,0.05432496699997341,392
bks_tau_0_3,CWE-326,1.0,0.038181818181818185,1.0,0.9953240636722495,0.0,0.9618181818181817,0.17424242424242425,0.11653116531165313,0.30817771506586406,0.9953249082432949,0.5190909090909092,0.565142346445034,0.06977954967853653,52
bks_tau_0_3,CWE-327,0.6188571001877453,0.5772727272727273,0.9943981499290777,0.993455980912634,0.005601850070922389,0.42272727272727273,0.5959093500788294,0.5842781418295484,0.590952726140415,0.9880329410041695,0.7858354386009024,0.8651877506178401,0.405570334548528,163
bks_tau_0_3,CWE-330,0.38050680272108844,0.62,0.9855707209530069,0.9945484253674419,0.014429279046993107,0.38,0.4707300936723957,0.5498083218105843,0.47613651787317124,0.9804457320956772,0.8027853604765035,0.8190051787827611,0.30846572984790027,150
bks_tau_0_3,CWE-345,1.0,0.004651162790697674,1.0,0.9397416125906008,0.0,0.9953488372093023,0.022959483264826774,0.014488099594482572,0.10308351248612416,0.9397581658686966,0.5023255813953489,0.5024262143067413,0.04590916456854722,647
bks_tau_0_3,CWE-400,,0.0,1.0,0.9679145347460121,0.0,1.0,,,,0.9679145347460121,0.5,0.5216904071124764,0.05223672948519259,343
bks_tau_0_3,CWE-477,,0.0,1.0,0.9975665346293809,0.0,1.0,,,,0.9975665346293809,0.5,0.5521549067512135,0.0019121859731445483,26
bks_tau_0_3,CWE-489,,0.0,1.0,0.9995323093011731,0.0,1.0,,,,0.9995323093011731,0.5,0.5112469610106036,0.0006270604050619363,5
bks_tau_0_3,CWE-573,,0.0,1.0,0.9928914428726758,0.0,1.0,,,,0.9928914428726758,0.5,0.6136661141607032,0.06562293817875942,76
bks_tau_0_3,CWE-610,0.4022549019607843,0.04396929824561403,0.9968625883514296,0.9571384307353554,0.003137411648570359,0.956030701754386,0.07842316384745182,0.053330198001901086,0.11934878241122748,0.9543536301710418,0.5204159432985218,0.5696658222555782,0.11052863416690577,477
bks_tau_0_3,CWE-668,0.5849145299145299,0.07580287929125137,0.9911832112913694,0.8675598397986933,0.008816788708630573,0.9241971207087486,0.1341012665507705,0.09175718987354319,0.1739308857955685,0.8623963210945366,0.5334930452913104,0.5889953474016905,0.19970374089611864,1504
bks_tau_0_3,CWE-669,,0.0,1.0,0.9768006580237231,0.0,1.0,,,,0.9768006580237231,0.5,0.5021076286068924,0.014264890274996925,248
bks_tau_0_3,CWE-704,,0.0,1.0,0.9989696067258617,0.0,1.0,,,,0.9989696067258617,0.5,0.5084778713448558,0.0013515342767210074,11
bks_tau_0_3,CWE-706,0.5916666666666667,0.03762376237623762,0.9987306185754499,0.9544079023521246,0.0012693814245500839,0.9623762376237623,0.06996613464018045,0.04615363775423793,0.13699475440576148,0.9533332885481964,0.5181771904758438,0.5608704658281122,0.14520096772858032,505
bks_tau_0_3,CWE-74,0.5305915751093692,0.2817039800995025,0.9537328518820182,0.8769996947504485,0.046267148117981785,0.7182960199004975,0.3675764386625656,0.310696908281791,0.3096067336238664,0.848221782600605,0.6177184159907604,0.6702827976111878,0.4033458702592627,1679
bks_tau_0_3,CWE-834,,0.0,1.0,0.9942007034174456,0.0,1.0,,,,0.9942007034174456,0.5,0.515456073422823,0.013908193716615794,62
bks_tau_0_3,CWE-913,0.6098901098901098,0.24390243902439024,0.9969536103292708,0.9853847854817465,0.003046389670729363,0.7560975609756098,0.3453782670704934,0.27616400524459445,0.3766470095241531,0.982506983725141,0.6204280246768304,0.6694506042238044,0.26574232402456166,205
bks_tau_0_3,CWE-923,,0.0,1.0,0.9676343299044596,0.0,1.0,,,,0.9676343299044596,0.5,0.49855072463768113,0.019084988490870286,346
bks_tau_0_4,CWE-116,,0.0,1.0,0.9930766358377439,0.0,1.0,,,,0.9930766358377439,0.5,0.5993209281401382,0.03039285283610253,74
bks_tau_0_4,CWE-185,,0.0,1.0,0.9985969279035192,0.0,1.0,,,,0.9985969279035192,0.5,0.5,0.005349303737719003,15
bks_tau_0_4,CWE-20,,0.0,1.0,0.9569724557079254,0.0,1.0,,,,0.9569724557079254,0.5,0.5411122061995257,0.051395536226690075,460
bks_tau_0_4,CWE-285,0.6738095238095239,0.0574972232506479,0.9987501953904928,0.9676268253867525,0.0012498046095072552,0.9425027767493521,0.10275581662575954,0.06977308655886666,0.1761207508262756,0.9665197117416111,0.5281237093205704,0.533379243037611,0.08059095684231347,366
bks_tau_0_4,CWE-287,0.3933333046038928,0.2042732829172278,0.9681387656392374,0.923160069246632,0.03186123436076257,0.7957267170827722,0.25844167909467086,0.22256483525116386,0.22788672358978745,0.8977765623743401,0.5862060242782327,0.6182830019545864,0.17298612543759706,984
bks_tau_0_4,CWE-311,,0.0,1.0,0.9633312169014024,0.0,1.0,,,,0.9633312169014024,0.5,0.5437425948072947,0.05432496699997341,392
bks_tau_0_4,CWE-326,,0.0,1.0,0.9951363072231508,0.0,1.0,,,,0.9951363072231508,0.5,0.565142346445034,0.06977954967853653,52
bks_tau_0_4,CWE-327,0.6263796647691334,0.5772727272727273,0.9945878591166346,0.9934573725737786,0.005412140883365368,0.42272727272727273,0.5993476072020848,0.5855956846252937,0.5946527761811352,0.9882197267927495,0.785930293194681,0.8651877506178401,0.405570334548528,163
bks_tau_0_4,CWE-330,,0.0,1.0,0.985969279035193,0.0,1.0,,,,0.985969279035193,0.5,0.8190051787827611,0.30846572984790027,150
bks_tau_0_4,CWE-345,1.0,0.0015503875968992248,1.0,0.9395655685620596,0.0,0.9984496124031008,0.015384615384615384,0.00967117988394584,0.08541259914728391,0.9395709875813779,0.5007751937984496,0.5024262143067413,0.04590916456854722,647
bks_tau_0_4,CWE-400,,0.0,1.0,0.9679145347460121,0.0,1.0,,,,0.9679145347460121,0.5,0.5216904071124764,0.05223672948519259,343
bks_tau_0_4,CWE-477,,0.0,1.0,0.9975665346293809,0.0,1.0,,,,0.9975665346293809,0.5,0.5521549067512135,0.0019121859731445483,26
bks_tau_0_4,CWE-489,,0.0,1.0,0.9995323093011731,0.0,1.0,,,,0.9995323093011731,0.5,0.5112469610106036,0.0006270604050619363,5
bks_tau_0_4,CWE-573,,0.0,1.0,0.9928914428726758,0.0,1.0,,,,0.9928914428726758,0.5,0.6136661141607032,0.06562293817875942,76
bks_tau_0_4,CWE-610,0.125,0.002105263157894737,0.9993265993265993,0.9554408392841394,0.0006734006734006733,0.9978947368421054,0.019417475728155338,0.01288659793814433,0.024170528274322988,0.9548288046704178,0.500715931242247,0.5696658222555782,0.11052863416690577,477
bks_tau_0_4,CWE-668,0.5856380441264163,0.07513842746400887,0.9912916123753803,0.8674896334368019,0.008708387624619732,0.9248615725359912,0.13311323052442287,0.09098865202803022,0.17338284416595853,0.8623963210945366,0.5332150199196946,0.5889953474016905,0.19970374089611864,1504
bks_tau_0_4,CWE-669,,0.0,1.0,0.9768006580237231,0.0,1.0,,,,0.9768006580237231,0.5,0.5021076286068924,0.014264890274996925,248
bks_tau_0_4,CWE-704,,0.0,1.0,0.9989696067258617,0.0,1.0,,,,0.9989696067258617,0.5,0.5084778713448558,0.0013515342767210074,11
bks_tau_0_4,CWE-706,0.5666666666666667,0.031683168316831684,0.9988284180864524,0.9541445603455371,0.0011715819135476387,0.9683168316831683,0.05923655840601705,0.038919676208454566,0.12209265269716044,0.9531468952583548,0.515255793201642,0.5608704658281122,0.14520096772858032,505
bks_tau_0_4,CWE-74,0.573364156268568,0.23286958066808813,0.9678265916172922,0.8713539126956498,0.03217340838270783,0.767130419331912,0.33093647303490115,0.26416299490808653,0.2986178499522871,0.8524200002095661,0.6003480861426901,0.6702827976111878,0.4033458702592627,1679
bks_tau_0_4,CWE-834,,0.0,1.0,0.9942007034174456,0.0,1.0,,,,0.9942007034174456,0.5,0.515456073422823,0.013908193716615794,62
bks_tau_0_4,CWE-913,0.7074175824175825,0.18048780487804877,0.9982766779031241,0.98420774611816,0.0017233220968759719,0.8195121951219513,0.2823178667555567,0.21074870067960041,0.3463350222808551,0.9825981722192532,0.5893822413905865,0.6694506042238044,0.26574232402456166,205
bks_tau_0_4,CWE-923,,0.0,1.0,0.9676343299044596,0.0,1.0,,,,0.9676343299044596,0.5,0.49855072463768113,0.019084988490870286,346
bks_tau_0_5,CWE-116,,0.0,1.0,0.9930766358377439,0.0,1.0,,,,0.9930766358377439,0.5,0.5993209281401382,0.03039285283610253,74
bks_tau_0_5,CWE-185,,0.0,1.0,0.9985969279035192,0.0,1.0,,,,0.9985969279035192,0.5,0.5,0.005349303737719003,15
bks_tau_0_5,CWE-20,,0.0,1.0,0.9569724557079254,0.0,1.0,,,,0.9569724557079254,0.5,0.5411122061995257,0.051395536226690075,460
bks_tau_0_5,CWE-285,0.6738095238095239,0.0574972232506479,0.9987501953904928,0.9676268253867525,0.0012498046095072552,0.9425027767493521,0.10275581662575954,0.06977308655886666,0.1761207508262756,0.9665197117416111,0.5281237093205704,0.533379243037611,0.08059095684231347,366
bks_tau_0_5,CWE-287,0.29583333333333334,0.008137366621775614,0.9983529767548445,0.9084985456961915,0.0016470232451555253,0.9918626333782244,0.026161152700635917,0.01679794516931019,0.040804066948108106,0.9072069105424708,0.5032451716883101,0.6182830019545864,0.17298612543759706,984
bks_tau_0_5,CWE-311,,0.0,1.0,0.9633312169014024,0.0,1.0,,,,0.9633312169014024,0.5,0.5437425948072947,0.05432496699997341,392
bks_tau_0_5,CWE-326,,0.0,1.0,0.9951363072231508,0.0,1.0,,,,0.9951363072231508,0.5,0.565142346445034,0.06977954967853653,52
bks_tau_0_5,CWE-327,0.6263796647691334,0.5772727272727273,0.9945878591166346,0.9934573725737786,0.005412140883365368,0.42272727272727273,0.5993476072020848,0.5855956846252937,0.5946527761811352,0.9882197267927495,0.785930293194681,0.8651877506178401,0.405570334548528,163
bks_tau_0_5,CWE-330,,0.0,1.0,0.985969279035193,0.0,1.0,,,,0.985969279035193,0.5,0.8190051787827611,0.30846572984790027,150
bks_tau_0_5,CWE-345,1.0,0.0015503875968992248,1.0,0.9395655685620596,0.0,0.9984496124031008,0.015384615384615384,0.00967117988394584,0.08541259914728391,0.9395709875813779,0.5007751937984496,0.5024262143067413,0.04590916456854722,647
bks_tau_0_5,CWE-400,,0.0,1.0,0.9679145347460121,0.0,1.0,,,,0.9679145347460121,0.5,0.5216904071124764,0.05223672948519259,343
bks_tau_0_5,CWE-477,,0.0,1.0,0.9975665346293809,0.0,1.0,,,,0.9975665346293809,0.5,0.5521549067512135,0.0019121859731445483,26
bks_tau_0_5,CWE-489,,0.0,1.0,0.9995323093011731,0.0,1.0,,,,0.9995323093011731,0.5,0.5112469610106036,0.0006270604050619363,5
bks_tau_0_5,CWE-573,,0.0,1.0,0.9928914428726758,0.0,1.0,,,,0.9928914428726758,0.5,0.6136661141607032,0.06562293817875942,76
bks_tau_0_5,CWE-610,,0.0,1.0,0.955380782591301,0.0,1.0,,,,0.955380782591301,0.5,0.5696658222555782,0.11052863416690577,477
bks_tau_0_5,CWE-668,0.6256084656084656,0.06117607973421927,0.99401254184563,0.8660772865991347,0.00598745815436982,0.9388239202657808,0.11136343417869106,0.07462783879836096,0.1645414838981794,0.8627715677676229,0.5275943107899247,0.5889953474016905,0.19970374089611864,1504
bks_tau_0_5,CWE-669,,0.0,1.0,0.9768006580237231,0.0,1.0,,,,0.9768006580237231,0.5,0.5021076286068924,0.014264890274996925,248
bks_tau_0_5,CWE-704,,0.0,1.0,0.9989696067258617,0.0,1.0,,,,0.9989696067258617,0.5,0.5084778713448558,0.0013515342767210074,11
bks_tau_0_5,CWE-706,0.4875,0.011881188118811881,0.9991220380689683,0.9532601602893909,0.0008779619310316983,0.9881188118811881,0.028711433281867423,0.01840504665739494,0.07654172915921277,0.9524885031001802,0.5055016130938901,0.5608704658281122,0.14520096772858032,505
bks_tau_0_5,CWE-74,0.7053861003861004,0.1441275764036958,0.988907784151451,0.8611608212150861,0.011092215848549063,0.8558724235963041,0.23920621890387356,0.1713702298570858,0.2743956555503317,0.856251146955708,0.5665176802775733,0.6702827976111878,0.4033458702592627,1679
bks_tau_0_5,CWE-834,,0.0,1.0,0.9942007034174456,0.0,1.0,,,,0.9942007034174456,0.5,0.515456073422823,0.013908193716615794,62
bks_tau_0_5,CWE-913,0.8566239316239317,0.16097560975609757,0.9993379308300465,0.9838504812443254,0.0006620691699534802,0.8390243902439025,0.2655097859474759,0.19091335860616004,0.3599723322158287,0.9832599098660365,0.580156770293072,0.6694506042238044,0.26574232402456166,205
bks_tau_0_5,CWE-923,,0.0,1.0,0.9676343299044596,0.0,1.0,,,,0.9676343299044596,0.5,0.49855072463768113,0.019084988490870286,346
bks_tau_0_6,CWE-116,,0.0,1.0,0.9930766358377439,0.0,1.0,,,,0.9930766358377439,0.5,0.5993209281401382,0.03039285283610253,74
bks_tau_0_6,CWE-185,,0.0,1.0,0.9985969279035192,0.0,1.0,,,,0.9985969279035192,0.5,0.5,0.005349303737719003,15
bks_tau_0_6,CWE-20,,0.0,1.0,0.9569724557079254,0.0,1.0,,,,0.9569724557079254,0.5,0.5411122061995257,0.051395536226690075,460
bks_tau_0_6,CWE-285,0.39285714285714285,0.01643835616438356,0.9991381220391456,0.9662751850384046,0.0008618779608543287,0.9835616438356164,0.07438271604938271,0.050055741360089175,0.11839796181833961,0.9654875781487103,0.5077882391017645,0.533379243037611,0.08059095684231347,366
bks_tau_0_6,CWE-287,,0.0,1.0,0.9079569286512486,0.0,1.0,,,,0.9079569286512486,0.5,0.6182830019545864,0.17298612543759706,984
bks_tau_0_6,CWE-311,,0.0,1.0,0.9633312169014024,0.0,1.0,,,,0.9633312169014024,0.5,0.5437425948072947,0.05432496699997341,392
bks_tau_0_6,CWE-326,,0.0,1.0,0.9951363072231508,0.0,1.0,,,,0.9951363072231508,0.5,0.565142346445034,0.06977954967853653,52
bks_tau_0_6,CWE-327,0.6203988113111818,0.4784090909090909,0.9953448846885147,0.9919608971275684,0.004655115311485394,0.5215909090909091,0.5359031607525091,0.49911837943493936,0.5364710905226868,0.9874704085195448,0.7368769877988027,0.8651877506178401,0.405570334548528,163
bks_tau_0_6,CWE-330,,0.0,1.0,0.985969279035193,0.0,1.0,,,,0.985969279035193,0.5,0.8190051787827611,0.30846572984790027,150
bks_tau_0_6,CWE-345,,0.0,1.0,0.9394789912612307,0.0,1.0,,,,0.9394789912612307,0.5,0.5024262143067413,0.04590916456854722,647
bks_tau_0_6,CWE-400,,0.0,1.0,0.9679145347460121,0.0,1.0,,,,0.9679145347460121,0.5,0.5216904071124764,0.05223672948519259,343
bks_tau_0_6,CWE-477,,0.0,1.0,0.9975665346293809,0.0,1.0,,,,0.9975665346293809,0.5,0.5521549067512135,0.0019121859731445483,26
bks_tau_0_6,CWE-489,,0.0,1.0,0.9995323093011731,0.0,1.0,,,,0.9995323093011731,0.5,0.5112469610106036,0.0006270604050619363,5
bks_tau_0_6,CWE-573,,0.0,1.0,0.9928914428726758,0.0,1.0,,,,0.9928914428726758,0.5,0.6136661141607032,0.06562293817875942,76
bks_tau_0_6,CWE-610,,0.0,1.0,0.955380782591301,0.0,1.0,,,,0.955380782591301,0.5,0.5696658222555782,0.11052863416690577,477
bks_tau_0_6,CWE-668,0.6237161531279178,0.04122259136212625,0.9958533917175725,0.8638512249219261,0.004146608282427576,0.9587774086378739,0.07690643883033615,0.05061322418650246,0.13290999593748926,0.8615639128014377,0.5185379915398494,0.5889953474016905,0.19970374089611864,1504
bks_tau_0_6,CWE-669,,0.0,1.0,0.9768006580237231,0.0,1.0,,,,0.9768006580237231,0.5,0.5021076286068924,0.014264890274996925,248
bks_tau_0_6,CWE-704,,0.0,1.0,0.9989696067258617,0.0,1.0,,,,0.9989696067258617,0.5,0.5084778713448558,0.0013515342767210074,11
bks_tau_0_6,CWE-706,0.375,0.005940594059405941,0.9995149653774161,0.9530074415496064,0.0004850346225837611,0.994059405940594,0.028571428571428567,0.01838235294117647,0.06697120212961011,0.9525792467781891,0.5027277797184111,0.5608704658281122,0.14520096772858032,505
bks_tau_0_6,CWE-74,0.7176637284184454,0.14055614783226722,0.9897917620520034,0.8607698815313369,0.010208237947996576,0.8594438521677328,0.23469279750871858,0.16740709237085516,0.27419111104551747,0.8564325096450336,0.5651739549421354,0.6702827976111878,0.4033458702592627,1679
bks_tau_0_6,CWE-834,,0.0,1.0,0.9942007034174456,0.0,1.0,,,,0.9942007034174456,0.5,0.515456073422823,0.013908193716615794,62
bks_tau_0_6,CWE-913,0.8964285714285714,0.12195121951219512,0.9996236941713355,0.9831149595766773,0.0003763058286645887,0.878048780487805,0.21263114446013875,0.14700147506002037,0.32293802925353055,0.982791018842436,0.5607874568417653,0.6694506042238044,0.26574232402456166,205
bks_tau_0_6,CWE-923,,0.0,1.0,0.9676343299044596,0.0,1.0,,,,0.9676343299044596,0.5,0.49855072463768113,0.019084988490870286,346
bks_tau_0_7,CWE-116,,0.0,1.0,0.9930766358377439,0.0,1.0,,,,0.9930766358377439,0.5,0.5993209281401382,0.03039285283610253,74
bks_tau_0_7,CWE-185,,0.0,1.0,0.9985969279035192,0.0,1.0,,,,0.9985969279035192,0.5,0.5,0.005349303737719003,15
bks_tau_0_7,CWE-20,,0.0,1.0,0.9569724557079254,0.0,1.0,,,,0.9569724557079254,0.5,0.5411122061995257,0.051395536226690075,460
bks_tau_0_7,CWE-285,,0.0,1.0,0.9657635671091519,0.0,1.0,,,,0.9657635671091519,0.5,0.533379243037611,0.08059095684231347,366
bks_tau_0_7,CWE-287,,0.0,1.0,0.9079569286512486,0.0,1.0,,,,0.9079569286512486,0.5,0.6182830019545864,0.17298612543759706,984
bks_tau_0_7,CWE-311,,0.0,1.0,0.9633312169014024,0.0,1.0,,,,0.9633312169014024,0.5,0.5437425948072947,0.05432496699997341,392
bks_tau_0_7,CWE-326,,0.0,1.0,0.9951363072231508,0.0,1.0,,,,0.9951363072231508,0.5,0.565142346445034,0.06977954967853653,52
bks_tau_0_7,CWE-327,,0.0,1.0,0.9847532151353441,0.0,1.0,,,,0.9847532151353441,0.5,0.8651877506178401,0.405570334548528,163
bks_tau_0_7,CWE-330,,0.0,1.0,0.985969279035193,0.0,1.0,,,,0.985969279035193,0.5,0.8190051787827611,0.30846572984790027,150
bks_tau_0_7,CWE-345,,0.0,1.0,0.9394789912612307,0.0,1.0,,,,0.9394789912612307,0.5,0.5024262143067413,0.04590916456854722,647
bks_tau_0_7,CWE-400,,0.0,1.0,0.9679145347460121,0.0,1.0,,,,0.9679145347460121,0.5,0.5216904071124764,0.05223672948519259,343
bks_tau_0_7,CWE-477,,0.0,1.0,0.9975665346293809,0.0,1.0,,,,0.9975665346293809,0.5,0.5521549067512135,0.0019121859731445483,26
bks_tau_0_7,CWE-489,,0.0,1.0,0.9995323093011731,0.0,1.0,,,,0.9995323093011731,0.5,0.5112469610106036,0.0006270604050619363,5
bks_tau_0_7,CWE-573,,0.0,1.0,0.9928914428726758,0.0,1.0,,,,0.9928914428726758,0.5,0.6136661141607032,0.06562293817875942,76
bks_tau_0_7,CWE-610,,0.0,1.0,0.955380782591301,0.0,1.0,,,,0.955380782591301,0.5,0.5696658222555782,0.11052863416690577,477
bks_tau_0_7,CWE-668,,0.0,1.0,0.8593170959732512,0.0,1.0,,,,0.8593170959732512,0.5,0.5889953474016905,0.19970374089611864,1504
bks_tau_0_7,CWE-669,,0.0,1.0,0.9768006580237231,0.0,1.0,,,,0.9768006580237231,0.5,0.5021076286068924,0.014264890274996925,248
bks_tau_0_7,CWE-704,,0.0,1.0,0.9989696067258617,0.0,1.0,,,,0.9989696067258617,0.5,0.5084778713448558,0.0013515342767210074,11
bks_tau_0_7,CWE-706,,0.0,1.0,0.9527632394184835,0.0,1.0,,,,0.9527632394184835,0.5,0.5608704658281122,0.14520096772858032,505
bks_tau_0_7,CWE-74,0.7176637284184454,0.14055614783226722,0.9897917620520034,0.8607698815313369,0.010208237947996576,0.8594438521677328,0.23469279750871858,0.16740709237085516,0.27419111104551747,0.8564325096450336,0.5651739549421354,0.6702827976111878,0.4033458702592627,1679
bks_tau_0_7,CWE-834,,0.0,1.0,0.9942007034174456,0.0,1.0,,,,0.9942007034174456,0.5,0.515456073422823,0.013908193716615794,62
bks_tau_0_7,CWE-913,0.9047619047619048,0.11707317073170731,0.999717458822062,0.9830257751668278,0.00028254117793791265,0.8829268292682928,0.20585737112101588,0.1414611193828658,0.3188829378582808,0.982791018842436,0.5583953147768848,0.6694506042238044,0.26574232402456166,205
bks_tau_0_7,CWE-923,,0.0,1.0,0.9676343299044596,0.0,1.0,,,,0.9676343299044596,0.5,0.49855072463768113,0.019084988490870286,346
bks_tau_0_8,CWE-116,,0.0,1.0,0.9930766358377439,0.0,1.0,,,,0.9930766358377439,0.5,0.5993209281401382,0.03039285283610253,74
bks_tau_0_8,CWE-185,,0.0,1.0,0.9985969279035192,0.0,1.0,,,,0.9985969279035192,0.5,0.5,0.005349303737719003,15
bks_tau_0_8,CWE-20,,0.0,1.0,0.9569724557079254,0.0,1.0,,,,0.9569724557079254,0.5,0.5411122061995257,0.051395536226690075,460
bks_tau_0_8,CWE-285,,0.0,1.0,0.9657635671091519,0.0,1.0,,,,0.9657635671091519,0.5,0.533379243037611,0.08059095684231347,366
bks_tau_0_8,CWE-287,,0.0,1.0,0.9079569286512486,0.0,1.0,,,,0.9079569286512486,0.5,0.6182830019545864,0.17298612543759706,984
bks_tau_0_8,CWE-311,,0.0,1.0,0.9633312169014024,0.0,1.0,,,,0.9633312169014024,0.5,0.5437425948072947,0.05432496699997341,392
bks_tau_0_8,CWE-326,,0.0,1.0,0.9951363072231508,0.0,1.0,,,,0.9951363072231508,0.5,0.565142346445034,0.06977954967853653,52
bks_tau_0_8,CWE-327,,0.0,1.0,0.9847532151353441,0.0,1.0,,,,0.9847532151353441,0.5,0.8651877506178401,0.405570334548528,163
bks_tau_0_8,CWE-330,,0.0,1.0,0.985969279035193,0.0,1.0,,,,0.985969279035193,0.5,0.8190051787827611,0.30846572984790027,150
bks_tau_0_8,CWE-345,,0.0,1.0,0.9394789912612307,0.0,1.0,,,,0.9394789912612307,0.5,0.5024262143067413,0.04590916456854722,647
bks_tau_0_8,CWE-400,,0.0,1.0,0.9679145347460121,0.0,1.0,,,,0.9679145347460121,0.5,0.5216904071124764,0.05223672948519259,343
bks_tau_0_8,CWE-477,,0.0,1.0,0.9975665346293809,0.0,1.0,,,,0.9975665346293809,0.5,0.5521549067512135,0.0019121859731445483,26
bks_tau_0_8,CWE-489,,0.0,1.0,0.9995323093011731,0.0,1.0,,,,0.9995323093011731,0.5,0.5112469610106036,0.0006270604050619363,5
bks_tau_0_8,CWE-573,,0.0,1.0,0.9928914428726758,0.0,1.0,,,,0.9928914428726758,0.5,0.6136661141607032,0.06562293817875942,76
bks_tau_0_8,CWE-610,,0.0,1.0,0.955380782591301,0.0,1.0,,,,0.955380782591301,0.5,0.5696658222555782,0.11052863416690577,477
bks_tau_0_8,CWE-668,,0.0,1.0,0.8593170959732512,0.0,1.0,,,,0.8593170959732512,0.5,0.5889953474016905,0.19970374089611864,1504
bks_tau_0_8,CWE-669,,0.0,1.0,0.9768006580237231,0.0,1.0,,,,0.9768006580237231,0.5,0.5021076286068924,0.014264890274996925,248
bks_tau_0_8,CWE-704,,0.0,1.0,0.9989696067258617,0.0,1.0,,,,0.9989696067258617,0.5,0.5084778713448558,0.0013515342767210074,11
bks_tau_0_8,CWE-706,,0.0,1.0,0.9527632394184835,0.0,1.0,,,,0.9527632394184835,0.5,0.5608704658281122,0.14520096772858032,505
bks_tau_0_8,CWE-74,,0.0,1.0,0.8429479215143101,0.0,1.0,,,,0.8429479215143101,0.5,0.6702827976111878,0.4033458702592627,1679
bks_tau_0_8,CWE-834,,0.0,1.0,0.9942007034174456,0.0,1.0,,,,0.9942007034174456,0.5,0.515456073422823,0.013908193716615794,62
bks_tau_0_8,CWE-913,0.8412698412698413,0.06341463414634146,0.999717458822062,0.9820116342626687,0.00028254117793791265,0.9365853658536585,0.18552546744036105,0.12763533819873152,0.2895931220507474,0.9817596928424492,0.5315660464842018,0.6694506042238044,0.26574232402456166,205
bks_tau_0_8,CWE-923,,0.0,1.0,0.9676343299044596,0.0,1.0,,,,0.9676343299044596,0.5,0.49855072463768113,0.019084988490870286,346
bks_tau_0_9,CWE-116,,0.0,1.0,0.9930766358377439,0.0,1.0,,,,0.9930766358377439,0.5,0.5993209281401382,0.03039285283610253,74
bks_tau_0_9,CWE-185,,0.0,1.0,0.9985969279035192,0.0,1.0,,,,0.9985969279035192,0.5,0.5,0.005349303737719003,15
bks_tau_0_9,CWE-20,,0.0,1.0,0.9569724557079254,0.0,1.0,,,,0.9569724557079254,0.5,0.5411122061995257,0.051395536226690075,460
bks_tau_0_9,CWE-285,,0.0,1.0,0.9657635671091519,0.0,1.0,,,,0.9657635671091519,0.5,0.533379243037611,0.08059095684231347,366
bks_tau_0_9,CWE-287,,0.0,1.0,0.9079569286512486,0.0,1.0,,,,0.9079569286512486,0.5,0.6182830019545864,0.17298612543759706,984
bks_tau_0_9,CWE-311,,0.0,1.0,0.9633312169014024,0.0,1.0,,,,0.9633312169014024,0.5,0.5437425948072947,0.05432496699997341,392
bks_tau_0_9,CWE-326,,0.0,1.0,0.9951363072231508,0.0,1.0,,,,0.9951363072231508,0.5,0.565142346445034,0.06977954967853653,52
bks_tau_0_9,CWE-327,,0.0,1.0,0.9847532151353441,0.0,1.0,,,,0.9847532151353441,0.5,0.8651877506178401,0.405570334548528,163
bks_tau_0_9,CWE-330,,0.0,1.0,0.985969279035193,0.0,1.0,,,,0.985969279035193,0.5,0.8190051787827611,0.30846572984790027,150
bks_tau_0_9,CWE-345,,0.0,1.0,0.9394789912612307,0.0,1.0,,,,0.9394789912612307,0.5,0.5024262143067413,0.04590916456854722,647
bks_tau_0_9,CWE-400,,0.0,1.0,0.9679145347460121,0.0,1.0,,,,0.9679145347460121,0.5,0.5216904071124764,0.05223672948519259,343
bks_tau_0_9,CWE-477,,0.0,1.0,0.9975665346293809,0.0,1.0,,,,0.9975665346293809,0.5,0.5521549067512135,0.0019121859731445483,26
bks_tau_0_9,CWE-489,,0.0,1.0,0.9995323093011731,0.0,1.0,,,,0.9995323093011731,0.5,0.5112469610106036,0.0006270604050619363,5
bks_tau_0_9,CWE-573,,0.0,1.0,0.9928914428726758,0.0,1.0,,,,0.9928914428726758,0.5,0.6136661141607032,0.06562293817875942,76
bks_tau_0_9,CWE-610,,0.0,1.0,0.955380782591301,0.0,1.0,,,,0.955380782591301,0.5,0.5696658222555782,0.11052863416690577,477
bks_tau_0_9,CWE-668,,0.0,1.0,0.8593170959732512,0.0,1.0,,,,0.8593170959732512,0.5,0.5889953474016905,0.19970374089611864,1504
bks_tau_0_9,CWE-669,,0.0,1.0,0.9768006580237231,0.0,1.0,,,,0.9768006580237231,0.5,0.5021076286068924,0.014264890274996925,248
bks_tau_0_9,CWE-704,,0.0,1.0,0.9989696067258617,0.0,1.0,,,,0.9989696067258617,0.5,0.5084778713448558,0.0013515342767210074,11
bks_tau_0_9,CWE-706,,0.0,1.0,0.9527632394184835,0.0,1.0,,,,0.9527632394184835,0.5,0.5608704658281122,0.14520096772858032,505
bks_tau_0_9,CWE-74,,0.0,1.0,0.8429479215143101,0.0,1.0,,,,0.8429479215143101,0.5,0.6702827976111878,0.4033458702592627,1679
bks_tau_0_9,CWE-834,,0.0,1.0,0.9942007034174456,0.0,1.0,,,,0.9942007034174456,0.5,0.515456073422823,0.013908193716615794,62
bks_tau_0_9,CWE-913,,0.0,1.0,0.9808246813480972,0.0,1.0,,,,0.9808246813480972,0.5,0.6694506042238044,0.26574232402456166,205
bks_tau_0_9,CWE-923,,0.0,1.0,0.9676343299044596,0.0,1.0,,,,0.9676343299044596,0.5,0.49855072463768113,0.019084988490870286,346
logistic_regression_tau_0_1,CWE-116,0.006923364162256254,1.0,0.0,,1.0,0.0,0.01375140292117264,0.0336828778281026,,0.006923364162256254,0.5,0.5993209281401382,0.03039285283610253,74
logistic_regression_tau_0_1,CWE-185,0.0014030720964806895,1.0,0.0,,1.0,0.0,0.0028022120569029594,0.0069762037459591,,0.0014030720964806895,0.5,0.5,0.005349303737719003,15
logistic_regression_tau_0_1,CWE-20,0.043027544292074484,1.0,0.0,,1.0,0.0,0.08250473905151004,0.18354483213686668,,0.043027544292074484,0.5,0.5394368439383326,0.05169809697565457,460
logistic_regression_tau_0_1,CWE-285,0.034236432890848004,1.0,0.0,,1.0,0.0,0.06620572062208614,0.15055956245821436,,0.034236432890848004,0.5,0.5333978731891806,0.08463175088310752,366
logistic_regression_tau_0_1,CWE-287,0.09204307134875142,1.0,0.0,,1.0,0.0,0.1685684934771065,0.3363626426643768,,0.09204307134875142,0.5,0.6188184726630237,0.18523243615141038,984
logistic_regression_tau_0_1,CWE-311,0.036668783098597516,1.0,0.0,,1.0,0.0,0.07074288735255836,0.15988732781937282,,0.036668783098597516,0.5,0.5497758594371808,0.0559854713843964,392
logistic_regression_tau_0_1,CWE-326,0.0048636927768490835,1.0,0.0,,1.0,0.0,0.009680200987384074,0.023853400477810562,,0.0048636927768490835,0.5,0.565142346445034,0.06977954967853653,52
logistic_regression_tau_0_1,CWE-327,0.015246784864655829,1.0,0.0,,1.0,0.0,0.03003547162964252,0.07185055568496525,,0.015246784864655829,0.5,0.8613107378496387,0.266950305742379,163
logistic_regression_tau_0_1,CWE-330,0.014030720964806894,1.0,0.0,,1.0,0.0,0.027673126033732853,0.06642524162506888,,0.014030720964806894,0.5,0.8190051787827611,0.30846572984790027,150
logistic_regression_tau_0_1,CWE-345,0.060521008738769234,1.0,0.0,,1.0,0.0,0.11413334880001003,0.24361980731009608,,0.060521008738769234,0.5,0.5024262143067413,0.04590916456854722,647
logistic_regression_tau_0_1,CWE-400,0.03208546525398788,1.0,0.0,,1.0,0.0,0.062175465692835795,0.14217574028887417,,0.03208546525398788,0.5,0.5216904071124764,0.05223672948519259,343
logistic_regression_tau_0_1,CWE-477,0.00271678352567931,1.0,0.10430981350242696,1.0,0.895690186497573,0.0,0.005418730200555527,0.01343676482957557,0.01681839456166385,0.10648900297292337,0.5521549067512135,0.5521549067512135,0.0019121859731445483,26
logistic_regression_tau_0_1,CWE-489,0.00047837925114580947,1.0,0.022305232028185306,1.0,0.9776947679718146,0.0,0.0009563009383168834,0.0023873271726717648,0.0032580130968828404,0.022762474298099713,0.5111526160140927,0.5112469610106036,0.0006270604050619363,5
logistic_regression_tau_0_1,CWE-573,0.007108557127324231,1.0,0.0,,1.0,0.0,0.014116695197668136,0.034559446182001616,,0.007108557127324231,0.5,0.6136661141607032,0.06562293817875942,76
logistic_regression_tau_0_1,CWE-610,0.04461921740869906,1.0,0.0,,1.0,0.0,0.08542604496313569,0.1893038614205384,,0.04461921740869906,0.5,0.5694854238572876,0.1071369743447607,477
logistic_regression_tau_0_1,CWE-668,0.14068290402674866,1.0,0.0,,1.0,0.0,0.24666080008062224,0.45010474808778234,,0.14068290402674866,0.5,0.5870763202481377,0.19465279751632908,1504
logistic_regression_tau_0_1,CWE-669,0.02319934197627685,1.0,0.0,,1.0,0.0,0.04534630084845802,0.1061435463564738,,0.02319934197627685,0.5,0.5021076286068924,0.014264890274996925,248
logistic_regression_tau_0_1,CWE-704,0.0010482701395855105,1.0,0.01695574268971159,1.0,0.9830442573102884,0.0,0.002094263759261665,0.005218662568003438,0.004197513717311529,0.01796854931404447,0.5084778713448558,0.5084778713448558,0.0013515342767210074,11
logistic_regression_tau_0_1,CWE-706,0.047236760581516546,1.0,0.0,,1.0,0.0,0.09021176348495849,0.19864664472198687,,0.047236760581516546,0.5,0.5640130684493794,0.14493685698251546,505
logistic_regression_tau_0_1,CWE-74,0.15705207848569003,1.0,0.0,,1.0,0.0,0.27146517675133,0.4822700349262538,,0.15705207848569003,0.5,0.6626005404412267,0.3988077805216307,1679
logistic_regression_tau_0_1,CWE-834,0.005799296582554513,1.0,0.0,,1.0,0.0,0.011531607815566506,0.028338055965281345,,0.005799296582554513,0.5,0.515456073422823,0.013908193716615794,62
logistic_regression_tau_0_1,CWE-913,0.019175318651902758,1.0,0.0,,1.0,0.0,0.03762901138815739,0.08904595908205172,,0.019175318651902758,0.5,0.6695089795064847,0.26139325093326804,205
logistic_regression_tau_0_1,CWE-923,0.03236567009554042,1.0,0.0,,1.0,0.0,0.06270150090869589,0.14327563637739962,,0.03236567009554042,0.5,0.5,0.01909719052662098,346
logistic_regression_tau_0_2,CWE-116,0.006941457235353188,1.0,0.0026314405649558053,1.0,0.9973685594350442,0.0,0.013787093274266703,0.033768534513519834,0.0041840254647034095,0.009536639136598062,0.5013157202824778,0.5993209281401382,0.03039285283610253,74
logistic_regression_tau_0_2,CWE-185,0.0014030720964806895,1.0,0.0,,1.0,0.0,0.0028022120569029594,0.0069762037459591,,0.0014030720964806895,0.5,0.5,0.005349303737719003,15
logistic_regression_tau_0_2,CWE-20,0.043027544292074484,1.0,0.0,,1.0,0.0,0.08250473905151004,0.18354483213686668,,0.043027544292074484,0.5,0.5394368439383326,0.05169809697565457,460
logistic_regression_tau_0_2,CWE-285,0.034236432890848004,1.0,0.0,,1.0,0.0,0.06620572062208614,0.15055956245821436,,0.034236432890848004,0.5,0.5333978731891806,0.08463175088310752,366
logistic_regression_tau_0_2,CWE-287,0.09204307134875142,1.0,0.0,,1.0,0.0,0.1685684934771065,0.3363626426643768,,0.09204307134875142,0.5,0.6188184726630237,0.18523243615141038,984
logistic_regression_tau_0_2,CWE-311,0.036668783098597516,1.0,0.0,,1.0,0.0,0.07074288735255836,0.15988732781937282,,0.036668783098597516,0.5,0.5497758594371808,0.0559854713843964,392
logistic_regression_tau_0_2,CWE-326,0.0048636927768490835,1.0,0.0,,1.0,0.0,0.009680200987384074,0.023853400477810562,,0.0048636927768490835,0.5,0.565142346445034,0.06977954967853653,52
logistic_regression_tau_0_2,CWE-327,0.015261036830786006,1.0,0.0009470978347659064,1.0,0.9990529021652341,0.0,0.03006312429958922,0.07191384531584345,0.00482056497648942,0.0161794356804912,0.5004735489173829,0.8613107378496387,0.266950305742379,163
logistic_regression_tau_0_2,CWE-330,0.014030720964806894,1.0,0.0,,1.0,0.0,0.027673126033732853,0.06642524162506888,,0.014030720964806894,0.5,0.8190051787827611,0.30846572984790027,150
logistic_regression_tau_0_2,CWE-345,0.060521008738769234,1.0,0.0,,1.0,0.0,0.11413334880001003,0.24361980731009608,,0.060521008738769234,0.5,0.5024262143067413,0.04590916456854722,647
logistic_regression_tau_0_2,CWE-400,0.03208546525398788,1.0,0.0,,1.0,0.0,0.062175465692835795,0.14217574028887417,,0.03208546525398788,0.5,0.5216904071124764,0.05223672948519259,343
logistic_regression_tau_0_2,CWE-477,0.00271678352567931,1.0,0.10430981350242696,1.0,0.895690186497573,0.0,0.005418730200555527,0.01343676482957557,0.01681839456166385,0.10648900297292337,0.5521549067512135,0.5521549067512135,0.0019121859731445483,26
logistic_regression_tau_0_2,CWE-489,0.00047847273179731027,1.0,0.022493922021207334,1.0,0.9775060779787926,0.0,0.0009564877189486671,0.0023877927731390273,0.0032717144388593653,0.022951075318243606,0.5112469610106036,0.5112469610106036,0.0006270604050619363,5
logistic_regression_tau_0_2,CWE-573,0.007108557127324231,1.0,0.0,,1.0,0.0,0.014116695197668136,0.034559446182001616,,0.007108557127324231,0.5,0.6136661141607032,0.06562293817875942,76
logistic_regression_tau_0_2,CWE-610,0.04461921740869906,1.0,0.0,,1.0,0.0,0.08542604496313569,0.1893038614205384,,0.04461921740869906,0.5,0.5694854238572876,0.1071369743447607,477
logistic_regression_tau_0_2,CWE-668,0.14068290402674866,1.0,0.0,,1.0,0.0,0.24666080008062224,0.45010474808778234,,0.14068290402674866,0.5,0.5870763202481377,0.19465279751632908,1504
logistic_regression_tau_0_2,CWE-669,0.023295533683291247,1.0,0.004215257213784795,1.0,0.9957847427862152,0.0,0.04553001807487171,0.10654595420974673,0.009738719257062371,0.02731659432386868,0.5021076286068924,0.5021076286068924,0.014264890274996925,248
logistic_regression_tau_0_2,CWE-704,0.0010482701395855105,1.0,0.01695574268971159,1.0,0.9830442573102884,0.0,0.002094263759261665,0.005218662568003438,0.004197513717311529,0.01796854931404447,0.5084778713448558,0.5084778713448558,0.0013515342767210074,11
logistic_regression_tau_0_2,CWE-706,0.047236760581516546,1.0,0.0,,1.0,0.0,0.09021176348495849,0.19864664472198687,,0.047236760581516546,0.5,0.5640130684493794,0.14493685698251546,505
logistic_regression_tau_0_2,CWE-74,0.15705207848569003,1.0,0.0,,1.0,0.0,0.27146517675133,0.4822700349262538,,0.15705207848569003,0.5,0.6626005404412267,0.3988077805216307,1679
logistic_regression_tau_0_2,CWE-834,0.005799296582554513,1.0,0.0,,1.0,0.0,0.011531607815566506,0.028338055965281345,,0.005799296582554513,0.5,0.515456073422823,0.013908193716615794,62
logistic_regression_tau_0_2,CWE-913,0.019175318651902758,1.0,0.0,,1.0,0.0,0.03762901138815739,0.08904595908205172,,0.019175318651902758,0.5,0.6695089795064847,0.26139325093326804,205
logistic_regression_tau_0_2,CWE-923,0.03236567009554042,1.0,0.0,,1.0,0.0,0.06270150090869589,0.14327563637739962,,0.03236567009554042,0.5,0.5,0.01909719052662098,346
logistic_regression_tau_0_3,CWE-116,0.006941457235353188,1.0,0.0026314405649558053,1.0,0.9973685594350442,0.0,0.013787093274266703,0.033768534513519834,0.0041840254647034095,0.009536639136598062,0.5013157202824778,0.5993209281401382,0.03039285283610253,74
logistic_regression_tau_0_3,CWE-185,0.0014030720964806895,1.0,0.0,,1.0,0.0,0.0028022120569029594,0.0069762037459591,,0.0014030720964806895,0.5,0.5,0.005349303737719003,15
logistic_regression_tau_0_3,CWE-20,0.043027544292074484,1.0,0.0,,1.0,0.0,0.08250473905151004,0.18354483213686668,,0.043027544292074484,0.5,0.5394368439383326,0.05169809697565457,460
logistic_regression_tau_0_3,CWE-285,0.034236432890848004,1.0,0.0,,1.0,0.0,0.06620572062208614,0.15055956245821436,,0.034236432890848004,0.5,0.5333978731891806,0.08463175088310752,366
logistic_regression_tau_0_3,CWE-287,0.09196797722481828,0.9979695431472081,0.0011325924476205086,0.8194444444444444,0.9988674075523795,0.002030456852791878,0.16841364332412728,0.33597794583031576,-0.013965653410787572,0.09288458864420833,0.4995510677974143,0.6188184726630237,0.18523243615141038,984
logistic_regression_tau_0_3,CWE-311,0.036668783098597516,1.0,0.0,,1.0,0.0,0.07074288735255836,0.15988732781937282,,0.036668783098597516,0.5,0.5497758594371808,0.0559854713843964,392
logistic_regression_tau_0_3,CWE-326,0.0048636927768490835,1.0,0.0,,1.0,0.0,0.009680200987384074,0.023853400477810562,,0.0048636927768490835,0.5,0.565142346445034,0.06977954967853653,52
logistic_regression_tau_0_3,CWE-327,0.34063856248791946,0.7424242424242424,0.9776742683012734,0.9959358289836701,0.02232573169872663,0.25757575757575757,0.4665957788467683,0.6001614996321478,0.4920742120113341,0.9740853102923778,0.8600492553627579,0.8613107378496387,0.266950305742379,163
logistic_regression_tau_0_3,CWE-330,0.3771007130124777,0.6533333333333333,0.9845308090535095,0.9950155129225214,0.015469190946490543,0.3466666666666667,0.47777473421827715,0.5693941192296128,0.48697835532647005,0.9798853450080088,0.8189320711934214,0.8190051787827611,0.30846572984790027,150
logistic_regression_tau_0_3,CWE-345,0.060521008738769234,1.0,0.0,,1.0,0.0,0.11413334880001003,0.24361980731009608,,0.060521008738769234,0.5,0.5024262143067413,0.04590916456854722,647
logistic_regression_tau_0_3,CWE-400,0.03208546525398788,1.0,0.0,,1.0,0.0,0.062175465692835795,0.14217574028887417,,0.03208546525398788,0.5,0.5216904071124764,0.05223672948519259,343
logistic_regression_tau_0_3,CWE-477,0.00271678352567931,1.0,0.10430981350242696,1.0,0.895690186497573,0.0,0.005418730200555527,0.01343676482957557,0.01681839456166385,0.10648900297292337,0.5521549067512135,0.5521549067512135,0.0019121859731445483,26
logistic_regression_tau_0_3,CWE-489,0.00047847273179731027,1.0,0.022493922021207334,1.0,0.9775060779787926,0.0,0.0009564877189486671,0.0023877927731390273,0.0032717144388593653,0.022951075318243606,0.5112469610106036,0.5112469610106036,0.0006270604050619363,5
logistic_regression_tau_0_3,CWE-573,0.007108557127324231,1.0,0.0,,1.0,0.0,0.014116695197668136,0.034559446182001616,,0.007108557127324231,0.5,0.6136661141607032,0.06562293817875942,76
logistic_regression_tau_0_3,CWE-610,0.04461921740869906,1.0,0.0,,1.0,0.0,0.08542604496313569,0.1893038614205384,,0.04461921740869906,0.5,0.5694854238572876,0.1071369743447607,477
logistic_regression_tau_0_3,CWE-668,0.14068290402674866,1.0,0.0,,1.0,0.0,0.24666080008062224,0.45010474808778234,,0.14068290402674866,0.5,0.5870763202481377,0.19465279751632908,1504
logistic_regression_tau_0_3,CWE-669,0.023295533683291247,1.0,0.004215257213784795,1.0,0.9957847427862152,0.0,0.04553001807487171,0.10654595420974673,0.009738719257062371,0.02731659432386868,0.5021076286068924,0.5021076286068924,0.014264890274996925,248
logistic_regression_tau_0_3,CWE-704,0.0010482701395855105,1.0,0.01695574268971159,1.0,0.9830442573102884,0.0,0.002094263759261665,0.005218662568003438,0.004197513717311529,0.01796854931404447,0.5084778713448558,0.5084778713448558,0.0013515342767210074,11
logistic_regression_tau_0_3,CWE-706,0.047236760581516546,1.0,0.0,,1.0,0.0,0.09021176348495849,0.19864664472198687,,0.047236760581516546,0.5,0.5640130684493794,0.14493685698251546,505
logistic_regression_tau_0_3,CWE-74,0.15689376015465117,0.9988095238095237,0.0,0.0,1.0,0.0011904761904761904,0.2711847394270971,0.48174971147011225,-0.07083873002335064,0.15686428505845998,0.49940476190476185,0.6626005404412267,0.3988077805216307,1679
logistic_regression_tau_0_3,CWE-834,0.005799296582554513,1.0,0.0,,1.0,0.0,0.011531607815566506,0.028338055965281345,,0.005799296582554513,0.5,0.515456073422823,0.013908193716615794,62
logistic_regression_tau_0_3,CWE-913,0.019175318651902758,1.0,0.0,,1.0,0.0,0.03762901138815739,0.08904595908205172,,0.019175318651902758,0.5,0.6695089795064847,0.26139325093326804,205
logistic_regression_tau_0_3,CWE-923,0.03236567009554042,1.0,0.0,,1.0,0.0,0.06270150090869589,0.14327563637739962,,0.03236567009554042,0.5,0.5,0.01909719052662098,346
logistic_regression_tau_0_4,CWE-116,0.006941457235353188,1.0,0.0026314405649558053,1.0,0.9973685594350442,0.0,0.013787093274266703,0.033768534513519834,0.0041840254647034095,0.009536639136598062,0.5013157202824778,0.5993209281401382,0.03039285283610253,74
logistic_regression_tau_0_4,CWE-185,0.0014030720964806895,1.0,0.0,,1.0,0.0,0.0028022120569029594,0.0069762037459591,,0.0014030720964806895,0.5,0.5,0.005349303737719003,15
logistic_regression_tau_0_4,CWE-20,0.043027544292074484,1.0,0.0,,1.0,0.0,0.08250473905151004,0.18354483213686668,,0.043027544292074484,0.5,0.5394368439383326,0.05169809697565457,460
logistic_regression_tau_0_4,CWE-285,0.03426518423972915,1.0,0.0008710697569924099,1.0,0.9991289302430075,0.0,0.06625948853955492,0.15067084334116174,0.006978624690468189,0.03507778032873919,0.5004355348784962,0.5333978731891806,0.08463175088310752,366
logistic_regression_tau_0_4,CWE-287,0.09198496352115668,0.9979695431472081,0.0013371707970482802,0.9097222222222222,0.9986628292029517,0.002030456852791878,0.16844216571022774,0.3360234983344245,-0.003564927928736767,0.09307048167797055,0.4996533569721282,0.6188184726630237,0.18523243615141038,984
logistic_regression_tau_0_4,CWE-311,0.036668783098597516,1.0,0.0,,1.0,0.0,0.07074288735255836,0.15988732781937282,,0.036668783098597516,0.5,0.5497758594371808,0.0559854713843964,392
logistic_regression_tau_0_4,CWE-326,0.0048636927768490835,1.0,0.0,,1.0,0.0,0.009680200987384074,0.023853400477810562,,0.0048636927768490835,0.5,0.565142346445034,0.06977954967853653,52
logistic_regression_tau_0_4,CWE-327,0.34063856248791946,0.7424242424242424,0.9776742683012734,0.9959358289836701,0.02232573169872663,0.25757575757575757,0.4665957788467683,0.6001614996321478,0.4920742120113341,0.9740853102923778,0.8600492553627579,0.8613107378496387,0.266950305742379,163
logistic_regression_tau_0_4,CWE-330,0.3771007130124777,0.6533333333333333,0.9845308090535095,0.9950155129225214,0.015469190946490543,0.3466666666666667,0.47777473421827715,0.5693941192296128,0.48697835532647005,0.9798853450080088,0.8189320711934214,0.8190051787827611,0.30846572984790027,150
logistic_regression_tau_0_4,CWE-345,0.060521008738769234,1.0,0.0,,1.0,0.0,0.11413334880001003,0.24361980731009608,,0.060521008738769234,0.5,0.5024262143067413,0.04590916456854722,647
logistic_regression_tau_0_4,CWE-400,0.03208546525398788,1.0,0.0,,1.0,0.0,0.062175465692835795,0.14217574028887417,,0.03208546525398788,0.5,0.5216904071124764,0.05223672948519259,343
logistic_regression_tau_0_4,CWE-477,0.00271678352567931,1.0,0.10430981350242696,1.0,0.895690186497573,0.0,0.005418730200555527,0.01343676482957557,0.01681839456166385,0.10648900297292337,0.5521549067512135,0.5521549067512135,0.0019121859731445483,26
logistic_regression_tau_0_4,CWE-489,0.00047847273179731027,1.0,0.022493922021207334,1.0,0.9775060779787926,0.0,0.0009564877189486671,0.0023877927731390273,0.0032717144388593653,0.022951075318243606,0.5112469610106036,0.5112469610106036,0.0006270604050619363,5
logistic_regression_tau_0_4,CWE-573,0.007108557127324231,1.0,0.0,,1.0,0.0,0.014116695197668136,0.034559446182001616,,0.007108557127324231,0.5,0.6136661141607032,0.06562293817875942,76
logistic_regression_tau_0_4,CWE-610,0.04461921740869906,1.0,0.0,,1.0,0.0,0.08542604496313569,0.1893038614205384,,0.04461921740869906,0.5,0.5694854238572876,0.1071369743447607,477
logistic_regression_tau_0_4,CWE-668,0.14068290402674866,1.0,0.0,,1.0,0.0,0.24666080008062224,0.45010474808778234,,0.14068290402674866,0.5,0.5870763202481377,0.19465279751632908,1504
logistic_regression_tau_0_4,CWE-669,0.023295533683291247,1.0,0.004215257213784795,1.0,0.9957847427862152,0.0,0.04553001807487171,0.10654595420974673,0.009738719257062371,0.02731659432386868,0.5021076286068924,0.5021076286068924,0.014264890274996925,248
logistic_regression_tau_0_4,CWE-704,0.0010482701395855105,1.0,0.01695574268971159,1.0,0.9830442573102884,0.0,0.002094263759261665,0.005218662568003438,0.004197513717311529,0.01796854931404447,0.5084778713448558,0.5084778713448558,0.0013515342767210074,11
logistic_regression_tau_0_4,CWE-706,0.047236760581516546,1.0,0.0,,1.0,0.0,0.09021176348495849,0.19864664472198687,,0.047236760581516546,0.5,0.5640130684493794,0.14493685698251546,505
logistic_regression_tau_0_4,CWE-74,0.3856217414639623,0.44193319118692254,0.868808665877131,0.8931512944806265,0.13119133412286904,0.5580668088130775,0.4116688936763472,0.42925237069463973,0.29428170857041397,0.8017862360793775,0.6553709285320267,0.6626005404412267,0.3988077805216307,1679
logistic_regression_tau_0_4,CWE-834,0.005799296582554513,1.0,0.0,,1.0,0.0,0.011531607815566506,0.028338055965281345,,0.005799296582554513,0.5,0.515456073422823,0.013908193716615794,62
logistic_regression_tau_0_4,CWE-913,0.19220558957554865,0.46829268292682924,0.7829098600374731,0.9868804069791457,0.2170901399625269,0.5317073170731708,0.22868791343905054,0.26491948577555435,0.2641466498684736,0.776850789334192,0.6256012714821513,0.6695089795064847,0.26139325093326804,205
logistic_regression_tau_0_4,CWE-923,0.03236567009554042,1.0,0.0,,1.0,0.0,0.06270150090869589,0.14327563637739962,,0.03236567009554042,0.5,0.5,0.01909719052662098,346
logistic_regression_tau_0_5,CWE-116,0.074348603923072,0.21523809523809523,0.9813541026655415,0.9944625177400293,0.018645897334458542,0.7847619047619048,0.11036485617130778,0.15581101262163982,0.1162072124104097,0.9760563755708775,0.5982960989518183,0.5993209281401382,0.03039285283610253,74
logistic_regression_tau_0_5,CWE-185,0.0014030720964806895,1.0,0.0,,1.0,0.0,0.0028022120569029594,0.0069762037459591,,0.0014030720964806895,0.5,0.5,0.005349303737719003,15
logistic_regression_tau_0_5,CWE-20,0.14634908727181795,0.08260869565217391,0.9779828392369028,0.9595361095095605,0.022017160763097114,0.917391304347826,0.1048047943938355,0.09016980605475021,0.07978925039385919,0.9394643014152653,0.5302957674445384,0.5394368439383326,0.05169809697565457,460
logistic_regression_tau_0_5,CWE-285,0.41204351204351203,0.06834505738615328,0.9968053872375371,0.9679326899083931,0.0031946127624629048,0.9316549426138467,0.11673520913224514,0.08191816962470656,0.15664826660638137,0.9650205123726551,0.5325752223118452,0.5333978731891806,0.08463175088310752,366
logistic_regression_tau_0_5,CWE-287,0.41846029411764707,0.2774474256707759,0.960848038294853,0.9291646917507201,0.039151961705146975,0.722552574329224,0.33357680325904626,0.297456554763399,0.2877792897068535,0.8979451922584287,0.6191477319828145,0.6188184726630237,0.18523243615141038,984
logistic_regression_tau_0_5,CWE-311,0.12234065461613888,0.13511846802986044,0.9629117539777805,0.9669444686700318,0.037088246022219454,0.8648815319701395,0.12804088401344624,0.13209371447203294,0.0934310909159753,0.9325609343819122,0.5490151110038205,0.5497758594371808,0.0559854713843964,392
logistic_regression_tau_0_5,CWE-326,0.19666666666666668,0.13272727272727275,0.9974679212540589,0.9957757202871799,0.0025320787459410963,0.8672727272727274,0.19478844169246648,0.17585470085470087,0.15692649305738263,0.99326906024026,0.5650975969906658,0.565142346445034,0.06977954967853653,52
logistic_regression_tau_0_5,CWE-327,0.3598414610386441,0.7242424242424242,0.9793780070613302,0.9956575530916885,0.020621992938669842,0.27575757575757576,0.4771985384691357,0.5980056124016337,0.49819347323976065,0.9754832599661896,0.8518102156518772,0.8613107378496387,0.266950305742379,163
logistic_regression_tau_0_5,CWE-330,0.3771007130124777,0.6533333333333333,0.9845308090535095,0.9950155129225214,0.015469190946490543,0.3466666666666667,0.47777473421827715,0.5693941192296128,0.48697835532647005,0.9798853450080088,0.8189320711934214,0.8190051787827611,0.30846572984790027,150
logistic_regression_tau_0_5,CWE-345,1.0,0.004651162790697674,1.0,0.9397416125906008,0.0,0.9953488372093023,0.022959483264826774,0.014488099594482572,0.10308351248612416,0.9397581658686966,0.5023255813953489,0.5024262143067413,0.04590916456854722,647
logistic_regression_tau_0_5,CWE-400,0.06364683353405158,0.08452685421994885,0.957978769170462,0.9692966057734786,0.04202123082953791,0.9154731457800512,0.0725309367939301,0.0792519229804051,0.03739926554489616,0.9299573497311373,0.5212528116952055,0.5216904071124764,0.05223672948519259,343
logistic_regression_tau_0_5,CWE-477,0.00271678352567931,1.0,0.10430981350242696,1.0,0.895690186497573,0.0,0.005418730200555527,0.01343676482957557,0.01681839456166385,0.10648900297292337,0.5521549067512135,0.5521549067512135,0.0019121859731445483,26
logistic_regression_tau_0_5,CWE-489,0.00047847273179731027,1.0,0.022493922021207334,1.0,0.9775060779787926,0.0,0.0009564877189486671,0.0023877927731390273,0.0032717144388593653,0.022951075318243606,0.5112469610106036,0.5112469610106036,0.0006270604050619363,5
logistic_regression_tau_0_5,CWE-573,0.15537640086839172,0.23666666666666666,0.9906655616547395,0.9945143768264637,0.009334438345260496,0.7633333333333333,0.186500497391567,0.21320695756928343,0.1840458146041684,0.9853066555269618,0.613666114160703,0.6136661141607032,0.06562293817875942,76
logistic_regression_tau_0_5,CWE-610,0.22349019211884175,0.16565789473684212,0.9727757309178771,0.961494146851904,0.027224269082122953,0.8343421052631579,0.1889451489313563,0.1740591089007945,0.15945237233247514,0.9367690235867142,0.5692168128273596,0.5694854238572876,0.1071369743447607,477
logistic_regression_tau_0_5,CWE-668,0.2552553706984046,0.3131450719822813,0.850512397973168,0.8832447091285968,0.149487602026832,0.6868549280177187,0.2810916361469385,0.2994323634997539,0.15052547288144372,0.7749251866099206,0.5818287349777246,0.5870763202481377,0.19465279751632908,1504
logistic_regression_tau_0_5,CWE-669,0.023295533683291247,1.0,0.004215257213784795,1.0,0.9957847427862152,0.0,0.04553001807487171,0.10654595420974673,0.009738719257062371,0.02731659432386868,0.5021076286068924,0.5021076286068924,0.014264890274996925,248
logistic_regression_tau_0_5,CWE-704,0.0010482701395855105,1.0,0.01695574268971159,1.0,0.9830442573102884,0.0,0.002094263759261665,0.005218662568003438,0.004197513717311529,0.01796854931404447,0.5084778713448558,0.5084778713448558,0.0013515342767210074,11
logistic_regression_tau_0_5,CWE-706,0.279697144932019,0.14455445544554454,0.9812673475321155,0.9585655621363175,0.01873265246788458,0.8554455445544555,0.18941325251355648,0.1595691561160609,0.1725773510578094,0.9417363773723835,0.56291090148883,0.5640130684493794,0.14493685698251546,505
logistic_regression_tau_0_5,CWE-74,0.3856217414639623,0.44193319118692254,0.868808665877131,0.8931512944806265,0.13119133412286904,0.5580668088130775,0.4116688936763472,0.42925237069463973,0.29428170857041397,0.8017862360793775,0.6553709285320267,0.6626005404412267,0.3988077805216307,1679
logistic_regression_tau_0_5,CWE-834,0.10666666666666666,0.03205128205128205,0.9986801874998388,0.9943782503880557,0.0013198125001612014,0.9679487179487178,0.1213235294117647,0.09262435677530018,0.05519021822061867,0.9930744281074414,0.5153657347755605,0.515456073422823,0.013908193716615794,62
logistic_regression_tau_0_5,CWE-913,0.24463452713379655,0.35609756097560974,0.9785393137191832,0.9872949115583406,0.021460686280816675,0.6439024390243903,0.2897604851289062,0.32611793644768927,0.2784652176813087,0.966599158392906,0.6673184373473966,0.6695089795064847,0.26139325093326804,205
logistic_regression_tau_0_5,CWE-923,0.03228825456247075,0.2,0.8,0.9676149760211922,0.2,0.8,0.06255666364460562,0.14297554910899296,,0.7805496317294478,0.5,0.5,0.01909719052662098,346
logistic_regression_tau_0_6,CWE-116,0.074348603923072,0.21523809523809523,0.9813541026655415,0.9944625177400293,0.018645897334458542,0.7847619047619048,0.11036485617130778,0.15581101262163982,0.1162072124104097,0.9760563755708775,0.5982960989518183,0.5993209281401382,0.03039285283610253,74
logistic_regression_tau_0_6,CWE-185,,0.0,1.0,0.9985969279035192,0.0,1.0,,,,0.9985969279035192,0.5,0.5,0.005349303737719003,15
logistic_regression_tau_0_6,CWE-20,0.14634908727181795,0.08260869565217391,0.9779828392369028,0.9595361095095605,0.022017160763097114,0.917391304347826,0.1048047943938355,0.09016980605475021,0.07978925039385919,0.9394643014152653,0.5302957674445384,0.5394368439383326,0.05169809697565457,460
logistic_regression_tau_0_6,CWE-285,0.41204351204351203,0.06834505738615328,0.9968053872375371,0.9679326899083931,0.0031946127624629048,0.9316549426138467,0.11673520913224514,0.08191816962470656,0.15664826660638137,0.9650205123726551,0.5325752223118452,0.5333978731891806,0.08463175088310752,366
logistic_regression_tau_0_6,CWE-287,0.41846029411764707,0.2774474256707759,0.960848038294853,0.9291646917507201,0.039151961705146975,0.722552574329224,0.33357680325904626,0.297456554763399,0.2877792897068535,0.8979451922584287,0.6191477319828145,0.6188184726630237,0.18523243615141038,984
logistic_regression_tau_0_6,CWE-311,0.1349231910481502,0.13258682246024017,0.9677673841511073,0.967011496713851,0.032232615848892664,0.8674131775397598,0.13352518422016893,0.1329087367635878,0.10106520473388787,0.9371443716316925,0.5501771033056737,0.5497758594371808,0.0559854713843964,392
logistic_regression_tau_0_6,CWE-326,0.19666666666666668,0.13272727272727275,0.9974679212540589,0.9957757202871799,0.0025320787459410963,0.8672727272727274,0.19478844169246648,0.17585470085470087,0.15692649305738263,0.99326906024026,0.5650975969906658,0.565142346445034,0.06977954967853653,52
logistic_regression_tau_0_6,CWE-327,0.36157306277024587,0.7242424242424242,0.9795681211297712,0.9956583064370126,0.020431878870228775,0.27575757575757576,0.4788820401526374,0.5991613343811543,0.49955766650210603,0.9756704382535082,0.8519052726860977,0.8613107378496387,0.266950305742379,163
logistic_regression_tau_0_6,CWE-330,0.3771007130124777,0.6533333333333333,0.9845308090535095,0.9950155129225214,0.015469190946490543,0.3466666666666667,0.47777473421827715,0.5693941192296128,0.48697835532647005,0.9798853450080088,0.8189320711934214,0.8190051787827611,0.30846572984790027,150
logistic_regression_tau_0_6,CWE-345,1.0,0.004651162790697674,1.0,0.9397416125906008,0.0,0.9953488372093023,0.022959483264826774,0.014488099594482572,0.10308351248612416,0.9397581658686966,0.5023255813953489,0.5024262143067413,0.04590916456854722,647
logistic_regression_tau_0_6,CWE-400,0.07078969067690873,0.0613384484228474,0.964756765241189,0.9687518962435618,0.03524323475881099,0.9386615515771526,0.05426468292396107,0.05778549188499874,0.02751230072756201,0.9357530741966954,0.5130476068320182,0.5216904071124764,0.05223672948519259,343
logistic_regression_tau_0_6,CWE-477,,0.0,1.0,0.9975665346293809,0.0,1.0,,,,0.9975665346293809,0.5,0.5521549067512135,0.0019121859731445483,26
logistic_regression_tau_0_6,CWE-489,,0.0,1.0,0.9995323093011731,0.0,1.0,,,,0.9995323093011731,0.5,0.5112469610106036,0.0006270604050619363,5
logistic_regression_tau_0_6,CWE-573,0.15537640086839172,0.23666666666666666,0.9906655616547395,0.9945143768264637,0.009334438345260496,0.7633333333333333,0.186500497391567,0.21320695756928343,0.1840458146041684,0.9853066555269618,0.613666114160703,0.6136661141607032,0.06562293817875942,76
logistic_regression_tau_0_6,CWE-610,0.22349019211884175,0.16565789473684212,0.9727757309178771,0.961494146851904,0.027224269082122953,0.8343421052631579,0.1889451489313563,0.1740591089007945,0.15945237233247514,0.9367690235867142,0.5692168128273596,0.5694854238572876,0.1071369743447607,477
logistic_regression_tau_0_6,CWE-668,0.31700594268197063,0.19548172757475082,0.9313806479987019,0.8761039528450851,0.06861935200129807,0.8045182724252491,0.24151651475385577,0.2115780964708359,0.15643005894185233,0.8278417078719353,0.5634311877867264,0.5870763202481377,0.19465279751632908,1504
logistic_regression_tau_0_6,CWE-669,,0.0,1.0,0.9768006580237231,0.0,1.0,,,,0.9768006580237231,0.5,0.5021076286068924,0.014264890274996925,248
logistic_regression_tau_0_6,CWE-704,,0.0,1.0,0.9989696067258617,0.0,1.0,,,,0.9989696067258617,0.5,0.5084778713448558,0.0013515342767210074,11
logistic_regression_tau_0_6,CWE-706,0.28051681706316656,0.14455445544554454,0.9813651470431178,0.9585695167865953,0.018634852956882136,0.8554455445544555,0.18964329622186105,0.15963867780682844,0.17296177509750457,0.9418295740173044,0.5629598012443312,0.5640130684493794,0.14493685698251546,505
logistic_regression_tau_0_6,CWE-74,0.39177984410633654,0.44133795309168444,0.8720007453299381,0.8933753367693672,0.12799925467006187,0.5586620469083157,0.41483941826947435,0.43027321825897513,0.29885950966284325,0.8043868381585806,0.6566693492108113,0.6626005404412267,0.3988077805216307,1679
logistic_regression_tau_0_6,CWE-834,0.10666666666666666,0.03205128205128205,0.9986801874998388,0.9943782503880557,0.0013198125001612014,0.9679487179487178,0.1213235294117647,0.09262435677530018,0.05519021822061867,0.9930744281074414,0.5153657347755605,0.515456073422823,0.013908193716615794,62
logistic_regression_tau_0_6,CWE-913,0.24463452713379655,0.35609756097560974,0.9785393137191832,0.9872949115583406,0.021460686280816675,0.6439024390243903,0.2897604851289062,0.32611793644768927,0.2784652176813087,0.966599158392906,0.6673184373473966,0.6695089795064847,0.26139325093326804,205
logistic_regression_tau_0_6,CWE-923,,0.0,1.0,0.9676343299044596,0.0,1.0,,,,0.9676343299044596,0.5,0.5,0.01909719052662098,346
logistic_regression_tau_0_7,CWE-116,0.074348603923072,0.21523809523809523,0.9813541026655415,0.9944625177400293,0.018645897334458542,0.7847619047619048,0.11036485617130778,0.15581101262163982,0.1162072124104097,0.9760563755708775,0.5982960989518183,0.5993209281401382,0.03039285283610253,74
logistic_regression_tau_0_7,CWE-185,,0.0,1.0,0.9985969279035192,0.0,1.0,,,,0.9985969279035192,0.5,0.5,0.005349303737719003,15
logistic_regression_tau_0_7,CWE-20,0.14634908727181795,0.08260869565217391,0.9779828392369028,0.9595361095095605,0.022017160763097114,0.917391304347826,0.1048047943938355,0.09016980605475021,0.07978925039385919,0.9394643014152653,0.5302957674445384,0.5394368439383326,0.05169809697565457,460
logistic_regression_tau_0_7,CWE-285,0.4287101787101787,0.06560533135875601,0.9969991856871495,0.9678469550300873,0.0030008143128505012,0.9343946686412441,0.11363360485417026,0.07895014288032118,0.15732479936904845,0.9651141015163145,0.5313022585229528,0.5333978731891806,0.08463175088310752,366
logistic_regression_tau_0_7,CWE-287,0.4122118255196815,0.2662643737698125,0.9615635406813418,0.9282044735185554,0.0384364593186582,0.7337356262301875,0.3233262960857898,0.2864607670549729,0.2784049931544864,0.8975689053352743,0.6139139572255772,0.6188184726630237,0.18523243615141038,984
logistic_regression_tau_0_7,CWE-311,0.1349231910481502,0.13258682246024017,0.9677673841511073,0.967011496713851,0.032232615848892664,0.8674131775397598,0.13352518422016893,0.1329087367635878,0.10106520473388787,0.9371443716316925,0.5501771033056737,0.5497758594371808,0.0559854713843964,392
logistic_regression_tau_0_7,CWE-326,0.19666666666666668,0.13272727272727275,0.9974679212540589,0.9957757202871799,0.0025320787459410963,0.8672727272727274,0.19478844169246648,0.17585470085470087,0.15692649305738263,0.99326906024026,0.5650975969906658,0.565142346445034,0.06977954967853653,52
logistic_regression_tau_0_7,CWE-327,0.4515839914133772,0.7058712121212121,0.986699447107433,0.9954027455065434,0.013300552892567008,0.2941287878787879,0.5501385193954026,0.6337822986462972,0.5560580012409966,0.9824137316402443,0.8462853296143227,0.8613107378496387,0.266950305742379,163
logistic_regression_tau_0_7,CWE-330,0.3771007130124777,0.6533333333333333,0.9845308090535095,0.9950155129225214,0.015469190946490543,0.3466666666666667,0.47777473421827715,0.5693941192296128,0.48697835532647005,0.9798853450080088,0.8189320711934214,0.8190051787827611,0.30846572984790027,150
logistic_regression_tau_0_7,CWE-345,1.0,0.004651162790697674,1.0,0.9397416125906008,0.0,0.9953488372093023,0.022959483264826774,0.014488099594482572,0.10308351248612416,0.9397581658686966,0.5023255813953489,0.5024262143067413,0.04590916456854722,647
logistic_regression_tau_0_7,CWE-400,0.16395604395604396,0.023273657289002558,0.9961364985775567,0.9685218847752652,0.0038635014224432896,0.9767263427109973,0.040427903628588266,0.028025886998877692,0.05020808384451001,0.9649234977983261,0.5097050779332796,0.5216904071124764,0.05223672948519259,343
logistic_regression_tau_0_7,CWE-477,,0.0,1.0,0.9975665346293809,0.0,1.0,,,,0.9975665346293809,0.5,0.5521549067512135,0.0019121859731445483,26
logistic_regression_tau_0_7,CWE-489,,0.0,1.0,0.9995323093011731,0.0,1.0,,,,0.9995323093011731,0.5,0.5112469610106036,0.0006270604050619363,5
logistic_regression_tau_0_7,CWE-573,0.15537640086839172,0.23666666666666666,0.9906655616547395,0.9945143768264637,0.009334438345260496,0.7633333333333333,0.186500497391567,0.21320695756928343,0.1840458146041684,0.9853066555269618,0.613666114160703,0.6136661141607032,0.06562293817875942,76
logistic_regression_tau_0_7,CWE-610,0.22349019211884175,0.16565789473684212,0.9727757309178771,0.961494146851904,0.027224269082122953,0.8343421052631579,0.1889451489313563,0.1740591089007945,0.15945237233247514,0.9367690235867142,0.5692168128273596,0.5694854238572876,0.1071369743447607,477
logistic_regression_tau_0_7,CWE-668,0.4304085608283369,0.08843632336655592,0.9807213242885309,0.8679196094970886,0.019278675711469108,0.9115636766334442,0.1466054019885325,0.10511641018368287,0.1435372806704464,0.8551854162516712,0.5345788238275434,0.5870763202481377,0.19465279751632908,1504
logistic_regression_tau_0_7,CWE-669,,0.0,1.0,0.9768006580237231,0.0,1.0,,,,0.9768006580237231,0.5,0.5021076286068924,0.014264890274996925,248
logistic_regression_tau_0_7,CWE-704,,0.0,1.0,0.9989696067258617,0.0,1.0,,,,0.9989696067258617,0.5,0.5084778713448558,0.0013515342767210074,11
logistic_regression_tau_0_7,CWE-706,0.30655595571561955,0.14257425742574256,0.9836282329144197,0.9585691132320779,0.016371767085580236,0.8574257425742575,0.19315883534677364,0.15913890284797189,0.18215765665743938,0.9438919305605353,0.5631012451700812,0.5640130684493794,0.14493685698251546,505
logistic_regression_tau_0_7,CWE-74,0.47229412006449023,0.3013610518834399,0.9371041427222139,0.8780587755736893,0.06289585727778615,0.69863894811656,0.36779144760562227,0.3248096982625958,0.2889944373558784,0.8372802335405257,0.6192325973028269,0.6626005404412267,0.3988077805216307,1679
logistic_regression_tau_0_7,CWE-834,0.10666666666666666,0.03205128205128205,0.9986801874998388,0.9943782503880557,0.0013198125001612014,0.9679487179487178,0.1213235294117647,0.09262435677530018,0.05519021822061867,0.9930744281074414,0.5153657347755605,0.515456073422823,0.013908193716615794,62
logistic_regression_tau_0_7,CWE-913,0.24463452713379655,0.35609756097560974,0.9785393137191832,0.9872949115583406,0.021460686280816675,0.6439024390243903,0.2897604851289062,0.32611793644768927,0.2784652176813087,0.966599158392906,0.6673184373473966,0.6695089795064847,0.26139325093326804,205
logistic_regression_tau_0_7,CWE-923,,0.0,1.0,0.9676343299044596,0.0,1.0,,,,0.9676343299044596,0.5,0.5,0.01909719052662098,346
logistic_regression_tau_0_8,CWE-116,0.074348603923072,0.21523809523809523,0.9813541026655415,0.9944625177400293,0.018645897334458542,0.7847619047619048,0.11036485617130778,0.15581101262163982,0.1162072124104097,0.9760563755708775,0.5982960989518183,0.5993209281401382,0.03039285283610253,74
logistic_regression_tau_0_8,CWE-185,,0.0,1.0,0.9985969279035192,0.0,1.0,,,,0.9985969279035192,0.5,0.5,0.005349303737719003,15
logistic_regression_tau_0_8,CWE-20,0.20012507817385866,0.034782608695652174,0.9937304179033569,0.9581714541160847,0.006269582096643,0.9652173913043478,0.12121907822992596,0.09803980464127163,0.10678745694322478,0.9524731027032967,0.5142565132995045,0.5394368439383326,0.05169809697565457,460
logistic_regression_tau_0_8,CWE-285,0.5686813186813187,0.06290262865605331,0.9978788868259241,0.9677833063435337,0.0021211131740759945,0.9370973713439467,0.11063839346584554,0.07599871667373972,0.17346039914155847,0.9658681654155161,0.5303907577409886,0.5333978731891806,0.08463175088310752,366
logistic_regression_tau_0_8,CWE-287,0.414348043257519,0.2611882316378328,0.9625987034607254,0.9278108955151747,0.03740129653927455,0.7388117683621672,0.3203026975682888,0.28199375851616176,0.2766731896057076,0.8980386662851348,0.6118934675492792,0.6188184726630237,0.18523243615141038,984
logistic_regression_tau_0_8,CWE-311,0.12685850317407282,0.05348912690684843,0.9861918298728632,0.9647977061837407,0.01380817012713669,0.9465108730931515,0.09341383488286777,0.09029895215570427,0.05783638670647431,0.9520150179803787,0.5198404783898558,0.5497758594371808,0.0559854713843964,392
logistic_regression_tau_0_8,CWE-326,0.19666666666666668,0.13272727272727275,0.9974679212540589,0.9957757202871799,0.0025320787459410963,0.8672727272727274,0.19478844169246648,0.17585470085470087,0.15692649305738263,0.99326906024026,0.5650975969906658,0.565142346445034,0.06977954967853653,52
logistic_regression_tau_0_8,CWE-327,0.4515839914133772,0.7058712121212121,0.986699447107433,0.9954027455065434,0.013300552892567008,0.2941287878787879,0.5501385193954026,0.6337822986462972,0.5560580012409966,0.9824137316402443,0.8462853296143227,0.8613107378496387,0.266950305742379,163
logistic_regression_tau_0_8,CWE-330,0.3771007130124777,0.6533333333333333,0.9845308090535095,0.9950155129225214,0.015469190946490543,0.3466666666666667,0.47777473421827715,0.5693941192296128,0.48697835532647005,0.9798853450080088,0.8189320711934214,0.8190051787827611,0.30846572984790027,150
logistic_regression_tau_0_8,CWE-345,1.0,0.004651162790697674,1.0,0.9397416125906008,0.0,0.9953488372093023,0.022959483264826774,0.014488099594482572,0.10308351248612416,0.9397581658686966,0.5023255813953489,0.5024262143067413,0.04590916456854722,647
logistic_regression_tau_0_8,CWE-400,0.12161172161172161,0.011679454390451833,0.9969101929682724,0.9681818809215947,0.0030898070317276227,0.9883205456095482,0.025843521511043976,0.017671247637486003,0.030764714956870373,0.9652978543729633,0.5042948236793621,0.5216904071124764,0.05223672948519259,343
logistic_regression_tau_0_8,CWE-477,,0.0,1.0,0.9975665346293809,0.0,1.0,,,,0.9975665346293809,0.5,0.5521549067512135,0.0019121859731445483,26
logistic_regression_tau_0_8,CWE-489,,0.0,1.0,0.9995323093011731,0.0,1.0,,,,0.9995323093011731,0.5,0.5112469610106036,0.0006270604050619363,5
logistic_regression_tau_0_8,CWE-573,0.15537640086839172,0.23666666666666666,0.9906655616547395,0.9945143768264637,0.009334438345260496,0.7633333333333333,0.186500497391567,0.21320695756928343,0.1840458146041684,0.9853066555269618,0.613666114160703,0.6136661141607032,0.06562293817875942,76
logistic_regression_tau_0_8,CWE-610,0.23852448021462105,0.10469298245614037,0.9806142600528996,0.9591217796539524,0.019385739947100265,0.8953070175438598,0.13536830034241482,0.11451813015343786,0.12412045185282757,0.9415444018922828,0.5426536212545201,0.5694854238572876,0.1071369743447607,477
logistic_regression_tau_0_8,CWE-668,0.5651788267430324,0.06450276854928018,0.9918431244292579,0.8662356561033334,0.008156875570742045,0.93549723145072,0.11557610468143223,0.07834888498128786,0.15555558080692053,0.8613725186330082,0.528172946489269,0.5870763202481377,0.19465279751632908,1504
logistic_regression_tau_0_8,CWE-669,,0.0,1.0,0.9768006580237231,0.0,1.0,,,,0.9768006580237231,0.5,0.5021076286068924,0.014264890274996925,248
logistic_regression_tau_0_8,CWE-704,,0.0,1.0,0.9989696067258617,0.0,1.0,,,,0.9989696067258617,0.5,0.5084778713448558,0.0013515342767210074,11
logistic_regression_tau_0_8,CWE-706,0.3127326817251723,0.14257425742574256,0.984212388025482,0.9585925048195915,0.015787611974517873,0.8574257425742575,0.19464885565152673,0.15956685301511825,0.18483608545622385,0.9444487097805127,0.5633933227256124,0.5640130684493794,0.14493685698251546,505
logistic_regression_tau_0_8,CWE-74,0.5912246485408355,0.21321073205401567,0.9725857638800448,0.8690487082587964,0.027414236119955127,0.7867892679459844,0.31315143996160155,0.24439739126122323,0.2922936160918924,0.853351551098356,0.5928982479670303,0.6626005404412267,0.3988077805216307,1679
logistic_regression_tau_0_8,CWE-834,0.10666666666666666,0.03205128205128205,0.9986801874998388,0.9943782503880557,0.0013198125001612014,0.9679487179487178,0.1213235294117647,0.09262435677530018,0.05519021822061867,0.9930744281074414,0.5153657347755605,0.515456073422823,0.013908193716615794,62
logistic_regression_tau_0_8,CWE-913,0.24281303350902425,0.35121951219512193,0.9786347335665116,0.9872010807918826,0.021365266433488433,0.6487804878048781,0.2868947234396151,0.3222217054148943,0.2753391000893502,0.966599158392906,0.6649271228808168,0.6695089795064847,0.26139325093326804,205
logistic_regression_tau_0_8,CWE-923,,0.0,1.0,0.9676343299044596,0.0,1.0,,,,0.9676343299044596,0.5,0.5,0.01909719052662098,346
logistic_regression_tau_0_9,CWE-116,0.05960242157050668,0.13523809523809524,0.9850143560677,0.9939213029543661,0.01498564393229993,0.8647619047619047,0.08795607021413474,0.12333519434847838,0.08977360566727471,0.9791318648532632,0.5601262256528976,0.5993209281401382,0.03039285283610253,74
logistic_regression_tau_0_9,CWE-185,,0.0,1.0,0.9985969279035192,0.0,1.0,,,,0.9985969279035192,0.5,0.5,0.005349303737719003,15
logistic_regression_tau_0_9,CWE-20,,0.0,1.0,0.9569724557079254,0.0,1.0,,,,0.9569724557079254,0.5,0.5394368439383326,0.05169809697565457,460
logistic_regression_tau_0_9,CWE-285,0.6738095238095239,0.06290262865605331,0.9987501953904928,0.9678105179048323,0.0012498046095072552,0.9370973713439467,0.11300689887684179,0.0764395280079168,0.19286153924832178,0.9667097354945803,0.530826412023273,0.5333978731891806,0.08463175088310752,366
logistic_regression_tau_0_9,CWE-287,0.41744854463524544,0.054900031078421216,0.9924705175175799,0.911954227371746,0.007529482482420061,0.9450999689215788,0.09676084304254838,0.06638273558542827,0.12452795619029544,0.9061618438654759,0.5236852742980005,0.6188184726630237,0.18523243615141038,984
logistic_regression_tau_0_9,CWE-311,0.0,0.0,0.9999032882011605,0.9633278279324962,9.671179883945841e-05,1.0,,,-0.004193323672858569,0.9632380202564818,0.49995164410058024,0.5497758594371808,0.0559854713843964,392
logistic_regression_tau_0_9,CWE-326,0.19666666666666668,0.13272727272727275,0.9974679212540589,0.9957757202871799,0.0025320787459410963,0.8672727272727274,0.19478844169246648,0.17585470085470087,0.15692649305738263,0.99326906024026,0.5650975969906658,0.565142346445034,0.06977954967853653,52
logistic_regression_tau_0_9,CWE-327,0.4515839914133772,0.7058712121212121,0.986699447107433,0.9954027455065434,0.013300552892567008,0.2941287878787879,0.5501385193954026,0.6337822986462972,0.5560580012409966,0.9824137316402443,0.8462853296143227,0.8613107378496387,0.266950305742379,163
logistic_regression_tau_0_9,CWE-330,0.3771007130124777,0.6533333333333333,0.9845308090535095,0.9950155129225214,0.015469190946490543,0.3466666666666667,0.47777473421827715,0.5693941192296128,0.48697835532647005,0.9798853450080088,0.8189320711934214,0.8190051787827611,0.30846572984790027,150
logistic_regression_tau_0_9,CWE-345,,0.0,1.0,0.9394789912612307,0.0,1.0,,,,0.9394789912612307,0.5,0.5024262143067413,0.04590916456854722,647
logistic_regression_tau_0_9,CWE-400,,0.0,1.0,0.9679145347460121,0.0,1.0,,,,0.9679145347460121,0.5,0.5216904071124764,0.05223672948519259,343
logistic_regression_tau_0_9,CWE-477,,0.0,1.0,0.9975665346293809,0.0,1.0,,,,0.9975665346293809,0.5,0.5521549067512135,0.0019121859731445483,26
logistic_regression_tau_0_9,CWE-489,,0.0,1.0,0.9995323093011731,0.0,1.0,,,,0.9995323093011731,0.5,0.5112469610106036,0.0006270604050619363,5
logistic_regression_tau_0_9,CWE-573,0.15537640086839172,0.23666666666666666,0.9906655616547395,0.9945143768264637,0.009334438345260496,0.7633333333333333,0.186500497391567,0.21320695756928343,0.1840458146041684,0.9853066555269618,0.613666114160703,0.6136661141607032,0.06562293817875942,76
logistic_regression_tau_0_9,CWE-610,0.4022549019607843,0.04396929824561403,0.9968625883514296,0.9571384307353554,0.003137411648570359,0.956030701754386,0.07842316384745182,0.053330198001901086,0.11934878241122748,0.9543536301710418,0.5204159432985218,0.5694854238572876,0.1071369743447607,477
logistic_regression_tau_0_9,CWE-668,0.5416666666666666,0.008642303433001108,0.9990203780186192,0.8602494253463968,0.000979621981380859,0.9913576965669989,0.02762391671675884,0.0178128868606926,0.06619395213799417,0.8596914825029378,0.5038313407258102,0.5870763202481377,0.19465279751632908,1504
logistic_regression_tau_0_9,CWE-669,,0.0,1.0,0.9768006580237231,0.0,1.0,,,,0.9768006580237231,0.5,0.5021076286068924,0.014264890274996925,248
logistic_regression_tau_0_9,CWE-704,,0.0,1.0,0.9989696067258617,0.0,1.0,,,,0.9989696067258617,0.5,0.5084778713448558,0.0013515342767210074,11
logistic_regression_tau_0_9,CWE-706,0.6316666666666666,0.031683168316831684,0.9989277600244396,0.9541461931401379,0.0010722399755604337,0.9683168316831683,0.060005230339653506,0.039054905131959014,0.13183735591770776,0.9532393918345814,0.5153054641706356,0.5640130684493794,0.14493685698251546,505
logistic_regression_tau_0_9,CWE-74,0.6792452830188679,0.02142857142857143,0.9981215469613259,0.8455950090189687,0.0018784530386740331,0.9785714285714284,0.18508997429305912,0.12884753042233357,0.22887890823744828,0.8447186577678047,0.5097750591949487,0.6626005404412267,0.3988077805216307,1679
logistic_regression_tau_0_9,CWE-834,0.10666666666666666,0.03205128205128205,0.9986801874998388,0.9943782503880557,0.0013198125001612014,0.9679487179487178,0.1213235294117647,0.09262435677530018,0.05519021822061867,0.9930744281074414,0.5153657347755605,0.515456073422823,0.013908193716615794,62
logistic_regression_tau_0_9,CWE-913,0.6146520146520146,0.24878048780487805,0.9969536103292708,0.9854779180705554,0.003046389670729363,0.751219512195122,0.35135229304451937,0.28146812927949494,0.3821752875315836,0.982600880438756,0.6228670490670745,0.6695089795064847,0.26139325093326804,205
logistic_regression_tau_0_9,CWE-923,,0.0,1.0,0.9676343299044596,0.0,1.0,,,,0.9676343299044596,0.5,0.5,0.01909719052662098,346
logistic_interactions_tau_0_1,CWE-116,0.006923364162256254,1.0,0.0,,1.0,0.0,0.01375140292117264,0.0336828778281026,,0.006923364162256254,0.5,0.5993209281401382,0.03039285283610253,74
logistic_interactions_tau_0_1,CWE-185,0.0014030720964806895,1.0,0.0,,1.0,0.0,0.0028022120569029594,0.0069762037459591,,0.0014030720964806895,0.5,0.5,0.005349303737719003,15
logistic_interactions_tau_0_1,CWE-20,0.043027544292074484,1.0,0.0,,1.0,0.0,0.08250473905151004,0.18354483213686668,,0.043027544292074484,0.5,0.5374692537321929,0.05075295180218716,460
logistic_interactions_tau_0_1,CWE-285,0.034236432890848004,1.0,0.0,,1.0,0.0,0.06620572062208614,0.15055956245821436,,0.034236432890848004,0.5,0.5333978731891806,0.08463175088310752,366
logistic_interactions_tau_0_1,CWE-287,0.09204307134875142,1.0,0.0,,1.0,0.0,0.1685684934771065,0.3363626426643768,,0.09204307134875142,0.5,0.6185978985388381,0.1774086818890613,984
logistic_interactions_tau_0_1,CWE-311,0.036668783098597516,1.0,0.0,,1.0,0.0,0.07074288735255836,0.15988732781937282,,0.036668783098597516,0.5,0.5484585031882161,0.05501387064590827,392
logistic_interactions_tau_0_1,CWE-326,0.0048636927768490835,1.0,0.0,,1.0,0.0,0.009680200987384074,0.023853400477810562,,0.0048636927768490835,0.5,0.565142346445034,0.06977954967853653,52
logistic_interactions_tau_0_1,CWE-327,0.015246784864655829,1.0,0.0,,1.0,0.0,0.03003547162964252,0.07185055568496525,,0.015246784864655829,0.5,0.8652157699642598,0.4053256002501223,163
logistic_interactions_tau_0_1,CWE-330,0.014030720964806894,1.0,0.0,,1.0,0.0,0.027673126033732853,0.06642524162506888,,0.014030720964806894,0.5,0.8190051787827611,0.30846572984790027,150
logistic_interactions_tau_0_1,CWE-345,0.060521008738769234,1.0,0.0,,1.0,0.0,0.11413334880001003,0.24361980731009608,,0.060521008738769234,0.5,0.5024262143067413,0.04590916456854722,647
logistic_interactions_tau_0_1,CWE-400,0.03208546525398788,1.0,0.0,,1.0,0.0,0.062175465692835795,0.14217574028887417,,0.03208546525398788,0.5,0.5216904071124764,0.05223672948519259,343
logistic_interactions_tau_0_1,CWE-477,0.00271678352567931,1.0,0.10430981350242696,1.0,0.895690186497573,0.0,0.005418730200555527,0.01343676482957557,0.01681839456166385,0.10648900297292337,0.5521549067512135,0.5521549067512135,0.0019121859731445483,26
logistic_interactions_tau_0_1,CWE-489,0.00047837925114580947,1.0,0.022305232028185306,1.0,0.9776947679718146,0.0,0.0009563009383168834,0.0023873271726717648,0.0032580130968828404,0.022762474298099713,0.5111526160140927,0.5112469610106036,0.0006270604050619363,5
logistic_interactions_tau_0_1,CWE-573,0.007108557127324231,1.0,0.0,,1.0,0.0,0.014116695197668136,0.034559446182001616,,0.007108557127324231,0.5,0.6136661141607032,0.06562293817875942,76
logistic_interactions_tau_0_1,CWE-610,0.04461921740869906,1.0,0.0,,1.0,0.0,0.08542604496313569,0.1893038614205384,,0.04461921740869906,0.5,0.5696658222555782,0.11052863416690577,477
logistic_interactions_tau_0_1,CWE-668,0.14068290402674866,1.0,0.0,,1.0,0.0,0.24666080008062224,0.45010474808778234,,0.14068290402674866,0.5,0.5890365537320881,0.20001024375418064,1504
logistic_interactions_tau_0_1,CWE-669,0.02319934197627685,1.0,0.0,,1.0,0.0,0.04534630084845802,0.1061435463564738,,0.02319934197627685,0.5,0.5021076286068924,0.014264890274996925,248
logistic_interactions_tau_0_1,CWE-704,0.0010482701395855105,1.0,0.01695574268971159,1.0,0.9830442573102884,0.0,0.002094263759261665,0.005218662568003438,0.004197513717311529,0.01796854931404447,0.5084778713448558,0.5084778713448558,0.0013515342767210074,11
logistic_interactions_tau_0_1,CWE-706,0.047236760581516546,1.0,0.0,,1.0,0.0,0.09021176348495849,0.19864664472198687,,0.047236760581516546,0.5,0.5608675480510692,0.14371581921372883,505
logistic_interactions_tau_0_1,CWE-74,0.15705207848569003,1.0,0.0,,1.0,0.0,0.27146517675133,0.4822700349262538,,0.15705207848569003,0.5,0.6684608615026645,0.4021412191189098,1679
logistic_interactions_tau_0_1,CWE-834,0.005799296582554513,1.0,0.0,,1.0,0.0,0.011531607815566506,0.028338055965281345,,0.005799296582554513,0.5,0.515456073422823,0.013908193716615794,62
logistic_interactions_tau_0_1,CWE-913,0.019175318651902758,1.0,0.0,,1.0,0.0,0.03762901138815739,0.08904595908205172,,0.019175318651902758,0.5,0.6694134807642129,0.25861179872330464,205
logistic_interactions_tau_0_1,CWE-923,0.03236567009554042,1.0,0.0,,1.0,0.0,0.06270150090869589,0.14327563637739962,,0.03236567009554042,0.5,0.5,0.01909719052662098,346
logistic_interactions_tau_0_2,CWE-116,0.006941457235353188,1.0,0.0026314405649558053,1.0,0.9973685594350442,0.0,0.013787093274266703,0.033768534513519834,0.0041840254647034095,0.009536639136598062,0.5013157202824778,0.5993209281401382,0.03039285283610253,74
logistic_interactions_tau_0_2,CWE-185,0.0014030720964806895,1.0,0.0,,1.0,0.0,0.0028022120569029594,0.0069762037459591,,0.0014030720964806895,0.5,0.5,0.005349303737719003,15
logistic_interactions_tau_0_2,CWE-20,0.043027544292074484,1.0,0.0,,1.0,0.0,0.08250473905151004,0.18354483213686668,,0.043027544292074484,0.5,0.5374692537321929,0.05075295180218716,460
logistic_interactions_tau_0_2,CWE-285,0.034236432890848004,1.0,0.0,,1.0,0.0,0.06620572062208614,0.15055956245821436,,0.034236432890848004,0.5,0.5333978731891806,0.08463175088310752,366
logistic_interactions_tau_0_2,CWE-287,0.09204307134875142,1.0,0.0,,1.0,0.0,0.1685684934771065,0.3363626426643768,,0.09204307134875142,0.5,0.6185978985388381,0.1774086818890613,984
logistic_interactions_tau_0_2,CWE-311,0.036668783098597516,1.0,0.0,,1.0,0.0,0.07074288735255836,0.15988732781937282,,0.036668783098597516,0.5,0.5484585031882161,0.05501387064590827,392
logistic_interactions_tau_0_2,CWE-326,0.0048636927768490835,1.0,0.0,,1.0,0.0,0.009680200987384074,0.023853400477810562,,0.0048636927768490835,0.5,0.565142346445034,0.06977954967853653,52
logistic_interactions_tau_0_2,CWE-327,0.015272568485086102,1.0,0.0017116205822170216,1.0,0.998288379417783,0.0,0.030085497578915522,0.0719650435547717,0.0050566550593149915,0.016932269766112572,0.5008558102911085,0.8652157699642598,0.4053256002501223,163
logistic_interactions_tau_0_2,CWE-330,0.014030720964806894,1.0,0.0,,1.0,0.0,0.027673126033732853,0.06642524162506888,,0.014030720964806894,0.5,0.8190051787827611,0.30846572984790027,150
logistic_interactions_tau_0_2,CWE-345,0.060521008738769234,1.0,0.0,,1.0,0.0,0.11413334880001003,0.24361980731009608,,0.060521008738769234,0.5,0.5024262143067413,0.04590916456854722,647
logistic_interactions_tau_0_2,CWE-400,0.03208546525398788,1.0,0.0,,1.0,0.0,0.062175465692835795,0.14217574028887417,,0.03208546525398788,0.5,0.5216904071124764,0.05223672948519259,343
logistic_interactions_tau_0_2,CWE-477,0.00271678352567931,1.0,0.10430981350242696,1.0,0.895690186497573,0.0,0.005418730200555527,0.01343676482957557,0.01681839456166385,0.10648900297292337,0.5521549067512135,0.5521549067512135,0.0019121859731445483,26
logistic_interactions_tau_0_2,CWE-489,0.00047837925114580947,1.0,0.022305232028185306,1.0,0.9776947679718146,0.0,0.0009563009383168834,0.0023873271726717648,0.0032580130968828404,0.022762474298099713,0.5111526160140927,0.5112469610106036,0.0006270604050619363,5
logistic_interactions_tau_0_2,CWE-573,0.007108557127324231,1.0,0.0,,1.0,0.0,0.014116695197668136,0.034559446182001616,,0.007108557127324231,0.5,0.6136661141607032,0.06562293817875942,76
logistic_interactions_tau_0_2,CWE-610,0.04461921740869906,1.0,0.0,,1.0,0.0,0.08542604496313569,0.1893038614205384,,0.04461921740869906,0.5,0.5696658222555782,0.11052863416690577,477
logistic_interactions_tau_0_2,CWE-668,0.14068290402674866,1.0,0.0,,1.0,0.0,0.24666080008062224,0.45010474808778234,,0.14068290402674866,0.5,0.5890365537320881,0.20001024375418064,1504
logistic_interactions_tau_0_2,CWE-669,0.023295533683291247,1.0,0.004215257213784795,1.0,0.9957847427862152,0.0,0.04553001807487171,0.10654595420974673,0.009738719257062371,0.02731659432386868,0.5021076286068924,0.5021076286068924,0.014264890274996925,248
logistic_interactions_tau_0_2,CWE-704,0.0010482701395855105,1.0,0.01695574268971159,1.0,0.9830442573102884,0.0,0.002094263759261665,0.005218662568003438,0.004197513717311529,0.01796854931404447,0.5084778713448558,0.5084778713448558,0.0013515342767210074,11
logistic_interactions_tau_0_2,CWE-706,0.047236760581516546,1.0,0.0,,1.0,0.0,0.09021176348495849,0.19864664472198687,,0.047236760581516546,0.5,0.5608675480510692,0.14371581921372883,505
logistic_interactions_tau_0_2,CWE-74,0.15705207848569003,1.0,0.0,,1.0,0.0,0.27146517675133,0.4822700349262538,,0.15705207848569003,0.5,0.6684608615026645,0.4021412191189098,1679
logistic_interactions_tau_0_2,CWE-834,0.005799296582554513,1.0,0.0,,1.0,0.0,0.011531607815566506,0.028338055965281345,,0.005799296582554513,0.5,0.515456073422823,0.013908193716615794,62
logistic_interactions_tau_0_2,CWE-913,0.019175318651902758,1.0,0.0,,1.0,0.0,0.03762901138815739,0.08904595908205172,,0.019175318651902758,0.5,0.6694134807642129,0.25861179872330464,205
logistic_interactions_tau_0_2,CWE-923,0.03236567009554042,1.0,0.0,,1.0,0.0,0.06270150090869589,0.14327563637739962,,0.03236567009554042,0.5,0.5,0.01909719052662098,346
logistic_interactions_tau_0_3,CWE-116,0.006941457235353188,1.0,0.0026314405649558053,1.0,0.9973685594350442,0.0,0.013787093274266703,0.033768534513519834,0.0041840254647034095,0.009536639136598062,0.5013157202824778,0.5993209281401382,0.03039285283610253,74
logistic_interactions_tau_0_3,CWE-185,0.0014030720964806895,1.0,0.0,,1.0,0.0,0.0028022120569029594,0.0069762037459591,,0.0014030720964806895,0.5,0.5,0.005349303737719003,15
logistic_interactions_tau_0_3,CWE-20,0.0429278342767143,0.9956521739130434,0.001987083954297069,0.9090909090909091,0.9980129160457029,0.004347826086956522,0.08230634939790718,0.18306275916368903,-0.02372894234464953,0.044737758068796575,0.49881962893367027,0.5374692537321929,0.05075295180218716,460
logistic_interactions_tau_0_3,CWE-285,0.03429069996526215,1.0,0.0016424545586307942,1.0,0.9983575454413692,0.0,0.06630719782824286,0.15076954451501384,0.00741932696071036,0.035822797558928844,0.5008212272793153,0.5333978731891806,0.08463175088310752,366
logistic_interactions_tau_0_3,CWE-287,0.09204307134875142,1.0,0.0,,1.0,0.0,0.1685684934771065,0.3363626426643768,,0.09204307134875142,0.5,0.6185978985388381,0.1774086818890613,984
logistic_interactions_tau_0_3,CWE-311,0.036668783098597516,1.0,0.0,,1.0,0.0,0.07074288735255836,0.15988732781937282,,0.036668783098597516,0.5,0.5484585031882161,0.05501387064590827,392
logistic_interactions_tau_0_3,CWE-326,0.0048636927768490835,1.0,0.0,,1.0,0.0,0.009680200987384074,0.023853400477810562,,0.0048636927768490835,0.5,0.565142346445034,0.06977954967853653,52
logistic_interactions_tau_0_3,CWE-327,0.3434358078682851,0.7424242424242424,0.977959034523051,0.9959369530421023,0.02204096547694908,0.25757575757575757,0.4692499658340944,0.601939112158932,0.4942329696428934,0.9743656852246172,0.8601916384736465,0.8652157699642598,0.4053256002501223,163
logistic_interactions_tau_0_3,CWE-330,0.3771007130124777,0.6533333333333333,0.9845308090535095,0.9950155129225214,0.015469190946490543,0.3466666666666667,0.47777473421827715,0.5693941192296128,0.48697835532647005,0.9798853450080088,0.8189320711934214,0.8190051787827611,0.30846572984790027,150
logistic_interactions_tau_0_3,CWE-345,0.060521008738769234,1.0,0.0,,1.0,0.0,0.11413334880001003,0.24361980731009608,,0.060521008738769234,0.5,0.5024262143067413,0.04590916456854722,647
logistic_interactions_tau_0_3,CWE-400,0.03208546525398788,1.0,0.0,,1.0,0.0,0.062175465692835795,0.14217574028887417,,0.03208546525398788,0.5,0.5216904071124764,0.05223672948519259,343
logistic_interactions_tau_0_3,CWE-477,0.00271678352567931,1.0,0.10430981350242696,1.0,0.895690186497573,0.0,0.005418730200555527,0.01343676482957557,0.01681839456166385,0.10648900297292337,0.5521549067512135,0.5521549067512135,0.0019121859731445483,26
logistic_interactions_tau_0_3,CWE-489,0.00047847273179731027,1.0,0.022493922021207334,1.0,0.9775060779787926,0.0,0.0009564877189486671,0.0023877927731390273,0.0032717144388593653,0.022951075318243606,0.5112469610106036,0.5112469610106036,0.0006270604050619363,5
logistic_interactions_tau_0_3,CWE-573,0.007108557127324231,1.0,0.0,,1.0,0.0,0.014116695197668136,0.034559446182001616,,0.007108557127324231,0.5,0.6136661141607032,0.06562293817875942,76
logistic_interactions_tau_0_3,CWE-610,0.04461921740869906,1.0,0.0,,1.0,0.0,0.08542604496313569,0.1893038614205384,,0.04461921740869906,0.5,0.5696658222555782,0.11052863416690577,477
logistic_interactions_tau_0_3,CWE-668,0.14068290402674866,1.0,0.0,,1.0,0.0,0.24666080008062224,0.45010474808778234,,0.14068290402674866,0.5,0.5890365537320881,0.20001024375418064,1504
logistic_interactions_tau_0_3,CWE-669,0.023295533683291247,1.0,0.004215257213784795,1.0,0.9957847427862152,0.0,0.04553001807487171,0.10654595420974673,0.009738719257062371,0.02731659432386868,0.5021076286068924,0.5021076286068924,0.014264890274996925,248
logistic_interactions_tau_0_3,CWE-704,0.0010482701395855105,1.0,0.01695574268971159,1.0,0.9830442573102884,0.0,0.002094263759261665,0.005218662568003438,0.004197513717311529,0.01796854931404447,0.5084778713448558,0.5084778713448558,0.0013515342767210074,11
logistic_interactions_tau_0_3,CWE-706,0.04717382368868839,0.998019801980198,0.0005914243469689502,0.8571428571428571,0.9994085756530311,0.0019801980198019802,0.0900889034583227,0.19836132834876244,-0.025785714663256992,0.04770624414959167,0.49930561316358346,0.5608675480510692,0.14371581921372883,505
logistic_interactions_tau_0_3,CWE-74,0.15705207848569003,1.0,0.0,,1.0,0.0,0.27146517675133,0.4822700349262538,,0.15705207848569003,0.5,0.6684608615026645,0.4021412191189098,1679
logistic_interactions_tau_0_3,CWE-834,0.005799296582554513,1.0,0.0,,1.0,0.0,0.011531607815566506,0.028338055965281345,,0.005799296582554513,0.5,0.515456073422823,0.013908193716615794,62
logistic_interactions_tau_0_3,CWE-913,0.019175318651902758,1.0,0.0,,1.0,0.0,0.03762901138815739,0.08904595908205172,,0.019175318651902758,0.5,0.6694134807642129,0.25861179872330464,205
logistic_interactions_tau_0_3,CWE-923,0.03236567009554042,1.0,0.0,,1.0,0.0,0.06270150090869589,0.14327563637739962,,0.03236567009554042,0.5,0.5,0.01909719052662098,346
logistic_interactions_tau_0_4,CWE-116,0.006941457235353188,1.0,0.0026314405649558053,1.0,0.9973685594350442,0.0,0.013787093274266703,0.033768534513519834,0.0041840254647034095,0.009536639136598062,0.5013157202824778,0.5993209281401382,0.03039285283610253,74
logistic_interactions_tau_0_4,CWE-185,0.0014030720964806895,1.0,0.0,,1.0,0.0,0.0028022120569029594,0.0069762037459591,,0.0014030720964806895,0.5,0.5,0.005349303737719003,15
logistic_interactions_tau_0_4,CWE-20,0.042913569294853036,0.9934782608695653,0.0038122520618859264,0.9295454545454545,0.996187747938114,0.006521739130434782,0.08227286828133551,0.1829532585675191,-0.01370288952799363,0.046393691831446066,0.4986452564657256,0.5374692537321929,0.05075295180218716,460
logistic_interactions_tau_0_4,CWE-285,0.03429069996526215,1.0,0.0016424545586307942,1.0,0.9983575454413692,0.0,0.06630719782824286,0.15076954451501384,0.00741932696071036,0.035822797558928844,0.5008212272793153,0.5333978731891806,0.08463175088310752,366
logistic_interactions_tau_0_4,CWE-287,0.09198398589412844,0.998984771573604,0.0003078501795792714,0.75,0.9996921498204208,0.001015228426395939,0.168454995564501,0.3361130096690833,-0.02367669111455661,0.09222946463859298,0.49964631087659167,0.6185978985388381,0.1774086818890613,984
logistic_interactions_tau_0_4,CWE-311,0.036668783098597516,1.0,0.0,,1.0,0.0,0.07074288735255836,0.15988732781937282,,0.036668783098597516,0.5,0.5484585031882161,0.05501387064590827,392
logistic_interactions_tau_0_4,CWE-326,0.0048636927768490835,1.0,0.0,,1.0,0.0,0.009680200987384074,0.023853400477810562,,0.0048636927768490835,0.5,0.565142346445034,0.06977954967853653,52
logistic_interactions_tau_0_4,CWE-327,0.3434358078682851,0.7424242424242424,0.977959034523051,0.9959369530421023,0.02204096547694908,0.25757575757575757,0.4692499658340944,0.601939112158932,0.4942329696428934,0.9743656852246172,0.8601916384736465,0.8652157699642598,0.4053256002501223,163
logistic_interactions_tau_0_4,CWE-330,0.3771007130124777,0.6533333333333333,0.9845308090535095,0.9950155129225214,0.015469190946490543,0.3466666666666667,0.47777473421827715,0.5693941192296128,0.48697835532647005,0.9798853450080088,0.8189320711934214,0.8190051787827611,0.30846572984790027,150
logistic_interactions_tau_0_4,CWE-345,0.060521008738769234,1.0,0.0,,1.0,0.0,0.11413334880001003,0.24361980731009608,,0.060521008738769234,0.5,0.5024262143067413,0.04590916456854722,647
logistic_interactions_tau_0_4,CWE-400,0.03208546525398788,1.0,0.0,,1.0,0.0,0.062175465692835795,0.14217574028887417,,0.03208546525398788,0.5,0.5216904071124764,0.05223672948519259,343
logistic_interactions_tau_0_4,CWE-477,0.00271678352567931,1.0,0.10430981350242696,1.0,0.895690186497573,0.0,0.005418730200555527,0.01343676482957557,0.01681839456166385,0.10648900297292337,0.5521549067512135,0.5521549067512135,0.0019121859731445483,26
logistic_interactions_tau_0_4,CWE-489,0.00047847273179731027,1.0,0.022493922021207334,1.0,0.9775060779787926,0.0,0.0009564877189486671,0.0023877927731390273,0.0032717144388593653,0.022951075318243606,0.5112469610106036,0.5112469610106036,0.0006270604050619363,5
logistic_interactions_tau_0_4,CWE-573,0.007108557127324231,1.0,0.0,,1.0,0.0,0.014116695197668136,0.034559446182001616,,0.007108557127324231,0.5,0.6136661141607032,0.06562293817875942,76
logistic_interactions_tau_0_4,CWE-610,0.04461921740869906,1.0,0.0,,1.0,0.0,0.08542604496313569,0.1893038614205384,,0.04461921740869906,0.5,0.5696658222555782,0.11052863416690577,477
logistic_interactions_tau_0_4,CWE-668,0.14077654788830246,1.0,0.0007683240825278128,1.0,0.9992316759174722,0.0,0.24680443210376937,0.450295285138499,0.016482779302583024,0.14134229623083966,0.5003841620412639,0.5890365537320881,0.20001024375418064,1504
logistic_interactions_tau_0_4,CWE-669,0.023295533683291247,1.0,0.004215257213784795,1.0,0.9957847427862152,0.0,0.04553001807487171,0.10654595420974673,0.009738719257062371,0.02731659432386868,0.5021076286068924,0.5021076286068924,0.014264890274996925,248
logistic_interactions_tau_0_4,CWE-704,0.0010482701395855105,1.0,0.01695574268971159,1.0,0.9830442573102884,0.0,0.002094263759261665,0.005218662568003438,0.004197513717311529,0.01796854931404447,0.5084778713448558,0.5084778713448558,0.0013515342767210074,11
logistic_interactions_tau_0_4,CWE-706,0.04709778525176311,0.996039603960396,0.0008861198283049031,0.8035714285714286,0.999113880171695,0.0039603960396039604,0.08994217441981392,0.19802983151101267,-0.0335796694412616,0.04789342243691034,0.4984628618943505,0.5608675480510692,0.14371581921372883,505
logistic_interactions_tau_0_4,CWE-74,0.3730247928649012,0.4568283582089552,0.8569841968880813,0.8944110099997585,0.1430158031119188,0.5431716417910447,0.4105656771963247,0.4370847983760465,0.2896709576948865,0.7941449694421622,0.6569062775485183,0.6684608615026645,0.4021412191189098,1679
logistic_interactions_tau_0_4,CWE-834,0.005799296582554513,1.0,0.0,,1.0,0.0,0.011531607815566506,0.028338055965281345,,0.005799296582554513,0.5,0.515456073422823,0.013908193716615794,62
logistic_interactions_tau_0_4,CWE-913,0.19220558957554865,0.46829268292682924,0.7829098600374731,0.9868804069791457,0.2170901399625269,0.5317073170731708,0.22868791343905054,0.26491948577555435,0.2641466498684736,0.776850789334192,0.6256012714821513,0.6694134807642129,0.25861179872330464,205
logistic_interactions_tau_0_4,CWE-923,0.03236567009554042,1.0,0.0,,1.0,0.0,0.06270150090869589,0.14327563637739962,,0.03236567009554042,0.5,0.5,0.01909719052662098,346
logistic_interactions_tau_0_5,CWE-116,0.074348603923072,0.21523809523809523,0.9813541026655415,0.9944625177400293,0.018645897334458542,0.7847619047619048,0.11036485617130778,0.15581101262163982,0.1162072124104097,0.9760563755708775,0.5982960989518183,0.5993209281401382,0.03039285283610253,74
logistic_interactions_tau_0_5,CWE-185,0.0014030720964806895,1.0,0.0,,1.0,0.0,0.0028022120569029594,0.0069762037459591,,0.0014030720964806895,0.5,0.5,0.005349303737719003,15
logistic_interactions_tau_0_5,CWE-20,0.21541293449534993,0.07608695652173914,0.9874700466716577,0.9596355168381887,0.012529953328342303,0.923913043478261,0.11137025090157662,0.08707532552030732,0.10480883314049952,0.9482609834109965,0.5317785015966984,0.5374692537321929,0.05075295180218716,460
logistic_interactions_tau_0_5,CWE-285,0.41204351204351203,0.06834505738615328,0.9968053872375371,0.9679326899083931,0.0031946127624629048,0.9316549426138467,0.11673520913224514,0.08191816962470656,0.15664826660638137,0.9650205123726551,0.5325752223118452,0.5333978731891806,0.08463175088310752,366
logistic_interactions_tau_0_5,CWE-287,0.4164727419411414,0.2774474256707759,0.9605349285741356,0.929143065725551,0.03946507142586438,0.722552574329224,0.3329552302765795,0.2972602726734067,0.2867622663424794,0.8976612717918446,0.6189911771224558,0.6185978985388381,0.1774086818890613,984
logistic_interactions_tau_0_5,CWE-311,0.12859808035871315,0.13258682246024017,0.9653495891801208,0.9669294552214834,0.03465041081987913,0.8674131775397598,0.1303208262933885,0.13160919160439355,0.09664699535062586,0.9348144555086728,0.5489682058201806,0.5484585031882161,0.05501387064590827,392
logistic_interactions_tau_0_5,CWE-326,0.19666666666666668,0.13272727272727275,0.9974679212540589,0.9957757202871799,0.0025320787459410963,0.8672727272727274,0.19478844169246648,0.17585470085470087,0.15692649305738263,0.99326906024026,0.5650975969906658,0.565142346445034,0.06977954967853653,52
logistic_interactions_tau_0_5,CWE-327,0.3434358078682851,0.7424242424242424,0.977959034523051,0.9959369530421023,0.02204096547694908,0.25757575757575757,0.4692499658340944,0.601939112158932,0.4942329696428934,0.9743656852246172,0.8601916384736465,0.8652157699642598,0.4053256002501223,163
logistic_interactions_tau_0_5,CWE-330,0.3771007130124777,0.6533333333333333,0.9845308090535095,0.9950155129225214,0.015469190946490543,0.3466666666666667,0.47777473421827715,0.5693941192296128,0.48697835532647005,0.9798853450080088,0.8189320711934214,0.8190051787827611,0.30846572984790027,150
logistic_interactions_tau_0_5,CWE-345,1.0,0.004651162790697674,1.0,0.9397416125906008,0.0,0.9953488372093023,0.022959483264826774,0.014488099594482572,0.10308351248612416,0.9397581658686966,0.5023255813953489,0.5024262143067413,0.04590916456854722,647
logistic_interactions_tau_0_5,CWE-400,0.06364683353405158,0.08452685421994885,0.957978769170462,0.9692966057734786,0.04202123082953791,0.9154731457800512,0.0725309367939301,0.0792519229804051,0.03739926554489616,0.9299573497311373,0.5212528116952055,0.5216904071124764,0.05223672948519259,343
logistic_interactions_tau_0_5,CWE-477,0.00271678352567931,1.0,0.10430981350242696,1.0,0.895690186497573,0.0,0.005418730200555527,0.01343676482957557,0.01681839456166385,0.10648900297292337,0.5521549067512135,0.5521549067512135,0.0019121859731445483,26
logistic_interactions_tau_0_5,CWE-489,0.00047847273179731027,1.0,0.022493922021207334,1.0,0.9775060779787926,0.0,0.0009564877189486671,0.0023877927731390273,0.0032717144388593653,0.022951075318243606,0.5112469610106036,0.5112469610106036,0.0006270604050619363,5
logistic_interactions_tau_0_5,CWE-573,0.15537640086839172,0.23666666666666666,0.9906655616547395,0.9945143768264637,0.009334438345260496,0.7633333333333333,0.186500497391567,0.21320695756928343,0.1840458146041684,0.9853066555269618,0.613666114160703,0.6136661141607032,0.06562293817875942,76
logistic_interactions_tau_0_5,CWE-610,0.22349019211884175,0.16565789473684212,0.9727757309178771,0.961494146851904,0.027224269082122953,0.8343421052631579,0.1889451489313563,0.1740591089007945,0.15945237233247514,0.9367690235867142,0.5692168128273596,0.5696658222555782,0.11052863416690577,477
logistic_interactions_tau_0_5,CWE-668,0.2574831268028718,0.3131450719822813,0.8522558216772875,0.8834555832801237,0.14774417832271253,0.6868549280177187,0.28244457173873394,0.3000474846137764,0.15265259466733536,0.7764230481748342,0.5827004468297844,0.5890365537320881,0.20001024375418064,1504
logistic_interactions_tau_0_5,CWE-669,0.023295533683291247,1.0,0.004215257213784795,1.0,0.9957847427862152,0.0,0.04553001807487171,0.10654595420974673,0.009738719257062371,0.02731659432386868,0.5021076286068924,0.5021076286068924,0.014264890274996925,248
logistic_interactions_tau_0_5,CWE-704,0.0010482701395855105,1.0,0.01695574268971159,1.0,0.9830442573102884,0.0,0.002094263759261665,0.005218662568003438,0.004197513717311529,0.01796854931404447,0.5084778713448558,0.5084778713448558,0.0013515342767210074,11
logistic_interactions_tau_0_5,CWE-706,0.279697144932019,0.14257425742574256,0.9815620430134514,0.9584850627147474,0.01843795698654863,0.8574257425742575,0.1878924544710193,0.15770870813492327,0.1714799031817626,0.9419235556597021,0.562068150219597,0.5608675480510692,0.14371581921372883,505
logistic_interactions_tau_0_5,CWE-74,0.4021857303741026,0.44014747690120826,0.8782365924049138,0.8938884368436705,0.12176340759508619,0.5598525230987917,0.42010587108243574,0.43184936184576506,0.30697952971459397,0.8094555430711805,0.6591920346530611,0.6684608615026645,0.4021412191189098,1679
logistic_interactions_tau_0_5,CWE-834,0.10666666666666666,0.03205128205128205,0.9986801874998388,0.9943782503880557,0.0013198125001612014,0.9679487179487178,0.1213235294117647,0.09262435677530018,0.05519021822061867,0.9930744281074414,0.5153657347755605,0.515456073422823,0.013908193716615794,62
logistic_interactions_tau_0_5,CWE-913,0.24463452713379655,0.35609756097560974,0.9785393137191832,0.9872949115583406,0.021460686280816675,0.6439024390243903,0.2897604851289062,0.32611793644768927,0.2784652176813087,0.966599158392906,0.6673184373473966,0.6694134807642129,0.25861179872330464,205
logistic_interactions_tau_0_5,CWE-923,0.03228825456247075,0.2,0.8,0.9676149760211922,0.2,0.8,0.06255666364460562,0.14297554910899296,,0.7805496317294478,0.5,0.5,0.01909719052662098,346
logistic_interactions_tau_0_6,CWE-116,0.074348603923072,0.21523809523809523,0.9813541026655415,0.9944625177400293,0.018645897334458542,0.7847619047619048,0.11036485617130778,0.15581101262163982,0.1162072124104097,0.9760563755708775,0.5982960989518183,0.5993209281401382,0.03039285283610253,74
logistic_interactions_tau_0_6,CWE-185,,0.0,1.0,0.9985969279035192,0.0,1.0,,,,0.9985969279035192,0.5,0.5,0.005349303737719003,15
logistic_interactions_tau_0_6,CWE-20,0.21541293449534993,0.07608695652173914,0.9874700466716577,0.9596355168381887,0.012529953328342303,0.923913043478261,0.11137025090157662,0.08707532552030732,0.10480883314049952,0.9482609834109965,0.5317785015966984,0.5374692537321929,0.05075295180218716,460
logistic_interactions_tau_0_6,CWE-285,0.41204351204351203,0.06834505738615328,0.9968053872375371,0.9679326899083931,0.0031946127624629048,0.9316549426138467,0.11673520913224514,0.08191816962470656,0.15664826660638137,0.9650205123726551,0.5325752223118452,0.5333978731891806,0.08463175088310752,366
logistic_interactions_tau_0_6,CWE-287,0.4189468045112782,0.27643219724438,0.9610532717479059,0.9290856532620901,0.03894672825209412,0.72356780275562,0.3330198827021257,0.29658229330281827,0.2874678247802732,0.8980383889033495,0.6187427344961429,0.6185978985388381,0.1774086818890613,984
logistic_interactions_tau_0_6,CWE-311,0.1349231910481502,0.13258682246024017,0.9677673841511073,0.967011496713851,0.032232615848892664,0.8674131775397598,0.13352518422016893,0.1329087367635878,0.10106520473388787,0.9371443716316925,0.5501771033056737,0.5484585031882161,0.05501387064590827,392
logistic_interactions_tau_0_6,CWE-326,0.19666666666666668,0.13272727272727275,0.9974679212540589,0.9957757202871799,0.0025320787459410963,0.8672727272727274,0.19478844169246648,0.17585470085470087,0.15692649305738263,0.99326906024026,0.5650975969906658,0.565142346445034,0.06977954967853653,52
logistic_interactions_tau_0_6,CWE-327,0.3434358078682851,0.7424242424242424,0.977959034523051,0.9959369530421023,0.02204096547694908,0.25757575757575757,0.4692499658340944,0.601939112158932,0.4942329696428934,0.9743656852246172,0.8601916384736465,0.8652157699642598,0.4053256002501223,163
logistic_interactions_tau_0_6,CWE-330,0.3771007130124777,0.6533333333333333,0.9845308090535095,0.9950155129225214,0.015469190946490543,0.3466666666666667,0.47777473421827715,0.5693941192296128,0.48697835532647005,0.9798853450080088,0.8189320711934214,0.8190051787827611,0.30846572984790027,150
logistic_interactions_tau_0_6,CWE-345,1.0,0.004651162790697674,1.0,0.9397416125906008,0.0,0.9953488372093023,0.022959483264826774,0.014488099594482572,0.10308351248612416,0.9397581658686966,0.5023255813953489,0.5024262143067413,0.04590916456854722,647
logistic_interactions_tau_0_6,CWE-400,0.07078969067690873,0.0613384484228474,0.964756765241189,0.9687518962435618,0.03524323475881099,0.9386615515771526,0.05426468292396107,0.05778549188499874,0.02751230072756201,0.9357530741966954,0.5130476068320182,0.5216904071124764,0.05223672948519259,343
logistic_interactions_tau_0_6,CWE-477,,0.0,1.0,0.9975665346293809,0.0,1.0,,,,0.9975665346293809,0.5,0.5521549067512135,0.0019121859731445483,26
logistic_interactions_tau_0_6,CWE-489,,0.0,1.0,0.9995323093011731,0.0,1.0,,,,0.9995323093011731,0.5,0.5112469610106036,0.0006270604050619363,5
logistic_interactions_tau_0_6,CWE-573,0.15537640086839172,0.23666666666666666,0.9906655616547395,0.9945143768264637,0.009334438345260496,0.7633333333333333,0.186500497391567,0.21320695756928343,0.1840458146041684,0.9853066555269618,0.613666114160703,0.6136661141607032,0.06562293817875942,76
logistic_interactions_tau_0_6,CWE-610,0.22349019211884175,0.16565789473684212,0.9727757309178771,0.961494146851904,0.027224269082122953,0.8343421052631579,0.1889451489313563,0.1740591089007945,0.15945237233247514,0.9367690235867142,0.5692168128273596,0.5696658222555782,0.11052863416690577,477
logistic_interactions_tau_0_6,CWE-668,0.3043514102394641,0.20749280177187152,0.9196027562457054,0.8764060453773667,0.08039724375429451,0.7925071982281284,0.241929881466565,0.21916566305113522,0.1505386107930232,0.8193261358617272,0.5635477790087885,0.5890365537320881,0.20001024375418064,1504
logistic_interactions_tau_0_6,CWE-669,,0.0,1.0,0.9768006580237231,0.0,1.0,,,,0.9768006580237231,0.5,0.5021076286068924,0.014264890274996925,248
logistic_interactions_tau_0_6,CWE-704,,0.0,1.0,0.9989696067258617,0.0,1.0,,,,0.9989696067258617,0.5,0.5084778713448558,0.0013515342767210074,11
logistic_interactions_tau_0_6,CWE-706,0.28919158732823325,0.14257425742574256,0.9823451578561638,0.9585170677124178,0.01765484214383623,0.8574257425742575,0.18977817213842058,0.1582212699344791,0.17531163797380556,0.9426697732146654,0.5624597076409532,0.5608675480510692,0.14371581921372883,505
logistic_interactions_tau_0_6,CWE-74,0.40094741952935414,0.4377665245202559,0.8782365924049138,0.8934760402026157,0.12176340759508619,0.5622334754797441,0.4183554845577729,0.42973702187298934,0.30497831098822104,0.8090777258909814,0.6580015584625849,0.6684608615026645,0.4021412191189098,1679
logistic_interactions_tau_0_6,CWE-834,0.10666666666666666,0.03205128205128205,0.9986801874998388,0.9943782503880557,0.0013198125001612014,0.9679487179487178,0.1213235294117647,0.09262435677530018,0.05519021822061867,0.9930744281074414,0.5153657347755605,0.515456073422823,0.013908193716615794,62
logistic_interactions_tau_0_6,CWE-913,0.24281303350902425,0.35121951219512193,0.9786347335665116,0.9872010807918826,0.021365266433488433,0.6487804878048781,0.2868947234396151,0.3222217054148943,0.2753391000893502,0.966599158392906,0.6649271228808168,0.6694134807642129,0.25861179872330464,205
logistic_interactions_tau_0_6,CWE-923,,0.0,1.0,0.9676343299044596,0.0,1.0,,,,0.9676343299044596,0.5,0.5,0.01909719052662098,346
logistic_interactions_tau_0_7,CWE-116,0.074348603923072,0.21523809523809523,0.9813541026655415,0.9944625177400293,0.018645897334458542,0.7847619047619048,0.11036485617130778,0.15581101262163982,0.1162072124104097,0.9760563755708775,0.5982960989518183,0.5993209281401382,0.03039285283610253,74
logistic_interactions_tau_0_7,CWE-185,,0.0,1.0,0.9985969279035192,0.0,1.0,,,,0.9985969279035192,0.5,0.5,0.005349303737719003,15
logistic_interactions_tau_0_7,CWE-20,0.21541293449534993,0.07608695652173914,0.9874700466716577,0.9596355168381887,0.012529953328342303,0.923913043478261,0.11137025090157662,0.08707532552030732,0.10480883314049952,0.9482609834109965,0.5317785015966984,0.5374692537321929,0.05075295180218716,460
logistic_interactions_tau_0_7,CWE-285,0.4287101787101787,0.06560533135875601,0.9969991856871495,0.9678469550300873,0.0030008143128505012,0.9343946686412441,0.11363360485417026,0.07895014288032118,0.15732479936904845,0.9651141015163145,0.5313022585229528,0.5333978731891806,0.08463175088310752,366
logistic_interactions_tau_0_7,CWE-287,0.4189468045112782,0.27643219724438,0.9610532717479059,0.9290856532620901,0.03894672825209412,0.72356780275562,0.3330198827021257,0.29658229330281827,0.2874678247802732,0.8980383889033495,0.6187427344961429,0.6185978985388381,0.1774086818890613,984
logistic_interactions_tau_0_7,CWE-311,0.1349231910481502,0.13258682246024017,0.9677673841511073,0.967011496713851,0.032232615848892664,0.8674131775397598,0.13352518422016893,0.1329087367635878,0.10106520473388787,0.9371443716316925,0.5501771033056737,0.5484585031882161,0.05501387064590827,392
logistic_interactions_tau_0_7,CWE-326,0.19666666666666668,0.13272727272727275,0.9974679212540589,0.9957757202871799,0.0025320787459410963,0.8672727272727274,0.19478844169246648,0.17585470085470087,0.15692649305738263,0.99326906024026,0.5650975969906658,0.565142346445034,0.06977954967853653,52
logistic_interactions_tau_0_7,CWE-327,0.36157306277024587,0.7242424242424242,0.9795681211297712,0.9956583064370126,0.020431878870228775,0.27575757575757576,0.4788820401526374,0.5991613343811543,0.49955766650210603,0.9756704382535082,0.8519052726860977,0.8652157699642598,0.4053256002501223,163
logistic_interactions_tau_0_7,CWE-330,0.3771007130124777,0.6533333333333333,0.9845308090535095,0.9950155129225214,0.015469190946490543,0.3466666666666667,0.47777473421827715,0.5693941192296128,0.48697835532647005,0.9798853450080088,0.8189320711934214,0.8190051787827611,0.30846572984790027,150
logistic_interactions_tau_0_7,CWE-345,1.0,0.004651162790697674,1.0,0.9397416125906008,0.0,0.9953488372093023,0.022959483264826774,0.014488099594482572,0.10308351248612416,0.9397581658686966,0.5023255813953489,0.5024262143067413,0.04590916456854722,647
logistic_interactions_tau_0_7,CWE-400,0.16395604395604396,0.023273657289002558,0.9961364985775567,0.9685218847752652,0.0038635014224432896,0.9767263427109973,0.040427903628588266,0.028025886998877692,0.05020808384451001,0.9649234977983261,0.5097050779332796,0.5216904071124764,0.05223672948519259,343
logistic_interactions_tau_0_7,CWE-477,,0.0,1.0,0.9975665346293809,0.0,1.0,,,,0.9975665346293809,0.5,0.5521549067512135,0.0019121859731445483,26
logistic_interactions_tau_0_7,CWE-489,,0.0,1.0,0.9995323093011731,0.0,1.0,,,,0.9995323093011731,0.5,0.5112469610106036,0.0006270604050619363,5
logistic_interactions_tau_0_7,CWE-573,0.15537640086839172,0.23666666666666666,0.9906655616547395,0.9945143768264637,0.009334438345260496,0.7633333333333333,0.186500497391567,0.21320695756928343,0.1840458146041684,0.9853066555269618,0.613666114160703,0.6136661141607032,0.06562293817875942,76
logistic_interactions_tau_0_7,CWE-610,0.22349019211884175,0.16565789473684212,0.9727757309178771,0.961494146851904,0.027224269082122953,0.8343421052631579,0.1889451489313563,0.1740591089007945,0.15945237233247514,0.9367690235867142,0.5692168128273596,0.5696658222555782,0.11052863416690577,477
logistic_interactions_tau_0_7,CWE-668,0.5879457364341085,0.07580287929125137,0.9912916123753803,0.8675725131285315,0.008708387624619732,0.9241971207087486,0.1342137997843849,0.09177892967287349,0.17470358142383693,0.8624902178081516,0.5335472458333157,0.5890365537320881,0.20001024375418064,1504
logistic_interactions_tau_0_7,CWE-669,,0.0,1.0,0.9768006580237231,0.0,1.0,,,,0.9768006580237231,0.5,0.5021076286068924,0.014264890274996925,248
logistic_interactions_tau_0_7,CWE-704,,0.0,1.0,0.9989696067258617,0.0,1.0,,,,0.9989696067258617,0.5,0.5084778713448558,0.0013515342767210074,11
logistic_interactions_tau_0_7,CWE-706,0.3127326817251723,0.14257425742574256,0.984212388025482,0.9585925048195915,0.015787611974517873,0.8574257425742575,0.19464885565152673,0.15956685301511825,0.18483608545622385,0.9444487097805127,0.5633933227256124,0.5608675480510692,0.14371581921372883,505
logistic_interactions_tau_0_7,CWE-74,0.528680909081175,0.2793230277185501,0.9537328518820182,0.8766357981390722,0.046267148117981785,0.7206769722814499,0.36510748881230126,0.3082553583591467,0.3071844310031405,0.8478439654204057,0.6165279398002841,0.6684608615026645,0.4021412191189098,1679
logistic_interactions_tau_0_7,CWE-834,0.10666666666666666,0.03205128205128205,0.9986801874998388,0.9943782503880557,0.0013198125001612014,0.9679487179487178,0.1213235294117647,0.09262435677530018,0.05519021822061867,0.9930744281074414,0.5153657347755605,0.515456073422823,0.013908193716615794,62
logistic_interactions_tau_0_7,CWE-913,0.24281303350902425,0.35121951219512193,0.9786347335665116,0.9872010807918826,0.021365266433488433,0.6487804878048781,0.2868947234396151,0.3222217054148943,0.2753391000893502,0.966599158392906,0.6649271228808168,0.6694134807642129,0.25861179872330464,205
logistic_interactions_tau_0_7,CWE-923,,0.0,1.0,0.9676343299044596,0.0,1.0,,,,0.9676343299044596,0.5,0.5,0.01909719052662098,346
logistic_interactions_tau_0_8,CWE-116,0.074348603923072,0.21523809523809523,0.9813541026655415,0.9944625177400293,0.018645897334458542,0.7847619047619048,0.11036485617130778,0.15581101262163982,0.1162072124104097,0.9760563755708775,0.5982960989518183,0.5993209281401382,0.03039285283610253,74
logistic_interactions_tau_0_8,CWE-185,,0.0,1.0,0.9985969279035192,0.0,1.0,,,,0.9985969279035192,0.5,0.5,0.005349303737719003,15
logistic_interactions_tau_0_8,CWE-20,0.21541293449534993,0.07608695652173914,0.9874700466716577,0.9596355168381887,0.012529953328342303,0.923913043478261,0.11137025090157662,0.08707532552030732,0.10480883314049952,0.9482609834109965,0.5317785015966984,0.5374692537321929,0.05075295180218716,460
logistic_interactions_tau_0_8,CWE-285,0.6353479853479854,0.06290262865605331,0.9982678027228612,0.9677953875004821,0.001732197277138707,0.9370973713439467,0.11185846361987939,0.07622094877294414,0.18498508894590465,0.9662437522699763,0.5305852156894573,0.5333978731891806,0.08463175088310752,366
logistic_interactions_tau_0_8,CWE-287,0.4209110518231062,0.27135605511240024,0.9621898898504242,0.9287041487425507,0.03781011014957579,0.7286439448875998,0.3299312044351753,0.2920931040157354,0.28572758036216755,0.8986020991173109,0.6167729724814123,0.6185978985388381,0.1774086818890613,984
logistic_interactions_tau_0_8,CWE-311,0.2111111111111111,0.012755598831548198,0.9982440643087305,0.9637214430951531,0.0017559356912694919,0.9872444011684518,0.029731597821028712,0.019571954065624952,0.042878971254770235,0.9621088994808271,0.5054998315701393,0.5484585031882161,0.05501387064590827,392
logistic_interactions_tau_0_8,CWE-326,0.19666666666666668,0.13272727272727275,0.9974679212540589,0.9957757202871799,0.0025320787459410963,0.8672727272727274,0.19478844169246648,0.17585470085470087,0.15692649305738263,0.99326906024026,0.5650975969906658,0.565142346445034,0.06977954967853653,52
logistic_interactions_tau_0_8,CWE-327,0.42917612900551483,0.7058712121212121,0.9848663549704335,0.9953954440450502,0.015133645029566526,0.2941287878787879,0.5303597295450448,0.6214466388508095,0.5397457707812681,0.9806085059870375,0.8453687835458228,0.8652157699642598,0.4053256002501223,163
logistic_interactions_tau_0_8,CWE-330,0.3771007130124777,0.6533333333333333,0.9845308090535095,0.9950155129225214,0.015469190946490543,0.3466666666666667,0.47777473421827715,0.5693941192296128,0.48697835532647005,0.9798853450080088,0.8189320711934214,0.8190051787827611,0.30846572984790027,150
logistic_interactions_tau_0_8,CWE-345,1.0,0.004651162790697674,1.0,0.9397416125906008,0.0,0.9953488372093023,0.022959483264826774,0.014488099594482572,0.10308351248612416,0.9397581658686966,0.5023255813953489,0.5024262143067413,0.04590916456854722,647
logistic_interactions_tau_0_8,CWE-400,0.12161172161172161,0.011679454390451833,0.9969101929682724,0.9681818809215947,0.0030898070317276227,0.9883205456095482,0.025843521511043976,0.017671247637486003,0.030764714956870373,0.9652978543729633,0.5042948236793621,0.5216904071124764,0.05223672948519259,343
logistic_interactions_tau_0_8,CWE-477,,0.0,1.0,0.9975665346293809,0.0,1.0,,,,0.9975665346293809,0.5,0.5521549067512135,0.0019121859731445483,26
logistic_interactions_tau_0_8,CWE-489,,0.0,1.0,0.9995323093011731,0.0,1.0,,,,0.9995323093011731,0.5,0.5112469610106036,0.0006270604050619363,5
logistic_interactions_tau_0_8,CWE-573,0.15537640086839172,0.23666666666666666,0.9906655616547395,0.9945143768264637,0.009334438345260496,0.7633333333333333,0.186500497391567,0.21320695756928343,0.1840458146041684,0.9853066555269618,0.613666114160703,0.6136661141607032,0.06562293817875942,76
logistic_interactions_tau_0_8,CWE-610,0.24102448021462103,0.11302631578947368,0.9795363570641686,0.959452273701024,0.020463642935831278,0.8869736842105264,0.14170652733281575,0.12220283178925692,0.1295091325728821,0.9408892778866674,0.5462813364268213,0.5696658222555782,0.11052863416690577,477
logistic_interactions_tau_0_8,CWE-668,0.5937821222704944,0.06982281284606866,0.9921731503954241,0.8669329437201652,0.007826849604575909,0.9301771871539314,0.1245410664959917,0.08470412572649966,0.1682744672197925,0.8623997817000983,0.5309979816207464,0.5890365537320881,0.20001024375418064,1504
logistic_interactions_tau_0_8,CWE-669,,0.0,1.0,0.9768006580237231,0.0,1.0,,,,0.9768006580237231,0.5,0.5021076286068924,0.014264890274996925,248
logistic_interactions_tau_0_8,CWE-704,,0.0,1.0,0.9989696067258617,0.0,1.0,,,,0.9989696067258617,0.5,0.5084778713448558,0.0013515342767210074,11
logistic_interactions_tau_0_8,CWE-706,0.3127326817251723,0.14257425742574256,0.984212388025482,0.9585925048195915,0.015787611974517873,0.8574257425742575,0.19464885565152673,0.15956685301511825,0.18483608545622385,0.9444487097805127,0.5633933227256124,0.5608675480510692,0.14371581921372883,505
logistic_interactions_tau_0_8,CWE-74,0.5762788235371337,0.2346464108031272,0.967924158931438,0.871639053910393,0.03207584106856206,0.7653535891968728,0.3329957782942277,0.26604644401093624,0.3009726025021286,0.8527951643771171,0.6012852848672826,0.6684608615026645,0.4021412191189098,1679
logistic_interactions_tau_0_8,CWE-834,0.10666666666666666,0.03205128205128205,0.9986801874998388,0.9943782503880557,0.0013198125001612014,0.9679487179487178,0.1213235294117647,0.09262435677530018,0.05519021822061867,0.9930744281074414,0.5153657347755605,0.515456073422823,0.013908193716615794,62
logistic_interactions_tau_0_8,CWE-913,0.23994790422880063,0.3463414634146341,0.9786347335665116,0.987106086807859,0.021365266433488433,0.6536585365853659,0.28322171112158595,0.31788821706246545,0.27151192202028673,0.966505261679291,0.6624880984905729,0.6694134807642129,0.25861179872330464,205
logistic_interactions_tau_0_8,CWE-923,,0.0,1.0,0.9676343299044596,0.0,1.0,,,,0.9676343299044596,0.5,0.5,0.01909719052662098,346
logistic_interactions_tau_0_9,CWE-116,0.05960242157050668,0.13523809523809524,0.9850143560677,0.9939213029543661,0.01498564393229993,0.8647619047619047,0.08795607021413474,0.12333519434847838,0.08977360566727471,0.9791318648532632,0.5601262256528976,0.5993209281401382,0.03039285283610253,74
logistic_interactions_tau_0_9,CWE-185,,0.0,1.0,0.9985969279035192,0.0,1.0,,,,0.9985969279035192,0.5,0.5,0.005349303737719003,15
logistic_interactions_tau_0_9,CWE-20,,0.0,1.0,0.9569724557079254,0.0,1.0,,,,0.9569724557079254,0.5,0.5374692537321929,0.05075295180218716,460
logistic_interactions_tau_0_9,CWE-285,0.6738095238095239,0.06290262865605331,0.9987501953904928,0.9678105179048323,0.0012498046095072552,0.9370973713439467,0.11300689887684179,0.0764395280079168,0.19286153924832178,0.9667097354945803,0.530826412023273,0.5333978731891806,0.08463175088310752,366
logistic_interactions_tau_0_9,CWE-287,0.1550925925925926,0.015228426395939087,0.9960776288451554,0.9089158417501997,0.003922371154844626,0.9847715736040609,0.06768433179723501,0.046145143655469845,0.03446752520910401,0.9058018129195877,0.5056530276205472,0.6185978985388381,0.1774086818890613,984
logistic_interactions_tau_0_9,CWE-311,0.0,0.0,0.9999032882011605,0.9633278279324962,9.671179883945841e-05,1.0,,,-0.004193323672858569,0.9632380202564818,0.49995164410058024,0.5484585031882161,0.05501387064590827,392
logistic_interactions_tau_0_9,CWE-326,0.19666666666666668,0.13272727272727275,0.9974679212540589,0.9957757202871799,0.0025320787459410963,0.8672727272727274,0.19478844169246648,0.17585470085470087,0.15692649305738263,0.99326906024026,0.5650975969906658,0.565142346445034,0.06977954967853653,52
logistic_interactions_tau_0_9,CWE-327,0.4515839914133772,0.7058712121212121,0.986699447107433,0.9954027455065434,0.013300552892567008,0.2941287878787879,0.5501385193954026,0.6337822986462972,0.5560580012409966,0.9824137316402443,0.8462853296143227,0.8652157699642598,0.4053256002501223,163
logistic_interactions_tau_0_9,CWE-330,0.3771007130124777,0.6533333333333333,0.9845308090535095,0.9950155129225214,0.015469190946490543,0.3466666666666667,0.47777473421827715,0.5693941192296128,0.48697835532647005,0.9798853450080088,0.8189320711934214,0.8190051787827611,0.30846572984790027,150
logistic_interactions_tau_0_9,CWE-345,,0.0,1.0,0.9394789912612307,0.0,1.0,,,,0.9394789912612307,0.5,0.5024262143067413,0.04590916456854722,647
logistic_interactions_tau_0_9,CWE-400,,0.0,1.0,0.9679145347460121,0.0,1.0,,,,0.9679145347460121,0.5,0.5216904071124764,0.05223672948519259,343
logistic_interactions_tau_0_9,CWE-477,,0.0,1.0,0.9975665346293809,0.0,1.0,,,,0.9975665346293809,0.5,0.5521549067512135,0.0019121859731445483,26
logistic_interactions_tau_0_9,CWE-489,,0.0,1.0,0.9995323093011731,0.0,1.0,,,,0.9995323093011731,0.5,0.5112469610106036,0.0006270604050619363,5
logistic_interactions_tau_0_9,CWE-573,0.15537640086839172,0.23666666666666666,0.9906655616547395,0.9945143768264637,0.009334438345260496,0.7633333333333333,0.186500497391567,0.21320695756928343,0.1840458146041684,0.9853066555269618,0.613666114160703,0.6136661141607032,0.06562293817875942,76
logistic_interactions_tau_0_9,CWE-610,0.4022549019607843,0.04396929824561403,0.9968625883514296,0.9571384307353554,0.003137411648570359,0.956030701754386,0.07842316384745182,0.053330198001901086,0.11934878241122748,0.9543536301710418,0.5204159432985218,0.5696658222555782,0.11052863416690577,477
logistic_interactions_tau_0_9,CWE-668,0.643773873185638,0.029926910299003323,0.9972830397038919,0.8626239046159438,0.00271696029610814,0.9700730897009967,0.05714439783840415,0.03697012594307305,0.11707762858786111,0.8611852880283248,0.5136049750014476,0.5890365537320881,0.20001024375418064,1504
logistic_interactions_tau_0_9,CWE-669,,0.0,1.0,0.9768006580237231,0.0,1.0,,,,0.9768006580237231,0.5,0.5021076286068924,0.014264890274996925,248
logistic_interactions_tau_0_9,CWE-704,,0.0,1.0,0.9989696067258617,0.0,1.0,,,,0.9989696067258617,0.5,0.5084778713448558,0.0013515342767210074,11
logistic_interactions_tau_0_9,CWE-706,0.5916666666666667,0.03762376237623762,0.9987306185754499,0.9544079023521246,0.0012693814245500839,0.9623762376237623,0.06996613464018045,0.04615363775423793,0.13699475440576148,0.9533332885481964,0.5181771904758438,0.5608675480510692,0.14371581921372883,505
logistic_interactions_tau_0_9,CWE-74,0.7176637284184454,0.14055614783226722,0.9897917620520034,0.8607698815313369,0.010208237947996576,0.8594438521677328,0.23469279750871858,0.16740709237085516,0.27419111104551747,0.8564325096450336,0.5651739549421354,0.6684608615026645,0.4021412191189098,1679
logistic_interactions_tau_0_9,CWE-834,0.10666666666666666,0.03205128205128205,0.9986801874998388,0.9943782503880557,0.0013198125001612014,0.9679487179487178,0.1213235294117647,0.09262435677530018,0.05519021822061867,0.9930744281074414,0.5153657347755605,0.515456073422823,0.013908193716615794,62
logistic_interactions_tau_0_9,CWE-913,0.6098901098901098,0.24390243902439024,0.9969536103292708,0.9853847854817465,0.003046389670729363,0.7560975609756098,0.3453782670704934,0.27616400524459445,0.3766470095241531,0.982506983725141,0.6204280246768304,0.6694134807642129,0.25861179872330464,205
logistic_interactions_tau_0_9,CWE-923,,0.0,1.0,0.9676343299044596,0.0,1.0,,,,0.9676343299044596,0.5,0.5,0.01909719052662098,346
